<?xml version="1.0" encoding="UTF-8"?>
<gpx version="1.1" creator="shape-route-poc" xmlns="http://www.topografix.com/GPX/1/1" xmlns:xsi="http://www.w3.org/2001/XMLSchema-instance" xsi:schemaLocation="http://www.topografix.com/GPX/1/1 http://www.topografix.com/GPX/1/1/gpx.xsd">
  <metadata>
    <name>台北101路線</name>
    <desc>taipei101 · 110.2 km · bike · shape distance 0.207 · 84 repeated segments</desc>
    <time>2026-09-14T03:54:17Z</time>
    <bounds minlat="24.9984318" minlon="121.4701093" maxlat="25.1131819" maxlon="121.5960837"/>
  </metadata>
  <rte>
    <name>台北101路線</name>
    <type>cycling</type>
    <rtept lat="25.0016788" lon="121.5949509"></rtept>
    <rtept lat="25.0043501" lon="121.5960837"></rtept>
    <rtept lat="25.0062934" lon="121.5953129"></rtept>
    <rtept lat="25.0063258" lon="121.5935526"></rtept>
    <rtept lat="25.0056285" lon="121.5930604"></rtept>
    <rtept lat="25.0069972" lon="121.5897327"></rtept>
    <rtept lat="25.0081129" lon="121.5928146"></rtept>
    <rtept lat="25.0110625" lon="121.5955242"></rtept>
    <rtept lat="25.0118271" lon="121.5953835"></rtept>
    <rtept lat="25.0126115" lon="121.5899663"></rtept>
    <rtept lat="25.0107982" lon="121.5881221"></rtept>
    <rtept lat="25.0109460" lon="121.5872082"></rtept>
    <rtept lat="25.0122309" lon="121.5871125"></rtept>
    <rtept lat="25.0126059" lon="121.5861292"></rtept>
    <rtept lat="25.0124825" lon="121.5832824"></rtept>
    <rtept lat="25.0117182" lon="121.5826247"></rtept>
    <rtept lat="25.0122759" lon="121.5794516"></rtept>
    <rtept lat="25.0115083" lon="121.5778259"></rtept>
    <rtept lat="25.0121287" lon="121.5762977"></rtept>
    <rtept lat="25.0111334" lon="121.5755850"></rtept>
    <rtept lat="25.0129481" lon="121.5737948"></rtept>
    <rtept lat="25.0128541" lon="121.5726752"></rtept>
    <rtept lat="25.0113556" lon="121.5721863"></rtept>
    <rtept lat="25.0112971" lon="121.5711234"></rtept>
    <rtept lat="25.0130508" lon="121.5708946"></rtept>
    <rtept lat="25.0150467" lon="121.5670108"></rtept>
    <rtept lat="25.0171572" lon="121.5661576"></rtept>
    <rtept lat="25.0167592" lon="121.5652269"></rtept>
    <rtept lat="25.0176859" lon="121.5646989"></rtept>
    <rtept lat="25.0171209" lon="121.5642617"></rtept>
    <rtept lat="25.0183903" lon="121.5634236"></rtept>
    <rtept lat="25.0179392" lon="121.5614246"></rtept>
    <rtept lat="25.0215883" lon="121.5610717"></rtept>
    <rtept lat="25.0233158" lon="121.5583186"></rtept>
    <rtept lat="25.0164055" lon="121.5602842"></rtept>
    <rtept lat="25.0135441" lon="121.5628123"></rtept>
    <rtept lat="25.0116624" lon="121.5669412"></rtept>
    <rtept lat="25.0133066" lon="121.5637865"></rtept>
    <rtept lat="25.0123971" lon="121.5615240"></rtept>
    <rtept lat="25.0125859" lon="121.5597183"></rtept>
    <rtept lat="25.0123971" lon="121.5615240"></rtept>
    <rtept lat="25.0132148" lon="121.5632598"></rtept>
    <rtept lat="25.0171609" lon="121.5601721"></rtept>
    <rtept lat="25.0170403" lon="121.5570807"></rtept>
    <rtept lat="25.0201440" lon="121.5561678"></rtept>
    <rtept lat="25.0219035" lon="121.5542818"></rtept>
    <rtept lat="25.0242923" lon="121.5539343"></rtept>
    <rtept lat="25.0247228" lon="121.5524541"></rtept>
    <rtept lat="25.0304641" lon="121.5502282"></rtept>
    <rtept lat="25.0330781" lon="121.5501444"></rtept>
    <rtept lat="25.0330496" lon="121.5514752"></rtept>
    <rtept lat="25.0350106" lon="121.5516595"></rtept>
    <rtept lat="25.0346680" lon="121.5525624"></rtept>
    <rtept lat="25.0394223" lon="121.5529518"></rtept>
    <rtept lat="25.0393724" lon="121.5550249"></rtept>
    <rtept lat="25.0399478" lon="121.5496356"></rtept>
    <rtept lat="25.0394714" lon="121.5507559"></rtept>
    <rtept lat="25.0414101" lon="121.5507736"></rtept>
    <rtept lat="25.0413694" lon="121.5529768"></rtept>
    <rtept lat="25.0442330" lon="121.5529959"></rtept>
    <rtept lat="25.0442475" lon="121.5537594"></rtept>
    <rtept lat="25.0461817" lon="121.5535664"></rtept>
    <rtept lat="25.0467357" lon="121.5543167"></rtept>
    <rtept lat="25.0481659" lon="121.5536138"></rtept>
    <rtept lat="25.0483044" lon="121.5506191"></rtept>
    <rtept lat="25.0516305" lon="121.5509971"></rtept>
    <rtept lat="25.0516057" lon="121.5524729"></rtept>
    <rtept lat="25.0544505" lon="121.5529042"></rtept>
    <rtept lat="25.0545381" lon="121.5540232"></rtept>
    <rtept lat="25.0562187" lon="121.5538913"></rtept>
    <rtept lat="25.0576373" lon="121.5493746"></rtept>
    <rtept lat="25.0589072" lon="121.5512127"></rtept>
    <rtept lat="25.0588586" lon="121.5505594"></rtept>
    <rtept lat="25.0601833" lon="121.5512108"></rtept>
    <rtept lat="25.0599167" lon="121.5532256"></rtept>
    <rtept lat="25.0615724" lon="121.5522031"></rtept>
    <rtept lat="25.0618370" lon="121.5545003"></rtept>
    <rtept lat="25.0625739" lon="121.5544662"></rtept>
    <rtept lat="25.0626470" lon="121.5531778"></rtept>
    <rtept lat="25.0634772" lon="121.5530307"></rtept>
    <rtept lat="25.0635372" lon="121.5494483"></rtept>
    <rtept lat="25.0652213" lon="121.5493857"></rtept>
    <rtept lat="25.0652687" lon="121.5514773"></rtept>
    <rtept lat="25.0667510" lon="121.5513346"></rtept>
    <rtept lat="25.0652687" lon="121.5514773"></rtept>
    <rtept lat="25.0652213" lon="121.5493857"></rtept>
    <rtept lat="25.0635372" lon="121.5494483"></rtept>
    <rtept lat="25.0621475" lon="121.5507973"></rtept>
    <rtept lat="25.0617356" lon="121.5499147"></rtept>
    <rtept lat="25.0675392" lon="121.5428955"></rtept>
    <rtept lat="25.0682187" lon="121.5381307"></rtept>
    <rtept lat="25.0691920" lon="121.5381216"></rtept>
    <rtept lat="25.0713812" lon="121.5385049"></rtept>
    <rtept lat="25.0709646" lon="121.5503064"></rtept>
    <rtept lat="25.0735312" lon="121.5525686"></rtept>
    <rtept lat="25.0723878" lon="121.5513668"></rtept>
    <rtept lat="25.0735312" lon="121.5525686"></rtept>
    <rtept lat="25.0723878" lon="121.5513668"></rtept>
    <rtept lat="25.0724135" lon="121.5443647"></rtept>
    <rtept lat="25.0767120" lon="121.5444700"></rtept>
    <rtept lat="25.0773571" lon="121.5450809"></rtept>
    <rtept lat="25.0772556" lon="121.5508670"></rtept>
    <rtept lat="25.0785472" lon="121.5522607"></rtept>
    <rtept lat="25.0785285" lon="121.5533637"></rtept>
    <rtept lat="25.0810974" lon="121.5528590"></rtept>
    <rtept lat="25.0810951" lon="121.5537951"></rtept>
    <rtept lat="25.0819596" lon="121.5515479"></rtept>
    <rtept lat="25.0810541" lon="121.5516626"></rtept>
    <rtept lat="25.0810897" lon="121.5491498"></rtept>
    <rtept lat="25.0827713" lon="121.5495728"></rtept>
    <rtept lat="25.0827370" lon="121.5503280"></rtept>
    <rtept lat="25.0838900" lon="121.5503491"></rtept>
    <rtept lat="25.0853199" lon="121.5518291"></rtept>
    <rtept lat="25.0852784" lon="121.5539010"></rtept>
    <rtept lat="25.0863850" lon="121.5543936"></rtept>
    <rtept lat="25.0872569" lon="121.5563560"></rtept>
    <rtept lat="25.0870301" lon="121.5581197"></rtept>
    <rtept lat="25.0878404" lon="121.5570443"></rtept>
    <rtept lat="25.0877860" lon="121.5547342"></rtept>
    <rtept lat="25.0900913" lon="121.5512798"></rtept>
    <rtept lat="25.0895508" lon="121.5509364"></rtept>
    <rtept lat="25.0901001" lon="121.5512531"></rtept>
    <rtept lat="25.0898784" lon="121.5533533"></rtept>
    <rtept lat="25.0926356" lon="121.5535940"></rtept>
    <rtept lat="25.0928460" lon="121.5527885"></rtept>
    <rtept lat="25.0933171" lon="121.5533932"></rtept>
    <rtept lat="25.0945408" lon="121.5502019"></rtept>
    <rtept lat="25.0949158" lon="121.5516203"></rtept>
    <rtept lat="25.0944365" lon="121.5502201"></rtept>
    <rtept lat="25.0933171" lon="121.5533932"></rtept>
    <rtept lat="25.0929158" lon="121.5527726"></rtept>
    <rtept lat="25.0926000" lon="121.5534196"></rtept>
    <rtept lat="25.0943643" lon="121.5556520"></rtept>
    <rtept lat="25.0958461" lon="121.5537597"></rtept>
    <rtept lat="25.0971100" lon="121.5546576"></rtept>
    <rtept lat="25.0988773" lon="121.5540110"></rtept>
    <rtept lat="25.0993723" lon="121.5559261"></rtept>
    <rtept lat="25.1017594" lon="121.5571644"></rtept>
    <rtept lat="25.1019556" lon="121.5558840"></rtept>
    <rtept lat="25.0998218" lon="121.5519089"></rtept>
    <rtept lat="25.1006022" lon="121.5509017"></rtept>
    <rtept lat="25.0972243" lon="121.5432011"></rtept>
    <rtept lat="25.0994102" lon="121.5385912"></rtept>
    <rtept lat="25.1006180" lon="121.5376050"></rtept>
    <rtept lat="25.1049019" lon="121.5366641"></rtept>
    <rtept lat="25.1076496" lon="121.5344488"></rtept>
    <rtept lat="25.1085365" lon="121.5363395"></rtept>
    <rtept lat="25.1018094" lon="121.5397446"></rtept>
    <rtept lat="25.1023199" lon="121.5422720"></rtept>
    <rtept lat="25.1018094" lon="121.5397446"></rtept>
    <rtept lat="25.1062578" lon="121.5370062"></rtept>
    <rtept lat="25.1075088" lon="121.5371938"></rtept>
    <rtept lat="25.1085846" lon="121.5357014"></rtept>
    <rtept lat="25.1076496" lon="121.5344488"></rtept>
    <rtept lat="25.1049019" lon="121.5366641"></rtept>
    <rtept lat="25.1008870" lon="121.5374229"></rtept>
    <rtept lat="25.1044748" lon="121.5362181"></rtept>
    <rtept lat="25.1076783" lon="121.5333535"></rtept>
    <rtept lat="25.1097414" lon="121.5341544"></rtept>
    <rtept lat="25.1112803" lon="121.5338426"></rtept>
    <rtept lat="25.1113329" lon="121.5327202"></rtept>
    <rtept lat="25.1125514" lon="121.5324929"></rtept>
    <rtept lat="25.1127825" lon="121.5335508"></rtept>
    <rtept lat="25.1124128" lon="121.5309709"></rtept>
    <rtept lat="25.1131819" lon="121.5295283"></rtept>
    <rtept lat="25.1108534" lon="121.5267637"></rtept>
    <rtept lat="25.1096487" lon="121.5275539"></rtept>
    <rtept lat="25.1085629" lon="121.5259686"></rtept>
    <rtept lat="25.1075916" lon="121.5262630"></rtept>
    <rtept lat="25.1078945" lon="121.5250887"></rtept>
    <rtept lat="25.1043874" lon="121.5238734"></rtept>
    <rtept lat="25.1038996" lon="121.5221994"></rtept>
    <rtept lat="25.1019468" lon="121.5224484"></rtept>
    <rtept lat="25.1020792" lon="121.5181908"></rtept>
    <rtept lat="25.1000539" lon="121.5179073"></rtept>
    <rtept lat="25.0974966" lon="121.5082553"></rtept>
    <rtept lat="25.0979162" lon="121.5111984"></rtept>
    <rtept lat="25.0957822" lon="121.5103581"></rtept>
    <rtept lat="25.0902501" lon="121.5149756"></rtept>
    <rtept lat="25.0883571" lon="121.5121395"></rtept>
    <rtept lat="25.0905144" lon="121.5116015"></rtept>
    <rtept lat="25.0924295" lon="121.5098588"></rtept>
    <rtept lat="25.0905936" lon="121.5115412"></rtept>
    <rtept lat="25.0890668" lon="121.5116787"></rtept>
    <rtept lat="25.0890879" lon="121.5078535"></rtept>
    <rtept lat="25.0875942" lon="121.5080906"></rtept>
    <rtept lat="25.0876970" lon="121.5089710"></rtept>
    <rtept lat="25.0833827" lon="121.5100820"></rtept>
    <rtept lat="25.0835529" lon="121.5108850"></rtept>
    <rtept lat="25.0813698" lon="121.5121382"></rtept>
    <rtept lat="25.0822444" lon="121.5115695"></rtept>
    <rtept lat="25.0820811" lon="121.5103273"></rtept>
    <rtept lat="25.0814233" lon="121.5104855"></rtept>
    <rtept lat="25.0812610" lon="121.5091978"></rtept>
    <rtept lat="25.0800368" lon="121.5088635"></rtept>
    <rtept lat="25.0799804" lon="121.5109303"></rtept>
    <rtept lat="25.0771281" lon="121.5121165"></rtept>
    <rtept lat="25.0761258" lon="121.5088465"></rtept>
    <rtept lat="25.0764172" lon="121.5120073"></rtept>
    <rtept lat="25.0721048" lon="121.5109959"></rtept>
    <rtept lat="25.0720861" lon="121.5119751"></rtept>
    <rtept lat="25.0721713" lon="121.5090797"></rtept>
    <rtept lat="25.0686821" lon="121.5090866"></rtept>
    <rtept lat="25.0686605" lon="121.5099005"></rtept>
    <rtept lat="25.0675015" lon="121.5097721"></rtept>
    <rtept lat="25.0672124" lon="121.5109411"></rtept>
    <rtept lat="25.0659316" lon="121.5110223"></rtept>
    <rtept lat="25.0659283" lon="121.5116163"></rtept>
    <rtept lat="25.0659316" lon="121.5110223"></rtept>
    <rtept lat="25.0639549" lon="121.5111477"></rtept>
    <rtept lat="25.0639797" lon="121.5088136"></rtept>
    <rtept lat="25.0629956" lon="121.5098853"></rtept>
    <rtept lat="25.0605537" lon="121.5099266"></rtept>
    <rtept lat="25.0605260" lon="121.5093182"></rtept>
    <rtept lat="25.0605537" lon="121.5099266"></rtept>
    <rtept lat="25.0591430" lon="121.5101404"></rtept>
    <rtept lat="25.0592352" lon="121.5114406"></rtept>
    <rtept lat="25.0554528" lon="121.5116666"></rtept>
    <rtept lat="25.0552244" lon="121.5083510"></rtept>
    <rtept lat="25.0520107" lon="121.5088569"></rtept>
    <rtept lat="25.0520359" lon="121.5104744"></rtept>
    <rtept lat="25.0503608" lon="121.5105518"></rtept>
    <rtept lat="25.0506120" lon="121.5081899"></rtept>
    <rtept lat="25.0485660" lon="121.5076097"></rtept>
    <rtept lat="25.0472095" lon="121.5101141"></rtept>
    <rtept lat="25.0458453" lon="121.5079027"></rtept>
    <rtept lat="25.0451560" lon="121.5094280"></rtept>
    <rtept lat="25.0429674" lon="121.5088890"></rtept>
    <rtept lat="25.0427514" lon="121.5097777"></rtept>
    <rtept lat="25.0416636" lon="121.5094602"></rtept>
    <rtept lat="25.0413434" lon="121.5104225"></rtept>
    <rtept lat="25.0401152" lon="121.5102957"></rtept>
    <rtept lat="25.0400038" lon="121.5112995"></rtept>
    <rtept lat="25.0389287" lon="121.5111713"></rtept>
    <rtept lat="25.0388762" lon="121.5117804"></rtept>
    <rtept lat="25.0392091" lon="121.5077825"></rtept>
    <rtept lat="25.0386421" lon="121.5075565"></rtept>
    <rtept lat="25.0384172" lon="121.5085195"></rtept>
    <rtept lat="25.0366386" lon="121.5079888"></rtept>
    <rtept lat="25.0349309" lon="121.5106000"></rtept>
    <rtept lat="25.0336368" lon="121.5105902"></rtept>
    <rtept lat="25.0331462" lon="121.5113299"></rtept>
    <rtept lat="25.0338111" lon="121.5130718"></rtept>
    <rtept lat="25.0296025" lon="121.5141356"></rtept>
    <rtept lat="25.0291811" lon="121.5120467"></rtept>
    <rtept lat="25.0231702" lon="121.5096544"></rtept>
    <rtept lat="25.0199580" lon="121.5042133"></rtept>
    <rtept lat="25.0191998" lon="121.5050254"></rtept>
    <rtept lat="25.0199580" lon="121.5042133"></rtept>
    <rtept lat="25.0228455" lon="121.5085373"></rtept>
    <rtept lat="25.0241813" lon="121.5082878"></rtept>
    <rtept lat="25.0249919" lon="121.5091409"></rtept>
    <rtept lat="25.0241414" lon="121.5122438"></rtept>
    <rtept lat="25.0262265" lon="121.5139210"></rtept>
    <rtept lat="25.0257282" lon="121.5161879"></rtept>
    <rtept lat="25.0240763" lon="121.5167236"></rtept>
    <rtept lat="25.0186747" lon="121.5154332"></rtept>
    <rtept lat="25.0183028" lon="121.5128459"></rtept>
    <rtept lat="25.0191444" lon="121.5134212"></rtept>
    <rtept lat="25.0191979" lon="121.5154285"></rtept>
    <rtept lat="25.0195035" lon="121.5129270"></rtept>
    <rtept lat="25.0180894" lon="121.5065533"></rtept>
    <rtept lat="25.0134326" lon="121.5032070"></rtept>
    <rtept lat="25.0127903" lon="121.5038363"></rtept>
    <rtept lat="25.0107443" lon="121.5012891"></rtept>
    <rtept lat="25.0131249" lon="121.5044731"></rtept>
    <rtept lat="25.0086116" lon="121.4984031"></rtept>
    <rtept lat="25.0076868" lon="121.4983901"></rtept>
    <rtept lat="25.0070142" lon="121.4965019"></rtept>
    <rtept lat="25.0046233" lon="121.4963747"></rtept>
    <rtept lat="25.0070550" lon="121.4954228"></rtept>
    <rtept lat="25.0167331" lon="121.4956878"></rtept>
    <rtept lat="25.0193723" lon="121.4973575"></rtept>
    <rtept lat="25.0172567" lon="121.5006241"></rtept>
    <rtept lat="25.0161830" lon="121.4985913"></rtept>
    <rtept lat="25.0160968" lon="121.4952548"></rtept>
    <rtept lat="25.0118920" lon="121.4951774"></rtept>
    <rtept lat="25.0166687" lon="121.4958195"></rtept>
    <rtept lat="25.0172645" lon="121.4944835"></rtept>
    <rtept lat="25.0199170" lon="121.4969484"></rtept>
    <rtept lat="25.0196558" lon="121.4974276"></rtept>
    <rtept lat="25.0163778" lon="121.4955251"></rtept>
    <rtept lat="25.0064953" lon="121.4947721"></rtept>
    <rtept lat="25.0061522" lon="121.4933078"></rtept>
    <rtept lat="25.0073719" lon="121.4927390"></rtept>
    <rtept lat="25.0074446" lon="121.4907390"></rtept>
    <rtept lat="25.0102700" lon="121.4882436"></rtept>
    <rtept lat="25.0107742" lon="121.4890565"></rtept>
    <rtept lat="25.0106255" lon="121.4858766"></rtept>
    <rtept lat="25.0119022" lon="121.4838142"></rtept>
    <rtept lat="25.0102105" lon="121.4829436"></rtept>
    <rtept lat="25.0100075" lon="121.4810175"></rtept>
    <rtept lat="25.0111681" lon="121.4787619"></rtept>
    <rtept lat="25.0102898" lon="121.4782268"></rtept>
    <rtept lat="25.0112540" lon="121.4777858"></rtept>
    <rtept lat="25.0111229" lon="121.4788513"></rtept>
    <rtept lat="25.0126893" lon="121.4754375"></rtept>
    <rtept lat="25.0120751" lon="121.4743708"></rtept>
    <rtept lat="25.0104805" lon="121.4743126"></rtept>
    <rtept lat="25.0106885" lon="121.4734053"></rtept>
    <rtept lat="25.0096238" lon="121.4729063"></rtept>
    <rtept lat="25.0084770" lon="121.4701093"></rtept>
    <rtept lat="25.0066106" lon="121.4710029"></rtept>
    <rtept lat="25.0063330" lon="121.4704872"></rtept>
    <rtept lat="25.0064732" lon="121.4718491"></rtept>
    <rtept lat="25.0048197" lon="121.4720758"></rtept>
    <rtept lat="25.0042880" lon="121.4707221"></rtept>
    <rtept lat="25.0006900" lon="121.4706984"></rtept>
    <rtept lat="25.0013282" lon="121.4725881"></rtept>
    <rtept lat="25.0002843" lon="121.4732858"></rtept>
    <rtept lat="25.0012581" lon="121.4757717"></rtept>
    <rtept lat="25.0005211" lon="121.4764813"></rtept>
    <rtept lat="25.0011682" lon="121.4770603"></rtept>
    <rtept lat="25.0009483" lon="121.4778042"></rtept>
    <rtept lat="24.9998957" lon="121.4774217"></rtept>
    <rtept lat="24.9997115" lon="121.4782119"></rtept>
    <rtept lat="25.0010633" lon="121.4810872"></rtept>
    <rtept lat="25.0012981" lon="121.4847993"></rtept>
    <rtept lat="25.0001676" lon="121.4849002"></rtept>
    <rtept lat="25.0002305" lon="121.4913164"></rtept>
    <rtept lat="25.0018850" lon="121.4908123"></rtept>
    <rtept lat="25.0022351" lon="121.4915769"></rtept>
    <rtept lat="25.0002486" lon="121.4932806"></rtept>
    <rtept lat="25.0022111" lon="121.4932416"></rtept>
    <rtept lat="25.0023422" lon="121.4966650"></rtept>
    <rtept lat="25.0008264" lon="121.4971062"></rtept>
    <rtept lat="25.0021328" lon="121.4987704"></rtept>
    <rtept lat="25.0011517" lon="121.4994209"></rtept>
    <rtept lat="25.0014592" lon="121.5028790"></rtept>
    <rtept lat="24.9997427" lon="121.5041156"></rtept>
    <rtept lat="24.9996763" lon="121.5066946"></rtept>
    <rtept lat="25.0016572" lon="121.5076034"></rtept>
    <rtept lat="25.0003106" lon="121.5109132"></rtept>
    <rtept lat="25.0037960" lon="121.5145636"></rtept>
    <rtept lat="25.0014422" lon="121.5150092"></rtept>
    <rtept lat="25.0008622" lon="121.5159436"></rtept>
    <rtept lat="25.0020947" lon="121.5184268"></rtept>
    <rtept lat="25.0011978" lon="121.5191503"></rtept>
    <rtept lat="25.0019812" lon="121.5220770"></rtept>
    <rtept lat="25.0015197" lon="121.5278794"></rtept>
    <rtept lat="25.0020461" lon="121.5287993"></rtept>
    <rtept lat="25.0038711" lon="121.5282818"></rtept>
    <rtept lat="25.0106038" lon="121.5243586"></rtept>
    <rtept lat="25.0064466" lon="121.5300087"></rtept>
    <rtept lat="25.0023458" lon="121.5313288"></rtept>
    <rtept lat="24.9996815" lon="121.5304189"></rtept>
    <rtept lat="25.0023458" lon="121.5313288"></rtept>
    <rtept lat="25.0063446" lon="121.5300603"></rtept>
    <rtept lat="25.0092851" lon="121.5258406"></rtept>
    <rtept lat="25.0116781" lon="121.5284227"></rtept>
    <rtept lat="25.0086965" lon="121.5328557"></rtept>
    <rtept lat="25.0036072" lon="121.5352561"></rtept>
    <rtept lat="24.9984318" lon="121.5351514"></rtept>
    <rtept lat="25.0020167" lon="121.5355200"></rtept>
    <rtept lat="25.0024511" lon="121.5395920"></rtept>
    <rtept lat="25.0014782" lon="121.5399917"></rtept>
    <rtept lat="25.0020937" lon="121.5421763"></rtept>
    <rtept lat="25.0014669" lon="121.5430551"></rtept>
    <rtept lat="25.0021763" lon="121.5444975"></rtept>
    <rtept lat="25.0016604" lon="121.5460756"></rtept>
    <rtept lat="25.0026317" lon="121.5467486"></rtept>
    <rtept lat="25.0012518" lon="121.5494755"></rtept>
    <rtept lat="25.0018988" lon="121.5504949"></rtept>
    <rtept lat="25.0013915" lon="121.5548016"></rtept>
    <rtept lat="25.0024107" lon="121.5555998"></rtept>
    <rtept lat="25.0018866" lon="121.5574768"></rtept>
    <rtept lat="25.0007151" lon="121.5552296"></rtept>
    <rtept lat="24.9990417" lon="121.5580386"></rtept>
    <rtept lat="25.0006918" lon="121.5588111"></rtept>
    <rtept lat="25.0011020" lon="121.5601976"></rtept>
    <rtept lat="25.0019186" lon="121.5600079"></rtept>
    <rtept lat="25.0015849" lon="121.5586662"></rtept>
    <rtept lat="25.0021695" lon="121.5588905"></rtept>
    <rtept lat="25.0028644" lon="121.5609154"></rtept>
    <rtept lat="25.0020197" lon="121.5613691"></rtept>
    <rtept lat="25.0021733" lon="121.5638061"></rtept>
    <rtept lat="25.0014480" lon="121.5653247"></rtept>
    <rtept lat="25.0024632" lon="121.5684831"></rtept>
    <rtept lat="25.0015884" lon="121.5712229"></rtept>
    <rtept lat="25.0022694" lon="121.5705245"></rtept>
    <rtept lat="25.0023754" lon="121.5719054"></rtept>
    <rtept lat="24.9993753" lon="121.5740197"></rtept>
    <rtept lat="24.9992042" lon="121.5753771"></rtept>
    <rtept lat="25.0024158" lon="121.5820970"></rtept>
    <rtept lat="25.0031198" lon="121.5867015"></rtept>
    <rtept lat="25.0022327" lon="121.5893114"></rtept>
    <rtept lat="24.9986667" lon="121.5933886"></rtept>
    <rtept lat="24.9989314" lon="121.5943731"></rtept>
    <rtept lat="25.0016788" lon="121.5949509"></rtept>
  </rte>
  <trk>
    <name>台北101路線</name>
    <type>cycling</type>
    <trkseg>
      <trkpt lat="25.0016788" lon="121.5949509"></trkpt>
      <trkpt lat="25.0017595" lon="121.5949693"></trkpt>
      <trkpt lat="25.0017849" lon="121.5949751"></trkpt>
      <trkpt lat="25.0025801" lon="121.5951560"></trkpt>
      <trkpt lat="25.0026901" lon="121.5951827"></trkpt>
      <trkpt lat="25.0027949" lon="121.5952276"></trkpt>
      <trkpt lat="25.0028884" lon="121.5953001"></trkpt>
      <trkpt lat="25.0029766" lon="121.5953907"></trkpt>
      <trkpt lat="25.0031395" lon="121.5955531"></trkpt>
      <trkpt lat="25.0032569" lon="121.5956423"></trkpt>
      <trkpt lat="25.0034214" lon="121.5957446"></trkpt>
      <trkpt lat="25.0035969" lon="121.5958393"></trkpt>
      <trkpt lat="25.0037114" lon="121.5958889"></trkpt>
      <trkpt lat="25.0037766" lon="121.5959104"></trkpt>
      <trkpt lat="25.0039790" lon="121.5959514"></trkpt>
      <trkpt lat="25.0040686" lon="121.5959774"></trkpt>
      <trkpt lat="25.0043501" lon="121.5960837"></trkpt>
      <trkpt lat="25.0044103" lon="121.5958250"></trkpt>
      <trkpt lat="25.0044800" lon="121.5956220"></trkpt>
      <trkpt lat="25.0046139" lon="121.5955271"></trkpt>
      <trkpt lat="25.0047507" lon="121.5954783"></trkpt>
      <trkpt lat="25.0055944" lon="121.5956356"></trkpt>
      <trkpt lat="25.0058192" lon="121.5956423"></trkpt>
      <trkpt lat="25.0059453" lon="121.5956136"></trkpt>
      <trkpt lat="25.0061573" lon="121.5953876"></trkpt>
      <trkpt lat="25.0062934" lon="121.5953129"></trkpt>
      <trkpt lat="25.0064005" lon="121.5951752"></trkpt>
      <trkpt lat="25.0063594" lon="121.5949847"></trkpt>
      <trkpt lat="25.0061554" lon="121.5948277"></trkpt>
      <trkpt lat="25.0060545" lon="121.5947381"></trkpt>
      <trkpt lat="25.0060570" lon="121.5946196"></trkpt>
      <trkpt lat="25.0061895" lon="121.5941408"></trkpt>
      <trkpt lat="25.0063354" lon="121.5937542"></trkpt>
      <trkpt lat="25.0063258" lon="121.5935526"></trkpt>
      <trkpt lat="25.0062631" lon="121.5934520"></trkpt>
      <trkpt lat="25.0060371" lon="121.5934283"></trkpt>
      <trkpt lat="25.0057741" lon="121.5933650"></trkpt>
      <trkpt lat="25.0056849" lon="121.5933383"></trkpt>
      <trkpt lat="25.0056471" lon="121.5932620"></trkpt>
      <trkpt lat="25.0056285" lon="121.5930604"></trkpt>
      <trkpt lat="25.0057022" lon="121.5927897"></trkpt>
      <trkpt lat="25.0057521" lon="121.5922621"></trkpt>
      <trkpt lat="25.0058360" lon="121.5917102"></trkpt>
      <trkpt lat="25.0060284" lon="121.5914049"></trkpt>
      <trkpt lat="25.0062642" lon="121.5910049"></trkpt>
      <trkpt lat="25.0064897" lon="121.5908734"></trkpt>
      <trkpt lat="25.0066047" lon="121.5907916"></trkpt>
      <trkpt lat="25.0066698" lon="121.5907037"></trkpt>
      <trkpt lat="25.0067140" lon="121.5905683"></trkpt>
      <trkpt lat="25.0067118" lon="121.5904154"></trkpt>
      <trkpt lat="25.0066849" lon="121.5902947"></trkpt>
      <trkpt lat="25.0066583" lon="121.5901750"></trkpt>
      <trkpt lat="25.0066910" lon="121.5900506"></trkpt>
      <trkpt lat="25.0067833" lon="121.5899366"></trkpt>
      <trkpt lat="25.0069972" lon="121.5897327"></trkpt>
      <trkpt lat="25.0070317" lon="121.5898516"></trkpt>
      <trkpt lat="25.0070446" lon="121.5898823"></trkpt>
      <trkpt lat="25.0070610" lon="121.5899101"></trkpt>
      <trkpt lat="25.0070821" lon="121.5899266"></trkpt>
      <trkpt lat="25.0070460" lon="121.5900579"></trkpt>
      <trkpt lat="25.0070370" lon="121.5903174"></trkpt>
      <trkpt lat="25.0070458" lon="121.5904006"></trkpt>
      <trkpt lat="25.0070738" lon="121.5905046"></trkpt>
      <trkpt lat="25.0071180" lon="121.5906434"></trkpt>
      <trkpt lat="25.0072106" lon="121.5909191"></trkpt>
      <trkpt lat="25.0073032" lon="121.5911736"></trkpt>
      <trkpt lat="25.0073855" lon="121.5912811"></trkpt>
      <trkpt lat="25.0076189" lon="121.5915674"></trkpt>
      <trkpt lat="25.0076968" lon="121.5916767"></trkpt>
      <trkpt lat="25.0077300" lon="121.5917366"></trkpt>
      <trkpt lat="25.0078016" lon="121.5918752"></trkpt>
      <trkpt lat="25.0080717" lon="121.5927532"></trkpt>
      <trkpt lat="25.0081129" lon="121.5928146"></trkpt>
      <trkpt lat="25.0081656" lon="121.5928699"></trkpt>
      <trkpt lat="25.0085412" lon="121.5931974"></trkpt>
      <trkpt lat="25.0088471" lon="121.5934558"></trkpt>
      <trkpt lat="25.0093700" lon="121.5937281"></trkpt>
      <trkpt lat="25.0095008" lon="121.5937987"></trkpt>
      <trkpt lat="25.0096227" lon="121.5938914"></trkpt>
      <trkpt lat="25.0097367" lon="121.5939921"></trkpt>
      <trkpt lat="25.0098128" lon="121.5940725"></trkpt>
      <trkpt lat="25.0108720" lon="121.5953646"></trkpt>
      <trkpt lat="25.0109666" lon="121.5954539"></trkpt>
      <trkpt lat="25.0110625" lon="121.5955242"></trkpt>
      <trkpt lat="25.0111614" lon="121.5955695"></trkpt>
      <trkpt lat="25.0112758" lon="121.5955749"></trkpt>
      <trkpt lat="25.0115518" lon="121.5955592"></trkpt>
      <trkpt lat="25.0116307" lon="121.5955406"></trkpt>
      <trkpt lat="25.0117193" lon="121.5955089"></trkpt>
      <trkpt lat="25.0117922" lon="121.5954255"></trkpt>
      <trkpt lat="25.0118271" lon="121.5953835"></trkpt>
      <trkpt lat="25.0118584" lon="121.5953180"></trkpt>
      <trkpt lat="25.0118793" lon="121.5952521"></trkpt>
      <trkpt lat="25.0118932" lon="121.5951746"></trkpt>
      <trkpt lat="25.0118812" lon="121.5951012"></trkpt>
      <trkpt lat="25.0118638" lon="121.5950430"></trkpt>
      <trkpt lat="25.0116937" lon="121.5947371"></trkpt>
      <trkpt lat="25.0116475" lon="121.5946178"></trkpt>
      <trkpt lat="25.0116484" lon="121.5945286"></trkpt>
      <trkpt lat="25.0116577" lon="121.5944580"></trkpt>
      <trkpt lat="25.0118917" lon="121.5938602"></trkpt>
      <trkpt lat="25.0119177" lon="121.5937938"></trkpt>
      <trkpt lat="25.0119894" lon="121.5936040"></trkpt>
      <trkpt lat="25.0120308" lon="121.5935050"></trkpt>
      <trkpt lat="25.0120647" lon="121.5933510"></trkpt>
      <trkpt lat="25.0120628" lon="121.5932646"></trkpt>
      <trkpt lat="25.0120417" lon="121.5931761"></trkpt>
      <trkpt lat="25.0118782" lon="121.5928290"></trkpt>
      <trkpt lat="25.0118447" lon="121.5927127"></trkpt>
      <trkpt lat="25.0118401" lon="121.5925792"></trkpt>
      <trkpt lat="25.0118556" lon="121.5924887"></trkpt>
      <trkpt lat="25.0119237" lon="121.5922780"></trkpt>
      <trkpt lat="25.0119541" lon="121.5921839"></trkpt>
      <trkpt lat="25.0120306" lon="121.5920187"></trkpt>
      <trkpt lat="25.0120778" lon="121.5918863"></trkpt>
      <trkpt lat="25.0122577" lon="121.5912958"></trkpt>
      <trkpt lat="25.0124095" lon="121.5907613"></trkpt>
      <trkpt lat="25.0124360" lon="121.5906700"></trkpt>
      <trkpt lat="25.0124718" lon="121.5905747"></trkpt>
      <trkpt lat="25.0125356" lon="121.5904156"></trkpt>
      <trkpt lat="25.0125858" lon="121.5902725"></trkpt>
      <trkpt lat="25.0126006" lon="121.5901646"></trkpt>
      <trkpt lat="25.0126104" lon="121.5900593"></trkpt>
      <trkpt lat="25.0126115" lon="121.5899663"></trkpt>
      <trkpt lat="25.0125980" lon="121.5898774"></trkpt>
      <trkpt lat="25.0125677" lon="121.5897722"></trkpt>
      <trkpt lat="25.0125262" lon="121.5896898"></trkpt>
      <trkpt lat="25.0123855" lon="121.5894459"></trkpt>
      <trkpt lat="25.0123444" lon="121.5892171"></trkpt>
      <trkpt lat="25.0123211" lon="121.5890870"></trkpt>
      <trkpt lat="25.0123002" lon="121.5890149"></trkpt>
      <trkpt lat="25.0122673" lon="121.5889355"></trkpt>
      <trkpt lat="25.0122207" lon="121.5888652"></trkpt>
      <trkpt lat="25.0121455" lon="121.5887960"></trkpt>
      <trkpt lat="25.0120699" lon="121.5887384"></trkpt>
      <trkpt lat="25.0116498" lon="121.5884236"></trkpt>
      <trkpt lat="25.0115472" lon="121.5883555"></trkpt>
      <trkpt lat="25.0115038" lon="121.5883343"></trkpt>
      <trkpt lat="25.0114673" lon="121.5883273"></trkpt>
      <trkpt lat="25.0114313" lon="121.5883297"></trkpt>
      <trkpt lat="25.0113804" lon="121.5883420"></trkpt>
      <trkpt lat="25.0113221" lon="121.5883658"></trkpt>
      <trkpt lat="25.0111475" lon="121.5884663"></trkpt>
      <trkpt lat="25.0110881" lon="121.5884896"></trkpt>
      <trkpt lat="25.0110190" lon="121.5884954"></trkpt>
      <trkpt lat="25.0109521" lon="121.5884847"></trkpt>
      <trkpt lat="25.0108930" lon="121.5884496"></trkpt>
      <trkpt lat="25.0108451" lon="121.5883970"></trkpt>
      <trkpt lat="25.0108133" lon="121.5883266"></trkpt>
      <trkpt lat="25.0107995" lon="121.5882388"></trkpt>
      <trkpt lat="25.0107982" lon="121.5881221"></trkpt>
      <trkpt lat="25.0108119" lon="121.5879946"></trkpt>
      <trkpt lat="25.0108851" lon="121.5878591"></trkpt>
      <trkpt lat="25.0109440" lon="121.5877133"></trkpt>
      <trkpt lat="25.0109590" lon="121.5876611"></trkpt>
      <trkpt lat="25.0109639" lon="121.5875967"></trkpt>
      <trkpt lat="25.0109534" lon="121.5875306"></trkpt>
      <trkpt lat="25.0109261" lon="121.5874513"></trkpt>
      <trkpt lat="25.0109107" lon="121.5873909"></trkpt>
      <trkpt lat="25.0109049" lon="121.5873228"></trkpt>
      <trkpt lat="25.0109133" lon="121.5872582"></trkpt>
      <trkpt lat="25.0109460" lon="121.5872082"></trkpt>
      <trkpt lat="25.0109893" lon="121.5871745"></trkpt>
      <trkpt lat="25.0110393" lon="121.5871582"></trkpt>
      <trkpt lat="25.0111021" lon="121.5871572"></trkpt>
      <trkpt lat="25.0111761" lon="121.5871704"></trkpt>
      <trkpt lat="25.0112249" lon="121.5871773"></trkpt>
      <trkpt lat="25.0112783" lon="121.5871780"></trkpt>
      <trkpt lat="25.0113397" lon="121.5871713"></trkpt>
      <trkpt lat="25.0114916" lon="121.5871458"></trkpt>
      <trkpt lat="25.0115384" lon="121.5871448"></trkpt>
      <trkpt lat="25.0116813" lon="121.5871553"></trkpt>
      <trkpt lat="25.0118770" lon="121.5871478"></trkpt>
      <trkpt lat="25.0119474" lon="121.5871484"></trkpt>
      <trkpt lat="25.0120823" lon="121.5871523"></trkpt>
      <trkpt lat="25.0121239" lon="121.5871509"></trkpt>
      <trkpt lat="25.0121625" lon="121.5871461"></trkpt>
      <trkpt lat="25.0121938" lon="121.5871347"></trkpt>
      <trkpt lat="25.0122309" lon="121.5871125"></trkpt>
      <trkpt lat="25.0123270" lon="121.5870294"></trkpt>
      <trkpt lat="25.0123576" lon="121.5869893"></trkpt>
      <trkpt lat="25.0123746" lon="121.5869436"></trkpt>
      <trkpt lat="25.0123816" lon="121.5869010"></trkpt>
      <trkpt lat="25.0123801" lon="121.5868660"></trkpt>
      <trkpt lat="25.0123647" lon="121.5866938"></trkpt>
      <trkpt lat="25.0123682" lon="121.5866419"></trkpt>
      <trkpt lat="25.0123773" lon="121.5866017"></trkpt>
      <trkpt lat="25.0123965" lon="121.5865547"></trkpt>
      <trkpt lat="25.0124833" lon="121.5864284"></trkpt>
      <trkpt lat="25.0125654" lon="121.5862904"></trkpt>
      <trkpt lat="25.0125885" lon="121.5862355"></trkpt>
      <trkpt lat="25.0126022" lon="121.5861842"></trkpt>
      <trkpt lat="25.0126059" lon="121.5861292"></trkpt>
      <trkpt lat="25.0125967" lon="121.5860730"></trkpt>
      <trkpt lat="25.0125767" lon="121.5860278"></trkpt>
      <trkpt lat="25.0125485" lon="121.5859870"></trkpt>
      <trkpt lat="25.0125142" lon="121.5859568"></trkpt>
      <trkpt lat="25.0123724" lon="121.5858728"></trkpt>
      <trkpt lat="25.0123007" lon="121.5858044"></trkpt>
      <trkpt lat="25.0122761" lon="121.5857604"></trkpt>
      <trkpt lat="25.0122716" lon="121.5857085"></trkpt>
      <trkpt lat="25.0122919" lon="121.5856392"></trkpt>
      <trkpt lat="25.0123504" lon="121.5855636"></trkpt>
      <trkpt lat="25.0123905" lon="121.5854266"></trkpt>
      <trkpt lat="25.0123783" lon="121.5852711"></trkpt>
      <trkpt lat="25.0123454" lon="121.5850892"></trkpt>
      <trkpt lat="25.0123558" lon="121.5849636"></trkpt>
      <trkpt lat="25.0124159" lon="121.5848664"></trkpt>
      <trkpt lat="25.0125273" lon="121.5846674"></trkpt>
      <trkpt lat="25.0125239" lon="121.5846002"></trkpt>
      <trkpt lat="25.0125044" lon="121.5845113"></trkpt>
      <trkpt lat="25.0124463" lon="121.5844295"></trkpt>
      <trkpt lat="25.0123723" lon="121.5843509"></trkpt>
      <trkpt lat="25.0123535" lon="121.5842762"></trkpt>
      <trkpt lat="25.0123488" lon="121.5842295"></trkpt>
      <trkpt lat="25.0123607" lon="121.5841675"></trkpt>
      <trkpt lat="25.0124414" lon="121.5840037"></trkpt>
      <trkpt lat="25.0124611" lon="121.5838888"></trkpt>
      <trkpt lat="25.0124548" lon="121.5836420"></trkpt>
      <trkpt lat="25.0124832" lon="121.5833620"></trkpt>
      <trkpt lat="25.0124825" lon="121.5832824"></trkpt>
      <trkpt lat="25.0123699" lon="121.5830775"></trkpt>
      <trkpt lat="25.0123510" lon="121.5830511"></trkpt>
      <trkpt lat="25.0123095" lon="121.5829933"></trkpt>
      <trkpt lat="25.0122200" lon="121.5829669"></trkpt>
      <trkpt lat="25.0121424" lon="121.5829626"></trkpt>
      <trkpt lat="25.0120418" lon="121.5829536"></trkpt>
      <trkpt lat="25.0119627" lon="121.5829883"></trkpt>
      <trkpt lat="25.0118570" lon="121.5829668"></trkpt>
      <trkpt lat="25.0118016" lon="121.5829227"></trkpt>
      <trkpt lat="25.0117619" lon="121.5828554"></trkpt>
      <trkpt lat="25.0117267" lon="121.5827347"></trkpt>
      <trkpt lat="25.0117182" lon="121.5826247"></trkpt>
      <trkpt lat="25.0117400" lon="121.5825108"></trkpt>
      <trkpt lat="25.0117830" lon="121.5824082"></trkpt>
      <trkpt lat="25.0118570" lon="121.5823033"></trkpt>
      <trkpt lat="25.0119303" lon="121.5821789"></trkpt>
      <trkpt lat="25.0119692" lon="121.5820809"></trkpt>
      <trkpt lat="25.0120040" lon="121.5819839"></trkpt>
      <trkpt lat="25.0120971" lon="121.5818407"></trkpt>
      <trkpt lat="25.0121370" lon="121.5817541"></trkpt>
      <trkpt lat="25.0121513" lon="121.5816057"></trkpt>
      <trkpt lat="25.0121625" lon="121.5815155"></trkpt>
      <trkpt lat="25.0121589" lon="121.5813936"></trkpt>
      <trkpt lat="25.0121022" lon="121.5812628"></trkpt>
      <trkpt lat="25.0118996" lon="121.5808745"></trkpt>
      <trkpt lat="25.0118425" lon="121.5806361"></trkpt>
      <trkpt lat="25.0118351" lon="121.5805568"></trkpt>
      <trkpt lat="25.0118434" lon="121.5804186"></trkpt>
      <trkpt lat="25.0118628" lon="121.5803100"></trkpt>
      <trkpt lat="25.0119123" lon="121.5801721"></trkpt>
      <trkpt lat="25.0119922" lon="121.5800289"></trkpt>
      <trkpt lat="25.0121118" lon="121.5798846"></trkpt>
      <trkpt lat="25.0121545" lon="121.5798420"></trkpt>
      <trkpt lat="25.0122086" lon="121.5797541"></trkpt>
      <trkpt lat="25.0122441" lon="121.5796713"></trkpt>
      <trkpt lat="25.0122710" lon="121.5795756"></trkpt>
      <trkpt lat="25.0122759" lon="121.5794516"></trkpt>
      <trkpt lat="25.0122376" lon="121.5793426"></trkpt>
      <trkpt lat="25.0121711" lon="121.5792528"></trkpt>
      <trkpt lat="25.0120733" lon="121.5791693"></trkpt>
      <trkpt lat="25.0119891" lon="121.5789309"></trkpt>
      <trkpt lat="25.0119272" lon="121.5788015"></trkpt>
      <trkpt lat="25.0118263" lon="121.5786292"></trkpt>
      <trkpt lat="25.0117314" lon="121.5784152"></trkpt>
      <trkpt lat="25.0116341" lon="121.5780816"></trkpt>
      <trkpt lat="25.0115842" lon="121.5779549"></trkpt>
      <trkpt lat="25.0115249" lon="121.5778684"></trkpt>
      <trkpt lat="25.0115083" lon="121.5778259"></trkpt>
      <trkpt lat="25.0115167" lon="121.5777803"></trkpt>
      <trkpt lat="25.0115480" lon="121.5777467"></trkpt>
      <trkpt lat="25.0116562" lon="121.5777128"></trkpt>
      <trkpt lat="25.0117230" lon="121.5776864"></trkpt>
      <trkpt lat="25.0117820" lon="121.5776267"></trkpt>
      <trkpt lat="25.0118227" lon="121.5774839"></trkpt>
      <trkpt lat="25.0118433" lon="121.5773069"></trkpt>
      <trkpt lat="25.0118124" lon="121.5772190"></trkpt>
      <trkpt lat="25.0117692" lon="121.5771748"></trkpt>
      <trkpt lat="25.0117267" lon="121.5771137"></trkpt>
      <trkpt lat="25.0117120" lon="121.5770131"></trkpt>
      <trkpt lat="25.0117534" lon="121.5769434"></trkpt>
      <trkpt lat="25.0118494" lon="121.5768804"></trkpt>
      <trkpt lat="25.0120021" lon="121.5767435"></trkpt>
      <trkpt lat="25.0120628" lon="121.5766436"></trkpt>
      <trkpt lat="25.0120947" lon="121.5765343"></trkpt>
      <trkpt lat="25.0121254" lon="121.5763935"></trkpt>
      <trkpt lat="25.0121287" lon="121.5762977"></trkpt>
      <trkpt lat="25.0121117" lon="121.5762222"></trkpt>
      <trkpt lat="25.0120621" lon="121.5761294"></trkpt>
      <trkpt lat="25.0119782" lon="121.5760597"></trkpt>
      <trkpt lat="25.0118567" lon="121.5759953"></trkpt>
      <trkpt lat="25.0117656" lon="121.5760147"></trkpt>
      <trkpt lat="25.0116902" lon="121.5760650"></trkpt>
      <trkpt lat="25.0115988" lon="121.5760634"></trkpt>
      <trkpt lat="25.0115001" lon="121.5760192"></trkpt>
      <trkpt lat="25.0112449" lon="121.5759217"></trkpt>
      <trkpt lat="25.0112145" lon="121.5759033"></trkpt>
      <trkpt lat="25.0111796" lon="121.5758551"></trkpt>
      <trkpt lat="25.0111334" lon="121.5755850"></trkpt>
      <trkpt lat="25.0111396" lon="121.5755252"></trkpt>
      <trkpt lat="25.0111712" lon="121.5754246"></trkpt>
      <trkpt lat="25.0112238" lon="121.5753621"></trkpt>
      <trkpt lat="25.0113140" lon="121.5752610"></trkpt>
      <trkpt lat="25.0114076" lon="121.5751658"></trkpt>
      <trkpt lat="25.0114538" lon="121.5751027"></trkpt>
      <trkpt lat="25.0114814" lon="121.5750571"></trkpt>
      <trkpt lat="25.0114791" lon="121.5749928"></trkpt>
      <trkpt lat="25.0114209" lon="121.5747922"></trkpt>
      <trkpt lat="25.0114268" lon="121.5747199"></trkpt>
      <trkpt lat="25.0114511" lon="121.5746785"></trkpt>
      <trkpt lat="25.0115462" lon="121.5746470"></trkpt>
      <trkpt lat="25.0116430" lon="121.5746803"></trkpt>
      <trkpt lat="25.0118113" lon="121.5747988"></trkpt>
      <trkpt lat="25.0118866" lon="121.5748069"></trkpt>
      <trkpt lat="25.0121900" lon="121.5747752"></trkpt>
      <trkpt lat="25.0123817" lon="121.5746827"></trkpt>
      <trkpt lat="25.0124220" lon="121.5746279"></trkpt>
      <trkpt lat="25.0124691" lon="121.5745505"></trkpt>
      <trkpt lat="25.0125021" lon="121.5744252"></trkpt>
      <trkpt lat="25.0125574" lon="121.5742639"></trkpt>
      <trkpt lat="25.0125806" lon="121.5742316"></trkpt>
      <trkpt lat="25.0126036" lon="121.5742125"></trkpt>
      <trkpt lat="25.0126731" lon="121.5741953"></trkpt>
      <trkpt lat="25.0127767" lon="121.5741728"></trkpt>
      <trkpt lat="25.0128301" lon="121.5741327"></trkpt>
      <trkpt lat="25.0128522" lon="121.5740858"></trkpt>
      <trkpt lat="25.0128941" lon="121.5739936"></trkpt>
      <trkpt lat="25.0129301" lon="121.5739300"></trkpt>
      <trkpt lat="25.0129427" lon="121.5738639"></trkpt>
      <trkpt lat="25.0129481" lon="121.5737948"></trkpt>
      <trkpt lat="25.0129353" lon="121.5737503"></trkpt>
      <trkpt lat="25.0128968" lon="121.5736857"></trkpt>
      <trkpt lat="25.0128477" lon="121.5736374"></trkpt>
      <trkpt lat="25.0127973" lon="121.5735674"></trkpt>
      <trkpt lat="25.0127072" lon="121.5734807"></trkpt>
      <trkpt lat="25.0126505" lon="121.5733769"></trkpt>
      <trkpt lat="25.0126332" lon="121.5733016"></trkpt>
      <trkpt lat="25.0126060" lon="121.5731999"></trkpt>
      <trkpt lat="25.0126043" lon="121.5731058"></trkpt>
      <trkpt lat="25.0126248" lon="121.5730533"></trkpt>
      <trkpt lat="25.0127061" lon="121.5729984"></trkpt>
      <trkpt lat="25.0128008" lon="121.5729282"></trkpt>
      <trkpt lat="25.0128420" lon="121.5728772"></trkpt>
      <trkpt lat="25.0128816" lon="121.5727972"></trkpt>
      <trkpt lat="25.0128862" lon="121.5727437"></trkpt>
      <trkpt lat="25.0128541" lon="121.5726752"></trkpt>
      <trkpt lat="25.0127932" lon="121.5726217"></trkpt>
      <trkpt lat="25.0126754" lon="121.5725499"></trkpt>
      <trkpt lat="25.0125870" lon="121.5724355"></trkpt>
      <trkpt lat="25.0125351" lon="121.5723794"></trkpt>
      <trkpt lat="25.0124788" lon="121.5723171"></trkpt>
      <trkpt lat="25.0124329" lon="121.5723021"></trkpt>
      <trkpt lat="25.0122957" lon="121.5723176"></trkpt>
      <trkpt lat="25.0121387" lon="121.5723210"></trkpt>
      <trkpt lat="25.0120367" lon="121.5723666"></trkpt>
      <trkpt lat="25.0119655" lon="121.5724047"></trkpt>
      <trkpt lat="25.0118849" lon="121.5724341"></trkpt>
      <trkpt lat="25.0118139" lon="121.5724480"></trkpt>
      <trkpt lat="25.0117789" lon="121.5724265"></trkpt>
      <trkpt lat="25.0117323" lon="121.5723832"></trkpt>
      <trkpt lat="25.0116903" lon="121.5723592"></trkpt>
      <trkpt lat="25.0116341" lon="121.5723551"></trkpt>
      <trkpt lat="25.0115763" lon="121.5723507"></trkpt>
      <trkpt lat="25.0114605" lon="121.5723190"></trkpt>
      <trkpt lat="25.0114254" lon="121.5722830"></trkpt>
      <trkpt lat="25.0113556" lon="121.5721863"></trkpt>
      <trkpt lat="25.0113177" lon="121.5721001"></trkpt>
      <trkpt lat="25.0113120" lon="121.5720216"></trkpt>
      <trkpt lat="25.0113767" lon="121.5719424"></trkpt>
      <trkpt lat="25.0114144" lon="121.5718909"></trkpt>
      <trkpt lat="25.0114208" lon="121.5718162"></trkpt>
      <trkpt lat="25.0113993" lon="121.5717628"></trkpt>
      <trkpt lat="25.0113319" lon="121.5716911"></trkpt>
      <trkpt lat="25.0112644" lon="121.5716128"></trkpt>
      <trkpt lat="25.0112540" lon="121.5715638"></trkpt>
      <trkpt lat="25.0112606" lon="121.5715006"></trkpt>
      <trkpt lat="25.0112933" lon="121.5713277"></trkpt>
      <trkpt lat="25.0112832" lon="121.5712012"></trkpt>
      <trkpt lat="25.0112971" lon="121.5711234"></trkpt>
      <trkpt lat="25.0113307" lon="121.5710728"></trkpt>
      <trkpt lat="25.0113572" lon="121.5710470"></trkpt>
      <trkpt lat="25.0114892" lon="121.5711040"></trkpt>
      <trkpt lat="25.0116371" lon="121.5712911"></trkpt>
      <trkpt lat="25.0116760" lon="121.5713160"></trkpt>
      <trkpt lat="25.0117749" lon="121.5713496"></trkpt>
      <trkpt lat="25.0119193" lon="121.5713846"></trkpt>
      <trkpt lat="25.0120274" lon="121.5714110"></trkpt>
      <trkpt lat="25.0122474" lon="121.5714339"></trkpt>
      <trkpt lat="25.0123972" lon="121.5713952"></trkpt>
      <trkpt lat="25.0124166" lon="121.5713958"></trkpt>
      <trkpt lat="25.0124769" lon="121.5713654"></trkpt>
      <trkpt lat="25.0125146" lon="121.5713312"></trkpt>
      <trkpt lat="25.0126190" lon="121.5712375"></trkpt>
      <trkpt lat="25.0127585" lon="121.5711250"></trkpt>
      <trkpt lat="25.0130508" lon="121.5708946"></trkpt>
      <trkpt lat="25.0130855" lon="121.5708568"></trkpt>
      <trkpt lat="25.0131152" lon="121.5708108"></trkpt>
      <trkpt lat="25.0131741" lon="121.5707528"></trkpt>
      <trkpt lat="25.0132204" lon="121.5706787"></trkpt>
      <trkpt lat="25.0132233" lon="121.5706006"></trkpt>
      <trkpt lat="25.0132531" lon="121.5704667"></trkpt>
      <trkpt lat="25.0132873" lon="121.5703974"></trkpt>
      <trkpt lat="25.0133433" lon="121.5703183"></trkpt>
      <trkpt lat="25.0134041" lon="121.5701221"></trkpt>
      <trkpt lat="25.0134425" lon="121.5700162"></trkpt>
      <trkpt lat="25.0135370" lon="121.5698717"></trkpt>
      <trkpt lat="25.0136053" lon="121.5697906"></trkpt>
      <trkpt lat="25.0137419" lon="121.5697001"></trkpt>
      <trkpt lat="25.0137801" lon="121.5696598"></trkpt>
      <trkpt lat="25.0138053" lon="121.5696023"></trkpt>
      <trkpt lat="25.0138130" lon="121.5695446"></trkpt>
      <trkpt lat="25.0138094" lon="121.5694720"></trkpt>
      <trkpt lat="25.0137679" lon="121.5693717"></trkpt>
      <trkpt lat="25.0137687" lon="121.5693004"></trkpt>
      <trkpt lat="25.0138174" lon="121.5692210"></trkpt>
      <trkpt lat="25.0139200" lon="121.5690843"></trkpt>
      <trkpt lat="25.0140139" lon="121.5689403"></trkpt>
      <trkpt lat="25.0141325" lon="121.5688636"></trkpt>
      <trkpt lat="25.0141885" lon="121.5688072"></trkpt>
      <trkpt lat="25.0142100" lon="121.5687648"></trkpt>
      <trkpt lat="25.0142346" lon="121.5686215"></trkpt>
      <trkpt lat="25.0142553" lon="121.5685615"></trkpt>
      <trkpt lat="25.0143458" lon="121.5684903"></trkpt>
      <trkpt lat="25.0144018" lon="121.5684396"></trkpt>
      <trkpt lat="25.0145109" lon="121.5683370"></trkpt>
      <trkpt lat="25.0145909" lon="121.5682839"></trkpt>
      <trkpt lat="25.0146437" lon="121.5682222"></trkpt>
      <trkpt lat="25.0146769" lon="121.5681850"></trkpt>
      <trkpt lat="25.0146920" lon="121.5681227"></trkpt>
      <trkpt lat="25.0146955" lon="121.5680348"></trkpt>
      <trkpt lat="25.0146551" lon="121.5678922"></trkpt>
      <trkpt lat="25.0146552" lon="121.5678493"></trkpt>
      <trkpt lat="25.0146622" lon="121.5678175"></trkpt>
      <trkpt lat="25.0147652" lon="121.5677220"></trkpt>
      <trkpt lat="25.0147959" lon="121.5676798"></trkpt>
      <trkpt lat="25.0148402" lon="121.5676078"></trkpt>
      <trkpt lat="25.0149238" lon="121.5674637"></trkpt>
      <trkpt lat="25.0149418" lon="121.5674285"></trkpt>
      <trkpt lat="25.0149744" lon="121.5673223"></trkpt>
      <trkpt lat="25.0150173" lon="121.5670778"></trkpt>
      <trkpt lat="25.0150467" lon="121.5670108"></trkpt>
      <trkpt lat="25.0151001" lon="121.5669627"></trkpt>
      <trkpt lat="25.0151565" lon="121.5669502"></trkpt>
      <trkpt lat="25.0153197" lon="121.5669557"></trkpt>
      <trkpt lat="25.0153821" lon="121.5669518"></trkpt>
      <trkpt lat="25.0154759" lon="121.5669218"></trkpt>
      <trkpt lat="25.0155312" lon="121.5668932"></trkpt>
      <trkpt lat="25.0156468" lon="121.5668160"></trkpt>
      <trkpt lat="25.0157691" lon="121.5667441"></trkpt>
      <trkpt lat="25.0158369" lon="121.5667258"></trkpt>
      <trkpt lat="25.0158985" lon="121.5667160"></trkpt>
      <trkpt lat="25.0160501" lon="121.5667212"></trkpt>
      <trkpt lat="25.0162051" lon="121.5667324"></trkpt>
      <trkpt lat="25.0163110" lon="121.5667261"></trkpt>
      <trkpt lat="25.0163755" lon="121.5666845"></trkpt>
      <trkpt lat="25.0164253" lon="121.5666040"></trkpt>
      <trkpt lat="25.0164469" lon="121.5665268"></trkpt>
      <trkpt lat="25.0164682" lon="121.5664222"></trkpt>
      <trkpt lat="25.0165149" lon="121.5663611"></trkpt>
      <trkpt lat="25.0165830" lon="121.5663269"></trkpt>
      <trkpt lat="25.0166930" lon="121.5663269"></trkpt>
      <trkpt lat="25.0168061" lon="121.5663222"></trkpt>
      <trkpt lat="25.0168987" lon="121.5663115"></trkpt>
      <trkpt lat="25.0170059" lon="121.5662903"></trkpt>
      <trkpt lat="25.0170660" lon="121.5662541"></trkpt>
      <trkpt lat="25.0171135" lon="121.5662100"></trkpt>
      <trkpt lat="25.0171572" lon="121.5661576"></trkpt>
      <trkpt lat="25.0171760" lon="121.5661114"></trkpt>
      <trkpt lat="25.0171811" lon="121.5660529"></trkpt>
      <trkpt lat="25.0171773" lon="121.5659947"></trkpt>
      <trkpt lat="25.0171629" lon="121.5659428"></trkpt>
      <trkpt lat="25.0171249" lon="121.5658769"></trkpt>
      <trkpt lat="25.0168214" lon="121.5654893"></trkpt>
      <trkpt lat="25.0167538" lon="121.5653690"></trkpt>
      <trkpt lat="25.0167380" lon="121.5652960"></trkpt>
      <trkpt lat="25.0167592" lon="121.5652269"></trkpt>
      <trkpt lat="25.0168255" lon="121.5651853"></trkpt>
      <trkpt lat="25.0169130" lon="121.5651732"></trkpt>
      <trkpt lat="25.0170380" lon="121.5651316"></trkpt>
      <trkpt lat="25.0171093" lon="121.5651206"></trkpt>
      <trkpt lat="25.0172939" lon="121.5651488"></trkpt>
      <trkpt lat="25.0173444" lon="121.5651139"></trkpt>
      <trkpt lat="25.0174284" lon="121.5649930"></trkpt>
      <trkpt lat="25.0174911" lon="121.5649509"></trkpt>
      <trkpt lat="25.0176070" lon="121.5649251"></trkpt>
      <trkpt lat="25.0176464" lon="121.5648887"></trkpt>
      <trkpt lat="25.0176777" lon="121.5647962"></trkpt>
      <trkpt lat="25.0176859" lon="121.5646989"></trkpt>
      <trkpt lat="25.0176786" lon="121.5646195"></trkpt>
      <trkpt lat="25.0176494" lon="121.5645686"></trkpt>
      <trkpt lat="25.0175899" lon="121.5645318"></trkpt>
      <trkpt lat="25.0172332" lon="121.5644804"></trkpt>
      <trkpt lat="25.0171601" lon="121.5644304"></trkpt>
      <trkpt lat="25.0171194" lon="121.5643194"></trkpt>
      <trkpt lat="25.0171209" lon="121.5642617"></trkpt>
      <trkpt lat="25.0172306" lon="121.5641365"></trkpt>
      <trkpt lat="25.0173422" lon="121.5640648"></trkpt>
      <trkpt lat="25.0173879" lon="121.5639744"></trkpt>
      <trkpt lat="25.0174370" lon="121.5638529"></trkpt>
      <trkpt lat="25.0174690" lon="121.5637830"></trkpt>
      <trkpt lat="25.0175253" lon="121.5637415"></trkpt>
      <trkpt lat="25.0175826" lon="121.5637384"></trkpt>
      <trkpt lat="25.0178956" lon="121.5637517"></trkpt>
      <trkpt lat="25.0180495" lon="121.5637533"></trkpt>
      <trkpt lat="25.0181617" lon="121.5637220"></trkpt>
      <trkpt lat="25.0182486" lon="121.5636568"></trkpt>
      <trkpt lat="25.0183371" lon="121.5635582"></trkpt>
      <trkpt lat="25.0183727" lon="121.5634901"></trkpt>
      <trkpt lat="25.0183903" lon="121.5634236"></trkpt>
      <trkpt lat="25.0183774" lon="121.5633629"></trkpt>
      <trkpt lat="25.0183671" lon="121.5633337"></trkpt>
      <trkpt lat="25.0182478" lon="121.5631877"></trkpt>
      <trkpt lat="25.0182087" lon="121.5631230"></trkpt>
      <trkpt lat="25.0182010" lon="121.5630633"></trkpt>
      <trkpt lat="25.0182100" lon="121.5629056"></trkpt>
      <trkpt lat="25.0181986" lon="121.5628614"></trkpt>
      <trkpt lat="25.0181628" lon="121.5627754"></trkpt>
      <trkpt lat="25.0181023" lon="121.5626968"></trkpt>
      <trkpt lat="25.0180535" lon="121.5626204"></trkpt>
      <trkpt lat="25.0180182" lon="121.5625229"></trkpt>
      <trkpt lat="25.0179884" lon="121.5623463"></trkpt>
      <trkpt lat="25.0179911" lon="121.5623166"></trkpt>
      <trkpt lat="25.0179955" lon="121.5622602"></trkpt>
      <trkpt lat="25.0180722" lon="121.5620982"></trkpt>
      <trkpt lat="25.0180971" lon="121.5620244"></trkpt>
      <trkpt lat="25.0180898" lon="121.5619497"></trkpt>
      <trkpt lat="25.0180684" lon="121.5618858"></trkpt>
      <trkpt lat="25.0179898" lon="121.5617514"></trkpt>
      <trkpt lat="25.0179530" lon="121.5616535"></trkpt>
      <trkpt lat="25.0179325" lon="121.5615718"></trkpt>
      <trkpt lat="25.0179299" lon="121.5614950"></trkpt>
      <trkpt lat="25.0179392" lon="121.5614246"></trkpt>
      <trkpt lat="25.0179865" lon="121.5613906"></trkpt>
      <trkpt lat="25.0180824" lon="121.5613648"></trkpt>
      <trkpt lat="25.0181877" lon="121.5613525"></trkpt>
      <trkpt lat="25.0185639" lon="121.5614440"></trkpt>
      <trkpt lat="25.0186770" lon="121.5614527"></trkpt>
      <trkpt lat="25.0189098" lon="121.5614328"></trkpt>
      <trkpt lat="25.0190865" lon="121.5614593"></trkpt>
      <trkpt lat="25.0191822" lon="121.5614877"></trkpt>
      <trkpt lat="25.0194812" lon="121.5615475"></trkpt>
      <trkpt lat="25.0195172" lon="121.5615515"></trkpt>
      <trkpt lat="25.0195649" lon="121.5615427"></trkpt>
      <trkpt lat="25.0198529" lon="121.5614203"></trkpt>
      <trkpt lat="25.0199601" lon="121.5613748"></trkpt>
      <trkpt lat="25.0200174" lon="121.5613662"></trkpt>
      <trkpt lat="25.0200930" lon="121.5613804"></trkpt>
      <trkpt lat="25.0201519" lon="121.5614095"></trkpt>
      <trkpt lat="25.0202198" lon="121.5614636"></trkpt>
      <trkpt lat="25.0203332" lon="121.5615029"></trkpt>
      <trkpt lat="25.0204972" lon="121.5614850"></trkpt>
      <trkpt lat="25.0206747" lon="121.5614612"></trkpt>
      <trkpt lat="25.0207505" lon="121.5614252"></trkpt>
      <trkpt lat="25.0207999" lon="121.5613843"></trkpt>
      <trkpt lat="25.0208666" lon="121.5613032"></trkpt>
      <trkpt lat="25.0209392" lon="121.5612151"></trkpt>
      <trkpt lat="25.0210048" lon="121.5611882"></trkpt>
      <trkpt lat="25.0212077" lon="121.5612110"></trkpt>
      <trkpt lat="25.0213453" lon="121.5611741"></trkpt>
      <trkpt lat="25.0215883" lon="121.5610717"></trkpt>
      <trkpt lat="25.0216389" lon="121.5610066"></trkpt>
      <trkpt lat="25.0216547" lon="121.5609739"></trkpt>
      <trkpt lat="25.0216605" lon="121.5609433"></trkpt>
      <trkpt lat="25.0216554" lon="121.5608834"></trkpt>
      <trkpt lat="25.0216449" lon="121.5607901"></trkpt>
      <trkpt lat="25.0216742" lon="121.5606969"></trkpt>
      <trkpt lat="25.0217393" lon="121.5605751"></trkpt>
      <trkpt lat="25.0217914" lon="121.5605049"></trkpt>
      <trkpt lat="25.0218186" lon="121.5603910"></trkpt>
      <trkpt lat="25.0218144" lon="121.5602618"></trkpt>
      <trkpt lat="25.0218251" lon="121.5601459"></trkpt>
      <trkpt lat="25.0218497" lon="121.5600352"></trkpt>
      <trkpt lat="25.0219194" lon="121.5599789"></trkpt>
      <trkpt lat="25.0219934" lon="121.5599518"></trkpt>
      <trkpt lat="25.0220225" lon="121.5599468"></trkpt>
      <trkpt lat="25.0221467" lon="121.5599043"></trkpt>
      <trkpt lat="25.0223454" lon="121.5597630"></trkpt>
      <trkpt lat="25.0224335" lon="121.5596471"></trkpt>
      <trkpt lat="25.0224993" lon="121.5594592"></trkpt>
      <trkpt lat="25.0225808" lon="121.5593609"></trkpt>
      <trkpt lat="25.0226583" lon="121.5592675"></trkpt>
      <trkpt lat="25.0227539" lon="121.5590573"></trkpt>
      <trkpt lat="25.0228051" lon="121.5589861"></trkpt>
      <trkpt lat="25.0229768" lon="121.5588731"></trkpt>
      <trkpt lat="25.0231005" lon="121.5587760"></trkpt>
      <trkpt lat="25.0231882" lon="121.5587137"></trkpt>
      <trkpt lat="25.0232349" lon="121.5586741"></trkpt>
      <trkpt lat="25.0232621" lon="121.5586197"></trkpt>
      <trkpt lat="25.0232874" lon="121.5585492"></trkpt>
      <trkpt lat="25.0233089" lon="121.5584435"></trkpt>
      <trkpt lat="25.0233158" lon="121.5583186"></trkpt>
      <trkpt lat="25.0233185" lon="121.5581820"></trkpt>
      <trkpt lat="25.0230131" lon="121.5580087"></trkpt>
      <trkpt lat="25.0229094" lon="121.5579490"></trkpt>
      <trkpt lat="25.0227264" lon="121.5581076"></trkpt>
      <trkpt lat="25.0226887" lon="121.5581558"></trkpt>
      <trkpt lat="25.0226608" lon="121.5582081"></trkpt>
      <trkpt lat="25.0226285" lon="121.5583187"></trkpt>
      <trkpt lat="25.0225884" lon="121.5584341"></trkpt>
      <trkpt lat="25.0225088" lon="121.5585614"></trkpt>
      <trkpt lat="25.0223306" lon="121.5587307"></trkpt>
      <trkpt lat="25.0221475" lon="121.5588991"></trkpt>
      <trkpt lat="25.0220323" lon="121.5589702"></trkpt>
      <trkpt lat="25.0219893" lon="121.5589966"></trkpt>
      <trkpt lat="25.0215828" lon="121.5591476"></trkpt>
      <trkpt lat="25.0214461" lon="121.5592696"></trkpt>
      <trkpt lat="25.0213535" lon="121.5592108"></trkpt>
      <trkpt lat="25.0212603" lon="121.5592922"></trkpt>
      <trkpt lat="25.0212268" lon="121.5593398"></trkpt>
      <trkpt lat="25.0211818" lon="121.5593842"></trkpt>
      <trkpt lat="25.0208362" lon="121.5595323"></trkpt>
      <trkpt lat="25.0206651" lon="121.5595634"></trkpt>
      <trkpt lat="25.0205618" lon="121.5595621"></trkpt>
      <trkpt lat="25.0203771" lon="121.5595058"></trkpt>
      <trkpt lat="25.0202233" lon="121.5594903"></trkpt>
      <trkpt lat="25.0201012" lon="121.5595071"></trkpt>
      <trkpt lat="25.0198855" lon="121.5596003"></trkpt>
      <trkpt lat="25.0196637" lon="121.5596358"></trkpt>
      <trkpt lat="25.0193812" lon="121.5595718"></trkpt>
      <trkpt lat="25.0192586" lon="121.5596102"></trkpt>
      <trkpt lat="25.0191569" lon="121.5596649"></trkpt>
      <trkpt lat="25.0191801" lon="121.5597580"></trkpt>
      <trkpt lat="25.0191535" lon="121.5597919"></trkpt>
      <trkpt lat="25.0191213" lon="121.5598214"></trkpt>
      <trkpt lat="25.0190110" lon="121.5598637"></trkpt>
      <trkpt lat="25.0187699" lon="121.5599562"></trkpt>
      <trkpt lat="25.0183583" lon="121.5601140"></trkpt>
      <trkpt lat="25.0176779" lon="121.5603748"></trkpt>
      <trkpt lat="25.0175206" lon="121.5604332"></trkpt>
      <trkpt lat="25.0174631" lon="121.5604390"></trkpt>
      <trkpt lat="25.0173626" lon="121.5604204"></trkpt>
      <trkpt lat="25.0173324" lon="121.5603820"></trkpt>
      <trkpt lat="25.0173057" lon="121.5603331"></trkpt>
      <trkpt lat="25.0171609" lon="121.5601721"></trkpt>
      <trkpt lat="25.0170656" lon="121.5601233"></trkpt>
      <trkpt lat="25.0169332" lon="121.5601780"></trkpt>
      <trkpt lat="25.0167415" lon="121.5602304"></trkpt>
      <trkpt lat="25.0166501" lon="121.5602529"></trkpt>
      <trkpt lat="25.0165703" lon="121.5602677"></trkpt>
      <trkpt lat="25.0164055" lon="121.5602842"></trkpt>
      <trkpt lat="25.0163355" lon="121.5603649"></trkpt>
      <trkpt lat="25.0160157" lon="121.5606621"></trkpt>
      <trkpt lat="25.0158520" lon="121.5608286"></trkpt>
      <trkpt lat="25.0157672" lon="121.5608954"></trkpt>
      <trkpt lat="25.0157245" lon="121.5609380"></trkpt>
      <trkpt lat="25.0156825" lon="121.5609796"></trkpt>
      <trkpt lat="25.0154134" lon="121.5612136"></trkpt>
      <trkpt lat="25.0153500" lon="121.5612923"></trkpt>
      <trkpt lat="25.0153083" lon="121.5613439"></trkpt>
      <trkpt lat="25.0150689" lon="121.5616533"></trkpt>
      <trkpt lat="25.0150192" lon="121.5617232"></trkpt>
      <trkpt lat="25.0148624" lon="121.5619134"></trkpt>
      <trkpt lat="25.0146624" lon="121.5620791"></trkpt>
      <trkpt lat="25.0143245" lon="121.5622830"></trkpt>
      <trkpt lat="25.0141675" lon="121.5623770"></trkpt>
      <trkpt lat="25.0139210" lon="121.5625170"></trkpt>
      <trkpt lat="25.0136951" lon="121.5626393"></trkpt>
      <trkpt lat="25.0136531" lon="121.5626745"></trkpt>
      <trkpt lat="25.0136115" lon="121.5627268"></trkpt>
      <trkpt lat="25.0135441" lon="121.5628123"></trkpt>
      <trkpt lat="25.0133367" lon="121.5631137"></trkpt>
      <trkpt lat="25.0133029" lon="121.5631600"></trkpt>
      <trkpt lat="25.0132689" lon="121.5632155"></trkpt>
      <trkpt lat="25.0132879" lon="121.5633029"></trkpt>
      <trkpt lat="25.0133140" lon="121.5634863"></trkpt>
      <trkpt lat="25.0133198" lon="121.5636808"></trkpt>
      <trkpt lat="25.0133066" lon="121.5637865"></trkpt>
      <trkpt lat="25.0132590" lon="121.5639460"></trkpt>
      <trkpt lat="25.0131505" lon="121.5640983"></trkpt>
      <trkpt lat="25.0128440" lon="121.5644151"></trkpt>
      <trkpt lat="25.0127413" lon="121.5645153"></trkpt>
      <trkpt lat="25.0126107" lon="121.5646702"></trkpt>
      <trkpt lat="25.0124263" lon="121.5647890"></trkpt>
      <trkpt lat="25.0123683" lon="121.5648331"></trkpt>
      <trkpt lat="25.0122114" lon="121.5649103"></trkpt>
      <trkpt lat="25.0121591" lon="121.5649491"></trkpt>
      <trkpt lat="25.0121424" lon="121.5649990"></trkpt>
      <trkpt lat="25.0121388" lon="121.5650900"></trkpt>
      <trkpt lat="25.0121495" lon="121.5652488"></trkpt>
      <trkpt lat="25.0120847" lon="121.5653595"></trkpt>
      <trkpt lat="25.0120045" lon="121.5655527"></trkpt>
      <trkpt lat="25.0119436" lon="121.5657195"></trkpt>
      <trkpt lat="25.0119280" lon="121.5658802"></trkpt>
      <trkpt lat="25.0119537" lon="121.5660297"></trkpt>
      <trkpt lat="25.0119422" lon="121.5661722"></trkpt>
      <trkpt lat="25.0119194" lon="121.5663235"></trkpt>
      <trkpt lat="25.0119243" lon="121.5663895"></trkpt>
      <trkpt lat="25.0119676" lon="121.5665051"></trkpt>
      <trkpt lat="25.0119143" lon="121.5665672"></trkpt>
      <trkpt lat="25.0117979" lon="121.5667617"></trkpt>
      <trkpt lat="25.0117644" lon="121.5668335"></trkpt>
      <trkpt lat="25.0117420" lon="121.5668817"></trkpt>
      <trkpt lat="25.0116624" lon="121.5669412"></trkpt>
      <trkpt lat="25.0116304" lon="121.5669203"></trkpt>
      <trkpt lat="25.0116016" lon="121.5668552"></trkpt>
      <trkpt lat="25.0116304" lon="121.5669203"></trkpt>
      <trkpt lat="25.0116624" lon="121.5669412"></trkpt>
      <trkpt lat="25.0117420" lon="121.5668817"></trkpt>
      <trkpt lat="25.0117644" lon="121.5668335"></trkpt>
      <trkpt lat="25.0117979" lon="121.5667617"></trkpt>
      <trkpt lat="25.0119143" lon="121.5665672"></trkpt>
      <trkpt lat="25.0119676" lon="121.5665051"></trkpt>
      <trkpt lat="25.0119243" lon="121.5663895"></trkpt>
      <trkpt lat="25.0119194" lon="121.5663235"></trkpt>
      <trkpt lat="25.0119422" lon="121.5661722"></trkpt>
      <trkpt lat="25.0119537" lon="121.5660297"></trkpt>
      <trkpt lat="25.0119280" lon="121.5658802"></trkpt>
      <trkpt lat="25.0119436" lon="121.5657195"></trkpt>
      <trkpt lat="25.0120045" lon="121.5655527"></trkpt>
      <trkpt lat="25.0120847" lon="121.5653595"></trkpt>
      <trkpt lat="25.0121495" lon="121.5652488"></trkpt>
      <trkpt lat="25.0121388" lon="121.5650900"></trkpt>
      <trkpt lat="25.0121424" lon="121.5649990"></trkpt>
      <trkpt lat="25.0121591" lon="121.5649491"></trkpt>
      <trkpt lat="25.0122114" lon="121.5649103"></trkpt>
      <trkpt lat="25.0123683" lon="121.5648331"></trkpt>
      <trkpt lat="25.0124263" lon="121.5647890"></trkpt>
      <trkpt lat="25.0126107" lon="121.5646702"></trkpt>
      <trkpt lat="25.0127413" lon="121.5645153"></trkpt>
      <trkpt lat="25.0128440" lon="121.5644151"></trkpt>
      <trkpt lat="25.0131505" lon="121.5640983"></trkpt>
      <trkpt lat="25.0132590" lon="121.5639460"></trkpt>
      <trkpt lat="25.0133066" lon="121.5637865"></trkpt>
      <trkpt lat="25.0133198" lon="121.5636808"></trkpt>
      <trkpt lat="25.0133140" lon="121.5634863"></trkpt>
      <trkpt lat="25.0132879" lon="121.5633029"></trkpt>
      <trkpt lat="25.0132689" lon="121.5632155"></trkpt>
      <trkpt lat="25.0132148" lon="121.5632598"></trkpt>
      <trkpt lat="25.0131579" lon="121.5632910"></trkpt>
      <trkpt lat="25.0130006" lon="121.5633483"></trkpt>
      <trkpt lat="25.0129661" lon="121.5633583"></trkpt>
      <trkpt lat="25.0129427" lon="121.5632855"></trkpt>
      <trkpt lat="25.0129301" lon="121.5632463"></trkpt>
      <trkpt lat="25.0128799" lon="121.5630792"></trkpt>
      <trkpt lat="25.0125594" lon="121.5620117"></trkpt>
      <trkpt lat="25.0124426" lon="121.5617479"></trkpt>
      <trkpt lat="25.0124353" lon="121.5616708"></trkpt>
      <trkpt lat="25.0123971" lon="121.5615240"></trkpt>
      <trkpt lat="25.0123910" lon="121.5614701"></trkpt>
      <trkpt lat="25.0123963" lon="121.5614202"></trkpt>
      <trkpt lat="25.0124155" lon="121.5613830"></trkpt>
      <trkpt lat="25.0124317" lon="121.5613510"></trkpt>
      <trkpt lat="25.0125016" lon="121.5613094"></trkpt>
      <trkpt lat="25.0125784" lon="121.5612826"></trkpt>
      <trkpt lat="25.0127040" lon="121.5612141"></trkpt>
      <trkpt lat="25.0127380" lon="121.5611813"></trkpt>
      <trkpt lat="25.0127569" lon="121.5611333"></trkpt>
      <trkpt lat="25.0128053" lon="121.5608680"></trkpt>
      <trkpt lat="25.0127608" lon="121.5606311"></trkpt>
      <trkpt lat="25.0127554" lon="121.5603742"></trkpt>
      <trkpt lat="25.0127551" lon="121.5602563"></trkpt>
      <trkpt lat="25.0127470" lon="121.5601960"></trkpt>
      <trkpt lat="25.0127337" lon="121.5601560"></trkpt>
      <trkpt lat="25.0126632" lon="121.5600548"></trkpt>
      <trkpt lat="25.0126496" lon="121.5600227"></trkpt>
      <trkpt lat="25.0126369" lon="121.5599549"></trkpt>
      <trkpt lat="25.0126263" lon="121.5598952"></trkpt>
      <trkpt lat="25.0126243" lon="121.5598161"></trkpt>
      <trkpt lat="25.0126120" lon="121.5597697"></trkpt>
      <trkpt lat="25.0125859" lon="121.5597183"></trkpt>
      <trkpt lat="25.0126120" lon="121.5597697"></trkpt>
      <trkpt lat="25.0126243" lon="121.5598161"></trkpt>
      <trkpt lat="25.0126263" lon="121.5598952"></trkpt>
      <trkpt lat="25.0126369" lon="121.5599549"></trkpt>
      <trkpt lat="25.0126496" lon="121.5600227"></trkpt>
      <trkpt lat="25.0126632" lon="121.5600548"></trkpt>
      <trkpt lat="25.0127337" lon="121.5601560"></trkpt>
      <trkpt lat="25.0127470" lon="121.5601960"></trkpt>
      <trkpt lat="25.0127551" lon="121.5602563"></trkpt>
      <trkpt lat="25.0127554" lon="121.5603742"></trkpt>
      <trkpt lat="25.0127608" lon="121.5606311"></trkpt>
      <trkpt lat="25.0128053" lon="121.5608680"></trkpt>
      <trkpt lat="25.0127569" lon="121.5611333"></trkpt>
      <trkpt lat="25.0127380" lon="121.5611813"></trkpt>
      <trkpt lat="25.0127040" lon="121.5612141"></trkpt>
      <trkpt lat="25.0125784" lon="121.5612826"></trkpt>
      <trkpt lat="25.0125016" lon="121.5613094"></trkpt>
      <trkpt lat="25.0124317" lon="121.5613510"></trkpt>
      <trkpt lat="25.0124155" lon="121.5613830"></trkpt>
      <trkpt lat="25.0123963" lon="121.5614202"></trkpt>
      <trkpt lat="25.0123910" lon="121.5614701"></trkpt>
      <trkpt lat="25.0123971" lon="121.5615240"></trkpt>
      <trkpt lat="25.0124353" lon="121.5616708"></trkpt>
      <trkpt lat="25.0124426" lon="121.5617479"></trkpt>
      <trkpt lat="25.0125594" lon="121.5620117"></trkpt>
      <trkpt lat="25.0128799" lon="121.5630792"></trkpt>
      <trkpt lat="25.0129301" lon="121.5632463"></trkpt>
      <trkpt lat="25.0129427" lon="121.5632855"></trkpt>
      <trkpt lat="25.0129661" lon="121.5633583"></trkpt>
      <trkpt lat="25.0130006" lon="121.5633483"></trkpt>
      <trkpt lat="25.0131579" lon="121.5632910"></trkpt>
      <trkpt lat="25.0132148" lon="121.5632598"></trkpt>
      <trkpt lat="25.0132689" lon="121.5632155"></trkpt>
      <trkpt lat="25.0133029" lon="121.5631600"></trkpt>
      <trkpt lat="25.0133367" lon="121.5631137"></trkpt>
      <trkpt lat="25.0135441" lon="121.5628123"></trkpt>
      <trkpt lat="25.0136115" lon="121.5627268"></trkpt>
      <trkpt lat="25.0136531" lon="121.5626745"></trkpt>
      <trkpt lat="25.0136951" lon="121.5626393"></trkpt>
      <trkpt lat="25.0139210" lon="121.5625170"></trkpt>
      <trkpt lat="25.0141675" lon="121.5623770"></trkpt>
      <trkpt lat="25.0143245" lon="121.5622830"></trkpt>
      <trkpt lat="25.0146624" lon="121.5620791"></trkpt>
      <trkpt lat="25.0148624" lon="121.5619134"></trkpt>
      <trkpt lat="25.0150192" lon="121.5617232"></trkpt>
      <trkpt lat="25.0150689" lon="121.5616533"></trkpt>
      <trkpt lat="25.0153083" lon="121.5613439"></trkpt>
      <trkpt lat="25.0153500" lon="121.5612923"></trkpt>
      <trkpt lat="25.0154134" lon="121.5612136"></trkpt>
      <trkpt lat="25.0156825" lon="121.5609796"></trkpt>
      <trkpt lat="25.0157245" lon="121.5609380"></trkpt>
      <trkpt lat="25.0157672" lon="121.5608954"></trkpt>
      <trkpt lat="25.0158520" lon="121.5608286"></trkpt>
      <trkpt lat="25.0160157" lon="121.5606621"></trkpt>
      <trkpt lat="25.0163910" lon="121.5604866"></trkpt>
      <trkpt lat="25.0168676" lon="121.5603108"></trkpt>
      <trkpt lat="25.0170596" lon="121.5602304"></trkpt>
      <trkpt lat="25.0171609" lon="121.5601721"></trkpt>
      <trkpt lat="25.0170656" lon="121.5601233"></trkpt>
      <trkpt lat="25.0168020" lon="121.5598884"></trkpt>
      <trkpt lat="25.0168603" lon="121.5596738"></trkpt>
      <trkpt lat="25.0169381" lon="121.5592286"></trkpt>
      <trkpt lat="25.0170213" lon="121.5583964"></trkpt>
      <trkpt lat="25.0170403" lon="121.5570807"></trkpt>
      <trkpt lat="25.0174841" lon="121.5570213"></trkpt>
      <trkpt lat="25.0177678" lon="121.5569757"></trkpt>
      <trkpt lat="25.0179204" lon="121.5569463"></trkpt>
      <trkpt lat="25.0181002" lon="121.5569181"></trkpt>
      <trkpt lat="25.0181453" lon="121.5569100"></trkpt>
      <trkpt lat="25.0184309" lon="121.5569048"></trkpt>
      <trkpt lat="25.0185244" lon="121.5568906"></trkpt>
      <trkpt lat="25.0185381" lon="121.5568180"></trkpt>
      <trkpt lat="25.0185526" lon="121.5563248"></trkpt>
      <trkpt lat="25.0186418" lon="121.5563145"></trkpt>
      <trkpt lat="25.0191067" lon="121.5562691"></trkpt>
      <trkpt lat="25.0193820" lon="121.5562422"></trkpt>
      <trkpt lat="25.0194951" lon="121.5562312"></trkpt>
      <trkpt lat="25.0199511" lon="121.5561866"></trkpt>
      <trkpt lat="25.0201440" lon="121.5561678"></trkpt>
      <trkpt lat="25.0204725" lon="121.5558175"></trkpt>
      <trkpt lat="25.0208164" lon="121.5554483"></trkpt>
      <trkpt lat="25.0211353" lon="121.5551108"></trkpt>
      <trkpt lat="25.0214419" lon="121.5547761"></trkpt>
      <trkpt lat="25.0219035" lon="121.5542818"></trkpt>
      <trkpt lat="25.0220410" lon="121.5543631"></trkpt>
      <trkpt lat="25.0221552" lon="121.5544557"></trkpt>
      <trkpt lat="25.0222774" lon="121.5545659"></trkpt>
      <trkpt lat="25.0222962" lon="121.5545829"></trkpt>
      <trkpt lat="25.0224289" lon="121.5547027"></trkpt>
      <trkpt lat="25.0224698" lon="121.5546581"></trkpt>
      <trkpt lat="25.0230607" lon="121.5540115"></trkpt>
      <trkpt lat="25.0231592" lon="121.5539152"></trkpt>
      <trkpt lat="25.0233935" lon="121.5536755"></trkpt>
      <trkpt lat="25.0235668" lon="121.5538625"></trkpt>
      <trkpt lat="25.0237502" lon="121.5540699"></trkpt>
      <trkpt lat="25.0238893" lon="121.5539124"></trkpt>
      <trkpt lat="25.0242923" lon="121.5539343"></trkpt>
      <trkpt lat="25.0242945" lon="121.5538914"></trkpt>
      <trkpt lat="25.0243171" lon="121.5534406"></trkpt>
      <trkpt lat="25.0243288" lon="121.5532081"></trkpt>
      <trkpt lat="25.0243404" lon="121.5529778"></trkpt>
      <trkpt lat="25.0243461" lon="121.5529220"></trkpt>
      <trkpt lat="25.0244086" lon="121.5529248"></trkpt>
      <trkpt lat="25.0244707" lon="121.5529160"></trkpt>
      <trkpt lat="25.0245306" lon="121.5528958"></trkpt>
      <trkpt lat="25.0245866" lon="121.5528648"></trkpt>
      <trkpt lat="25.0246610" lon="121.5527813"></trkpt>
      <trkpt lat="25.0246934" lon="121.5527225"></trkpt>
      <trkpt lat="25.0247163" lon="121.5526585"></trkpt>
      <trkpt lat="25.0247290" lon="121.5525911"></trkpt>
      <trkpt lat="25.0247312" lon="121.5525223"></trkpt>
      <trkpt lat="25.0247228" lon="121.5524541"></trkpt>
      <trkpt lat="25.0247955" lon="121.5524278"></trkpt>
      <trkpt lat="25.0249773" lon="121.5523557"></trkpt>
      <trkpt lat="25.0250687" lon="121.5523179"></trkpt>
      <trkpt lat="25.0252205" lon="121.5522621"></trkpt>
      <trkpt lat="25.0254696" lon="121.5521703"></trkpt>
      <trkpt lat="25.0258275" lon="121.5520452"></trkpt>
      <trkpt lat="25.0258829" lon="121.5520259"></trkpt>
      <trkpt lat="25.0259439" lon="121.5520018"></trkpt>
      <trkpt lat="25.0266202" lon="121.5517514"></trkpt>
      <trkpt lat="25.0266671" lon="121.5517347"></trkpt>
      <trkpt lat="25.0267164" lon="121.5517136"></trkpt>
      <trkpt lat="25.0274205" lon="121.5514510"></trkpt>
      <trkpt lat="25.0274617" lon="121.5514400"></trkpt>
      <trkpt lat="25.0275105" lon="121.5514247"></trkpt>
      <trkpt lat="25.0278277" lon="121.5512942"></trkpt>
      <trkpt lat="25.0280526" lon="121.5511976"></trkpt>
      <trkpt lat="25.0281227" lon="121.5511716"></trkpt>
      <trkpt lat="25.0281850" lon="121.5511438"></trkpt>
      <trkpt lat="25.0282534" lon="121.5511218"></trkpt>
      <trkpt lat="25.0284252" lon="121.5510516"></trkpt>
      <trkpt lat="25.0285947" lon="121.5509940"></trkpt>
      <trkpt lat="25.0289159" lon="121.5508781"></trkpt>
      <trkpt lat="25.0290171" lon="121.5508477"></trkpt>
      <trkpt lat="25.0291073" lon="121.5508117"></trkpt>
      <trkpt lat="25.0291664" lon="121.5507937"></trkpt>
      <trkpt lat="25.0299399" lon="121.5504569"></trkpt>
      <trkpt lat="25.0302500" lon="121.5503518"></trkpt>
      <trkpt lat="25.0304641" lon="121.5502282"></trkpt>
      <trkpt lat="25.0305503" lon="121.5502153"></trkpt>
      <trkpt lat="25.0308165" lon="121.5501407"></trkpt>
      <trkpt lat="25.0309493" lon="121.5501398"></trkpt>
      <trkpt lat="25.0310707" lon="121.5501402"></trkpt>
      <trkpt lat="25.0317724" lon="121.5501428"></trkpt>
      <trkpt lat="25.0321405" lon="121.5501441"></trkpt>
      <trkpt lat="25.0321941" lon="121.5501436"></trkpt>
      <trkpt lat="25.0325815" lon="121.5501399"></trkpt>
      <trkpt lat="25.0328675" lon="121.5501420"></trkpt>
      <trkpt lat="25.0330781" lon="121.5501444"></trkpt>
      <trkpt lat="25.0330774" lon="121.5501775"></trkpt>
      <trkpt lat="25.0330671" lon="121.5506686"></trkpt>
      <trkpt lat="25.0330496" lon="121.5514752"></trkpt>
      <trkpt lat="25.0331207" lon="121.5514759"></trkpt>
      <trkpt lat="25.0331780" lon="121.5514764"></trkpt>
      <trkpt lat="25.0332299" lon="121.5514769"></trkpt>
      <trkpt lat="25.0333045" lon="121.5514776"></trkpt>
      <trkpt lat="25.0333017" lon="121.5516092"></trkpt>
      <trkpt lat="25.0333834" lon="121.5516113"></trkpt>
      <trkpt lat="25.0336795" lon="121.5516188"></trkpt>
      <trkpt lat="25.0338983" lon="121.5516243"></trkpt>
      <trkpt lat="25.0339389" lon="121.5516253"></trkpt>
      <trkpt lat="25.0341122" lon="121.5516297"></trkpt>
      <trkpt lat="25.0342559" lon="121.5516333"></trkpt>
      <trkpt lat="25.0342929" lon="121.5516342"></trkpt>
      <trkpt lat="25.0343485" lon="121.5516356"></trkpt>
      <trkpt lat="25.0346402" lon="121.5516430"></trkpt>
      <trkpt lat="25.0346850" lon="121.5516441"></trkpt>
      <trkpt lat="25.0347349" lon="121.5516454"></trkpt>
      <trkpt lat="25.0349746" lon="121.5516515"></trkpt>
      <trkpt lat="25.0350106" lon="121.5516595"></trkpt>
      <trkpt lat="25.0350101" lon="121.5517391"></trkpt>
      <trkpt lat="25.0350049" lon="121.5523905"></trkpt>
      <trkpt lat="25.0350039" lon="121.5524611"></trkpt>
      <trkpt lat="25.0347349" lon="121.5524534"></trkpt>
      <trkpt lat="25.0346677" lon="121.5524510"></trkpt>
      <trkpt lat="25.0346680" lon="121.5525624"></trkpt>
      <trkpt lat="25.0347344" lon="121.5525629"></trkpt>
      <trkpt lat="25.0350061" lon="121.5525746"></trkpt>
      <trkpt lat="25.0353469" lon="121.5525808"></trkpt>
      <trkpt lat="25.0354178" lon="121.5525821"></trkpt>
      <trkpt lat="25.0354838" lon="121.5525833"></trkpt>
      <trkpt lat="25.0361259" lon="121.5525945"></trkpt>
      <trkpt lat="25.0361529" lon="121.5525931"></trkpt>
      <trkpt lat="25.0362150" lon="121.5525616"></trkpt>
      <trkpt lat="25.0362439" lon="121.5525354"></trkpt>
      <trkpt lat="25.0362998" lon="121.5526052"></trkpt>
      <trkpt lat="25.0364548" lon="121.5527532"></trkpt>
      <trkpt lat="25.0366129" lon="121.5529149"></trkpt>
      <trkpt lat="25.0369964" lon="121.5529258"></trkpt>
      <trkpt lat="25.0370558" lon="121.5529275"></trkpt>
      <trkpt lat="25.0371107" lon="121.5529285"></trkpt>
      <trkpt lat="25.0375111" lon="121.5529357"></trkpt>
      <trkpt lat="25.0375099" lon="121.5529899"></trkpt>
      <trkpt lat="25.0375184" lon="121.5530143"></trkpt>
      <trkpt lat="25.0375232" lon="121.5530436"></trkpt>
      <trkpt lat="25.0375897" lon="121.5530442"></trkpt>
      <trkpt lat="25.0376947" lon="121.5530435"></trkpt>
      <trkpt lat="25.0377176" lon="121.5530434"></trkpt>
      <trkpt lat="25.0378356" lon="121.5530472"></trkpt>
      <trkpt lat="25.0378655" lon="121.5530469"></trkpt>
      <trkpt lat="25.0378871" lon="121.5530467"></trkpt>
      <trkpt lat="25.0379640" lon="121.5530463"></trkpt>
      <trkpt lat="25.0380212" lon="121.5530467"></trkpt>
      <trkpt lat="25.0380610" lon="121.5530200"></trkpt>
      <trkpt lat="25.0380624" lon="121.5529402"></trkpt>
      <trkpt lat="25.0384969" lon="121.5529482"></trkpt>
      <trkpt lat="25.0389663" lon="121.5529501"></trkpt>
      <trkpt lat="25.0394223" lon="121.5529518"></trkpt>
      <trkpt lat="25.0393971" lon="121.5540656"></trkpt>
      <trkpt lat="25.0393823" lon="121.5546390"></trkpt>
      <trkpt lat="25.0393777" lon="121.5549304"></trkpt>
      <trkpt lat="25.0393724" lon="121.5550249"></trkpt>
      <trkpt lat="25.0398294" lon="121.5549022"></trkpt>
      <trkpt lat="25.0398315" lon="121.5548135"></trkpt>
      <trkpt lat="25.0398431" lon="121.5540748"></trkpt>
      <trkpt lat="25.0398782" lon="121.5529574"></trkpt>
      <trkpt lat="25.0399026" lon="121.5517929"></trkpt>
      <trkpt lat="25.0399243" lon="121.5507600"></trkpt>
      <trkpt lat="25.0399478" lon="121.5496356"></trkpt>
      <trkpt lat="25.0398042" lon="121.5496335"></trkpt>
      <trkpt lat="25.0397681" lon="121.5496726"></trkpt>
      <trkpt lat="25.0394887" lon="121.5499762"></trkpt>
      <trkpt lat="25.0394714" lon="121.5507559"></trkpt>
      <trkpt lat="25.0399243" lon="121.5507600"></trkpt>
      <trkpt lat="25.0403902" lon="121.5507643"></trkpt>
      <trkpt lat="25.0406279" lon="121.5507621"></trkpt>
      <trkpt lat="25.0408569" lon="121.5507685"></trkpt>
      <trkpt lat="25.0413137" lon="121.5507727"></trkpt>
      <trkpt lat="25.0414101" lon="121.5507736"></trkpt>
      <trkpt lat="25.0413908" lon="121.5518126"></trkpt>
      <trkpt lat="25.0413710" lon="121.5528894"></trkpt>
      <trkpt lat="25.0413694" lon="121.5529768"></trkpt>
      <trkpt lat="25.0415189" lon="121.5529787"></trkpt>
      <trkpt lat="25.0415595" lon="121.5529797"></trkpt>
      <trkpt lat="25.0420421" lon="121.5529947"></trkpt>
      <trkpt lat="25.0425243" lon="121.5530095"></trkpt>
      <trkpt lat="25.0429454" lon="121.5530134"></trkpt>
      <trkpt lat="25.0429864" lon="121.5530172"></trkpt>
      <trkpt lat="25.0430275" lon="121.5530129"></trkpt>
      <trkpt lat="25.0433934" lon="121.5530197"></trkpt>
      <trkpt lat="25.0434341" lon="121.5530205"></trkpt>
      <trkpt lat="25.0434806" lon="121.5530192"></trkpt>
      <trkpt lat="25.0441199" lon="121.5530156"></trkpt>
      <trkpt lat="25.0441917" lon="121.5530134"></trkpt>
      <trkpt lat="25.0442330" lon="121.5529959"></trkpt>
      <trkpt lat="25.0442352" lon="121.5531208"></trkpt>
      <trkpt lat="25.0442373" lon="121.5532576"></trkpt>
      <trkpt lat="25.0442331" lon="121.5535649"></trkpt>
      <trkpt lat="25.0442475" lon="121.5537594"></trkpt>
      <trkpt lat="25.0445125" lon="121.5537795"></trkpt>
      <trkpt lat="25.0445441" lon="121.5537782"></trkpt>
      <trkpt lat="25.0446746" lon="121.5537635"></trkpt>
      <trkpt lat="25.0450049" lon="121.5537203"></trkpt>
      <trkpt lat="25.0453910" lon="121.5536698"></trkpt>
      <trkpt lat="25.0455853" lon="121.5536444"></trkpt>
      <trkpt lat="25.0457852" lon="121.5536183"></trkpt>
      <trkpt lat="25.0460966" lon="121.5535775"></trkpt>
      <trkpt lat="25.0461817" lon="121.5535664"></trkpt>
      <trkpt lat="25.0461881" lon="121.5536159"></trkpt>
      <trkpt lat="25.0462495" lon="121.5540905"></trkpt>
      <trkpt lat="25.0462632" lon="121.5541960"></trkpt>
      <trkpt lat="25.0463318" lon="121.5542135"></trkpt>
      <trkpt lat="25.0467357" lon="121.5543167"></trkpt>
      <trkpt lat="25.0471970" lon="121.5539902"></trkpt>
      <trkpt lat="25.0475516" lon="121.5537184"></trkpt>
      <trkpt lat="25.0476314" lon="121.5536572"></trkpt>
      <trkpt lat="25.0480195" lon="121.5536427"></trkpt>
      <trkpt lat="25.0480739" lon="121.5536272"></trkpt>
      <trkpt lat="25.0481659" lon="121.5536138"></trkpt>
      <trkpt lat="25.0481688" lon="121.5535604"></trkpt>
      <trkpt lat="25.0481710" lon="121.5535098"></trkpt>
      <trkpt lat="25.0481736" lon="121.5534485"></trkpt>
      <trkpt lat="25.0481751" lon="121.5534152"></trkpt>
      <trkpt lat="25.0481763" lon="121.5533420"></trkpt>
      <trkpt lat="25.0481777" lon="121.5532846"></trkpt>
      <trkpt lat="25.0481785" lon="121.5532223"></trkpt>
      <trkpt lat="25.0481792" lon="121.5531663"></trkpt>
      <trkpt lat="25.0481828" lon="121.5528864"></trkpt>
      <trkpt lat="25.0481839" lon="121.5528038"></trkpt>
      <trkpt lat="25.0481847" lon="121.5527365"></trkpt>
      <trkpt lat="25.0481851" lon="121.5527109"></trkpt>
      <trkpt lat="25.0481817" lon="121.5525652"></trkpt>
      <trkpt lat="25.0481779" lon="121.5524775"></trkpt>
      <trkpt lat="25.0481782" lon="121.5524361"></trkpt>
      <trkpt lat="25.0481789" lon="121.5523596"></trkpt>
      <trkpt lat="25.0481919" lon="121.5508595"></trkpt>
      <trkpt lat="25.0481925" lon="121.5507948"></trkpt>
      <trkpt lat="25.0481930" lon="121.5507403"></trkpt>
      <trkpt lat="25.0481920" lon="121.5506212"></trkpt>
      <trkpt lat="25.0482900" lon="121.5506194"></trkpt>
      <trkpt lat="25.0483044" lon="121.5506191"></trkpt>
      <trkpt lat="25.0483246" lon="121.5506245"></trkpt>
      <trkpt lat="25.0483561" lon="121.5506328"></trkpt>
      <trkpt lat="25.0483860" lon="121.5506407"></trkpt>
      <trkpt lat="25.0484905" lon="121.5506684"></trkpt>
      <trkpt lat="25.0485728" lon="121.5506730"></trkpt>
      <trkpt lat="25.0486792" lon="121.5507055"></trkpt>
      <trkpt lat="25.0488474" lon="121.5507086"></trkpt>
      <trkpt lat="25.0489211" lon="121.5507066"></trkpt>
      <trkpt lat="25.0489974" lon="121.5507061"></trkpt>
      <trkpt lat="25.0491763" lon="121.5506848"></trkpt>
      <trkpt lat="25.0493464" lon="121.5506909"></trkpt>
      <trkpt lat="25.0496744" lon="121.5507025"></trkpt>
      <trkpt lat="25.0498922" lon="121.5507102"></trkpt>
      <trkpt lat="25.0500707" lon="121.5507212"></trkpt>
      <trkpt lat="25.0501749" lon="121.5507298"></trkpt>
      <trkpt lat="25.0505328" lon="121.5509742"></trkpt>
      <trkpt lat="25.0506026" lon="121.5509784"></trkpt>
      <trkpt lat="25.0515320" lon="121.5509943"></trkpt>
      <trkpt lat="25.0516305" lon="121.5509971"></trkpt>
      <trkpt lat="25.0516075" lon="121.5523473"></trkpt>
      <trkpt lat="25.0516060" lon="121.5524040"></trkpt>
      <trkpt lat="25.0516057" lon="121.5524729"></trkpt>
      <trkpt lat="25.0517246" lon="121.5524779"></trkpt>
      <trkpt lat="25.0518133" lon="121.5524801"></trkpt>
      <trkpt lat="25.0518525" lon="121.5525158"></trkpt>
      <trkpt lat="25.0518465" lon="121.5526100"></trkpt>
      <trkpt lat="25.0518865" lon="121.5526109"></trkpt>
      <trkpt lat="25.0519243" lon="121.5526117"></trkpt>
      <trkpt lat="25.0522127" lon="121.5526245"></trkpt>
      <trkpt lat="25.0522605" lon="121.5526287"></trkpt>
      <trkpt lat="25.0522890" lon="121.5526296"></trkpt>
      <trkpt lat="25.0524332" lon="121.5526342"></trkpt>
      <trkpt lat="25.0527964" lon="121.5526425"></trkpt>
      <trkpt lat="25.0531919" lon="121.5526494"></trkpt>
      <trkpt lat="25.0532635" lon="121.5526505"></trkpt>
      <trkpt lat="25.0533352" lon="121.5526557"></trkpt>
      <trkpt lat="25.0533414" lon="121.5528579"></trkpt>
      <trkpt lat="25.0533970" lon="121.5528608"></trkpt>
      <trkpt lat="25.0534327" lon="121.5528624"></trkpt>
      <trkpt lat="25.0534779" lon="121.5528644"></trkpt>
      <trkpt lat="25.0537417" lon="121.5528814"></trkpt>
      <trkpt lat="25.0541233" lon="121.5528935"></trkpt>
      <trkpt lat="25.0541668" lon="121.5528949"></trkpt>
      <trkpt lat="25.0542157" lon="121.5528967"></trkpt>
      <trkpt lat="25.0542812" lon="121.5528988"></trkpt>
      <trkpt lat="25.0543111" lon="121.5528997"></trkpt>
      <trkpt lat="25.0544505" lon="121.5529042"></trkpt>
      <trkpt lat="25.0544545" lon="121.5529801"></trkpt>
      <trkpt lat="25.0545001" lon="121.5535486"></trkpt>
      <trkpt lat="25.0545135" lon="121.5537166"></trkpt>
      <trkpt lat="25.0545381" lon="121.5540232"></trkpt>
      <trkpt lat="25.0546005" lon="121.5540148"></trkpt>
      <trkpt lat="25.0551812" lon="121.5539681"></trkpt>
      <trkpt lat="25.0552340" lon="121.5539638"></trkpt>
      <trkpt lat="25.0552759" lon="121.5539607"></trkpt>
      <trkpt lat="25.0557139" lon="121.5539277"></trkpt>
      <trkpt lat="25.0559994" lon="121.5539057"></trkpt>
      <trkpt lat="25.0561597" lon="121.5538941"></trkpt>
      <trkpt lat="25.0562187" lon="121.5538913"></trkpt>
      <trkpt lat="25.0562165" lon="121.5531003"></trkpt>
      <trkpt lat="25.0562168" lon="121.5530475"></trkpt>
      <trkpt lat="25.0562351" lon="121.5529641"></trkpt>
      <trkpt lat="25.0562891" lon="121.5528762"></trkpt>
      <trkpt lat="25.0563087" lon="121.5528398"></trkpt>
      <trkpt lat="25.0564309" lon="121.5526123"></trkpt>
      <trkpt lat="25.0564938" lon="121.5524525"></trkpt>
      <trkpt lat="25.0565441" lon="121.5522961"></trkpt>
      <trkpt lat="25.0565984" lon="121.5520891"></trkpt>
      <trkpt lat="25.0566093" lon="121.5520473"></trkpt>
      <trkpt lat="25.0566160" lon="121.5519595"></trkpt>
      <trkpt lat="25.0566447" lon="121.5516753"></trkpt>
      <trkpt lat="25.0566208" lon="121.5514658"></trkpt>
      <trkpt lat="25.0566028" lon="121.5513012"></trkpt>
      <trkpt lat="25.0566411" lon="121.5512782"></trkpt>
      <trkpt lat="25.0568157" lon="121.5511887"></trkpt>
      <trkpt lat="25.0569992" lon="121.5510632"></trkpt>
      <trkpt lat="25.0571883" lon="121.5508638"></trkpt>
      <trkpt lat="25.0573746" lon="121.5506674"></trkpt>
      <trkpt lat="25.0575602" lon="121.5505744"></trkpt>
      <trkpt lat="25.0576739" lon="121.5505456"></trkpt>
      <trkpt lat="25.0577468" lon="121.5505271"></trkpt>
      <trkpt lat="25.0577379" lon="121.5504396"></trkpt>
      <trkpt lat="25.0577062" lon="121.5501015"></trkpt>
      <trkpt lat="25.0576373" lon="121.5493746"></trkpt>
      <trkpt lat="25.0576819" lon="121.5493836"></trkpt>
      <trkpt lat="25.0577791" lon="121.5494023"></trkpt>
      <trkpt lat="25.0578283" lon="121.5494185"></trkpt>
      <trkpt lat="25.0578841" lon="121.5500536"></trkpt>
      <trkpt lat="25.0579256" lon="121.5504128"></trkpt>
      <trkpt lat="25.0579292" lon="121.5504432"></trkpt>
      <trkpt lat="25.0579327" lon="121.5504736"></trkpt>
      <trkpt lat="25.0579722" lon="121.5504775"></trkpt>
      <trkpt lat="25.0581705" lon="121.5504970"></trkpt>
      <trkpt lat="25.0582541" lon="121.5505072"></trkpt>
      <trkpt lat="25.0582923" lon="121.5505123"></trkpt>
      <trkpt lat="25.0583296" lon="121.5505153"></trkpt>
      <trkpt lat="25.0588098" lon="121.5505544"></trkpt>
      <trkpt lat="25.0588586" lon="121.5505594"></trkpt>
      <trkpt lat="25.0588625" lon="121.5506220"></trkpt>
      <trkpt lat="25.0589000" lon="121.5511168"></trkpt>
      <trkpt lat="25.0589034" lon="121.5511630"></trkpt>
      <trkpt lat="25.0589072" lon="121.5512127"></trkpt>
      <trkpt lat="25.0589034" lon="121.5511630"></trkpt>
      <trkpt lat="25.0589000" lon="121.5511168"></trkpt>
      <trkpt lat="25.0588625" lon="121.5506220"></trkpt>
      <trkpt lat="25.0588586" lon="121.5505594"></trkpt>
      <trkpt lat="25.0589588" lon="121.5506020"></trkpt>
      <trkpt lat="25.0591844" lon="121.5507138"></trkpt>
      <trkpt lat="25.0592535" lon="121.5507481"></trkpt>
      <trkpt lat="25.0595566" lon="121.5508982"></trkpt>
      <trkpt lat="25.0596521" lon="121.5509453"></trkpt>
      <trkpt lat="25.0598982" lon="121.5510682"></trkpt>
      <trkpt lat="25.0600812" lon="121.5511609"></trkpt>
      <trkpt lat="25.0601220" lon="121.5511811"></trkpt>
      <trkpt lat="25.0601833" lon="121.5512108"></trkpt>
      <trkpt lat="25.0601549" lon="121.5512941"></trkpt>
      <trkpt lat="25.0601216" lon="121.5513760"></trkpt>
      <trkpt lat="25.0599450" lon="121.5518106"></trkpt>
      <trkpt lat="25.0599315" lon="121.5518440"></trkpt>
      <trkpt lat="25.0599225" lon="121.5518661"></trkpt>
      <trkpt lat="25.0598672" lon="121.5520021"></trkpt>
      <trkpt lat="25.0598501" lon="121.5520442"></trkpt>
      <trkpt lat="25.0598070" lon="121.5521502"></trkpt>
      <trkpt lat="25.0597773" lon="121.5522470"></trkpt>
      <trkpt lat="25.0597622" lon="121.5523663"></trkpt>
      <trkpt lat="25.0597598" lon="121.5524944"></trkpt>
      <trkpt lat="25.0597769" lon="121.5526404"></trkpt>
      <trkpt lat="25.0598829" lon="121.5530840"></trkpt>
      <trkpt lat="25.0599007" lon="121.5531585"></trkpt>
      <trkpt lat="25.0599167" lon="121.5532256"></trkpt>
      <trkpt lat="25.0599660" lon="121.5531946"></trkpt>
      <trkpt lat="25.0601607" lon="121.5530722"></trkpt>
      <trkpt lat="25.0604500" lon="121.5528840"></trkpt>
      <trkpt lat="25.0614346" lon="121.5522867"></trkpt>
      <trkpt lat="25.0614874" lon="121.5522547"></trkpt>
      <trkpt lat="25.0615724" lon="121.5522031"></trkpt>
      <trkpt lat="25.0616484" lon="121.5528263"></trkpt>
      <trkpt lat="25.0618284" lon="121.5544235"></trkpt>
      <trkpt lat="25.0618320" lon="121.5544559"></trkpt>
      <trkpt lat="25.0618370" lon="121.5545003"></trkpt>
      <trkpt lat="25.0619713" lon="121.5544859"></trkpt>
      <trkpt lat="25.0620693" lon="121.5544753"></trkpt>
      <trkpt lat="25.0620723" lon="121.5544969"></trkpt>
      <trkpt lat="25.0620813" lon="121.5545627"></trkpt>
      <trkpt lat="25.0621306" lon="121.5545530"></trkpt>
      <trkpt lat="25.0625165" lon="121.5544767"></trkpt>
      <trkpt lat="25.0625739" lon="121.5544662"></trkpt>
      <trkpt lat="25.0625941" lon="121.5544009"></trkpt>
      <trkpt lat="25.0626006" lon="121.5543345"></trkpt>
      <trkpt lat="25.0626613" lon="121.5540349"></trkpt>
      <trkpt lat="25.0626689" lon="121.5539313"></trkpt>
      <trkpt lat="25.0626638" lon="121.5538485"></trkpt>
      <trkpt lat="25.0626607" lon="121.5537259"></trkpt>
      <trkpt lat="25.0626553" lon="121.5535119"></trkpt>
      <trkpt lat="25.0626526" lon="121.5534041"></trkpt>
      <trkpt lat="25.0626470" lon="121.5531778"></trkpt>
      <trkpt lat="25.0627617" lon="121.5531734"></trkpt>
      <trkpt lat="25.0630755" lon="121.5531564"></trkpt>
      <trkpt lat="25.0631308" lon="121.5531535"></trkpt>
      <trkpt lat="25.0631648" lon="121.5531517"></trkpt>
      <trkpt lat="25.0633038" lon="121.5531455"></trkpt>
      <trkpt lat="25.0633736" lon="121.5531423"></trkpt>
      <trkpt lat="25.0633975" lon="121.5531412"></trkpt>
      <trkpt lat="25.0634506" lon="121.5530919"></trkpt>
      <trkpt lat="25.0634772" lon="121.5530307"></trkpt>
      <trkpt lat="25.0634915" lon="121.5529373"></trkpt>
      <trkpt lat="25.0634831" lon="121.5525333"></trkpt>
      <trkpt lat="25.0634813" lon="121.5524458"></trkpt>
      <trkpt lat="25.0634729" lon="121.5520405"></trkpt>
      <trkpt lat="25.0634691" lon="121.5518606"></trkpt>
      <trkpt lat="25.0634682" lon="121.5518161"></trkpt>
      <trkpt lat="25.0634675" lon="121.5517791"></trkpt>
      <trkpt lat="25.0634655" lon="121.5516690"></trkpt>
      <trkpt lat="25.0634592" lon="121.5513212"></trkpt>
      <trkpt lat="25.0634506" lon="121.5509713"></trkpt>
      <trkpt lat="25.0634337" lon="121.5508791"></trkpt>
      <trkpt lat="25.0634298" lon="121.5507159"></trkpt>
      <trkpt lat="25.0634256" lon="121.5505405"></trkpt>
      <trkpt lat="25.0634199" lon="121.5503070"></trkpt>
      <trkpt lat="25.0634005" lon="121.5502393"></trkpt>
      <trkpt lat="25.0633667" lon="121.5502072"></trkpt>
      <trkpt lat="25.0631621" lon="121.5502057"></trkpt>
      <trkpt lat="25.0631512" lon="121.5501842"></trkpt>
      <trkpt lat="25.0631219" lon="121.5501286"></trkpt>
      <trkpt lat="25.0631190" lon="121.5500356"></trkpt>
      <trkpt lat="25.0631347" lon="121.5499596"></trkpt>
      <trkpt lat="25.0635372" lon="121.5494483"></trkpt>
      <trkpt lat="25.0636689" lon="121.5494466"></trkpt>
      <trkpt lat="25.0645158" lon="121.5494134"></trkpt>
      <trkpt lat="25.0652213" lon="121.5493857"></trkpt>
      <trkpt lat="25.0652687" lon="121.5514773"></trkpt>
      <trkpt lat="25.0657255" lon="121.5514637"></trkpt>
      <trkpt lat="25.0667510" lon="121.5513346"></trkpt>
      <trkpt lat="25.0657255" lon="121.5514637"></trkpt>
      <trkpt lat="25.0652687" lon="121.5514773"></trkpt>
      <trkpt lat="25.0652213" lon="121.5493857"></trkpt>
      <trkpt lat="25.0645158" lon="121.5494134"></trkpt>
      <trkpt lat="25.0636689" lon="121.5494466"></trkpt>
      <trkpt lat="25.0635372" lon="121.5494483"></trkpt>
      <trkpt lat="25.0631347" lon="121.5499596"></trkpt>
      <trkpt lat="25.0629786" lon="121.5501424"></trkpt>
      <trkpt lat="25.0628700" lon="121.5502506"></trkpt>
      <trkpt lat="25.0626515" lon="121.5504453"></trkpt>
      <trkpt lat="25.0625208" lon="121.5505781"></trkpt>
      <trkpt lat="25.0624717" lon="121.5506717"></trkpt>
      <trkpt lat="25.0624477" lon="121.5507458"></trkpt>
      <trkpt lat="25.0623828" lon="121.5507527"></trkpt>
      <trkpt lat="25.0621475" lon="121.5507973"></trkpt>
      <trkpt lat="25.0617396" lon="121.5505596"></trkpt>
      <trkpt lat="25.0617178" lon="121.5504120"></trkpt>
      <trkpt lat="25.0616472" lon="121.5503932"></trkpt>
      <trkpt lat="25.0617356" lon="121.5499147"></trkpt>
      <trkpt lat="25.0618161" lon="121.5499350"></trkpt>
      <trkpt lat="25.0620162" lon="121.5499940"></trkpt>
      <trkpt lat="25.0628003" lon="121.5489675"></trkpt>
      <trkpt lat="25.0628286" lon="121.5489304"></trkpt>
      <trkpt lat="25.0630465" lon="121.5486780"></trkpt>
      <trkpt lat="25.0630838" lon="121.5486330"></trkpt>
      <trkpt lat="25.0635621" lon="121.5480139"></trkpt>
      <trkpt lat="25.0637501" lon="121.5477781"></trkpt>
      <trkpt lat="25.0637894" lon="121.5477288"></trkpt>
      <trkpt lat="25.0638081" lon="121.5477053"></trkpt>
      <trkpt lat="25.0638252" lon="121.5476836"></trkpt>
      <trkpt lat="25.0648016" lon="121.5464663"></trkpt>
      <trkpt lat="25.0648410" lon="121.5464190"></trkpt>
      <trkpt lat="25.0652829" lon="121.5458714"></trkpt>
      <trkpt lat="25.0653181" lon="121.5458260"></trkpt>
      <trkpt lat="25.0658357" lon="121.5451752"></trkpt>
      <trkpt lat="25.0658727" lon="121.5451293"></trkpt>
      <trkpt lat="25.0662806" lon="121.5446164"></trkpt>
      <trkpt lat="25.0663101" lon="121.5445798"></trkpt>
      <trkpt lat="25.0663337" lon="121.5445498"></trkpt>
      <trkpt lat="25.0664702" lon="121.5443667"></trkpt>
      <trkpt lat="25.0665491" lon="121.5442574"></trkpt>
      <trkpt lat="25.0666640" lon="121.5441010"></trkpt>
      <trkpt lat="25.0671259" lon="121.5434723"></trkpt>
      <trkpt lat="25.0671851" lon="121.5433893"></trkpt>
      <trkpt lat="25.0672355" lon="121.5433181"></trkpt>
      <trkpt lat="25.0673278" lon="121.5431879"></trkpt>
      <trkpt lat="25.0675392" lon="121.5428955"></trkpt>
      <trkpt lat="25.0677554" lon="121.5425414"></trkpt>
      <trkpt lat="25.0679036" lon="121.5422786"></trkpt>
      <trkpt lat="25.0680299" lon="121.5420063"></trkpt>
      <trkpt lat="25.0680712" lon="121.5418843"></trkpt>
      <trkpt lat="25.0681132" lon="121.5416804"></trkpt>
      <trkpt lat="25.0681389" lon="121.5414868"></trkpt>
      <trkpt lat="25.0681479" lon="121.5412042"></trkpt>
      <trkpt lat="25.0681501" lon="121.5411362"></trkpt>
      <trkpt lat="25.0681513" lon="121.5410982"></trkpt>
      <trkpt lat="25.0681557" lon="121.5410079"></trkpt>
      <trkpt lat="25.0681580" lon="121.5409251"></trkpt>
      <trkpt lat="25.0681921" lon="121.5396990"></trkpt>
      <trkpt lat="25.0682120" lon="121.5385184"></trkpt>
      <trkpt lat="25.0682129" lon="121.5384658"></trkpt>
      <trkpt lat="25.0682133" lon="121.5384361"></trkpt>
      <trkpt lat="25.0682149" lon="121.5383468"></trkpt>
      <trkpt lat="25.0682187" lon="121.5381307"></trkpt>
      <trkpt lat="25.0682674" lon="121.5381301"></trkpt>
      <trkpt lat="25.0682966" lon="121.5381298"></trkpt>
      <trkpt lat="25.0690630" lon="121.5381213"></trkpt>
      <trkpt lat="25.0691920" lon="121.5381216"></trkpt>
      <trkpt lat="25.0692324" lon="121.5381258"></trkpt>
      <trkpt lat="25.0693032" lon="121.5381442"></trkpt>
      <trkpt lat="25.0694087" lon="121.5381869"></trkpt>
      <trkpt lat="25.0694687" lon="121.5382244"></trkpt>
      <trkpt lat="25.0695291" lon="121.5382825"></trkpt>
      <trkpt lat="25.0696170" lon="121.5384262"></trkpt>
      <trkpt lat="25.0696826" lon="121.5384584"></trkpt>
      <trkpt lat="25.0700127" lon="121.5384743"></trkpt>
      <trkpt lat="25.0701363" lon="121.5384782"></trkpt>
      <trkpt lat="25.0704613" lon="121.5384866"></trkpt>
      <trkpt lat="25.0708749" lon="121.5384888"></trkpt>
      <trkpt lat="25.0713812" lon="121.5385049"></trkpt>
      <trkpt lat="25.0713764" lon="121.5385578"></trkpt>
      <trkpt lat="25.0713399" lon="121.5395000"></trkpt>
      <trkpt lat="25.0713204" lon="121.5400024"></trkpt>
      <trkpt lat="25.0712948" lon="121.5406620"></trkpt>
      <trkpt lat="25.0711902" lon="121.5433621"></trkpt>
      <trkpt lat="25.0710809" lon="121.5437059"></trkpt>
      <trkpt lat="25.0711295" lon="121.5441377"></trkpt>
      <trkpt lat="25.0711702" lon="121.5445407"></trkpt>
      <trkpt lat="25.0712687" lon="121.5446816"></trkpt>
      <trkpt lat="25.0710849" lon="121.5492228"></trkpt>
      <trkpt lat="25.0709844" lon="121.5493006"></trkpt>
      <trkpt lat="25.0709646" lon="121.5503064"></trkpt>
      <trkpt lat="25.0711495" lon="121.5503517"></trkpt>
      <trkpt lat="25.0714815" lon="121.5503447"></trkpt>
      <trkpt lat="25.0715740" lon="121.5506159"></trkpt>
      <trkpt lat="25.0715604" lon="121.5512065"></trkpt>
      <trkpt lat="25.0719337" lon="121.5512092"></trkpt>
      <trkpt lat="25.0719889" lon="121.5512085"></trkpt>
      <trkpt lat="25.0720068" lon="121.5512084"></trkpt>
      <trkpt lat="25.0720351" lon="121.5512082"></trkpt>
      <trkpt lat="25.0721508" lon="121.5512076"></trkpt>
      <trkpt lat="25.0721539" lon="121.5513702"></trkpt>
      <trkpt lat="25.0721988" lon="121.5513696"></trkpt>
      <trkpt lat="25.0723531" lon="121.5513673"></trkpt>
      <trkpt lat="25.0723878" lon="121.5513668"></trkpt>
      <trkpt lat="25.0725091" lon="121.5514827"></trkpt>
      <trkpt lat="25.0725714" lon="121.5515332"></trkpt>
      <trkpt lat="25.0725904" lon="121.5515487"></trkpt>
      <trkpt lat="25.0728640" lon="121.5518649"></trkpt>
      <trkpt lat="25.0732481" lon="121.5523088"></trkpt>
      <trkpt lat="25.0735312" lon="121.5525686"></trkpt>
      <trkpt lat="25.0732481" lon="121.5523088"></trkpt>
      <trkpt lat="25.0728640" lon="121.5518649"></trkpt>
      <trkpt lat="25.0725904" lon="121.5515487"></trkpt>
      <trkpt lat="25.0725714" lon="121.5515332"></trkpt>
      <trkpt lat="25.0725091" lon="121.5514827"></trkpt>
      <trkpt lat="25.0723878" lon="121.5513668"></trkpt>
      <trkpt lat="25.0725091" lon="121.5514827"></trkpt>
      <trkpt lat="25.0725714" lon="121.5515332"></trkpt>
      <trkpt lat="25.0725904" lon="121.5515487"></trkpt>
      <trkpt lat="25.0728640" lon="121.5518649"></trkpt>
      <trkpt lat="25.0732481" lon="121.5523088"></trkpt>
      <trkpt lat="25.0735312" lon="121.5525686"></trkpt>
      <trkpt lat="25.0732481" lon="121.5523088"></trkpt>
      <trkpt lat="25.0728640" lon="121.5518649"></trkpt>
      <trkpt lat="25.0725904" lon="121.5515487"></trkpt>
      <trkpt lat="25.0725714" lon="121.5515332"></trkpt>
      <trkpt lat="25.0725091" lon="121.5514827"></trkpt>
      <trkpt lat="25.0723878" lon="121.5513668"></trkpt>
      <trkpt lat="25.0723646" lon="121.5511083"></trkpt>
      <trkpt lat="25.0723559" lon="121.5510435"></trkpt>
      <trkpt lat="25.0723042" lon="121.5506602"></trkpt>
      <trkpt lat="25.0723039" lon="121.5506387"></trkpt>
      <trkpt lat="25.0722975" lon="121.5501940"></trkpt>
      <trkpt lat="25.0722909" lon="121.5497321"></trkpt>
      <trkpt lat="25.0723043" lon="121.5491072"></trkpt>
      <trkpt lat="25.0723351" lon="121.5476664"></trkpt>
      <trkpt lat="25.0723346" lon="121.5476376"></trkpt>
      <trkpt lat="25.0723544" lon="121.5475130"></trkpt>
      <trkpt lat="25.0723633" lon="121.5473906"></trkpt>
      <trkpt lat="25.0724025" lon="121.5457071"></trkpt>
      <trkpt lat="25.0724119" lon="121.5450210"></trkpt>
      <trkpt lat="25.0724131" lon="121.5445936"></trkpt>
      <trkpt lat="25.0724135" lon="121.5445533"></trkpt>
      <trkpt lat="25.0724143" lon="121.5445156"></trkpt>
      <trkpt lat="25.0724135" lon="121.5443647"></trkpt>
      <trkpt lat="25.0724925" lon="121.5443645"></trkpt>
      <trkpt lat="25.0730156" lon="121.5443753"></trkpt>
      <trkpt lat="25.0734905" lon="121.5443914"></trkpt>
      <trkpt lat="25.0744779" lon="121.5444083"></trkpt>
      <trkpt lat="25.0750385" lon="121.5444398"></trkpt>
      <trkpt lat="25.0767120" lon="121.5444700"></trkpt>
      <trkpt lat="25.0768474" lon="121.5445235"></trkpt>
      <trkpt lat="25.0769733" lon="121.5445458"></trkpt>
      <trkpt lat="25.0770705" lon="121.5445800"></trkpt>
      <trkpt lat="25.0771360" lon="121.5446206"></trkpt>
      <trkpt lat="25.0772248" lon="121.5446997"></trkpt>
      <trkpt lat="25.0772940" lon="121.5448114"></trkpt>
      <trkpt lat="25.0773286" lon="121.5448999"></trkpt>
      <trkpt lat="25.0773450" lon="121.5449710"></trkpt>
      <trkpt lat="25.0773571" lon="121.5450809"></trkpt>
      <trkpt lat="25.0773244" lon="121.5464141"></trkpt>
      <trkpt lat="25.0773272" lon="121.5467571"></trkpt>
      <trkpt lat="25.0773008" lon="121.5479621"></trkpt>
      <trkpt lat="25.0773228" lon="121.5481894"></trkpt>
      <trkpt lat="25.0772556" lon="121.5508670"></trkpt>
      <trkpt lat="25.0773437" lon="121.5510644"></trkpt>
      <trkpt lat="25.0775294" lon="121.5513909"></trkpt>
      <trkpt lat="25.0777013" lon="121.5516561"></trkpt>
      <trkpt lat="25.0778416" lon="121.5518063"></trkpt>
      <trkpt lat="25.0779868" lon="121.5519399"></trkpt>
      <trkpt lat="25.0781477" lon="121.5520605"></trkpt>
      <trkpt lat="25.0783164" lon="121.5521579"></trkpt>
      <trkpt lat="25.0784289" lon="121.5522107"></trkpt>
      <trkpt lat="25.0785472" lon="121.5522607"></trkpt>
      <trkpt lat="25.0785309" lon="121.5523783"></trkpt>
      <trkpt lat="25.0785285" lon="121.5533637"></trkpt>
      <trkpt lat="25.0786776" lon="121.5533541"></trkpt>
      <trkpt lat="25.0792444" lon="121.5533070"></trkpt>
      <trkpt lat="25.0798596" lon="121.5532582"></trkpt>
      <trkpt lat="25.0799364" lon="121.5532421"></trkpt>
      <trkpt lat="25.0800229" lon="121.5532193"></trkpt>
      <trkpt lat="25.0801022" lon="121.5531964"></trkpt>
      <trkpt lat="25.0810974" lon="121.5528590"></trkpt>
      <trkpt lat="25.0810952" lon="121.5537274"></trkpt>
      <trkpt lat="25.0810951" lon="121.5537951"></trkpt>
      <trkpt lat="25.0810952" lon="121.5537274"></trkpt>
      <trkpt lat="25.0810974" lon="121.5528590"></trkpt>
      <trkpt lat="25.0818868" lon="121.5525828"></trkpt>
      <trkpt lat="25.0819507" lon="121.5525632"></trkpt>
      <trkpt lat="25.0819493" lon="121.5524786"></trkpt>
      <trkpt lat="25.0819596" lon="121.5515479"></trkpt>
      <trkpt lat="25.0819506" lon="121.5514639"></trkpt>
      <trkpt lat="25.0819328" lon="121.5513345"></trkpt>
      <trkpt lat="25.0818748" lon="121.5513551"></trkpt>
      <trkpt lat="25.0810541" lon="121.5516626"></trkpt>
      <trkpt lat="25.0810433" lon="121.5515793"></trkpt>
      <trkpt lat="25.0810508" lon="121.5509151"></trkpt>
      <trkpt lat="25.0810679" lon="121.5503147"></trkpt>
      <trkpt lat="25.0810683" lon="121.5502755"></trkpt>
      <trkpt lat="25.0810852" lon="121.5492158"></trkpt>
      <trkpt lat="25.0810897" lon="121.5491498"></trkpt>
      <trkpt lat="25.0811523" lon="121.5491693"></trkpt>
      <trkpt lat="25.0812995" lon="121.5492066"></trkpt>
      <trkpt lat="25.0815170" lon="121.5492622"></trkpt>
      <trkpt lat="25.0819149" lon="121.5493621"></trkpt>
      <trkpt lat="25.0819594" lon="121.5493731"></trkpt>
      <trkpt lat="25.0827159" lon="121.5495597"></trkpt>
      <trkpt lat="25.0827713" lon="121.5495728"></trkpt>
      <trkpt lat="25.0827665" lon="121.5496317"></trkpt>
      <trkpt lat="25.0827394" lon="121.5502663"></trkpt>
      <trkpt lat="25.0827370" lon="121.5503280"></trkpt>
      <trkpt lat="25.0827896" lon="121.5503288"></trkpt>
      <trkpt lat="25.0838147" lon="121.5503325"></trkpt>
      <trkpt lat="25.0838900" lon="121.5503491"></trkpt>
      <trkpt lat="25.0838870" lon="121.5503624"></trkpt>
      <trkpt lat="25.0838842" lon="121.5503748"></trkpt>
      <trkpt lat="25.0838259" lon="121.5506329"></trkpt>
      <trkpt lat="25.0838109" lon="121.5506992"></trkpt>
      <trkpt lat="25.0837977" lon="121.5507654"></trkpt>
      <trkpt lat="25.0837679" lon="121.5508998"></trkpt>
      <trkpt lat="25.0838225" lon="121.5508952"></trkpt>
      <trkpt lat="25.0840436" lon="121.5509078"></trkpt>
      <trkpt lat="25.0842417" lon="121.5509408"></trkpt>
      <trkpt lat="25.0844012" lon="121.5509894"></trkpt>
      <trkpt lat="25.0845744" lon="121.5510687"></trkpt>
      <trkpt lat="25.0847375" lon="121.5511655"></trkpt>
      <trkpt lat="25.0848683" lon="121.5512625"></trkpt>
      <trkpt lat="25.0849953" lon="121.5513812"></trkpt>
      <trkpt lat="25.0851129" lon="121.5515074"></trkpt>
      <trkpt lat="25.0852274" lon="121.5516719"></trkpt>
      <trkpt lat="25.0853199" lon="121.5518291"></trkpt>
      <trkpt lat="25.0854150" lon="121.5520571"></trkpt>
      <trkpt lat="25.0854659" lon="121.5522227"></trkpt>
      <trkpt lat="25.0855053" lon="121.5523998"></trkpt>
      <trkpt lat="25.0855278" lon="121.5526157"></trkpt>
      <trkpt lat="25.0855856" lon="121.5528671"></trkpt>
      <trkpt lat="25.0854696" lon="121.5532744"></trkpt>
      <trkpt lat="25.0853055" lon="121.5538147"></trkpt>
      <trkpt lat="25.0852784" lon="121.5539010"></trkpt>
      <trkpt lat="25.0854122" lon="121.5539465"></trkpt>
      <trkpt lat="25.0855120" lon="121.5539830"></trkpt>
      <trkpt lat="25.0857217" lon="121.5540491"></trkpt>
      <trkpt lat="25.0858138" lon="121.5540822"></trkpt>
      <trkpt lat="25.0861913" lon="121.5542386"></trkpt>
      <trkpt lat="25.0862970" lon="121.5542988"></trkpt>
      <trkpt lat="25.0863850" lon="121.5543936"></trkpt>
      <trkpt lat="25.0864587" lon="121.5545096"></trkpt>
      <trkpt lat="25.0864924" lon="121.5545895"></trkpt>
      <trkpt lat="25.0865469" lon="121.5547729"></trkpt>
      <trkpt lat="25.0865414" lon="121.5549505"></trkpt>
      <trkpt lat="25.0864948" lon="121.5551462"></trkpt>
      <trkpt lat="25.0864780" lon="121.5552761"></trkpt>
      <trkpt lat="25.0865357" lon="121.5554416"></trkpt>
      <trkpt lat="25.0865938" lon="121.5555170"></trkpt>
      <trkpt lat="25.0870005" lon="121.5559766"></trkpt>
      <trkpt lat="25.0872569" lon="121.5563560"></trkpt>
      <trkpt lat="25.0872931" lon="121.5565158"></trkpt>
      <trkpt lat="25.0872800" lon="121.5566563"></trkpt>
      <trkpt lat="25.0871939" lon="121.5567734"></trkpt>
      <trkpt lat="25.0871682" lon="121.5568400"></trkpt>
      <trkpt lat="25.0871498" lon="121.5570894"></trkpt>
      <trkpt lat="25.0871549" lon="121.5576497"></trkpt>
      <trkpt lat="25.0871403" lon="121.5577275"></trkpt>
      <trkpt lat="25.0870038" lon="121.5579515"></trkpt>
      <trkpt lat="25.0869938" lon="121.5580286"></trkpt>
      <trkpt lat="25.0870068" lon="121.5580960"></trkpt>
      <trkpt lat="25.0870301" lon="121.5581197"></trkpt>
      <trkpt lat="25.0870710" lon="121.5581249"></trkpt>
      <trkpt lat="25.0871117" lon="121.5581196"></trkpt>
      <trkpt lat="25.0871713" lon="121.5580688"></trkpt>
      <trkpt lat="25.0872920" lon="121.5579325"></trkpt>
      <trkpt lat="25.0877167" lon="121.5573533"></trkpt>
      <trkpt lat="25.0877919" lon="121.5572252"></trkpt>
      <trkpt lat="25.0878404" lon="121.5570443"></trkpt>
      <trkpt lat="25.0878524" lon="121.5569561"></trkpt>
      <trkpt lat="25.0878533" lon="121.5567574"></trkpt>
      <trkpt lat="25.0878431" lon="121.5564899"></trkpt>
      <trkpt lat="25.0878338" lon="121.5562469"></trkpt>
      <trkpt lat="25.0878325" lon="121.5558460"></trkpt>
      <trkpt lat="25.0877105" lon="121.5554614"></trkpt>
      <trkpt lat="25.0877281" lon="121.5551042"></trkpt>
      <trkpt lat="25.0877488" lon="121.5548642"></trkpt>
      <trkpt lat="25.0877860" lon="121.5547342"></trkpt>
      <trkpt lat="25.0878111" lon="121.5546992"></trkpt>
      <trkpt lat="25.0878477" lon="121.5546484"></trkpt>
      <trkpt lat="25.0881911" lon="121.5542883"></trkpt>
      <trkpt lat="25.0882806" lon="121.5541686"></trkpt>
      <trkpt lat="25.0883822" lon="121.5539119"></trkpt>
      <trkpt lat="25.0884725" lon="121.5537303"></trkpt>
      <trkpt lat="25.0884960" lon="121.5536830"></trkpt>
      <trkpt lat="25.0885484" lon="121.5534434"></trkpt>
      <trkpt lat="25.0885843" lon="121.5532884"></trkpt>
      <trkpt lat="25.0887019" lon="121.5530750"></trkpt>
      <trkpt lat="25.0888443" lon="121.5529501"></trkpt>
      <trkpt lat="25.0890922" lon="121.5528095"></trkpt>
      <trkpt lat="25.0894213" lon="121.5524837"></trkpt>
      <trkpt lat="25.0895452" lon="121.5523268"></trkpt>
      <trkpt lat="25.0895658" lon="121.5522624"></trkpt>
      <trkpt lat="25.0895512" lon="121.5521820"></trkpt>
      <trkpt lat="25.0894799" lon="121.5520844"></trkpt>
      <trkpt lat="25.0893869" lon="121.5519971"></trkpt>
      <trkpt lat="25.0894102" lon="121.5519190"></trkpt>
      <trkpt lat="25.0895002" lon="121.5516507"></trkpt>
      <trkpt lat="25.0896360" lon="121.5514971"></trkpt>
      <trkpt lat="25.0897954" lon="121.5514430"></trkpt>
      <trkpt lat="25.0898664" lon="121.5514517"></trkpt>
      <trkpt lat="25.0900913" lon="121.5512798"></trkpt>
      <trkpt lat="25.0901001" lon="121.5512531"></trkpt>
      <trkpt lat="25.0900922" lon="121.5512037"></trkpt>
      <trkpt lat="25.0899971" lon="121.5511358"></trkpt>
      <trkpt lat="25.0897138" lon="121.5509990"></trkpt>
      <trkpt lat="25.0895508" lon="121.5509364"></trkpt>
      <trkpt lat="25.0897138" lon="121.5509990"></trkpt>
      <trkpt lat="25.0899971" lon="121.5511358"></trkpt>
      <trkpt lat="25.0900922" lon="121.5512037"></trkpt>
      <trkpt lat="25.0901001" lon="121.5512531"></trkpt>
      <trkpt lat="25.0900913" lon="121.5512798"></trkpt>
      <trkpt lat="25.0898664" lon="121.5514517"></trkpt>
      <trkpt lat="25.0898901" lon="121.5514698"></trkpt>
      <trkpt lat="25.0899178" lon="121.5515738"></trkpt>
      <trkpt lat="25.0899087" lon="121.5516760"></trkpt>
      <trkpt lat="25.0899106" lon="121.5517885"></trkpt>
      <trkpt lat="25.0899274" lon="121.5518622"></trkpt>
      <trkpt lat="25.0899630" lon="121.5519221"></trkpt>
      <trkpt lat="25.0900543" lon="121.5519902"></trkpt>
      <trkpt lat="25.0901561" lon="121.5520901"></trkpt>
      <trkpt lat="25.0902059" lon="121.5521826"></trkpt>
      <trkpt lat="25.0902283" lon="121.5522524"></trkpt>
      <trkpt lat="25.0902344" lon="121.5523550"></trkpt>
      <trkpt lat="25.0901870" lon="121.5525883"></trkpt>
      <trkpt lat="25.0901778" lon="121.5526956"></trkpt>
      <trkpt lat="25.0901634" lon="121.5527987"></trkpt>
      <trkpt lat="25.0901117" lon="121.5529109"></trkpt>
      <trkpt lat="25.0900194" lon="121.5529921"></trkpt>
      <trkpt lat="25.0898849" lon="121.5530988"></trkpt>
      <trkpt lat="25.0898482" lon="121.5531414"></trkpt>
      <trkpt lat="25.0898303" lon="121.5532046"></trkpt>
      <trkpt lat="25.0898395" lon="121.5532867"></trkpt>
      <trkpt lat="25.0898784" lon="121.5533533"></trkpt>
      <trkpt lat="25.0899365" lon="121.5533785"></trkpt>
      <trkpt lat="25.0900336" lon="121.5533831"></trkpt>
      <trkpt lat="25.0901554" lon="121.5533116"></trkpt>
      <trkpt lat="25.0903366" lon="121.5531735"></trkpt>
      <trkpt lat="25.0904533" lon="121.5531475"></trkpt>
      <trkpt lat="25.0905240" lon="121.5531318"></trkpt>
      <trkpt lat="25.0908878" lon="121.5530854"></trkpt>
      <trkpt lat="25.0912485" lon="121.5530149"></trkpt>
      <trkpt lat="25.0914486" lon="121.5530061"></trkpt>
      <trkpt lat="25.0915865" lon="121.5530608"></trkpt>
      <trkpt lat="25.0917334" lon="121.5531647"></trkpt>
      <trkpt lat="25.0919787" lon="121.5532953"></trkpt>
      <trkpt lat="25.0921389" lon="121.5533509"></trkpt>
      <trkpt lat="25.0922666" lon="121.5533952"></trkpt>
      <trkpt lat="25.0924914" lon="121.5534905"></trkpt>
      <trkpt lat="25.0925809" lon="121.5535497"></trkpt>
      <trkpt lat="25.0926356" lon="121.5535940"></trkpt>
      <trkpt lat="25.0926000" lon="121.5534196"></trkpt>
      <trkpt lat="25.0926047" lon="121.5533551"></trkpt>
      <trkpt lat="25.0926383" lon="121.5531372"></trkpt>
      <trkpt lat="25.0927402" lon="121.5529252"></trkpt>
      <trkpt lat="25.0928460" lon="121.5527885"></trkpt>
      <trkpt lat="25.0929158" lon="121.5527726"></trkpt>
      <trkpt lat="25.0929364" lon="121.5528012"></trkpt>
      <trkpt lat="25.0929280" lon="121.5528711"></trkpt>
      <trkpt lat="25.0928855" lon="121.5529898"></trkpt>
      <trkpt lat="25.0928442" lon="121.5530562"></trkpt>
      <trkpt lat="25.0928209" lon="121.5530941"></trkpt>
      <trkpt lat="25.0928263" lon="121.5531182"></trkpt>
      <trkpt lat="25.0928696" lon="121.5531096"></trkpt>
      <trkpt lat="25.0928942" lon="121.5531200"></trkpt>
      <trkpt lat="25.0929160" lon="121.5531921"></trkpt>
      <trkpt lat="25.0929582" lon="121.5532535"></trkpt>
      <trkpt lat="25.0930476" lon="121.5532939"></trkpt>
      <trkpt lat="25.0931307" lon="121.5533377"></trkpt>
      <trkpt lat="25.0932198" lon="121.5533705"></trkpt>
      <trkpt lat="25.0932761" lon="121.5533792"></trkpt>
      <trkpt lat="25.0933171" lon="121.5533932"></trkpt>
      <trkpt lat="25.0932610" lon="121.5533013"></trkpt>
      <trkpt lat="25.0932251" lon="121.5532502"></trkpt>
      <trkpt lat="25.0931861" lon="121.5531818"></trkpt>
      <trkpt lat="25.0931934" lon="121.5531327"></trkpt>
      <trkpt lat="25.0932132" lon="121.5530854"></trkpt>
      <trkpt lat="25.0932518" lon="121.5530310"></trkpt>
      <trkpt lat="25.0932966" lon="121.5529870"></trkpt>
      <trkpt lat="25.0933627" lon="121.5528823"></trkpt>
      <trkpt lat="25.0934135" lon="121.5528011"></trkpt>
      <trkpt lat="25.0934365" lon="121.5527643"></trkpt>
      <trkpt lat="25.0935135" lon="121.5526341"></trkpt>
      <trkpt lat="25.0936282" lon="121.5525160"></trkpt>
      <trkpt lat="25.0937222" lon="121.5524286"></trkpt>
      <trkpt lat="25.0938123" lon="121.5522505"></trkpt>
      <trkpt lat="25.0938523" lon="121.5521535"></trkpt>
      <trkpt lat="25.0938829" lon="121.5520472"></trkpt>
      <trkpt lat="25.0938468" lon="121.5518722"></trkpt>
      <trkpt lat="25.0938356" lon="121.5517088"></trkpt>
      <trkpt lat="25.0938807" lon="121.5515681"></trkpt>
      <trkpt lat="25.0939107" lon="121.5514575"></trkpt>
      <trkpt lat="25.0939935" lon="121.5512612"></trkpt>
      <trkpt lat="25.0940819" lon="121.5511146"></trkpt>
      <trkpt lat="25.0942432" lon="121.5507818"></trkpt>
      <trkpt lat="25.0943762" lon="121.5504912"></trkpt>
      <trkpt lat="25.0944086" lon="121.5502912"></trkpt>
      <trkpt lat="25.0944365" lon="121.5502201"></trkpt>
      <trkpt lat="25.0945408" lon="121.5502019"></trkpt>
      <trkpt lat="25.0946175" lon="121.5502992"></trkpt>
      <trkpt lat="25.0946976" lon="121.5506050"></trkpt>
      <trkpt lat="25.0947572" lon="121.5506533"></trkpt>
      <trkpt lat="25.0948397" lon="121.5508732"></trkpt>
      <trkpt lat="25.0948993" lon="121.5508746"></trkpt>
      <trkpt lat="25.0949600" lon="121.5509162"></trkpt>
      <trkpt lat="25.0949843" lon="121.5509913"></trkpt>
      <trkpt lat="25.0949721" lon="121.5510637"></trkpt>
      <trkpt lat="25.0949090" lon="121.5511393"></trkpt>
      <trkpt lat="25.0948613" lon="121.5513043"></trkpt>
      <trkpt lat="25.0948260" lon="121.5513891"></trkpt>
      <trkpt lat="25.0948385" lon="121.5515014"></trkpt>
      <trkpt lat="25.0948841" lon="121.5515999"></trkpt>
      <trkpt lat="25.0949158" lon="121.5516203"></trkpt>
      <trkpt lat="25.0948841" lon="121.5515999"></trkpt>
      <trkpt lat="25.0948385" lon="121.5515014"></trkpt>
      <trkpt lat="25.0948260" lon="121.5513891"></trkpt>
      <trkpt lat="25.0948613" lon="121.5513043"></trkpt>
      <trkpt lat="25.0949090" lon="121.5511393"></trkpt>
      <trkpt lat="25.0949721" lon="121.5510637"></trkpt>
      <trkpt lat="25.0949843" lon="121.5509913"></trkpt>
      <trkpt lat="25.0949600" lon="121.5509162"></trkpt>
      <trkpt lat="25.0948993" lon="121.5508746"></trkpt>
      <trkpt lat="25.0948397" lon="121.5508732"></trkpt>
      <trkpt lat="25.0947572" lon="121.5506533"></trkpt>
      <trkpt lat="25.0946976" lon="121.5506050"></trkpt>
      <trkpt lat="25.0946175" lon="121.5502992"></trkpt>
      <trkpt lat="25.0945408" lon="121.5502019"></trkpt>
      <trkpt lat="25.0944365" lon="121.5502201"></trkpt>
      <trkpt lat="25.0944086" lon="121.5502912"></trkpt>
      <trkpt lat="25.0943762" lon="121.5504912"></trkpt>
      <trkpt lat="25.0942432" lon="121.5507818"></trkpt>
      <trkpt lat="25.0940819" lon="121.5511146"></trkpt>
      <trkpt lat="25.0939935" lon="121.5512612"></trkpt>
      <trkpt lat="25.0939107" lon="121.5514575"></trkpt>
      <trkpt lat="25.0938807" lon="121.5515681"></trkpt>
      <trkpt lat="25.0938356" lon="121.5517088"></trkpt>
      <trkpt lat="25.0938468" lon="121.5518722"></trkpt>
      <trkpt lat="25.0938829" lon="121.5520472"></trkpt>
      <trkpt lat="25.0938523" lon="121.5521535"></trkpt>
      <trkpt lat="25.0938123" lon="121.5522505"></trkpt>
      <trkpt lat="25.0937222" lon="121.5524286"></trkpt>
      <trkpt lat="25.0936282" lon="121.5525160"></trkpt>
      <trkpt lat="25.0935135" lon="121.5526341"></trkpt>
      <trkpt lat="25.0934365" lon="121.5527643"></trkpt>
      <trkpt lat="25.0934135" lon="121.5528011"></trkpt>
      <trkpt lat="25.0933627" lon="121.5528823"></trkpt>
      <trkpt lat="25.0932966" lon="121.5529870"></trkpt>
      <trkpt lat="25.0932518" lon="121.5530310"></trkpt>
      <trkpt lat="25.0932132" lon="121.5530854"></trkpt>
      <trkpt lat="25.0931934" lon="121.5531327"></trkpt>
      <trkpt lat="25.0931861" lon="121.5531818"></trkpt>
      <trkpt lat="25.0932251" lon="121.5532502"></trkpt>
      <trkpt lat="25.0932610" lon="121.5533013"></trkpt>
      <trkpt lat="25.0933171" lon="121.5533932"></trkpt>
      <trkpt lat="25.0932761" lon="121.5533792"></trkpt>
      <trkpt lat="25.0932198" lon="121.5533705"></trkpt>
      <trkpt lat="25.0931307" lon="121.5533377"></trkpt>
      <trkpt lat="25.0930476" lon="121.5532939"></trkpt>
      <trkpt lat="25.0929582" lon="121.5532535"></trkpt>
      <trkpt lat="25.0929160" lon="121.5531921"></trkpt>
      <trkpt lat="25.0928942" lon="121.5531200"></trkpt>
      <trkpt lat="25.0928696" lon="121.5531096"></trkpt>
      <trkpt lat="25.0928263" lon="121.5531182"></trkpt>
      <trkpt lat="25.0928209" lon="121.5530941"></trkpt>
      <trkpt lat="25.0928442" lon="121.5530562"></trkpt>
      <trkpt lat="25.0928855" lon="121.5529898"></trkpt>
      <trkpt lat="25.0929280" lon="121.5528711"></trkpt>
      <trkpt lat="25.0929364" lon="121.5528012"></trkpt>
      <trkpt lat="25.0929158" lon="121.5527726"></trkpt>
      <trkpt lat="25.0928460" lon="121.5527885"></trkpt>
      <trkpt lat="25.0927402" lon="121.5529252"></trkpt>
      <trkpt lat="25.0926383" lon="121.5531372"></trkpt>
      <trkpt lat="25.0926047" lon="121.5533551"></trkpt>
      <trkpt lat="25.0926000" lon="121.5534196"></trkpt>
      <trkpt lat="25.0926356" lon="121.5535940"></trkpt>
      <trkpt lat="25.0927343" lon="121.5537012"></trkpt>
      <trkpt lat="25.0930566" lon="121.5539574"></trkpt>
      <trkpt lat="25.0932290" lon="121.5540819"></trkpt>
      <trkpt lat="25.0933836" lon="121.5541346"></trkpt>
      <trkpt lat="25.0935661" lon="121.5542078"></trkpt>
      <trkpt lat="25.0937397" lon="121.5543152"></trkpt>
      <trkpt lat="25.0938351" lon="121.5543867"></trkpt>
      <trkpt lat="25.0940301" lon="121.5546500"></trkpt>
      <trkpt lat="25.0940813" lon="121.5547204"></trkpt>
      <trkpt lat="25.0941440" lon="121.5548419"></trkpt>
      <trkpt lat="25.0941885" lon="121.5551598"></trkpt>
      <trkpt lat="25.0942641" lon="121.5555491"></trkpt>
      <trkpt lat="25.0943643" lon="121.5556520"></trkpt>
      <trkpt lat="25.0944315" lon="121.5556668"></trkpt>
      <trkpt lat="25.0945396" lon="121.5556230"></trkpt>
      <trkpt lat="25.0946451" lon="121.5555431"></trkpt>
      <trkpt lat="25.0947734" lon="121.5554192"></trkpt>
      <trkpt lat="25.0948905" lon="121.5552971"></trkpt>
      <trkpt lat="25.0950136" lon="121.5552129"></trkpt>
      <trkpt lat="25.0952674" lon="121.5550706"></trkpt>
      <trkpt lat="25.0953111" lon="121.5550270"></trkpt>
      <trkpt lat="25.0953424" lon="121.5549656"></trkpt>
      <trkpt lat="25.0953550" lon="121.5548990"></trkpt>
      <trkpt lat="25.0953436" lon="121.5548371"></trkpt>
      <trkpt lat="25.0952831" lon="121.5546575"></trkpt>
      <trkpt lat="25.0952716" lon="121.5545636"></trkpt>
      <trkpt lat="25.0952797" lon="121.5544548"></trkpt>
      <trkpt lat="25.0953029" lon="121.5543794"></trkpt>
      <trkpt lat="25.0953879" lon="121.5542777"></trkpt>
      <trkpt lat="25.0956991" lon="121.5538953"></trkpt>
      <trkpt lat="25.0957719" lon="121.5538127"></trkpt>
      <trkpt lat="25.0958461" lon="121.5537597"></trkpt>
      <trkpt lat="25.0960794" lon="121.5536807"></trkpt>
      <trkpt lat="25.0961546" lon="121.5536666"></trkpt>
      <trkpt lat="25.0962328" lon="121.5536932"></trkpt>
      <trkpt lat="25.0963442" lon="121.5537917"></trkpt>
      <trkpt lat="25.0965709" lon="121.5539297"></trkpt>
      <trkpt lat="25.0966672" lon="121.5540227"></trkpt>
      <trkpt lat="25.0967080" lon="121.5540923"></trkpt>
      <trkpt lat="25.0967889" lon="121.5544074"></trkpt>
      <trkpt lat="25.0968364" lon="121.5545246"></trkpt>
      <trkpt lat="25.0969476" lon="121.5546183"></trkpt>
      <trkpt lat="25.0970116" lon="121.5546311"></trkpt>
      <trkpt lat="25.0971100" lon="121.5546576"></trkpt>
      <trkpt lat="25.0972455" lon="121.5546216"></trkpt>
      <trkpt lat="25.0973721" lon="121.5545672"></trkpt>
      <trkpt lat="25.0975322" lon="121.5544970"></trkpt>
      <trkpt lat="25.0976837" lon="121.5543701"></trkpt>
      <trkpt lat="25.0977492" lon="121.5542194"></trkpt>
      <trkpt lat="25.0977992" lon="121.5541284"></trkpt>
      <trkpt lat="25.0978762" lon="121.5541082"></trkpt>
      <trkpt lat="25.0980001" lon="121.5541183"></trkpt>
      <trkpt lat="25.0981492" lon="121.5541482"></trkpt>
      <trkpt lat="25.0982779" lon="121.5541446"></trkpt>
      <trkpt lat="25.0983625" lon="121.5541236"></trkpt>
      <trkpt lat="25.0986262" lon="121.5540559"></trkpt>
      <trkpt lat="25.0987229" lon="121.5540222"></trkpt>
      <trkpt lat="25.0988773" lon="121.5540110"></trkpt>
      <trkpt lat="25.0990196" lon="121.5540734"></trkpt>
      <trkpt lat="25.0991418" lon="121.5541792"></trkpt>
      <trkpt lat="25.0992776" lon="121.5543835"></trkpt>
      <trkpt lat="25.0993751" lon="121.5545365"></trkpt>
      <trkpt lat="25.0993961" lon="121.5546525"></trkpt>
      <trkpt lat="25.0993782" lon="121.5547607"></trkpt>
      <trkpt lat="25.0993085" lon="121.5548449"></trkpt>
      <trkpt lat="25.0992188" lon="121.5549473"></trkpt>
      <trkpt lat="25.0991799" lon="121.5551114"></trkpt>
      <trkpt lat="25.0991790" lon="121.5553290"></trkpt>
      <trkpt lat="25.0992072" lon="121.5554929"></trkpt>
      <trkpt lat="25.0992581" lon="121.5556559"></trkpt>
      <trkpt lat="25.0993160" lon="121.5557767"></trkpt>
      <trkpt lat="25.0993276" lon="121.5558074"></trkpt>
      <trkpt lat="25.0993723" lon="121.5559261"></trkpt>
      <trkpt lat="25.0994628" lon="121.5560205"></trkpt>
      <trkpt lat="25.0995924" lon="121.5560269"></trkpt>
      <trkpt lat="25.0997204" lon="121.5560453"></trkpt>
      <trkpt lat="25.0998890" lon="121.5561009"></trkpt>
      <trkpt lat="25.1001317" lon="121.5562446"></trkpt>
      <trkpt lat="25.1002926" lon="121.5562207"></trkpt>
      <trkpt lat="25.1004197" lon="121.5562103"></trkpt>
      <trkpt lat="25.1005349" lon="121.5561300"></trkpt>
      <trkpt lat="25.1006699" lon="121.5560675"></trkpt>
      <trkpt lat="25.1007907" lon="121.5560908"></trkpt>
      <trkpt lat="25.1008693" lon="121.5561979"></trkpt>
      <trkpt lat="25.1009079" lon="121.5563351"></trkpt>
      <trkpt lat="25.1009456" lon="121.5564734"></trkpt>
      <trkpt lat="25.1009990" lon="121.5565888"></trkpt>
      <trkpt lat="25.1011179" lon="121.5566869"></trkpt>
      <trkpt lat="25.1013305" lon="121.5566904"></trkpt>
      <trkpt lat="25.1014450" lon="121.5566844"></trkpt>
      <trkpt lat="25.1015932" lon="121.5567706"></trkpt>
      <trkpt lat="25.1016463" lon="121.5568736"></trkpt>
      <trkpt lat="25.1017193" lon="121.5570113"></trkpt>
      <trkpt lat="25.1017594" lon="121.5571644"></trkpt>
      <trkpt lat="25.1017888" lon="121.5568690"></trkpt>
      <trkpt lat="25.1018518" lon="121.5567081"></trkpt>
      <trkpt lat="25.1017301" lon="121.5562352"></trkpt>
      <trkpt lat="25.1017562" lon="121.5560912"></trkpt>
      <trkpt lat="25.1018431" lon="121.5558415"></trkpt>
      <trkpt lat="25.1018844" lon="121.5558295"></trkpt>
      <trkpt lat="25.1019556" lon="121.5558840"></trkpt>
      <trkpt lat="25.1019127" lon="121.5557911"></trkpt>
      <trkpt lat="25.1018605" lon="121.5557695"></trkpt>
      <trkpt lat="25.1016714" lon="121.5558511"></trkpt>
      <trkpt lat="25.1016279" lon="121.5558199"></trkpt>
      <trkpt lat="25.1016214" lon="121.5557647"></trkpt>
      <trkpt lat="25.1016583" lon="121.5555558"></trkpt>
      <trkpt lat="25.1016801" lon="121.5554382"></trkpt>
      <trkpt lat="25.1016823" lon="121.5553830"></trkpt>
      <trkpt lat="25.1016540" lon="121.5553086"></trkpt>
      <trkpt lat="25.1016040" lon="121.5552389"></trkpt>
      <trkpt lat="25.1014736" lon="121.5551789"></trkpt>
      <trkpt lat="25.1013649" lon="121.5551093"></trkpt>
      <trkpt lat="25.1012323" lon="121.5550061"></trkpt>
      <trkpt lat="25.1011714" lon="121.5548860"></trkpt>
      <trkpt lat="25.1011540" lon="121.5548020"></trkpt>
      <trkpt lat="25.1011149" lon="121.5546340"></trkpt>
      <trkpt lat="25.1010779" lon="121.5544155"></trkpt>
      <trkpt lat="25.1010650" lon="121.5542829"></trkpt>
      <trkpt lat="25.1010640" lon="121.5542200"></trkpt>
      <trkpt lat="25.1010131" lon="121.5541141"></trkpt>
      <trkpt lat="25.1010292" lon="121.5540115"></trkpt>
      <trkpt lat="25.1010388" lon="121.5538664"></trkpt>
      <trkpt lat="25.1010620" lon="121.5537880"></trkpt>
      <trkpt lat="25.1010388" lon="121.5537142"></trkpt>
      <trkpt lat="25.1010110" lon="121.5536440"></trkpt>
      <trkpt lat="25.1010000" lon="121.5535620"></trkpt>
      <trkpt lat="25.1009480" lon="121.5534080"></trkpt>
      <trkpt lat="25.1008913" lon="121.5533284"></trkpt>
      <trkpt lat="25.1008753" lon="121.5532788"></trkpt>
      <trkpt lat="25.1008497" lon="121.5532222"></trkpt>
      <trkpt lat="25.1008176" lon="121.5531479"></trkpt>
      <trkpt lat="25.1007880" lon="121.5530660"></trkpt>
      <trkpt lat="25.1007580" lon="121.5529990"></trkpt>
      <trkpt lat="25.1007470" lon="121.5529070"></trkpt>
      <trkpt lat="25.1007087" lon="121.5528435"></trkpt>
      <trkpt lat="25.1007151" lon="121.5527338"></trkpt>
      <trkpt lat="25.1006748" lon="121.5526344"></trkpt>
      <trkpt lat="25.1005147" lon="121.5524605"></trkpt>
      <trkpt lat="25.0998218" lon="121.5519089"></trkpt>
      <trkpt lat="25.0998878" lon="121.5518161"></trkpt>
      <trkpt lat="25.0999142" lon="121.5517789"></trkpt>
      <trkpt lat="25.1001379" lon="121.5514516"></trkpt>
      <trkpt lat="25.1003772" lon="121.5510754"></trkpt>
      <trkpt lat="25.1004640" lon="121.5510075"></trkpt>
      <trkpt lat="25.1005026" lon="121.5509774"></trkpt>
      <trkpt lat="25.1005546" lon="121.5509379"></trkpt>
      <trkpt lat="25.1006022" lon="121.5509017"></trkpt>
      <trkpt lat="25.1005808" lon="121.5508680"></trkpt>
      <trkpt lat="25.1004273" lon="121.5506257"></trkpt>
      <trkpt lat="25.1003674" lon="121.5505297"></trkpt>
      <trkpt lat="25.1001230" lon="121.5501381"></trkpt>
      <trkpt lat="25.1000643" lon="121.5500441"></trkpt>
      <trkpt lat="25.0996930" lon="121.5493911"></trkpt>
      <trkpt lat="25.0995718" lon="121.5491781"></trkpt>
      <trkpt lat="25.0995367" lon="121.5491197"></trkpt>
      <trkpt lat="25.0994977" lon="121.5490385"></trkpt>
      <trkpt lat="25.0992931" lon="121.5486626"></trkpt>
      <trkpt lat="25.0988972" lon="121.5478756"></trkpt>
      <trkpt lat="25.0987771" lon="121.5476369"></trkpt>
      <trkpt lat="25.0987404" lon="121.5475640"></trkpt>
      <trkpt lat="25.0987076" lon="121.5474918"></trkpt>
      <trkpt lat="25.0986777" lon="121.5474217"></trkpt>
      <trkpt lat="25.0985016" lon="121.5470400"></trkpt>
      <trkpt lat="25.0982824" lon="121.5466161"></trkpt>
      <trkpt lat="25.0982476" lon="121.5465728"></trkpt>
      <trkpt lat="25.0982115" lon="121.5464987"></trkpt>
      <trkpt lat="25.0980218" lon="121.5460424"></trkpt>
      <trkpt lat="25.0976903" lon="121.5453406"></trkpt>
      <trkpt lat="25.0975294" lon="121.5449915"></trkpt>
      <trkpt lat="25.0974098" lon="121.5447548"></trkpt>
      <trkpt lat="25.0972442" lon="121.5443955"></trkpt>
      <trkpt lat="25.0971919" lon="121.5442528"></trkpt>
      <trkpt lat="25.0971759" lon="121.5441286"></trkpt>
      <trkpt lat="25.0971756" lon="121.5440814"></trkpt>
      <trkpt lat="25.0971751" lon="121.5440326"></trkpt>
      <trkpt lat="25.0972057" lon="121.5435147"></trkpt>
      <trkpt lat="25.0972243" lon="121.5432011"></trkpt>
      <trkpt lat="25.0973323" lon="121.5432145"></trkpt>
      <trkpt lat="25.0974264" lon="121.5432252"></trkpt>
      <trkpt lat="25.0974443" lon="121.5432205"></trkpt>
      <trkpt lat="25.0974850" lon="121.5432100"></trkpt>
      <trkpt lat="25.0975197" lon="121.5431725"></trkpt>
      <trkpt lat="25.0979472" lon="121.5418728"></trkpt>
      <trkpt lat="25.0981063" lon="121.5414061"></trkpt>
      <trkpt lat="25.0982777" lon="121.5409341"></trkpt>
      <trkpt lat="25.0986833" lon="121.5399497"></trkpt>
      <trkpt lat="25.0989001" lon="121.5394797"></trkpt>
      <trkpt lat="25.0991746" lon="121.5390478"></trkpt>
      <trkpt lat="25.0994102" lon="121.5385912"></trkpt>
      <trkpt lat="25.0994859" lon="121.5385149"></trkpt>
      <trkpt lat="25.0996356" lon="121.5383826"></trkpt>
      <trkpt lat="25.1000379" lon="121.5380540"></trkpt>
      <trkpt lat="25.1002760" lon="121.5378644"></trkpt>
      <trkpt lat="25.1004123" lon="121.5377643"></trkpt>
      <trkpt lat="25.1004726" lon="121.5377350"></trkpt>
      <trkpt lat="25.1006180" lon="121.5376050"></trkpt>
      <trkpt lat="25.1006524" lon="121.5376045"></trkpt>
      <trkpt lat="25.1007100" lon="121.5376270"></trkpt>
      <trkpt lat="25.1007582" lon="121.5376612"></trkpt>
      <trkpt lat="25.1008273" lon="121.5377005"></trkpt>
      <trkpt lat="25.1008183" lon="121.5375932"></trkpt>
      <trkpt lat="25.1008920" lon="121.5376454"></trkpt>
      <trkpt lat="25.1009462" lon="121.5376982"></trkpt>
      <trkpt lat="25.1009991" lon="121.5377267"></trkpt>
      <trkpt lat="25.1010777" lon="121.5377517"></trkpt>
      <trkpt lat="25.1011940" lon="121.5377576"></trkpt>
      <trkpt lat="25.1013328" lon="121.5377477"></trkpt>
      <trkpt lat="25.1015459" lon="121.5377098"></trkpt>
      <trkpt lat="25.1019666" lon="121.5376290"></trkpt>
      <trkpt lat="25.1019972" lon="121.5376219"></trkpt>
      <trkpt lat="25.1021261" lon="121.5375860"></trkpt>
      <trkpt lat="25.1021969" lon="121.5375438"></trkpt>
      <trkpt lat="25.1022928" lon="121.5374902"></trkpt>
      <trkpt lat="25.1025581" lon="121.5373185"></trkpt>
      <trkpt lat="25.1027876" lon="121.5372092"></trkpt>
      <trkpt lat="25.1031861" lon="121.5370782"></trkpt>
      <trkpt lat="25.1032348" lon="121.5370632"></trkpt>
      <trkpt lat="25.1035768" lon="121.5369529"></trkpt>
      <trkpt lat="25.1041134" lon="121.5367783"></trkpt>
      <trkpt lat="25.1043135" lon="121.5367392"></trkpt>
      <trkpt lat="25.1047307" lon="121.5367042"></trkpt>
      <trkpt lat="25.1049019" lon="121.5366641"></trkpt>
      <trkpt lat="25.1050258" lon="121.5366031"></trkpt>
      <trkpt lat="25.1054521" lon="121.5363281"></trkpt>
      <trkpt lat="25.1062626" lon="121.5357991"></trkpt>
      <trkpt lat="25.1072464" lon="121.5346634"></trkpt>
      <trkpt lat="25.1074431" lon="121.5345051"></trkpt>
      <trkpt lat="25.1076496" lon="121.5344488"></trkpt>
      <trkpt lat="25.1078463" lon="121.5344649"></trkpt>
      <trkpt lat="25.1080211" lon="121.5345507"></trkpt>
      <trkpt lat="25.1081669" lon="121.5347224"></trkpt>
      <trkpt lat="25.1082786" lon="121.5349976"></trkpt>
      <trkpt lat="25.1085846" lon="121.5357014"></trkpt>
      <trkpt lat="25.1086468" lon="121.5359401"></trkpt>
      <trkpt lat="25.1086259" lon="121.5361976"></trkpt>
      <trkpt lat="25.1085365" lon="121.5363395"></trkpt>
      <trkpt lat="25.1084543" lon="121.5364406"></trkpt>
      <trkpt lat="25.1084056" lon="121.5364878"></trkpt>
      <trkpt lat="25.1081073" lon="121.5367583"></trkpt>
      <trkpt lat="25.1077115" lon="121.5370241"></trkpt>
      <trkpt lat="25.1075507" lon="121.5370355"></trkpt>
      <trkpt lat="25.1073729" lon="121.5370272"></trkpt>
      <trkpt lat="25.1071068" lon="121.5369833"></trkpt>
      <trkpt lat="25.1068683" lon="121.5369390"></trkpt>
      <trkpt lat="25.1067545" lon="121.5369178"></trkpt>
      <trkpt lat="25.1066030" lon="121.5369086"></trkpt>
      <trkpt lat="25.1065417" lon="121.5369109"></trkpt>
      <trkpt lat="25.1064695" lon="121.5369262"></trkpt>
      <trkpt lat="25.1062578" lon="121.5370062"></trkpt>
      <trkpt lat="25.1060425" lon="121.5372000"></trkpt>
      <trkpt lat="25.1058881" lon="121.5373383"></trkpt>
      <trkpt lat="25.1056404" lon="121.5375055"></trkpt>
      <trkpt lat="25.1054468" lon="121.5376052"></trkpt>
      <trkpt lat="25.1053812" lon="121.5376390"></trkpt>
      <trkpt lat="25.1050691" lon="121.5377718"></trkpt>
      <trkpt lat="25.1048486" lon="121.5378618"></trkpt>
      <trkpt lat="25.1046601" lon="121.5379677"></trkpt>
      <trkpt lat="25.1042176" lon="121.5382231"></trkpt>
      <trkpt lat="25.1041713" lon="121.5382515"></trkpt>
      <trkpt lat="25.1040021" lon="121.5383552"></trkpt>
      <trkpt lat="25.1038383" lon="121.5384452"></trkpt>
      <trkpt lat="25.1035733" lon="121.5385952"></trkpt>
      <trkpt lat="25.1032590" lon="121.5388080"></trkpt>
      <trkpt lat="25.1030925" lon="121.5389397"></trkpt>
      <trkpt lat="25.1024998" lon="121.5392832"></trkpt>
      <trkpt lat="25.1022379" lon="121.5393939"></trkpt>
      <trkpt lat="25.1021909" lon="121.5394197"></trkpt>
      <trkpt lat="25.1021542" lon="121.5394455"></trkpt>
      <trkpt lat="25.1021207" lon="121.5394730"></trkpt>
      <trkpt lat="25.1020791" lon="121.5395123"></trkpt>
      <trkpt lat="25.1020427" lon="121.5395549"></trkpt>
      <trkpt lat="25.1019843" lon="121.5396313"></trkpt>
      <trkpt lat="25.1018677" lon="121.5397053"></trkpt>
      <trkpt lat="25.1018094" lon="121.5397446"></trkpt>
      <trkpt lat="25.1017476" lon="121.5398831"></trkpt>
      <trkpt lat="25.1017038" lon="121.5401033"></trkpt>
      <trkpt lat="25.1016949" lon="121.5404655"></trkpt>
      <trkpt lat="25.1016919" lon="121.5406718"></trkpt>
      <trkpt lat="25.1017032" lon="121.5407484"></trkpt>
      <trkpt lat="25.1017238" lon="121.5408168"></trkpt>
      <trkpt lat="25.1017494" lon="121.5408972"></trkpt>
      <trkpt lat="25.1018076" lon="121.5410001"></trkpt>
      <trkpt lat="25.1018787" lon="121.5410908"></trkpt>
      <trkpt lat="25.1019341" lon="121.5411537"></trkpt>
      <trkpt lat="25.1019906" lon="121.5412481"></trkpt>
      <trkpt lat="25.1021027" lon="121.5415496"></trkpt>
      <trkpt lat="25.1022119" lon="121.5418307"></trkpt>
      <trkpt lat="25.1022996" lon="121.5420316"></trkpt>
      <trkpt lat="25.1023241" lon="121.5421621"></trkpt>
      <trkpt lat="25.1023199" lon="121.5422720"></trkpt>
      <trkpt lat="25.1023241" lon="121.5421621"></trkpt>
      <trkpt lat="25.1022996" lon="121.5420316"></trkpt>
      <trkpt lat="25.1022119" lon="121.5418307"></trkpt>
      <trkpt lat="25.1021027" lon="121.5415496"></trkpt>
      <trkpt lat="25.1019906" lon="121.5412481"></trkpt>
      <trkpt lat="25.1019341" lon="121.5411537"></trkpt>
      <trkpt lat="25.1018787" lon="121.5410908"></trkpt>
      <trkpt lat="25.1018076" lon="121.5410001"></trkpt>
      <trkpt lat="25.1017494" lon="121.5408972"></trkpt>
      <trkpt lat="25.1017238" lon="121.5408168"></trkpt>
      <trkpt lat="25.1017032" lon="121.5407484"></trkpt>
      <trkpt lat="25.1016919" lon="121.5406718"></trkpt>
      <trkpt lat="25.1016949" lon="121.5404655"></trkpt>
      <trkpt lat="25.1017038" lon="121.5401033"></trkpt>
      <trkpt lat="25.1017476" lon="121.5398831"></trkpt>
      <trkpt lat="25.1018094" lon="121.5397446"></trkpt>
      <trkpt lat="25.1018677" lon="121.5397053"></trkpt>
      <trkpt lat="25.1019843" lon="121.5396313"></trkpt>
      <trkpt lat="25.1020427" lon="121.5395549"></trkpt>
      <trkpt lat="25.1020791" lon="121.5395123"></trkpt>
      <trkpt lat="25.1021207" lon="121.5394730"></trkpt>
      <trkpt lat="25.1021542" lon="121.5394455"></trkpt>
      <trkpt lat="25.1021909" lon="121.5394197"></trkpt>
      <trkpt lat="25.1022379" lon="121.5393939"></trkpt>
      <trkpt lat="25.1024998" lon="121.5392832"></trkpt>
      <trkpt lat="25.1030925" lon="121.5389397"></trkpt>
      <trkpt lat="25.1032590" lon="121.5388080"></trkpt>
      <trkpt lat="25.1035733" lon="121.5385952"></trkpt>
      <trkpt lat="25.1038383" lon="121.5384452"></trkpt>
      <trkpt lat="25.1040021" lon="121.5383552"></trkpt>
      <trkpt lat="25.1041713" lon="121.5382515"></trkpt>
      <trkpt lat="25.1042176" lon="121.5382231"></trkpt>
      <trkpt lat="25.1046601" lon="121.5379677"></trkpt>
      <trkpt lat="25.1048486" lon="121.5378618"></trkpt>
      <trkpt lat="25.1050691" lon="121.5377718"></trkpt>
      <trkpt lat="25.1053812" lon="121.5376390"></trkpt>
      <trkpt lat="25.1054468" lon="121.5376052"></trkpt>
      <trkpt lat="25.1056404" lon="121.5375055"></trkpt>
      <trkpt lat="25.1058881" lon="121.5373383"></trkpt>
      <trkpt lat="25.1060425" lon="121.5372000"></trkpt>
      <trkpt lat="25.1062578" lon="121.5370062"></trkpt>
      <trkpt lat="25.1064695" lon="121.5369262"></trkpt>
      <trkpt lat="25.1065918" lon="121.5369602"></trkpt>
      <trkpt lat="25.1067434" lon="121.5370390"></trkpt>
      <trkpt lat="25.1068625" lon="121.5371068"></trkpt>
      <trkpt lat="25.1070046" lon="121.5371878"></trkpt>
      <trkpt lat="25.1071445" lon="121.5372617"></trkpt>
      <trkpt lat="25.1072664" lon="121.5372748"></trkpt>
      <trkpt lat="25.1073765" lon="121.5372532"></trkpt>
      <trkpt lat="25.1075088" lon="121.5371938"></trkpt>
      <trkpt lat="25.1077115" lon="121.5370241"></trkpt>
      <trkpt lat="25.1081073" lon="121.5367583"></trkpt>
      <trkpt lat="25.1084056" lon="121.5364878"></trkpt>
      <trkpt lat="25.1084543" lon="121.5364406"></trkpt>
      <trkpt lat="25.1085365" lon="121.5363395"></trkpt>
      <trkpt lat="25.1086259" lon="121.5361976"></trkpt>
      <trkpt lat="25.1086468" lon="121.5359401"></trkpt>
      <trkpt lat="25.1085846" lon="121.5357014"></trkpt>
      <trkpt lat="25.1082786" lon="121.5349976"></trkpt>
      <trkpt lat="25.1081669" lon="121.5347224"></trkpt>
      <trkpt lat="25.1080211" lon="121.5345507"></trkpt>
      <trkpt lat="25.1078463" lon="121.5344649"></trkpt>
      <trkpt lat="25.1076496" lon="121.5344488"></trkpt>
      <trkpt lat="25.1074431" lon="121.5345051"></trkpt>
      <trkpt lat="25.1072464" lon="121.5346634"></trkpt>
      <trkpt lat="25.1062626" lon="121.5357991"></trkpt>
      <trkpt lat="25.1054521" lon="121.5363281"></trkpt>
      <trkpt lat="25.1050258" lon="121.5366031"></trkpt>
      <trkpt lat="25.1049019" lon="121.5366641"></trkpt>
      <trkpt lat="25.1047307" lon="121.5367042"></trkpt>
      <trkpt lat="25.1043135" lon="121.5367392"></trkpt>
      <trkpt lat="25.1041134" lon="121.5367783"></trkpt>
      <trkpt lat="25.1035768" lon="121.5369529"></trkpt>
      <trkpt lat="25.1032348" lon="121.5370632"></trkpt>
      <trkpt lat="25.1031861" lon="121.5370782"></trkpt>
      <trkpt lat="25.1027876" lon="121.5372092"></trkpt>
      <trkpt lat="25.1025581" lon="121.5373185"></trkpt>
      <trkpt lat="25.1022928" lon="121.5374902"></trkpt>
      <trkpt lat="25.1021969" lon="121.5375438"></trkpt>
      <trkpt lat="25.1021261" lon="121.5375860"></trkpt>
      <trkpt lat="25.1019972" lon="121.5376219"></trkpt>
      <trkpt lat="25.1019666" lon="121.5376290"></trkpt>
      <trkpt lat="25.1015459" lon="121.5377098"></trkpt>
      <trkpt lat="25.1013328" lon="121.5377477"></trkpt>
      <trkpt lat="25.1011940" lon="121.5377576"></trkpt>
      <trkpt lat="25.1010777" lon="121.5377517"></trkpt>
      <trkpt lat="25.1009991" lon="121.5377267"></trkpt>
      <trkpt lat="25.1009462" lon="121.5376982"></trkpt>
      <trkpt lat="25.1008920" lon="121.5376454"></trkpt>
      <trkpt lat="25.1008183" lon="121.5375932"></trkpt>
      <trkpt lat="25.1008870" lon="121.5374229"></trkpt>
      <trkpt lat="25.1009641" lon="121.5374586"></trkpt>
      <trkpt lat="25.1012192" lon="121.5373441"></trkpt>
      <trkpt lat="25.1013438" lon="121.5373385"></trkpt>
      <trkpt lat="25.1014884" lon="121.5373164"></trkpt>
      <trkpt lat="25.1016301" lon="121.5372535"></trkpt>
      <trkpt lat="25.1017393" lon="121.5371615"></trkpt>
      <trkpt lat="25.1020829" lon="121.5368698"></trkpt>
      <trkpt lat="25.1022889" lon="121.5366841"></trkpt>
      <trkpt lat="25.1026854" lon="121.5364074"></trkpt>
      <trkpt lat="25.1028142" lon="121.5363113"></trkpt>
      <trkpt lat="25.1035360" lon="121.5362420"></trkpt>
      <trkpt lat="25.1039161" lon="121.5362282"></trkpt>
      <trkpt lat="25.1044748" lon="121.5362181"></trkpt>
      <trkpt lat="25.1044791" lon="121.5358634"></trkpt>
      <trkpt lat="25.1047595" lon="121.5357788"></trkpt>
      <trkpt lat="25.1049076" lon="121.5356018"></trkpt>
      <trkpt lat="25.1050674" lon="121.5354262"></trkpt>
      <trkpt lat="25.1053758" lon="121.5352214"></trkpt>
      <trkpt lat="25.1057718" lon="121.5349434"></trkpt>
      <trkpt lat="25.1060035" lon="121.5347537"></trkpt>
      <trkpt lat="25.1066644" lon="121.5342244"></trkpt>
      <trkpt lat="25.1072801" lon="121.5337844"></trkpt>
      <trkpt lat="25.1075072" lon="121.5337066"></trkpt>
      <trkpt lat="25.1075878" lon="121.5336643"></trkpt>
      <trkpt lat="25.1076389" lon="121.5336308"></trkpt>
      <trkpt lat="25.1076783" lon="121.5333535"></trkpt>
      <trkpt lat="25.1077483" lon="121.5333446"></trkpt>
      <trkpt lat="25.1080390" lon="121.5333433"></trkpt>
      <trkpt lat="25.1082534" lon="121.5333817"></trkpt>
      <trkpt lat="25.1083645" lon="121.5334226"></trkpt>
      <trkpt lat="25.1087447" lon="121.5335391"></trkpt>
      <trkpt lat="25.1089195" lon="121.5335751"></trkpt>
      <trkpt lat="25.1089740" lon="121.5337111"></trkpt>
      <trkpt lat="25.1090257" lon="121.5338465"></trkpt>
      <trkpt lat="25.1096245" lon="121.5340863"></trkpt>
      <trkpt lat="25.1097414" lon="121.5341544"></trkpt>
      <trkpt lat="25.1098045" lon="121.5341408"></trkpt>
      <trkpt lat="25.1102117" lon="121.5340549"></trkpt>
      <trkpt lat="25.1103590" lon="121.5340258"></trkpt>
      <trkpt lat="25.1106871" lon="121.5339639"></trkpt>
      <trkpt lat="25.1109179" lon="121.5339158"></trkpt>
      <trkpt lat="25.1112803" lon="121.5338426"></trkpt>
      <trkpt lat="25.1111648" lon="121.5330660"></trkpt>
      <trkpt lat="25.1113168" lon="121.5329932"></trkpt>
      <trkpt lat="25.1113785" lon="121.5329833"></trkpt>
      <trkpt lat="25.1113329" lon="121.5327202"></trkpt>
      <trkpt lat="25.1125514" lon="121.5324929"></trkpt>
      <trkpt lat="25.1125921" lon="121.5327899"></trkpt>
      <trkpt lat="25.1126987" lon="121.5335682"></trkpt>
      <trkpt lat="25.1127825" lon="121.5335508"></trkpt>
      <trkpt lat="25.1127045" lon="121.5328531"></trkpt>
      <trkpt lat="25.1125008" lon="121.5313987"></trkpt>
      <trkpt lat="25.1124186" lon="121.5311715"></trkpt>
      <trkpt lat="25.1124128" lon="121.5309709"></trkpt>
      <trkpt lat="25.1125029" lon="121.5308906"></trkpt>
      <trkpt lat="25.1128478" lon="121.5302267"></trkpt>
      <trkpt lat="25.1130700" lon="121.5297779"></trkpt>
      <trkpt lat="25.1131509" lon="121.5296032"></trkpt>
      <trkpt lat="25.1131819" lon="121.5295283"></trkpt>
      <trkpt lat="25.1127340" lon="121.5292904"></trkpt>
      <trkpt lat="25.1123953" lon="121.5291127"></trkpt>
      <trkpt lat="25.1122249" lon="121.5290226"></trkpt>
      <trkpt lat="25.1121164" lon="121.5289652"></trkpt>
      <trkpt lat="25.1121039" lon="121.5288681"></trkpt>
      <trkpt lat="25.1120624" lon="121.5285492"></trkpt>
      <trkpt lat="25.1119872" lon="121.5279581"></trkpt>
      <trkpt lat="25.1119548" lon="121.5277424"></trkpt>
      <trkpt lat="25.1116340" lon="121.5278046"></trkpt>
      <trkpt lat="25.1114160" lon="121.5275487"></trkpt>
      <trkpt lat="25.1111345" lon="121.5272346"></trkpt>
      <trkpt lat="25.1111239" lon="121.5272274"></trkpt>
      <trkpt lat="25.1110878" lon="121.5272028"></trkpt>
      <trkpt lat="25.1110090" lon="121.5272296"></trkpt>
      <trkpt lat="25.1108534" lon="121.5267637"></trkpt>
      <trkpt lat="25.1105224" lon="121.5270855"></trkpt>
      <trkpt lat="25.1102621" lon="121.5271593"></trkpt>
      <trkpt lat="25.1101039" lon="121.5271940"></trkpt>
      <trkpt lat="25.1100531" lon="121.5272225"></trkpt>
      <trkpt lat="25.1098843" lon="121.5274325"></trkpt>
      <trkpt lat="25.1096487" lon="121.5275539"></trkpt>
      <trkpt lat="25.1095886" lon="121.5270121"></trkpt>
      <trkpt lat="25.1095381" lon="121.5265992"></trkpt>
      <trkpt lat="25.1095364" lon="121.5265856"></trkpt>
      <trkpt lat="25.1091425" lon="121.5266316"></trkpt>
      <trkpt lat="25.1087544" lon="121.5266731"></trkpt>
      <trkpt lat="25.1087022" lon="121.5264246"></trkpt>
      <trkpt lat="25.1086505" lon="121.5263320"></trkpt>
      <trkpt lat="25.1085629" lon="121.5259686"></trkpt>
      <trkpt lat="25.1084933" lon="121.5260625"></trkpt>
      <trkpt lat="25.1084411" lon="121.5260833"></trkpt>
      <trkpt lat="25.1083416" lon="121.5260927"></trkpt>
      <trkpt lat="25.1081896" lon="121.5260999"></trkpt>
      <trkpt lat="25.1081156" lon="121.5261208"></trkpt>
      <trkpt lat="25.1080725" lon="121.5261442"></trkpt>
      <trkpt lat="25.1078090" lon="121.5262596"></trkpt>
      <trkpt lat="25.1076314" lon="121.5262816"></trkpt>
      <trkpt lat="25.1075916" lon="121.5262630"></trkpt>
      <trkpt lat="25.1075880" lon="121.5261336"></trkpt>
      <trkpt lat="25.1075789" lon="121.5260927"></trkpt>
      <trkpt lat="25.1075333" lon="121.5260444"></trkpt>
      <trkpt lat="25.1076877" lon="121.5260411"></trkpt>
      <trkpt lat="25.1077995" lon="121.5260130"></trkpt>
      <trkpt lat="25.1077517" lon="121.5257137"></trkpt>
      <trkpt lat="25.1076920" lon="121.5251510"></trkpt>
      <trkpt lat="25.1077790" lon="121.5251646"></trkpt>
      <trkpt lat="25.1078821" lon="121.5251808"></trkpt>
      <trkpt lat="25.1078945" lon="121.5250887"></trkpt>
      <trkpt lat="25.1077942" lon="121.5250719"></trkpt>
      <trkpt lat="25.1077464" lon="121.5250639"></trkpt>
      <trkpt lat="25.1068722" lon="121.5249045"></trkpt>
      <trkpt lat="25.1064995" lon="121.5248529"></trkpt>
      <trkpt lat="25.1064454" lon="121.5248454"></trkpt>
      <trkpt lat="25.1064116" lon="121.5247725"></trkpt>
      <trkpt lat="25.1060814" lon="121.5240603"></trkpt>
      <trkpt lat="25.1060319" lon="121.5239543"></trkpt>
      <trkpt lat="25.1055925" lon="121.5239276"></trkpt>
      <trkpt lat="25.1052041" lon="121.5239092"></trkpt>
      <trkpt lat="25.1048122" lon="121.5238906"></trkpt>
      <trkpt lat="25.1043874" lon="121.5238734"></trkpt>
      <trkpt lat="25.1043878" lon="121.5238076"></trkpt>
      <trkpt lat="25.1043906" lon="121.5235912"></trkpt>
      <trkpt lat="25.1043965" lon="121.5233608"></trkpt>
      <trkpt lat="25.1043898" lon="121.5232834"></trkpt>
      <trkpt lat="25.1043643" lon="121.5231559"></trkpt>
      <trkpt lat="25.1043489" lon="121.5230501"></trkpt>
      <trkpt lat="25.1040264" lon="121.5231051"></trkpt>
      <trkpt lat="25.1039690" lon="121.5225976"></trkpt>
      <trkpt lat="25.1040727" lon="121.5225822"></trkpt>
      <trkpt lat="25.1040634" lon="121.5225127"></trkpt>
      <trkpt lat="25.1039435" lon="121.5225064"></trkpt>
      <trkpt lat="25.1038996" lon="121.5221994"></trkpt>
      <trkpt lat="25.1029860" lon="121.5223547"></trkpt>
      <trkpt lat="25.1021860" lon="121.5224863"></trkpt>
      <trkpt lat="25.1020627" lon="121.5225066"></trkpt>
      <trkpt lat="25.1019468" lon="121.5224484"></trkpt>
      <trkpt lat="25.1019419" lon="121.5223733"></trkpt>
      <trkpt lat="25.1018925" lon="121.5217802"></trkpt>
      <trkpt lat="25.1018887" lon="121.5217307"></trkpt>
      <trkpt lat="25.1018815" lon="121.5215876"></trkpt>
      <trkpt lat="25.1018961" lon="121.5213403"></trkpt>
      <trkpt lat="25.1019157" lon="121.5210464"></trkpt>
      <trkpt lat="25.1019251" lon="121.5209148"></trkpt>
      <trkpt lat="25.1019196" lon="121.5208121"></trkpt>
      <trkpt lat="25.1018877" lon="121.5208430"></trkpt>
      <trkpt lat="25.1018171" lon="121.5208581"></trkpt>
      <trkpt lat="25.1018877" lon="121.5208430"></trkpt>
      <trkpt lat="25.1019196" lon="121.5208121"></trkpt>
      <trkpt lat="25.1019886" lon="121.5207386"></trkpt>
      <trkpt lat="25.1020513" lon="121.5189706"></trkpt>
      <trkpt lat="25.1020769" lon="121.5182553"></trkpt>
      <trkpt lat="25.1020792" lon="121.5181908"></trkpt>
      <trkpt lat="25.1019487" lon="121.5181390"></trkpt>
      <trkpt lat="25.1018871" lon="121.5181146"></trkpt>
      <trkpt lat="25.1018004" lon="121.5180802"></trkpt>
      <trkpt lat="25.1013952" lon="121.5179033"></trkpt>
      <trkpt lat="25.1012064" lon="121.5178309"></trkpt>
      <trkpt lat="25.1010734" lon="121.5178181"></trkpt>
      <trkpt lat="25.1009763" lon="121.5178376"></trkpt>
      <trkpt lat="25.1007425" lon="121.5179355"></trkpt>
      <trkpt lat="25.1006216" lon="121.5179697"></trkpt>
      <trkpt lat="25.1005020" lon="121.5179777"></trkpt>
      <trkpt lat="25.1003921" lon="121.5179583"></trkpt>
      <trkpt lat="25.1002275" lon="121.5179040"></trkpt>
      <trkpt lat="25.1000539" lon="121.5179073"></trkpt>
      <trkpt lat="25.1000258" lon="121.5177244"></trkpt>
      <trkpt lat="25.0999868" lon="121.5173038"></trkpt>
      <trkpt lat="25.1000229" lon="121.5171649"></trkpt>
      <trkpt lat="25.1000246" lon="121.5170586"></trkpt>
      <trkpt lat="25.0999328" lon="121.5160970"></trkpt>
      <trkpt lat="25.0998827" lon="121.5157162"></trkpt>
      <trkpt lat="25.0997363" lon="121.5150044"></trkpt>
      <trkpt lat="25.0995492" lon="121.5143413"></trkpt>
      <trkpt lat="25.0992484" lon="121.5135154"></trkpt>
      <trkpt lat="25.0990289" lon="121.5129354"></trkpt>
      <trkpt lat="25.0990242" lon="121.5128203"></trkpt>
      <trkpt lat="25.0990204" lon="121.5127276"></trkpt>
      <trkpt lat="25.0986180" lon="121.5114994"></trkpt>
      <trkpt lat="25.0981094" lon="121.5099643"></trkpt>
      <trkpt lat="25.0975781" lon="121.5082700"></trkpt>
      <trkpt lat="25.0974966" lon="121.5082553"></trkpt>
      <trkpt lat="25.0976568" lon="121.5090734"></trkpt>
      <trkpt lat="25.0976396" lon="121.5091936"></trkpt>
      <trkpt lat="25.0975476" lon="121.5092626"></trkpt>
      <trkpt lat="25.0973751" lon="121.5093470"></trkpt>
      <trkpt lat="25.0975328" lon="121.5095776"></trkpt>
      <trkpt lat="25.0976350" lon="121.5099893"></trkpt>
      <trkpt lat="25.0977723" lon="121.5106505"></trkpt>
      <trkpt lat="25.0978713" lon="121.5110380"></trkpt>
      <trkpt lat="25.0979426" lon="121.5111299"></trkpt>
      <trkpt lat="25.0979162" lon="121.5111984"></trkpt>
      <trkpt lat="25.0978873" lon="121.5112195"></trkpt>
      <trkpt lat="25.0974733" lon="121.5113847"></trkpt>
      <trkpt lat="25.0974533" lon="121.5113927"></trkpt>
      <trkpt lat="25.0974418" lon="121.5113568"></trkpt>
      <trkpt lat="25.0973961" lon="121.5112040"></trkpt>
      <trkpt lat="25.0973508" lon="121.5110564"></trkpt>
      <trkpt lat="25.0973260" lon="121.5109875"></trkpt>
      <trkpt lat="25.0972671" lon="121.5108752"></trkpt>
      <trkpt lat="25.0971967" lon="121.5107785"></trkpt>
      <trkpt lat="25.0971171" lon="121.5106981"></trkpt>
      <trkpt lat="25.0970125" lon="121.5106263"></trkpt>
      <trkpt lat="25.0968738" lon="121.5105628"></trkpt>
      <trkpt lat="25.0967514" lon="121.5105387"></trkpt>
      <trkpt lat="25.0966251" lon="121.5105469"></trkpt>
      <trkpt lat="25.0965200" lon="121.5105565"></trkpt>
      <trkpt lat="25.0963854" lon="121.5106003"></trkpt>
      <trkpt lat="25.0963077" lon="121.5106362"></trkpt>
      <trkpt lat="25.0962815" lon="121.5106398"></trkpt>
      <trkpt lat="25.0957822" lon="121.5103581"></trkpt>
      <trkpt lat="25.0957155" lon="121.5104026"></trkpt>
      <trkpt lat="25.0956590" lon="121.5104890"></trkpt>
      <trkpt lat="25.0955735" lon="121.5105785"></trkpt>
      <trkpt lat="25.0951127" lon="121.5108352"></trkpt>
      <trkpt lat="25.0950183" lon="121.5109068"></trkpt>
      <trkpt lat="25.0948512" lon="121.5110955"></trkpt>
      <trkpt lat="25.0948094" lon="121.5111386"></trkpt>
      <trkpt lat="25.0946643" lon="121.5111626"></trkpt>
      <trkpt lat="25.0946166" lon="121.5111762"></trkpt>
      <trkpt lat="25.0945704" lon="121.5112366"></trkpt>
      <trkpt lat="25.0943022" lon="121.5116070"></trkpt>
      <trkpt lat="25.0940485" lon="121.5119059"></trkpt>
      <trkpt lat="25.0938099" lon="121.5121692"></trkpt>
      <trkpt lat="25.0935438" lon="121.5124331"></trkpt>
      <trkpt lat="25.0933465" lon="121.5126052"></trkpt>
      <trkpt lat="25.0930502" lon="121.5128304"></trkpt>
      <trkpt lat="25.0924919" lon="121.5131982"></trkpt>
      <trkpt lat="25.0922025" lon="121.5133757"></trkpt>
      <trkpt lat="25.0917711" lon="121.5136106"></trkpt>
      <trkpt lat="25.0913300" lon="121.5138138"></trkpt>
      <trkpt lat="25.0907981" lon="121.5139920"></trkpt>
      <trkpt lat="25.0908880" lon="121.5141092"></trkpt>
      <trkpt lat="25.0910719" lon="121.5146968"></trkpt>
      <trkpt lat="25.0910765" lon="121.5147241"></trkpt>
      <trkpt lat="25.0905828" lon="121.5149150"></trkpt>
      <trkpt lat="25.0902501" lon="121.5149756"></trkpt>
      <trkpt lat="25.0883571" lon="121.5121395"></trkpt>
      <trkpt lat="25.0890130" lon="121.5120293"></trkpt>
      <trkpt lat="25.0893403" lon="121.5119631"></trkpt>
      <trkpt lat="25.0893565" lon="121.5119918"></trkpt>
      <trkpt lat="25.0897774" lon="121.5118902"></trkpt>
      <trkpt lat="25.0900614" lon="121.5117857"></trkpt>
      <trkpt lat="25.0905144" lon="121.5116015"></trkpt>
      <trkpt lat="25.0905936" lon="121.5115412"></trkpt>
      <trkpt lat="25.0908511" lon="121.5113916"></trkpt>
      <trkpt lat="25.0910365" lon="121.5112747"></trkpt>
      <trkpt lat="25.0911293" lon="121.5112122"></trkpt>
      <trkpt lat="25.0916588" lon="121.5107883"></trkpt>
      <trkpt lat="25.0917454" lon="121.5106889"></trkpt>
      <trkpt lat="25.0920622" lon="121.5103401"></trkpt>
      <trkpt lat="25.0923421" lon="121.5099706"></trkpt>
      <trkpt lat="25.0924295" lon="121.5098588"></trkpt>
      <trkpt lat="25.0923421" lon="121.5099706"></trkpt>
      <trkpt lat="25.0920622" lon="121.5103401"></trkpt>
      <trkpt lat="25.0917454" lon="121.5106889"></trkpt>
      <trkpt lat="25.0916588" lon="121.5107883"></trkpt>
      <trkpt lat="25.0911293" lon="121.5112122"></trkpt>
      <trkpt lat="25.0910365" lon="121.5112747"></trkpt>
      <trkpt lat="25.0908511" lon="121.5113916"></trkpt>
      <trkpt lat="25.0905936" lon="121.5115412"></trkpt>
      <trkpt lat="25.0905155" lon="121.5115229"></trkpt>
      <trkpt lat="25.0900045" lon="121.5116061"></trkpt>
      <trkpt lat="25.0898961" lon="121.5116116"></trkpt>
      <trkpt lat="25.0897525" lon="121.5116188"></trkpt>
      <trkpt lat="25.0892483" lon="121.5116868"></trkpt>
      <trkpt lat="25.0891742" lon="121.5116624"></trkpt>
      <trkpt lat="25.0890668" lon="121.5116787"></trkpt>
      <trkpt lat="25.0890595" lon="121.5116096"></trkpt>
      <trkpt lat="25.0890102" lon="121.5111437"></trkpt>
      <trkpt lat="25.0889829" lon="121.5108669"></trkpt>
      <trkpt lat="25.0889651" lon="121.5106868"></trkpt>
      <trkpt lat="25.0889583" lon="121.5106174"></trkpt>
      <trkpt lat="25.0889504" lon="121.5105441"></trkpt>
      <trkpt lat="25.0888729" lon="121.5098212"></trkpt>
      <trkpt lat="25.0888643" lon="121.5097415"></trkpt>
      <trkpt lat="25.0888594" lon="121.5096759"></trkpt>
      <trkpt lat="25.0888279" lon="121.5092568"></trkpt>
      <trkpt lat="25.0888076" lon="121.5090097"></trkpt>
      <trkpt lat="25.0887647" lon="121.5086964"></trkpt>
      <trkpt lat="25.0887310" lon="121.5084578"></trkpt>
      <trkpt lat="25.0887029" lon="121.5084057"></trkpt>
      <trkpt lat="25.0886569" lon="121.5083205"></trkpt>
      <trkpt lat="25.0887157" lon="121.5082597"></trkpt>
      <trkpt lat="25.0888074" lon="121.5081648"></trkpt>
      <trkpt lat="25.0889987" lon="121.5079671"></trkpt>
      <trkpt lat="25.0890763" lon="121.5078682"></trkpt>
      <trkpt lat="25.0890879" lon="121.5078535"></trkpt>
      <trkpt lat="25.0890763" lon="121.5078682"></trkpt>
      <trkpt lat="25.0889987" lon="121.5079671"></trkpt>
      <trkpt lat="25.0888074" lon="121.5081648"></trkpt>
      <trkpt lat="25.0887509" lon="121.5081222"></trkpt>
      <trkpt lat="25.0885640" lon="121.5081560"></trkpt>
      <trkpt lat="25.0882978" lon="121.5082392"></trkpt>
      <trkpt lat="25.0881896" lon="121.5079002"></trkpt>
      <trkpt lat="25.0878535" lon="121.5080263"></trkpt>
      <trkpt lat="25.0875942" lon="121.5080906"></trkpt>
      <trkpt lat="25.0876490" lon="121.5084258"></trkpt>
      <trkpt lat="25.0876881" lon="121.5088702"></trkpt>
      <trkpt lat="25.0876970" lon="121.5089710"></trkpt>
      <trkpt lat="25.0876381" lon="121.5089863"></trkpt>
      <trkpt lat="25.0874279" lon="121.5090555"></trkpt>
      <trkpt lat="25.0872933" lon="121.5090956"></trkpt>
      <trkpt lat="25.0871551" lon="121.5091372"></trkpt>
      <trkpt lat="25.0868539" lon="121.5092327"></trkpt>
      <trkpt lat="25.0866029" lon="121.5093432"></trkpt>
      <trkpt lat="25.0865455" lon="121.5093616"></trkpt>
      <trkpt lat="25.0864842" lon="121.5093482"></trkpt>
      <trkpt lat="25.0857852" lon="121.5095359"></trkpt>
      <trkpt lat="25.0857495" lon="121.5095460"></trkpt>
      <trkpt lat="25.0857208" lon="121.5095542"></trkpt>
      <trkpt lat="25.0856323" lon="121.5095824"></trkpt>
      <trkpt lat="25.0855422" lon="121.5096111"></trkpt>
      <trkpt lat="25.0849568" lon="121.5097635"></trkpt>
      <trkpt lat="25.0846910" lon="121.5098319"></trkpt>
      <trkpt lat="25.0845739" lon="121.5098571"></trkpt>
      <trkpt lat="25.0845152" lon="121.5098726"></trkpt>
      <trkpt lat="25.0844721" lon="121.5098797"></trkpt>
      <trkpt lat="25.0843724" lon="121.5098963"></trkpt>
      <trkpt lat="25.0842043" lon="121.5099236"></trkpt>
      <trkpt lat="25.0841136" lon="121.5099384"></trkpt>
      <trkpt lat="25.0840563" lon="121.5099500"></trkpt>
      <trkpt lat="25.0838891" lon="121.5099838"></trkpt>
      <trkpt lat="25.0835005" lon="121.5100624"></trkpt>
      <trkpt lat="25.0834432" lon="121.5100719"></trkpt>
      <trkpt lat="25.0833827" lon="121.5100820"></trkpt>
      <trkpt lat="25.0834039" lon="121.5101565"></trkpt>
      <trkpt lat="25.0834192" lon="121.5102105"></trkpt>
      <trkpt lat="25.0834261" lon="121.5102349"></trkpt>
      <trkpt lat="25.0834383" lon="121.5103837"></trkpt>
      <trkpt lat="25.0834779" lon="121.5106387"></trkpt>
      <trkpt lat="25.0835042" lon="121.5107433"></trkpt>
      <trkpt lat="25.0835529" lon="121.5108850"></trkpt>
      <trkpt lat="25.0831396" lon="121.5111228"></trkpt>
      <trkpt lat="25.0826450" lon="121.5113731"></trkpt>
      <trkpt lat="25.0822444" lon="121.5115695"></trkpt>
      <trkpt lat="25.0820889" lon="121.5116339"></trkpt>
      <trkpt lat="25.0818945" lon="121.5116661"></trkpt>
      <trkpt lat="25.0817741" lon="121.5116791"></trkpt>
      <trkpt lat="25.0813521" lon="121.5117060"></trkpt>
      <trkpt lat="25.0813698" lon="121.5121382"></trkpt>
      <trkpt lat="25.0813521" lon="121.5117060"></trkpt>
      <trkpt lat="25.0817741" lon="121.5116791"></trkpt>
      <trkpt lat="25.0818945" lon="121.5116661"></trkpt>
      <trkpt lat="25.0820889" lon="121.5116339"></trkpt>
      <trkpt lat="25.0822444" lon="121.5115695"></trkpt>
      <trkpt lat="25.0822397" lon="121.5113656"></trkpt>
      <trkpt lat="25.0822346" lon="121.5111404"></trkpt>
      <trkpt lat="25.0822123" lon="121.5109990"></trkpt>
      <trkpt lat="25.0821628" lon="121.5107230"></trkpt>
      <trkpt lat="25.0820952" lon="121.5103978"></trkpt>
      <trkpt lat="25.0820811" lon="121.5103273"></trkpt>
      <trkpt lat="25.0820233" lon="121.5103403"></trkpt>
      <trkpt lat="25.0816444" lon="121.5104255"></trkpt>
      <trkpt lat="25.0814233" lon="121.5104855"></trkpt>
      <trkpt lat="25.0814122" lon="121.5102590"></trkpt>
      <trkpt lat="25.0814426" lon="121.5099619"></trkpt>
      <trkpt lat="25.0811465" lon="121.5099374"></trkpt>
      <trkpt lat="25.0811781" lon="121.5095837"></trkpt>
      <trkpt lat="25.0812610" lon="121.5091978"></trkpt>
      <trkpt lat="25.0811182" lon="121.5091861"></trkpt>
      <trkpt lat="25.0809418" lon="121.5091578"></trkpt>
      <trkpt lat="25.0806529" lon="121.5091213"></trkpt>
      <trkpt lat="25.0802716" lon="121.5090608"></trkpt>
      <trkpt lat="25.0803398" lon="121.5089839"></trkpt>
      <trkpt lat="25.0804429" lon="121.5088777"></trkpt>
      <trkpt lat="25.0806021" lon="121.5087398"></trkpt>
      <trkpt lat="25.0804429" lon="121.5088777"></trkpt>
      <trkpt lat="25.0803398" lon="121.5089839"></trkpt>
      <trkpt lat="25.0800368" lon="121.5088635"></trkpt>
      <trkpt lat="25.0803398" lon="121.5089839"></trkpt>
      <trkpt lat="25.0802716" lon="121.5090608"></trkpt>
      <trkpt lat="25.0801843" lon="121.5092307"></trkpt>
      <trkpt lat="25.0801663" lon="121.5092920"></trkpt>
      <trkpt lat="25.0801028" lon="121.5095082"></trkpt>
      <trkpt lat="25.0800677" lon="121.5096276"></trkpt>
      <trkpt lat="25.0800412" lon="121.5098613"></trkpt>
      <trkpt lat="25.0800240" lon="121.5100300"></trkpt>
      <trkpt lat="25.0800038" lon="121.5103360"></trkpt>
      <trkpt lat="25.0799832" lon="121.5108602"></trkpt>
      <trkpt lat="25.0799804" lon="121.5109303"></trkpt>
      <trkpt lat="25.0798875" lon="121.5109622"></trkpt>
      <trkpt lat="25.0793120" lon="121.5111602"></trkpt>
      <trkpt lat="25.0792179" lon="121.5111986"></trkpt>
      <trkpt lat="25.0791247" lon="121.5112367"></trkpt>
      <trkpt lat="25.0789972" lon="121.5112909"></trkpt>
      <trkpt lat="25.0789739" lon="121.5113022"></trkpt>
      <trkpt lat="25.0783474" lon="121.5116072"></trkpt>
      <trkpt lat="25.0777011" lon="121.5119304"></trkpt>
      <trkpt lat="25.0774563" lon="121.5120260"></trkpt>
      <trkpt lat="25.0771853" lon="121.5120887"></trkpt>
      <trkpt lat="25.0771281" lon="121.5121165"></trkpt>
      <trkpt lat="25.0770526" lon="121.5121072"></trkpt>
      <trkpt lat="25.0769067" lon="121.5120866"></trkpt>
      <trkpt lat="25.0769150" lon="121.5120010"></trkpt>
      <trkpt lat="25.0770111" lon="121.5110669"></trkpt>
      <trkpt lat="25.0765978" lon="121.5108305"></trkpt>
      <trkpt lat="25.0765985" lon="121.5107232"></trkpt>
      <trkpt lat="25.0766071" lon="121.5105153"></trkpt>
      <trkpt lat="25.0766181" lon="121.5102153"></trkpt>
      <trkpt lat="25.0766119" lon="121.5101675"></trkpt>
      <trkpt lat="25.0765935" lon="121.5101368"></trkpt>
      <trkpt lat="25.0765192" lon="121.5100674"></trkpt>
      <trkpt lat="25.0764659" lon="121.5098796"></trkpt>
      <trkpt lat="25.0763887" lon="121.5096074"></trkpt>
      <trkpt lat="25.0763622" lon="121.5095142"></trkpt>
      <trkpt lat="25.0762035" lon="121.5089547"></trkpt>
      <trkpt lat="25.0761889" lon="121.5089107"></trkpt>
      <trkpt lat="25.0761608" lon="121.5088773"></trkpt>
      <trkpt lat="25.0761258" lon="121.5088465"></trkpt>
      <trkpt lat="25.0762688" lon="121.5093698"></trkpt>
      <trkpt lat="25.0763060" lon="121.5095060"></trkpt>
      <trkpt lat="25.0764624" lon="121.5100820"></trkpt>
      <trkpt lat="25.0764307" lon="121.5104607"></trkpt>
      <trkpt lat="25.0764347" lon="121.5105145"></trkpt>
      <trkpt lat="25.0764385" lon="121.5106022"></trkpt>
      <trkpt lat="25.0764172" lon="121.5120073"></trkpt>
      <trkpt lat="25.0763827" lon="121.5119999"></trkpt>
      <trkpt lat="25.0758753" lon="121.5118920"></trkpt>
      <trkpt lat="25.0758553" lon="121.5118854"></trkpt>
      <trkpt lat="25.0742349" lon="121.5114840"></trkpt>
      <trkpt lat="25.0741532" lon="121.5114667"></trkpt>
      <trkpt lat="25.0740479" lon="121.5114444"></trkpt>
      <trkpt lat="25.0739388" lon="121.5114213"></trkpt>
      <trkpt lat="25.0736451" lon="121.5113641"></trkpt>
      <trkpt lat="25.0730752" lon="121.5112410"></trkpt>
      <trkpt lat="25.0730317" lon="121.5112316"></trkpt>
      <trkpt lat="25.0726612" lon="121.5111468"></trkpt>
      <trkpt lat="25.0725094" lon="121.5111233"></trkpt>
      <trkpt lat="25.0722327" lon="121.5110488"></trkpt>
      <trkpt lat="25.0721048" lon="121.5109959"></trkpt>
      <trkpt lat="25.0721008" lon="121.5112029"></trkpt>
      <trkpt lat="25.0720861" lon="121.5119751"></trkpt>
      <trkpt lat="25.0721008" lon="121.5112029"></trkpt>
      <trkpt lat="25.0721048" lon="121.5109959"></trkpt>
      <trkpt lat="25.0721091" lon="121.5108474"></trkpt>
      <trkpt lat="25.0721149" lon="121.5106488"></trkpt>
      <trkpt lat="25.0721764" lon="121.5092401"></trkpt>
      <trkpt lat="25.0721743" lon="121.5091887"></trkpt>
      <trkpt lat="25.0721713" lon="121.5090797"></trkpt>
      <trkpt lat="25.0710484" lon="121.5091968"></trkpt>
      <trkpt lat="25.0695702" lon="121.5092163"></trkpt>
      <trkpt lat="25.0692924" lon="121.5091760"></trkpt>
      <trkpt lat="25.0688911" lon="121.5091175"></trkpt>
      <trkpt lat="25.0688635" lon="121.5091135"></trkpt>
      <trkpt lat="25.0687847" lon="121.5091018"></trkpt>
      <trkpt lat="25.0686821" lon="121.5090866"></trkpt>
      <trkpt lat="25.0686771" lon="121.5091981"></trkpt>
      <trkpt lat="25.0686731" lon="121.5092794"></trkpt>
      <trkpt lat="25.0686605" lon="121.5099005"></trkpt>
      <trkpt lat="25.0686000" lon="121.5098937"></trkpt>
      <trkpt lat="25.0684879" lon="121.5098792"></trkpt>
      <trkpt lat="25.0681486" lon="121.5098313"></trkpt>
      <trkpt lat="25.0678092" lon="121.5098064"></trkpt>
      <trkpt lat="25.0677121" lon="121.5097905"></trkpt>
      <trkpt lat="25.0675015" lon="121.5097721"></trkpt>
      <trkpt lat="25.0674778" lon="121.5099633"></trkpt>
      <trkpt lat="25.0674678" lon="121.5101283"></trkpt>
      <trkpt lat="25.0674259" lon="121.5103900"></trkpt>
      <trkpt lat="25.0671735" lon="121.5103107"></trkpt>
      <trkpt lat="25.0672084" lon="121.5108761"></trkpt>
      <trkpt lat="25.0672124" lon="121.5109411"></trkpt>
      <trkpt lat="25.0671487" lon="121.5109451"></trkpt>
      <trkpt lat="25.0664790" lon="121.5109876"></trkpt>
      <trkpt lat="25.0660117" lon="121.5110172"></trkpt>
      <trkpt lat="25.0659316" lon="121.5110223"></trkpt>
      <trkpt lat="25.0659310" lon="121.5111274"></trkpt>
      <trkpt lat="25.0659283" lon="121.5116163"></trkpt>
      <trkpt lat="25.0659310" lon="121.5111274"></trkpt>
      <trkpt lat="25.0659316" lon="121.5110223"></trkpt>
      <trkpt lat="25.0658471" lon="121.5110277"></trkpt>
      <trkpt lat="25.0656100" lon="121.5110427"></trkpt>
      <trkpt lat="25.0654582" lon="121.5110524"></trkpt>
      <trkpt lat="25.0650975" lon="121.5110752"></trkpt>
      <trkpt lat="25.0649946" lon="121.5110817"></trkpt>
      <trkpt lat="25.0646412" lon="121.5111042"></trkpt>
      <trkpt lat="25.0645917" lon="121.5111073"></trkpt>
      <trkpt lat="25.0645783" lon="121.5111081"></trkpt>
      <trkpt lat="25.0642263" lon="121.5111285"></trkpt>
      <trkpt lat="25.0639549" lon="121.5111477"></trkpt>
      <trkpt lat="25.0639534" lon="121.5110554"></trkpt>
      <trkpt lat="25.0639423" lon="121.5103651"></trkpt>
      <trkpt lat="25.0639274" lon="121.5098138"></trkpt>
      <trkpt lat="25.0639298" lon="121.5094356"></trkpt>
      <trkpt lat="25.0639288" lon="121.5092438"></trkpt>
      <trkpt lat="25.0639719" lon="121.5089057"></trkpt>
      <trkpt lat="25.0639797" lon="121.5088136"></trkpt>
      <trkpt lat="25.0639719" lon="121.5089057"></trkpt>
      <trkpt lat="25.0639288" lon="121.5092438"></trkpt>
      <trkpt lat="25.0639298" lon="121.5094356"></trkpt>
      <trkpt lat="25.0634206" lon="121.5094007"></trkpt>
      <trkpt lat="25.0633920" lon="121.5093777"></trkpt>
      <trkpt lat="25.0634484" lon="121.5090754"></trkpt>
      <trkpt lat="25.0634891" lon="121.5088569"></trkpt>
      <trkpt lat="25.0639797" lon="121.5088136"></trkpt>
      <trkpt lat="25.0639719" lon="121.5089057"></trkpt>
      <trkpt lat="25.0639288" lon="121.5092438"></trkpt>
      <trkpt lat="25.0639298" lon="121.5094356"></trkpt>
      <trkpt lat="25.0634206" lon="121.5094007"></trkpt>
      <trkpt lat="25.0633920" lon="121.5093777"></trkpt>
      <trkpt lat="25.0633478" lon="121.5093684"></trkpt>
      <trkpt lat="25.0632559" lon="121.5093444"></trkpt>
      <trkpt lat="25.0631313" lon="121.5093129"></trkpt>
      <trkpt lat="25.0630926" lon="121.5093004"></trkpt>
      <trkpt lat="25.0630807" lon="121.5093664"></trkpt>
      <trkpt lat="25.0629956" lon="121.5098853"></trkpt>
      <trkpt lat="25.0628078" lon="121.5098377"></trkpt>
      <trkpt lat="25.0626093" lon="121.5097829"></trkpt>
      <trkpt lat="25.0624089" lon="121.5097377"></trkpt>
      <trkpt lat="25.0621894" lon="121.5097487"></trkpt>
      <trkpt lat="25.0620917" lon="121.5097575"></trkpt>
      <trkpt lat="25.0618510" lon="121.5097742"></trkpt>
      <trkpt lat="25.0613857" lon="121.5098094"></trkpt>
      <trkpt lat="25.0606432" lon="121.5099140"></trkpt>
      <trkpt lat="25.0605537" lon="121.5099266"></trkpt>
      <trkpt lat="25.0605515" lon="121.5098785"></trkpt>
      <trkpt lat="25.0605304" lon="121.5094141"></trkpt>
      <trkpt lat="25.0605260" lon="121.5093182"></trkpt>
      <trkpt lat="25.0605304" lon="121.5094141"></trkpt>
      <trkpt lat="25.0605515" lon="121.5098785"></trkpt>
      <trkpt lat="25.0605537" lon="121.5099266"></trkpt>
      <trkpt lat="25.0601343" lon="121.5099902"></trkpt>
      <trkpt lat="25.0598075" lon="121.5100365"></trkpt>
      <trkpt lat="25.0595507" lon="121.5100705"></trkpt>
      <trkpt lat="25.0594934" lon="121.5100810"></trkpt>
      <trkpt lat="25.0591430" lon="121.5101404"></trkpt>
      <trkpt lat="25.0591811" lon="121.5106015"></trkpt>
      <trkpt lat="25.0592214" lon="121.5106534"></trkpt>
      <trkpt lat="25.0592357" lon="121.5109980"></trkpt>
      <trkpt lat="25.0592352" lon="121.5114406"></trkpt>
      <trkpt lat="25.0589975" lon="121.5114554"></trkpt>
      <trkpt lat="25.0588826" lon="121.5114625"></trkpt>
      <trkpt lat="25.0583674" lon="121.5114944"></trkpt>
      <trkpt lat="25.0582865" lon="121.5114980"></trkpt>
      <trkpt lat="25.0581528" lon="121.5115077"></trkpt>
      <trkpt lat="25.0580593" lon="121.5115135"></trkpt>
      <trkpt lat="25.0576793" lon="121.5115370"></trkpt>
      <trkpt lat="25.0576318" lon="121.5115399"></trkpt>
      <trkpt lat="25.0570136" lon="121.5115778"></trkpt>
      <trkpt lat="25.0569413" lon="121.5115822"></trkpt>
      <trkpt lat="25.0568543" lon="121.5115800"></trkpt>
      <trkpt lat="25.0565455" lon="121.5115977"></trkpt>
      <trkpt lat="25.0554935" lon="121.5116654"></trkpt>
      <trkpt lat="25.0554528" lon="121.5116666"></trkpt>
      <trkpt lat="25.0554440" lon="121.5115847"></trkpt>
      <trkpt lat="25.0553821" lon="121.5109257"></trkpt>
      <trkpt lat="25.0555287" lon="121.5109146"></trkpt>
      <trkpt lat="25.0555168" lon="121.5106359"></trkpt>
      <trkpt lat="25.0554707" lon="121.5100283"></trkpt>
      <trkpt lat="25.0556468" lon="121.5099975"></trkpt>
      <trkpt lat="25.0556138" lon="121.5096527"></trkpt>
      <trkpt lat="25.0555454" lon="121.5089387"></trkpt>
      <trkpt lat="25.0553309" lon="121.5089199"></trkpt>
      <trkpt lat="25.0552362" lon="121.5089040"></trkpt>
      <trkpt lat="25.0551833" lon="121.5088951"></trkpt>
      <trkpt lat="25.0552244" lon="121.5083510"></trkpt>
      <trkpt lat="25.0550238" lon="121.5083360"></trkpt>
      <trkpt lat="25.0543946" lon="121.5082658"></trkpt>
      <trkpt lat="25.0536541" lon="121.5081884"></trkpt>
      <trkpt lat="25.0535379" lon="121.5081736"></trkpt>
      <trkpt lat="25.0535228" lon="121.5082173"></trkpt>
      <trkpt lat="25.0534220" lon="121.5086633"></trkpt>
      <trkpt lat="25.0534136" lon="121.5087000"></trkpt>
      <trkpt lat="25.0533845" lon="121.5088228"></trkpt>
      <trkpt lat="25.0533662" lon="121.5089000"></trkpt>
      <trkpt lat="25.0531309" lon="121.5088863"></trkpt>
      <trkpt lat="25.0520107" lon="121.5088569"></trkpt>
      <trkpt lat="25.0520203" lon="121.5098560"></trkpt>
      <trkpt lat="25.0520192" lon="121.5100422"></trkpt>
      <trkpt lat="25.0520298" lon="121.5103595"></trkpt>
      <trkpt lat="25.0520359" lon="121.5104744"></trkpt>
      <trkpt lat="25.0519055" lon="121.5104935"></trkpt>
      <trkpt lat="25.0514729" lon="121.5105111"></trkpt>
      <trkpt lat="25.0513801" lon="121.5105169"></trkpt>
      <trkpt lat="25.0509209" lon="121.5105366"></trkpt>
      <trkpt lat="25.0506377" lon="121.5105394"></trkpt>
      <trkpt lat="25.0503608" lon="121.5105518"></trkpt>
      <trkpt lat="25.0502841" lon="121.5105380"></trkpt>
      <trkpt lat="25.0503064" lon="121.5103987"></trkpt>
      <trkpt lat="25.0503404" lon="121.5101757"></trkpt>
      <trkpt lat="25.0503549" lon="121.5100436"></trkpt>
      <trkpt lat="25.0503962" lon="121.5097761"></trkpt>
      <trkpt lat="25.0504472" lon="121.5094308"></trkpt>
      <trkpt lat="25.0504844" lon="121.5092678"></trkpt>
      <trkpt lat="25.0505440" lon="121.5089353"></trkpt>
      <trkpt lat="25.0506409" lon="121.5083553"></trkpt>
      <trkpt lat="25.0506120" lon="121.5081899"></trkpt>
      <trkpt lat="25.0504059" lon="121.5081360"></trkpt>
      <trkpt lat="25.0503229" lon="121.5081123"></trkpt>
      <trkpt lat="25.0500692" lon="121.5080398"></trkpt>
      <trkpt lat="25.0496873" lon="121.5079306"></trkpt>
      <trkpt lat="25.0492079" lon="121.5077936"></trkpt>
      <trkpt lat="25.0488072" lon="121.5076791"></trkpt>
      <trkpt lat="25.0487064" lon="121.5076502"></trkpt>
      <trkpt lat="25.0485660" lon="121.5076097"></trkpt>
      <trkpt lat="25.0485403" lon="121.5077134"></trkpt>
      <trkpt lat="25.0485158" lon="121.5078123"></trkpt>
      <trkpt lat="25.0484764" lon="121.5079743"></trkpt>
      <trkpt lat="25.0483232" lon="121.5086032"></trkpt>
      <trkpt lat="25.0482154" lon="121.5085723"></trkpt>
      <trkpt lat="25.0482057" lon="121.5086135"></trkpt>
      <trkpt lat="25.0479833" lon="121.5095600"></trkpt>
      <trkpt lat="25.0479562" lon="121.5095686"></trkpt>
      <trkpt lat="25.0478107" lon="121.5095855"></trkpt>
      <trkpt lat="25.0472702" lon="121.5094315"></trkpt>
      <trkpt lat="25.0470951" lon="121.5093889"></trkpt>
      <trkpt lat="25.0470665" lon="121.5095062"></trkpt>
      <trkpt lat="25.0470339" lon="121.5096417"></trkpt>
      <trkpt lat="25.0469757" lon="121.5098844"></trkpt>
      <trkpt lat="25.0470238" lon="121.5099029"></trkpt>
      <trkpt lat="25.0470789" lon="121.5099961"></trkpt>
      <trkpt lat="25.0472095" lon="121.5101141"></trkpt>
      <trkpt lat="25.0471409" lon="121.5100932"></trkpt>
      <trkpt lat="25.0469677" lon="121.5100403"></trkpt>
      <trkpt lat="25.0469015" lon="121.5100136"></trkpt>
      <trkpt lat="25.0468834" lon="121.5100015"></trkpt>
      <trkpt lat="25.0469032" lon="121.5098563"></trkpt>
      <trkpt lat="25.0469359" lon="121.5096101"></trkpt>
      <trkpt lat="25.0469543" lon="121.5094720"></trkpt>
      <trkpt lat="25.0469647" lon="121.5093950"></trkpt>
      <trkpt lat="25.0463922" lon="121.5092270"></trkpt>
      <trkpt lat="25.0462002" lon="121.5091707"></trkpt>
      <trkpt lat="25.0461645" lon="121.5091397"></trkpt>
      <trkpt lat="25.0461436" lon="121.5091215"></trkpt>
      <trkpt lat="25.0461186" lon="121.5091118"></trkpt>
      <trkpt lat="25.0460637" lon="121.5090936"></trkpt>
      <trkpt lat="25.0462505" lon="121.5082857"></trkpt>
      <trkpt lat="25.0462923" lon="121.5080957"></trkpt>
      <trkpt lat="25.0463060" lon="121.5080337"></trkpt>
      <trkpt lat="25.0458453" lon="121.5079027"></trkpt>
      <trkpt lat="25.0458330" lon="121.5079548"></trkpt>
      <trkpt lat="25.0457461" lon="121.5083210"></trkpt>
      <trkpt lat="25.0457337" lon="121.5083866"></trkpt>
      <trkpt lat="25.0456312" lon="121.5089849"></trkpt>
      <trkpt lat="25.0453924" lon="121.5089184"></trkpt>
      <trkpt lat="25.0452786" lon="121.5088849"></trkpt>
      <trkpt lat="25.0451930" lon="121.5088548"></trkpt>
      <trkpt lat="25.0451684" lon="121.5089607"></trkpt>
      <trkpt lat="25.0451589" lon="121.5090804"></trkpt>
      <trkpt lat="25.0451570" lon="121.5092191"></trkpt>
      <trkpt lat="25.0451564" lon="121.5093430"></trkpt>
      <trkpt lat="25.0451560" lon="121.5094280"></trkpt>
      <trkpt lat="25.0450872" lon="121.5094148"></trkpt>
      <trkpt lat="25.0450930" lon="121.5094549"></trkpt>
      <trkpt lat="25.0446808" lon="121.5093327"></trkpt>
      <trkpt lat="25.0442733" lon="121.5092586"></trkpt>
      <trkpt lat="25.0441682" lon="121.5092360"></trkpt>
      <trkpt lat="25.0440755" lon="121.5092111"></trkpt>
      <trkpt lat="25.0437701" lon="121.5091237"></trkpt>
      <trkpt lat="25.0429674" lon="121.5088890"></trkpt>
      <trkpt lat="25.0429103" lon="121.5091238"></trkpt>
      <trkpt lat="25.0428413" lon="121.5094080"></trkpt>
      <trkpt lat="25.0427626" lon="121.5097315"></trkpt>
      <trkpt lat="25.0427514" lon="121.5097777"></trkpt>
      <trkpt lat="25.0425433" lon="121.5097161"></trkpt>
      <trkpt lat="25.0421800" lon="121.5096086"></trkpt>
      <trkpt lat="25.0418002" lon="121.5095111"></trkpt>
      <trkpt lat="25.0416636" lon="121.5094602"></trkpt>
      <trkpt lat="25.0416390" lon="121.5095433"></trkpt>
      <trkpt lat="25.0415172" lon="121.5099283"></trkpt>
      <trkpt lat="25.0413624" lon="121.5103678"></trkpt>
      <trkpt lat="25.0413434" lon="121.5104225"></trkpt>
      <trkpt lat="25.0412726" lon="121.5104167"></trkpt>
      <trkpt lat="25.0402754" lon="121.5103136"></trkpt>
      <trkpt lat="25.0401927" lon="121.5103053"></trkpt>
      <trkpt lat="25.0401152" lon="121.5102957"></trkpt>
      <trkpt lat="25.0401131" lon="121.5103540"></trkpt>
      <trkpt lat="25.0400106" lon="121.5112381"></trkpt>
      <trkpt lat="25.0400038" lon="121.5112995"></trkpt>
      <trkpt lat="25.0395217" lon="121.5112420"></trkpt>
      <trkpt lat="25.0390353" lon="121.5111840"></trkpt>
      <trkpt lat="25.0389287" lon="121.5111713"></trkpt>
      <trkpt lat="25.0389252" lon="121.5112075"></trkpt>
      <trkpt lat="25.0388762" lon="121.5117804"></trkpt>
      <trkpt lat="25.0389252" lon="121.5112075"></trkpt>
      <trkpt lat="25.0389287" lon="121.5111713"></trkpt>
      <trkpt lat="25.0389302" lon="121.5110514"></trkpt>
      <trkpt lat="25.0389998" lon="121.5102250"></trkpt>
      <trkpt lat="25.0390031" lon="121.5101812"></trkpt>
      <trkpt lat="25.0390087" lon="121.5101212"></trkpt>
      <trkpt lat="25.0390840" lon="121.5101288"></trkpt>
      <trkpt lat="25.0392162" lon="121.5088102"></trkpt>
      <trkpt lat="25.0392224" lon="121.5087483"></trkpt>
      <trkpt lat="25.0391838" lon="121.5087361"></trkpt>
      <trkpt lat="25.0391399" lon="121.5087222"></trkpt>
      <trkpt lat="25.0392091" lon="121.5077825"></trkpt>
      <trkpt lat="25.0390913" lon="121.5077309"></trkpt>
      <trkpt lat="25.0386421" lon="121.5075565"></trkpt>
      <trkpt lat="25.0384172" lon="121.5085195"></trkpt>
      <trkpt lat="25.0381956" lon="121.5084558"></trkpt>
      <trkpt lat="25.0381403" lon="121.5084399"></trkpt>
      <trkpt lat="25.0379353" lon="121.5083810"></trkpt>
      <trkpt lat="25.0377559" lon="121.5083287"></trkpt>
      <trkpt lat="25.0375013" lon="121.5082473"></trkpt>
      <trkpt lat="25.0371097" lon="121.5081431"></trkpt>
      <trkpt lat="25.0370481" lon="121.5081219"></trkpt>
      <trkpt lat="25.0370371" lon="121.5080642"></trkpt>
      <trkpt lat="25.0370240" lon="121.5080148"></trkpt>
      <trkpt lat="25.0369982" lon="121.5079738"></trkpt>
      <trkpt lat="25.0369605" lon="121.5079474"></trkpt>
      <trkpt lat="25.0369161" lon="121.5079306"></trkpt>
      <trkpt lat="25.0368876" lon="121.5079315"></trkpt>
      <trkpt lat="25.0368468" lon="121.5079491"></trkpt>
      <trkpt lat="25.0368134" lon="121.5079803"></trkpt>
      <trkpt lat="25.0367909" lon="121.5080217"></trkpt>
      <trkpt lat="25.0367678" lon="121.5080137"></trkpt>
      <trkpt lat="25.0366386" lon="121.5079888"></trkpt>
      <trkpt lat="25.0365423" lon="121.5081015"></trkpt>
      <trkpt lat="25.0365324" lon="121.5081131"></trkpt>
      <trkpt lat="25.0362153" lon="121.5088765"></trkpt>
      <trkpt lat="25.0360830" lon="121.5091949"></trkpt>
      <trkpt lat="25.0359213" lon="121.5095909"></trkpt>
      <trkpt lat="25.0358571" lon="121.5095613"></trkpt>
      <trkpt lat="25.0353412" lon="121.5093247"></trkpt>
      <trkpt lat="25.0352860" lon="121.5092981"></trkpt>
      <trkpt lat="25.0351283" lon="121.5098561"></trkpt>
      <trkpt lat="25.0350484" lon="121.5101511"></trkpt>
      <trkpt lat="25.0349864" lon="121.5103799"></trkpt>
      <trkpt lat="25.0349309" lon="121.5106000"></trkpt>
      <trkpt lat="25.0348603" lon="121.5105910"></trkpt>
      <trkpt lat="25.0348288" lon="121.5106042"></trkpt>
      <trkpt lat="25.0348215" lon="121.5106620"></trkpt>
      <trkpt lat="25.0345225" lon="121.5106210"></trkpt>
      <trkpt lat="25.0342039" lon="121.5105873"></trkpt>
      <trkpt lat="25.0339163" lon="121.5105569"></trkpt>
      <trkpt lat="25.0337166" lon="121.5105372"></trkpt>
      <trkpt lat="25.0336368" lon="121.5105902"></trkpt>
      <trkpt lat="25.0336375" lon="121.5106568"></trkpt>
      <trkpt lat="25.0336360" lon="121.5107360"></trkpt>
      <trkpt lat="25.0336208" lon="121.5108023"></trkpt>
      <trkpt lat="25.0336249" lon="121.5108280"></trkpt>
      <trkpt lat="25.0337021" lon="121.5111195"></trkpt>
      <trkpt lat="25.0337050" lon="121.5111305"></trkpt>
      <trkpt lat="25.0331462" lon="121.5113299"></trkpt>
      <trkpt lat="25.0331972" lon="121.5115171"></trkpt>
      <trkpt lat="25.0333264" lon="121.5120031"></trkpt>
      <trkpt lat="25.0334225" lon="121.5120479"></trkpt>
      <trkpt lat="25.0335535" lon="121.5125623"></trkpt>
      <trkpt lat="25.0335959" lon="121.5126227"></trkpt>
      <trkpt lat="25.0336567" lon="121.5126750"></trkpt>
      <trkpt lat="25.0336822" lon="121.5127300"></trkpt>
      <trkpt lat="25.0337284" lon="121.5129459"></trkpt>
      <trkpt lat="25.0338111" lon="121.5130718"></trkpt>
      <trkpt lat="25.0326230" lon="121.5137462"></trkpt>
      <trkpt lat="25.0326037" lon="121.5136829"></trkpt>
      <trkpt lat="25.0325375" lon="121.5134661"></trkpt>
      <trkpt lat="25.0322050" lon="121.5135647"></trkpt>
      <trkpt lat="25.0321053" lon="121.5135674"></trkpt>
      <trkpt lat="25.0320130" lon="121.5134923"></trkpt>
      <trkpt lat="25.0318273" lon="121.5135483"></trkpt>
      <trkpt lat="25.0317980" lon="121.5135571"></trkpt>
      <trkpt lat="25.0317089" lon="121.5136463"></trkpt>
      <trkpt lat="25.0316224" lon="121.5136713"></trkpt>
      <trkpt lat="25.0315883" lon="121.5135780"></trkpt>
      <trkpt lat="25.0310591" lon="121.5137295"></trkpt>
      <trkpt lat="25.0304385" lon="121.5139071"></trkpt>
      <trkpt lat="25.0303822" lon="121.5139232"></trkpt>
      <trkpt lat="25.0300773" lon="121.5140011"></trkpt>
      <trkpt lat="25.0296025" lon="121.5141356"></trkpt>
      <trkpt lat="25.0295839" lon="121.5141137"></trkpt>
      <trkpt lat="25.0294680" lon="121.5136036"></trkpt>
      <trkpt lat="25.0291367" lon="121.5121458"></trkpt>
      <trkpt lat="25.0291425" lon="121.5121187"></trkpt>
      <trkpt lat="25.0291811" lon="121.5120467"></trkpt>
      <trkpt lat="25.0291208" lon="121.5120076"></trkpt>
      <trkpt lat="25.0290216" lon="121.5119434"></trkpt>
      <trkpt lat="25.0289777" lon="121.5119149"></trkpt>
      <trkpt lat="25.0289619" lon="121.5119427"></trkpt>
      <trkpt lat="25.0289430" lon="121.5119771"></trkpt>
      <trkpt lat="25.0288064" lon="121.5119002"></trkpt>
      <trkpt lat="25.0287594" lon="121.5118679"></trkpt>
      <trkpt lat="25.0284898" lon="121.5116824"></trkpt>
      <trkpt lat="25.0281077" lon="121.5114442"></trkpt>
      <trkpt lat="25.0280919" lon="121.5114356"></trkpt>
      <trkpt lat="25.0280009" lon="121.5113743"></trkpt>
      <trkpt lat="25.0279307" lon="121.5113294"></trkpt>
      <trkpt lat="25.0278774" lon="121.5112996"></trkpt>
      <trkpt lat="25.0277800" lon="121.5112471"></trkpt>
      <trkpt lat="25.0274947" lon="121.5110627"></trkpt>
      <trkpt lat="25.0270594" lon="121.5109162"></trkpt>
      <trkpt lat="25.0266071" lon="121.5107624"></trkpt>
      <trkpt lat="25.0259045" lon="121.5105350"></trkpt>
      <trkpt lat="25.0254946" lon="121.5104029"></trkpt>
      <trkpt lat="25.0253684" lon="121.5103667"></trkpt>
      <trkpt lat="25.0247329" lon="121.5101628"></trkpt>
      <trkpt lat="25.0246495" lon="121.5101381"></trkpt>
      <trkpt lat="25.0242759" lon="121.5100160"></trkpt>
      <trkpt lat="25.0241443" lon="121.5099729"></trkpt>
      <trkpt lat="25.0233504" lon="121.5097133"></trkpt>
      <trkpt lat="25.0231702" lon="121.5096544"></trkpt>
      <trkpt lat="25.0229072" lon="121.5086966"></trkpt>
      <trkpt lat="25.0228455" lon="121.5085373"></trkpt>
      <trkpt lat="25.0225250" lon="121.5080096"></trkpt>
      <trkpt lat="25.0224952" lon="121.5079604"></trkpt>
      <trkpt lat="25.0221428" lon="121.5074601"></trkpt>
      <trkpt lat="25.0221058" lon="121.5074062"></trkpt>
      <trkpt lat="25.0216075" lon="121.5066809"></trkpt>
      <trkpt lat="25.0200130" lon="121.5042891"></trkpt>
      <trkpt lat="25.0199860" lon="121.5042521"></trkpt>
      <trkpt lat="25.0199580" lon="121.5042133"></trkpt>
      <trkpt lat="25.0198927" lon="121.5043040"></trkpt>
      <trkpt lat="25.0197754" lon="121.5044227"></trkpt>
      <trkpt lat="25.0196846" lon="121.5044939"></trkpt>
      <trkpt lat="25.0195089" lon="121.5048075"></trkpt>
      <trkpt lat="25.0194435" lon="121.5048955"></trkpt>
      <trkpt lat="25.0193577" lon="121.5049632"></trkpt>
      <trkpt lat="25.0191998" lon="121.5050254"></trkpt>
      <trkpt lat="25.0193577" lon="121.5049632"></trkpt>
      <trkpt lat="25.0194435" lon="121.5048955"></trkpt>
      <trkpt lat="25.0195089" lon="121.5048075"></trkpt>
      <trkpt lat="25.0196846" lon="121.5044939"></trkpt>
      <trkpt lat="25.0197754" lon="121.5044227"></trkpt>
      <trkpt lat="25.0198927" lon="121.5043040"></trkpt>
      <trkpt lat="25.0199580" lon="121.5042133"></trkpt>
      <trkpt lat="25.0199860" lon="121.5042521"></trkpt>
      <trkpt lat="25.0200130" lon="121.5042891"></trkpt>
      <trkpt lat="25.0216075" lon="121.5066809"></trkpt>
      <trkpt lat="25.0221058" lon="121.5074062"></trkpt>
      <trkpt lat="25.0221428" lon="121.5074601"></trkpt>
      <trkpt lat="25.0224952" lon="121.5079604"></trkpt>
      <trkpt lat="25.0225250" lon="121.5080096"></trkpt>
      <trkpt lat="25.0228455" lon="121.5085373"></trkpt>
      <trkpt lat="25.0230174" lon="121.5084804"></trkpt>
      <trkpt lat="25.0233921" lon="121.5084346"></trkpt>
      <trkpt lat="25.0240005" lon="121.5083530"></trkpt>
      <trkpt lat="25.0240822" lon="121.5083371"></trkpt>
      <trkpt lat="25.0241813" lon="121.5082878"></trkpt>
      <trkpt lat="25.0243029" lon="121.5084158"></trkpt>
      <trkpt lat="25.0247690" lon="121.5089063"></trkpt>
      <trkpt lat="25.0249919" lon="121.5091409"></trkpt>
      <trkpt lat="25.0248542" lon="121.5093659"></trkpt>
      <trkpt lat="25.0247682" lon="121.5096905"></trkpt>
      <trkpt lat="25.0246495" lon="121.5101381"></trkpt>
      <trkpt lat="25.0246073" lon="121.5102976"></trkpt>
      <trkpt lat="25.0244715" lon="121.5108102"></trkpt>
      <trkpt lat="25.0244576" lon="121.5108627"></trkpt>
      <trkpt lat="25.0243819" lon="121.5111485"></trkpt>
      <trkpt lat="25.0243152" lon="121.5113999"></trkpt>
      <trkpt lat="25.0241781" lon="121.5119173"></trkpt>
      <trkpt lat="25.0241440" lon="121.5120249"></trkpt>
      <trkpt lat="25.0241436" lon="121.5120619"></trkpt>
      <trkpt lat="25.0241414" lon="121.5122438"></trkpt>
      <trkpt lat="25.0242005" lon="121.5123618"></trkpt>
      <trkpt lat="25.0242445" lon="121.5124078"></trkpt>
      <trkpt lat="25.0245987" lon="121.5126824"></trkpt>
      <trkpt lat="25.0248551" lon="121.5128735"></trkpt>
      <trkpt lat="25.0249323" lon="121.5129411"></trkpt>
      <trkpt lat="25.0251228" lon="121.5130846"></trkpt>
      <trkpt lat="25.0252008" lon="121.5131465"></trkpt>
      <trkpt lat="25.0252794" lon="121.5132103"></trkpt>
      <trkpt lat="25.0260932" lon="121.5138408"></trkpt>
      <trkpt lat="25.0261487" lon="121.5138765"></trkpt>
      <trkpt lat="25.0262265" lon="121.5139210"></trkpt>
      <trkpt lat="25.0262064" lon="121.5140430"></trkpt>
      <trkpt lat="25.0261903" lon="121.5140925"></trkpt>
      <trkpt lat="25.0261150" lon="121.5144805"></trkpt>
      <trkpt lat="25.0259468" lon="121.5152826"></trkpt>
      <trkpt lat="25.0258576" lon="121.5156435"></trkpt>
      <trkpt lat="25.0258237" lon="121.5157929"></trkpt>
      <trkpt lat="25.0257546" lon="121.5160847"></trkpt>
      <trkpt lat="25.0257282" lon="121.5161879"></trkpt>
      <trkpt lat="25.0256068" lon="121.5162618"></trkpt>
      <trkpt lat="25.0252435" lon="121.5163664"></trkpt>
      <trkpt lat="25.0245546" lon="121.5165436"></trkpt>
      <trkpt lat="25.0242575" lon="121.5166201"></trkpt>
      <trkpt lat="25.0242357" lon="121.5166257"></trkpt>
      <trkpt lat="25.0242298" lon="121.5166831"></trkpt>
      <trkpt lat="25.0240763" lon="121.5167236"></trkpt>
      <trkpt lat="25.0238878" lon="121.5167500"></trkpt>
      <trkpt lat="25.0238202" lon="121.5167599"></trkpt>
      <trkpt lat="25.0237159" lon="121.5167677"></trkpt>
      <trkpt lat="25.0235716" lon="121.5167785"></trkpt>
      <trkpt lat="25.0233796" lon="121.5167882"></trkpt>
      <trkpt lat="25.0231396" lon="121.5167981"></trkpt>
      <trkpt lat="25.0230900" lon="121.5167988"></trkpt>
      <trkpt lat="25.0228254" lon="121.5167700"></trkpt>
      <trkpt lat="25.0227383" lon="121.5167594"></trkpt>
      <trkpt lat="25.0225360" lon="121.5167065"></trkpt>
      <trkpt lat="25.0224734" lon="121.5166836"></trkpt>
      <trkpt lat="25.0223698" lon="121.5166293"></trkpt>
      <trkpt lat="25.0222592" lon="121.5165513"></trkpt>
      <trkpt lat="25.0221829" lon="121.5164801"></trkpt>
      <trkpt lat="25.0218211" lon="121.5161026"></trkpt>
      <trkpt lat="25.0217445" lon="121.5160308"></trkpt>
      <trkpt lat="25.0216387" lon="121.5159459"></trkpt>
      <trkpt lat="25.0215394" lon="121.5158782"></trkpt>
      <trkpt lat="25.0213951" lon="121.5157877"></trkpt>
      <trkpt lat="25.0212553" lon="121.5157119"></trkpt>
      <trkpt lat="25.0210633" lon="121.5156233"></trkpt>
      <trkpt lat="25.0209246" lon="121.5155667"></trkpt>
      <trkpt lat="25.0207101" lon="121.5154996"></trkpt>
      <trkpt lat="25.0205210" lon="121.5154630"></trkpt>
      <trkpt lat="25.0203086" lon="121.5154396"></trkpt>
      <trkpt lat="25.0200804" lon="121.5154410"></trkpt>
      <trkpt lat="25.0191099" lon="121.5155153"></trkpt>
      <trkpt lat="25.0189753" lon="121.5155088"></trkpt>
      <trkpt lat="25.0188523" lon="121.5154991"></trkpt>
      <trkpt lat="25.0186747" lon="121.5154332"></trkpt>
      <trkpt lat="25.0185768" lon="121.5153767"></trkpt>
      <trkpt lat="25.0184984" lon="121.5153068"></trkpt>
      <trkpt lat="25.0184297" lon="121.5152021"></trkpt>
      <trkpt lat="25.0183946" lon="121.5151046"></trkpt>
      <trkpt lat="25.0183817" lon="121.5150078"></trkpt>
      <trkpt lat="25.0183810" lon="121.5149109"></trkpt>
      <trkpt lat="25.0183902" lon="121.5147016"></trkpt>
      <trkpt lat="25.0184035" lon="121.5142450"></trkpt>
      <trkpt lat="25.0183861" lon="121.5135158"></trkpt>
      <trkpt lat="25.0183828" lon="121.5134383"></trkpt>
      <trkpt lat="25.0183064" lon="121.5129447"></trkpt>
      <trkpt lat="25.0183028" lon="121.5128459"></trkpt>
      <trkpt lat="25.0183448" lon="121.5127460"></trkpt>
      <trkpt lat="25.0184731" lon="121.5126130"></trkpt>
      <trkpt lat="25.0190861" lon="121.5133046"></trkpt>
      <trkpt lat="25.0191444" lon="121.5134212"></trkpt>
      <trkpt lat="25.0191530" lon="121.5135120"></trkpt>
      <trkpt lat="25.0191602" lon="121.5135875"></trkpt>
      <trkpt lat="25.0191910" lon="121.5140082"></trkpt>
      <trkpt lat="25.0191922" lon="121.5140247"></trkpt>
      <trkpt lat="25.0191973" lon="121.5140949"></trkpt>
      <trkpt lat="25.0192545" lon="121.5147628"></trkpt>
      <trkpt lat="25.0192423" lon="121.5149894"></trkpt>
      <trkpt lat="25.0192295" lon="121.5153865"></trkpt>
      <trkpt lat="25.0191979" lon="121.5154285"></trkpt>
      <trkpt lat="25.0193171" lon="121.5154153"></trkpt>
      <trkpt lat="25.0193313" lon="121.5150490"></trkpt>
      <trkpt lat="25.0193766" lon="121.5140943"></trkpt>
      <trkpt lat="25.0194113" lon="121.5134712"></trkpt>
      <trkpt lat="25.0194289" lon="121.5129691"></trkpt>
      <trkpt lat="25.0195035" lon="121.5129270"></trkpt>
      <trkpt lat="25.0188659" lon="121.5103106"></trkpt>
      <trkpt lat="25.0188279" lon="121.5101092"></trkpt>
      <trkpt lat="25.0188279" lon="121.5096693"></trkpt>
      <trkpt lat="25.0188619" lon="121.5091382"></trkpt>
      <trkpt lat="25.0188571" lon="121.5088378"></trkpt>
      <trkpt lat="25.0187453" lon="121.5084998"></trkpt>
      <trkpt lat="25.0186303" lon="121.5083317"></trkpt>
      <trkpt lat="25.0184959" lon="121.5082154"></trkpt>
      <trkpt lat="25.0183739" lon="121.5081708"></trkpt>
      <trkpt lat="25.0182689" lon="121.5080653"></trkpt>
      <trkpt lat="25.0181685" lon="121.5079589"></trkpt>
      <trkpt lat="25.0180866" lon="121.5078413"></trkpt>
      <trkpt lat="25.0180349" lon="121.5077014"></trkpt>
      <trkpt lat="25.0179918" lon="121.5074967"></trkpt>
      <trkpt lat="25.0180020" lon="121.5067573"></trkpt>
      <trkpt lat="25.0180331" lon="121.5066357"></trkpt>
      <trkpt lat="25.0180894" lon="121.5065533"></trkpt>
      <trkpt lat="25.0176010" lon="121.5061994"></trkpt>
      <trkpt lat="25.0171265" lon="121.5058805"></trkpt>
      <trkpt lat="25.0160685" lon="121.5051708"></trkpt>
      <trkpt lat="25.0151444" lon="121.5045749"></trkpt>
      <trkpt lat="25.0146723" lon="121.5042717"></trkpt>
      <trkpt lat="25.0142371" lon="121.5039232"></trkpt>
      <trkpt lat="25.0140097" lon="121.5037507"></trkpt>
      <trkpt lat="25.0136207" lon="121.5034497"></trkpt>
      <trkpt lat="25.0135437" lon="121.5033475"></trkpt>
      <trkpt lat="25.0135291" lon="121.5033086"></trkpt>
      <trkpt lat="25.0134969" lon="121.5032644"></trkpt>
      <trkpt lat="25.0134326" lon="121.5032070"></trkpt>
      <trkpt lat="25.0128685" lon="121.5037597"></trkpt>
      <trkpt lat="25.0127903" lon="121.5038363"></trkpt>
      <trkpt lat="25.0119833" lon="121.5028457"></trkpt>
      <trkpt lat="25.0116220" lon="121.5023860"></trkpt>
      <trkpt lat="25.0111477" lon="121.5018031"></trkpt>
      <trkpt lat="25.0107443" lon="121.5012891"></trkpt>
      <trkpt lat="25.0111477" lon="121.5018031"></trkpt>
      <trkpt lat="25.0116220" lon="121.5023860"></trkpt>
      <trkpt lat="25.0119833" lon="121.5028457"></trkpt>
      <trkpt lat="25.0127903" lon="121.5038363"></trkpt>
      <trkpt lat="25.0128510" lon="121.5038437"></trkpt>
      <trkpt lat="25.0130289" lon="121.5039337"></trkpt>
      <trkpt lat="25.0131294" lon="121.5040522"></trkpt>
      <trkpt lat="25.0132630" lon="121.5042098"></trkpt>
      <trkpt lat="25.0133248" lon="121.5042826"></trkpt>
      <trkpt lat="25.0133652" lon="121.5043832"></trkpt>
      <trkpt lat="25.0132115" lon="121.5044742"></trkpt>
      <trkpt lat="25.0131849" lon="121.5044928"></trkpt>
      <trkpt lat="25.0131538" lon="121.5044687"></trkpt>
      <trkpt lat="25.0131249" lon="121.5044731"></trkpt>
      <trkpt lat="25.0131077" lon="121.5044502"></trkpt>
      <trkpt lat="25.0129671" lon="121.5042400"></trkpt>
      <trkpt lat="25.0119439" lon="121.5029740"></trkpt>
      <trkpt lat="25.0116896" lon="121.5027150"></trkpt>
      <trkpt lat="25.0098380" lon="121.5004248"></trkpt>
      <trkpt lat="25.0091944" lon="121.4995190"></trkpt>
      <trkpt lat="25.0088003" lon="121.4988104"></trkpt>
      <trkpt lat="25.0086525" lon="121.4984965"></trkpt>
      <trkpt lat="25.0086116" lon="121.4984031"></trkpt>
      <trkpt lat="25.0084804" lon="121.4984204"></trkpt>
      <trkpt lat="25.0082782" lon="121.4984076"></trkpt>
      <trkpt lat="25.0077544" lon="121.4983400"></trkpt>
      <trkpt lat="25.0076868" lon="121.4983901"></trkpt>
      <trkpt lat="25.0074132" lon="121.4976012"></trkpt>
      <trkpt lat="25.0072131" lon="121.4970244"></trkpt>
      <trkpt lat="25.0070142" lon="121.4965019"></trkpt>
      <trkpt lat="25.0069155" lon="121.4965107"></trkpt>
      <trkpt lat="25.0067522" lon="121.4965286"></trkpt>
      <trkpt lat="25.0066278" lon="121.4965629"></trkpt>
      <trkpt lat="25.0064900" lon="121.4965745"></trkpt>
      <trkpt lat="25.0063531" lon="121.4965689"></trkpt>
      <trkpt lat="25.0062305" lon="121.4965497"></trkpt>
      <trkpt lat="25.0060622" lon="121.4965020"></trkpt>
      <trkpt lat="25.0059294" lon="121.4964550"></trkpt>
      <trkpt lat="25.0058981" lon="121.4964477"></trkpt>
      <trkpt lat="25.0058009" lon="121.4964531"></trkpt>
      <trkpt lat="25.0057255" lon="121.4965014"></trkpt>
      <trkpt lat="25.0056351" lon="121.4966376"></trkpt>
      <trkpt lat="25.0055578" lon="121.4964289"></trkpt>
      <trkpt lat="25.0047631" lon="121.4967957"></trkpt>
      <trkpt lat="25.0046233" lon="121.4963747"></trkpt>
      <trkpt lat="25.0047198" lon="121.4963170"></trkpt>
      <trkpt lat="25.0058037" lon="121.4958523"></trkpt>
      <trkpt lat="25.0066016" lon="121.4955234"></trkpt>
      <trkpt lat="25.0067930" lon="121.4954484"></trkpt>
      <trkpt lat="25.0070550" lon="121.4954228"></trkpt>
      <trkpt lat="25.0076880" lon="121.4954213"></trkpt>
      <trkpt lat="25.0112420" lon="121.4954681"></trkpt>
      <trkpt lat="25.0138609" lon="121.4955096"></trkpt>
      <trkpt lat="25.0160597" lon="121.4955445"></trkpt>
      <trkpt lat="25.0162429" lon="121.4955581"></trkpt>
      <trkpt lat="25.0163676" lon="121.4955811"></trkpt>
      <trkpt lat="25.0164969" lon="121.4956135"></trkpt>
      <trkpt lat="25.0167331" lon="121.4956878"></trkpt>
      <trkpt lat="25.0168935" lon="121.4957816"></trkpt>
      <trkpt lat="25.0178579" lon="121.4964082"></trkpt>
      <trkpt lat="25.0185344" lon="121.4968328"></trkpt>
      <trkpt lat="25.0191149" lon="121.4972027"></trkpt>
      <trkpt lat="25.0193723" lon="121.4973575"></trkpt>
      <trkpt lat="25.0191395" lon="121.4977790"></trkpt>
      <trkpt lat="25.0190415" lon="121.4979604"></trkpt>
      <trkpt lat="25.0190021" lon="121.4980334"></trkpt>
      <trkpt lat="25.0188389" lon="121.4983354"></trkpt>
      <trkpt lat="25.0185558" lon="121.4988592"></trkpt>
      <trkpt lat="25.0180904" lon="121.4997858"></trkpt>
      <trkpt lat="25.0178610" lon="121.5000200"></trkpt>
      <trkpt lat="25.0178014" lon="121.5000891"></trkpt>
      <trkpt lat="25.0177205" lon="121.5001890"></trkpt>
      <trkpt lat="25.0176940" lon="121.5002218"></trkpt>
      <trkpt lat="25.0175455" lon="121.5003622"></trkpt>
      <trkpt lat="25.0174935" lon="121.5004111"></trkpt>
      <trkpt lat="25.0172567" lon="121.5006241"></trkpt>
      <trkpt lat="25.0166163" lon="121.4997198"></trkpt>
      <trkpt lat="25.0165357" lon="121.4995149"></trkpt>
      <trkpt lat="25.0161830" lon="121.4985913"></trkpt>
      <trkpt lat="25.0161330" lon="121.4980404"></trkpt>
      <trkpt lat="25.0160625" lon="121.4972122"></trkpt>
      <trkpt lat="25.0159970" lon="121.4965044"></trkpt>
      <trkpt lat="25.0159799" lon="121.4963249"></trkpt>
      <trkpt lat="25.0160076" lon="121.4961730"></trkpt>
      <trkpt lat="25.0161097" lon="121.4958567"></trkpt>
      <trkpt lat="25.0161042" lon="121.4957406"></trkpt>
      <trkpt lat="25.0160968" lon="121.4952548"></trkpt>
      <trkpt lat="25.0160611" lon="121.4952579"></trkpt>
      <trkpt lat="25.0160020" lon="121.4952546"></trkpt>
      <trkpt lat="25.0158894" lon="121.4952485"></trkpt>
      <trkpt lat="25.0136791" lon="121.4951927"></trkpt>
      <trkpt lat="25.0135944" lon="121.4951889"></trkpt>
      <trkpt lat="25.0134728" lon="121.4951805"></trkpt>
      <trkpt lat="25.0134684" lon="121.4952278"></trkpt>
      <trkpt lat="25.0129509" lon="121.4952196"></trkpt>
      <trkpt lat="25.0127998" lon="121.4951903"></trkpt>
      <trkpt lat="25.0118920" lon="121.4951774"></trkpt>
      <trkpt lat="25.0127998" lon="121.4951903"></trkpt>
      <trkpt lat="25.0129509" lon="121.4952196"></trkpt>
      <trkpt lat="25.0134684" lon="121.4952278"></trkpt>
      <trkpt lat="25.0134728" lon="121.4951805"></trkpt>
      <trkpt lat="25.0135944" lon="121.4951889"></trkpt>
      <trkpt lat="25.0136791" lon="121.4951927"></trkpt>
      <trkpt lat="25.0158894" lon="121.4952485"></trkpt>
      <trkpt lat="25.0160020" lon="121.4952546"></trkpt>
      <trkpt lat="25.0160611" lon="121.4952579"></trkpt>
      <trkpt lat="25.0160968" lon="121.4952548"></trkpt>
      <trkpt lat="25.0161042" lon="121.4957406"></trkpt>
      <trkpt lat="25.0162916" lon="121.4957663"></trkpt>
      <trkpt lat="25.0163855" lon="121.4957734"></trkpt>
      <trkpt lat="25.0164479" lon="121.4957918"></trkpt>
      <trkpt lat="25.0164690" lon="121.4957926"></trkpt>
      <trkpt lat="25.0165942" lon="121.4958283"></trkpt>
      <trkpt lat="25.0166687" lon="121.4958195"></trkpt>
      <trkpt lat="25.0167457" lon="121.4955332"></trkpt>
      <trkpt lat="25.0167951" lon="121.4954450"></trkpt>
      <trkpt lat="25.0168847" lon="121.4952182"></trkpt>
      <trkpt lat="25.0170437" lon="121.4948559"></trkpt>
      <trkpt lat="25.0172645" lon="121.4944835"></trkpt>
      <trkpt lat="25.0174988" lon="121.4946978"></trkpt>
      <trkpt lat="25.0176853" lon="121.4948122"></trkpt>
      <trkpt lat="25.0178709" lon="121.4949179"></trkpt>
      <trkpt lat="25.0181394" lon="121.4950896"></trkpt>
      <trkpt lat="25.0183205" lon="121.4952055"></trkpt>
      <trkpt lat="25.0185318" lon="121.4953406"></trkpt>
      <trkpt lat="25.0182559" lon="121.4959003"></trkpt>
      <trkpt lat="25.0185552" lon="121.4960904"></trkpt>
      <trkpt lat="25.0188472" lon="121.4962808"></trkpt>
      <trkpt lat="25.0191395" lon="121.4964563"></trkpt>
      <trkpt lat="25.0193415" lon="121.4965873"></trkpt>
      <trkpt lat="25.0199170" lon="121.4969484"></trkpt>
      <trkpt lat="25.0196558" lon="121.4974276"></trkpt>
      <trkpt lat="25.0191918" lon="121.4971426"></trkpt>
      <trkpt lat="25.0191489" lon="121.4971167"></trkpt>
      <trkpt lat="25.0185617" lon="121.4967795"></trkpt>
      <trkpt lat="25.0175609" lon="121.4961283"></trkpt>
      <trkpt lat="25.0170474" lon="121.4957897"></trkpt>
      <trkpt lat="25.0169247" lon="121.4957186"></trkpt>
      <trkpt lat="25.0167655" lon="121.4956342"></trkpt>
      <trkpt lat="25.0166622" lon="121.4955939"></trkpt>
      <trkpt lat="25.0164957" lon="121.4955506"></trkpt>
      <trkpt lat="25.0163778" lon="121.4955251"></trkpt>
      <trkpt lat="25.0162138" lon="121.4954996"></trkpt>
      <trkpt lat="25.0138998" lon="121.4954487"></trkpt>
      <trkpt lat="25.0118781" lon="121.4954252"></trkpt>
      <trkpt lat="25.0109812" lon="121.4954172"></trkpt>
      <trkpt lat="25.0092208" lon="121.4953789"></trkpt>
      <trkpt lat="25.0079787" lon="121.4953548"></trkpt>
      <trkpt lat="25.0075314" lon="121.4953508"></trkpt>
      <trkpt lat="25.0072957" lon="121.4953125"></trkpt>
      <trkpt lat="25.0070897" lon="121.4952803"></trkpt>
      <trkpt lat="25.0069620" lon="121.4952314"></trkpt>
      <trkpt lat="25.0068247" lon="121.4951650"></trkpt>
      <trkpt lat="25.0066994" lon="121.4950631"></trkpt>
      <trkpt lat="25.0065914" lon="121.4949290"></trkpt>
      <trkpt lat="25.0064953" lon="121.4947721"></trkpt>
      <trkpt lat="25.0064370" lon="121.4945683"></trkpt>
      <trkpt lat="25.0063782" lon="121.4943118"></trkpt>
      <trkpt lat="25.0061976" lon="121.4935282"></trkpt>
      <trkpt lat="25.0061522" lon="121.4933078"></trkpt>
      <trkpt lat="25.0069267" lon="121.4929721"></trkpt>
      <trkpt lat="25.0073719" lon="121.4927390"></trkpt>
      <trkpt lat="25.0073162" lon="121.4922697"></trkpt>
      <trkpt lat="25.0072997" lon="121.4919539"></trkpt>
      <trkpt lat="25.0073192" lon="121.4918969"></trkpt>
      <trkpt lat="25.0073562" lon="121.4918446"></trkpt>
      <trkpt lat="25.0073805" lon="121.4918158"></trkpt>
      <trkpt lat="25.0074085" lon="121.4917843"></trkpt>
      <trkpt lat="25.0074255" lon="121.4917528"></trkpt>
      <trkpt lat="25.0074316" lon="121.4916931"></trkpt>
      <trkpt lat="25.0074307" lon="121.4914755"></trkpt>
      <trkpt lat="25.0074179" lon="121.4912985"></trkpt>
      <trkpt lat="25.0073948" lon="121.4910115"></trkpt>
      <trkpt lat="25.0073924" lon="121.4909149"></trkpt>
      <trkpt lat="25.0074009" lon="121.4908398"></trkpt>
      <trkpt lat="25.0074203" lon="121.4907821"></trkpt>
      <trkpt lat="25.0074446" lon="121.4907390"></trkpt>
      <trkpt lat="25.0077986" lon="121.4906236"></trkpt>
      <trkpt lat="25.0081262" lon="121.4905196"></trkpt>
      <trkpt lat="25.0082039" lon="121.4903601"></trkpt>
      <trkpt lat="25.0082461" lon="121.4902371"></trkpt>
      <trkpt lat="25.0083064" lon="121.4901241"></trkpt>
      <trkpt lat="25.0085455" lon="121.4896399"></trkpt>
      <trkpt lat="25.0088408" lon="121.4890753"></trkpt>
      <trkpt lat="25.0093028" lon="121.4894250"></trkpt>
      <trkpt lat="25.0099737" lon="121.4887744"></trkpt>
      <trkpt lat="25.0100891" lon="121.4884472"></trkpt>
      <trkpt lat="25.0101511" lon="121.4883483"></trkpt>
      <trkpt lat="25.0102700" lon="121.4882436"></trkpt>
      <trkpt lat="25.0107742" lon="121.4890565"></trkpt>
      <trkpt lat="25.0102700" lon="121.4882436"></trkpt>
      <trkpt lat="25.0107417" lon="121.4877183"></trkpt>
      <trkpt lat="25.0104938" lon="121.4872409"></trkpt>
      <trkpt lat="25.0106220" lon="121.4870368"></trkpt>
      <trkpt lat="25.0111112" lon="121.4863209"></trkpt>
      <trkpt lat="25.0107497" lon="121.4859448"></trkpt>
      <trkpt lat="25.0106255" lon="121.4858766"></trkpt>
      <trkpt lat="25.0111294" lon="121.4852330"></trkpt>
      <trkpt lat="25.0112728" lon="121.4850848"></trkpt>
      <trkpt lat="25.0115377" lon="121.4848850"></trkpt>
      <trkpt lat="25.0116667" lon="121.4848251"></trkpt>
      <trkpt lat="25.0116716" lon="121.4845905"></trkpt>
      <trkpt lat="25.0117524" lon="121.4843287"></trkpt>
      <trkpt lat="25.0117676" lon="121.4842565"></trkpt>
      <trkpt lat="25.0119022" lon="121.4838142"></trkpt>
      <trkpt lat="25.0112814" lon="121.4835151"></trkpt>
      <trkpt lat="25.0102105" lon="121.4829436"></trkpt>
      <trkpt lat="25.0102320" lon="121.4829017"></trkpt>
      <trkpt lat="25.0103111" lon="121.4827474"></trkpt>
      <trkpt lat="25.0104240" lon="121.4825035"></trkpt>
      <trkpt lat="25.0104922" lon="121.4823270"></trkpt>
      <trkpt lat="25.0105463" lon="121.4820960"></trkpt>
      <trkpt lat="25.0105451" lon="121.4820611"></trkpt>
      <trkpt lat="25.0105393" lon="121.4818884"></trkpt>
      <trkpt lat="25.0104802" lon="121.4816990"></trkpt>
      <trkpt lat="25.0104450" lon="121.4815611"></trkpt>
      <trkpt lat="25.0104343" lon="121.4814599"></trkpt>
      <trkpt lat="25.0103278" lon="121.4813386"></trkpt>
      <trkpt lat="25.0102317" lon="121.4812381"></trkpt>
      <trkpt lat="25.0100075" lon="121.4810175"></trkpt>
      <trkpt lat="25.0100612" lon="121.4809357"></trkpt>
      <trkpt lat="25.0101265" lon="121.4808203"></trkpt>
      <trkpt lat="25.0103125" lon="121.4804528"></trkpt>
      <trkpt lat="25.0105098" lon="121.4800628"></trkpt>
      <trkpt lat="25.0107193" lon="121.4796489"></trkpt>
      <trkpt lat="25.0110529" lon="121.4789964"></trkpt>
      <trkpt lat="25.0111229" lon="121.4788513"></trkpt>
      <trkpt lat="25.0111681" lon="121.4787619"></trkpt>
      <trkpt lat="25.0109365" lon="121.4787957"></trkpt>
      <trkpt lat="25.0107860" lon="121.4787912"></trkpt>
      <trkpt lat="25.0107475" lon="121.4787901"></trkpt>
      <trkpt lat="25.0103879" lon="121.4787824"></trkpt>
      <trkpt lat="25.0103929" lon="121.4786998"></trkpt>
      <trkpt lat="25.0103929" lon="121.4786312"></trkpt>
      <trkpt lat="25.0102898" lon="121.4782268"></trkpt>
      <trkpt lat="25.0106087" lon="121.4779166"></trkpt>
      <trkpt lat="25.0106810" lon="121.4776926"></trkpt>
      <trkpt lat="25.0112540" lon="121.4777858"></trkpt>
      <trkpt lat="25.0111919" lon="121.4779192"></trkpt>
      <trkpt lat="25.0113350" lon="121.4780058"></trkpt>
      <trkpt lat="25.0113265" lon="121.4780230"></trkpt>
      <trkpt lat="25.0112047" lon="121.4782684"></trkpt>
      <trkpt lat="25.0111286" lon="121.4784179"></trkpt>
      <trkpt lat="25.0110201" lon="121.4786266"></trkpt>
      <trkpt lat="25.0109365" lon="121.4787957"></trkpt>
      <trkpt lat="25.0111229" lon="121.4788513"></trkpt>
      <trkpt lat="25.0111681" lon="121.4787619"></trkpt>
      <trkpt lat="25.0112097" lon="121.4786645"></trkpt>
      <trkpt lat="25.0112708" lon="121.4785588"></trkpt>
      <trkpt lat="25.0116606" lon="121.4778017"></trkpt>
      <trkpt lat="25.0118958" lon="121.4773236"></trkpt>
      <trkpt lat="25.0120410" lon="121.4770666"></trkpt>
      <trkpt lat="25.0121946" lon="121.4768002"></trkpt>
      <trkpt lat="25.0120182" lon="121.4766776"></trkpt>
      <trkpt lat="25.0119573" lon="121.4766354"></trkpt>
      <trkpt lat="25.0124679" lon="121.4758099"></trkpt>
      <trkpt lat="25.0126893" lon="121.4754375"></trkpt>
      <trkpt lat="25.0126122" lon="121.4753262"></trkpt>
      <trkpt lat="25.0123936" lon="121.4749551"></trkpt>
      <trkpt lat="25.0120751" lon="121.4743708"></trkpt>
      <trkpt lat="25.0118441" lon="121.4746211"></trkpt>
      <trkpt lat="25.0116456" lon="121.4747320"></trkpt>
      <trkpt lat="25.0115565" lon="121.4747746"></trkpt>
      <trkpt lat="25.0114520" lon="121.4748209"></trkpt>
      <trkpt lat="25.0113389" lon="121.4748456"></trkpt>
      <trkpt lat="25.0112648" lon="121.4748525"></trkpt>
      <trkpt lat="25.0111720" lon="121.4748497"></trkpt>
      <trkpt lat="25.0110823" lon="121.4748314"></trkpt>
      <trkpt lat="25.0110008" lon="121.4747838"></trkpt>
      <trkpt lat="25.0109785" lon="121.4747699"></trkpt>
      <trkpt lat="25.0107314" lon="121.4745384"></trkpt>
      <trkpt lat="25.0105368" lon="121.4743628"></trkpt>
      <trkpt lat="25.0104805" lon="121.4743126"></trkpt>
      <trkpt lat="25.0107065" lon="121.4740247"></trkpt>
      <trkpt lat="25.0108184" lon="121.4739044"></trkpt>
      <trkpt lat="25.0106630" lon="121.4737189"></trkpt>
      <trkpt lat="25.0105447" lon="121.4735278"></trkpt>
      <trkpt lat="25.0106885" lon="121.4734053"></trkpt>
      <trkpt lat="25.0105716" lon="121.4732876"></trkpt>
      <trkpt lat="25.0104674" lon="121.4731893"></trkpt>
      <trkpt lat="25.0102551" lon="121.4729514"></trkpt>
      <trkpt lat="25.0100668" lon="121.4726935"></trkpt>
      <trkpt lat="25.0096238" lon="121.4729063"></trkpt>
      <trkpt lat="25.0095643" lon="121.4727650"></trkpt>
      <trkpt lat="25.0094462" lon="121.4724842"></trkpt>
      <trkpt lat="25.0093077" lon="121.4721549"></trkpt>
      <trkpt lat="25.0091810" lon="121.4718554"></trkpt>
      <trkpt lat="25.0091366" lon="121.4717400"></trkpt>
      <trkpt lat="25.0089557" lon="121.4713106"></trkpt>
      <trkpt lat="25.0088389" lon="121.4710223"></trkpt>
      <trkpt lat="25.0087567" lon="121.4708150"></trkpt>
      <trkpt lat="25.0086139" lon="121.4704622"></trkpt>
      <trkpt lat="25.0084770" lon="121.4701093"></trkpt>
      <trkpt lat="25.0084074" lon="121.4701440"></trkpt>
      <trkpt lat="25.0074842" lon="121.4705725"></trkpt>
      <trkpt lat="25.0072541" lon="121.4706721"></trkpt>
      <trkpt lat="25.0067338" lon="121.4709073"></trkpt>
      <trkpt lat="25.0066106" lon="121.4710029"></trkpt>
      <trkpt lat="25.0064172" lon="121.4706519"></trkpt>
      <trkpt lat="25.0063330" lon="121.4704872"></trkpt>
      <trkpt lat="25.0064172" lon="121.4706519"></trkpt>
      <trkpt lat="25.0066106" lon="121.4710029"></trkpt>
      <trkpt lat="25.0065534" lon="121.4712255"></trkpt>
      <trkpt lat="25.0064732" lon="121.4718491"></trkpt>
      <trkpt lat="25.0063500" lon="121.4718505"></trkpt>
      <trkpt lat="25.0060793" lon="121.4718903"></trkpt>
      <trkpt lat="25.0051124" lon="121.4720349"></trkpt>
      <trkpt lat="25.0049232" lon="121.4720566"></trkpt>
      <trkpt lat="25.0048197" lon="121.4720758"></trkpt>
      <trkpt lat="25.0044387" lon="121.4711042"></trkpt>
      <trkpt lat="25.0043926" lon="121.4709899"></trkpt>
      <trkpt lat="25.0042880" lon="121.4707221"></trkpt>
      <trkpt lat="25.0039410" lon="121.4708293"></trkpt>
      <trkpt lat="25.0038287" lon="121.4708690"></trkpt>
      <trkpt lat="25.0036654" lon="121.4709358"></trkpt>
      <trkpt lat="25.0036428" lon="121.4709395"></trkpt>
      <trkpt lat="25.0033387" lon="121.4710549"></trkpt>
      <trkpt lat="25.0032344" lon="121.4707070"></trkpt>
      <trkpt lat="25.0031347" lon="121.4703741"></trkpt>
      <trkpt lat="25.0028192" lon="121.4704842"></trkpt>
      <trkpt lat="25.0023777" lon="121.4704965"></trkpt>
      <trkpt lat="25.0023795" lon="121.4705643"></trkpt>
      <trkpt lat="25.0021923" lon="121.4705794"></trkpt>
      <trkpt lat="25.0018933" lon="121.4706035"></trkpt>
      <trkpt lat="25.0016152" lon="121.4706259"></trkpt>
      <trkpt lat="25.0012954" lon="121.4706516"></trkpt>
      <trkpt lat="25.0006900" lon="121.4706984"></trkpt>
      <trkpt lat="25.0006937" lon="121.4711793"></trkpt>
      <trkpt lat="25.0006973" lon="121.4716426"></trkpt>
      <trkpt lat="25.0007321" lon="121.4716658"></trkpt>
      <trkpt lat="25.0007607" lon="121.4716849"></trkpt>
      <trkpt lat="25.0007897" lon="121.4717042"></trkpt>
      <trkpt lat="25.0009818" lon="121.4716708"></trkpt>
      <trkpt lat="25.0010706" lon="121.4716554"></trkpt>
      <trkpt lat="25.0012480" lon="121.4716246"></trkpt>
      <trkpt lat="25.0012992" lon="121.4720514"></trkpt>
      <trkpt lat="25.0013282" lon="121.4725881"></trkpt>
      <trkpt lat="25.0010814" lon="121.4726216"></trkpt>
      <trkpt lat="25.0011189" lon="121.4728885"></trkpt>
      <trkpt lat="25.0011640" lon="121.4731378"></trkpt>
      <trkpt lat="25.0005674" lon="121.4732182"></trkpt>
      <trkpt lat="25.0003310" lon="121.4732746"></trkpt>
      <trkpt lat="25.0002843" lon="121.4732858"></trkpt>
      <trkpt lat="25.0006840" lon="121.4746298"></trkpt>
      <trkpt lat="25.0008481" lon="121.4749570"></trkpt>
      <trkpt lat="25.0009635" lon="121.4751870"></trkpt>
      <trkpt lat="25.0009900" lon="121.4752491"></trkpt>
      <trkpt lat="25.0010746" lon="121.4754408"></trkpt>
      <trkpt lat="25.0010200" lon="121.4754250"></trkpt>
      <trkpt lat="25.0009421" lon="121.4755683"></trkpt>
      <trkpt lat="25.0012581" lon="121.4757717"></trkpt>
      <trkpt lat="25.0009199" lon="121.4756715"></trkpt>
      <trkpt lat="25.0007146" lon="121.4761458"></trkpt>
      <trkpt lat="25.0005211" lon="121.4764813"></trkpt>
      <trkpt lat="25.0009841" lon="121.4766661"></trkpt>
      <trkpt lat="25.0010033" lon="121.4767545"></trkpt>
      <trkpt lat="25.0009248" lon="121.4769427"></trkpt>
      <trkpt lat="25.0011682" lon="121.4770603"></trkpt>
      <trkpt lat="25.0010652" lon="121.4773968"></trkpt>
      <trkpt lat="25.0009483" lon="121.4778042"></trkpt>
      <trkpt lat="24.9998957" lon="121.4774217"></trkpt>
      <trkpt lat="24.9997885" lon="121.4777317"></trkpt>
      <trkpt lat="24.9997295" lon="121.4779867"></trkpt>
      <trkpt lat="24.9997115" lon="121.4782119"></trkpt>
      <trkpt lat="24.9997330" lon="121.4786839"></trkpt>
      <trkpt lat="24.9997479" lon="121.4789320"></trkpt>
      <trkpt lat="24.9997663" lon="121.4790390"></trkpt>
      <trkpt lat="24.9998374" lon="121.4791775"></trkpt>
      <trkpt lat="24.9999945" lon="121.4794658"></trkpt>
      <trkpt lat="25.0004145" lon="121.4800765"></trkpt>
      <trkpt lat="25.0004779" lon="121.4801880"></trkpt>
      <trkpt lat="25.0005376" lon="121.4802806"></trkpt>
      <trkpt lat="25.0006192" lon="121.4803972"></trkpt>
      <trkpt lat="25.0006863" lon="121.4804793"></trkpt>
      <trkpt lat="25.0010173" lon="121.4809269"></trkpt>
      <trkpt lat="25.0010264" lon="121.4809559"></trkpt>
      <trkpt lat="25.0010633" lon="121.4810872"></trkpt>
      <trkpt lat="25.0010918" lon="121.4812192"></trkpt>
      <trkpt lat="25.0011063" lon="121.4812863"></trkpt>
      <trkpt lat="25.0011108" lon="121.4813580"></trkpt>
      <trkpt lat="25.0011127" lon="121.4814194"></trkpt>
      <trkpt lat="25.0011388" lon="121.4819208"></trkpt>
      <trkpt lat="25.0011426" lon="121.4819949"></trkpt>
      <trkpt lat="25.0011755" lon="121.4824791"></trkpt>
      <trkpt lat="25.0012362" lon="121.4835533"></trkpt>
      <trkpt lat="25.0012839" lon="121.4845141"></trkpt>
      <trkpt lat="25.0012981" lon="121.4847993"></trkpt>
      <trkpt lat="25.0012740" lon="121.4848017"></trkpt>
      <trkpt lat="25.0011694" lon="121.4848049"></trkpt>
      <trkpt lat="25.0008586" lon="121.4848425"></trkpt>
      <trkpt lat="25.0001676" lon="121.4849002"></trkpt>
      <trkpt lat="25.0001711" lon="121.4850613"></trkpt>
      <trkpt lat="25.0001741" lon="121.4852039"></trkpt>
      <trkpt lat="25.0001778" lon="121.4853004"></trkpt>
      <trkpt lat="25.0001881" lon="121.4855572"></trkpt>
      <trkpt lat="25.0001947" lon="121.4858500"></trkpt>
      <trkpt lat="25.0002030" lon="121.4861058"></trkpt>
      <trkpt lat="25.0002035" lon="121.4861425"></trkpt>
      <trkpt lat="25.0002040" lon="121.4861814"></trkpt>
      <trkpt lat="25.0002085" lon="121.4865012"></trkpt>
      <trkpt lat="25.0002160" lon="121.4872353"></trkpt>
      <trkpt lat="25.0002314" lon="121.4879597"></trkpt>
      <trkpt lat="25.0002340" lon="121.4880382"></trkpt>
      <trkpt lat="25.0002341" lon="121.4881318"></trkpt>
      <trkpt lat="25.0002323" lon="121.4882011"></trkpt>
      <trkpt lat="25.0002294" lon="121.4887520"></trkpt>
      <trkpt lat="25.0002306" lon="121.4890216"></trkpt>
      <trkpt lat="25.0002343" lon="121.4891665"></trkpt>
      <trkpt lat="25.0002352" lon="121.4892609"></trkpt>
      <trkpt lat="25.0002359" lon="121.4893263"></trkpt>
      <trkpt lat="25.0002452" lon="121.4902675"></trkpt>
      <trkpt lat="25.0002305" lon="121.4913164"></trkpt>
      <trkpt lat="25.0003999" lon="121.4913521"></trkpt>
      <trkpt lat="25.0006540" lon="121.4913614"></trkpt>
      <trkpt lat="25.0008193" lon="121.4913439"></trkpt>
      <trkpt lat="25.0009306" lon="121.4913233"></trkpt>
      <trkpt lat="25.0010520" lon="121.4912811"></trkpt>
      <trkpt lat="25.0011608" lon="121.4912138"></trkpt>
      <trkpt lat="25.0018850" lon="121.4908123"></trkpt>
      <trkpt lat="25.0022351" lon="121.4915769"></trkpt>
      <trkpt lat="25.0005604" lon="121.4925097"></trkpt>
      <trkpt lat="25.0002432" lon="121.4926898"></trkpt>
      <trkpt lat="25.0002457" lon="121.4929628"></trkpt>
      <trkpt lat="25.0002486" lon="121.4932806"></trkpt>
      <trkpt lat="25.0008474" lon="121.4932682"></trkpt>
      <trkpt lat="25.0022111" lon="121.4932416"></trkpt>
      <trkpt lat="25.0021917" lon="121.4932872"></trkpt>
      <trkpt lat="25.0021367" lon="121.4934955"></trkpt>
      <trkpt lat="25.0021066" lon="121.4936793"></trkpt>
      <trkpt lat="25.0020941" lon="121.4938292"></trkpt>
      <trkpt lat="25.0020929" lon="121.4940002"></trkpt>
      <trkpt lat="25.0021318" lon="121.4942795"></trkpt>
      <trkpt lat="25.0021758" lon="121.4943495"></trkpt>
      <trkpt lat="25.0021918" lon="121.4946043"></trkpt>
      <trkpt lat="25.0021859" lon="121.4947292"></trkpt>
      <trkpt lat="25.0021938" lon="121.4948846"></trkpt>
      <trkpt lat="25.0022079" lon="121.4952419"></trkpt>
      <trkpt lat="25.0022260" lon="121.4954340"></trkpt>
      <trkpt lat="25.0023190" lon="121.4963653"></trkpt>
      <trkpt lat="25.0023322" lon="121.4965418"></trkpt>
      <trkpt lat="25.0023422" lon="121.4966650"></trkpt>
      <trkpt lat="25.0022145" lon="121.4966810"></trkpt>
      <trkpt lat="25.0014330" lon="121.4967788"></trkpt>
      <trkpt lat="25.0012925" lon="121.4968057"></trkpt>
      <trkpt lat="25.0011735" lon="121.4968482"></trkpt>
      <trkpt lat="25.0009968" lon="121.4969506"></trkpt>
      <trkpt lat="25.0009064" lon="121.4970259"></trkpt>
      <trkpt lat="25.0008264" lon="121.4971062"></trkpt>
      <trkpt lat="25.0009149" lon="121.4971673"></trkpt>
      <trkpt lat="25.0009935" lon="121.4972258"></trkpt>
      <trkpt lat="25.0011047" lon="121.4973085"></trkpt>
      <trkpt lat="25.0012346" lon="121.4974225"></trkpt>
      <trkpt lat="25.0013127" lon="121.4974893"></trkpt>
      <trkpt lat="25.0014269" lon="121.4975899"></trkpt>
      <trkpt lat="25.0015382" lon="121.4977072"></trkpt>
      <trkpt lat="25.0017311" lon="121.4979517"></trkpt>
      <trkpt lat="25.0018466" lon="121.4981408"></trkpt>
      <trkpt lat="25.0020510" lon="121.4985741"></trkpt>
      <trkpt lat="25.0021328" lon="121.4987704"></trkpt>
      <trkpt lat="25.0020597" lon="121.4988152"></trkpt>
      <trkpt lat="25.0015356" lon="121.4991362"></trkpt>
      <trkpt lat="25.0014343" lon="121.4992105"></trkpt>
      <trkpt lat="25.0011517" lon="121.4994209"></trkpt>
      <trkpt lat="25.0014784" lon="121.4999753"></trkpt>
      <trkpt lat="25.0015131" lon="121.5000377"></trkpt>
      <trkpt lat="25.0013941" lon="121.5001086"></trkpt>
      <trkpt lat="25.0012746" lon="121.5002218"></trkpt>
      <trkpt lat="25.0013116" lon="121.5002708"></trkpt>
      <trkpt lat="25.0013177" lon="121.5002756"></trkpt>
      <trkpt lat="25.0014090" lon="121.5004340"></trkpt>
      <trkpt lat="25.0014553" lon="121.5005601"></trkpt>
      <trkpt lat="25.0014629" lon="121.5006070"></trkpt>
      <trkpt lat="25.0014519" lon="121.5006546"></trkpt>
      <trkpt lat="25.0013212" lon="121.5009571"></trkpt>
      <trkpt lat="25.0012908" lon="121.5010149"></trkpt>
      <trkpt lat="25.0011973" lon="121.5011930"></trkpt>
      <trkpt lat="25.0011311" lon="121.5013597"></trkpt>
      <trkpt lat="25.0010939" lon="121.5015310"></trkpt>
      <trkpt lat="25.0010828" lon="121.5017710"></trkpt>
      <trkpt lat="25.0011093" lon="121.5020426"></trkpt>
      <trkpt lat="25.0011148" lon="121.5020909"></trkpt>
      <trkpt lat="25.0011295" lon="121.5022346"></trkpt>
      <trkpt lat="25.0011599" lon="121.5022795"></trkpt>
      <trkpt lat="25.0014592" lon="121.5028790"></trkpt>
      <trkpt lat="25.0010010" lon="121.5031469"></trkpt>
      <trkpt lat="25.0008278" lon="121.5032326"></trkpt>
      <trkpt lat="25.0007490" lon="121.5032560"></trkpt>
      <trkpt lat="25.0004425" lon="121.5032462"></trkpt>
      <trkpt lat="25.0003776" lon="121.5034561"></trkpt>
      <trkpt lat="25.0003546" lon="121.5038005"></trkpt>
      <trkpt lat="25.0002542" lon="121.5037969"></trkpt>
      <trkpt lat="25.0002460" lon="121.5041099"></trkpt>
      <trkpt lat="25.0002033" lon="121.5041102"></trkpt>
      <trkpt lat="24.9997427" lon="121.5041156"></trkpt>
      <trkpt lat="24.9997400" lon="121.5046211"></trkpt>
      <trkpt lat="24.9997341" lon="121.5047440"></trkpt>
      <trkpt lat="24.9997281" lon="121.5048668"></trkpt>
      <trkpt lat="24.9997124" lon="121.5051911"></trkpt>
      <trkpt lat="24.9997088" lon="121.5053406"></trkpt>
      <trkpt lat="24.9997088" lon="121.5054894"></trkpt>
      <trkpt lat="24.9996989" lon="121.5060071"></trkpt>
      <trkpt lat="24.9996877" lon="121.5062671"></trkpt>
      <trkpt lat="24.9996797" lon="121.5064972"></trkpt>
      <trkpt lat="24.9996775" lon="121.5066244"></trkpt>
      <trkpt lat="24.9996763" lon="121.5066946"></trkpt>
      <trkpt lat="25.0000315" lon="121.5067233"></trkpt>
      <trkpt lat="25.0003711" lon="121.5067377"></trkpt>
      <trkpt lat="25.0007664" lon="121.5069492"></trkpt>
      <trkpt lat="25.0013837" lon="121.5073897"></trkpt>
      <trkpt lat="25.0016572" lon="121.5076034"></trkpt>
      <trkpt lat="25.0014329" lon="121.5079531"></trkpt>
      <trkpt lat="25.0013801" lon="121.5081059"></trkpt>
      <trkpt lat="25.0012938" lon="121.5081166"></trkpt>
      <trkpt lat="25.0012860" lon="121.5083116"></trkpt>
      <trkpt lat="25.0010220" lon="121.5086311"></trkpt>
      <trkpt lat="25.0011097" lon="121.5087188"></trkpt>
      <trkpt lat="25.0009093" lon="121.5089930"></trkpt>
      <trkpt lat="25.0006857" lon="121.5093156"></trkpt>
      <trkpt lat="25.0010504" lon="121.5096307"></trkpt>
      <trkpt lat="25.0007931" lon="121.5099591"></trkpt>
      <trkpt lat="25.0005333" lon="121.5102727"></trkpt>
      <trkpt lat="25.0007269" lon="121.5104037"></trkpt>
      <trkpt lat="25.0008843" lon="121.5105210"></trkpt>
      <trkpt lat="25.0005154" lon="121.5106477"></trkpt>
      <trkpt lat="25.0003106" lon="121.5109132"></trkpt>
      <trkpt lat="25.0007546" lon="121.5112877"></trkpt>
      <trkpt lat="25.0010070" lon="121.5115065"></trkpt>
      <trkpt lat="25.0013901" lon="121.5118416"></trkpt>
      <trkpt lat="25.0018526" lon="121.5122518"></trkpt>
      <trkpt lat="25.0022673" lon="121.5126172"></trkpt>
      <trkpt lat="25.0024172" lon="121.5127486"></trkpt>
      <trkpt lat="25.0025289" lon="121.5128538"></trkpt>
      <trkpt lat="25.0026119" lon="121.5129062"></trkpt>
      <trkpt lat="25.0027202" lon="121.5130000"></trkpt>
      <trkpt lat="25.0032247" lon="121.5134259"></trkpt>
      <trkpt lat="25.0035582" lon="121.5137296"></trkpt>
      <trkpt lat="25.0036193" lon="121.5137806"></trkpt>
      <trkpt lat="25.0036646" lon="121.5141669"></trkpt>
      <trkpt lat="25.0037960" lon="121.5145636"></trkpt>
      <trkpt lat="25.0032194" lon="121.5146876"></trkpt>
      <trkpt lat="25.0026324" lon="121.5148585"></trkpt>
      <trkpt lat="25.0020481" lon="121.5150098"></trkpt>
      <trkpt lat="25.0019173" lon="121.5150437"></trkpt>
      <trkpt lat="25.0016619" lon="121.5151001"></trkpt>
      <trkpt lat="25.0016376" lon="121.5150947"></trkpt>
      <trkpt lat="25.0015096" lon="121.5150788"></trkpt>
      <trkpt lat="25.0014422" lon="121.5150092"></trkpt>
      <trkpt lat="25.0011373" lon="121.5154215"></trkpt>
      <trkpt lat="25.0010323" lon="121.5155635"></trkpt>
      <trkpt lat="25.0009208" lon="121.5157143"></trkpt>
      <trkpt lat="25.0008622" lon="121.5159436"></trkpt>
      <trkpt lat="25.0008607" lon="121.5161838"></trkpt>
      <trkpt lat="25.0009603" lon="121.5162671"></trkpt>
      <trkpt lat="25.0012520" lon="121.5165246"></trkpt>
      <trkpt lat="25.0014610" lon="121.5167156"></trkpt>
      <trkpt lat="25.0016216" lon="121.5168624"></trkpt>
      <trkpt lat="25.0016690" lon="121.5169568"></trkpt>
      <trkpt lat="25.0017250" lon="121.5175483"></trkpt>
      <trkpt lat="25.0020189" lon="121.5175194"></trkpt>
      <trkpt lat="25.0020947" lon="121.5184268"></trkpt>
      <trkpt lat="25.0018685" lon="121.5185698"></trkpt>
      <trkpt lat="25.0018518" lon="121.5185852"></trkpt>
      <trkpt lat="25.0014701" lon="121.5188614"></trkpt>
      <trkpt lat="25.0011978" lon="121.5191503"></trkpt>
      <trkpt lat="25.0013185" lon="121.5191752"></trkpt>
      <trkpt lat="25.0014170" lon="121.5192170"></trkpt>
      <trkpt lat="25.0014610" lon="121.5192500"></trkpt>
      <trkpt lat="25.0013103" lon="121.5194889"></trkpt>
      <trkpt lat="25.0012142" lon="121.5198374"></trkpt>
      <trkpt lat="25.0013774" lon="121.5198474"></trkpt>
      <trkpt lat="25.0014296" lon="121.5199883"></trkpt>
      <trkpt lat="25.0016217" lon="121.5202635"></trkpt>
      <trkpt lat="25.0018611" lon="121.5206065"></trkpt>
      <trkpt lat="25.0018159" lon="121.5206701"></trkpt>
      <trkpt lat="25.0016134" lon="121.5209551"></trkpt>
      <trkpt lat="25.0013701" lon="121.5215214"></trkpt>
      <trkpt lat="25.0016126" lon="121.5216972"></trkpt>
      <trkpt lat="25.0019812" lon="121.5220770"></trkpt>
      <trkpt lat="25.0017605" lon="121.5224527"></trkpt>
      <trkpt lat="25.0017058" lon="121.5225586"></trkpt>
      <trkpt lat="25.0016917" lon="121.5227082"></trkpt>
      <trkpt lat="25.0016701" lon="121.5229375"></trkpt>
      <trkpt lat="25.0016469" lon="121.5232298"></trkpt>
      <trkpt lat="25.0016184" lon="121.5239852"></trkpt>
      <trkpt lat="25.0016142" lon="121.5240833"></trkpt>
      <trkpt lat="25.0015903" lon="121.5246972"></trkpt>
      <trkpt lat="25.0015812" lon="121.5248498"></trkpt>
      <trkpt lat="25.0015689" lon="121.5251093"></trkpt>
      <trkpt lat="25.0015426" lon="121.5254775"></trkpt>
      <trkpt lat="25.0015342" lon="121.5255985"></trkpt>
      <trkpt lat="25.0014756" lon="121.5259151"></trkpt>
      <trkpt lat="25.0014479" lon="121.5268156"></trkpt>
      <trkpt lat="25.0014698" lon="121.5272366"></trkpt>
      <trkpt lat="25.0014918" lon="121.5276059"></trkpt>
      <trkpt lat="25.0015197" lon="121.5278794"></trkpt>
      <trkpt lat="25.0016905" lon="121.5284997"></trkpt>
      <trkpt lat="25.0018929" lon="121.5284356"></trkpt>
      <trkpt lat="25.0019205" lon="121.5285462"></trkpt>
      <trkpt lat="25.0020461" lon="121.5287993"></trkpt>
      <trkpt lat="25.0023883" lon="121.5287417"></trkpt>
      <trkpt lat="25.0027189" lon="121.5286627"></trkpt>
      <trkpt lat="25.0028963" lon="121.5286157"></trkpt>
      <trkpt lat="25.0030548" lon="121.5285630"></trkpt>
      <trkpt lat="25.0034579" lon="121.5284280"></trkpt>
      <trkpt lat="25.0035563" lon="121.5283958"></trkpt>
      <trkpt lat="25.0038711" lon="121.5282818"></trkpt>
      <trkpt lat="25.0040608" lon="121.5282046"></trkpt>
      <trkpt lat="25.0040947" lon="121.5281758"></trkpt>
      <trkpt lat="25.0042090" lon="121.5281074"></trkpt>
      <trkpt lat="25.0043816" lon="121.5280082"></trkpt>
      <trkpt lat="25.0044898" lon="121.5279304"></trkpt>
      <trkpt lat="25.0050173" lon="121.5276057"></trkpt>
      <trkpt lat="25.0050780" lon="121.5275683"></trkpt>
      <trkpt lat="25.0055269" lon="121.5272332"></trkpt>
      <trkpt lat="25.0056624" lon="121.5271297"></trkpt>
      <trkpt lat="25.0057190" lon="121.5270869"></trkpt>
      <trkpt lat="25.0058689" lon="121.5270992"></trkpt>
      <trkpt lat="25.0060141" lon="121.5270142"></trkpt>
      <trkpt lat="25.0065868" lon="121.5266792"></trkpt>
      <trkpt lat="25.0068957" lon="121.5265140"></trkpt>
      <trkpt lat="25.0072601" lon="121.5263191"></trkpt>
      <trkpt lat="25.0079235" lon="121.5258737"></trkpt>
      <trkpt lat="25.0088642" lon="121.5252424"></trkpt>
      <trkpt lat="25.0089778" lon="121.5251659"></trkpt>
      <trkpt lat="25.0095433" lon="121.5247838"></trkpt>
      <trkpt lat="25.0103990" lon="121.5242077"></trkpt>
      <trkpt lat="25.0105268" lon="121.5241952"></trkpt>
      <trkpt lat="25.0105623" lon="121.5242650"></trkpt>
      <trkpt lat="25.0106038" lon="121.5243586"></trkpt>
      <trkpt lat="25.0105944" lon="121.5243954"></trkpt>
      <trkpt lat="25.0105850" lon="121.5244324"></trkpt>
      <trkpt lat="25.0105205" lon="121.5244782"></trkpt>
      <trkpt lat="25.0104641" lon="121.5244793"></trkpt>
      <trkpt lat="25.0103930" lon="121.5245261"></trkpt>
      <trkpt lat="25.0102745" lon="121.5246297"></trkpt>
      <trkpt lat="25.0102439" lon="121.5247178"></trkpt>
      <trkpt lat="25.0101402" lon="121.5248766"></trkpt>
      <trkpt lat="25.0098101" lon="121.5251802"></trkpt>
      <trkpt lat="25.0093991" lon="121.5256270"></trkpt>
      <trkpt lat="25.0091483" lon="121.5260733"></trkpt>
      <trkpt lat="25.0091055" lon="121.5261492"></trkpt>
      <trkpt lat="25.0089904" lon="121.5263546"></trkpt>
      <trkpt lat="25.0088723" lon="121.5265653"></trkpt>
      <trkpt lat="25.0087498" lon="121.5267647"></trkpt>
      <trkpt lat="25.0085992" lon="121.5269106"></trkpt>
      <trkpt lat="25.0085733" lon="121.5269356"></trkpt>
      <trkpt lat="25.0084052" lon="121.5270984"></trkpt>
      <trkpt lat="25.0083226" lon="121.5271784"></trkpt>
      <trkpt lat="25.0080430" lon="121.5275631"></trkpt>
      <trkpt lat="25.0076202" lon="121.5281450"></trkpt>
      <trkpt lat="25.0072603" lon="121.5286402"></trkpt>
      <trkpt lat="25.0071114" lon="121.5288317"></trkpt>
      <trkpt lat="25.0070260" lon="121.5288893"></trkpt>
      <trkpt lat="25.0070070" lon="121.5289378"></trkpt>
      <trkpt lat="25.0068142" lon="121.5290745"></trkpt>
      <trkpt lat="25.0068017" lon="121.5290834"></trkpt>
      <trkpt lat="25.0069488" lon="121.5293408"></trkpt>
      <trkpt lat="25.0070237" lon="121.5294721"></trkpt>
      <trkpt lat="25.0070975" lon="121.5296011"></trkpt>
      <trkpt lat="25.0070638" lon="121.5296245"></trkpt>
      <trkpt lat="25.0070378" lon="121.5296426"></trkpt>
      <trkpt lat="25.0069438" lon="121.5296875"></trkpt>
      <trkpt lat="25.0067029" lon="121.5298523"></trkpt>
      <trkpt lat="25.0066756" lon="121.5298688"></trkpt>
      <trkpt lat="25.0064466" lon="121.5300087"></trkpt>
      <trkpt lat="25.0063446" lon="121.5300603"></trkpt>
      <trkpt lat="25.0062510" lon="121.5300885"></trkpt>
      <trkpt lat="25.0061947" lon="121.5301054"></trkpt>
      <trkpt lat="25.0060404" lon="121.5301514"></trkpt>
      <trkpt lat="25.0058412" lon="121.5302175"></trkpt>
      <trkpt lat="25.0057502" lon="121.5302172"></trkpt>
      <trkpt lat="25.0056341" lon="121.5301714"></trkpt>
      <trkpt lat="25.0055876" lon="121.5301363"></trkpt>
      <trkpt lat="25.0055295" lon="121.5300758"></trkpt>
      <trkpt lat="25.0054762" lon="121.5300281"></trkpt>
      <trkpt lat="25.0054196" lon="121.5299890"></trkpt>
      <trkpt lat="25.0053765" lon="121.5299852"></trkpt>
      <trkpt lat="25.0052673" lon="121.5300358"></trkpt>
      <trkpt lat="25.0050492" lon="121.5301679"></trkpt>
      <trkpt lat="25.0048675" lon="121.5302780"></trkpt>
      <trkpt lat="25.0045637" lon="121.5305180"></trkpt>
      <trkpt lat="25.0044024" lon="121.5306368"></trkpt>
      <trkpt lat="25.0042930" lon="121.5307027"></trkpt>
      <trkpt lat="25.0041661" lon="121.5307438"></trkpt>
      <trkpt lat="25.0040886" lon="121.5307423"></trkpt>
      <trkpt lat="25.0037626" lon="121.5307221"></trkpt>
      <trkpt lat="25.0033685" lon="121.5307383"></trkpt>
      <trkpt lat="25.0031970" lon="121.5307663"></trkpt>
      <trkpt lat="25.0030334" lon="121.5308456"></trkpt>
      <trkpt lat="25.0029153" lon="121.5309314"></trkpt>
      <trkpt lat="25.0028511" lon="121.5310208"></trkpt>
      <trkpt lat="25.0028101" lon="121.5310780"></trkpt>
      <trkpt lat="25.0026192" lon="121.5312100"></trkpt>
      <trkpt lat="25.0024096" lon="121.5313180"></trkpt>
      <trkpt lat="25.0023458" lon="121.5313288"></trkpt>
      <trkpt lat="25.0022219" lon="121.5313236"></trkpt>
      <trkpt lat="25.0018955" lon="121.5312454"></trkpt>
      <trkpt lat="25.0012055" lon="121.5309868"></trkpt>
      <trkpt lat="25.0002092" lon="121.5306093"></trkpt>
      <trkpt lat="24.9996815" lon="121.5304189"></trkpt>
      <trkpt lat="25.0002092" lon="121.5306093"></trkpt>
      <trkpt lat="25.0012055" lon="121.5309868"></trkpt>
      <trkpt lat="25.0018955" lon="121.5312454"></trkpt>
      <trkpt lat="25.0022219" lon="121.5313236"></trkpt>
      <trkpt lat="25.0023458" lon="121.5313288"></trkpt>
      <trkpt lat="25.0024096" lon="121.5313180"></trkpt>
      <trkpt lat="25.0026192" lon="121.5312100"></trkpt>
      <trkpt lat="25.0028101" lon="121.5310780"></trkpt>
      <trkpt lat="25.0028511" lon="121.5310208"></trkpt>
      <trkpt lat="25.0029153" lon="121.5309314"></trkpt>
      <trkpt lat="25.0030334" lon="121.5308456"></trkpt>
      <trkpt lat="25.0031970" lon="121.5307663"></trkpt>
      <trkpt lat="25.0033685" lon="121.5307383"></trkpt>
      <trkpt lat="25.0037626" lon="121.5307221"></trkpt>
      <trkpt lat="25.0040886" lon="121.5307423"></trkpt>
      <trkpt lat="25.0041661" lon="121.5307438"></trkpt>
      <trkpt lat="25.0042930" lon="121.5307027"></trkpt>
      <trkpt lat="25.0044024" lon="121.5306368"></trkpt>
      <trkpt lat="25.0045637" lon="121.5305180"></trkpt>
      <trkpt lat="25.0048675" lon="121.5302780"></trkpt>
      <trkpt lat="25.0050492" lon="121.5301679"></trkpt>
      <trkpt lat="25.0052673" lon="121.5300358"></trkpt>
      <trkpt lat="25.0053765" lon="121.5299852"></trkpt>
      <trkpt lat="25.0054196" lon="121.5299890"></trkpt>
      <trkpt lat="25.0054762" lon="121.5300281"></trkpt>
      <trkpt lat="25.0055295" lon="121.5300758"></trkpt>
      <trkpt lat="25.0055876" lon="121.5301363"></trkpt>
      <trkpt lat="25.0056341" lon="121.5301714"></trkpt>
      <trkpt lat="25.0057502" lon="121.5302172"></trkpt>
      <trkpt lat="25.0058412" lon="121.5302175"></trkpt>
      <trkpt lat="25.0060404" lon="121.5301514"></trkpt>
      <trkpt lat="25.0061947" lon="121.5301054"></trkpt>
      <trkpt lat="25.0062510" lon="121.5300885"></trkpt>
      <trkpt lat="25.0063446" lon="121.5300603"></trkpt>
      <trkpt lat="25.0064466" lon="121.5300087"></trkpt>
      <trkpt lat="25.0066756" lon="121.5298688"></trkpt>
      <trkpt lat="25.0067029" lon="121.5298523"></trkpt>
      <trkpt lat="25.0069438" lon="121.5296875"></trkpt>
      <trkpt lat="25.0070378" lon="121.5296426"></trkpt>
      <trkpt lat="25.0070638" lon="121.5296245"></trkpt>
      <trkpt lat="25.0070975" lon="121.5296011"></trkpt>
      <trkpt lat="25.0070237" lon="121.5294721"></trkpt>
      <trkpt lat="25.0069488" lon="121.5293408"></trkpt>
      <trkpt lat="25.0068017" lon="121.5290834"></trkpt>
      <trkpt lat="25.0068142" lon="121.5290745"></trkpt>
      <trkpt lat="25.0070070" lon="121.5289378"></trkpt>
      <trkpt lat="25.0070260" lon="121.5288893"></trkpt>
      <trkpt lat="25.0071114" lon="121.5288317"></trkpt>
      <trkpt lat="25.0072603" lon="121.5286402"></trkpt>
      <trkpt lat="25.0076202" lon="121.5281450"></trkpt>
      <trkpt lat="25.0080430" lon="121.5275631"></trkpt>
      <trkpt lat="25.0083226" lon="121.5271784"></trkpt>
      <trkpt lat="25.0084052" lon="121.5270984"></trkpt>
      <trkpt lat="25.0085733" lon="121.5269356"></trkpt>
      <trkpt lat="25.0085992" lon="121.5269106"></trkpt>
      <trkpt lat="25.0087498" lon="121.5267647"></trkpt>
      <trkpt lat="25.0088723" lon="121.5265653"></trkpt>
      <trkpt lat="25.0089904" lon="121.5263546"></trkpt>
      <trkpt lat="25.0091055" lon="121.5261492"></trkpt>
      <trkpt lat="25.0091483" lon="121.5260733"></trkpt>
      <trkpt lat="25.0092851" lon="121.5258406"></trkpt>
      <trkpt lat="25.0092579" lon="121.5259089"></trkpt>
      <trkpt lat="25.0092689" lon="121.5259564"></trkpt>
      <trkpt lat="25.0093651" lon="121.5260494"></trkpt>
      <trkpt lat="25.0095524" lon="121.5261813"></trkpt>
      <trkpt lat="25.0101081" lon="121.5267519"></trkpt>
      <trkpt lat="25.0101541" lon="121.5267767"></trkpt>
      <trkpt lat="25.0111562" lon="121.5277972"></trkpt>
      <trkpt lat="25.0111758" lon="121.5278347"></trkpt>
      <trkpt lat="25.0115929" lon="121.5282837"></trkpt>
      <trkpt lat="25.0116541" lon="121.5283711"></trkpt>
      <trkpt lat="25.0116781" lon="121.5284227"></trkpt>
      <trkpt lat="25.0116648" lon="121.5284543"></trkpt>
      <trkpt lat="25.0115867" lon="121.5285141"></trkpt>
      <trkpt lat="25.0115937" lon="121.5286019"></trkpt>
      <trkpt lat="25.0114626" lon="121.5287541"></trkpt>
      <trkpt lat="25.0114324" lon="121.5288227"></trkpt>
      <trkpt lat="25.0113465" lon="121.5288553"></trkpt>
      <trkpt lat="25.0112652" lon="121.5288767"></trkpt>
      <trkpt lat="25.0111549" lon="121.5289085"></trkpt>
      <trkpt lat="25.0111249" lon="121.5289146"></trkpt>
      <trkpt lat="25.0110347" lon="121.5289631"></trkpt>
      <trkpt lat="25.0109143" lon="121.5290726"></trkpt>
      <trkpt lat="25.0107223" lon="121.5291162"></trkpt>
      <trkpt lat="25.0106218" lon="121.5292257"></trkpt>
      <trkpt lat="25.0105615" lon="121.5293682"></trkpt>
      <trkpt lat="25.0105381" lon="121.5295688"></trkpt>
      <trkpt lat="25.0104554" lon="121.5302310"></trkpt>
      <trkpt lat="25.0104061" lon="121.5304594"></trkpt>
      <trkpt lat="25.0103440" lon="121.5306134"></trkpt>
      <trkpt lat="25.0099987" lon="121.5311205"></trkpt>
      <trkpt lat="25.0099281" lon="121.5312893"></trkpt>
      <trkpt lat="25.0097949" lon="121.5315922"></trkpt>
      <trkpt lat="25.0095924" lon="121.5318908"></trkpt>
      <trkpt lat="25.0095754" lon="121.5319145"></trkpt>
      <trkpt lat="25.0093778" lon="121.5321997"></trkpt>
      <trkpt lat="25.0092271" lon="121.5324019"></trkpt>
      <trkpt lat="25.0090783" lon="121.5325683"></trkpt>
      <trkpt lat="25.0089011" lon="121.5327221"></trkpt>
      <trkpt lat="25.0086965" lon="121.5328557"></trkpt>
      <trkpt lat="25.0084730" lon="121.5329162"></trkpt>
      <trkpt lat="25.0083742" lon="121.5329384"></trkpt>
      <trkpt lat="25.0079262" lon="121.5330391"></trkpt>
      <trkpt lat="25.0074443" lon="121.5331862"></trkpt>
      <trkpt lat="25.0069684" lon="121.5334277"></trkpt>
      <trkpt lat="25.0063822" lon="121.5337869"></trkpt>
      <trkpt lat="25.0061634" lon="121.5339138"></trkpt>
      <trkpt lat="25.0060898" lon="121.5339565"></trkpt>
      <trkpt lat="25.0059012" lon="121.5340816"></trkpt>
      <trkpt lat="25.0056528" lon="121.5342342"></trkpt>
      <trkpt lat="25.0053087" lon="121.5344457"></trkpt>
      <trkpt lat="25.0052588" lon="121.5344768"></trkpt>
      <trkpt lat="25.0049636" lon="121.5346607"></trkpt>
      <trkpt lat="25.0047223" lon="121.5348110"></trkpt>
      <trkpt lat="25.0044539" lon="121.5349558"></trkpt>
      <trkpt lat="25.0041374" lon="121.5350962"></trkpt>
      <trkpt lat="25.0038785" lon="121.5351873"></trkpt>
      <trkpt lat="25.0036329" lon="121.5352496"></trkpt>
      <trkpt lat="25.0036072" lon="121.5352561"></trkpt>
      <trkpt lat="25.0031859" lon="121.5352996"></trkpt>
      <trkpt lat="25.0029709" lon="121.5353154"></trkpt>
      <trkpt lat="25.0025564" lon="121.5353092"></trkpt>
      <trkpt lat="25.0022304" lon="121.5352962"></trkpt>
      <trkpt lat="25.0021148" lon="121.5352916"></trkpt>
      <trkpt lat="25.0012709" lon="121.5352323"></trkpt>
      <trkpt lat="25.0003318" lon="121.5351650"></trkpt>
      <trkpt lat="25.0000641" lon="121.5351529"></trkpt>
      <trkpt lat="24.9999682" lon="121.5351494"></trkpt>
      <trkpt lat="24.9998314" lon="121.5351480"></trkpt>
      <trkpt lat="24.9988621" lon="121.5351377"></trkpt>
      <trkpt lat="24.9988210" lon="121.5351399"></trkpt>
      <trkpt lat="24.9985840" lon="121.5351398"></trkpt>
      <trkpt lat="24.9984318" lon="121.5351514"></trkpt>
      <trkpt lat="24.9984408" lon="121.5352931"></trkpt>
      <trkpt lat="24.9984511" lon="121.5353149"></trkpt>
      <trkpt lat="24.9984957" lon="121.5353117"></trkpt>
      <trkpt lat="24.9984980" lon="121.5353375"></trkpt>
      <trkpt lat="24.9984478" lon="121.5353425"></trkpt>
      <trkpt lat="24.9984654" lon="121.5353639"></trkpt>
      <trkpt lat="24.9984915" lon="121.5353957"></trkpt>
      <trkpt lat="24.9985060" lon="121.5354063"></trkpt>
      <trkpt lat="24.9985817" lon="121.5354597"></trkpt>
      <trkpt lat="24.9986059" lon="121.5354767"></trkpt>
      <trkpt lat="24.9986695" lon="121.5355646"></trkpt>
      <trkpt lat="24.9986892" lon="121.5355918"></trkpt>
      <trkpt lat="24.9987005" lon="121.5355848"></trkpt>
      <trkpt lat="24.9987279" lon="121.5355698"></trkpt>
      <trkpt lat="24.9987821" lon="121.5355407"></trkpt>
      <trkpt lat="24.9988384" lon="121.5355336"></trkpt>
      <trkpt lat="24.9993345" lon="121.5354816"></trkpt>
      <trkpt lat="24.9993839" lon="121.5354577"></trkpt>
      <trkpt lat="24.9994131" lon="121.5354560"></trkpt>
      <trkpt lat="24.9995052" lon="121.5354454"></trkpt>
      <trkpt lat="24.9999807" lon="121.5353802"></trkpt>
      <trkpt lat="25.0000514" lon="121.5353705"></trkpt>
      <trkpt lat="25.0001091" lon="121.5353664"></trkpt>
      <trkpt lat="25.0010041" lon="121.5354092"></trkpt>
      <trkpt lat="25.0020167" lon="121.5355200"></trkpt>
      <trkpt lat="25.0020957" lon="121.5363632"></trkpt>
      <trkpt lat="25.0020868" lon="121.5364243"></trkpt>
      <trkpt lat="25.0020878" lon="121.5364896"></trkpt>
      <trkpt lat="25.0020854" lon="121.5365841"></trkpt>
      <trkpt lat="25.0020838" lon="121.5366477"></trkpt>
      <trkpt lat="25.0020870" lon="121.5367590"></trkpt>
      <trkpt lat="25.0020845" lon="121.5368196"></trkpt>
      <trkpt lat="25.0020835" lon="121.5368704"></trkpt>
      <trkpt lat="25.0020834" lon="121.5371757"></trkpt>
      <trkpt lat="25.0020834" lon="121.5374716"></trkpt>
      <trkpt lat="25.0020833" lon="121.5376728"></trkpt>
      <trkpt lat="25.0020832" lon="121.5381574"></trkpt>
      <trkpt lat="25.0020930" lon="121.5385265"></trkpt>
      <trkpt lat="25.0021489" lon="121.5387089"></trkpt>
      <trkpt lat="25.0021610" lon="121.5387433"></trkpt>
      <trkpt lat="25.0021844" lon="121.5388085"></trkpt>
      <trkpt lat="25.0022338" lon="121.5389399"></trkpt>
      <trkpt lat="25.0022494" lon="121.5389934"></trkpt>
      <trkpt lat="25.0022618" lon="121.5390276"></trkpt>
      <trkpt lat="25.0023247" lon="121.5392124"></trkpt>
      <trkpt lat="25.0024511" lon="121.5395920"></trkpt>
      <trkpt lat="25.0020844" lon="121.5397506"></trkpt>
      <trkpt lat="25.0016242" lon="121.5399363"></trkpt>
      <trkpt lat="25.0014782" lon="121.5399917"></trkpt>
      <trkpt lat="25.0015660" lon="121.5402689"></trkpt>
      <trkpt lat="25.0015236" lon="121.5403802"></trkpt>
      <trkpt lat="25.0014421" lon="121.5405023"></trkpt>
      <trkpt lat="25.0014246" lon="121.5405636"></trkpt>
      <trkpt lat="25.0015154" lon="121.5408906"></trkpt>
      <trkpt lat="25.0015340" lon="121.5409502"></trkpt>
      <trkpt lat="25.0015465" lon="121.5409818"></trkpt>
      <trkpt lat="25.0017337" lon="121.5414140"></trkpt>
      <trkpt lat="25.0018396" lon="121.5417147"></trkpt>
      <trkpt lat="25.0018490" lon="121.5417286"></trkpt>
      <trkpt lat="25.0019195" lon="121.5419102"></trkpt>
      <trkpt lat="25.0019462" lon="121.5419631"></trkpt>
      <trkpt lat="25.0020028" lon="121.5420416"></trkpt>
      <trkpt lat="25.0020199" lon="121.5420687"></trkpt>
      <trkpt lat="25.0020323" lon="121.5420881"></trkpt>
      <trkpt lat="25.0019629" lon="121.5421383"></trkpt>
      <trkpt lat="25.0020323" lon="121.5420881"></trkpt>
      <trkpt lat="25.0020937" lon="121.5421763"></trkpt>
      <trkpt lat="25.0020745" lon="121.5422336"></trkpt>
      <trkpt lat="25.0020224" lon="121.5423572"></trkpt>
      <trkpt lat="25.0019198" lon="121.5426135"></trkpt>
      <trkpt lat="25.0017827" lon="121.5427681"></trkpt>
      <trkpt lat="25.0016219" lon="121.5428723"></trkpt>
      <trkpt lat="25.0014808" lon="121.5429780"></trkpt>
      <trkpt lat="25.0014669" lon="121.5430551"></trkpt>
      <trkpt lat="25.0014801" lon="121.5431412"></trkpt>
      <trkpt lat="25.0015422" lon="121.5432357"></trkpt>
      <trkpt lat="25.0017144" lon="121.5433581"></trkpt>
      <trkpt lat="25.0018068" lon="121.5434332"></trkpt>
      <trkpt lat="25.0018895" lon="121.5435498"></trkpt>
      <trkpt lat="25.0019234" lon="121.5436172"></trkpt>
      <trkpt lat="25.0019171" lon="121.5436601"></trkpt>
      <trkpt lat="25.0019107" lon="121.5437057"></trkpt>
      <trkpt lat="25.0019123" lon="121.5437507"></trkpt>
      <trkpt lat="25.0019226" lon="121.5437916"></trkpt>
      <trkpt lat="25.0019376" lon="121.5438335"></trkpt>
      <trkpt lat="25.0021618" lon="121.5444575"></trkpt>
      <trkpt lat="25.0021763" lon="121.5444975"></trkpt>
      <trkpt lat="25.0016902" lon="121.5447187"></trkpt>
      <trkpt lat="25.0017555" lon="121.5448928"></trkpt>
      <trkpt lat="25.0020566" lon="121.5457417"></trkpt>
      <trkpt lat="25.0017065" lon="121.5459169"></trkpt>
      <trkpt lat="25.0016604" lon="121.5460756"></trkpt>
      <trkpt lat="25.0021939" lon="121.5464143"></trkpt>
      <trkpt lat="25.0025653" lon="121.5466558"></trkpt>
      <trkpt lat="25.0026017" lon="121.5466920"></trkpt>
      <trkpt lat="25.0026317" lon="121.5467486"></trkpt>
      <trkpt lat="25.0025807" lon="121.5467945"></trkpt>
      <trkpt lat="25.0024798" lon="121.5468853"></trkpt>
      <trkpt lat="25.0023977" lon="121.5470383"></trkpt>
      <trkpt lat="25.0023981" lon="121.5471105"></trkpt>
      <trkpt lat="25.0024522" lon="121.5472106"></trkpt>
      <trkpt lat="25.0021395" lon="121.5481029"></trkpt>
      <trkpt lat="25.0019536" lon="121.5486200"></trkpt>
      <trkpt lat="25.0019217" lon="121.5487087"></trkpt>
      <trkpt lat="25.0018922" lon="121.5487751"></trkpt>
      <trkpt lat="25.0018259" lon="121.5489245"></trkpt>
      <trkpt lat="25.0015938" lon="121.5491739"></trkpt>
      <trkpt lat="25.0014515" lon="121.5492959"></trkpt>
      <trkpt lat="25.0012518" lon="121.5494755"></trkpt>
      <trkpt lat="25.0012850" lon="121.5495068"></trkpt>
      <trkpt lat="25.0013972" lon="121.5498255"></trkpt>
      <trkpt lat="25.0014879" lon="121.5499497"></trkpt>
      <trkpt lat="25.0018006" lon="121.5503665"></trkpt>
      <trkpt lat="25.0018988" lon="121.5504949"></trkpt>
      <trkpt lat="25.0014501" lon="121.5506517"></trkpt>
      <trkpt lat="25.0014836" lon="121.5506986"></trkpt>
      <trkpt lat="25.0015781" lon="121.5508248"></trkpt>
      <trkpt lat="25.0016671" lon="121.5509547"></trkpt>
      <trkpt lat="25.0016251" lon="121.5509910"></trkpt>
      <trkpt lat="25.0015749" lon="121.5510394"></trkpt>
      <trkpt lat="25.0016745" lon="121.5511838"></trkpt>
      <trkpt lat="25.0017301" lon="121.5512688"></trkpt>
      <trkpt lat="25.0017762" lon="121.5513925"></trkpt>
      <trkpt lat="25.0018037" lon="121.5515173"></trkpt>
      <trkpt lat="25.0018078" lon="121.5515963"></trkpt>
      <trkpt lat="25.0018066" lon="121.5516665"></trkpt>
      <trkpt lat="25.0018058" lon="121.5517127"></trkpt>
      <trkpt lat="25.0018022" lon="121.5517577"></trkpt>
      <trkpt lat="25.0017946" lon="121.5518030"></trkpt>
      <trkpt lat="25.0017717" lon="121.5518690"></trkpt>
      <trkpt lat="25.0017423" lon="121.5519495"></trkpt>
      <trkpt lat="25.0016147" lon="121.5522990"></trkpt>
      <trkpt lat="25.0015793" lon="121.5523964"></trkpt>
      <trkpt lat="25.0015618" lon="121.5524446"></trkpt>
      <trkpt lat="25.0015416" lon="121.5525009"></trkpt>
      <trkpt lat="25.0016058" lon="121.5525284"></trkpt>
      <trkpt lat="25.0016635" lon="121.5525538"></trkpt>
      <trkpt lat="25.0016513" lon="121.5525882"></trkpt>
      <trkpt lat="25.0015819" lon="121.5527820"></trkpt>
      <trkpt lat="25.0014117" lon="121.5532643"></trkpt>
      <trkpt lat="25.0015414" lon="121.5533236"></trkpt>
      <trkpt lat="25.0017456" lon="121.5534020"></trkpt>
      <trkpt lat="25.0018753" lon="121.5534536"></trkpt>
      <trkpt lat="25.0018087" lon="121.5536451"></trkpt>
      <trkpt lat="25.0016900" lon="121.5539862"></trkpt>
      <trkpt lat="25.0015337" lon="121.5544128"></trkpt>
      <trkpt lat="25.0014550" lon="121.5546279"></trkpt>
      <trkpt lat="25.0013915" lon="121.5548016"></trkpt>
      <trkpt lat="25.0021966" lon="121.5553093"></trkpt>
      <trkpt lat="25.0022465" lon="121.5553424"></trkpt>
      <trkpt lat="25.0022838" lon="121.5553690"></trkpt>
      <trkpt lat="25.0022619" lon="121.5554186"></trkpt>
      <trkpt lat="25.0022333" lon="121.5554866"></trkpt>
      <trkpt lat="25.0024107" lon="121.5555998"></trkpt>
      <trkpt lat="25.0023972" lon="121.5556456"></trkpt>
      <trkpt lat="25.0020748" lon="121.5568654"></trkpt>
      <trkpt lat="25.0020268" lon="121.5569267"></trkpt>
      <trkpt lat="25.0019883" lon="121.5570820"></trkpt>
      <trkpt lat="25.0018866" lon="121.5574768"></trkpt>
      <trkpt lat="25.0017200" lon="121.5573764"></trkpt>
      <trkpt lat="25.0016447" lon="121.5573310"></trkpt>
      <trkpt lat="25.0015875" lon="121.5572653"></trkpt>
      <trkpt lat="25.0015808" lon="121.5571541"></trkpt>
      <trkpt lat="25.0016326" lon="121.5569761"></trkpt>
      <trkpt lat="25.0016756" lon="121.5568283"></trkpt>
      <trkpt lat="25.0017236" lon="121.5566632"></trkpt>
      <trkpt lat="25.0017478" lon="121.5565801"></trkpt>
      <trkpt lat="25.0014176" lon="121.5564593"></trkpt>
      <trkpt lat="25.0013212" lon="121.5564253"></trkpt>
      <trkpt lat="25.0012386" lon="121.5563835"></trkpt>
      <trkpt lat="25.0011647" lon="121.5563079"></trkpt>
      <trkpt lat="25.0011321" lon="121.5562143"></trkpt>
      <trkpt lat="25.0010100" lon="121.5557921"></trkpt>
      <trkpt lat="25.0009089" lon="121.5554545"></trkpt>
      <trkpt lat="25.0008598" lon="121.5552970"></trkpt>
      <trkpt lat="25.0007151" lon="121.5552296"></trkpt>
      <trkpt lat="25.0005076" lon="121.5556513"></trkpt>
      <trkpt lat="25.0003039" lon="121.5560245"></trkpt>
      <trkpt lat="25.0002909" lon="121.5560469"></trkpt>
      <trkpt lat="25.0002517" lon="121.5561198"></trkpt>
      <trkpt lat="24.9999823" lon="121.5566150"></trkpt>
      <trkpt lat="24.9996424" lon="121.5571477"></trkpt>
      <trkpt lat="24.9996114" lon="121.5571963"></trkpt>
      <trkpt lat="24.9995426" lon="121.5573169"></trkpt>
      <trkpt lat="24.9995195" lon="121.5573502"></trkpt>
      <trkpt lat="24.9993908" lon="121.5575357"></trkpt>
      <trkpt lat="24.9993712" lon="121.5575638"></trkpt>
      <trkpt lat="24.9993352" lon="121.5576127"></trkpt>
      <trkpt lat="24.9990727" lon="121.5579875"></trkpt>
      <trkpt lat="24.9990417" lon="121.5580386"></trkpt>
      <trkpt lat="24.9991929" lon="121.5582045"></trkpt>
      <trkpt lat="24.9992266" lon="121.5582444"></trkpt>
      <trkpt lat="24.9997100" lon="121.5587871"></trkpt>
      <trkpt lat="24.9997350" lon="121.5588096"></trkpt>
      <trkpt lat="24.9997707" lon="121.5588305"></trkpt>
      <trkpt lat="24.9998058" lon="121.5588400"></trkpt>
      <trkpt lat="24.9998548" lon="121.5588477"></trkpt>
      <trkpt lat="25.0004280" lon="121.5588954"></trkpt>
      <trkpt lat="25.0004366" lon="121.5587905"></trkpt>
      <trkpt lat="25.0005279" lon="121.5587979"></trkpt>
      <trkpt lat="25.0006918" lon="121.5588111"></trkpt>
      <trkpt lat="25.0006710" lon="121.5590402"></trkpt>
      <trkpt lat="25.0005896" lon="121.5590785"></trkpt>
      <trkpt lat="25.0005345" lon="121.5596338"></trkpt>
      <trkpt lat="25.0007192" lon="121.5598033"></trkpt>
      <trkpt lat="25.0009438" lon="121.5600001"></trkpt>
      <trkpt lat="25.0011020" lon="121.5601976"></trkpt>
      <trkpt lat="25.0011834" lon="121.5602113"></trkpt>
      <trkpt lat="25.0012111" lon="121.5602160"></trkpt>
      <trkpt lat="25.0014466" lon="121.5601882"></trkpt>
      <trkpt lat="25.0014739" lon="121.5601007"></trkpt>
      <trkpt lat="25.0015559" lon="121.5601145"></trkpt>
      <trkpt lat="25.0018584" lon="121.5600780"></trkpt>
      <trkpt lat="25.0018959" lon="121.5600580"></trkpt>
      <trkpt lat="25.0019186" lon="121.5600079"></trkpt>
      <trkpt lat="25.0019142" lon="121.5599566"></trkpt>
      <trkpt lat="25.0015626" lon="121.5589155"></trkpt>
      <trkpt lat="25.0015491" lon="121.5588058"></trkpt>
      <trkpt lat="25.0015602" lon="121.5587056"></trkpt>
      <trkpt lat="25.0015849" lon="121.5586662"></trkpt>
      <trkpt lat="25.0016248" lon="121.5586553"></trkpt>
      <trkpt lat="25.0016768" lon="121.5586581"></trkpt>
      <trkpt lat="25.0020136" lon="121.5588170"></trkpt>
      <trkpt lat="25.0021695" lon="121.5588905"></trkpt>
      <trkpt lat="25.0022122" lon="121.5589236"></trkpt>
      <trkpt lat="25.0022474" lon="121.5589799"></trkpt>
      <trkpt lat="25.0022648" lon="121.5590307"></trkpt>
      <trkpt lat="25.0025016" lon="121.5597312"></trkpt>
      <trkpt lat="25.0025642" lon="121.5599165"></trkpt>
      <trkpt lat="25.0025738" lon="121.5600669"></trkpt>
      <trkpt lat="25.0028644" lon="121.5609154"></trkpt>
      <trkpt lat="25.0027848" lon="121.5609474"></trkpt>
      <trkpt lat="25.0023276" lon="121.5611310"></trkpt>
      <trkpt lat="25.0021860" lon="121.5611967"></trkpt>
      <trkpt lat="25.0021095" lon="121.5612531"></trkpt>
      <trkpt lat="25.0020536" lon="121.5613134"></trkpt>
      <trkpt lat="25.0020197" lon="121.5613691"></trkpt>
      <trkpt lat="25.0019940" lon="121.5614509"></trkpt>
      <trkpt lat="25.0019835" lon="121.5615297"></trkpt>
      <trkpt lat="25.0019846" lon="121.5615763"></trkpt>
      <trkpt lat="25.0019857" lon="121.5616239"></trkpt>
      <trkpt lat="25.0019947" lon="121.5617094"></trkpt>
      <trkpt lat="25.0020246" lon="121.5618192"></trkpt>
      <trkpt lat="25.0019739" lon="121.5618921"></trkpt>
      <trkpt lat="25.0019317" lon="121.5619649"></trkpt>
      <trkpt lat="25.0019102" lon="121.5620114"></trkpt>
      <trkpt lat="25.0018780" lon="121.5620965"></trkpt>
      <trkpt lat="25.0018569" lon="121.5621876"></trkpt>
      <trkpt lat="25.0018464" lon="121.5622777"></trkpt>
      <trkpt lat="25.0018418" lon="121.5624585"></trkpt>
      <trkpt lat="25.0018459" lon="121.5625881"></trkpt>
      <trkpt lat="25.0018514" lon="121.5626808"></trkpt>
      <trkpt lat="25.0018888" lon="121.5628349"></trkpt>
      <trkpt lat="25.0019292" lon="121.5629488"></trkpt>
      <trkpt lat="25.0019752" lon="121.5630546"></trkpt>
      <trkpt lat="25.0020534" lon="121.5632155"></trkpt>
      <trkpt lat="25.0021027" lon="121.5633324"></trkpt>
      <trkpt lat="25.0021345" lon="121.5634265"></trkpt>
      <trkpt lat="25.0021562" lon="121.5635206"></trkpt>
      <trkpt lat="25.0021684" lon="121.5636255"></trkpt>
      <trkpt lat="25.0021748" lon="121.5637081"></trkpt>
      <trkpt lat="25.0021733" lon="121.5638061"></trkpt>
      <trkpt lat="25.0021574" lon="121.5639035"></trkpt>
      <trkpt lat="25.0021315" lon="121.5640022"></trkpt>
      <trkpt lat="25.0020986" lon="121.5640913"></trkpt>
      <trkpt lat="25.0020619" lon="121.5641685"></trkpt>
      <trkpt lat="25.0020092" lon="121.5642496"></trkpt>
      <trkpt lat="25.0019490" lon="121.5643215"></trkpt>
      <trkpt lat="25.0017126" lon="121.5645741"></trkpt>
      <trkpt lat="25.0016391" lon="121.5646669"></trkpt>
      <trkpt lat="25.0015808" lon="121.5647641"></trkpt>
      <trkpt lat="25.0015315" lon="121.5648855"></trkpt>
      <trkpt lat="25.0014941" lon="121.5650154"></trkpt>
      <trkpt lat="25.0014738" lon="121.5651101"></trkpt>
      <trkpt lat="25.0014574" lon="121.5652127"></trkpt>
      <trkpt lat="25.0014480" lon="121.5653247"></trkpt>
      <trkpt lat="25.0014498" lon="121.5654442"></trkpt>
      <trkpt lat="25.0014660" lon="121.5655187"></trkpt>
      <trkpt lat="25.0015004" lon="121.5656098"></trkpt>
      <trkpt lat="25.0015493" lon="121.5657132"></trkpt>
      <trkpt lat="25.0015788" lon="121.5657733"></trkpt>
      <trkpt lat="25.0018991" lon="121.5663950"></trkpt>
      <trkpt lat="25.0019665" lon="121.5665266"></trkpt>
      <trkpt lat="25.0019829" lon="121.5666135"></trkpt>
      <trkpt lat="25.0019850" lon="121.5666780"></trkpt>
      <trkpt lat="25.0019772" lon="121.5667237"></trkpt>
      <trkpt lat="25.0019451" lon="121.5668025"></trkpt>
      <trkpt lat="25.0018427" lon="121.5669736"></trkpt>
      <trkpt lat="25.0017723" lon="121.5670500"></trkpt>
      <trkpt lat="25.0018664" lon="121.5670017"></trkpt>
      <trkpt lat="25.0019381" lon="121.5669848"></trkpt>
      <trkpt lat="25.0019923" lon="121.5669829"></trkpt>
      <trkpt lat="25.0020434" lon="121.5669916"></trkpt>
      <trkpt lat="25.0020988" lon="121.5670108"></trkpt>
      <trkpt lat="25.0022058" lon="121.5670562"></trkpt>
      <trkpt lat="25.0022421" lon="121.5671622"></trkpt>
      <trkpt lat="25.0023000" lon="121.5673474"></trkpt>
      <trkpt lat="25.0023459" lon="121.5675135"></trkpt>
      <trkpt lat="25.0023915" lon="121.5677080"></trkpt>
      <trkpt lat="25.0024170" lon="121.5678332"></trkpt>
      <trkpt lat="25.0024359" lon="121.5679769"></trkpt>
      <trkpt lat="25.0024511" lon="121.5681539"></trkpt>
      <trkpt lat="25.0024595" lon="121.5683341"></trkpt>
      <trkpt lat="25.0024632" lon="121.5684831"></trkpt>
      <trkpt lat="25.0024632" lon="121.5685319"></trkpt>
      <trkpt lat="25.0024595" lon="121.5686198"></trkpt>
      <trkpt lat="25.0024567" lon="121.5686770"></trkpt>
      <trkpt lat="25.0024504" lon="121.5687465"></trkpt>
      <trkpt lat="25.0023552" lon="121.5695757"></trkpt>
      <trkpt lat="25.0023502" lon="121.5696187"></trkpt>
      <trkpt lat="25.0023180" lon="121.5698985"></trkpt>
      <trkpt lat="25.0022960" lon="121.5701251"></trkpt>
      <trkpt lat="25.0022748" lon="121.5704005"></trkpt>
      <trkpt lat="25.0022722" lon="121.5704500"></trkpt>
      <trkpt lat="25.0022694" lon="121.5705245"></trkpt>
      <trkpt lat="25.0021983" lon="121.5705237"></trkpt>
      <trkpt lat="25.0021502" lon="121.5705232"></trkpt>
      <trkpt lat="25.0018286" lon="121.5705196"></trkpt>
      <trkpt lat="25.0016585" lon="121.5705177"></trkpt>
      <trkpt lat="25.0016408" lon="121.5709319"></trkpt>
      <trkpt lat="25.0017827" lon="121.5709303"></trkpt>
      <trkpt lat="25.0019162" lon="121.5709301"></trkpt>
      <trkpt lat="25.0019134" lon="121.5712506"></trkpt>
      <trkpt lat="25.0018415" lon="121.5712995"></trkpt>
      <trkpt lat="25.0017558" lon="121.5713578"></trkpt>
      <trkpt lat="25.0015884" lon="121.5712229"></trkpt>
      <trkpt lat="25.0016182" lon="121.5711112"></trkpt>
      <trkpt lat="25.0016320" lon="121.5710293"></trkpt>
      <trkpt lat="25.0016408" lon="121.5709319"></trkpt>
      <trkpt lat="25.0016585" lon="121.5705177"></trkpt>
      <trkpt lat="25.0018286" lon="121.5705196"></trkpt>
      <trkpt lat="25.0021502" lon="121.5705232"></trkpt>
      <trkpt lat="25.0021983" lon="121.5705237"></trkpt>
      <trkpt lat="25.0022694" lon="121.5705245"></trkpt>
      <trkpt lat="25.0022696" lon="121.5705915"></trkpt>
      <trkpt lat="25.0022700" lon="121.5706291"></trkpt>
      <trkpt lat="25.0022774" lon="121.5708438"></trkpt>
      <trkpt lat="25.0022839" lon="121.5709637"></trkpt>
      <trkpt lat="25.0023327" lon="121.5714661"></trkpt>
      <trkpt lat="25.0023586" lon="121.5717331"></trkpt>
      <trkpt lat="25.0023647" lon="121.5717958"></trkpt>
      <trkpt lat="25.0023754" lon="121.5719054"></trkpt>
      <trkpt lat="25.0022317" lon="121.5718998"></trkpt>
      <trkpt lat="25.0021707" lon="121.5718974"></trkpt>
      <trkpt lat="25.0020657" lon="121.5718933"></trkpt>
      <trkpt lat="25.0020134" lon="121.5719001"></trkpt>
      <trkpt lat="25.0019379" lon="121.5719170"></trkpt>
      <trkpt lat="25.0018744" lon="121.5719433"></trkpt>
      <trkpt lat="25.0018085" lon="121.5719885"></trkpt>
      <trkpt lat="25.0017570" lon="121.5720396"></trkpt>
      <trkpt lat="25.0017114" lon="121.5720972"></trkpt>
      <trkpt lat="25.0016117" lon="121.5722611"></trkpt>
      <trkpt lat="25.0015584" lon="121.5723319"></trkpt>
      <trkpt lat="25.0014961" lon="121.5723968"></trkpt>
      <trkpt lat="25.0007313" lon="121.5730244"></trkpt>
      <trkpt lat="25.0005582" lon="121.5731664"></trkpt>
      <trkpt lat="25.0005397" lon="121.5731816"></trkpt>
      <trkpt lat="25.0005016" lon="121.5732129"></trkpt>
      <trkpt lat="25.0003352" lon="121.5733495"></trkpt>
      <trkpt lat="24.9999600" lon="121.5736574"></trkpt>
      <trkpt lat="24.9999067" lon="121.5737011"></trkpt>
      <trkpt lat="24.9998096" lon="121.5737731"></trkpt>
      <trkpt lat="24.9997274" lon="121.5738266"></trkpt>
      <trkpt lat="24.9994220" lon="121.5739981"></trkpt>
      <trkpt lat="24.9993753" lon="121.5740197"></trkpt>
      <trkpt lat="24.9993776" lon="121.5740265"></trkpt>
      <trkpt lat="24.9994921" lon="121.5743682"></trkpt>
      <trkpt lat="24.9995558" lon="121.5745587"></trkpt>
      <trkpt lat="24.9994180" lon="121.5746101"></trkpt>
      <trkpt lat="24.9992824" lon="121.5746608"></trkpt>
      <trkpt lat="24.9992964" lon="121.5746955"></trkpt>
      <trkpt lat="24.9994640" lon="121.5751098"></trkpt>
      <trkpt lat="24.9993410" lon="121.5752260"></trkpt>
      <trkpt lat="24.9993130" lon="121.5752524"></trkpt>
      <trkpt lat="24.9992414" lon="121.5753200"></trkpt>
      <trkpt lat="24.9992042" lon="121.5753771"></trkpt>
      <trkpt lat="24.9994981" lon="121.5755506"></trkpt>
      <trkpt lat="24.9996588" lon="121.5756506"></trkpt>
      <trkpt lat="24.9997219" lon="121.5756964"></trkpt>
      <trkpt lat="24.9997776" lon="121.5757619"></trkpt>
      <trkpt lat="24.9998274" lon="121.5758410"></trkpt>
      <trkpt lat="24.9998643" lon="121.5759437"></trkpt>
      <trkpt lat="25.0000965" lon="121.5767705"></trkpt>
      <trkpt lat="25.0001358" lon="121.5768933"></trkpt>
      <trkpt lat="25.0002730" lon="121.5774285"></trkpt>
      <trkpt lat="25.0003577" lon="121.5777130"></trkpt>
      <trkpt lat="25.0003991" lon="121.5778395"></trkpt>
      <trkpt lat="25.0004724" lon="121.5780381"></trkpt>
      <trkpt lat="25.0005316" lon="121.5781805"></trkpt>
      <trkpt lat="25.0006095" lon="121.5783484"></trkpt>
      <trkpt lat="25.0012692" lon="121.5797314"></trkpt>
      <trkpt lat="25.0013638" lon="121.5799146"></trkpt>
      <trkpt lat="25.0017510" lon="121.5806378"></trkpt>
      <trkpt lat="25.0019116" lon="121.5809630"></trkpt>
      <trkpt lat="25.0019343" lon="121.5810146"></trkpt>
      <trkpt lat="25.0020382" lon="121.5812507"></trkpt>
      <trkpt lat="25.0021083" lon="121.5814100"></trkpt>
      <trkpt lat="25.0021997" lon="121.5816141"></trkpt>
      <trkpt lat="25.0024158" lon="121.5820970"></trkpt>
      <trkpt lat="25.0025626" lon="121.5825392"></trkpt>
      <trkpt lat="25.0026717" lon="121.5829177"></trkpt>
      <trkpt lat="25.0027596" lon="121.5832255"></trkpt>
      <trkpt lat="25.0028472" lon="121.5835718"></trkpt>
      <trkpt lat="25.0028622" lon="121.5836431"></trkpt>
      <trkpt lat="25.0029325" lon="121.5839650"></trkpt>
      <trkpt lat="25.0029870" lon="121.5842344"></trkpt>
      <trkpt lat="25.0029944" lon="121.5842811"></trkpt>
      <trkpt lat="25.0030651" lon="121.5848001"></trkpt>
      <trkpt lat="25.0030839" lon="121.5849892"></trkpt>
      <trkpt lat="25.0031172" lon="121.5854656"></trkpt>
      <trkpt lat="25.0031295" lon="121.5859009"></trkpt>
      <trkpt lat="25.0031238" lon="121.5864445"></trkpt>
      <trkpt lat="25.0031231" lon="121.5864722"></trkpt>
      <trkpt lat="25.0031217" lon="121.5865606"></trkpt>
      <trkpt lat="25.0031198" lon="121.5867015"></trkpt>
      <trkpt lat="25.0031157" lon="121.5868179"></trkpt>
      <trkpt lat="25.0031089" lon="121.5868916"></trkpt>
      <trkpt lat="25.0030959" lon="121.5869709"></trkpt>
      <trkpt lat="25.0030791" lon="121.5870450"></trkpt>
      <trkpt lat="25.0030551" lon="121.5871243"></trkpt>
      <trkpt lat="25.0030274" lon="121.5871941"></trkpt>
      <trkpt lat="25.0029958" lon="121.5872614"></trkpt>
      <trkpt lat="25.0029698" lon="121.5873075"></trkpt>
      <trkpt lat="25.0029442" lon="121.5873490"></trkpt>
      <trkpt lat="25.0029632" lon="121.5874378"></trkpt>
      <trkpt lat="25.0029676" lon="121.5874750"></trkpt>
      <trkpt lat="25.0029613" lon="121.5875150"></trkpt>
      <trkpt lat="25.0029294" lon="121.5875851"></trkpt>
      <trkpt lat="25.0028172" lon="121.5877623"></trkpt>
      <trkpt lat="25.0026494" lon="121.5880288"></trkpt>
      <trkpt lat="25.0025745" lon="121.5881828"></trkpt>
      <trkpt lat="25.0024913" lon="121.5884830"></trkpt>
      <trkpt lat="25.0022327" lon="121.5893114"></trkpt>
      <trkpt lat="25.0020205" lon="121.5895854"></trkpt>
      <trkpt lat="25.0017298" lon="121.5899608"></trkpt>
      <trkpt lat="25.0014159" lon="121.5902079"></trkpt>
      <trkpt lat="25.0011073" lon="121.5903389"></trkpt>
      <trkpt lat="25.0008238" lon="121.5904809"></trkpt>
      <trkpt lat="25.0007172" lon="121.5905846"></trkpt>
      <trkpt lat="25.0004073" lon="121.5909641"></trkpt>
      <trkpt lat="25.0001933" lon="121.5911073"></trkpt>
      <trkpt lat="24.9999561" lon="121.5912269"></trkpt>
      <trkpt lat="24.9996071" lon="121.5916031"></trkpt>
      <trkpt lat="24.9993874" lon="121.5918399"></trkpt>
      <trkpt lat="24.9992678" lon="121.5919687"></trkpt>
      <trkpt lat="24.9989161" lon="121.5923798"></trkpt>
      <trkpt lat="24.9987997" lon="121.5925545"></trkpt>
      <trkpt lat="24.9987139" lon="121.5927829"></trkpt>
      <trkpt lat="24.9986658" lon="121.5930130"></trkpt>
      <trkpt lat="24.9986537" lon="121.5932528"></trkpt>
      <trkpt lat="24.9986667" lon="121.5933886"></trkpt>
      <trkpt lat="24.9986976" lon="121.5935019"></trkpt>
      <trkpt lat="24.9987838" lon="121.5937078"></trkpt>
      <trkpt lat="24.9989123" lon="121.5939560"></trkpt>
      <trkpt lat="24.9989471" lon="121.5940800"></trkpt>
      <trkpt lat="24.9989530" lon="121.5941906"></trkpt>
      <trkpt lat="24.9989489" lon="121.5942763"></trkpt>
      <trkpt lat="24.9989314" lon="121.5943731"></trkpt>
      <trkpt lat="25.0015239" lon="121.5949573"></trkpt>
      <trkpt lat="25.0016788" lon="121.5949509"></trkpt>
    </trkseg>
  </trk>
</gpx>
