<?xml version="1.0" encoding="UTF-8"?>
<gpx version="1.1" creator="shape-route-poc" xmlns="http://www.topografix.com/GPX/1/1">
  <metadata>
    <name>LIT (stroke, rail)</name>
    <desc>LIT · 76.9 km · bike · shape distance 0.309 · 393 repeated segments</desc>
    <time>2026-09-11T13:55:23Z</time>
  </metadata>
  <trk>
    <name>LIT (stroke, rail)</name>
    <type>cycling</type>
    <trkseg>
      <trkpt lat="25.0537405" lon="121.5061728"></trkpt>
      <trkpt lat="25.0528312" lon="121.5058920"></trkpt>
      <trkpt lat="25.0525379" lon="121.5057959"></trkpt>
      <trkpt lat="25.0525007" lon="121.5058031"></trkpt>
      <trkpt lat="25.0524540" lon="121.5058456"></trkpt>
      <trkpt lat="25.0524372" lon="121.5058925"></trkpt>
      <trkpt lat="25.0524166" lon="121.5059453"></trkpt>
      <trkpt lat="25.0523864" lon="121.5059805"></trkpt>
      <trkpt lat="25.0523382" lon="121.5059837"></trkpt>
      <trkpt lat="25.0512595" lon="121.5055840"></trkpt>
      <trkpt lat="25.0511746" lon="121.5055507"></trkpt>
      <trkpt lat="25.0511073" lon="121.5055175"></trkpt>
      <trkpt lat="25.0509369" lon="121.5053996"></trkpt>
      <trkpt lat="25.0508604" lon="121.5053594"></trkpt>
      <trkpt lat="25.0507773" lon="121.5053349"></trkpt>
      <trkpt lat="25.0500778" lon="121.5051283"></trkpt>
      <trkpt lat="25.0499536" lon="121.5051098"></trkpt>
      <trkpt lat="25.0498424" lon="121.5051010"></trkpt>
      <trkpt lat="25.0497468" lon="121.5051076"></trkpt>
      <trkpt lat="25.0498424" lon="121.5051010"></trkpt>
      <trkpt lat="25.0499536" lon="121.5051098"></trkpt>
      <trkpt lat="25.0500778" lon="121.5051283"></trkpt>
      <trkpt lat="25.0507773" lon="121.5053349"></trkpt>
      <trkpt lat="25.0508604" lon="121.5053594"></trkpt>
      <trkpt lat="25.0509369" lon="121.5053996"></trkpt>
      <trkpt lat="25.0511073" lon="121.5055175"></trkpt>
      <trkpt lat="25.0511746" lon="121.5055507"></trkpt>
      <trkpt lat="25.0511130" lon="121.5057357"></trkpt>
      <trkpt lat="25.0510157" lon="121.5060278"></trkpt>
      <trkpt lat="25.0509988" lon="121.5060639"></trkpt>
      <trkpt lat="25.0509732" lon="121.5060948"></trkpt>
      <trkpt lat="25.0508918" lon="121.5061555"></trkpt>
      <trkpt lat="25.0508629" lon="121.5061972"></trkpt>
      <trkpt lat="25.0508475" lon="121.5062350"></trkpt>
      <trkpt lat="25.0507990" lon="121.5063898"></trkpt>
      <trkpt lat="25.0508185" lon="121.5064517"></trkpt>
      <trkpt lat="25.0508793" lon="121.5064763"></trkpt>
      <trkpt lat="25.0508588" lon="121.5065607"></trkpt>
      <trkpt lat="25.0508310" lon="121.5066487"></trkpt>
      <trkpt lat="25.0506974" lon="121.5068505"></trkpt>
      <trkpt lat="25.0505669" lon="121.5067088"></trkpt>
      <trkpt lat="25.0504874" lon="121.5067022"></trkpt>
      <trkpt lat="25.0499338" lon="121.5065290"></trkpt>
      <trkpt lat="25.0498342" lon="121.5065366"></trkpt>
      <trkpt lat="25.0494031" lon="121.5063717"></trkpt>
      <trkpt lat="25.0491281" lon="121.5062552"></trkpt>
      <trkpt lat="25.0489804" lon="121.5061674"></trkpt>
      <trkpt lat="25.0488481" lon="121.5061037"></trkpt>
      <trkpt lat="25.0487868" lon="121.5060433"></trkpt>
      <trkpt lat="25.0484309" lon="121.5057595"></trkpt>
      <trkpt lat="25.0483008" lon="121.5056558"></trkpt>
      <trkpt lat="25.0479934" lon="121.5053058"></trkpt>
      <trkpt lat="25.0478282" lon="121.5051126"></trkpt>
      <trkpt lat="25.0474821" lon="121.5047649"></trkpt>
      <trkpt lat="25.0472896" lon="121.5045408"></trkpt>
      <trkpt lat="25.0471953" lon="121.5044309"></trkpt>
      <trkpt lat="25.0471692" lon="121.5044027"></trkpt>
      <trkpt lat="25.0470214" lon="121.5042436"></trkpt>
      <trkpt lat="25.0465602" lon="121.5036770"></trkpt>
      <trkpt lat="25.0464731" lon="121.5035700"></trkpt>
      <trkpt lat="25.0464270" lon="121.5035133"></trkpt>
      <trkpt lat="25.0462887" lon="121.5033435"></trkpt>
      <trkpt lat="25.0462172" lon="121.5032557"></trkpt>
      <trkpt lat="25.0461053" lon="121.5032722"></trkpt>
      <trkpt lat="25.0460298" lon="121.5032834"></trkpt>
      <trkpt lat="25.0458166" lon="121.5032339"></trkpt>
      <trkpt lat="25.0456234" lon="121.5031890"></trkpt>
      <trkpt lat="25.0455796" lon="121.5031750"></trkpt>
      <trkpt lat="25.0455063" lon="121.5031539"></trkpt>
      <trkpt lat="25.0448040" lon="121.5029580"></trkpt>
      <trkpt lat="25.0444802" lon="121.5028659"></trkpt>
      <trkpt lat="25.0440400" lon="121.5027438"></trkpt>
      <trkpt lat="25.0438638" lon="121.5027032"></trkpt>
      <trkpt lat="25.0437978" lon="121.5026880"></trkpt>
      <trkpt lat="25.0437132" lon="121.5026685"></trkpt>
      <trkpt lat="25.0435407" lon="121.5026287"></trkpt>
      <trkpt lat="25.0433068" lon="121.5025729"></trkpt>
      <trkpt lat="25.0432566" lon="121.5025634"></trkpt>
      <trkpt lat="25.0430717" lon="121.5025282"></trkpt>
      <trkpt lat="25.0427361" lon="121.5024787"></trkpt>
      <trkpt lat="25.0426943" lon="121.5024702"></trkpt>
      <trkpt lat="25.0426526" lon="121.5024617"></trkpt>
      <trkpt lat="25.0425713" lon="121.5024466"></trkpt>
      <trkpt lat="25.0417742" lon="121.5022981"></trkpt>
      <trkpt lat="25.0416950" lon="121.5022823"></trkpt>
      <trkpt lat="25.0416855" lon="121.5023793"></trkpt>
      <trkpt lat="25.0416835" lon="121.5024710"></trkpt>
      <trkpt lat="25.0416085" lon="121.5025405"></trkpt>
      <trkpt lat="25.0415307" lon="121.5025674"></trkpt>
      <trkpt lat="25.0414674" lon="121.5025851"></trkpt>
      <trkpt lat="25.0413821" lon="121.5026024"></trkpt>
      <trkpt lat="25.0412885" lon="121.5026238"></trkpt>
      <trkpt lat="25.0411953" lon="121.5026210"></trkpt>
      <trkpt lat="25.0408646" lon="121.5027413"></trkpt>
      <trkpt lat="25.0408041" lon="121.5027613"></trkpt>
      <trkpt lat="25.0405338" lon="121.5027376"></trkpt>
      <trkpt lat="25.0404818" lon="121.5027330"></trkpt>
      <trkpt lat="25.0404511" lon="121.5032451"></trkpt>
      <trkpt lat="25.0404499" lon="121.5032920"></trkpt>
      <trkpt lat="25.0398947" lon="121.5032205"></trkpt>
      <trkpt lat="25.0396066" lon="121.5032267"></trkpt>
      <trkpt lat="25.0393015" lon="121.5032396"></trkpt>
      <trkpt lat="25.0391150" lon="121.5032222"></trkpt>
      <trkpt lat="25.0390887" lon="121.5031674"></trkpt>
      <trkpt lat="25.0387688" lon="121.5030769"></trkpt>
      <trkpt lat="25.0386827" lon="121.5030365"></trkpt>
      <trkpt lat="25.0381658" lon="121.5029242"></trkpt>
      <trkpt lat="25.0381618" lon="121.5029656"></trkpt>
      <trkpt lat="25.0380273" lon="121.5037559"></trkpt>
      <trkpt lat="25.0380141" lon="121.5038338"></trkpt>
      <trkpt lat="25.0380009" lon="121.5039028"></trkpt>
      <trkpt lat="25.0379449" lon="121.5042265"></trkpt>
      <trkpt lat="25.0378530" lon="121.5042124"></trkpt>
      <trkpt lat="25.0376128" lon="121.5041595"></trkpt>
      <trkpt lat="25.0373651" lon="121.5041072"></trkpt>
      <trkpt lat="25.0373938" lon="121.5039732"></trkpt>
      <trkpt lat="25.0372706" lon="121.5040222"></trkpt>
      <trkpt lat="25.0371016" lon="121.5040671"></trkpt>
      <trkpt lat="25.0365229" lon="121.5043048"></trkpt>
      <trkpt lat="25.0365178" lon="121.5044653"></trkpt>
      <trkpt lat="25.0365089" lon="121.5045676"></trkpt>
      <trkpt lat="25.0365050" lon="121.5047114"></trkpt>
      <trkpt lat="25.0363910" lon="121.5045945"></trkpt>
      <trkpt lat="25.0359445" lon="121.5041373"></trkpt>
      <trkpt lat="25.0358073" lon="121.5039968"></trkpt>
      <trkpt lat="25.0356137" lon="121.5037985"></trkpt>
      <trkpt lat="25.0355736" lon="121.5037574"></trkpt>
      <trkpt lat="25.0353084" lon="121.5034858"></trkpt>
      <trkpt lat="25.0352721" lon="121.5034487"></trkpt>
      <trkpt lat="25.0352135" lon="121.5032557"></trkpt>
      <trkpt lat="25.0351200" lon="121.5031771"></trkpt>
      <trkpt lat="25.0350118" lon="121.5031412"></trkpt>
      <trkpt lat="25.0349789" lon="121.5031302"></trkpt>
      <trkpt lat="25.0347149" lon="121.5030424"></trkpt>
      <trkpt lat="25.0346988" lon="121.5030247"></trkpt>
      <trkpt lat="25.0345900" lon="121.5029954"></trkpt>
      <trkpt lat="25.0345065" lon="121.5033723"></trkpt>
      <trkpt lat="25.0344243" lon="121.5033681"></trkpt>
      <trkpt lat="25.0341456" lon="121.5033562"></trkpt>
      <trkpt lat="25.0336994" lon="121.5033362"></trkpt>
      <trkpt lat="25.0336680" lon="121.5033348"></trkpt>
      <trkpt lat="25.0336896" lon="121.5030914"></trkpt>
      <trkpt lat="25.0336812" lon="121.5029666"></trkpt>
      <trkpt lat="25.0336550" lon="121.5031095"></trkpt>
      <trkpt lat="25.0336462" lon="121.5032087"></trkpt>
      <trkpt lat="25.0336413" lon="121.5032379"></trkpt>
      <trkpt lat="25.0336328" lon="121.5032446"></trkpt>
      <trkpt lat="25.0336231" lon="121.5032480"></trkpt>
      <trkpt lat="25.0336182" lon="121.5032480"></trkpt>
      <trkpt lat="25.0336140" lon="121.5032469"></trkpt>
      <trkpt lat="25.0335827" lon="121.5032312"></trkpt>
      <trkpt lat="25.0335664" lon="121.5032115"></trkpt>
      <trkpt lat="25.0335295" lon="121.5030600"></trkpt>
      <trkpt lat="25.0333492" lon="121.5022788"></trkpt>
      <trkpt lat="25.0333368" lon="121.5022204"></trkpt>
      <trkpt lat="25.0332126" lon="121.5022524"></trkpt>
      <trkpt lat="25.0332272" lon="121.5023173"></trkpt>
      <trkpt lat="25.0334078" lon="121.5031364"></trkpt>
      <trkpt lat="25.0333074" lon="121.5031366"></trkpt>
      <trkpt lat="25.0330686" lon="121.5031374"></trkpt>
      <trkpt lat="25.0330337" lon="121.5031329"></trkpt>
      <trkpt lat="25.0326975" lon="121.5030933"></trkpt>
      <trkpt lat="25.0327608" lon="121.5028130"></trkpt>
      <trkpt lat="25.0323800" lon="121.5028009"></trkpt>
      <trkpt lat="25.0323241" lon="121.5027913"></trkpt>
      <trkpt lat="25.0320511" lon="121.5027527"></trkpt>
      <trkpt lat="25.0317424" lon="121.5027715"></trkpt>
      <trkpt lat="25.0315589" lon="121.5028318"></trkpt>
      <trkpt lat="25.0312666" lon="121.5028756"></trkpt>
      <trkpt lat="25.0311902" lon="121.5028783"></trkpt>
      <trkpt lat="25.0311872" lon="121.5029514"></trkpt>
      <trkpt lat="25.0312110" lon="121.5040604"></trkpt>
      <trkpt lat="25.0312122" lon="121.5041512"></trkpt>
      <trkpt lat="25.0311453" lon="121.5041488"></trkpt>
      <trkpt lat="25.0309142" lon="121.5041406"></trkpt>
      <trkpt lat="25.0307696" lon="121.5041419"></trkpt>
      <trkpt lat="25.0305868" lon="121.5041487"></trkpt>
      <trkpt lat="25.0305127" lon="121.5041515"></trkpt>
      <trkpt lat="25.0304451" lon="121.5041540"></trkpt>
      <trkpt lat="25.0304050" lon="121.5041486"></trkpt>
      <trkpt lat="25.0301764" lon="121.5041357"></trkpt>
      <trkpt lat="25.0300915" lon="121.5041372"></trkpt>
      <trkpt lat="25.0300646" lon="121.5039869"></trkpt>
      <trkpt lat="25.0298874" lon="121.5029956"></trkpt>
      <trkpt lat="25.0297866" lon="121.5024785"></trkpt>
      <trkpt lat="25.0297699" lon="121.5023737"></trkpt>
      <trkpt lat="25.0297561" lon="121.5022915"></trkpt>
      <trkpt lat="25.0296352" lon="121.5023191"></trkpt>
      <trkpt lat="25.0295692" lon="121.5023325"></trkpt>
      <trkpt lat="25.0290039" lon="121.5024540"></trkpt>
      <trkpt lat="25.0286928" lon="121.5025190"></trkpt>
      <trkpt lat="25.0283987" lon="121.5025768"></trkpt>
      <trkpt lat="25.0282465" lon="121.5026054"></trkpt>
      <trkpt lat="25.0279717" lon="121.5026712"></trkpt>
      <trkpt lat="25.0278629" lon="121.5027129"></trkpt>
      <trkpt lat="25.0274886" lon="121.5028596"></trkpt>
      <trkpt lat="25.0274509" lon="121.5028740"></trkpt>
      <trkpt lat="25.0272929" lon="121.5029323"></trkpt>
      <trkpt lat="25.0268202" lon="121.5031126"></trkpt>
      <trkpt lat="25.0267642" lon="121.5031311"></trkpt>
      <trkpt lat="25.0267000" lon="121.5031586"></trkpt>
      <trkpt lat="25.0260683" lon="121.5034004"></trkpt>
      <trkpt lat="25.0260309" lon="121.5034152"></trkpt>
      <trkpt lat="25.0257046" lon="121.5035396"></trkpt>
      <trkpt lat="25.0252270" lon="121.5037387"></trkpt>
      <trkpt lat="25.0251602" lon="121.5036161"></trkpt>
      <trkpt lat="25.0251097" lon="121.5035575"></trkpt>
      <trkpt lat="25.0249099" lon="121.5033643"></trkpt>
      <trkpt lat="25.0246100" lon="121.5030693"></trkpt>
      <trkpt lat="25.0244159" lon="121.5029244"></trkpt>
      <trkpt lat="25.0242620" lon="121.5028677"></trkpt>
      <trkpt lat="25.0238968" lon="121.5028041"></trkpt>
      <trkpt lat="25.0238468" lon="121.5027962"></trkpt>
      <trkpt lat="25.0237931" lon="121.5027884"></trkpt>
      <trkpt lat="25.0235794" lon="121.5027552"></trkpt>
      <trkpt lat="25.0228198" lon="121.5026723"></trkpt>
      <trkpt lat="25.0220563" lon="121.5025891"></trkpt>
      <trkpt lat="25.0214700" lon="121.5025336"></trkpt>
      <trkpt lat="25.0212923" lon="121.5023606"></trkpt>
      <trkpt lat="25.0211756" lon="121.5025226"></trkpt>
      <trkpt lat="25.0209874" lon="121.5027839"></trkpt>
      <trkpt lat="25.0208383" lon="121.5029909"></trkpt>
      <trkpt lat="25.0205081" lon="121.5034494"></trkpt>
      <trkpt lat="25.0204040" lon="121.5035940"></trkpt>
      <trkpt lat="25.0202100" lon="121.5038633"></trkpt>
      <trkpt lat="25.0201372" lon="121.5039644"></trkpt>
      <trkpt lat="25.0199981" lon="121.5041576"></trkpt>
      <trkpt lat="25.0199580" lon="121.5042133"></trkpt>
      <trkpt lat="25.0198927" lon="121.5043040"></trkpt>
      <trkpt lat="25.0197754" lon="121.5044227"></trkpt>
      <trkpt lat="25.0196846" lon="121.5044939"></trkpt>
      <trkpt lat="25.0195089" lon="121.5048075"></trkpt>
      <trkpt lat="25.0194435" lon="121.5048955"></trkpt>
      <trkpt lat="25.0193577" lon="121.5049632"></trkpt>
      <trkpt lat="25.0191998" lon="121.5050254"></trkpt>
      <trkpt lat="25.0193577" lon="121.5049632"></trkpt>
      <trkpt lat="25.0194435" lon="121.5048955"></trkpt>
      <trkpt lat="25.0195089" lon="121.5048075"></trkpt>
      <trkpt lat="25.0196846" lon="121.5044939"></trkpt>
      <trkpt lat="25.0197754" lon="121.5044227"></trkpt>
      <trkpt lat="25.0198927" lon="121.5043040"></trkpt>
      <trkpt lat="25.0199580" lon="121.5042133"></trkpt>
      <trkpt lat="25.0199860" lon="121.5042521"></trkpt>
      <trkpt lat="25.0200130" lon="121.5042891"></trkpt>
      <trkpt lat="25.0216075" lon="121.5066809"></trkpt>
      <trkpt lat="25.0221058" lon="121.5074062"></trkpt>
      <trkpt lat="25.0221428" lon="121.5074601"></trkpt>
      <trkpt lat="25.0224952" lon="121.5079604"></trkpt>
      <trkpt lat="25.0225250" lon="121.5080096"></trkpt>
      <trkpt lat="25.0228455" lon="121.5085373"></trkpt>
      <trkpt lat="25.0230174" lon="121.5084804"></trkpt>
      <trkpt lat="25.0233921" lon="121.5084346"></trkpt>
      <trkpt lat="25.0240005" lon="121.5083530"></trkpt>
      <trkpt lat="25.0240822" lon="121.5083371"></trkpt>
      <trkpt lat="25.0241813" lon="121.5082878"></trkpt>
      <trkpt lat="25.0243029" lon="121.5084158"></trkpt>
      <trkpt lat="25.0247690" lon="121.5089063"></trkpt>
      <trkpt lat="25.0249919" lon="121.5091409"></trkpt>
      <trkpt lat="25.0248542" lon="121.5093659"></trkpt>
      <trkpt lat="25.0247682" lon="121.5096905"></trkpt>
      <trkpt lat="25.0246495" lon="121.5101381"></trkpt>
      <trkpt lat="25.0246073" lon="121.5102976"></trkpt>
      <trkpt lat="25.0244715" lon="121.5108102"></trkpt>
      <trkpt lat="25.0244576" lon="121.5108627"></trkpt>
      <trkpt lat="25.0243819" lon="121.5111485"></trkpt>
      <trkpt lat="25.0243152" lon="121.5113999"></trkpt>
      <trkpt lat="25.0241781" lon="121.5119173"></trkpt>
      <trkpt lat="25.0241440" lon="121.5120249"></trkpt>
      <trkpt lat="25.0241436" lon="121.5120619"></trkpt>
      <trkpt lat="25.0241414" lon="121.5122438"></trkpt>
      <trkpt lat="25.0242005" lon="121.5123618"></trkpt>
      <trkpt lat="25.0242445" lon="121.5124078"></trkpt>
      <trkpt lat="25.0245987" lon="121.5126824"></trkpt>
      <trkpt lat="25.0248551" lon="121.5128735"></trkpt>
      <trkpt lat="25.0249323" lon="121.5129411"></trkpt>
      <trkpt lat="25.0251228" lon="121.5130846"></trkpt>
      <trkpt lat="25.0252008" lon="121.5131465"></trkpt>
      <trkpt lat="25.0252794" lon="121.5132103"></trkpt>
      <trkpt lat="25.0260932" lon="121.5138408"></trkpt>
      <trkpt lat="25.0261487" lon="121.5138765"></trkpt>
      <trkpt lat="25.0262265" lon="121.5139210"></trkpt>
      <trkpt lat="25.0262064" lon="121.5140430"></trkpt>
      <trkpt lat="25.0261903" lon="121.5140925"></trkpt>
      <trkpt lat="25.0261150" lon="121.5144805"></trkpt>
      <trkpt lat="25.0259468" lon="121.5152826"></trkpt>
      <trkpt lat="25.0258576" lon="121.5156435"></trkpt>
      <trkpt lat="25.0258237" lon="121.5157929"></trkpt>
      <trkpt lat="25.0257546" lon="121.5160847"></trkpt>
      <trkpt lat="25.0257282" lon="121.5161879"></trkpt>
      <trkpt lat="25.0256068" lon="121.5162618"></trkpt>
      <trkpt lat="25.0252435" lon="121.5163664"></trkpt>
      <trkpt lat="25.0245546" lon="121.5165436"></trkpt>
      <trkpt lat="25.0242575" lon="121.5166201"></trkpt>
      <trkpt lat="25.0242357" lon="121.5166257"></trkpt>
      <trkpt lat="25.0242298" lon="121.5166831"></trkpt>
      <trkpt lat="25.0240763" lon="121.5167236"></trkpt>
      <trkpt lat="25.0238878" lon="121.5167500"></trkpt>
      <trkpt lat="25.0238202" lon="121.5167599"></trkpt>
      <trkpt lat="25.0237159" lon="121.5167677"></trkpt>
      <trkpt lat="25.0235716" lon="121.5167785"></trkpt>
      <trkpt lat="25.0233796" lon="121.5167882"></trkpt>
      <trkpt lat="25.0231396" lon="121.5167981"></trkpt>
      <trkpt lat="25.0230900" lon="121.5167988"></trkpt>
      <trkpt lat="25.0228254" lon="121.5167700"></trkpt>
      <trkpt lat="25.0227383" lon="121.5167594"></trkpt>
      <trkpt lat="25.0225360" lon="121.5167065"></trkpt>
      <trkpt lat="25.0224734" lon="121.5166836"></trkpt>
      <trkpt lat="25.0223698" lon="121.5166293"></trkpt>
      <trkpt lat="25.0222592" lon="121.5165513"></trkpt>
      <trkpt lat="25.0221829" lon="121.5164801"></trkpt>
      <trkpt lat="25.0218211" lon="121.5161026"></trkpt>
      <trkpt lat="25.0217445" lon="121.5160308"></trkpt>
      <trkpt lat="25.0216387" lon="121.5159459"></trkpt>
      <trkpt lat="25.0215394" lon="121.5158782"></trkpt>
      <trkpt lat="25.0213951" lon="121.5157877"></trkpt>
      <trkpt lat="25.0212553" lon="121.5157119"></trkpt>
      <trkpt lat="25.0210633" lon="121.5156233"></trkpt>
      <trkpt lat="25.0209246" lon="121.5155667"></trkpt>
      <trkpt lat="25.0207101" lon="121.5154996"></trkpt>
      <trkpt lat="25.0205210" lon="121.5154630"></trkpt>
      <trkpt lat="25.0203086" lon="121.5154396"></trkpt>
      <trkpt lat="25.0200804" lon="121.5154410"></trkpt>
      <trkpt lat="25.0191099" lon="121.5155153"></trkpt>
      <trkpt lat="25.0189753" lon="121.5155088"></trkpt>
      <trkpt lat="25.0188523" lon="121.5154991"></trkpt>
      <trkpt lat="25.0186747" lon="121.5154332"></trkpt>
      <trkpt lat="25.0185768" lon="121.5153767"></trkpt>
      <trkpt lat="25.0184984" lon="121.5153068"></trkpt>
      <trkpt lat="25.0184297" lon="121.5152021"></trkpt>
      <trkpt lat="25.0183946" lon="121.5151046"></trkpt>
      <trkpt lat="25.0183817" lon="121.5150078"></trkpt>
      <trkpt lat="25.0183810" lon="121.5149109"></trkpt>
      <trkpt lat="25.0183902" lon="121.5147016"></trkpt>
      <trkpt lat="25.0184035" lon="121.5142450"></trkpt>
      <trkpt lat="25.0183861" lon="121.5135158"></trkpt>
      <trkpt lat="25.0183828" lon="121.5134383"></trkpt>
      <trkpt lat="25.0183064" lon="121.5129447"></trkpt>
      <trkpt lat="25.0183028" lon="121.5128459"></trkpt>
      <trkpt lat="25.0183448" lon="121.5127460"></trkpt>
      <trkpt lat="25.0184731" lon="121.5126130"></trkpt>
      <trkpt lat="25.0190861" lon="121.5133046"></trkpt>
      <trkpt lat="25.0191444" lon="121.5134212"></trkpt>
      <trkpt lat="25.0191530" lon="121.5135120"></trkpt>
      <trkpt lat="25.0191602" lon="121.5135875"></trkpt>
      <trkpt lat="25.0191910" lon="121.5140082"></trkpt>
      <trkpt lat="25.0191922" lon="121.5140247"></trkpt>
      <trkpt lat="25.0191973" lon="121.5140949"></trkpt>
      <trkpt lat="25.0192545" lon="121.5147628"></trkpt>
      <trkpt lat="25.0192423" lon="121.5149894"></trkpt>
      <trkpt lat="25.0192295" lon="121.5153865"></trkpt>
      <trkpt lat="25.0191979" lon="121.5154285"></trkpt>
      <trkpt lat="25.0193171" lon="121.5154153"></trkpt>
      <trkpt lat="25.0193313" lon="121.5150490"></trkpt>
      <trkpt lat="25.0193766" lon="121.5140943"></trkpt>
      <trkpt lat="25.0194113" lon="121.5134712"></trkpt>
      <trkpt lat="25.0194289" lon="121.5129691"></trkpt>
      <trkpt lat="25.0195035" lon="121.5129270"></trkpt>
      <trkpt lat="25.0188659" lon="121.5103106"></trkpt>
      <trkpt lat="25.0195035" lon="121.5129270"></trkpt>
      <trkpt lat="25.0194289" lon="121.5129691"></trkpt>
      <trkpt lat="25.0194113" lon="121.5134712"></trkpt>
      <trkpt lat="25.0193766" lon="121.5140943"></trkpt>
      <trkpt lat="25.0193313" lon="121.5150490"></trkpt>
      <trkpt lat="25.0193171" lon="121.5154153"></trkpt>
      <trkpt lat="25.0191979" lon="121.5154285"></trkpt>
      <trkpt lat="25.0191484" lon="121.5154243"></trkpt>
      <trkpt lat="25.0190332" lon="121.5153846"></trkpt>
      <trkpt lat="25.0189320" lon="121.5153180"></trkpt>
      <trkpt lat="25.0188121" lon="121.5152308"></trkpt>
      <trkpt lat="25.0187681" lon="121.5152107"></trkpt>
      <trkpt lat="25.0186637" lon="121.5151786"></trkpt>
      <trkpt lat="25.0185758" lon="121.5151677"></trkpt>
      <trkpt lat="25.0185179" lon="121.5152062"></trkpt>
      <trkpt lat="25.0184736" lon="121.5152720"></trkpt>
      <trkpt lat="25.0183075" lon="121.5160175"></trkpt>
      <trkpt lat="25.0182522" lon="121.5162375"></trkpt>
      <trkpt lat="25.0182413" lon="121.5163397"></trkpt>
      <trkpt lat="25.0182278" lon="121.5164657"></trkpt>
      <trkpt lat="25.0182098" lon="121.5166336"></trkpt>
      <trkpt lat="25.0181785" lon="121.5167332"></trkpt>
      <trkpt lat="25.0181303" lon="121.5167743"></trkpt>
      <trkpt lat="25.0180663" lon="121.5167522"></trkpt>
      <trkpt lat="25.0180317" lon="121.5167402"></trkpt>
      <trkpt lat="25.0179597" lon="121.5167053"></trkpt>
      <trkpt lat="25.0178519" lon="121.5166729"></trkpt>
      <trkpt lat="25.0177415" lon="121.5166398"></trkpt>
      <trkpt lat="25.0173600" lon="121.5165252"></trkpt>
      <trkpt lat="25.0171434" lon="121.5164601"></trkpt>
      <trkpt lat="25.0171231" lon="121.5164541"></trkpt>
      <trkpt lat="25.0169989" lon="121.5164161"></trkpt>
      <trkpt lat="25.0167747" lon="121.5163494"></trkpt>
      <trkpt lat="25.0167000" lon="121.5163270"></trkpt>
      <trkpt lat="25.0167306" lon="121.5162951"></trkpt>
      <trkpt lat="25.0167599" lon="121.5162699"></trkpt>
      <trkpt lat="25.0167899" lon="121.5162563"></trkpt>
      <trkpt lat="25.0167843" lon="121.5162288"></trkpt>
      <trkpt lat="25.0176292" lon="121.5158723"></trkpt>
      <trkpt lat="25.0177457" lon="121.5158353"></trkpt>
      <trkpt lat="25.0178807" lon="121.5158020"></trkpt>
      <trkpt lat="25.0180115" lon="121.5157708"></trkpt>
      <trkpt lat="25.0180304" lon="121.5157663"></trkpt>
      <trkpt lat="25.0181580" lon="121.5157442"></trkpt>
      <trkpt lat="25.0183172" lon="121.5157301"></trkpt>
      <trkpt lat="25.0184515" lon="121.5157254"></trkpt>
      <trkpt lat="25.0189005" lon="121.5157301"></trkpt>
      <trkpt lat="25.0191239" lon="121.5157224"></trkpt>
      <trkpt lat="25.0192250" lon="121.5157150"></trkpt>
      <trkpt lat="25.0200732" lon="121.5156537"></trkpt>
      <trkpt lat="25.0202543" lon="121.5156631"></trkpt>
      <trkpt lat="25.0204390" lon="121.5156939"></trkpt>
      <trkpt lat="25.0206238" lon="121.5157395"></trkpt>
      <trkpt lat="25.0207975" lon="121.5158012"></trkpt>
      <trkpt lat="25.0209604" lon="121.5158750"></trkpt>
      <trkpt lat="25.0213310" lon="121.5160667"></trkpt>
      <trkpt lat="25.0214842" lon="121.5161539"></trkpt>
      <trkpt lat="25.0216437" lon="121.5162791"></trkpt>
      <trkpt lat="25.0217685" lon="121.5163670"></trkpt>
      <trkpt lat="25.0218609" lon="121.5164409"></trkpt>
      <trkpt lat="25.0220614" lon="121.5166099"></trkpt>
      <trkpt lat="25.0221842" lon="121.5166996"></trkpt>
      <trkpt lat="25.0222677" lon="121.5167552"></trkpt>
      <trkpt lat="25.0223228" lon="121.5167933"></trkpt>
      <trkpt lat="25.0223921" lon="121.5168373"></trkpt>
      <trkpt lat="25.0225304" lon="121.5168934"></trkpt>
      <trkpt lat="25.0227435" lon="121.5169359"></trkpt>
      <trkpt lat="25.0231122" lon="121.5169927"></trkpt>
      <trkpt lat="25.0232241" lon="121.5174208"></trkpt>
      <trkpt lat="25.0229951" lon="121.5174214"></trkpt>
      <trkpt lat="25.0226903" lon="121.5174274"></trkpt>
      <trkpt lat="25.0226524" lon="121.5174271"></trkpt>
      <trkpt lat="25.0223457" lon="121.5174329"></trkpt>
      <trkpt lat="25.0222258" lon="121.5174418"></trkpt>
      <trkpt lat="25.0220596" lon="121.5174599"></trkpt>
      <trkpt lat="25.0219141" lon="121.5175112"></trkpt>
      <trkpt lat="25.0218166" lon="121.5175457"></trkpt>
      <trkpt lat="25.0217324" lon="121.5175735"></trkpt>
      <trkpt lat="25.0216775" lon="121.5190300"></trkpt>
      <trkpt lat="25.0216607" lon="121.5196078"></trkpt>
      <trkpt lat="25.0214061" lon="121.5195935"></trkpt>
      <trkpt lat="25.0213553" lon="121.5203355"></trkpt>
      <trkpt lat="25.0211795" lon="121.5203259"></trkpt>
      <trkpt lat="25.0210919" lon="121.5202821"></trkpt>
      <trkpt lat="25.0210708" lon="121.5203121"></trkpt>
      <trkpt lat="25.0209666" lon="121.5202410"></trkpt>
      <trkpt lat="25.0208134" lon="121.5202073"></trkpt>
      <trkpt lat="25.0207036" lon="121.5201800"></trkpt>
      <trkpt lat="25.0207331" lon="121.5200380"></trkpt>
      <trkpt lat="25.0207501" lon="121.5199566"></trkpt>
      <trkpt lat="25.0207766" lon="121.5198291"></trkpt>
      <trkpt lat="25.0207454" lon="121.5198216"></trkpt>
      <trkpt lat="25.0206768" lon="121.5199544"></trkpt>
      <trkpt lat="25.0206311" lon="121.5200617"></trkpt>
      <trkpt lat="25.0206209" lon="121.5201150"></trkpt>
      <trkpt lat="25.0206147" lon="121.5201948"></trkpt>
      <trkpt lat="25.0206012" lon="121.5203678"></trkpt>
      <trkpt lat="25.0205787" lon="121.5206197"></trkpt>
      <trkpt lat="25.0204122" lon="121.5214061"></trkpt>
      <trkpt lat="25.0203231" lon="121.5216895"></trkpt>
      <trkpt lat="25.0202462" lon="121.5218494"></trkpt>
      <trkpt lat="25.0202294" lon="121.5219229"></trkpt>
      <trkpt lat="25.0201895" lon="121.5222313"></trkpt>
      <trkpt lat="25.0201756" lon="121.5223441"></trkpt>
      <trkpt lat="25.0201658" lon="121.5224449"></trkpt>
      <trkpt lat="25.0201631" lon="121.5226629"></trkpt>
      <trkpt lat="25.0201838" lon="121.5228191"></trkpt>
      <trkpt lat="25.0202177" lon="121.5229736"></trkpt>
      <trkpt lat="25.0203262" lon="121.5233742"></trkpt>
      <trkpt lat="25.0203602" lon="121.5234467"></trkpt>
      <trkpt lat="25.0203943" lon="121.5235874"></trkpt>
      <trkpt lat="25.0204034" lon="121.5236559"></trkpt>
      <trkpt lat="25.0204619" lon="121.5238733"></trkpt>
      <trkpt lat="25.0206255" lon="121.5245040"></trkpt>
      <trkpt lat="25.0206275" lon="121.5245738"></trkpt>
      <trkpt lat="25.0205997" lon="121.5246305"></trkpt>
      <trkpt lat="25.0205145" lon="121.5247211"></trkpt>
      <trkpt lat="25.0204319" lon="121.5247782"></trkpt>
      <trkpt lat="25.0203720" lon="121.5248618"></trkpt>
      <trkpt lat="25.0203647" lon="121.5248999"></trkpt>
      <trkpt lat="25.0204237" lon="121.5249988"></trkpt>
      <trkpt lat="25.0204638" lon="121.5250139"></trkpt>
      <trkpt lat="25.0205045" lon="121.5249904"></trkpt>
      <trkpt lat="25.0207600" lon="121.5251775"></trkpt>
      <trkpt lat="25.0207283" lon="121.5251934"></trkpt>
      <trkpt lat="25.0206263" lon="121.5253398"></trkpt>
      <trkpt lat="25.0204417" lon="121.5254896"></trkpt>
      <trkpt lat="25.0200431" lon="121.5258038"></trkpt>
      <trkpt lat="25.0197144" lon="121.5260659"></trkpt>
      <trkpt lat="25.0195327" lon="121.5261879"></trkpt>
      <trkpt lat="25.0186226" lon="121.5246734"></trkpt>
      <trkpt lat="25.0195327" lon="121.5261879"></trkpt>
      <trkpt lat="25.0193665" lon="121.5263062"></trkpt>
      <trkpt lat="25.0186993" lon="121.5267826"></trkpt>
      <trkpt lat="25.0187418" lon="121.5268352"></trkpt>
      <trkpt lat="25.0186085" lon="121.5269429"></trkpt>
      <trkpt lat="25.0185381" lon="121.5270261"></trkpt>
      <trkpt lat="25.0183175" lon="121.5272552"></trkpt>
      <trkpt lat="25.0182410" lon="121.5273689"></trkpt>
      <trkpt lat="25.0181933" lon="121.5274177"></trkpt>
      <trkpt lat="25.0181396" lon="121.5274725"></trkpt>
      <trkpt lat="25.0181367" lon="121.5274755"></trkpt>
      <trkpt lat="25.0181223" lon="121.5276526"></trkpt>
      <trkpt lat="25.0182057" lon="121.5278112"></trkpt>
      <trkpt lat="25.0181325" lon="121.5278914"></trkpt>
      <trkpt lat="25.0181733" lon="121.5279337"></trkpt>
      <trkpt lat="25.0181918" lon="121.5279340"></trkpt>
      <trkpt lat="25.0186191" lon="121.5284067"></trkpt>
      <trkpt lat="25.0193534" lon="121.5293465"></trkpt>
      <trkpt lat="25.0193357" lon="121.5293902"></trkpt>
      <trkpt lat="25.0192455" lon="121.5294801"></trkpt>
      <trkpt lat="25.0184511" lon="121.5302831"></trkpt>
      <trkpt lat="25.0184998" lon="121.5303467"></trkpt>
      <trkpt lat="25.0185343" lon="121.5303918"></trkpt>
      <trkpt lat="25.0185591" lon="121.5304242"></trkpt>
      <trkpt lat="25.0185970" lon="121.5304736"></trkpt>
      <trkpt lat="25.0186273" lon="121.5304426"></trkpt>
      <trkpt lat="25.0186913" lon="121.5305188"></trkpt>
      <trkpt lat="25.0190035" lon="121.5308966"></trkpt>
      <trkpt lat="25.0190034" lon="121.5309064"></trkpt>
      <trkpt lat="25.0189278" lon="121.5316607"></trkpt>
      <trkpt lat="25.0188756" lon="121.5322298"></trkpt>
      <trkpt lat="25.0188476" lon="121.5325044"></trkpt>
      <trkpt lat="25.0188191" lon="121.5327957"></trkpt>
      <trkpt lat="25.0187398" lon="121.5335432"></trkpt>
      <trkpt lat="25.0187389" lon="121.5335707"></trkpt>
      <trkpt lat="25.0187270" lon="121.5336456"></trkpt>
      <trkpt lat="25.0187124" lon="121.5337556"></trkpt>
      <trkpt lat="25.0191473" lon="121.5338449"></trkpt>
      <trkpt lat="25.0191345" lon="121.5339205"></trkpt>
      <trkpt lat="25.0191822" lon="121.5339295"></trkpt>
      <trkpt lat="25.0198444" lon="121.5340662"></trkpt>
      <trkpt lat="25.0201385" lon="121.5341265"></trkpt>
      <trkpt lat="25.0204211" lon="121.5341859"></trkpt>
      <trkpt lat="25.0209974" lon="121.5343065"></trkpt>
      <trkpt lat="25.0213705" lon="121.5343816"></trkpt>
      <trkpt lat="25.0215910" lon="121.5344268"></trkpt>
      <trkpt lat="25.0216478" lon="121.5344384"></trkpt>
      <trkpt lat="25.0220599" lon="121.5345310"></trkpt>
      <trkpt lat="25.0220660" lon="121.5344444"></trkpt>
      <trkpt lat="25.0220739" lon="121.5343302"></trkpt>
      <trkpt lat="25.0220793" lon="121.5342534"></trkpt>
      <trkpt lat="25.0221101" lon="121.5342275"></trkpt>
      <trkpt lat="25.0221690" lon="121.5341780"></trkpt>
      <trkpt lat="25.0222426" lon="121.5341971"></trkpt>
      <trkpt lat="25.0223175" lon="121.5342166"></trkpt>
      <trkpt lat="25.0223890" lon="121.5342352"></trkpt>
      <trkpt lat="25.0224609" lon="121.5342539"></trkpt>
      <trkpt lat="25.0225306" lon="121.5342720"></trkpt>
      <trkpt lat="25.0226379" lon="121.5342999"></trkpt>
      <trkpt lat="25.0227451" lon="121.5343277"></trkpt>
      <trkpt lat="25.0227871" lon="121.5343116"></trkpt>
      <trkpt lat="25.0238104" lon="121.5344429"></trkpt>
      <trkpt lat="25.0239735" lon="121.5344552"></trkpt>
      <trkpt lat="25.0240450" lon="121.5344603"></trkpt>
      <trkpt lat="25.0239735" lon="121.5344552"></trkpt>
      <trkpt lat="25.0239714" lon="121.5344790"></trkpt>
      <trkpt lat="25.0239646" lon="121.5345582"></trkpt>
      <trkpt lat="25.0238161" lon="121.5345414"></trkpt>
      <trkpt lat="25.0227447" lon="121.5344206"></trkpt>
      <trkpt lat="25.0226374" lon="121.5344085"></trkpt>
      <trkpt lat="25.0222437" lon="121.5343648"></trkpt>
      <trkpt lat="25.0220739" lon="121.5343302"></trkpt>
      <trkpt lat="25.0220660" lon="121.5344444"></trkpt>
      <trkpt lat="25.0220599" lon="121.5345310"></trkpt>
      <trkpt lat="25.0216478" lon="121.5344384"></trkpt>
      <trkpt lat="25.0215910" lon="121.5344268"></trkpt>
      <trkpt lat="25.0213705" lon="121.5343816"></trkpt>
      <trkpt lat="25.0209974" lon="121.5343065"></trkpt>
      <trkpt lat="25.0204211" lon="121.5341859"></trkpt>
      <trkpt lat="25.0201385" lon="121.5341265"></trkpt>
      <trkpt lat="25.0198444" lon="121.5340662"></trkpt>
      <trkpt lat="25.0191822" lon="121.5339295"></trkpt>
      <trkpt lat="25.0191745" lon="121.5339821"></trkpt>
      <trkpt lat="25.0191243" lon="121.5339690"></trkpt>
      <trkpt lat="25.0188572" lon="121.5339113"></trkpt>
      <trkpt lat="25.0186285" lon="121.5338619"></trkpt>
      <trkpt lat="25.0186129" lon="121.5338586"></trkpt>
      <trkpt lat="25.0183454" lon="121.5338019"></trkpt>
      <trkpt lat="25.0183407" lon="121.5338334"></trkpt>
      <trkpt lat="25.0183341" lon="121.5338881"></trkpt>
      <trkpt lat="25.0183327" lon="121.5339002"></trkpt>
      <trkpt lat="25.0183336" lon="121.5339648"></trkpt>
      <trkpt lat="25.0183349" lon="121.5340638"></trkpt>
      <trkpt lat="25.0183366" lon="121.5341939"></trkpt>
      <trkpt lat="25.0183374" lon="121.5342495"></trkpt>
      <trkpt lat="25.0183400" lon="121.5344379"></trkpt>
      <trkpt lat="25.0183423" lon="121.5346028"></trkpt>
      <trkpt lat="25.0183439" lon="121.5347220"></trkpt>
      <trkpt lat="25.0183501" lon="121.5351758"></trkpt>
      <trkpt lat="25.0183549" lon="121.5355255"></trkpt>
      <trkpt lat="25.0183598" lon="121.5358779"></trkpt>
      <trkpt lat="25.0183611" lon="121.5359768"></trkpt>
      <trkpt lat="25.0183649" lon="121.5362546"></trkpt>
      <trkpt lat="25.0183659" lon="121.5363295"></trkpt>
      <trkpt lat="25.0183668" lon="121.5363952"></trkpt>
      <trkpt lat="25.0183696" lon="121.5366004"></trkpt>
      <trkpt lat="25.0183716" lon="121.5367449"></trkpt>
      <trkpt lat="25.0183736" lon="121.5368878"></trkpt>
      <trkpt lat="25.0183764" lon="121.5370953"></trkpt>
      <trkpt lat="25.0183771" lon="121.5371439"></trkpt>
      <trkpt lat="25.0183775" lon="121.5371735"></trkpt>
      <trkpt lat="25.0183793" lon="121.5373057"></trkpt>
      <trkpt lat="25.0183803" lon="121.5373794"></trkpt>
      <trkpt lat="25.0183810" lon="121.5374320"></trkpt>
      <trkpt lat="25.0183829" lon="121.5375733"></trkpt>
      <trkpt lat="25.0183836" lon="121.5376221"></trkpt>
      <trkpt lat="25.0184588" lon="121.5376209"></trkpt>
      <trkpt lat="25.0186169" lon="121.5376182"></trkpt>
      <trkpt lat="25.0187330" lon="121.5376169"></trkpt>
      <trkpt lat="25.0187567" lon="121.5375856"></trkpt>
      <trkpt lat="25.0188134" lon="121.5375866"></trkpt>
      <trkpt lat="25.0189193" lon="121.5375912"></trkpt>
      <trkpt lat="25.0189185" lon="121.5379448"></trkpt>
      <trkpt lat="25.0189369" lon="121.5384442"></trkpt>
      <trkpt lat="25.0189372" lon="121.5384593"></trkpt>
      <trkpt lat="25.0189418" lon="121.5386854"></trkpt>
      <trkpt lat="25.0189426" lon="121.5387217"></trkpt>
      <trkpt lat="25.0189458" lon="121.5388790"></trkpt>
      <trkpt lat="25.0189475" lon="121.5389554"></trkpt>
      <trkpt lat="25.0192562" lon="121.5389479"></trkpt>
      <trkpt lat="25.0193368" lon="121.5389460"></trkpt>
      <trkpt lat="25.0193387" lon="121.5390851"></trkpt>
      <trkpt lat="25.0193490" lon="121.5398410"></trkpt>
      <trkpt lat="25.0193504" lon="121.5399475"></trkpt>
      <trkpt lat="25.0193513" lon="121.5400135"></trkpt>
      <trkpt lat="25.0193552" lon="121.5403001"></trkpt>
      <trkpt lat="25.0193561" lon="121.5403643"></trkpt>
      <trkpt lat="25.0193648" lon="121.5409997"></trkpt>
      <trkpt lat="25.0193671" lon="121.5411728"></trkpt>
      <trkpt lat="25.0193685" lon="121.5412618"></trkpt>
      <trkpt lat="25.0193006" lon="121.5412636"></trkpt>
      <trkpt lat="25.0190471" lon="121.5412703"></trkpt>
      <trkpt lat="25.0190487" lon="121.5413806"></trkpt>
      <trkpt lat="25.0190543" lon="121.5417799"></trkpt>
      <trkpt lat="25.0190560" lon="121.5418966"></trkpt>
      <trkpt lat="25.0190562" lon="121.5419117"></trkpt>
      <trkpt lat="25.0190583" lon="121.5420591"></trkpt>
      <trkpt lat="25.0190606" lon="121.5422175"></trkpt>
      <trkpt lat="25.0190616" lon="121.5422892"></trkpt>
      <trkpt lat="25.0190628" lon="121.5423752"></trkpt>
      <trkpt lat="25.0190642" lon="121.5424716"></trkpt>
      <trkpt lat="25.0190396" lon="121.5425200"></trkpt>
      <trkpt lat="25.0190419" lon="121.5426236"></trkpt>
      <trkpt lat="25.0190452" lon="121.5427721"></trkpt>
      <trkpt lat="25.0190468" lon="121.5428173"></trkpt>
      <trkpt lat="25.0190615" lon="121.5432263"></trkpt>
      <trkpt lat="25.0190623" lon="121.5432499"></trkpt>
      <trkpt lat="25.0185446" lon="121.5432723"></trkpt>
      <trkpt lat="25.0185149" lon="121.5432414"></trkpt>
      <trkpt lat="25.0185144" lon="121.5431836"></trkpt>
      <trkpt lat="25.0185122" lon="121.5431632"></trkpt>
      <trkpt lat="25.0179192" lon="121.5434474"></trkpt>
      <trkpt lat="25.0178554" lon="121.5434790"></trkpt>
      <trkpt lat="25.0178308" lon="121.5435268"></trkpt>
      <trkpt lat="25.0178385" lon="121.5435455"></trkpt>
      <trkpt lat="25.0178715" lon="121.5436300"></trkpt>
      <trkpt lat="25.0179341" lon="121.5437905"></trkpt>
      <trkpt lat="25.0179763" lon="121.5438985"></trkpt>
      <trkpt lat="25.0179959" lon="121.5439487"></trkpt>
      <trkpt lat="25.0181563" lon="121.5443412"></trkpt>
      <trkpt lat="25.0183009" lon="121.5447006"></trkpt>
      <trkpt lat="25.0183811" lon="121.5449002"></trkpt>
      <trkpt lat="25.0184841" lon="121.5451566"></trkpt>
      <trkpt lat="25.0185717" lon="121.5453649"></trkpt>
      <trkpt lat="25.0186634" lon="121.5455828"></trkpt>
      <trkpt lat="25.0186071" lon="121.5456387"></trkpt>
      <trkpt lat="25.0185827" lon="121.5456629"></trkpt>
      <trkpt lat="25.0186011" lon="121.5456852"></trkpt>
      <trkpt lat="25.0189285" lon="121.5460509"></trkpt>
      <trkpt lat="25.0190851" lon="121.5462259"></trkpt>
      <trkpt lat="25.0190253" lon="121.5462850"></trkpt>
      <trkpt lat="25.0189238" lon="121.5464017"></trkpt>
      <trkpt lat="25.0189439" lon="121.5464251"></trkpt>
      <trkpt lat="25.0190502" lon="121.5463052"></trkpt>
      <trkpt lat="25.0191016" lon="121.5462475"></trkpt>
      <trkpt lat="25.0191501" lon="121.5463388"></trkpt>
      <trkpt lat="25.0191113" lon="121.5463845"></trkpt>
      <trkpt lat="25.0190075" lon="121.5465068"></trkpt>
      <trkpt lat="25.0189338" lon="121.5465936"></trkpt>
      <trkpt lat="25.0188941" lon="121.5466404"></trkpt>
      <trkpt lat="25.0189286" lon="121.5466847"></trkpt>
      <trkpt lat="25.0190984" lon="121.5469025"></trkpt>
      <trkpt lat="25.0191656" lon="121.5469886"></trkpt>
      <trkpt lat="25.0192394" lon="121.5470763"></trkpt>
      <trkpt lat="25.0192877" lon="121.5471153"></trkpt>
      <trkpt lat="25.0198935" lon="121.5478201"></trkpt>
      <trkpt lat="25.0203497" lon="121.5483136"></trkpt>
      <trkpt lat="25.0203660" lon="121.5483319"></trkpt>
      <trkpt lat="25.0203882" lon="121.5483651"></trkpt>
      <trkpt lat="25.0204387" lon="121.5484141"></trkpt>
      <trkpt lat="25.0202368" lon="121.5486473"></trkpt>
      <trkpt lat="25.0203001" lon="121.5487169"></trkpt>
      <trkpt lat="25.0189117" lon="121.5503428"></trkpt>
      <trkpt lat="25.0188321" lon="121.5504487"></trkpt>
      <trkpt lat="25.0187746" lon="121.5505251"></trkpt>
      <trkpt lat="25.0187107" lon="121.5506018"></trkpt>
      <trkpt lat="25.0186884" lon="121.5505838"></trkpt>
      <trkpt lat="25.0184204" lon="121.5508732"></trkpt>
      <trkpt lat="25.0183878" lon="121.5509533"></trkpt>
      <trkpt lat="25.0184737" lon="121.5510221"></trkpt>
      <trkpt lat="25.0186735" lon="121.5512262"></trkpt>
      <trkpt lat="25.0190904" lon="121.5514682"></trkpt>
      <trkpt lat="25.0185289" lon="121.5521464"></trkpt>
      <trkpt lat="25.0187925" lon="121.5524459"></trkpt>
      <trkpt lat="25.0190990" lon="121.5527941"></trkpt>
      <trkpt lat="25.0187848" lon="121.5531788"></trkpt>
      <trkpt lat="25.0193654" lon="121.5538550"></trkpt>
      <trkpt lat="25.0190761" lon="121.5542144"></trkpt>
      <trkpt lat="25.0188318" lon="121.5544637"></trkpt>
      <trkpt lat="25.0188465" lon="121.5545375"></trkpt>
      <trkpt lat="25.0188772" lon="121.5546450"></trkpt>
      <trkpt lat="25.0188463" lon="121.5547050"></trkpt>
      <trkpt lat="25.0191748" lon="121.5550811"></trkpt>
      <trkpt lat="25.0191067" lon="121.5562691"></trkpt>
      <trkpt lat="25.0186418" lon="121.5563145"></trkpt>
      <trkpt lat="25.0186151" lon="121.5566383"></trkpt>
      <trkpt lat="25.0186207" lon="121.5568106"></trkpt>
      <trkpt lat="25.0186199" lon="121.5568744"></trkpt>
      <trkpt lat="25.0186194" lon="121.5569206"></trkpt>
      <trkpt lat="25.0186147" lon="121.5569555"></trkpt>
      <trkpt lat="25.0185707" lon="121.5573288"></trkpt>
      <trkpt lat="25.0185673" lon="121.5573964"></trkpt>
      <trkpt lat="25.0184796" lon="121.5574156"></trkpt>
      <trkpt lat="25.0184684" lon="121.5575052"></trkpt>
      <trkpt lat="25.0184276" lon="121.5581868"></trkpt>
      <trkpt lat="25.0184364" lon="121.5582717"></trkpt>
      <trkpt lat="25.0184520" lon="121.5583227"></trkpt>
      <trkpt lat="25.0184877" lon="121.5583818"></trkpt>
      <trkpt lat="25.0185214" lon="121.5584196"></trkpt>
      <trkpt lat="25.0185511" lon="121.5584416"></trkpt>
      <trkpt lat="25.0185951" lon="121.5584599"></trkpt>
      <trkpt lat="25.0186276" lon="121.5584697"></trkpt>
      <trkpt lat="25.0186681" lon="121.5584714"></trkpt>
      <trkpt lat="25.0186924" lon="121.5584646"></trkpt>
      <trkpt lat="25.0187178" lon="121.5584479"></trkpt>
      <trkpt lat="25.0188197" lon="121.5585578"></trkpt>
      <trkpt lat="25.0189174" lon="121.5584473"></trkpt>
      <trkpt lat="25.0190600" lon="121.5582910"></trkpt>
      <trkpt lat="25.0190733" lon="121.5583048"></trkpt>
      <trkpt lat="25.0194214" lon="121.5586729"></trkpt>
      <trkpt lat="25.0190984" lon="121.5590239"></trkpt>
      <trkpt lat="25.0193812" lon="121.5595718"></trkpt>
      <trkpt lat="25.0196637" lon="121.5596358"></trkpt>
      <trkpt lat="25.0198855" lon="121.5596003"></trkpt>
      <trkpt lat="25.0201012" lon="121.5595071"></trkpt>
      <trkpt lat="25.0202233" lon="121.5594903"></trkpt>
      <trkpt lat="25.0203771" lon="121.5595058"></trkpt>
      <trkpt lat="25.0205618" lon="121.5595621"></trkpt>
      <trkpt lat="25.0206651" lon="121.5595634"></trkpt>
      <trkpt lat="25.0208362" lon="121.5595323"></trkpt>
      <trkpt lat="25.0211818" lon="121.5593842"></trkpt>
      <trkpt lat="25.0212268" lon="121.5593398"></trkpt>
      <trkpt lat="25.0212603" lon="121.5592922"></trkpt>
      <trkpt lat="25.0213535" lon="121.5592108"></trkpt>
      <trkpt lat="25.0214461" lon="121.5592696"></trkpt>
      <trkpt lat="25.0215828" lon="121.5591476"></trkpt>
      <trkpt lat="25.0219893" lon="121.5589966"></trkpt>
      <trkpt lat="25.0220323" lon="121.5589702"></trkpt>
      <trkpt lat="25.0221475" lon="121.5588991"></trkpt>
      <trkpt lat="25.0223306" lon="121.5587307"></trkpt>
      <trkpt lat="25.0225088" lon="121.5585614"></trkpt>
      <trkpt lat="25.0225884" lon="121.5584341"></trkpt>
      <trkpt lat="25.0226285" lon="121.5583187"></trkpt>
      <trkpt lat="25.0226608" lon="121.5582081"></trkpt>
      <trkpt lat="25.0226887" lon="121.5581558"></trkpt>
      <trkpt lat="25.0227264" lon="121.5581076"></trkpt>
      <trkpt lat="25.0229094" lon="121.5579490"></trkpt>
      <trkpt lat="25.0230131" lon="121.5580087"></trkpt>
      <trkpt lat="25.0233185" lon="121.5581820"></trkpt>
      <trkpt lat="25.0233158" lon="121.5583186"></trkpt>
      <trkpt lat="25.0233089" lon="121.5584435"></trkpt>
      <trkpt lat="25.0232874" lon="121.5585492"></trkpt>
      <trkpt lat="25.0232621" lon="121.5586197"></trkpt>
      <trkpt lat="25.0232349" lon="121.5586741"></trkpt>
      <trkpt lat="25.0231882" lon="121.5587137"></trkpt>
      <trkpt lat="25.0231005" lon="121.5587760"></trkpt>
      <trkpt lat="25.0229768" lon="121.5588731"></trkpt>
      <trkpt lat="25.0228051" lon="121.5589861"></trkpt>
      <trkpt lat="25.0227539" lon="121.5590573"></trkpt>
      <trkpt lat="25.0226583" lon="121.5592675"></trkpt>
      <trkpt lat="25.0225808" lon="121.5593609"></trkpt>
      <trkpt lat="25.0224993" lon="121.5594592"></trkpt>
      <trkpt lat="25.0224335" lon="121.5596471"></trkpt>
      <trkpt lat="25.0223454" lon="121.5597630"></trkpt>
      <trkpt lat="25.0221467" lon="121.5599043"></trkpt>
      <trkpt lat="25.0220225" lon="121.5599468"></trkpt>
      <trkpt lat="25.0219934" lon="121.5599518"></trkpt>
      <trkpt lat="25.0219194" lon="121.5599789"></trkpt>
      <trkpt lat="25.0218497" lon="121.5600352"></trkpt>
      <trkpt lat="25.0218251" lon="121.5601459"></trkpt>
      <trkpt lat="25.0218144" lon="121.5602618"></trkpt>
      <trkpt lat="25.0218186" lon="121.5603910"></trkpt>
      <trkpt lat="25.0217914" lon="121.5605049"></trkpt>
      <trkpt lat="25.0217393" lon="121.5605751"></trkpt>
      <trkpt lat="25.0216742" lon="121.5606969"></trkpt>
      <trkpt lat="25.0216449" lon="121.5607901"></trkpt>
      <trkpt lat="25.0216554" lon="121.5608834"></trkpt>
      <trkpt lat="25.0216605" lon="121.5609433"></trkpt>
      <trkpt lat="25.0216547" lon="121.5609739"></trkpt>
      <trkpt lat="25.0216389" lon="121.5610066"></trkpt>
      <trkpt lat="25.0215883" lon="121.5610717"></trkpt>
      <trkpt lat="25.0213453" lon="121.5611741"></trkpt>
      <trkpt lat="25.0212077" lon="121.5612110"></trkpt>
      <trkpt lat="25.0210048" lon="121.5611882"></trkpt>
      <trkpt lat="25.0209392" lon="121.5612151"></trkpt>
      <trkpt lat="25.0208666" lon="121.5613032"></trkpt>
      <trkpt lat="25.0207999" lon="121.5613843"></trkpt>
      <trkpt lat="25.0207505" lon="121.5614252"></trkpt>
      <trkpt lat="25.0206747" lon="121.5614612"></trkpt>
      <trkpt lat="25.0204972" lon="121.5614850"></trkpt>
      <trkpt lat="25.0203332" lon="121.5615029"></trkpt>
      <trkpt lat="25.0202198" lon="121.5614636"></trkpt>
      <trkpt lat="25.0201519" lon="121.5614095"></trkpt>
      <trkpt lat="25.0200930" lon="121.5613804"></trkpt>
      <trkpt lat="25.0200174" lon="121.5613662"></trkpt>
      <trkpt lat="25.0199601" lon="121.5613748"></trkpt>
      <trkpt lat="25.0198529" lon="121.5614203"></trkpt>
      <trkpt lat="25.0195649" lon="121.5615427"></trkpt>
      <trkpt lat="25.0195172" lon="121.5615515"></trkpt>
      <trkpt lat="25.0194812" lon="121.5615475"></trkpt>
      <trkpt lat="25.0191822" lon="121.5614877"></trkpt>
      <trkpt lat="25.0190865" lon="121.5614593"></trkpt>
      <trkpt lat="25.0189098" lon="121.5614328"></trkpt>
      <trkpt lat="25.0186770" lon="121.5614527"></trkpt>
      <trkpt lat="25.0185639" lon="121.5614440"></trkpt>
      <trkpt lat="25.0181877" lon="121.5613525"></trkpt>
      <trkpt lat="25.0180824" lon="121.5613648"></trkpt>
      <trkpt lat="25.0179865" lon="121.5613906"></trkpt>
      <trkpt lat="25.0179392" lon="121.5614246"></trkpt>
      <trkpt lat="25.0179299" lon="121.5614950"></trkpt>
      <trkpt lat="25.0179325" lon="121.5615718"></trkpt>
      <trkpt lat="25.0179530" lon="121.5616535"></trkpt>
      <trkpt lat="25.0179898" lon="121.5617514"></trkpt>
      <trkpt lat="25.0180684" lon="121.5618858"></trkpt>
      <trkpt lat="25.0180898" lon="121.5619497"></trkpt>
      <trkpt lat="25.0180971" lon="121.5620244"></trkpt>
      <trkpt lat="25.0180722" lon="121.5620982"></trkpt>
      <trkpt lat="25.0179955" lon="121.5622602"></trkpt>
      <trkpt lat="25.0179911" lon="121.5623166"></trkpt>
      <trkpt lat="25.0179884" lon="121.5623463"></trkpt>
      <trkpt lat="25.0180182" lon="121.5625229"></trkpt>
      <trkpt lat="25.0180535" lon="121.5626204"></trkpt>
      <trkpt lat="25.0181023" lon="121.5626968"></trkpt>
      <trkpt lat="25.0181628" lon="121.5627754"></trkpt>
      <trkpt lat="25.0181986" lon="121.5628614"></trkpt>
      <trkpt lat="25.0182100" lon="121.5629056"></trkpt>
      <trkpt lat="25.0182010" lon="121.5630633"></trkpt>
      <trkpt lat="25.0182087" lon="121.5631230"></trkpt>
      <trkpt lat="25.0182478" lon="121.5631877"></trkpt>
      <trkpt lat="25.0183671" lon="121.5633337"></trkpt>
      <trkpt lat="25.0183774" lon="121.5633629"></trkpt>
      <trkpt lat="25.0183903" lon="121.5634236"></trkpt>
      <trkpt lat="25.0183727" lon="121.5634901"></trkpt>
      <trkpt lat="25.0183371" lon="121.5635582"></trkpt>
      <trkpt lat="25.0182486" lon="121.5636568"></trkpt>
      <trkpt lat="25.0181617" lon="121.5637220"></trkpt>
      <trkpt lat="25.0180495" lon="121.5637533"></trkpt>
      <trkpt lat="25.0178956" lon="121.5637517"></trkpt>
      <trkpt lat="25.0175826" lon="121.5637384"></trkpt>
      <trkpt lat="25.0175253" lon="121.5637415"></trkpt>
      <trkpt lat="25.0174690" lon="121.5637830"></trkpt>
      <trkpt lat="25.0174370" lon="121.5638529"></trkpt>
      <trkpt lat="25.0173879" lon="121.5639744"></trkpt>
      <trkpt lat="25.0173422" lon="121.5640648"></trkpt>
      <trkpt lat="25.0173879" lon="121.5639744"></trkpt>
      <trkpt lat="25.0174370" lon="121.5638529"></trkpt>
      <trkpt lat="25.0174690" lon="121.5637830"></trkpt>
      <trkpt lat="25.0175253" lon="121.5637415"></trkpt>
      <trkpt lat="25.0175826" lon="121.5637384"></trkpt>
      <trkpt lat="25.0178956" lon="121.5637517"></trkpt>
      <trkpt lat="25.0180495" lon="121.5637533"></trkpt>
      <trkpt lat="25.0181617" lon="121.5637220"></trkpt>
      <trkpt lat="25.0182486" lon="121.5636568"></trkpt>
      <trkpt lat="25.0183371" lon="121.5635582"></trkpt>
      <trkpt lat="25.0183727" lon="121.5634901"></trkpt>
      <trkpt lat="25.0183903" lon="121.5634236"></trkpt>
      <trkpt lat="25.0183774" lon="121.5633629"></trkpt>
      <trkpt lat="25.0183671" lon="121.5633337"></trkpt>
      <trkpt lat="25.0182478" lon="121.5631877"></trkpt>
      <trkpt lat="25.0182087" lon="121.5631230"></trkpt>
      <trkpt lat="25.0182010" lon="121.5630633"></trkpt>
      <trkpt lat="25.0182100" lon="121.5629056"></trkpt>
      <trkpt lat="25.0181986" lon="121.5628614"></trkpt>
      <trkpt lat="25.0181628" lon="121.5627754"></trkpt>
      <trkpt lat="25.0181023" lon="121.5626968"></trkpt>
      <trkpt lat="25.0180535" lon="121.5626204"></trkpt>
      <trkpt lat="25.0180182" lon="121.5625229"></trkpt>
      <trkpt lat="25.0179884" lon="121.5623463"></trkpt>
      <trkpt lat="25.0179911" lon="121.5623166"></trkpt>
      <trkpt lat="25.0179955" lon="121.5622602"></trkpt>
      <trkpt lat="25.0180722" lon="121.5620982"></trkpt>
      <trkpt lat="25.0180971" lon="121.5620244"></trkpt>
      <trkpt lat="25.0180898" lon="121.5619497"></trkpt>
      <trkpt lat="25.0180684" lon="121.5618858"></trkpt>
      <trkpt lat="25.0179898" lon="121.5617514"></trkpt>
      <trkpt lat="25.0179530" lon="121.5616535"></trkpt>
      <trkpt lat="25.0179325" lon="121.5615718"></trkpt>
      <trkpt lat="25.0179299" lon="121.5614950"></trkpt>
      <trkpt lat="25.0179392" lon="121.5614246"></trkpt>
      <trkpt lat="25.0179865" lon="121.5613906"></trkpt>
      <trkpt lat="25.0180824" lon="121.5613648"></trkpt>
      <trkpt lat="25.0181877" lon="121.5613525"></trkpt>
      <trkpt lat="25.0185639" lon="121.5614440"></trkpt>
      <trkpt lat="25.0186770" lon="121.5614527"></trkpt>
      <trkpt lat="25.0189098" lon="121.5614328"></trkpt>
      <trkpt lat="25.0190865" lon="121.5614593"></trkpt>
      <trkpt lat="25.0191822" lon="121.5614877"></trkpt>
      <trkpt lat="25.0194812" lon="121.5615475"></trkpt>
      <trkpt lat="25.0195172" lon="121.5615515"></trkpt>
      <trkpt lat="25.0195649" lon="121.5615427"></trkpt>
      <trkpt lat="25.0198529" lon="121.5614203"></trkpt>
      <trkpt lat="25.0199601" lon="121.5613748"></trkpt>
      <trkpt lat="25.0200174" lon="121.5613662"></trkpt>
      <trkpt lat="25.0200930" lon="121.5613804"></trkpt>
      <trkpt lat="25.0201519" lon="121.5614095"></trkpt>
      <trkpt lat="25.0202198" lon="121.5614636"></trkpt>
      <trkpt lat="25.0203332" lon="121.5615029"></trkpt>
      <trkpt lat="25.0204972" lon="121.5614850"></trkpt>
      <trkpt lat="25.0206747" lon="121.5614612"></trkpt>
      <trkpt lat="25.0207505" lon="121.5614252"></trkpt>
      <trkpt lat="25.0207999" lon="121.5613843"></trkpt>
      <trkpt lat="25.0208666" lon="121.5613032"></trkpt>
      <trkpt lat="25.0209392" lon="121.5612151"></trkpt>
      <trkpt lat="25.0210048" lon="121.5611882"></trkpt>
      <trkpt lat="25.0212077" lon="121.5612110"></trkpt>
      <trkpt lat="25.0213453" lon="121.5611741"></trkpt>
      <trkpt lat="25.0215883" lon="121.5610717"></trkpt>
      <trkpt lat="25.0216389" lon="121.5610066"></trkpt>
      <trkpt lat="25.0216547" lon="121.5609739"></trkpt>
      <trkpt lat="25.0216605" lon="121.5609433"></trkpt>
      <trkpt lat="25.0216554" lon="121.5608834"></trkpt>
      <trkpt lat="25.0216449" lon="121.5607901"></trkpt>
      <trkpt lat="25.0216742" lon="121.5606969"></trkpt>
      <trkpt lat="25.0217393" lon="121.5605751"></trkpt>
      <trkpt lat="25.0217914" lon="121.5605049"></trkpt>
      <trkpt lat="25.0218186" lon="121.5603910"></trkpt>
      <trkpt lat="25.0218144" lon="121.5602618"></trkpt>
      <trkpt lat="25.0218251" lon="121.5601459"></trkpt>
      <trkpt lat="25.0218497" lon="121.5600352"></trkpt>
      <trkpt lat="25.0219194" lon="121.5599789"></trkpt>
      <trkpt lat="25.0219934" lon="121.5599518"></trkpt>
      <trkpt lat="25.0220225" lon="121.5599468"></trkpt>
      <trkpt lat="25.0221467" lon="121.5599043"></trkpt>
      <trkpt lat="25.0223454" lon="121.5597630"></trkpt>
      <trkpt lat="25.0224335" lon="121.5596471"></trkpt>
      <trkpt lat="25.0224993" lon="121.5594592"></trkpt>
      <trkpt lat="25.0225808" lon="121.5593609"></trkpt>
      <trkpt lat="25.0226583" lon="121.5592675"></trkpt>
      <trkpt lat="25.0227539" lon="121.5590573"></trkpt>
      <trkpt lat="25.0228051" lon="121.5589861"></trkpt>
      <trkpt lat="25.0229768" lon="121.5588731"></trkpt>
      <trkpt lat="25.0231005" lon="121.5587760"></trkpt>
      <trkpt lat="25.0231882" lon="121.5587137"></trkpt>
      <trkpt lat="25.0232349" lon="121.5586741"></trkpt>
      <trkpt lat="25.0232621" lon="121.5586197"></trkpt>
      <trkpt lat="25.0232874" lon="121.5585492"></trkpt>
      <trkpt lat="25.0233089" lon="121.5584435"></trkpt>
      <trkpt lat="25.0233158" lon="121.5583186"></trkpt>
      <trkpt lat="25.0233185" lon="121.5581820"></trkpt>
      <trkpt lat="25.0233418" lon="121.5577587"></trkpt>
      <trkpt lat="25.0233520" lon="121.5576243"></trkpt>
      <trkpt lat="25.0233570" lon="121.5575423"></trkpt>
      <trkpt lat="25.0233728" lon="121.5572881"></trkpt>
      <trkpt lat="25.0233893" lon="121.5572201"></trkpt>
      <trkpt lat="25.0234259" lon="121.5571593"></trkpt>
      <trkpt lat="25.0235988" lon="121.5568995"></trkpt>
      <trkpt lat="25.0236137" lon="121.5568434"></trkpt>
      <trkpt lat="25.0237896" lon="121.5569591"></trkpt>
      <trkpt lat="25.0238427" lon="121.5569742"></trkpt>
      <trkpt lat="25.0238949" lon="121.5569596"></trkpt>
      <trkpt lat="25.0240504" lon="121.5569102"></trkpt>
      <trkpt lat="25.0241215" lon="121.5568398"></trkpt>
      <trkpt lat="25.0241378" lon="121.5568237"></trkpt>
      <trkpt lat="25.0242755" lon="121.5567536"></trkpt>
      <trkpt lat="25.0243856" lon="121.5567096"></trkpt>
      <trkpt lat="25.0245363" lon="121.5567666"></trkpt>
      <trkpt lat="25.0246020" lon="121.5565878"></trkpt>
      <trkpt lat="25.0247547" lon="121.5561717"></trkpt>
      <trkpt lat="25.0247861" lon="121.5561048"></trkpt>
      <trkpt lat="25.0248510" lon="121.5561531"></trkpt>
      <trkpt lat="25.0252772" lon="121.5564513"></trkpt>
      <trkpt lat="25.0253780" lon="121.5565339"></trkpt>
      <trkpt lat="25.0254447" lon="121.5565893"></trkpt>
      <trkpt lat="25.0256570" lon="121.5567829"></trkpt>
      <trkpt lat="25.0259764" lon="121.5573506"></trkpt>
      <trkpt lat="25.0259953" lon="121.5573724"></trkpt>
      <trkpt lat="25.0261227" lon="121.5574772"></trkpt>
      <trkpt lat="25.0261004" lon="121.5576403"></trkpt>
      <trkpt lat="25.0260963" lon="121.5576702"></trkpt>
      <trkpt lat="25.0260503" lon="121.5578206"></trkpt>
      <trkpt lat="25.0260252" lon="121.5579026"></trkpt>
      <trkpt lat="25.0259806" lon="121.5583583"></trkpt>
      <trkpt lat="25.0259606" lon="121.5588646"></trkpt>
      <trkpt lat="25.0259512" lon="121.5591136"></trkpt>
      <trkpt lat="25.0259509" lon="121.5593989"></trkpt>
      <trkpt lat="25.0259516" lon="121.5594685"></trkpt>
      <trkpt lat="25.0259174" lon="121.5602597"></trkpt>
      <trkpt lat="25.0259120" lon="121.5606868"></trkpt>
      <trkpt lat="25.0259019" lon="121.5607736"></trkpt>
      <trkpt lat="25.0258696" lon="121.5608541"></trkpt>
      <trkpt lat="25.0259577" lon="121.5609363"></trkpt>
      <trkpt lat="25.0259779" lon="121.5609662"></trkpt>
      <trkpt lat="25.0260797" lon="121.5610997"></trkpt>
      <trkpt lat="25.0262865" lon="121.5613687"></trkpt>
      <trkpt lat="25.0263585" lon="121.5614567"></trkpt>
      <trkpt lat="25.0264936" lon="121.5616302"></trkpt>
      <trkpt lat="25.0265371" lon="121.5616885"></trkpt>
      <trkpt lat="25.0266209" lon="121.5617923"></trkpt>
      <trkpt lat="25.0269473" lon="121.5622091"></trkpt>
      <trkpt lat="25.0270350" lon="121.5623188"></trkpt>
      <trkpt lat="25.0274284" lon="121.5628231"></trkpt>
      <trkpt lat="25.0274657" lon="121.5628712"></trkpt>
      <trkpt lat="25.0276397" lon="121.5630959"></trkpt>
      <trkpt lat="25.0276978" lon="121.5631711"></trkpt>
      <trkpt lat="25.0276428" lon="121.5632125"></trkpt>
      <trkpt lat="25.0270799" lon="121.5636797"></trkpt>
      <trkpt lat="25.0268074" lon="121.5639059"></trkpt>
      <trkpt lat="25.0267609" lon="121.5639445"></trkpt>
      <trkpt lat="25.0267174" lon="121.5639868"></trkpt>
      <trkpt lat="25.0264785" lon="121.5642189"></trkpt>
      <trkpt lat="25.0264801" lon="121.5643154"></trkpt>
      <trkpt lat="25.0264856" lon="121.5646597"></trkpt>
      <trkpt lat="25.0265080" lon="121.5654029"></trkpt>
      <trkpt lat="25.0265113" lon="121.5659114"></trkpt>
      <trkpt lat="25.0262105" lon="121.5661485"></trkpt>
      <trkpt lat="25.0261158" lon="121.5662188"></trkpt>
      <trkpt lat="25.0257716" lon="121.5664718"></trkpt>
      <trkpt lat="25.0254551" lon="121.5667134"></trkpt>
      <trkpt lat="25.0253308" lon="121.5667922"></trkpt>
      <trkpt lat="25.0253021" lon="121.5668134"></trkpt>
      <trkpt lat="25.0248546" lon="121.5673986"></trkpt>
      <trkpt lat="25.0248470" lon="121.5674084"></trkpt>
      <trkpt lat="25.0248015" lon="121.5674720"></trkpt>
      <trkpt lat="25.0247100" lon="121.5676049"></trkpt>
      <trkpt lat="25.0246922" lon="121.5676327"></trkpt>
      <trkpt lat="25.0244943" lon="121.5678459"></trkpt>
      <trkpt lat="25.0243519" lon="121.5679740"></trkpt>
      <trkpt lat="25.0242635" lon="121.5681035"></trkpt>
      <trkpt lat="25.0242573" lon="121.5681126"></trkpt>
      <trkpt lat="25.0242117" lon="121.5681979"></trkpt>
      <trkpt lat="25.0239851" lon="121.5686219"></trkpt>
      <trkpt lat="25.0237141" lon="121.5684684"></trkpt>
      <trkpt lat="25.0234887" lon="121.5682835"></trkpt>
      <trkpt lat="25.0233575" lon="121.5682218"></trkpt>
      <trkpt lat="25.0232285" lon="121.5682540"></trkpt>
      <trkpt lat="25.0231441" lon="121.5683139"></trkpt>
      <trkpt lat="25.0230028" lon="121.5683728"></trkpt>
      <trkpt lat="25.0228551" lon="121.5684498"></trkpt>
      <trkpt lat="25.0227567" lon="121.5684489"></trkpt>
      <trkpt lat="25.0227464" lon="121.5685079"></trkpt>
      <trkpt lat="25.0223957" lon="121.5691852"></trkpt>
      <trkpt lat="25.0221441" lon="121.5690393"></trkpt>
      <trkpt lat="25.0218917" lon="121.5688914"></trkpt>
      <trkpt lat="25.0217262" lon="121.5690962"></trkpt>
      <trkpt lat="25.0216002" lon="121.5692652"></trkpt>
      <trkpt lat="25.0214318" lon="121.5694125"></trkpt>
      <trkpt lat="25.0213945" lon="121.5694398"></trkpt>
      <trkpt lat="25.0213354" lon="121.5694472"></trkpt>
      <trkpt lat="25.0212265" lon="121.5694279"></trkpt>
      <trkpt lat="25.0211530" lon="121.5694148"></trkpt>
      <trkpt lat="25.0210183" lon="121.5694540"></trkpt>
      <trkpt lat="25.0211530" lon="121.5694148"></trkpt>
      <trkpt lat="25.0212265" lon="121.5694279"></trkpt>
      <trkpt lat="25.0213354" lon="121.5694472"></trkpt>
      <trkpt lat="25.0213945" lon="121.5694398"></trkpt>
      <trkpt lat="25.0214318" lon="121.5694125"></trkpt>
      <trkpt lat="25.0216002" lon="121.5692652"></trkpt>
      <trkpt lat="25.0217262" lon="121.5690962"></trkpt>
      <trkpt lat="25.0218917" lon="121.5688914"></trkpt>
      <trkpt lat="25.0221441" lon="121.5690393"></trkpt>
      <trkpt lat="25.0223957" lon="121.5691852"></trkpt>
      <trkpt lat="25.0226480" lon="121.5693365"></trkpt>
      <trkpt lat="25.0228635" lon="121.5694657"></trkpt>
      <trkpt lat="25.0228865" lon="121.5694796"></trkpt>
      <trkpt lat="25.0231462" lon="121.5696353"></trkpt>
      <trkpt lat="25.0232347" lon="121.5696884"></trkpt>
      <trkpt lat="25.0233725" lon="121.5697822"></trkpt>
      <trkpt lat="25.0234150" lon="121.5698117"></trkpt>
      <trkpt lat="25.0234657" lon="121.5698447"></trkpt>
      <trkpt lat="25.0236189" lon="121.5699396"></trkpt>
      <trkpt lat="25.0236918" lon="121.5700277"></trkpt>
      <trkpt lat="25.0238686" lon="121.5699687"></trkpt>
      <trkpt lat="25.0241148" lon="121.5698314"></trkpt>
      <trkpt lat="25.0247904" lon="121.5694120"></trkpt>
      <trkpt lat="25.0248084" lon="121.5694022"></trkpt>
      <trkpt lat="25.0248289" lon="121.5693913"></trkpt>
      <trkpt lat="25.0251645" lon="121.5692134"></trkpt>
      <trkpt lat="25.0253987" lon="121.5691133"></trkpt>
      <trkpt lat="25.0254761" lon="121.5690803"></trkpt>
      <trkpt lat="25.0254608" lon="121.5691479"></trkpt>
      <trkpt lat="25.0255303" lon="121.5692893"></trkpt>
      <trkpt lat="25.0254608" lon="121.5691479"></trkpt>
      <trkpt lat="25.0254761" lon="121.5690803"></trkpt>
      <trkpt lat="25.0258036" lon="121.5688531"></trkpt>
      <trkpt lat="25.0263667" lon="121.5685314"></trkpt>
      <trkpt lat="25.0265561" lon="121.5684500"></trkpt>
      <trkpt lat="25.0266383" lon="121.5684146"></trkpt>
      <trkpt lat="25.0266412" lon="121.5684146"></trkpt>
      <trkpt lat="25.0266746" lon="121.5684142"></trkpt>
      <trkpt lat="25.0266848" lon="121.5684141"></trkpt>
      <trkpt lat="25.0267543" lon="121.5684133"></trkpt>
      <trkpt lat="25.0271439" lon="121.5684088"></trkpt>
      <trkpt lat="25.0284504" lon="121.5683989"></trkpt>
      <trkpt lat="25.0285089" lon="121.5683931"></trkpt>
      <trkpt lat="25.0285078" lon="121.5684506"></trkpt>
      <trkpt lat="25.0285011" lon="121.5689219"></trkpt>
      <trkpt lat="25.0284967" lon="121.5692167"></trkpt>
      <trkpt lat="25.0284911" lon="121.5695925"></trkpt>
      <trkpt lat="25.0284856" lon="121.5697530"></trkpt>
      <trkpt lat="25.0289580" lon="121.5697380"></trkpt>
      <trkpt lat="25.0299489" lon="121.5697413"></trkpt>
      <trkpt lat="25.0303969" lon="121.5697349"></trkpt>
      <trkpt lat="25.0308680" lon="121.5697251"></trkpt>
      <trkpt lat="25.0317727" lon="121.5697062"></trkpt>
      <trkpt lat="25.0318756" lon="121.5696992"></trkpt>
      <trkpt lat="25.0318759" lon="121.5696528"></trkpt>
      <trkpt lat="25.0318907" lon="121.5690938"></trkpt>
      <trkpt lat="25.0318981" lon="121.5684641"></trkpt>
      <trkpt lat="25.0326238" lon="121.5685183"></trkpt>
      <trkpt lat="25.0326529" lon="121.5684942"></trkpt>
      <trkpt lat="25.0327681" lon="121.5685354"></trkpt>
      <trkpt lat="25.0328932" lon="121.5685369"></trkpt>
      <trkpt lat="25.0329575" lon="121.5685390"></trkpt>
      <trkpt lat="25.0330127" lon="121.5685079"></trkpt>
      <trkpt lat="25.0332487" lon="121.5684763"></trkpt>
      <trkpt lat="25.0334316" lon="121.5684799"></trkpt>
      <trkpt lat="25.0339535" lon="121.5684899"></trkpt>
      <trkpt lat="25.0347320" lon="121.5685074"></trkpt>
      <trkpt lat="25.0348058" lon="121.5685104"></trkpt>
      <trkpt lat="25.0353887" lon="121.5685281"></trkpt>
      <trkpt lat="25.0354255" lon="121.5685293"></trkpt>
      <trkpt lat="25.0354520" lon="121.5685302"></trkpt>
      <trkpt lat="25.0357291" lon="121.5685285"></trkpt>
      <trkpt lat="25.0357396" lon="121.5685287"></trkpt>
      <trkpt lat="25.0358264" lon="121.5685318"></trkpt>
      <trkpt lat="25.0358691" lon="121.5685326"></trkpt>
      <trkpt lat="25.0359240" lon="121.5685303"></trkpt>
      <trkpt lat="25.0365839" lon="121.5685477"></trkpt>
      <trkpt lat="25.0374242" lon="121.5685675"></trkpt>
      <trkpt lat="25.0375448" lon="121.5685702"></trkpt>
      <trkpt lat="25.0375502" lon="121.5686286"></trkpt>
      <trkpt lat="25.0377016" lon="121.5686286"></trkpt>
      <trkpt lat="25.0377456" lon="121.5685967"></trkpt>
      <trkpt lat="25.0389705" lon="121.5686084"></trkpt>
      <trkpt lat="25.0389697" lon="121.5685908"></trkpt>
      <trkpt lat="25.0390107" lon="121.5686065"></trkpt>
      <trkpt lat="25.0390744" lon="121.5686067"></trkpt>
      <trkpt lat="25.0391340" lon="121.5686082"></trkpt>
      <trkpt lat="25.0391658" lon="121.5685870"></trkpt>
      <trkpt lat="25.0404850" lon="121.5686068"></trkpt>
      <trkpt lat="25.0409017" lon="121.5686138"></trkpt>
      <trkpt lat="25.0409029" lon="121.5685648"></trkpt>
      <trkpt lat="25.0409822" lon="121.5685671"></trkpt>
      <trkpt lat="25.0409815" lon="121.5686022"></trkpt>
      <trkpt lat="25.0409781" lon="121.5687687"></trkpt>
      <trkpt lat="25.0409714" lon="121.5691105"></trkpt>
      <trkpt lat="25.0410927" lon="121.5691144"></trkpt>
      <trkpt lat="25.0411007" lon="121.5687720"></trkpt>
      <trkpt lat="25.0411021" lon="121.5687101"></trkpt>
      <trkpt lat="25.0412134" lon="121.5687117"></trkpt>
      <trkpt lat="25.0413837" lon="121.5687178"></trkpt>
      <trkpt lat="25.0415820" lon="121.5687206"></trkpt>
      <trkpt lat="25.0419458" lon="121.5687333"></trkpt>
      <trkpt lat="25.0422904" lon="121.5687479"></trkpt>
      <trkpt lat="25.0423460" lon="121.5687487"></trkpt>
      <trkpt lat="25.0423898" lon="121.5687473"></trkpt>
      <trkpt lat="25.0425766" lon="121.5687506"></trkpt>
      <trkpt lat="25.0427225" lon="121.5687546"></trkpt>
      <trkpt lat="25.0427539" lon="121.5687555"></trkpt>
      <trkpt lat="25.0431121" lon="121.5687619"></trkpt>
      <trkpt lat="25.0431482" lon="121.5687634"></trkpt>
      <trkpt lat="25.0431897" lon="121.5687639"></trkpt>
      <trkpt lat="25.0435015" lon="121.5687760"></trkpt>
      <trkpt lat="25.0435599" lon="121.5687776"></trkpt>
      <trkpt lat="25.0436098" lon="121.5687785"></trkpt>
      <trkpt lat="25.0439584" lon="121.5687872"></trkpt>
      <trkpt lat="25.0442237" lon="121.5687999"></trkpt>
      <trkpt lat="25.0443696" lon="121.5688072"></trkpt>
      <trkpt lat="25.0444809" lon="121.5688263"></trkpt>
      <trkpt lat="25.0445979" lon="121.5688177"></trkpt>
      <trkpt lat="25.0447491" lon="121.5688174"></trkpt>
      <trkpt lat="25.0451344" lon="121.5688248"></trkpt>
      <trkpt lat="25.0455926" lon="121.5688440"></trkpt>
      <trkpt lat="25.0456480" lon="121.5688462"></trkpt>
      <trkpt lat="25.0457547" lon="121.5688526"></trkpt>
      <trkpt lat="25.0457945" lon="121.5688543"></trkpt>
      <trkpt lat="25.0462200" lon="121.5688736"></trkpt>
      <trkpt lat="25.0462640" lon="121.5688765"></trkpt>
      <trkpt lat="25.0466485" lon="121.5688967"></trkpt>
      <trkpt lat="25.0467017" lon="121.5688995"></trkpt>
      <trkpt lat="25.0467495" lon="121.5689041"></trkpt>
      <trkpt lat="25.0479143" lon="121.5689577"></trkpt>
      <trkpt lat="25.0479915" lon="121.5689896"></trkpt>
      <trkpt lat="25.0480111" lon="121.5689532"></trkpt>
      <trkpt lat="25.0480423" lon="121.5688933"></trkpt>
      <trkpt lat="25.0480818" lon="121.5688411"></trkpt>
      <trkpt lat="25.0481134" lon="121.5687763"></trkpt>
      <trkpt lat="25.0484116" lon="121.5689532"></trkpt>
      <trkpt lat="25.0489221" lon="121.5692638"></trkpt>
      <trkpt lat="25.0489550" lon="121.5692839"></trkpt>
      <trkpt lat="25.0489863" lon="121.5693027"></trkpt>
      <trkpt lat="25.0490413" lon="121.5693364"></trkpt>
      <trkpt lat="25.0491449" lon="121.5693973"></trkpt>
      <trkpt lat="25.0492440" lon="121.5694584"></trkpt>
      <trkpt lat="25.0493273" lon="121.5695037"></trkpt>
      <trkpt lat="25.0493627" lon="121.5695230"></trkpt>
      <trkpt lat="25.0494373" lon="121.5695562"></trkpt>
      <trkpt lat="25.0495305" lon="121.5695866"></trkpt>
      <trkpt lat="25.0493749" lon="121.5692013"></trkpt>
      <trkpt lat="25.0495152" lon="121.5690590"></trkpt>
      <trkpt lat="25.0495568" lon="121.5690428"></trkpt>
      <trkpt lat="25.0495857" lon="121.5690316"></trkpt>
      <trkpt lat="25.0499032" lon="121.5689079"></trkpt>
      <trkpt lat="25.0506695" lon="121.5686360"></trkpt>
      <trkpt lat="25.0511118" lon="121.5684717"></trkpt>
      <trkpt lat="25.0511457" lon="121.5684597"></trkpt>
      <trkpt lat="25.0511872" lon="121.5684437"></trkpt>
      <trkpt lat="25.0511856" lon="121.5685054"></trkpt>
      <trkpt lat="25.0511630" lon="121.5693863"></trkpt>
      <trkpt lat="25.0511618" lon="121.5694314"></trkpt>
      <trkpt lat="25.0514273" lon="121.5694301"></trkpt>
      <trkpt lat="25.0514296" lon="121.5693347"></trkpt>
      <trkpt lat="25.0514568" lon="121.5693353"></trkpt>
      <trkpt lat="25.0518797" lon="121.5693344"></trkpt>
      <trkpt lat="25.0523367" lon="121.5693347"></trkpt>
      <trkpt lat="25.0526010" lon="121.5693478"></trkpt>
      <trkpt lat="25.0528588" lon="121.5692703"></trkpt>
      <trkpt lat="25.0531745" lon="121.5692915"></trkpt>
      <trkpt lat="25.0531615" lon="121.5687100"></trkpt>
      <trkpt lat="25.0530688" lon="121.5686336"></trkpt>
      <trkpt lat="25.0530826" lon="121.5677265"></trkpt>
      <trkpt lat="25.0528647" lon="121.5678068"></trkpt>
      <trkpt lat="25.0524249" lon="121.5679774"></trkpt>
      <trkpt lat="25.0523728" lon="121.5679976"></trkpt>
      <trkpt lat="25.0523131" lon="121.5680205"></trkpt>
      <trkpt lat="25.0519039" lon="121.5681774"></trkpt>
      <trkpt lat="25.0515341" lon="121.5683155"></trkpt>
      <trkpt lat="25.0514911" lon="121.5683345"></trkpt>
      <trkpt lat="25.0514515" lon="121.5683493"></trkpt>
      <trkpt lat="25.0514251" lon="121.5683587"></trkpt>
      <trkpt lat="25.0512111" lon="121.5684352"></trkpt>
      <trkpt lat="25.0511872" lon="121.5684437"></trkpt>
      <trkpt lat="25.0511457" lon="121.5684597"></trkpt>
      <trkpt lat="25.0511118" lon="121.5684717"></trkpt>
      <trkpt lat="25.0506695" lon="121.5686360"></trkpt>
      <trkpt lat="25.0499032" lon="121.5689079"></trkpt>
      <trkpt lat="25.0495857" lon="121.5690316"></trkpt>
      <trkpt lat="25.0495568" lon="121.5690428"></trkpt>
      <trkpt lat="25.0495152" lon="121.5690590"></trkpt>
      <trkpt lat="25.0493749" lon="121.5692013"></trkpt>
      <trkpt lat="25.0492271" lon="121.5691202"></trkpt>
      <trkpt lat="25.0492020" lon="121.5691051"></trkpt>
      <trkpt lat="25.0491441" lon="121.5690695"></trkpt>
      <trkpt lat="25.0489808" lon="121.5689675"></trkpt>
      <trkpt lat="25.0489152" lon="121.5689302"></trkpt>
      <trkpt lat="25.0482627" lon="121.5685581"></trkpt>
      <trkpt lat="25.0481969" lon="121.5685182"></trkpt>
      <trkpt lat="25.0461163" lon="121.5672562"></trkpt>
      <trkpt lat="25.0460453" lon="121.5672131"></trkpt>
      <trkpt lat="25.0460259" lon="121.5672014"></trkpt>
      <trkpt lat="25.0459170" lon="121.5671537"></trkpt>
      <trkpt lat="25.0458603" lon="121.5671248"></trkpt>
      <trkpt lat="25.0457318" lon="121.5670629"></trkpt>
      <trkpt lat="25.0456862" lon="121.5672199"></trkpt>
      <trkpt lat="25.0456627" lon="121.5672918"></trkpt>
      <trkpt lat="25.0456604" lon="121.5673898"></trkpt>
      <trkpt lat="25.0456245" lon="121.5687482"></trkpt>
      <trkpt lat="25.0456480" lon="121.5688462"></trkpt>
      <trkpt lat="25.0457547" lon="121.5688526"></trkpt>
      <trkpt lat="25.0456480" lon="121.5688462"></trkpt>
      <trkpt lat="25.0455926" lon="121.5688440"></trkpt>
      <trkpt lat="25.0451344" lon="121.5688248"></trkpt>
      <trkpt lat="25.0447491" lon="121.5688174"></trkpt>
      <trkpt lat="25.0445979" lon="121.5688177"></trkpt>
      <trkpt lat="25.0444809" lon="121.5688263"></trkpt>
      <trkpt lat="25.0443696" lon="121.5688072"></trkpt>
      <trkpt lat="25.0442237" lon="121.5687999"></trkpt>
      <trkpt lat="25.0439584" lon="121.5687872"></trkpt>
      <trkpt lat="25.0436098" lon="121.5687785"></trkpt>
      <trkpt lat="25.0435599" lon="121.5687776"></trkpt>
      <trkpt lat="25.0435015" lon="121.5687760"></trkpt>
      <trkpt lat="25.0431897" lon="121.5687639"></trkpt>
      <trkpt lat="25.0431482" lon="121.5687634"></trkpt>
      <trkpt lat="25.0431121" lon="121.5687619"></trkpt>
      <trkpt lat="25.0427539" lon="121.5687555"></trkpt>
      <trkpt lat="25.0427225" lon="121.5687546"></trkpt>
      <trkpt lat="25.0425766" lon="121.5687506"></trkpt>
      <trkpt lat="25.0423898" lon="121.5687473"></trkpt>
      <trkpt lat="25.0423460" lon="121.5687487"></trkpt>
      <trkpt lat="25.0422904" lon="121.5687479"></trkpt>
      <trkpt lat="25.0419458" lon="121.5687333"></trkpt>
      <trkpt lat="25.0415820" lon="121.5687206"></trkpt>
      <trkpt lat="25.0413837" lon="121.5687178"></trkpt>
      <trkpt lat="25.0412134" lon="121.5687117"></trkpt>
      <trkpt lat="25.0411021" lon="121.5687101"></trkpt>
      <trkpt lat="25.0409860" lon="121.5683956"></trkpt>
      <trkpt lat="25.0409071" lon="121.5683926"></trkpt>
      <trkpt lat="25.0404890" lon="121.5683854"></trkpt>
      <trkpt lat="25.0404185" lon="121.5683837"></trkpt>
      <trkpt lat="25.0402299" lon="121.5683801"></trkpt>
      <trkpt lat="25.0400398" lon="121.5683765"></trkpt>
      <trkpt lat="25.0398488" lon="121.5683729"></trkpt>
      <trkpt lat="25.0392061" lon="121.5683612"></trkpt>
      <trkpt lat="25.0392005" lon="121.5684568"></trkpt>
      <trkpt lat="25.0391813" lon="121.5685237"></trkpt>
      <trkpt lat="25.0391658" lon="121.5685870"></trkpt>
      <trkpt lat="25.0391340" lon="121.5686082"></trkpt>
      <trkpt lat="25.0390744" lon="121.5686067"></trkpt>
      <trkpt lat="25.0390107" lon="121.5686065"></trkpt>
      <trkpt lat="25.0389697" lon="121.5685908"></trkpt>
      <trkpt lat="25.0389705" lon="121.5686084"></trkpt>
      <trkpt lat="25.0377456" lon="121.5685967"></trkpt>
      <trkpt lat="25.0377016" lon="121.5686286"></trkpt>
      <trkpt lat="25.0375502" lon="121.5686286"></trkpt>
      <trkpt lat="25.0375448" lon="121.5685702"></trkpt>
      <trkpt lat="25.0374242" lon="121.5685675"></trkpt>
      <trkpt lat="25.0365839" lon="121.5685477"></trkpt>
      <trkpt lat="25.0359240" lon="121.5685303"></trkpt>
      <trkpt lat="25.0358691" lon="121.5685326"></trkpt>
      <trkpt lat="25.0358264" lon="121.5685318"></trkpt>
      <trkpt lat="25.0357396" lon="121.5685287"></trkpt>
      <trkpt lat="25.0357291" lon="121.5685285"></trkpt>
      <trkpt lat="25.0354520" lon="121.5685302"></trkpt>
      <trkpt lat="25.0354255" lon="121.5685293"></trkpt>
      <trkpt lat="25.0354280" lon="121.5685567"></trkpt>
      <trkpt lat="25.0354587" lon="121.5688927"></trkpt>
      <trkpt lat="25.0354546" lon="121.5691119"></trkpt>
      <trkpt lat="25.0353357" lon="121.5691783"></trkpt>
      <trkpt lat="25.0353255" lon="121.5697233"></trkpt>
      <trkpt lat="25.0348631" lon="121.5697128"></trkpt>
      <trkpt lat="25.0348206" lon="121.5697129"></trkpt>
      <trkpt lat="25.0347721" lon="121.5697432"></trkpt>
      <trkpt lat="25.0342797" lon="121.5697314"></trkpt>
      <trkpt lat="25.0342250" lon="121.5697301"></trkpt>
      <trkpt lat="25.0339250" lon="121.5697263"></trkpt>
      <trkpt lat="25.0337043" lon="121.5697194"></trkpt>
      <trkpt lat="25.0336552" lon="121.5697178"></trkpt>
      <trkpt lat="25.0336212" lon="121.5697171"></trkpt>
      <trkpt lat="25.0335932" lon="121.5697165"></trkpt>
      <trkpt lat="25.0330198" lon="121.5696967"></trkpt>
      <trkpt lat="25.0328843" lon="121.5696966"></trkpt>
      <trkpt lat="25.0328932" lon="121.5685369"></trkpt>
      <trkpt lat="25.0327681" lon="121.5685354"></trkpt>
      <trkpt lat="25.0326529" lon="121.5684942"></trkpt>
      <trkpt lat="25.0326238" lon="121.5685183"></trkpt>
      <trkpt lat="25.0318981" lon="121.5684641"></trkpt>
      <trkpt lat="25.0318907" lon="121.5690938"></trkpt>
      <trkpt lat="25.0318759" lon="121.5696528"></trkpt>
      <trkpt lat="25.0318756" lon="121.5696992"></trkpt>
      <trkpt lat="25.0317727" lon="121.5697062"></trkpt>
      <trkpt lat="25.0308680" lon="121.5697251"></trkpt>
      <trkpt lat="25.0303969" lon="121.5697349"></trkpt>
      <trkpt lat="25.0299489" lon="121.5697413"></trkpt>
      <trkpt lat="25.0289580" lon="121.5697380"></trkpt>
      <trkpt lat="25.0284856" lon="121.5697530"></trkpt>
      <trkpt lat="25.0284911" lon="121.5695925"></trkpt>
      <trkpt lat="25.0284967" lon="121.5692167"></trkpt>
      <trkpt lat="25.0285011" lon="121.5689219"></trkpt>
      <trkpt lat="25.0278877" lon="121.5689411"></trkpt>
      <trkpt lat="25.0278031" lon="121.5689438"></trkpt>
      <trkpt lat="25.0276594" lon="121.5689484"></trkpt>
      <trkpt lat="25.0275342" lon="121.5689523"></trkpt>
      <trkpt lat="25.0274759" lon="121.5689738"></trkpt>
      <trkpt lat="25.0273908" lon="121.5690462"></trkpt>
      <trkpt lat="25.0270906" lon="121.5693446"></trkpt>
      <trkpt lat="25.0270589" lon="121.5693761"></trkpt>
      <trkpt lat="25.0270410" lon="121.5693923"></trkpt>
      <trkpt lat="25.0270353" lon="121.5693974"></trkpt>
      <trkpt lat="25.0267689" lon="121.5696374"></trkpt>
      <trkpt lat="25.0264964" lon="121.5691145"></trkpt>
      <trkpt lat="25.0263583" lon="121.5691913"></trkpt>
      <trkpt lat="25.0262021" lon="121.5692782"></trkpt>
      <trkpt lat="25.0256528" lon="121.5695677"></trkpt>
      <trkpt lat="25.0256213" lon="121.5694960"></trkpt>
      <trkpt lat="25.0255303" lon="121.5692893"></trkpt>
      <trkpt lat="25.0254608" lon="121.5691479"></trkpt>
      <trkpt lat="25.0254761" lon="121.5690803"></trkpt>
      <trkpt lat="25.0253987" lon="121.5691133"></trkpt>
      <trkpt lat="25.0251645" lon="121.5692134"></trkpt>
      <trkpt lat="25.0248289" lon="121.5693913"></trkpt>
      <trkpt lat="25.0248084" lon="121.5694022"></trkpt>
      <trkpt lat="25.0247904" lon="121.5694120"></trkpt>
      <trkpt lat="25.0241148" lon="121.5698314"></trkpt>
      <trkpt lat="25.0238686" lon="121.5699687"></trkpt>
      <trkpt lat="25.0236918" lon="121.5700277"></trkpt>
      <trkpt lat="25.0236189" lon="121.5699396"></trkpt>
      <trkpt lat="25.0234657" lon="121.5698447"></trkpt>
      <trkpt lat="25.0234150" lon="121.5698117"></trkpt>
      <trkpt lat="25.0233725" lon="121.5697822"></trkpt>
      <trkpt lat="25.0232347" lon="121.5696884"></trkpt>
      <trkpt lat="25.0231462" lon="121.5696353"></trkpt>
      <trkpt lat="25.0228865" lon="121.5694796"></trkpt>
      <trkpt lat="25.0228635" lon="121.5694657"></trkpt>
      <trkpt lat="25.0226480" lon="121.5693365"></trkpt>
      <trkpt lat="25.0223957" lon="121.5691852"></trkpt>
      <trkpt lat="25.0221441" lon="121.5690393"></trkpt>
      <trkpt lat="25.0218917" lon="121.5688914"></trkpt>
      <trkpt lat="25.0217262" lon="121.5690962"></trkpt>
      <trkpt lat="25.0216002" lon="121.5692652"></trkpt>
      <trkpt lat="25.0214318" lon="121.5694125"></trkpt>
      <trkpt lat="25.0213945" lon="121.5694398"></trkpt>
      <trkpt lat="25.0213354" lon="121.5694472"></trkpt>
      <trkpt lat="25.0212265" lon="121.5694279"></trkpt>
      <trkpt lat="25.0211530" lon="121.5694148"></trkpt>
      <trkpt lat="25.0210183" lon="121.5694540"></trkpt>
      <trkpt lat="25.0208194" lon="121.5695940"></trkpt>
      <trkpt lat="25.0207185" lon="121.5696696"></trkpt>
      <trkpt lat="25.0208194" lon="121.5695940"></trkpt>
      <trkpt lat="25.0210183" lon="121.5694540"></trkpt>
      <trkpt lat="25.0211530" lon="121.5694148"></trkpt>
      <trkpt lat="25.0212265" lon="121.5694279"></trkpt>
      <trkpt lat="25.0213354" lon="121.5694472"></trkpt>
      <trkpt lat="25.0213945" lon="121.5694398"></trkpt>
      <trkpt lat="25.0214318" lon="121.5694125"></trkpt>
      <trkpt lat="25.0216002" lon="121.5692652"></trkpt>
      <trkpt lat="25.0217262" lon="121.5690962"></trkpt>
      <trkpt lat="25.0218917" lon="121.5688914"></trkpt>
      <trkpt lat="25.0221441" lon="121.5690393"></trkpt>
      <trkpt lat="25.0223957" lon="121.5691852"></trkpt>
      <trkpt lat="25.0227464" lon="121.5685079"></trkpt>
      <trkpt lat="25.0227567" lon="121.5684489"></trkpt>
      <trkpt lat="25.0228551" lon="121.5684498"></trkpt>
      <trkpt lat="25.0230028" lon="121.5683728"></trkpt>
      <trkpt lat="25.0231441" lon="121.5683139"></trkpt>
      <trkpt lat="25.0232285" lon="121.5682540"></trkpt>
      <trkpt lat="25.0233575" lon="121.5682218"></trkpt>
      <trkpt lat="25.0234887" lon="121.5682835"></trkpt>
      <trkpt lat="25.0237141" lon="121.5684684"></trkpt>
      <trkpt lat="25.0239851" lon="121.5686219"></trkpt>
      <trkpt lat="25.0242117" lon="121.5681979"></trkpt>
      <trkpt lat="25.0242573" lon="121.5681126"></trkpt>
      <trkpt lat="25.0242635" lon="121.5681035"></trkpt>
      <trkpt lat="25.0243519" lon="121.5679740"></trkpt>
      <trkpt lat="25.0244943" lon="121.5678459"></trkpt>
      <trkpt lat="25.0246922" lon="121.5676327"></trkpt>
      <trkpt lat="25.0247100" lon="121.5676049"></trkpt>
      <trkpt lat="25.0248015" lon="121.5674720"></trkpt>
      <trkpt lat="25.0248470" lon="121.5674084"></trkpt>
      <trkpt lat="25.0248546" lon="121.5673986"></trkpt>
      <trkpt lat="25.0253021" lon="121.5668134"></trkpt>
      <trkpt lat="25.0253308" lon="121.5667922"></trkpt>
      <trkpt lat="25.0254551" lon="121.5667134"></trkpt>
      <trkpt lat="25.0257716" lon="121.5664718"></trkpt>
      <trkpt lat="25.0261158" lon="121.5662188"></trkpt>
      <trkpt lat="25.0262105" lon="121.5661485"></trkpt>
      <trkpt lat="25.0265113" lon="121.5659114"></trkpt>
      <trkpt lat="25.0265080" lon="121.5654029"></trkpt>
      <trkpt lat="25.0264856" lon="121.5646597"></trkpt>
      <trkpt lat="25.0264801" lon="121.5643154"></trkpt>
      <trkpt lat="25.0264785" lon="121.5642189"></trkpt>
      <trkpt lat="25.0267174" lon="121.5639868"></trkpt>
      <trkpt lat="25.0267609" lon="121.5639445"></trkpt>
      <trkpt lat="25.0267226" lon="121.5638946"></trkpt>
      <trkpt lat="25.0265881" lon="121.5637200"></trkpt>
      <trkpt lat="25.0262817" lon="121.5633588"></trkpt>
      <trkpt lat="25.0262476" lon="121.5633207"></trkpt>
      <trkpt lat="25.0259834" lon="121.5630258"></trkpt>
      <trkpt lat="25.0259490" lon="121.5629876"></trkpt>
      <trkpt lat="25.0258450" lon="121.5628723"></trkpt>
      <trkpt lat="25.0257088" lon="121.5626802"></trkpt>
      <trkpt lat="25.0255759" lon="121.5625188"></trkpt>
      <trkpt lat="25.0256728" lon="121.5623641"></trkpt>
      <trkpt lat="25.0259696" lon="121.5620846"></trkpt>
      <trkpt lat="25.0260729" lon="121.5619784"></trkpt>
      <trkpt lat="25.0260821" lon="121.5617089"></trkpt>
      <trkpt lat="25.0260113" lon="121.5616169"></trkpt>
      <trkpt lat="25.0262287" lon="121.5614208"></trkpt>
      <trkpt lat="25.0262865" lon="121.5613687"></trkpt>
      <trkpt lat="25.0260797" lon="121.5610997"></trkpt>
      <trkpt lat="25.0259779" lon="121.5609662"></trkpt>
      <trkpt lat="25.0259577" lon="121.5609363"></trkpt>
      <trkpt lat="25.0258696" lon="121.5608541"></trkpt>
      <trkpt lat="25.0259019" lon="121.5607736"></trkpt>
      <trkpt lat="25.0259120" lon="121.5606868"></trkpt>
      <trkpt lat="25.0259174" lon="121.5602597"></trkpt>
      <trkpt lat="25.0259516" lon="121.5594685"></trkpt>
      <trkpt lat="25.0259509" lon="121.5593989"></trkpt>
      <trkpt lat="25.0259512" lon="121.5591136"></trkpt>
      <trkpt lat="25.0259606" lon="121.5588646"></trkpt>
      <trkpt lat="25.0259806" lon="121.5583583"></trkpt>
      <trkpt lat="25.0260252" lon="121.5579026"></trkpt>
      <trkpt lat="25.0260503" lon="121.5578206"></trkpt>
      <trkpt lat="25.0260963" lon="121.5576702"></trkpt>
      <trkpt lat="25.0261004" lon="121.5576403"></trkpt>
      <trkpt lat="25.0261227" lon="121.5574772"></trkpt>
      <trkpt lat="25.0259953" lon="121.5573724"></trkpt>
      <trkpt lat="25.0259764" lon="121.5573506"></trkpt>
      <trkpt lat="25.0256570" lon="121.5567829"></trkpt>
      <trkpt lat="25.0254447" lon="121.5565893"></trkpt>
      <trkpt lat="25.0253780" lon="121.5565339"></trkpt>
      <trkpt lat="25.0252772" lon="121.5564513"></trkpt>
      <trkpt lat="25.0248510" lon="121.5561531"></trkpt>
      <trkpt lat="25.0247861" lon="121.5561048"></trkpt>
      <trkpt lat="25.0247387" lon="121.5560518"></trkpt>
      <trkpt lat="25.0246343" lon="121.5559849"></trkpt>
      <trkpt lat="25.0245287" lon="121.5559362"></trkpt>
      <trkpt lat="25.0244234" lon="121.5559020"></trkpt>
      <trkpt lat="25.0241207" lon="121.5558335"></trkpt>
      <trkpt lat="25.0240442" lon="121.5558100"></trkpt>
      <trkpt lat="25.0240306" lon="121.5558606"></trkpt>
      <trkpt lat="25.0238868" lon="121.5561978"></trkpt>
      <trkpt lat="25.0238581" lon="121.5562615"></trkpt>
      <trkpt lat="25.0238170" lon="121.5563174"></trkpt>
      <trkpt lat="25.0236377" lon="121.5568085"></trkpt>
      <trkpt lat="25.0236137" lon="121.5568434"></trkpt>
      <trkpt lat="25.0235988" lon="121.5568995"></trkpt>
      <trkpt lat="25.0234259" lon="121.5571593"></trkpt>
      <trkpt lat="25.0233893" lon="121.5572201"></trkpt>
      <trkpt lat="25.0233728" lon="121.5572881"></trkpt>
      <trkpt lat="25.0233570" lon="121.5575423"></trkpt>
      <trkpt lat="25.0233520" lon="121.5576243"></trkpt>
      <trkpt lat="25.0233418" lon="121.5577587"></trkpt>
      <trkpt lat="25.0233185" lon="121.5581820"></trkpt>
      <trkpt lat="25.0233158" lon="121.5583186"></trkpt>
      <trkpt lat="25.0233089" lon="121.5584435"></trkpt>
      <trkpt lat="25.0232874" lon="121.5585492"></trkpt>
      <trkpt lat="25.0232621" lon="121.5586197"></trkpt>
      <trkpt lat="25.0232349" lon="121.5586741"></trkpt>
      <trkpt lat="25.0231882" lon="121.5587137"></trkpt>
      <trkpt lat="25.0231005" lon="121.5587760"></trkpt>
      <trkpt lat="25.0229768" lon="121.5588731"></trkpt>
      <trkpt lat="25.0228051" lon="121.5589861"></trkpt>
      <trkpt lat="25.0227539" lon="121.5590573"></trkpt>
      <trkpt lat="25.0226583" lon="121.5592675"></trkpt>
      <trkpt lat="25.0225808" lon="121.5593609"></trkpt>
      <trkpt lat="25.0224993" lon="121.5594592"></trkpt>
      <trkpt lat="25.0224335" lon="121.5596471"></trkpt>
      <trkpt lat="25.0223454" lon="121.5597630"></trkpt>
      <trkpt lat="25.0221467" lon="121.5599043"></trkpt>
      <trkpt lat="25.0220225" lon="121.5599468"></trkpt>
      <trkpt lat="25.0219934" lon="121.5599518"></trkpt>
      <trkpt lat="25.0219194" lon="121.5599789"></trkpt>
      <trkpt lat="25.0218497" lon="121.5600352"></trkpt>
      <trkpt lat="25.0218251" lon="121.5601459"></trkpt>
      <trkpt lat="25.0218144" lon="121.5602618"></trkpt>
      <trkpt lat="25.0218186" lon="121.5603910"></trkpt>
      <trkpt lat="25.0217914" lon="121.5605049"></trkpt>
      <trkpt lat="25.0217393" lon="121.5605751"></trkpt>
      <trkpt lat="25.0216742" lon="121.5606969"></trkpt>
      <trkpt lat="25.0216449" lon="121.5607901"></trkpt>
      <trkpt lat="25.0216554" lon="121.5608834"></trkpt>
      <trkpt lat="25.0216605" lon="121.5609433"></trkpt>
      <trkpt lat="25.0216547" lon="121.5609739"></trkpt>
      <trkpt lat="25.0216389" lon="121.5610066"></trkpt>
      <trkpt lat="25.0215883" lon="121.5610717"></trkpt>
      <trkpt lat="25.0213453" lon="121.5611741"></trkpt>
      <trkpt lat="25.0212077" lon="121.5612110"></trkpt>
      <trkpt lat="25.0210048" lon="121.5611882"></trkpt>
      <trkpt lat="25.0209392" lon="121.5612151"></trkpt>
      <trkpt lat="25.0208666" lon="121.5613032"></trkpt>
      <trkpt lat="25.0207999" lon="121.5613843"></trkpt>
      <trkpt lat="25.0207505" lon="121.5614252"></trkpt>
      <trkpt lat="25.0206747" lon="121.5614612"></trkpt>
      <trkpt lat="25.0204972" lon="121.5614850"></trkpt>
      <trkpt lat="25.0203332" lon="121.5615029"></trkpt>
      <trkpt lat="25.0202198" lon="121.5614636"></trkpt>
      <trkpt lat="25.0201519" lon="121.5614095"></trkpt>
      <trkpt lat="25.0200930" lon="121.5613804"></trkpt>
      <trkpt lat="25.0200174" lon="121.5613662"></trkpt>
      <trkpt lat="25.0199601" lon="121.5613748"></trkpt>
      <trkpt lat="25.0198529" lon="121.5614203"></trkpt>
      <trkpt lat="25.0195649" lon="121.5615427"></trkpt>
      <trkpt lat="25.0195172" lon="121.5615515"></trkpt>
      <trkpt lat="25.0194812" lon="121.5615475"></trkpt>
      <trkpt lat="25.0191822" lon="121.5614877"></trkpt>
      <trkpt lat="25.0190865" lon="121.5614593"></trkpt>
      <trkpt lat="25.0189098" lon="121.5614328"></trkpt>
      <trkpt lat="25.0186770" lon="121.5614527"></trkpt>
      <trkpt lat="25.0185639" lon="121.5614440"></trkpt>
      <trkpt lat="25.0181877" lon="121.5613525"></trkpt>
      <trkpt lat="25.0180824" lon="121.5613648"></trkpt>
      <trkpt lat="25.0179865" lon="121.5613906"></trkpt>
      <trkpt lat="25.0179392" lon="121.5614246"></trkpt>
      <trkpt lat="25.0179299" lon="121.5614950"></trkpt>
      <trkpt lat="25.0179325" lon="121.5615718"></trkpt>
      <trkpt lat="25.0179530" lon="121.5616535"></trkpt>
      <trkpt lat="25.0179898" lon="121.5617514"></trkpt>
      <trkpt lat="25.0180684" lon="121.5618858"></trkpt>
      <trkpt lat="25.0180898" lon="121.5619497"></trkpt>
      <trkpt lat="25.0180971" lon="121.5620244"></trkpt>
      <trkpt lat="25.0180722" lon="121.5620982"></trkpt>
      <trkpt lat="25.0179955" lon="121.5622602"></trkpt>
      <trkpt lat="25.0179911" lon="121.5623166"></trkpt>
      <trkpt lat="25.0179884" lon="121.5623463"></trkpt>
      <trkpt lat="25.0180182" lon="121.5625229"></trkpt>
      <trkpt lat="25.0180535" lon="121.5626204"></trkpt>
      <trkpt lat="25.0181023" lon="121.5626968"></trkpt>
      <trkpt lat="25.0181628" lon="121.5627754"></trkpt>
      <trkpt lat="25.0181986" lon="121.5628614"></trkpt>
      <trkpt lat="25.0182100" lon="121.5629056"></trkpt>
      <trkpt lat="25.0182010" lon="121.5630633"></trkpt>
      <trkpt lat="25.0182087" lon="121.5631230"></trkpt>
      <trkpt lat="25.0182478" lon="121.5631877"></trkpt>
      <trkpt lat="25.0183671" lon="121.5633337"></trkpt>
      <trkpt lat="25.0183774" lon="121.5633629"></trkpt>
      <trkpt lat="25.0183903" lon="121.5634236"></trkpt>
      <trkpt lat="25.0183727" lon="121.5634901"></trkpt>
      <trkpt lat="25.0183371" lon="121.5635582"></trkpt>
      <trkpt lat="25.0182486" lon="121.5636568"></trkpt>
      <trkpt lat="25.0181617" lon="121.5637220"></trkpt>
      <trkpt lat="25.0180495" lon="121.5637533"></trkpt>
      <trkpt lat="25.0178956" lon="121.5637517"></trkpt>
      <trkpt lat="25.0175826" lon="121.5637384"></trkpt>
      <trkpt lat="25.0175253" lon="121.5637415"></trkpt>
      <trkpt lat="25.0174690" lon="121.5637830"></trkpt>
      <trkpt lat="25.0174370" lon="121.5638529"></trkpt>
      <trkpt lat="25.0173879" lon="121.5639744"></trkpt>
      <trkpt lat="25.0173422" lon="121.5640648"></trkpt>
      <trkpt lat="25.0173879" lon="121.5639744"></trkpt>
      <trkpt lat="25.0174370" lon="121.5638529"></trkpt>
      <trkpt lat="25.0174690" lon="121.5637830"></trkpt>
      <trkpt lat="25.0175253" lon="121.5637415"></trkpt>
      <trkpt lat="25.0175826" lon="121.5637384"></trkpt>
      <trkpt lat="25.0178956" lon="121.5637517"></trkpt>
      <trkpt lat="25.0180495" lon="121.5637533"></trkpt>
      <trkpt lat="25.0181617" lon="121.5637220"></trkpt>
      <trkpt lat="25.0182486" lon="121.5636568"></trkpt>
      <trkpt lat="25.0183371" lon="121.5635582"></trkpt>
      <trkpt lat="25.0183727" lon="121.5634901"></trkpt>
      <trkpt lat="25.0183903" lon="121.5634236"></trkpt>
      <trkpt lat="25.0183774" lon="121.5633629"></trkpt>
      <trkpt lat="25.0183671" lon="121.5633337"></trkpt>
      <trkpt lat="25.0182478" lon="121.5631877"></trkpt>
      <trkpt lat="25.0182087" lon="121.5631230"></trkpt>
      <trkpt lat="25.0182010" lon="121.5630633"></trkpt>
      <trkpt lat="25.0182100" lon="121.5629056"></trkpt>
      <trkpt lat="25.0181986" lon="121.5628614"></trkpt>
      <trkpt lat="25.0181628" lon="121.5627754"></trkpt>
      <trkpt lat="25.0181023" lon="121.5626968"></trkpt>
      <trkpt lat="25.0180535" lon="121.5626204"></trkpt>
      <trkpt lat="25.0180182" lon="121.5625229"></trkpt>
      <trkpt lat="25.0179884" lon="121.5623463"></trkpt>
      <trkpt lat="25.0179911" lon="121.5623166"></trkpt>
      <trkpt lat="25.0179955" lon="121.5622602"></trkpt>
      <trkpt lat="25.0180722" lon="121.5620982"></trkpt>
      <trkpt lat="25.0180971" lon="121.5620244"></trkpt>
      <trkpt lat="25.0180898" lon="121.5619497"></trkpt>
      <trkpt lat="25.0180684" lon="121.5618858"></trkpt>
      <trkpt lat="25.0179898" lon="121.5617514"></trkpt>
      <trkpt lat="25.0179530" lon="121.5616535"></trkpt>
      <trkpt lat="25.0179325" lon="121.5615718"></trkpt>
      <trkpt lat="25.0179299" lon="121.5614950"></trkpt>
      <trkpt lat="25.0179392" lon="121.5614246"></trkpt>
      <trkpt lat="25.0179865" lon="121.5613906"></trkpt>
      <trkpt lat="25.0180824" lon="121.5613648"></trkpt>
      <trkpt lat="25.0181877" lon="121.5613525"></trkpt>
      <trkpt lat="25.0185639" lon="121.5614440"></trkpt>
      <trkpt lat="25.0186770" lon="121.5614527"></trkpt>
      <trkpt lat="25.0189098" lon="121.5614328"></trkpt>
      <trkpt lat="25.0190865" lon="121.5614593"></trkpt>
      <trkpt lat="25.0191822" lon="121.5614877"></trkpt>
      <trkpt lat="25.0194812" lon="121.5615475"></trkpt>
      <trkpt lat="25.0195172" lon="121.5615515"></trkpt>
      <trkpt lat="25.0195649" lon="121.5615427"></trkpt>
      <trkpt lat="25.0198529" lon="121.5614203"></trkpt>
      <trkpt lat="25.0199601" lon="121.5613748"></trkpt>
      <trkpt lat="25.0200174" lon="121.5613662"></trkpt>
      <trkpt lat="25.0200930" lon="121.5613804"></trkpt>
      <trkpt lat="25.0201519" lon="121.5614095"></trkpt>
      <trkpt lat="25.0202198" lon="121.5614636"></trkpt>
      <trkpt lat="25.0203332" lon="121.5615029"></trkpt>
      <trkpt lat="25.0204972" lon="121.5614850"></trkpt>
      <trkpt lat="25.0206747" lon="121.5614612"></trkpt>
      <trkpt lat="25.0207505" lon="121.5614252"></trkpt>
      <trkpt lat="25.0207999" lon="121.5613843"></trkpt>
      <trkpt lat="25.0208666" lon="121.5613032"></trkpt>
      <trkpt lat="25.0209392" lon="121.5612151"></trkpt>
      <trkpt lat="25.0210048" lon="121.5611882"></trkpt>
      <trkpt lat="25.0212077" lon="121.5612110"></trkpt>
      <trkpt lat="25.0213453" lon="121.5611741"></trkpt>
      <trkpt lat="25.0215883" lon="121.5610717"></trkpt>
      <trkpt lat="25.0216389" lon="121.5610066"></trkpt>
      <trkpt lat="25.0216547" lon="121.5609739"></trkpt>
      <trkpt lat="25.0216605" lon="121.5609433"></trkpt>
      <trkpt lat="25.0216554" lon="121.5608834"></trkpt>
      <trkpt lat="25.0216449" lon="121.5607901"></trkpt>
      <trkpt lat="25.0216742" lon="121.5606969"></trkpt>
      <trkpt lat="25.0217393" lon="121.5605751"></trkpt>
      <trkpt lat="25.0217914" lon="121.5605049"></trkpt>
      <trkpt lat="25.0218186" lon="121.5603910"></trkpt>
      <trkpt lat="25.0218144" lon="121.5602618"></trkpt>
      <trkpt lat="25.0218251" lon="121.5601459"></trkpt>
      <trkpt lat="25.0218497" lon="121.5600352"></trkpt>
      <trkpt lat="25.0219194" lon="121.5599789"></trkpt>
      <trkpt lat="25.0219934" lon="121.5599518"></trkpt>
      <trkpt lat="25.0220225" lon="121.5599468"></trkpt>
      <trkpt lat="25.0221467" lon="121.5599043"></trkpt>
      <trkpt lat="25.0223454" lon="121.5597630"></trkpt>
      <trkpt lat="25.0224335" lon="121.5596471"></trkpt>
      <trkpt lat="25.0224993" lon="121.5594592"></trkpt>
      <trkpt lat="25.0225808" lon="121.5593609"></trkpt>
      <trkpt lat="25.0226583" lon="121.5592675"></trkpt>
      <trkpt lat="25.0227539" lon="121.5590573"></trkpt>
      <trkpt lat="25.0228051" lon="121.5589861"></trkpt>
      <trkpt lat="25.0229768" lon="121.5588731"></trkpt>
      <trkpt lat="25.0231005" lon="121.5587760"></trkpt>
      <trkpt lat="25.0231882" lon="121.5587137"></trkpt>
      <trkpt lat="25.0232349" lon="121.5586741"></trkpt>
      <trkpt lat="25.0232621" lon="121.5586197"></trkpt>
      <trkpt lat="25.0232874" lon="121.5585492"></trkpt>
      <trkpt lat="25.0233089" lon="121.5584435"></trkpt>
      <trkpt lat="25.0233158" lon="121.5583186"></trkpt>
      <trkpt lat="25.0233185" lon="121.5581820"></trkpt>
      <trkpt lat="25.0230131" lon="121.5580087"></trkpt>
      <trkpt lat="25.0229094" lon="121.5579490"></trkpt>
      <trkpt lat="25.0227701" lon="121.5577360"></trkpt>
      <trkpt lat="25.0227528" lon="121.5577183"></trkpt>
      <trkpt lat="25.0226962" lon="121.5576724"></trkpt>
      <trkpt lat="25.0226048" lon="121.5574734"></trkpt>
      <trkpt lat="25.0222288" lon="121.5576522"></trkpt>
      <trkpt lat="25.0218956" lon="121.5578624"></trkpt>
      <trkpt lat="25.0215659" lon="121.5580641"></trkpt>
      <trkpt lat="25.0211976" lon="121.5582783"></trkpt>
      <trkpt lat="25.0208381" lon="121.5584837"></trkpt>
      <trkpt lat="25.0206392" lon="121.5581050"></trkpt>
      <trkpt lat="25.0202505" lon="121.5583567"></trkpt>
      <trkpt lat="25.0200661" lon="121.5579894"></trkpt>
      <trkpt lat="25.0197211" lon="121.5575816"></trkpt>
      <trkpt lat="25.0196264" lon="121.5574693"></trkpt>
      <trkpt lat="25.0195609" lon="121.5575401"></trkpt>
      <trkpt lat="25.0194015" lon="121.5577124"></trkpt>
      <trkpt lat="25.0191256" lon="121.5580109"></trkpt>
      <trkpt lat="25.0190967" lon="121.5579851"></trkpt>
      <trkpt lat="25.0187968" lon="121.5583093"></trkpt>
      <trkpt lat="25.0187264" lon="121.5583382"></trkpt>
      <trkpt lat="25.0186328" lon="121.5583248"></trkpt>
      <trkpt lat="25.0185507" lon="121.5582616"></trkpt>
      <trkpt lat="25.0185106" lon="121.5581524"></trkpt>
      <trkpt lat="25.0185644" lon="121.5574546"></trkpt>
      <trkpt lat="25.0185673" lon="121.5573964"></trkpt>
      <trkpt lat="25.0185707" lon="121.5573288"></trkpt>
      <trkpt lat="25.0186147" lon="121.5569555"></trkpt>
      <trkpt lat="25.0186194" lon="121.5569206"></trkpt>
      <trkpt lat="25.0186199" lon="121.5568744"></trkpt>
      <trkpt lat="25.0186207" lon="121.5568106"></trkpt>
      <trkpt lat="25.0186151" lon="121.5566383"></trkpt>
      <trkpt lat="25.0186418" lon="121.5563145"></trkpt>
      <trkpt lat="25.0186461" lon="121.5562474"></trkpt>
      <trkpt lat="25.0186498" lon="121.5561200"></trkpt>
      <trkpt lat="25.0186838" lon="121.5557277"></trkpt>
      <trkpt lat="25.0186996" lon="121.5552637"></trkpt>
      <trkpt lat="25.0187294" lon="121.5548982"></trkpt>
      <trkpt lat="25.0187321" lon="121.5548483"></trkpt>
      <trkpt lat="25.0188071" lon="121.5547814"></trkpt>
      <trkpt lat="25.0188463" lon="121.5547050"></trkpt>
      <trkpt lat="25.0188772" lon="121.5546450"></trkpt>
      <trkpt lat="25.0188465" lon="121.5545375"></trkpt>
      <trkpt lat="25.0188318" lon="121.5544637"></trkpt>
      <trkpt lat="25.0190761" lon="121.5542144"></trkpt>
      <trkpt lat="25.0193654" lon="121.5538550"></trkpt>
      <trkpt lat="25.0187848" lon="121.5531788"></trkpt>
      <trkpt lat="25.0190990" lon="121.5527941"></trkpt>
      <trkpt lat="25.0187925" lon="121.5524459"></trkpt>
      <trkpt lat="25.0194488" lon="121.5516744"></trkpt>
      <trkpt lat="25.0191486" lon="121.5515017"></trkpt>
      <trkpt lat="25.0190904" lon="121.5514682"></trkpt>
      <trkpt lat="25.0186735" lon="121.5512262"></trkpt>
      <trkpt lat="25.0184737" lon="121.5510221"></trkpt>
      <trkpt lat="25.0183878" lon="121.5509533"></trkpt>
      <trkpt lat="25.0184204" lon="121.5508732"></trkpt>
      <trkpt lat="25.0186884" lon="121.5505838"></trkpt>
      <trkpt lat="25.0187107" lon="121.5506018"></trkpt>
      <trkpt lat="25.0187746" lon="121.5505251"></trkpt>
      <trkpt lat="25.0188321" lon="121.5504487"></trkpt>
      <trkpt lat="25.0189117" lon="121.5503428"></trkpt>
      <trkpt lat="25.0203001" lon="121.5487169"></trkpt>
      <trkpt lat="25.0202368" lon="121.5486473"></trkpt>
      <trkpt lat="25.0204387" lon="121.5484141"></trkpt>
      <trkpt lat="25.0203882" lon="121.5483651"></trkpt>
      <trkpt lat="25.0203660" lon="121.5483319"></trkpt>
      <trkpt lat="25.0203497" lon="121.5483136"></trkpt>
      <trkpt lat="25.0198935" lon="121.5478201"></trkpt>
      <trkpt lat="25.0192877" lon="121.5471153"></trkpt>
      <trkpt lat="25.0192394" lon="121.5470763"></trkpt>
      <trkpt lat="25.0192936" lon="121.5470111"></trkpt>
      <trkpt lat="25.0194471" lon="121.5468125"></trkpt>
      <trkpt lat="25.0194338" lon="121.5467929"></trkpt>
      <trkpt lat="25.0193911" lon="121.5467398"></trkpt>
      <trkpt lat="25.0191113" lon="121.5463845"></trkpt>
      <trkpt lat="25.0190502" lon="121.5463052"></trkpt>
      <trkpt lat="25.0190253" lon="121.5462850"></trkpt>
      <trkpt lat="25.0188756" lon="121.5461044"></trkpt>
      <trkpt lat="25.0185458" lon="121.5456996"></trkpt>
      <trkpt lat="25.0185827" lon="121.5456629"></trkpt>
      <trkpt lat="25.0186071" lon="121.5456387"></trkpt>
      <trkpt lat="25.0186634" lon="121.5455828"></trkpt>
      <trkpt lat="25.0185717" lon="121.5453649"></trkpt>
      <trkpt lat="25.0184841" lon="121.5451566"></trkpt>
      <trkpt lat="25.0183811" lon="121.5449002"></trkpt>
      <trkpt lat="25.0183009" lon="121.5447006"></trkpt>
      <trkpt lat="25.0181563" lon="121.5443412"></trkpt>
      <trkpt lat="25.0179959" lon="121.5439487"></trkpt>
      <trkpt lat="25.0179763" lon="121.5438985"></trkpt>
      <trkpt lat="25.0179341" lon="121.5437905"></trkpt>
      <trkpt lat="25.0178715" lon="121.5436300"></trkpt>
      <trkpt lat="25.0178385" lon="121.5435455"></trkpt>
      <trkpt lat="25.0178308" lon="121.5435268"></trkpt>
      <trkpt lat="25.0178554" lon="121.5434790"></trkpt>
      <trkpt lat="25.0179192" lon="121.5434474"></trkpt>
      <trkpt lat="25.0185122" lon="121.5431632"></trkpt>
      <trkpt lat="25.0185144" lon="121.5431836"></trkpt>
      <trkpt lat="25.0185149" lon="121.5432414"></trkpt>
      <trkpt lat="25.0185446" lon="121.5432723"></trkpt>
      <trkpt lat="25.0190623" lon="121.5432499"></trkpt>
      <trkpt lat="25.0190615" lon="121.5432263"></trkpt>
      <trkpt lat="25.0190468" lon="121.5428173"></trkpt>
      <trkpt lat="25.0190452" lon="121.5427721"></trkpt>
      <trkpt lat="25.0190419" lon="121.5426236"></trkpt>
      <trkpt lat="25.0190396" lon="121.5425200"></trkpt>
      <trkpt lat="25.0190642" lon="121.5424716"></trkpt>
      <trkpt lat="25.0190628" lon="121.5423752"></trkpt>
      <trkpt lat="25.0190616" lon="121.5422892"></trkpt>
      <trkpt lat="25.0190606" lon="121.5422175"></trkpt>
      <trkpt lat="25.0190583" lon="121.5420591"></trkpt>
      <trkpt lat="25.0190562" lon="121.5419117"></trkpt>
      <trkpt lat="25.0190560" lon="121.5418966"></trkpt>
      <trkpt lat="25.0190543" lon="121.5417799"></trkpt>
      <trkpt lat="25.0190487" lon="121.5413806"></trkpt>
      <trkpt lat="25.0190471" lon="121.5412703"></trkpt>
      <trkpt lat="25.0193006" lon="121.5412636"></trkpt>
      <trkpt lat="25.0193685" lon="121.5412618"></trkpt>
      <trkpt lat="25.0193671" lon="121.5411728"></trkpt>
      <trkpt lat="25.0193648" lon="121.5409997"></trkpt>
      <trkpt lat="25.0193561" lon="121.5403643"></trkpt>
      <trkpt lat="25.0193552" lon="121.5403001"></trkpt>
      <trkpt lat="25.0193513" lon="121.5400135"></trkpt>
      <trkpt lat="25.0193504" lon="121.5399475"></trkpt>
      <trkpt lat="25.0193490" lon="121.5398410"></trkpt>
      <trkpt lat="25.0193387" lon="121.5390851"></trkpt>
      <trkpt lat="25.0193368" lon="121.5389460"></trkpt>
      <trkpt lat="25.0192562" lon="121.5389479"></trkpt>
      <trkpt lat="25.0189475" lon="121.5389554"></trkpt>
      <trkpt lat="25.0189458" lon="121.5388790"></trkpt>
      <trkpt lat="25.0189426" lon="121.5387217"></trkpt>
      <trkpt lat="25.0189418" lon="121.5386854"></trkpt>
      <trkpt lat="25.0189372" lon="121.5384593"></trkpt>
      <trkpt lat="25.0189369" lon="121.5384442"></trkpt>
      <trkpt lat="25.0189185" lon="121.5379448"></trkpt>
      <trkpt lat="25.0189193" lon="121.5375912"></trkpt>
      <trkpt lat="25.0188134" lon="121.5375866"></trkpt>
      <trkpt lat="25.0187567" lon="121.5375856"></trkpt>
      <trkpt lat="25.0187330" lon="121.5376169"></trkpt>
      <trkpt lat="25.0186169" lon="121.5376182"></trkpt>
      <trkpt lat="25.0184588" lon="121.5376209"></trkpt>
      <trkpt lat="25.0183836" lon="121.5376221"></trkpt>
      <trkpt lat="25.0183829" lon="121.5375733"></trkpt>
      <trkpt lat="25.0183810" lon="121.5374320"></trkpt>
      <trkpt lat="25.0183803" lon="121.5373794"></trkpt>
      <trkpt lat="25.0183793" lon="121.5373057"></trkpt>
      <trkpt lat="25.0183775" lon="121.5371735"></trkpt>
      <trkpt lat="25.0183771" lon="121.5371439"></trkpt>
      <trkpt lat="25.0183764" lon="121.5370953"></trkpt>
      <trkpt lat="25.0183736" lon="121.5368878"></trkpt>
      <trkpt lat="25.0183716" lon="121.5367449"></trkpt>
      <trkpt lat="25.0183696" lon="121.5366004"></trkpt>
      <trkpt lat="25.0183668" lon="121.5363952"></trkpt>
      <trkpt lat="25.0183659" lon="121.5363295"></trkpt>
      <trkpt lat="25.0183649" lon="121.5362546"></trkpt>
      <trkpt lat="25.0183611" lon="121.5359768"></trkpt>
      <trkpt lat="25.0183598" lon="121.5358779"></trkpt>
      <trkpt lat="25.0183549" lon="121.5355255"></trkpt>
      <trkpt lat="25.0183501" lon="121.5351758"></trkpt>
      <trkpt lat="25.0183439" lon="121.5347220"></trkpt>
      <trkpt lat="25.0183423" lon="121.5346028"></trkpt>
      <trkpt lat="25.0183400" lon="121.5344379"></trkpt>
      <trkpt lat="25.0183374" lon="121.5342495"></trkpt>
      <trkpt lat="25.0183366" lon="121.5341939"></trkpt>
      <trkpt lat="25.0183349" lon="121.5340638"></trkpt>
      <trkpt lat="25.0183336" lon="121.5339648"></trkpt>
      <trkpt lat="25.0183327" lon="121.5339002"></trkpt>
      <trkpt lat="25.0183341" lon="121.5338881"></trkpt>
      <trkpt lat="25.0183407" lon="121.5338334"></trkpt>
      <trkpt lat="25.0183454" lon="121.5338019"></trkpt>
      <trkpt lat="25.0186129" lon="121.5338586"></trkpt>
      <trkpt lat="25.0186285" lon="121.5338619"></trkpt>
      <trkpt lat="25.0188572" lon="121.5339113"></trkpt>
      <trkpt lat="25.0191243" lon="121.5339690"></trkpt>
      <trkpt lat="25.0191745" lon="121.5339821"></trkpt>
      <trkpt lat="25.0191822" lon="121.5339295"></trkpt>
      <trkpt lat="25.0191970" lon="121.5338551"></trkpt>
      <trkpt lat="25.0203768" lon="121.5340974"></trkpt>
      <trkpt lat="25.0204356" lon="121.5341095"></trkpt>
      <trkpt lat="25.0208673" lon="121.5341982"></trkpt>
      <trkpt lat="25.0210132" lon="121.5342282"></trkpt>
      <trkpt lat="25.0216039" lon="121.5343496"></trkpt>
      <trkpt lat="25.0217980" lon="121.5343895"></trkpt>
      <trkpt lat="25.0220660" lon="121.5344444"></trkpt>
      <trkpt lat="25.0220739" lon="121.5343302"></trkpt>
      <trkpt lat="25.0216590" lon="121.5342447"></trkpt>
      <trkpt lat="25.0215015" lon="121.5342124"></trkpt>
      <trkpt lat="25.0212019" lon="121.5341509"></trkpt>
      <trkpt lat="25.0212153" lon="121.5340729"></trkpt>
      <trkpt lat="25.0216696" lon="121.5341695"></trkpt>
      <trkpt lat="25.0220793" lon="121.5342534"></trkpt>
      <trkpt lat="25.0221101" lon="121.5342275"></trkpt>
      <trkpt lat="25.0221690" lon="121.5341780"></trkpt>
      <trkpt lat="25.0222426" lon="121.5341971"></trkpt>
      <trkpt lat="25.0223175" lon="121.5342166"></trkpt>
      <trkpt lat="25.0223890" lon="121.5342352"></trkpt>
      <trkpt lat="25.0224609" lon="121.5342539"></trkpt>
      <trkpt lat="25.0225306" lon="121.5342720"></trkpt>
      <trkpt lat="25.0226379" lon="121.5342999"></trkpt>
      <trkpt lat="25.0227451" lon="121.5343277"></trkpt>
      <trkpt lat="25.0227871" lon="121.5343116"></trkpt>
      <trkpt lat="25.0238104" lon="121.5344429"></trkpt>
      <trkpt lat="25.0239735" lon="121.5344552"></trkpt>
      <trkpt lat="25.0240450" lon="121.5344603"></trkpt>
      <trkpt lat="25.0245107" lon="121.5345117"></trkpt>
      <trkpt lat="25.0248428" lon="121.5345500"></trkpt>
      <trkpt lat="25.0250218" lon="121.5345732"></trkpt>
      <trkpt lat="25.0254630" lon="121.5346269"></trkpt>
      <trkpt lat="25.0258404" lon="121.5346705"></trkpt>
      <trkpt lat="25.0258878" lon="121.5346712"></trkpt>
      <trkpt lat="25.0258730" lon="121.5347718"></trkpt>
      <trkpt lat="25.0258528" lon="121.5349094"></trkpt>
      <trkpt lat="25.0258388" lon="121.5350052"></trkpt>
      <trkpt lat="25.0258406" lon="121.5350160"></trkpt>
      <trkpt lat="25.0258394" lon="121.5350628"></trkpt>
      <trkpt lat="25.0258210" lon="121.5351813"></trkpt>
      <trkpt lat="25.0257744" lon="121.5356092"></trkpt>
      <trkpt lat="25.0257290" lon="121.5359272"></trkpt>
      <trkpt lat="25.0256269" lon="121.5366798"></trkpt>
      <trkpt lat="25.0255812" lon="121.5369945"></trkpt>
      <trkpt lat="25.0255335" lon="121.5373103"></trkpt>
      <trkpt lat="25.0255180" lon="121.5373526"></trkpt>
      <trkpt lat="25.0255009" lon="121.5374542"></trkpt>
      <trkpt lat="25.0254180" lon="121.5379116"></trkpt>
      <trkpt lat="25.0254044" lon="121.5379832"></trkpt>
      <trkpt lat="25.0254485" lon="121.5380044"></trkpt>
      <trkpt lat="25.0254263" lon="121.5381774"></trkpt>
      <trkpt lat="25.0253551" lon="121.5386769"></trkpt>
      <trkpt lat="25.0253336" lon="121.5388168"></trkpt>
      <trkpt lat="25.0253264" lon="121.5388704"></trkpt>
      <trkpt lat="25.0252785" lon="121.5392238"></trkpt>
      <trkpt lat="25.0252152" lon="121.5396914"></trkpt>
      <trkpt lat="25.0252081" lon="121.5397436"></trkpt>
      <trkpt lat="25.0251982" lon="121.5398167"></trkpt>
      <trkpt lat="25.0252081" lon="121.5397436"></trkpt>
      <trkpt lat="25.0252955" lon="121.5397566"></trkpt>
      <trkpt lat="25.0252302" lon="121.5402570"></trkpt>
      <trkpt lat="25.0253782" lon="121.5402816"></trkpt>
      <trkpt lat="25.0254701" lon="121.5402969"></trkpt>
      <trkpt lat="25.0258912" lon="121.5403669"></trkpt>
      <trkpt lat="25.0263141" lon="121.5404371"></trkpt>
      <trkpt lat="25.0267303" lon="121.5405063"></trkpt>
      <trkpt lat="25.0269950" lon="121.5405117"></trkpt>
      <trkpt lat="25.0270634" lon="121.5405131"></trkpt>
      <trkpt lat="25.0270561" lon="121.5410893"></trkpt>
      <trkpt lat="25.0274338" lon="121.5410916"></trkpt>
      <trkpt lat="25.0278701" lon="121.5410878"></trkpt>
      <trkpt lat="25.0278944" lon="121.5410127"></trkpt>
      <trkpt lat="25.0280892" lon="121.5407701"></trkpt>
      <trkpt lat="25.0284629" lon="121.5411372"></trkpt>
      <trkpt lat="25.0285289" lon="121.5412021"></trkpt>
      <trkpt lat="25.0285801" lon="121.5412628"></trkpt>
      <trkpt lat="25.0289889" lon="121.5417477"></trkpt>
      <trkpt lat="25.0290981" lon="121.5418970"></trkpt>
      <trkpt lat="25.0293100" lon="121.5417211"></trkpt>
      <trkpt lat="25.0293914" lon="121.5416218"></trkpt>
      <trkpt lat="25.0294399" lon="121.5414328"></trkpt>
      <trkpt lat="25.0295986" lon="121.5412375"></trkpt>
      <trkpt lat="25.0297066" lon="121.5411482"></trkpt>
      <trkpt lat="25.0299615" lon="121.5411272"></trkpt>
      <trkpt lat="25.0299722" lon="121.5405334"></trkpt>
      <trkpt lat="25.0302870" lon="121.5405401"></trkpt>
      <trkpt lat="25.0306880" lon="121.5405508"></trkpt>
      <trkpt lat="25.0311162" lon="121.5405542"></trkpt>
      <trkpt lat="25.0311393" lon="121.5394882"></trkpt>
      <trkpt lat="25.0311407" lon="121.5394327"></trkpt>
      <trkpt lat="25.0312012" lon="121.5394338"></trkpt>
      <trkpt lat="25.0316221" lon="121.5394417"></trkpt>
      <trkpt lat="25.0320386" lon="121.5394496"></trkpt>
      <trkpt lat="25.0324293" lon="121.5394632"></trkpt>
      <trkpt lat="25.0328205" lon="121.5394682"></trkpt>
      <trkpt lat="25.0330311" lon="121.5394714"></trkpt>
      <trkpt lat="25.0332976" lon="121.5394753"></trkpt>
      <trkpt lat="25.0333794" lon="121.5394748"></trkpt>
      <trkpt lat="25.0334640" lon="121.5394772"></trkpt>
      <trkpt lat="25.0335585" lon="121.5394799"></trkpt>
      <trkpt lat="25.0335607" lon="121.5395906"></trkpt>
      <trkpt lat="25.0335454" lon="121.5404018"></trkpt>
      <trkpt lat="25.0336305" lon="121.5404053"></trkpt>
      <trkpt lat="25.0336574" lon="121.5404069"></trkpt>
      <trkpt lat="25.0337600" lon="121.5404053"></trkpt>
      <trkpt lat="25.0337561" lon="121.5406506"></trkpt>
      <trkpt lat="25.0337501" lon="121.5413860"></trkpt>
      <trkpt lat="25.0338102" lon="121.5414040"></trkpt>
      <trkpt lat="25.0344972" lon="121.5414201"></trkpt>
      <trkpt lat="25.0346872" lon="121.5414237"></trkpt>
      <trkpt lat="25.0347626" lon="121.5414241"></trkpt>
      <trkpt lat="25.0351409" lon="121.5414265"></trkpt>
      <trkpt lat="25.0353138" lon="121.5414308"></trkpt>
      <trkpt lat="25.0353336" lon="121.5414313"></trkpt>
      <trkpt lat="25.0353485" lon="121.5408176"></trkpt>
      <trkpt lat="25.0370115" lon="121.5408076"></trkpt>
      <trkpt lat="25.0371742" lon="121.5408100"></trkpt>
      <trkpt lat="25.0372103" lon="121.5408387"></trkpt>
      <trkpt lat="25.0375842" lon="121.5408379"></trkpt>
      <trkpt lat="25.0375933" lon="121.5400935"></trkpt>
      <trkpt lat="25.0375941" lon="121.5399743"></trkpt>
      <trkpt lat="25.0376847" lon="121.5399434"></trkpt>
      <trkpt lat="25.0376841" lon="121.5398272"></trkpt>
      <trkpt lat="25.0379549" lon="121.5398285"></trkpt>
      <trkpt lat="25.0379850" lon="121.5398286"></trkpt>
      <trkpt lat="25.0380924" lon="121.5398326"></trkpt>
      <trkpt lat="25.0381183" lon="121.5398335"></trkpt>
      <trkpt lat="25.0384087" lon="121.5398435"></trkpt>
      <trkpt lat="25.0384161" lon="121.5397082"></trkpt>
      <trkpt lat="25.0384976" lon="121.5397280"></trkpt>
      <trkpt lat="25.0384966" lon="121.5398428"></trkpt>
      <trkpt lat="25.0384883" lon="121.5401024"></trkpt>
      <trkpt lat="25.0384840" lon="121.5402756"></trkpt>
      <trkpt lat="25.0384821" lon="121.5403521"></trkpt>
      <trkpt lat="25.0384746" lon="121.5406512"></trkpt>
      <trkpt lat="25.0384626" lon="121.5410092"></trkpt>
      <trkpt lat="25.0384613" lon="121.5412310"></trkpt>
      <trkpt lat="25.0384613" lon="121.5412693"></trkpt>
      <trkpt lat="25.0386114" lon="121.5412719"></trkpt>
      <trkpt lat="25.0390778" lon="121.5412797"></trkpt>
      <trkpt lat="25.0394573" lon="121.5412861"></trkpt>
      <trkpt lat="25.0404127" lon="121.5413015"></trkpt>
      <trkpt lat="25.0406932" lon="121.5413068"></trkpt>
      <trkpt lat="25.0409753" lon="121.5413116"></trkpt>
      <trkpt lat="25.0410680" lon="121.5413133"></trkpt>
      <trkpt lat="25.0411181" lon="121.5413140"></trkpt>
      <trkpt lat="25.0411563" lon="121.5413146"></trkpt>
      <trkpt lat="25.0414034" lon="121.5413188"></trkpt>
      <trkpt lat="25.0415024" lon="121.5413204"></trkpt>
      <trkpt lat="25.0415836" lon="121.5413218"></trkpt>
      <trkpt lat="25.0415809" lon="121.5415952"></trkpt>
      <trkpt lat="25.0417232" lon="121.5415846"></trkpt>
      <trkpt lat="25.0417333" lon="121.5406916"></trkpt>
      <trkpt lat="25.0418251" lon="121.5406927"></trkpt>
      <trkpt lat="25.0420496" lon="121.5406943"></trkpt>
      <trkpt lat="25.0423138" lon="121.5406986"></trkpt>
      <trkpt lat="25.0423562" lon="121.5406986"></trkpt>
      <trkpt lat="25.0425789" lon="121.5407018"></trkpt>
      <trkpt lat="25.0426652" lon="121.5407029"></trkpt>
      <trkpt lat="25.0428283" lon="121.5407048"></trkpt>
      <trkpt lat="25.0429926" lon="121.5407068"></trkpt>
      <trkpt lat="25.0430775" lon="121.5407079"></trkpt>
      <trkpt lat="25.0433266" lon="121.5407106"></trkpt>
      <trkpt lat="25.0433410" lon="121.5397303"></trkpt>
      <trkpt lat="25.0435913" lon="121.5397309"></trkpt>
      <trkpt lat="25.0436196" lon="121.5397310"></trkpt>
      <trkpt lat="25.0438165" lon="121.5397329"></trkpt>
      <trkpt lat="25.0438891" lon="121.5397312"></trkpt>
      <trkpt lat="25.0438925" lon="121.5397957"></trkpt>
      <trkpt lat="25.0438949" lon="121.5398382"></trkpt>
      <trkpt lat="25.0439028" lon="121.5399824"></trkpt>
      <trkpt lat="25.0440815" lon="121.5400674"></trkpt>
      <trkpt lat="25.0441032" lon="121.5406732"></trkpt>
      <trkpt lat="25.0441545" lon="121.5406734"></trkpt>
      <trkpt lat="25.0441687" lon="121.5406735"></trkpt>
      <trkpt lat="25.0443436" lon="121.5406764"></trkpt>
      <trkpt lat="25.0443924" lon="121.5406772"></trkpt>
      <trkpt lat="25.0444631" lon="121.5406790"></trkpt>
      <trkpt lat="25.0444623" lon="121.5407582"></trkpt>
      <trkpt lat="25.0444588" lon="121.5411000"></trkpt>
      <trkpt lat="25.0444807" lon="121.5411549"></trkpt>
      <trkpt lat="25.0446340" lon="121.5411638"></trkpt>
      <trkpt lat="25.0446958" lon="121.5410722"></trkpt>
      <trkpt lat="25.0446958" lon="121.5409001"></trkpt>
      <trkpt lat="25.0446957" lon="121.5408395"></trkpt>
      <trkpt lat="25.0446970" lon="121.5406789"></trkpt>
      <trkpt lat="25.0447049" lon="121.5404141"></trkpt>
      <trkpt lat="25.0447402" lon="121.5395953"></trkpt>
      <trkpt lat="25.0447431" lon="121.5395284"></trkpt>
      <trkpt lat="25.0447893" lon="121.5395167"></trkpt>
      <trkpt lat="25.0450045" lon="121.5394620"></trkpt>
      <trkpt lat="25.0452907" lon="121.5394012"></trkpt>
      <trkpt lat="25.0453692" lon="121.5393845"></trkpt>
      <trkpt lat="25.0453935" lon="121.5393790"></trkpt>
      <trkpt lat="25.0456251" lon="121.5393264"></trkpt>
      <trkpt lat="25.0457818" lon="121.5392908"></trkpt>
      <trkpt lat="25.0460146" lon="121.5392372"></trkpt>
      <trkpt lat="25.0463108" lon="121.5391705"></trkpt>
      <trkpt lat="25.0463767" lon="121.5391571"></trkpt>
      <trkpt lat="25.0464662" lon="121.5391356"></trkpt>
      <trkpt lat="25.0464798" lon="121.5392181"></trkpt>
      <trkpt lat="25.0464825" lon="121.5392486"></trkpt>
      <trkpt lat="25.0464877" lon="121.5392797"></trkpt>
      <trkpt lat="25.0464924" lon="121.5393128"></trkpt>
      <trkpt lat="25.0465645" lon="121.5397211"></trkpt>
      <trkpt lat="25.0465728" lon="121.5397712"></trkpt>
      <trkpt lat="25.0465931" lon="121.5398808"></trkpt>
      <trkpt lat="25.0466470" lon="121.5401510"></trkpt>
      <trkpt lat="25.0466822" lon="121.5403132"></trkpt>
      <trkpt lat="25.0466948" lon="121.5403716"></trkpt>
      <trkpt lat="25.0467080" lon="121.5404323"></trkpt>
      <trkpt lat="25.0467255" lon="121.5405107"></trkpt>
      <trkpt lat="25.0467335" lon="121.5405466"></trkpt>
      <trkpt lat="25.0467492" lon="121.5406097"></trkpt>
      <trkpt lat="25.0467623" lon="121.5406626"></trkpt>
      <trkpt lat="25.0467691" lon="121.5406875"></trkpt>
      <trkpt lat="25.0467827" lon="121.5407415"></trkpt>
      <trkpt lat="25.0468646" lon="121.5410817"></trkpt>
      <trkpt lat="25.0469336" lon="121.5413551"></trkpt>
      <trkpt lat="25.0469486" lon="121.5414147"></trkpt>
      <trkpt lat="25.0469580" lon="121.5414518"></trkpt>
      <trkpt lat="25.0469700" lon="121.5414969"></trkpt>
      <trkpt lat="25.0470531" lon="121.5414661"></trkpt>
      <trkpt lat="25.0470775" lon="121.5414583"></trkpt>
      <trkpt lat="25.0472007" lon="121.5414189"></trkpt>
      <trkpt lat="25.0473748" lon="121.5413781"></trkpt>
      <trkpt lat="25.0473931" lon="121.5413704"></trkpt>
      <trkpt lat="25.0477330" lon="121.5412826"></trkpt>
      <trkpt lat="25.0477446" lon="121.5403887"></trkpt>
      <trkpt lat="25.0482220" lon="121.5404026"></trkpt>
      <trkpt lat="25.0483277" lon="121.5404047"></trkpt>
      <trkpt lat="25.0484293" lon="121.5404081"></trkpt>
      <trkpt lat="25.0487941" lon="121.5404098"></trkpt>
      <trkpt lat="25.0491786" lon="121.5404154"></trkpt>
      <trkpt lat="25.0495340" lon="121.5404205"></trkpt>
      <trkpt lat="25.0499727" lon="121.5404313"></trkpt>
      <trkpt lat="25.0504836" lon="121.5404425"></trkpt>
      <trkpt lat="25.0506396" lon="121.5404403"></trkpt>
      <trkpt lat="25.0508236" lon="121.5404391"></trkpt>
      <trkpt lat="25.0512670" lon="121.5404456"></trkpt>
      <trkpt lat="25.0517272" lon="121.5404584"></trkpt>
      <trkpt lat="25.0518439" lon="121.5404609"></trkpt>
      <trkpt lat="25.0520073" lon="121.5404645"></trkpt>
      <trkpt lat="25.0521237" lon="121.5404670"></trkpt>
      <trkpt lat="25.0525349" lon="121.5404637"></trkpt>
      <trkpt lat="25.0528047" lon="121.5404689"></trkpt>
      <trkpt lat="25.0528030" lon="121.5405689"></trkpt>
      <trkpt lat="25.0527849" lon="121.5416301"></trkpt>
      <trkpt lat="25.0527843" lon="121.5416649"></trkpt>
      <trkpt lat="25.0527759" lon="121.5420069"></trkpt>
      <trkpt lat="25.0527747" lon="121.5420794"></trkpt>
      <trkpt lat="25.0528311" lon="121.5420811"></trkpt>
      <trkpt lat="25.0530570" lon="121.5420821"></trkpt>
      <trkpt lat="25.0532947" lon="121.5420882"></trkpt>
      <trkpt lat="25.0533450" lon="121.5420889"></trkpt>
      <trkpt lat="25.0536335" lon="121.5420741"></trkpt>
      <trkpt lat="25.0539004" lon="121.5421174"></trkpt>
      <trkpt lat="25.0538850" lon="121.5425750"></trkpt>
      <trkpt lat="25.0536303" lon="121.5425696"></trkpt>
      <trkpt lat="25.0533482" lon="121.5425649"></trkpt>
      <trkpt lat="25.0533476" lon="121.5430558"></trkpt>
      <trkpt lat="25.0533435" lon="121.5433142"></trkpt>
      <trkpt lat="25.0533414" lon="121.5434472"></trkpt>
      <trkpt lat="25.0533208" lon="121.5434801"></trkpt>
      <trkpt lat="25.0533123" lon="121.5439177"></trkpt>
      <trkpt lat="25.0533127" lon="121.5439630"></trkpt>
      <trkpt lat="25.0533108" lon="121.5440041"></trkpt>
      <trkpt lat="25.0533080" lon="121.5441473"></trkpt>
      <trkpt lat="25.0533056" lon="121.5442713"></trkpt>
      <trkpt lat="25.0532960" lon="121.5447769"></trkpt>
      <trkpt lat="25.0532856" lon="121.5450851"></trkpt>
      <trkpt lat="25.0532820" lon="121.5451930"></trkpt>
      <trkpt lat="25.0532295" lon="121.5452724"></trkpt>
      <trkpt lat="25.0529438" lon="121.5457041"></trkpt>
      <trkpt lat="25.0529001" lon="121.5457980"></trkpt>
      <trkpt lat="25.0532413" lon="121.5460700"></trkpt>
      <trkpt lat="25.0536373" lon="121.5463857"></trkpt>
      <trkpt lat="25.0538513" lon="121.5465563"></trkpt>
      <trkpt lat="25.0539060" lon="121.5465999"></trkpt>
      <trkpt lat="25.0539091" lon="121.5467662"></trkpt>
      <trkpt lat="25.0539060" lon="121.5465999"></trkpt>
      <trkpt lat="25.0540273" lon="121.5464113"></trkpt>
      <trkpt lat="25.0542589" lon="121.5460510"></trkpt>
      <trkpt lat="25.0542900" lon="121.5460027"></trkpt>
      <trkpt lat="25.0540217" lon="121.5457872"></trkpt>
      <trkpt lat="25.0532820" lon="121.5451930"></trkpt>
      <trkpt lat="25.0532856" lon="121.5450851"></trkpt>
      <trkpt lat="25.0532960" lon="121.5447769"></trkpt>
      <trkpt lat="25.0533056" lon="121.5442713"></trkpt>
      <trkpt lat="25.0533080" lon="121.5441473"></trkpt>
      <trkpt lat="25.0533108" lon="121.5440041"></trkpt>
      <trkpt lat="25.0533127" lon="121.5439630"></trkpt>
      <trkpt lat="25.0533123" lon="121.5439177"></trkpt>
      <trkpt lat="25.0533208" lon="121.5434801"></trkpt>
      <trkpt lat="25.0533414" lon="121.5434472"></trkpt>
      <trkpt lat="25.0533435" lon="121.5433142"></trkpt>
      <trkpt lat="25.0533476" lon="121.5430558"></trkpt>
      <trkpt lat="25.0533482" lon="121.5425649"></trkpt>
      <trkpt lat="25.0533450" lon="121.5420889"></trkpt>
      <trkpt lat="25.0536335" lon="121.5420741"></trkpt>
      <trkpt lat="25.0536568" lon="121.5408536"></trkpt>
      <trkpt lat="25.0536640" lon="121.5404796"></trkpt>
      <trkpt lat="25.0536344" lon="121.5403877"></trkpt>
      <trkpt lat="25.0534066" lon="121.5401757"></trkpt>
      <trkpt lat="25.0534095" lon="121.5395005"></trkpt>
      <trkpt lat="25.0534112" lon="121.5390497"></trkpt>
      <trkpt lat="25.0536393" lon="121.5390533"></trkpt>
      <trkpt lat="25.0538747" lon="121.5390454"></trkpt>
      <trkpt lat="25.0539368" lon="121.5390467"></trkpt>
      <trkpt lat="25.0539478" lon="121.5384883"></trkpt>
      <trkpt lat="25.0542693" lon="121.5384940"></trkpt>
      <trkpt lat="25.0542905" lon="121.5376534"></trkpt>
      <trkpt lat="25.0542927" lon="121.5375650"></trkpt>
      <trkpt lat="25.0543016" lon="121.5372145"></trkpt>
      <trkpt lat="25.0543030" lon="121.5371581"></trkpt>
      <trkpt lat="25.0543048" lon="121.5370881"></trkpt>
      <trkpt lat="25.0546219" lon="121.5370863"></trkpt>
      <trkpt lat="25.0546290" lon="121.5366967"></trkpt>
      <trkpt lat="25.0546342" lon="121.5366183"></trkpt>
      <trkpt lat="25.0542969" lon="121.5366080"></trkpt>
      <trkpt lat="25.0535941" lon="121.5365847"></trkpt>
      <trkpt lat="25.0535965" lon="121.5364906"></trkpt>
      <trkpt lat="25.0536103" lon="121.5359486"></trkpt>
      <trkpt lat="25.0536335" lon="121.5348789"></trkpt>
      <trkpt lat="25.0536344" lon="121.5348155"></trkpt>
      <trkpt lat="25.0536335" lon="121.5348789"></trkpt>
      <trkpt lat="25.0536103" lon="121.5359486"></trkpt>
      <trkpt lat="25.0535965" lon="121.5364906"></trkpt>
      <trkpt lat="25.0535941" lon="121.5365847"></trkpt>
      <trkpt lat="25.0535965" lon="121.5364906"></trkpt>
      <trkpt lat="25.0539724" lon="121.5364999"></trkpt>
      <trkpt lat="25.0542984" lon="121.5365079"></trkpt>
      <trkpt lat="25.0546231" lon="121.5365170"></trkpt>
      <trkpt lat="25.0546342" lon="121.5366183"></trkpt>
      <trkpt lat="25.0546290" lon="121.5366967"></trkpt>
      <trkpt lat="25.0546219" lon="121.5370863"></trkpt>
      <trkpt lat="25.0547341" lon="121.5370857"></trkpt>
      <trkpt lat="25.0547297" lon="121.5372035"></trkpt>
      <trkpt lat="25.0547247" lon="121.5373386"></trkpt>
      <trkpt lat="25.0547062" lon="121.5378393"></trkpt>
      <trkpt lat="25.0546817" lon="121.5385046"></trkpt>
      <trkpt lat="25.0542693" lon="121.5384940"></trkpt>
      <trkpt lat="25.0539478" lon="121.5384883"></trkpt>
      <trkpt lat="25.0539368" lon="121.5390467"></trkpt>
      <trkpt lat="25.0538747" lon="121.5390454"></trkpt>
      <trkpt lat="25.0538183" lon="121.5404822"></trkpt>
      <trkpt lat="25.0536640" lon="121.5404796"></trkpt>
      <trkpt lat="25.0533872" lon="121.5404772"></trkpt>
      <trkpt lat="25.0533269" lon="121.5404752"></trkpt>
      <trkpt lat="25.0531049" lon="121.5404719"></trkpt>
      <trkpt lat="25.0528686" lon="121.5404695"></trkpt>
      <trkpt lat="25.0528047" lon="121.5404689"></trkpt>
      <trkpt lat="25.0525349" lon="121.5404637"></trkpt>
      <trkpt lat="25.0521237" lon="121.5404670"></trkpt>
      <trkpt lat="25.0520073" lon="121.5404645"></trkpt>
      <trkpt lat="25.0518439" lon="121.5404609"></trkpt>
      <trkpt lat="25.0517272" lon="121.5404584"></trkpt>
      <trkpt lat="25.0512670" lon="121.5404456"></trkpt>
      <trkpt lat="25.0508236" lon="121.5404391"></trkpt>
      <trkpt lat="25.0506396" lon="121.5404403"></trkpt>
      <trkpt lat="25.0504836" lon="121.5404425"></trkpt>
      <trkpt lat="25.0499727" lon="121.5404313"></trkpt>
      <trkpt lat="25.0495340" lon="121.5404205"></trkpt>
      <trkpt lat="25.0491786" lon="121.5404154"></trkpt>
      <trkpt lat="25.0487941" lon="121.5404098"></trkpt>
      <trkpt lat="25.0484293" lon="121.5404081"></trkpt>
      <trkpt lat="25.0483277" lon="121.5404047"></trkpt>
      <trkpt lat="25.0482220" lon="121.5404026"></trkpt>
      <trkpt lat="25.0477446" lon="121.5403887"></trkpt>
      <trkpt lat="25.0477330" lon="121.5412826"></trkpt>
      <trkpt lat="25.0473931" lon="121.5413704"></trkpt>
      <trkpt lat="25.0473748" lon="121.5413781"></trkpt>
      <trkpt lat="25.0472007" lon="121.5414189"></trkpt>
      <trkpt lat="25.0470775" lon="121.5414583"></trkpt>
      <trkpt lat="25.0470531" lon="121.5414661"></trkpt>
      <trkpt lat="25.0469700" lon="121.5414969"></trkpt>
      <trkpt lat="25.0469884" lon="121.5415689"></trkpt>
      <trkpt lat="25.0469057" lon="121.5415941"></trkpt>
      <trkpt lat="25.0458311" lon="121.5420395"></trkpt>
      <trkpt lat="25.0454474" lon="121.5421639"></trkpt>
      <trkpt lat="25.0452611" lon="121.5414537"></trkpt>
      <trkpt lat="25.0452735" lon="121.5411238"></trkpt>
      <trkpt lat="25.0452925" lon="121.5408560"></trkpt>
      <trkpt lat="25.0452735" lon="121.5411238"></trkpt>
      <trkpt lat="25.0452611" lon="121.5414537"></trkpt>
      <trkpt lat="25.0454474" lon="121.5421639"></trkpt>
      <trkpt lat="25.0448537" lon="121.5423416"></trkpt>
      <trkpt lat="25.0448277" lon="121.5423494"></trkpt>
      <trkpt lat="25.0447967" lon="121.5423587"></trkpt>
      <trkpt lat="25.0446152" lon="121.5424185"></trkpt>
      <trkpt lat="25.0445830" lon="121.5424291"></trkpt>
      <trkpt lat="25.0445079" lon="121.5424431"></trkpt>
      <trkpt lat="25.0442904" lon="121.5425476"></trkpt>
      <trkpt lat="25.0439597" lon="121.5426422"></trkpt>
      <trkpt lat="25.0439601" lon="121.5425781"></trkpt>
      <trkpt lat="25.0440101" lon="121.5423216"></trkpt>
      <trkpt lat="25.0440147" lon="121.5422977"></trkpt>
      <trkpt lat="25.0440234" lon="121.5422389"></trkpt>
      <trkpt lat="25.0440968" lon="121.5416984"></trkpt>
      <trkpt lat="25.0441111" lon="121.5416362"></trkpt>
      <trkpt lat="25.0440906" lon="121.5416343"></trkpt>
      <trkpt lat="25.0439758" lon="121.5416302"></trkpt>
      <trkpt lat="25.0439267" lon="121.5416598"></trkpt>
      <trkpt lat="25.0438880" lon="121.5416603"></trkpt>
      <trkpt lat="25.0437642" lon="121.5416584"></trkpt>
      <trkpt lat="25.0436062" lon="121.5416571"></trkpt>
      <trkpt lat="25.0434571" lon="121.5416558"></trkpt>
      <trkpt lat="25.0432973" lon="121.5416544"></trkpt>
      <trkpt lat="25.0431466" lon="121.5416531"></trkpt>
      <trkpt lat="25.0429796" lon="121.5416517"></trkpt>
      <trkpt lat="25.0428140" lon="121.5416477"></trkpt>
      <trkpt lat="25.0426585" lon="121.5416489"></trkpt>
      <trkpt lat="25.0424998" lon="121.5416497"></trkpt>
      <trkpt lat="25.0423477" lon="121.5416463"></trkpt>
      <trkpt lat="25.0422007" lon="121.5416450"></trkpt>
      <trkpt lat="25.0420416" lon="121.5416417"></trkpt>
      <trkpt lat="25.0418138" lon="121.5416417"></trkpt>
      <trkpt lat="25.0417226" lon="121.5416409"></trkpt>
      <trkpt lat="25.0417232" lon="121.5415846"></trkpt>
      <trkpt lat="25.0415809" lon="121.5415952"></trkpt>
      <trkpt lat="25.0414991" lon="121.5416016"></trkpt>
      <trkpt lat="25.0415017" lon="121.5413719"></trkpt>
      <trkpt lat="25.0415024" lon="121.5413204"></trkpt>
      <trkpt lat="25.0414034" lon="121.5413188"></trkpt>
      <trkpt lat="25.0411563" lon="121.5413146"></trkpt>
      <trkpt lat="25.0411181" lon="121.5413140"></trkpt>
      <trkpt lat="25.0410680" lon="121.5413133"></trkpt>
      <trkpt lat="25.0409753" lon="121.5413116"></trkpt>
      <trkpt lat="25.0406932" lon="121.5413068"></trkpt>
      <trkpt lat="25.0404127" lon="121.5413015"></trkpt>
      <trkpt lat="25.0394573" lon="121.5412861"></trkpt>
      <trkpt lat="25.0390778" lon="121.5412797"></trkpt>
      <trkpt lat="25.0386114" lon="121.5412719"></trkpt>
      <trkpt lat="25.0384613" lon="121.5412693"></trkpt>
      <trkpt lat="25.0384613" lon="121.5412310"></trkpt>
      <trkpt lat="25.0384626" lon="121.5410092"></trkpt>
      <trkpt lat="25.0383895" lon="121.5410071"></trkpt>
      <trkpt lat="25.0383985" lon="121.5406514"></trkpt>
      <trkpt lat="25.0384084" lon="121.5401023"></trkpt>
      <trkpt lat="25.0384087" lon="121.5398435"></trkpt>
      <trkpt lat="25.0381183" lon="121.5398335"></trkpt>
      <trkpt lat="25.0380924" lon="121.5398326"></trkpt>
      <trkpt lat="25.0379850" lon="121.5398286"></trkpt>
      <trkpt lat="25.0379549" lon="121.5398285"></trkpt>
      <trkpt lat="25.0376841" lon="121.5398272"></trkpt>
      <trkpt lat="25.0376879" lon="121.5396853"></trkpt>
      <trkpt lat="25.0376157" lon="121.5396843"></trkpt>
      <trkpt lat="25.0375941" lon="121.5399743"></trkpt>
      <trkpt lat="25.0371734" lon="121.5399555"></trkpt>
      <trkpt lat="25.0371742" lon="121.5408100"></trkpt>
      <trkpt lat="25.0370115" lon="121.5408076"></trkpt>
      <trkpt lat="25.0353485" lon="121.5408176"></trkpt>
      <trkpt lat="25.0353336" lon="121.5414313"></trkpt>
      <trkpt lat="25.0353138" lon="121.5414308"></trkpt>
      <trkpt lat="25.0351409" lon="121.5414265"></trkpt>
      <trkpt lat="25.0347626" lon="121.5414241"></trkpt>
      <trkpt lat="25.0346872" lon="121.5414237"></trkpt>
      <trkpt lat="25.0344972" lon="121.5414201"></trkpt>
      <trkpt lat="25.0338102" lon="121.5414040"></trkpt>
      <trkpt lat="25.0337501" lon="121.5413860"></trkpt>
      <trkpt lat="25.0337561" lon="121.5406506"></trkpt>
      <trkpt lat="25.0337600" lon="121.5404053"></trkpt>
      <trkpt lat="25.0336574" lon="121.5404069"></trkpt>
      <trkpt lat="25.0336305" lon="121.5404053"></trkpt>
      <trkpt lat="25.0336514" lon="121.5395905"></trkpt>
      <trkpt lat="25.0336538" lon="121.5394811"></trkpt>
      <trkpt lat="25.0335585" lon="121.5394799"></trkpt>
      <trkpt lat="25.0334640" lon="121.5394772"></trkpt>
      <trkpt lat="25.0333794" lon="121.5394748"></trkpt>
      <trkpt lat="25.0332976" lon="121.5394753"></trkpt>
      <trkpt lat="25.0330311" lon="121.5394714"></trkpt>
      <trkpt lat="25.0328205" lon="121.5394682"></trkpt>
      <trkpt lat="25.0324293" lon="121.5394632"></trkpt>
      <trkpt lat="25.0320386" lon="121.5394496"></trkpt>
      <trkpt lat="25.0316221" lon="121.5394417"></trkpt>
      <trkpt lat="25.0312012" lon="121.5394338"></trkpt>
      <trkpt lat="25.0311407" lon="121.5394327"></trkpt>
      <trkpt lat="25.0311393" lon="121.5394882"></trkpt>
      <trkpt lat="25.0311162" lon="121.5405542"></trkpt>
      <trkpt lat="25.0306880" lon="121.5405508"></trkpt>
      <trkpt lat="25.0302870" lon="121.5405401"></trkpt>
      <trkpt lat="25.0299722" lon="121.5405334"></trkpt>
      <trkpt lat="25.0299615" lon="121.5411272"></trkpt>
      <trkpt lat="25.0297066" lon="121.5411482"></trkpt>
      <trkpt lat="25.0295986" lon="121.5412375"></trkpt>
      <trkpt lat="25.0294399" lon="121.5414328"></trkpt>
      <trkpt lat="25.0293914" lon="121.5416218"></trkpt>
      <trkpt lat="25.0293100" lon="121.5417211"></trkpt>
      <trkpt lat="25.0290981" lon="121.5418970"></trkpt>
      <trkpt lat="25.0289889" lon="121.5417477"></trkpt>
      <trkpt lat="25.0285801" lon="121.5412628"></trkpt>
      <trkpt lat="25.0285289" lon="121.5412021"></trkpt>
      <trkpt lat="25.0284629" lon="121.5411372"></trkpt>
      <trkpt lat="25.0280892" lon="121.5407701"></trkpt>
      <trkpt lat="25.0278944" lon="121.5410127"></trkpt>
      <trkpt lat="25.0278701" lon="121.5410878"></trkpt>
      <trkpt lat="25.0274338" lon="121.5410916"></trkpt>
      <trkpt lat="25.0270561" lon="121.5410893"></trkpt>
      <trkpt lat="25.0270394" lon="121.5418485"></trkpt>
      <trkpt lat="25.0268403" lon="121.5418328"></trkpt>
      <trkpt lat="25.0265453" lon="121.5418095"></trkpt>
      <trkpt lat="25.0261322" lon="121.5417448"></trkpt>
      <trkpt lat="25.0258900" lon="121.5417540"></trkpt>
      <trkpt lat="25.0257088" lon="121.5417610"></trkpt>
      <trkpt lat="25.0255260" lon="121.5417677"></trkpt>
      <trkpt lat="25.0252615" lon="121.5417773"></trkpt>
      <trkpt lat="25.0252536" lon="121.5418507"></trkpt>
      <trkpt lat="25.0251434" lon="121.5426703"></trkpt>
      <trkpt lat="25.0250686" lon="121.5432369"></trkpt>
      <trkpt lat="25.0250524" lon="121.5433619"></trkpt>
      <trkpt lat="25.0250358" lon="121.5434965"></trkpt>
      <trkpt lat="25.0250236" lon="121.5436030"></trkpt>
      <trkpt lat="25.0249873" lon="121.5436168"></trkpt>
      <trkpt lat="25.0249543" lon="121.5439725"></trkpt>
      <trkpt lat="25.0249509" lon="121.5440091"></trkpt>
      <trkpt lat="25.0249490" lon="121.5440348"></trkpt>
      <trkpt lat="25.0249185" lon="121.5444342"></trkpt>
      <trkpt lat="25.0248916" lon="121.5449848"></trkpt>
      <trkpt lat="25.0249004" lon="121.5450587"></trkpt>
      <trkpt lat="25.0248958" lon="121.5451188"></trkpt>
      <trkpt lat="25.0256688" lon="121.5451644"></trkpt>
      <trkpt lat="25.0256015" lon="121.5459342"></trkpt>
      <trkpt lat="25.0255786" lon="121.5467083"></trkpt>
      <trkpt lat="25.0255779" lon="121.5467559"></trkpt>
      <trkpt lat="25.0255786" lon="121.5467083"></trkpt>
      <trkpt lat="25.0256015" lon="121.5459342"></trkpt>
      <trkpt lat="25.0256688" lon="121.5451644"></trkpt>
      <trkpt lat="25.0257344" lon="121.5440403"></trkpt>
      <trkpt lat="25.0257420" lon="121.5436172"></trkpt>
      <trkpt lat="25.0250236" lon="121.5436030"></trkpt>
      <trkpt lat="25.0250358" lon="121.5434965"></trkpt>
      <trkpt lat="25.0250524" lon="121.5433619"></trkpt>
      <trkpt lat="25.0250686" lon="121.5432369"></trkpt>
      <trkpt lat="25.0251434" lon="121.5426703"></trkpt>
      <trkpt lat="25.0252536" lon="121.5418507"></trkpt>
      <trkpt lat="25.0252615" lon="121.5417773"></trkpt>
      <trkpt lat="25.0253329" lon="121.5412219"></trkpt>
      <trkpt lat="25.0254464" lon="121.5404573"></trkpt>
      <trkpt lat="25.0254701" lon="121.5402969"></trkpt>
      <trkpt lat="25.0254974" lon="121.5400958"></trkpt>
      <trkpt lat="25.0255955" lon="121.5393476"></trkpt>
      <trkpt lat="25.0256454" lon="121.5389398"></trkpt>
      <trkpt lat="25.0256517" lon="121.5388966"></trkpt>
      <trkpt lat="25.0255692" lon="121.5388731"></trkpt>
      <trkpt lat="25.0254164" lon="121.5388300"></trkpt>
      <trkpt lat="25.0253336" lon="121.5388168"></trkpt>
      <trkpt lat="25.0248995" lon="121.5387385"></trkpt>
      <trkpt lat="25.0249761" lon="121.5381832"></trkpt>
      <trkpt lat="25.0250051" lon="121.5379730"></trkpt>
      <trkpt lat="25.0250157" lon="121.5378962"></trkpt>
      <trkpt lat="25.0250201" lon="121.5375156"></trkpt>
      <trkpt lat="25.0249993" lon="121.5374389"></trkpt>
      <trkpt lat="25.0249634" lon="121.5373159"></trkpt>
      <trkpt lat="25.0249629" lon="121.5369338"></trkpt>
      <trkpt lat="25.0249834" lon="121.5366362"></trkpt>
      <trkpt lat="25.0250280" lon="121.5366355"></trkpt>
      <trkpt lat="25.0252782" lon="121.5365725"></trkpt>
      <trkpt lat="25.0253234" lon="121.5359251"></trkpt>
      <trkpt lat="25.0253919" lon="121.5349679"></trkpt>
      <trkpt lat="25.0253941" lon="121.5349364"></trkpt>
      <trkpt lat="25.0249619" lon="121.5348859"></trkpt>
      <trkpt lat="25.0245180" lon="121.5348359"></trkpt>
      <trkpt lat="25.0239461" lon="121.5347689"></trkpt>
      <trkpt lat="25.0239526" lon="121.5346941"></trkpt>
      <trkpt lat="25.0239646" lon="121.5345582"></trkpt>
      <trkpt lat="25.0239714" lon="121.5344790"></trkpt>
      <trkpt lat="25.0238084" lon="121.5344672"></trkpt>
      <trkpt lat="25.0230027" lon="121.5343590"></trkpt>
      <trkpt lat="25.0228080" lon="121.5343358"></trkpt>
      <trkpt lat="25.0227451" lon="121.5343277"></trkpt>
      <trkpt lat="25.0227447" lon="121.5344206"></trkpt>
      <trkpt lat="25.0226374" lon="121.5344085"></trkpt>
      <trkpt lat="25.0222437" lon="121.5343648"></trkpt>
      <trkpt lat="25.0220739" lon="121.5343302"></trkpt>
      <trkpt lat="25.0216590" lon="121.5342447"></trkpt>
      <trkpt lat="25.0215015" lon="121.5342124"></trkpt>
      <trkpt lat="25.0212019" lon="121.5341509"></trkpt>
      <trkpt lat="25.0208379" lon="121.5340761"></trkpt>
      <trkpt lat="25.0204541" lon="121.5339973"></trkpt>
      <trkpt lat="25.0203948" lon="121.5339851"></trkpt>
      <trkpt lat="25.0200206" lon="121.5339082"></trkpt>
      <trkpt lat="25.0200257" lon="121.5338349"></trkpt>
      <trkpt lat="25.0200278" lon="121.5338047"></trkpt>
      <trkpt lat="25.0195678" lon="121.5337114"></trkpt>
      <trkpt lat="25.0191561" lon="121.5336278"></trkpt>
      <trkpt lat="25.0192126" lon="121.5330885"></trkpt>
      <trkpt lat="25.0192382" lon="121.5328354"></trkpt>
      <trkpt lat="25.0192649" lon="121.5325527"></trkpt>
      <trkpt lat="25.0192903" lon="121.5322725"></trkpt>
      <trkpt lat="25.0193223" lon="121.5319928"></trkpt>
      <trkpt lat="25.0193450" lon="121.5317063"></trkpt>
      <trkpt lat="25.0189278" lon="121.5316607"></trkpt>
      <trkpt lat="25.0184527" lon="121.5316027"></trkpt>
      <trkpt lat="25.0190034" lon="121.5309064"></trkpt>
      <trkpt lat="25.0190035" lon="121.5308966"></trkpt>
      <trkpt lat="25.0186913" lon="121.5305188"></trkpt>
      <trkpt lat="25.0186273" lon="121.5304426"></trkpt>
      <trkpt lat="25.0194811" lon="121.5295675"></trkpt>
      <trkpt lat="25.0194375" lon="121.5295148"></trkpt>
      <trkpt lat="25.0194144" lon="121.5294862"></trkpt>
      <trkpt lat="25.0193873" lon="121.5294532"></trkpt>
      <trkpt lat="25.0193357" lon="121.5293902"></trkpt>
      <trkpt lat="25.0193534" lon="121.5293465"></trkpt>
      <trkpt lat="25.0193730" lon="121.5293252"></trkpt>
      <trkpt lat="25.0194420" lon="121.5292614"></trkpt>
      <trkpt lat="25.0197599" lon="121.5289524"></trkpt>
      <trkpt lat="25.0194639" lon="121.5285961"></trkpt>
      <trkpt lat="25.0193811" lon="121.5285023"></trkpt>
      <trkpt lat="25.0192127" lon="121.5282952"></trkpt>
      <trkpt lat="25.0190326" lon="121.5280794"></trkpt>
      <trkpt lat="25.0189660" lon="121.5279996"></trkpt>
      <trkpt lat="25.0188762" lon="121.5278922"></trkpt>
      <trkpt lat="25.0185585" lon="121.5275113"></trkpt>
      <trkpt lat="25.0185112" lon="121.5274573"></trkpt>
      <trkpt lat="25.0184280" lon="121.5274006"></trkpt>
      <trkpt lat="25.0183417" lon="121.5273768"></trkpt>
      <trkpt lat="25.0182410" lon="121.5273689"></trkpt>
      <trkpt lat="25.0181933" lon="121.5274177"></trkpt>
      <trkpt lat="25.0181396" lon="121.5274725"></trkpt>
      <trkpt lat="25.0181367" lon="121.5274755"></trkpt>
      <trkpt lat="25.0181223" lon="121.5276526"></trkpt>
      <trkpt lat="25.0182057" lon="121.5278112"></trkpt>
      <trkpt lat="25.0181325" lon="121.5278914"></trkpt>
      <trkpt lat="25.0180866" lon="121.5278410"></trkpt>
      <trkpt lat="25.0180887" lon="121.5278053"></trkpt>
      <trkpt lat="25.0180373" lon="121.5276892"></trkpt>
      <trkpt lat="25.0180104" lon="121.5275649"></trkpt>
      <trkpt lat="25.0180089" lon="121.5274949"></trkpt>
      <trkpt lat="25.0180838" lon="121.5274099"></trkpt>
      <trkpt lat="25.0181368" lon="121.5273499"></trkpt>
      <trkpt lat="25.0182696" lon="121.5271993"></trkpt>
      <trkpt lat="25.0183461" lon="121.5271063"></trkpt>
      <trkpt lat="25.0186993" lon="121.5267826"></trkpt>
      <trkpt lat="25.0193665" lon="121.5263062"></trkpt>
      <trkpt lat="25.0195327" lon="121.5261879"></trkpt>
      <trkpt lat="25.0186226" lon="121.5246734"></trkpt>
      <trkpt lat="25.0188094" lon="121.5245503"></trkpt>
      <trkpt lat="25.0187863" lon="121.5245066"></trkpt>
      <trkpt lat="25.0184910" lon="121.5239480"></trkpt>
      <trkpt lat="25.0188675" lon="121.5237057"></trkpt>
      <trkpt lat="25.0197262" lon="121.5231485"></trkpt>
      <trkpt lat="25.0201354" lon="121.5228882"></trkpt>
      <trkpt lat="25.0203036" lon="121.5227371"></trkpt>
      <trkpt lat="25.0203881" lon="121.5226849"></trkpt>
      <trkpt lat="25.0204579" lon="121.5226417"></trkpt>
      <trkpt lat="25.0204341" lon="121.5225488"></trkpt>
      <trkpt lat="25.0204588" lon="121.5224871"></trkpt>
      <trkpt lat="25.0204763" lon="121.5222927"></trkpt>
      <trkpt lat="25.0205136" lon="121.5220909"></trkpt>
      <trkpt lat="25.0205960" lon="121.5216848"></trkpt>
      <trkpt lat="25.0207045" lon="121.5211447"></trkpt>
      <trkpt lat="25.0207228" lon="121.5210539"></trkpt>
      <trkpt lat="25.0207529" lon="121.5208989"></trkpt>
      <trkpt lat="25.0208998" lon="121.5201416"></trkpt>
      <trkpt lat="25.0209452" lon="121.5201581"></trkpt>
      <trkpt lat="25.0210919" lon="121.5202821"></trkpt>
      <trkpt lat="25.0210708" lon="121.5203121"></trkpt>
      <trkpt lat="25.0209666" lon="121.5202410"></trkpt>
      <trkpt lat="25.0208134" lon="121.5202073"></trkpt>
      <trkpt lat="25.0207036" lon="121.5201800"></trkpt>
      <trkpt lat="25.0207331" lon="121.5200380"></trkpt>
      <trkpt lat="25.0207501" lon="121.5199566"></trkpt>
      <trkpt lat="25.0207766" lon="121.5198291"></trkpt>
      <trkpt lat="25.0207454" lon="121.5198216"></trkpt>
      <trkpt lat="25.0207766" lon="121.5198291"></trkpt>
      <trkpt lat="25.0207501" lon="121.5199566"></trkpt>
      <trkpt lat="25.0207331" lon="121.5200380"></trkpt>
      <trkpt lat="25.0207036" lon="121.5201800"></trkpt>
      <trkpt lat="25.0208134" lon="121.5202073"></trkpt>
      <trkpt lat="25.0209666" lon="121.5202410"></trkpt>
      <trkpt lat="25.0210708" lon="121.5203121"></trkpt>
      <trkpt lat="25.0210919" lon="121.5202821"></trkpt>
      <trkpt lat="25.0209452" lon="121.5201581"></trkpt>
      <trkpt lat="25.0208998" lon="121.5201416"></trkpt>
      <trkpt lat="25.0211426" lon="121.5189668"></trkpt>
      <trkpt lat="25.0211839" lon="121.5187830"></trkpt>
      <trkpt lat="25.0213395" lon="121.5181809"></trkpt>
      <trkpt lat="25.0214993" lon="121.5176557"></trkpt>
      <trkpt lat="25.0216111" lon="121.5176204"></trkpt>
      <trkpt lat="25.0217324" lon="121.5175735"></trkpt>
      <trkpt lat="25.0218166" lon="121.5175457"></trkpt>
      <trkpt lat="25.0219141" lon="121.5175112"></trkpt>
      <trkpt lat="25.0220596" lon="121.5174599"></trkpt>
      <trkpt lat="25.0222258" lon="121.5174418"></trkpt>
      <trkpt lat="25.0223457" lon="121.5174329"></trkpt>
      <trkpt lat="25.0226524" lon="121.5174271"></trkpt>
      <trkpt lat="25.0226903" lon="121.5174274"></trkpt>
      <trkpt lat="25.0229951" lon="121.5174214"></trkpt>
      <trkpt lat="25.0232241" lon="121.5174208"></trkpt>
      <trkpt lat="25.0231122" lon="121.5169927"></trkpt>
      <trkpt lat="25.0230911" lon="121.5169028"></trkpt>
      <trkpt lat="25.0230900" lon="121.5167988"></trkpt>
      <trkpt lat="25.0228254" lon="121.5167700"></trkpt>
      <trkpt lat="25.0227383" lon="121.5167594"></trkpt>
      <trkpt lat="25.0225360" lon="121.5167065"></trkpt>
      <trkpt lat="25.0224734" lon="121.5166836"></trkpt>
      <trkpt lat="25.0223698" lon="121.5166293"></trkpt>
      <trkpt lat="25.0222592" lon="121.5165513"></trkpt>
      <trkpt lat="25.0221829" lon="121.5164801"></trkpt>
      <trkpt lat="25.0218211" lon="121.5161026"></trkpt>
      <trkpt lat="25.0217445" lon="121.5160308"></trkpt>
      <trkpt lat="25.0216387" lon="121.5159459"></trkpt>
      <trkpt lat="25.0215394" lon="121.5158782"></trkpt>
      <trkpt lat="25.0213951" lon="121.5157877"></trkpt>
      <trkpt lat="25.0212553" lon="121.5157119"></trkpt>
      <trkpt lat="25.0210633" lon="121.5156233"></trkpt>
      <trkpt lat="25.0209246" lon="121.5155667"></trkpt>
      <trkpt lat="25.0207101" lon="121.5154996"></trkpt>
      <trkpt lat="25.0205210" lon="121.5154630"></trkpt>
      <trkpt lat="25.0203086" lon="121.5154396"></trkpt>
      <trkpt lat="25.0200804" lon="121.5154410"></trkpt>
      <trkpt lat="25.0191099" lon="121.5155153"></trkpt>
      <trkpt lat="25.0189753" lon="121.5155088"></trkpt>
      <trkpt lat="25.0188523" lon="121.5154991"></trkpt>
      <trkpt lat="25.0186747" lon="121.5154332"></trkpt>
      <trkpt lat="25.0185768" lon="121.5153767"></trkpt>
      <trkpt lat="25.0184984" lon="121.5153068"></trkpt>
      <trkpt lat="25.0184297" lon="121.5152021"></trkpt>
      <trkpt lat="25.0183946" lon="121.5151046"></trkpt>
      <trkpt lat="25.0183817" lon="121.5150078"></trkpt>
      <trkpt lat="25.0183810" lon="121.5149109"></trkpt>
      <trkpt lat="25.0183902" lon="121.5147016"></trkpt>
      <trkpt lat="25.0184035" lon="121.5142450"></trkpt>
      <trkpt lat="25.0183861" lon="121.5135158"></trkpt>
      <trkpt lat="25.0183828" lon="121.5134383"></trkpt>
      <trkpt lat="25.0183064" lon="121.5129447"></trkpt>
      <trkpt lat="25.0183028" lon="121.5128459"></trkpt>
      <trkpt lat="25.0183448" lon="121.5127460"></trkpt>
      <trkpt lat="25.0184731" lon="121.5126130"></trkpt>
      <trkpt lat="25.0190861" lon="121.5133046"></trkpt>
      <trkpt lat="25.0191444" lon="121.5134212"></trkpt>
      <trkpt lat="25.0191530" lon="121.5135120"></trkpt>
      <trkpt lat="25.0191602" lon="121.5135875"></trkpt>
      <trkpt lat="25.0191910" lon="121.5140082"></trkpt>
      <trkpt lat="25.0191922" lon="121.5140247"></trkpt>
      <trkpt lat="25.0191973" lon="121.5140949"></trkpt>
      <trkpt lat="25.0192545" lon="121.5147628"></trkpt>
      <trkpt lat="25.0192423" lon="121.5149894"></trkpt>
      <trkpt lat="25.0192295" lon="121.5153865"></trkpt>
      <trkpt lat="25.0191979" lon="121.5154285"></trkpt>
      <trkpt lat="25.0191484" lon="121.5154243"></trkpt>
      <trkpt lat="25.0190332" lon="121.5153846"></trkpt>
      <trkpt lat="25.0189320" lon="121.5153180"></trkpt>
      <trkpt lat="25.0188121" lon="121.5152308"></trkpt>
      <trkpt lat="25.0187681" lon="121.5152107"></trkpt>
      <trkpt lat="25.0188121" lon="121.5152308"></trkpt>
      <trkpt lat="25.0189320" lon="121.5153180"></trkpt>
      <trkpt lat="25.0190332" lon="121.5153846"></trkpt>
      <trkpt lat="25.0191484" lon="121.5154243"></trkpt>
      <trkpt lat="25.0191979" lon="121.5154285"></trkpt>
      <trkpt lat="25.0193171" lon="121.5154153"></trkpt>
      <trkpt lat="25.0193313" lon="121.5150490"></trkpt>
      <trkpt lat="25.0193766" lon="121.5140943"></trkpt>
      <trkpt lat="25.0194113" lon="121.5134712"></trkpt>
      <trkpt lat="25.0194289" lon="121.5129691"></trkpt>
      <trkpt lat="25.0195035" lon="121.5129270"></trkpt>
      <trkpt lat="25.0188659" lon="121.5103106"></trkpt>
      <trkpt lat="25.0188279" lon="121.5101092"></trkpt>
      <trkpt lat="25.0188279" lon="121.5096693"></trkpt>
      <trkpt lat="25.0188619" lon="121.5091382"></trkpt>
      <trkpt lat="25.0188571" lon="121.5088378"></trkpt>
      <trkpt lat="25.0187453" lon="121.5084998"></trkpt>
      <trkpt lat="25.0186303" lon="121.5083317"></trkpt>
      <trkpt lat="25.0184959" lon="121.5082154"></trkpt>
      <trkpt lat="25.0195519" lon="121.5079239"></trkpt>
      <trkpt lat="25.0184959" lon="121.5082154"></trkpt>
      <trkpt lat="25.0186303" lon="121.5083317"></trkpt>
      <trkpt lat="25.0187453" lon="121.5084998"></trkpt>
      <trkpt lat="25.0188571" lon="121.5088378"></trkpt>
      <trkpt lat="25.0188619" lon="121.5091382"></trkpt>
      <trkpt lat="25.0188279" lon="121.5096693"></trkpt>
      <trkpt lat="25.0188279" lon="121.5101092"></trkpt>
      <trkpt lat="25.0188659" lon="121.5103106"></trkpt>
      <trkpt lat="25.0195035" lon="121.5129270"></trkpt>
      <trkpt lat="25.0194289" lon="121.5129691"></trkpt>
      <trkpt lat="25.0194113" lon="121.5134712"></trkpt>
      <trkpt lat="25.0193766" lon="121.5140943"></trkpt>
      <trkpt lat="25.0193313" lon="121.5150490"></trkpt>
      <trkpt lat="25.0193171" lon="121.5154153"></trkpt>
      <trkpt lat="25.0191979" lon="121.5154285"></trkpt>
      <trkpt lat="25.0191484" lon="121.5154243"></trkpt>
      <trkpt lat="25.0190332" lon="121.5153846"></trkpt>
      <trkpt lat="25.0189320" lon="121.5153180"></trkpt>
      <trkpt lat="25.0188121" lon="121.5152308"></trkpt>
      <trkpt lat="25.0187681" lon="121.5152107"></trkpt>
      <trkpt lat="25.0186637" lon="121.5151786"></trkpt>
      <trkpt lat="25.0185758" lon="121.5151677"></trkpt>
      <trkpt lat="25.0185179" lon="121.5152062"></trkpt>
      <trkpt lat="25.0184736" lon="121.5152720"></trkpt>
      <trkpt lat="25.0183075" lon="121.5160175"></trkpt>
      <trkpt lat="25.0182522" lon="121.5162375"></trkpt>
      <trkpt lat="25.0182413" lon="121.5163397"></trkpt>
      <trkpt lat="25.0182278" lon="121.5164657"></trkpt>
      <trkpt lat="25.0182098" lon="121.5166336"></trkpt>
      <trkpt lat="25.0181785" lon="121.5167332"></trkpt>
      <trkpt lat="25.0181303" lon="121.5167743"></trkpt>
      <trkpt lat="25.0180663" lon="121.5167522"></trkpt>
      <trkpt lat="25.0180317" lon="121.5167402"></trkpt>
      <trkpt lat="25.0179597" lon="121.5167053"></trkpt>
      <trkpt lat="25.0178519" lon="121.5166729"></trkpt>
      <trkpt lat="25.0177415" lon="121.5166398"></trkpt>
      <trkpt lat="25.0173600" lon="121.5165252"></trkpt>
      <trkpt lat="25.0171434" lon="121.5164601"></trkpt>
      <trkpt lat="25.0171231" lon="121.5164541"></trkpt>
      <trkpt lat="25.0169989" lon="121.5164161"></trkpt>
      <trkpt lat="25.0167747" lon="121.5163494"></trkpt>
      <trkpt lat="25.0167000" lon="121.5163270"></trkpt>
      <trkpt lat="25.0166967" lon="121.5162824"></trkpt>
      <trkpt lat="25.0167091" lon="121.5162190"></trkpt>
      <trkpt lat="25.0167389" lon="121.5161642"></trkpt>
      <trkpt lat="25.0167966" lon="121.5161034"></trkpt>
      <trkpt lat="25.0175163" lon="121.5158198"></trkpt>
      <trkpt lat="25.0176020" lon="121.5157876"></trkpt>
      <trkpt lat="25.0177441" lon="121.5157408"></trkpt>
      <trkpt lat="25.0178756" lon="121.5157069"></trkpt>
      <trkpt lat="25.0179939" lon="121.5156817"></trkpt>
      <trkpt lat="25.0181494" lon="121.5156536"></trkpt>
      <trkpt lat="25.0182685" lon="121.5156414"></trkpt>
      <trkpt lat="25.0184581" lon="121.5156361"></trkpt>
      <trkpt lat="25.0189867" lon="121.5156388"></trkpt>
      <trkpt lat="25.0191201" lon="121.5156367"></trkpt>
      <trkpt lat="25.0200715" lon="121.5155724"></trkpt>
      <trkpt lat="25.0202574" lon="121.5155973"></trkpt>
      <trkpt lat="25.0204016" lon="121.5156307"></trkpt>
      <trkpt lat="25.0205444" lon="121.5156716"></trkpt>
      <trkpt lat="25.0206547" lon="121.5157095"></trkpt>
      <trkpt lat="25.0208549" lon="121.5157892"></trkpt>
      <trkpt lat="25.0209728" lon="121.5158452"></trkpt>
      <trkpt lat="25.0213538" lon="121.5160457"></trkpt>
      <trkpt lat="25.0215068" lon="121.5161356"></trkpt>
      <trkpt lat="25.0216625" lon="121.5162489"></trkpt>
      <trkpt lat="25.0218032" lon="121.5163571"></trkpt>
      <trkpt lat="25.0219578" lon="121.5164896"></trkpt>
      <trkpt lat="25.0220798" lon="121.5165953"></trkpt>
      <trkpt lat="25.0221331" lon="121.5166367"></trkpt>
      <trkpt lat="25.0222129" lon="121.5166898"></trkpt>
      <trkpt lat="25.0223181" lon="121.5167449"></trkpt>
      <trkpt lat="25.0223647" lon="121.5167617"></trkpt>
      <trkpt lat="25.0224211" lon="121.5167771"></trkpt>
      <trkpt lat="25.0225155" lon="121.5168046"></trkpt>
      <trkpt lat="25.0226639" lon="121.5168404"></trkpt>
      <trkpt lat="25.0227523" lon="121.5168534"></trkpt>
      <trkpt lat="25.0230911" lon="121.5169028"></trkpt>
      <trkpt lat="25.0230900" lon="121.5167988"></trkpt>
      <trkpt lat="25.0230917" lon="121.5167555"></trkpt>
      <trkpt lat="25.0230917" lon="121.5167219"></trkpt>
      <trkpt lat="25.0230979" lon="121.5165093"></trkpt>
      <trkpt lat="25.0230879" lon="121.5163819"></trkpt>
      <trkpt lat="25.0230685" lon="121.5163380"></trkpt>
      <trkpt lat="25.0232023" lon="121.5162820"></trkpt>
      <trkpt lat="25.0232826" lon="121.5162336"></trkpt>
      <trkpt lat="25.0233519" lon="121.5161840"></trkpt>
      <trkpt lat="25.0234078" lon="121.5161410"></trkpt>
      <trkpt lat="25.0234856" lon="121.5160633"></trkpt>
      <trkpt lat="25.0235634" lon="121.5159640"></trkpt>
      <trkpt lat="25.0236035" lon="121.5159023"></trkpt>
      <trkpt lat="25.0238123" lon="121.5155337"></trkpt>
      <trkpt lat="25.0239205" lon="121.5153164"></trkpt>
      <trkpt lat="25.0239607" lon="121.5152076"></trkpt>
      <trkpt lat="25.0240045" lon="121.5150695"></trkpt>
      <trkpt lat="25.0240276" lon="121.5149475"></trkpt>
      <trkpt lat="25.0240485" lon="121.5146584"></trkpt>
      <trkpt lat="25.0240859" lon="121.5139202"></trkpt>
      <trkpt lat="25.0241272" lon="121.5132650"></trkpt>
      <trkpt lat="25.0241479" lon="121.5127943"></trkpt>
      <trkpt lat="25.0241757" lon="121.5124863"></trkpt>
      <trkpt lat="25.0241648" lon="121.5123666"></trkpt>
      <trkpt lat="25.0241414" lon="121.5122438"></trkpt>
      <trkpt lat="25.0241067" lon="121.5121744"></trkpt>
      <trkpt lat="25.0240701" lon="121.5121187"></trkpt>
      <trkpt lat="25.0237855" lon="121.5117367"></trkpt>
      <trkpt lat="25.0237204" lon="121.5116222"></trkpt>
      <trkpt lat="25.0236642" lon="121.5115015"></trkpt>
      <trkpt lat="25.0236156" lon="121.5113727"></trkpt>
      <trkpt lat="25.0235378" lon="121.5110790"></trkpt>
      <trkpt lat="25.0234132" lon="121.5105962"></trkpt>
      <trkpt lat="25.0233754" lon="121.5104495"></trkpt>
      <trkpt lat="25.0231702" lon="121.5096544"></trkpt>
      <trkpt lat="25.0229072" lon="121.5086966"></trkpt>
      <trkpt lat="25.0228455" lon="121.5085373"></trkpt>
      <trkpt lat="25.0225250" lon="121.5080096"></trkpt>
      <trkpt lat="25.0224952" lon="121.5079604"></trkpt>
      <trkpt lat="25.0221428" lon="121.5074601"></trkpt>
      <trkpt lat="25.0221058" lon="121.5074062"></trkpt>
      <trkpt lat="25.0216075" lon="121.5066809"></trkpt>
      <trkpt lat="25.0200130" lon="121.5042891"></trkpt>
      <trkpt lat="25.0199860" lon="121.5042521"></trkpt>
      <trkpt lat="25.0199580" lon="121.5042133"></trkpt>
      <trkpt lat="25.0199981" lon="121.5041576"></trkpt>
      <trkpt lat="25.0201372" lon="121.5039644"></trkpt>
      <trkpt lat="25.0202100" lon="121.5038633"></trkpt>
      <trkpt lat="25.0204040" lon="121.5035940"></trkpt>
      <trkpt lat="25.0205081" lon="121.5034494"></trkpt>
      <trkpt lat="25.0208383" lon="121.5029909"></trkpt>
      <trkpt lat="25.0209874" lon="121.5027839"></trkpt>
      <trkpt lat="25.0211756" lon="121.5025226"></trkpt>
      <trkpt lat="25.0212923" lon="121.5023606"></trkpt>
      <trkpt lat="25.0214700" lon="121.5025336"></trkpt>
      <trkpt lat="25.0220563" lon="121.5025891"></trkpt>
      <trkpt lat="25.0228198" lon="121.5026723"></trkpt>
      <trkpt lat="25.0235794" lon="121.5027552"></trkpt>
      <trkpt lat="25.0237931" lon="121.5027884"></trkpt>
      <trkpt lat="25.0238468" lon="121.5027962"></trkpt>
      <trkpt lat="25.0238968" lon="121.5028041"></trkpt>
      <trkpt lat="25.0242620" lon="121.5028677"></trkpt>
      <trkpt lat="25.0244159" lon="121.5029244"></trkpt>
      <trkpt lat="25.0246100" lon="121.5030693"></trkpt>
      <trkpt lat="25.0249099" lon="121.5033643"></trkpt>
      <trkpt lat="25.0251097" lon="121.5035575"></trkpt>
      <trkpt lat="25.0251602" lon="121.5036161"></trkpt>
      <trkpt lat="25.0252270" lon="121.5037387"></trkpt>
      <trkpt lat="25.0253249" lon="121.5040011"></trkpt>
      <trkpt lat="25.0254731" lon="121.5044316"></trkpt>
      <trkpt lat="25.0255204" lon="121.5045935"></trkpt>
      <trkpt lat="25.0256299" lon="121.5049680"></trkpt>
      <trkpt lat="25.0257380" lon="121.5053301"></trkpt>
      <trkpt lat="25.0260649" lon="121.5063845"></trkpt>
      <trkpt lat="25.0260710" lon="121.5064043"></trkpt>
      <trkpt lat="25.0260948" lon="121.5064865"></trkpt>
      <trkpt lat="25.0260211" lon="121.5065543"></trkpt>
      <trkpt lat="25.0250937" lon="121.5074086"></trkpt>
      <trkpt lat="25.0249580" lon="121.5075360"></trkpt>
      <trkpt lat="25.0249082" lon="121.5075846"></trkpt>
      <trkpt lat="25.0247564" lon="121.5077262"></trkpt>
      <trkpt lat="25.0245757" lon="121.5079017"></trkpt>
      <trkpt lat="25.0242511" lon="121.5082169"></trkpt>
      <trkpt lat="25.0241813" lon="121.5082878"></trkpt>
      <trkpt lat="25.0243029" lon="121.5084158"></trkpt>
      <trkpt lat="25.0247690" lon="121.5089063"></trkpt>
      <trkpt lat="25.0249919" lon="121.5091409"></trkpt>
      <trkpt lat="25.0248542" lon="121.5093659"></trkpt>
      <trkpt lat="25.0247682" lon="121.5096905"></trkpt>
      <trkpt lat="25.0246495" lon="121.5101381"></trkpt>
      <trkpt lat="25.0247329" lon="121.5101628"></trkpt>
      <trkpt lat="25.0253684" lon="121.5103667"></trkpt>
      <trkpt lat="25.0254946" lon="121.5104029"></trkpt>
      <trkpt lat="25.0254729" lon="121.5105038"></trkpt>
      <trkpt lat="25.0253137" lon="121.5111296"></trkpt>
      <trkpt lat="25.0252425" lon="121.5114231"></trkpt>
      <trkpt lat="25.0250895" lon="121.5120022"></trkpt>
      <trkpt lat="25.0250247" lon="121.5122213"></trkpt>
      <trkpt lat="25.0249868" lon="121.5122595"></trkpt>
      <trkpt lat="25.0249373" lon="121.5122722"></trkpt>
      <trkpt lat="25.0247060" lon="121.5121800"></trkpt>
      <trkpt lat="25.0247473" lon="121.5124623"></trkpt>
      <trkpt lat="25.0248259" lon="121.5125804"></trkpt>
      <trkpt lat="25.0249183" lon="121.5127928"></trkpt>
      <trkpt lat="25.0248551" lon="121.5128735"></trkpt>
      <trkpt lat="25.0249323" lon="121.5129411"></trkpt>
      <trkpt lat="25.0251228" lon="121.5130846"></trkpt>
      <trkpt lat="25.0252008" lon="121.5131465"></trkpt>
      <trkpt lat="25.0252794" lon="121.5132103"></trkpt>
      <trkpt lat="25.0260932" lon="121.5138408"></trkpt>
      <trkpt lat="25.0261487" lon="121.5138765"></trkpt>
      <trkpt lat="25.0262265" lon="121.5139210"></trkpt>
      <trkpt lat="25.0262064" lon="121.5140430"></trkpt>
      <trkpt lat="25.0261903" lon="121.5140925"></trkpt>
      <trkpt lat="25.0261150" lon="121.5144805"></trkpt>
      <trkpt lat="25.0259468" lon="121.5152826"></trkpt>
      <trkpt lat="25.0258576" lon="121.5156435"></trkpt>
      <trkpt lat="25.0258237" lon="121.5157929"></trkpt>
      <trkpt lat="25.0257546" lon="121.5160847"></trkpt>
      <trkpt lat="25.0257282" lon="121.5161879"></trkpt>
      <trkpt lat="25.0256068" lon="121.5162618"></trkpt>
      <trkpt lat="25.0255863" lon="121.5163404"></trkpt>
      <trkpt lat="25.0255625" lon="121.5164564"></trkpt>
      <trkpt lat="25.0255426" lon="121.5165755"></trkpt>
      <trkpt lat="25.0255049" lon="121.5165675"></trkpt>
      <trkpt lat="25.0254527" lon="121.5165682"></trkpt>
      <trkpt lat="25.0253201" lon="121.5166061"></trkpt>
      <trkpt lat="25.0250132" lon="121.5166902"></trkpt>
      <trkpt lat="25.0253201" lon="121.5166061"></trkpt>
      <trkpt lat="25.0254100" lon="121.5169371"></trkpt>
      <trkpt lat="25.0254304" lon="121.5169921"></trkpt>
      <trkpt lat="25.0254038" lon="121.5171513"></trkpt>
      <trkpt lat="25.0254642" lon="121.5172647"></trkpt>
      <trkpt lat="25.0254340" lon="121.5173788"></trkpt>
      <trkpt lat="25.0253983" lon="121.5174489"></trkpt>
      <trkpt lat="25.0253941" lon="121.5175253"></trkpt>
      <trkpt lat="25.0253056" lon="121.5179185"></trkpt>
      <trkpt lat="25.0252292" lon="121.5182663"></trkpt>
      <trkpt lat="25.0251703" lon="121.5185120"></trkpt>
      <trkpt lat="25.0250991" lon="121.5187620"></trkpt>
      <trkpt lat="25.0250674" lon="121.5188733"></trkpt>
      <trkpt lat="25.0250533" lon="121.5189836"></trkpt>
      <trkpt lat="25.0250485" lon="121.5190215"></trkpt>
      <trkpt lat="25.0250208" lon="121.5191403"></trkpt>
      <trkpt lat="25.0249393" lon="121.5194892"></trkpt>
      <trkpt lat="25.0248894" lon="121.5196630"></trkpt>
      <trkpt lat="25.0247717" lon="121.5201442"></trkpt>
      <trkpt lat="25.0247517" lon="121.5202258"></trkpt>
      <trkpt lat="25.0247318" lon="121.5203091"></trkpt>
      <trkpt lat="25.0247060" lon="121.5204167"></trkpt>
      <trkpt lat="25.0246211" lon="121.5207078"></trkpt>
      <trkpt lat="25.0248960" lon="121.5208628"></trkpt>
      <trkpt lat="25.0248137" lon="121.5211088"></trkpt>
      <trkpt lat="25.0252667" lon="121.5212683"></trkpt>
      <trkpt lat="25.0248137" lon="121.5211088"></trkpt>
      <trkpt lat="25.0248960" lon="121.5208628"></trkpt>
      <trkpt lat="25.0246211" lon="121.5207078"></trkpt>
      <trkpt lat="25.0247060" lon="121.5204167"></trkpt>
      <trkpt lat="25.0247318" lon="121.5203091"></trkpt>
      <trkpt lat="25.0247517" lon="121.5202258"></trkpt>
      <trkpt lat="25.0247717" lon="121.5201442"></trkpt>
      <trkpt lat="25.0248894" lon="121.5196630"></trkpt>
      <trkpt lat="25.0249393" lon="121.5194892"></trkpt>
      <trkpt lat="25.0250208" lon="121.5191403"></trkpt>
      <trkpt lat="25.0250485" lon="121.5190215"></trkpt>
      <trkpt lat="25.0250533" lon="121.5189836"></trkpt>
      <trkpt lat="25.0250674" lon="121.5188733"></trkpt>
      <trkpt lat="25.0250991" lon="121.5187620"></trkpt>
      <trkpt lat="25.0251703" lon="121.5185120"></trkpt>
      <trkpt lat="25.0252292" lon="121.5182663"></trkpt>
      <trkpt lat="25.0253056" lon="121.5179185"></trkpt>
      <trkpt lat="25.0253941" lon="121.5175253"></trkpt>
      <trkpt lat="25.0253983" lon="121.5174489"></trkpt>
      <trkpt lat="25.0253052" lon="121.5174496"></trkpt>
      <trkpt lat="25.0249038" lon="121.5174421"></trkpt>
      <trkpt lat="25.0249738" lon="121.5169566"></trkpt>
      <trkpt lat="25.0250132" lon="121.5166902"></trkpt>
      <trkpt lat="25.0250209" lon="121.5166031"></trkpt>
      <trkpt lat="25.0252997" lon="121.5165290"></trkpt>
      <trkpt lat="25.0255625" lon="121.5164564"></trkpt>
      <trkpt lat="25.0255863" lon="121.5163404"></trkpt>
      <trkpt lat="25.0252620" lon="121.5164318"></trkpt>
      <trkpt lat="25.0252435" lon="121.5163664"></trkpt>
      <trkpt lat="25.0252049" lon="121.5162299"></trkpt>
      <trkpt lat="25.0251248" lon="121.5159728"></trkpt>
      <trkpt lat="25.0251023" lon="121.5158951"></trkpt>
      <trkpt lat="25.0249813" lon="121.5155173"></trkpt>
      <trkpt lat="25.0249381" lon="121.5153710"></trkpt>
      <trkpt lat="25.0247831" lon="121.5148911"></trkpt>
      <trkpt lat="25.0247416" lon="121.5148568"></trkpt>
      <trkpt lat="25.0249845" lon="121.5139185"></trkpt>
      <trkpt lat="25.0251661" lon="121.5132824"></trkpt>
      <trkpt lat="25.0252008" lon="121.5131465"></trkpt>
      <trkpt lat="25.0251228" lon="121.5130846"></trkpt>
      <trkpt lat="25.0249323" lon="121.5129411"></trkpt>
      <trkpt lat="25.0248551" lon="121.5128735"></trkpt>
      <trkpt lat="25.0245987" lon="121.5126824"></trkpt>
      <trkpt lat="25.0247473" lon="121.5124623"></trkpt>
      <trkpt lat="25.0247060" lon="121.5121800"></trkpt>
      <trkpt lat="25.0246462" lon="121.5120296"></trkpt>
      <trkpt lat="25.0246613" lon="121.5119207"></trkpt>
      <trkpt lat="25.0246663" lon="121.5118625"></trkpt>
      <trkpt lat="25.0248348" lon="121.5112907"></trkpt>
      <trkpt lat="25.0244599" lon="121.5111730"></trkpt>
      <trkpt lat="25.0246901" lon="121.5103211"></trkpt>
      <trkpt lat="25.0247329" lon="121.5101628"></trkpt>
      <trkpt lat="25.0249447" lon="121.5093483"></trkpt>
      <trkpt lat="25.0250361" lon="121.5092064"></trkpt>
      <trkpt lat="25.0249919" lon="121.5091409"></trkpt>
      <trkpt lat="25.0247690" lon="121.5089063"></trkpt>
      <trkpt lat="25.0243029" lon="121.5084158"></trkpt>
      <trkpt lat="25.0241813" lon="121.5082878"></trkpt>
      <trkpt lat="25.0242511" lon="121.5082169"></trkpt>
      <trkpt lat="25.0245757" lon="121.5079017"></trkpt>
      <trkpt lat="25.0247564" lon="121.5077262"></trkpt>
      <trkpt lat="25.0249082" lon="121.5075846"></trkpt>
      <trkpt lat="25.0249580" lon="121.5075360"></trkpt>
      <trkpt lat="25.0250937" lon="121.5074086"></trkpt>
      <trkpt lat="25.0260211" lon="121.5065543"></trkpt>
      <trkpt lat="25.0260948" lon="121.5064865"></trkpt>
      <trkpt lat="25.0260710" lon="121.5064043"></trkpt>
      <trkpt lat="25.0260649" lon="121.5063845"></trkpt>
      <trkpt lat="25.0257380" lon="121.5053301"></trkpt>
      <trkpt lat="25.0256299" lon="121.5049680"></trkpt>
      <trkpt lat="25.0255204" lon="121.5045935"></trkpt>
      <trkpt lat="25.0254731" lon="121.5044316"></trkpt>
      <trkpt lat="25.0253249" lon="121.5040011"></trkpt>
      <trkpt lat="25.0252270" lon="121.5037387"></trkpt>
      <trkpt lat="25.0257046" lon="121.5035396"></trkpt>
      <trkpt lat="25.0260309" lon="121.5034152"></trkpt>
      <trkpt lat="25.0260683" lon="121.5034004"></trkpt>
      <trkpt lat="25.0267000" lon="121.5031586"></trkpt>
      <trkpt lat="25.0267642" lon="121.5031311"></trkpt>
      <trkpt lat="25.0268202" lon="121.5031126"></trkpt>
      <trkpt lat="25.0272929" lon="121.5029323"></trkpt>
      <trkpt lat="25.0274509" lon="121.5028740"></trkpt>
      <trkpt lat="25.0274886" lon="121.5028596"></trkpt>
      <trkpt lat="25.0278629" lon="121.5027129"></trkpt>
      <trkpt lat="25.0279717" lon="121.5026712"></trkpt>
      <trkpt lat="25.0282465" lon="121.5026054"></trkpt>
      <trkpt lat="25.0283987" lon="121.5025768"></trkpt>
      <trkpt lat="25.0284907" lon="121.5030839"></trkpt>
      <trkpt lat="25.0285038" lon="121.5031519"></trkpt>
      <trkpt lat="25.0287903" lon="121.5030908"></trkpt>
      <trkpt lat="25.0291137" lon="121.5030305"></trkpt>
      <trkpt lat="25.0291781" lon="121.5033505"></trkpt>
      <trkpt lat="25.0292237" lon="121.5035598"></trkpt>
      <trkpt lat="25.0293107" lon="121.5035901"></trkpt>
      <trkpt lat="25.0299056" lon="121.5036982"></trkpt>
      <trkpt lat="25.0299693" lon="121.5040022"></trkpt>
      <trkpt lat="25.0300018" lon="121.5041569"></trkpt>
      <trkpt lat="25.0300915" lon="121.5041372"></trkpt>
      <trkpt lat="25.0301764" lon="121.5041357"></trkpt>
      <trkpt lat="25.0304050" lon="121.5041486"></trkpt>
      <trkpt lat="25.0304451" lon="121.5041540"></trkpt>
      <trkpt lat="25.0305127" lon="121.5041515"></trkpt>
      <trkpt lat="25.0305868" lon="121.5041487"></trkpt>
      <trkpt lat="25.0307696" lon="121.5041419"></trkpt>
      <trkpt lat="25.0309142" lon="121.5041406"></trkpt>
      <trkpt lat="25.0311453" lon="121.5041488"></trkpt>
      <trkpt lat="25.0312122" lon="121.5041512"></trkpt>
      <trkpt lat="25.0312550" lon="121.5041563"></trkpt>
      <trkpt lat="25.0312883" lon="121.5041645"></trkpt>
      <trkpt lat="25.0312906" lon="121.5040679"></trkpt>
      <trkpt lat="25.0312780" lon="121.5037378"></trkpt>
      <trkpt lat="25.0312666" lon="121.5028756"></trkpt>
      <trkpt lat="25.0311902" lon="121.5028783"></trkpt>
      <trkpt lat="25.0312666" lon="121.5028756"></trkpt>
      <trkpt lat="25.0315589" lon="121.5028318"></trkpt>
      <trkpt lat="25.0317424" lon="121.5027715"></trkpt>
      <trkpt lat="25.0320511" lon="121.5027527"></trkpt>
      <trkpt lat="25.0323241" lon="121.5027913"></trkpt>
      <trkpt lat="25.0323800" lon="121.5028009"></trkpt>
      <trkpt lat="25.0327608" lon="121.5028130"></trkpt>
      <trkpt lat="25.0326975" lon="121.5030933"></trkpt>
      <trkpt lat="25.0330337" lon="121.5031329"></trkpt>
      <trkpt lat="25.0330686" lon="121.5031374"></trkpt>
      <trkpt lat="25.0333074" lon="121.5031366"></trkpt>
      <trkpt lat="25.0334078" lon="121.5031364"></trkpt>
      <trkpt lat="25.0335594" lon="121.5037587"></trkpt>
      <trkpt lat="25.0337597" lon="121.5045440"></trkpt>
      <trkpt lat="25.0337669" lon="121.5045771"></trkpt>
      <trkpt lat="25.0338268" lon="121.5047464"></trkpt>
      <trkpt lat="25.0338733" lon="121.5048362"></trkpt>
      <trkpt lat="25.0339863" lon="121.5047528"></trkpt>
      <trkpt lat="25.0339351" lon="121.5046451"></trkpt>
      <trkpt lat="25.0338805" lon="121.5044838"></trkpt>
      <trkpt lat="25.0338744" lon="121.5044768"></trkpt>
      <trkpt lat="25.0337460" lon="121.5040849"></trkpt>
      <trkpt lat="25.0336667" lon="121.5037512"></trkpt>
      <trkpt lat="25.0336680" lon="121.5033348"></trkpt>
      <trkpt lat="25.0336994" lon="121.5033362"></trkpt>
      <trkpt lat="25.0341456" lon="121.5033562"></trkpt>
      <trkpt lat="25.0344243" lon="121.5033681"></trkpt>
      <trkpt lat="25.0345065" lon="121.5033723"></trkpt>
      <trkpt lat="25.0345900" lon="121.5029954"></trkpt>
      <trkpt lat="25.0346988" lon="121.5030247"></trkpt>
      <trkpt lat="25.0347149" lon="121.5030424"></trkpt>
      <trkpt lat="25.0349789" lon="121.5031302"></trkpt>
      <trkpt lat="25.0350118" lon="121.5031412"></trkpt>
      <trkpt lat="25.0351200" lon="121.5031771"></trkpt>
      <trkpt lat="25.0352135" lon="121.5032557"></trkpt>
      <trkpt lat="25.0353377" lon="121.5032814"></trkpt>
      <trkpt lat="25.0355756" lon="121.5033305"></trkpt>
      <trkpt lat="25.0358211" lon="121.5033811"></trkpt>
      <trkpt lat="25.0358687" lon="121.5033910"></trkpt>
      <trkpt lat="25.0363946" lon="121.5034995"></trkpt>
      <trkpt lat="25.0365436" lon="121.5035303"></trkpt>
      <trkpt lat="25.0374465" lon="121.5037167"></trkpt>
      <trkpt lat="25.0379062" lon="121.5038116"></trkpt>
      <trkpt lat="25.0380141" lon="121.5038338"></trkpt>
      <trkpt lat="25.0380273" lon="121.5037559"></trkpt>
      <trkpt lat="25.0381618" lon="121.5029656"></trkpt>
      <trkpt lat="25.0381658" lon="121.5029242"></trkpt>
      <trkpt lat="25.0386827" lon="121.5030365"></trkpt>
      <trkpt lat="25.0387688" lon="121.5030769"></trkpt>
      <trkpt lat="25.0390887" lon="121.5031674"></trkpt>
      <trkpt lat="25.0391150" lon="121.5032222"></trkpt>
      <trkpt lat="25.0393015" lon="121.5032396"></trkpt>
      <trkpt lat="25.0396066" lon="121.5032267"></trkpt>
      <trkpt lat="25.0398947" lon="121.5032205"></trkpt>
      <trkpt lat="25.0404499" lon="121.5032920"></trkpt>
      <trkpt lat="25.0404511" lon="121.5032451"></trkpt>
      <trkpt lat="25.0404818" lon="121.5027330"></trkpt>
      <trkpt lat="25.0404889" lon="121.5026651"></trkpt>
      <trkpt lat="25.0405133" lon="121.5023759"></trkpt>
      <trkpt lat="25.0405209" lon="121.5021753"></trkpt>
      <trkpt lat="25.0405281" lon="121.5020790"></trkpt>
      <trkpt lat="25.0406166" lon="121.5020954"></trkpt>
      <trkpt lat="25.0407148" lon="121.5021141"></trkpt>
      <trkpt lat="25.0412496" lon="121.5022054"></trkpt>
      <trkpt lat="25.0414467" lon="121.5022390"></trkpt>
      <trkpt lat="25.0416028" lon="121.5022646"></trkpt>
      <trkpt lat="25.0416950" lon="121.5022823"></trkpt>
      <trkpt lat="25.0417742" lon="121.5022981"></trkpt>
      <trkpt lat="25.0425713" lon="121.5024466"></trkpt>
      <trkpt lat="25.0426526" lon="121.5024617"></trkpt>
      <trkpt lat="25.0426943" lon="121.5024702"></trkpt>
      <trkpt lat="25.0427361" lon="121.5024787"></trkpt>
      <trkpt lat="25.0430717" lon="121.5025282"></trkpt>
      <trkpt lat="25.0432566" lon="121.5025634"></trkpt>
      <trkpt lat="25.0433068" lon="121.5025729"></trkpt>
      <trkpt lat="25.0435407" lon="121.5026287"></trkpt>
      <trkpt lat="25.0437132" lon="121.5026685"></trkpt>
      <trkpt lat="25.0437978" lon="121.5026880"></trkpt>
      <trkpt lat="25.0438638" lon="121.5027032"></trkpt>
      <trkpt lat="25.0440400" lon="121.5027438"></trkpt>
      <trkpt lat="25.0444802" lon="121.5028659"></trkpt>
      <trkpt lat="25.0448040" lon="121.5029580"></trkpt>
      <trkpt lat="25.0455063" lon="121.5031539"></trkpt>
      <trkpt lat="25.0455796" lon="121.5031750"></trkpt>
      <trkpt lat="25.0455881" lon="121.5030853"></trkpt>
      <trkpt lat="25.0456733" lon="121.5027798"></trkpt>
      <trkpt lat="25.0457174" lon="121.5026096"></trkpt>
      <trkpt lat="25.0457990" lon="121.5027163"></trkpt>
      <trkpt lat="25.0460908" lon="121.5030926"></trkpt>
      <trkpt lat="25.0462172" lon="121.5032557"></trkpt>
      <trkpt lat="25.0462887" lon="121.5033435"></trkpt>
      <trkpt lat="25.0464270" lon="121.5035133"></trkpt>
      <trkpt lat="25.0464731" lon="121.5035700"></trkpt>
      <trkpt lat="25.0465602" lon="121.5036770"></trkpt>
      <trkpt lat="25.0470214" lon="121.5042436"></trkpt>
      <trkpt lat="25.0471692" lon="121.5044027"></trkpt>
      <trkpt lat="25.0471953" lon="121.5044309"></trkpt>
      <trkpt lat="25.0472896" lon="121.5045408"></trkpt>
      <trkpt lat="25.0474821" lon="121.5047649"></trkpt>
      <trkpt lat="25.0478282" lon="121.5051126"></trkpt>
      <trkpt lat="25.0479934" lon="121.5053058"></trkpt>
      <trkpt lat="25.0483008" lon="121.5056558"></trkpt>
      <trkpt lat="25.0484309" lon="121.5057595"></trkpt>
      <trkpt lat="25.0487868" lon="121.5060433"></trkpt>
      <trkpt lat="25.0488481" lon="121.5061037"></trkpt>
      <trkpt lat="25.0489804" lon="121.5061674"></trkpt>
      <trkpt lat="25.0491281" lon="121.5062552"></trkpt>
      <trkpt lat="25.0494031" lon="121.5063717"></trkpt>
      <trkpt lat="25.0498342" lon="121.5065366"></trkpt>
      <trkpt lat="25.0498796" lon="121.5065888"></trkpt>
      <trkpt lat="25.0499959" lon="121.5066314"></trkpt>
      <trkpt lat="25.0505511" lon="121.5068414"></trkpt>
      <trkpt lat="25.0506974" lon="121.5068505"></trkpt>
      <trkpt lat="25.0508310" lon="121.5066487"></trkpt>
      <trkpt lat="25.0508841" lon="121.5066328"></trkpt>
      <trkpt lat="25.0509010" lon="121.5065739"></trkpt>
      <trkpt lat="25.0509240" lon="121.5064924"></trkpt>
      <trkpt lat="25.0508793" lon="121.5064763"></trkpt>
      <trkpt lat="25.0508185" lon="121.5064517"></trkpt>
      <trkpt lat="25.0507990" lon="121.5063898"></trkpt>
      <trkpt lat="25.0508475" lon="121.5062350"></trkpt>
      <trkpt lat="25.0508629" lon="121.5061972"></trkpt>
      <trkpt lat="25.0508918" lon="121.5061555"></trkpt>
      <trkpt lat="25.0509732" lon="121.5060948"></trkpt>
      <trkpt lat="25.0509988" lon="121.5060639"></trkpt>
      <trkpt lat="25.0510157" lon="121.5060278"></trkpt>
      <trkpt lat="25.0511130" lon="121.5057357"></trkpt>
      <trkpt lat="25.0511746" lon="121.5055507"></trkpt>
      <trkpt lat="25.0511073" lon="121.5055175"></trkpt>
      <trkpt lat="25.0509369" lon="121.5053996"></trkpt>
      <trkpt lat="25.0508604" lon="121.5053594"></trkpt>
      <trkpt lat="25.0507773" lon="121.5053349"></trkpt>
      <trkpt lat="25.0500778" lon="121.5051283"></trkpt>
      <trkpt lat="25.0499536" lon="121.5051098"></trkpt>
      <trkpt lat="25.0498424" lon="121.5051010"></trkpt>
      <trkpt lat="25.0497468" lon="121.5051076"></trkpt>
      <trkpt lat="25.0498424" lon="121.5051010"></trkpt>
      <trkpt lat="25.0499536" lon="121.5051098"></trkpt>
      <trkpt lat="25.0500778" lon="121.5051283"></trkpt>
      <trkpt lat="25.0507773" lon="121.5053349"></trkpt>
      <trkpt lat="25.0508604" lon="121.5053594"></trkpt>
      <trkpt lat="25.0509369" lon="121.5053996"></trkpt>
      <trkpt lat="25.0511073" lon="121.5055175"></trkpt>
      <trkpt lat="25.0511746" lon="121.5055507"></trkpt>
      <trkpt lat="25.0512595" lon="121.5055840"></trkpt>
      <trkpt lat="25.0523382" lon="121.5059837"></trkpt>
      <trkpt lat="25.0523864" lon="121.5059805"></trkpt>
      <trkpt lat="25.0524166" lon="121.5059453"></trkpt>
      <trkpt lat="25.0524372" lon="121.5058925"></trkpt>
      <trkpt lat="25.0524540" lon="121.5058456"></trkpt>
      <trkpt lat="25.0525007" lon="121.5058031"></trkpt>
      <trkpt lat="25.0525379" lon="121.5057959"></trkpt>
      <trkpt lat="25.0528312" lon="121.5058920"></trkpt>
      <trkpt lat="25.0537405" lon="121.5061728"></trkpt>
    </trkseg>
  </trk>
</gpx>
