<?xml version="1.0" encoding="UTF-8"?>
<gpx version="1.1" creator="shape-route-poc" xmlns="http://www.topografix.com/GPX/1/1" xmlns:xsi="http://www.w3.org/2001/XMLSchema-instance" xsi:schemaLocation="http://www.topografix.com/GPX/1/1 http://www.topografix.com/GPX/1/1/gpx.xsd">
  <metadata>
    <name>LIT (large)</name>
    <desc>LIT · 91.6 km · bike · shape distance 0.276 · 96 repeated segments</desc>
    <time>2026-09-11T16:22:04Z</time>
    <bounds minlat="25.0046233" minlon="121.4938335" maxlat="25.0638216" maxlon="121.5924247"/>
  </metadata>
  <rte>
    <name>LIT (large)</name>
    <type>cycling</type>
    <rtept lat="25.0565810" lon="121.4991504"></rtept>
    <rtept lat="25.0614779" lon="121.5032654"></rtept>
    <rtept lat="25.0637363" lon="121.5044722"></rtept>
    <rtept lat="25.0628044" lon="121.5112202"></rtept>
    <rtept lat="25.0589975" lon="121.5114554"></rtept>
    <rtept lat="25.0582708" lon="121.5111892"></rtept>
    <rtept lat="25.0582553" lon="121.5105463"></rtept>
    <rtept lat="25.0569253" lon="121.5106322"></rtept>
    <rtept lat="25.0566563" lon="121.5077490"></rtept>
    <rtept lat="25.0541925" lon="121.5063087"></rtept>
    <rtept lat="25.0511746" lon="121.5055507"></rtept>
    <rtept lat="25.0506974" lon="121.5068505"></rtept>
    <rtept lat="25.0478595" lon="121.5062069"></rtept>
    <rtept lat="25.0475788" lon="121.5073284"></rtept>
    <rtept lat="25.0458615" lon="121.5062246"></rtept>
    <rtept lat="25.0456735" lon="121.5067753"></rtept>
    <rtept lat="25.0426529" lon="121.5059242"></rtept>
    <rtept lat="25.0375805" lon="121.5064436"></rtept>
    <rtept lat="25.0376537" lon="121.5058479"></rtept>
    <rtept lat="25.0371373" lon="121.5067122"></rtept>
    <rtept lat="25.0360305" lon="121.5066192"></rtept>
    <rtept lat="25.0333566" lon="121.5052647"></rtept>
    <rtept lat="25.0322491" lon="121.5066128"></rtept>
    <rtept lat="25.0318965" lon="121.5062227"></rtept>
    <rtept lat="25.0303507" lon="121.5074638"></rtept>
    <rtept lat="25.0297410" lon="121.5064817"></rtept>
    <rtept lat="25.0290131" lon="121.5071574"></rtept>
    <rtept lat="25.0280878" lon="121.5059717"></rtept>
    <rtept lat="25.0268561" lon="121.5071359"></rtept>
    <rtept lat="25.0260948" lon="121.5064865"></rtept>
    <rtept lat="25.0241813" lon="121.5082878"></rtept>
    <rtept lat="25.0228455" lon="121.5085373"></rtept>
    <rtept lat="25.0199580" lon="121.5042133"></rtept>
    <rtept lat="25.0191998" lon="121.5050254"></rtept>
    <rtept lat="25.0223670" lon="121.5088779"></rtept>
    <rtept lat="25.0227837" lon="121.5122498"></rtept>
    <rtept lat="25.0207036" lon="121.5201800"></rtept>
    <rtept lat="25.0210919" lon="121.5202821"></rtept>
    <rtept lat="25.0214993" lon="121.5176557"></rtept>
    <rtept lat="25.0232241" lon="121.5174208"></rtept>
    <rtept lat="25.0230900" lon="121.5167988"></rtept>
    <rtept lat="25.0207101" lon="121.5154996"></rtept>
    <rtept lat="25.0172829" lon="121.5157649"></rtept>
    <rtept lat="25.0172751" lon="121.5151983"></rtept>
    <rtept lat="25.0177692" lon="121.5151670"></rtept>
    <rtept lat="25.0175750" lon="121.5127711"></rtept>
    <rtept lat="25.0180936" lon="121.5125908"></rtept>
    <rtept lat="25.0171610" lon="121.5095641"></rtept>
    <rtept lat="25.0181234" lon="121.5140677"></rtept>
    <rtept lat="25.0175734" lon="121.5176525"></rtept>
    <rtept lat="25.0170891" lon="121.5175685"></rtept>
    <rtept lat="25.0171231" lon="121.5164541"></rtept>
    <rtept lat="25.0167000" lon="121.5163270"></rtept>
    <rtept lat="25.0202543" lon="121.5156631"></rtept>
    <rtept lat="25.0234559" lon="121.5174250"></rtept>
    <rtept lat="25.0231950" lon="121.5210428"></rtept>
    <rtept lat="25.0214963" lon="121.5231206"></rtept>
    <rtept lat="25.0211208" lon="121.5227337"></rtept>
    <rtept lat="25.0206322" lon="121.5232681"></rtept>
    <rtept lat="25.0204579" lon="121.5226417"></rtept>
    <rtept lat="25.0182149" lon="121.5241225"></rtept>
    <rtept lat="25.0185183" lon="121.5246834"></rtept>
    <rtept lat="25.0177947" lon="121.5251787"></rtept>
    <rtept lat="25.0187418" lon="121.5268352"></rtept>
    <rtept lat="25.0181325" lon="121.5278914"></rtept>
    <rtept lat="25.0193534" lon="121.5293465"></rtept>
    <rtept lat="25.0184511" lon="121.5302831"></rtept>
    <rtept lat="25.0190035" lon="121.5308966"></rtept>
    <rtept lat="25.0187124" lon="121.5337556"></rtept>
    <rtept lat="25.0191473" lon="121.5338449"></rtept>
    <rtept lat="25.0183514" lon="121.5337612"></rtept>
    <rtept lat="25.0183598" lon="121.5358779"></rtept>
    <rtept lat="25.0215962" lon="121.5358188"></rtept>
    <rtept lat="25.0216054" lon="121.5371609"></rtept>
    <rtept lat="25.0220385" lon="121.5371556"></rtept>
    <rtept lat="25.0222645" lon="121.5361462"></rtept>
    <rtept lat="25.0226624" lon="121.5380191"></rtept>
    <rtept lat="25.0249649" lon="121.5378957"></rtept>
    <rtept lat="25.0249629" lon="121.5369338"></rtept>
    <rtept lat="25.0256725" lon="121.5370099"></rtept>
    <rtept lat="25.0255467" lon="121.5379126"></rtept>
    <rtept lat="25.0306650" lon="121.5379911"></rtept>
    <rtept lat="25.0306691" lon="121.5374124"></rtept>
    <rtept lat="25.0333177" lon="121.5374472"></rtept>
    <rtept lat="25.0333674" lon="121.5358275"></rtept>
    <rtept lat="25.0353151" lon="121.5359575"></rtept>
    <rtept lat="25.0353315" lon="121.5375762"></rtept>
    <rtept lat="25.0382157" lon="121.5375393"></rtept>
    <rtept lat="25.0384737" lon="121.5358799"></rtept>
    <rtept lat="25.0401473" lon="121.5356884"></rtept>
    <rtept lat="25.0406527" lon="121.5356977"></rtept>
    <rtept lat="25.0407280" lon="121.5371294"></rtept>
    <rtept lat="25.0437057" lon="121.5363147"></rtept>
    <rtept lat="25.0437283" lon="121.5368838"></rtept>
    <rtept lat="25.0482648" lon="121.5369638"></rtept>
    <rtept lat="25.0482784" lon="121.5365261"></rtept>
    <rtept lat="25.0482648" lon="121.5369638"></rtept>
    <rtept lat="25.0514945" lon="121.5370293"></rtept>
    <rtept lat="25.0521672" lon="121.5370274"></rtept>
    <rtept lat="25.0521959" lon="121.5364705"></rtept>
    <rtept lat="25.0569430" lon="121.5363963"></rtept>
    <rtept lat="25.0569632" lon="121.5370882"></rtept>
    <rtept lat="25.0578339" lon="121.5371308"></rtept>
    <rtept lat="25.0577911" lon="121.5391687"></rtept>
    <rtept lat="25.0572726" lon="121.5391556"></rtept>
    <rtept lat="25.0571942" lon="121.5421952"></rtept>
    <rtept lat="25.0577285" lon="121.5421649"></rtept>
    <rtept lat="25.0575168" lon="121.5485494"></rtept>
    <rtept lat="25.0578839" lon="121.5515454"></rtept>
    <rtept lat="25.0570885" lon="121.5516287"></rtept>
    <rtept lat="25.0579470" lon="121.5605910"></rtept>
    <rtept lat="25.0576174" lon="121.5606225"></rtept>
    <rtept lat="25.0576927" lon="121.5616660"></rtept>
    <rtept lat="25.0570216" lon="121.5617258"></rtept>
    <rtept lat="25.0571619" lon="121.5634622"></rtept>
    <rtept lat="25.0580279" lon="121.5632767"></rtept>
    <rtept lat="25.0576787" lon="121.5660513"></rtept>
    <rtept lat="25.0579540" lon="121.5691600"></rtept>
    <rtept lat="25.0513826" lon="121.5702683"></rtept>
    <rtept lat="25.0514515" lon="121.5683493"></rtept>
    <rtept lat="25.0511457" lon="121.5684597"></rtept>
    <rtept lat="25.0513805" lon="121.5708044"></rtept>
    <rtept lat="25.0544423" lon="121.5767018"></rtept>
    <rtept lat="25.0559433" lon="121.5743228"></rtept>
    <rtept lat="25.0565988" lon="121.5756131"></rtept>
    <rtept lat="25.0575971" lon="121.5751511"></rtept>
    <rtept lat="25.0573901" lon="121.5745501"></rtept>
    <rtept lat="25.0575971" lon="121.5751511"></rtept>
    <rtept lat="25.0565988" lon="121.5756131"></rtept>
    <rtept lat="25.0577298" lon="121.5778699"></rtept>
    <rtept lat="25.0571818" lon="121.5782147"></rtept>
    <rtept lat="25.0581420" lon="121.5807311"></rtept>
    <rtept lat="25.0570221" lon="121.5815120"></rtept>
    <rtept lat="25.0580257" lon="121.5838686"></rtept>
    <rtept lat="25.0573867" lon="121.5855197"></rtept>
    <rtept lat="25.0580140" lon="121.5872269"></rtept>
    <rtept lat="25.0575248" lon="121.5875033"></rtept>
    <rtept lat="25.0577767" lon="121.5880017"></rtept>
    <rtept lat="25.0567715" lon="121.5887090"></rtept>
    <rtept lat="25.0573434" lon="121.5882333"></rtept>
    <rtept lat="25.0598142" lon="121.5916125"></rtept>
    <rtept lat="25.0584085" lon="121.5924247"></rtept>
    <rtept lat="25.0554698" lon="121.5889049"></rtept>
    <rtept lat="25.0556133" lon="121.5892865"></rtept>
    <rtept lat="25.0533498" lon="121.5897983"></rtept>
    <rtept lat="25.0531530" lon="121.5891707"></rtept>
    <rtept lat="25.0525349" lon="121.5848635"></rtept>
    <rtept lat="25.0532933" lon="121.5845952"></rtept>
    <rtept lat="25.0524971" lon="121.5815595"></rtept>
    <rtept lat="25.0519306" lon="121.5820056"></rtept>
    <rtept lat="25.0519893" lon="121.5828577"></rtept>
    <rtept lat="25.0526349" lon="121.5830869"></rtept>
    <rtept lat="25.0557077" lon="121.5822190"></rtept>
    <rtept lat="25.0545991" lon="121.5798480"></rtept>
    <rtept lat="25.0534896" lon="121.5787370"></rtept>
    <rtept lat="25.0529334" lon="121.5760202"></rtept>
    <rtept lat="25.0532325" lon="121.5746113"></rtept>
    <rtept lat="25.0536169" lon="121.5741512"></rtept>
    <rtept lat="25.0544840" lon="121.5757960"></rtept>
    <rtept lat="25.0514424" lon="121.5704972"></rtept>
    <rtept lat="25.0514153" lon="121.5672815"></rtept>
    <rtept lat="25.0519466" lon="121.5672924"></rtept>
    <rtept lat="25.0519039" lon="121.5681774"></rtept>
    <rtept lat="25.0511872" lon="121.5684437"></rtept>
    <rtept lat="25.0511289" lon="121.5704718"></rtept>
    <rtept lat="25.0501336" lon="121.5720504"></rtept>
    <rtept lat="25.0482374" lon="121.5721941"></rtept>
    <rtept lat="25.0482272" lon="121.5727347"></rtept>
    <rtept lat="25.0472674" lon="121.5727160"></rtept>
    <rtept lat="25.0469560" lon="121.5721478"></rtept>
    <rtept lat="25.0455513" lon="121.5720970"></rtept>
    <rtept lat="25.0455273" lon="121.5726953"></rtept>
    <rtept lat="25.0434364" lon="121.5726351"></rtept>
    <rtept lat="25.0410129" lon="121.5725345"></rtept>
    <rtept lat="25.0410269" lon="121.5719336"></rtept>
    <rtept lat="25.0376169" lon="121.5718578"></rtept>
    <rtept lat="25.0375855" lon="121.5727607"></rtept>
    <rtept lat="25.0365236" lon="121.5727546"></rtept>
    <rtept lat="25.0365085" lon="121.5735533"></rtept>
    <rtept lat="25.0346838" lon="121.5735224"></rtept>
    <rtept lat="25.0347087" lon="121.5727005"></rtept>
    <rtept lat="25.0346724" lon="121.5744988"></rtept>
    <rtept lat="25.0315872" lon="121.5745590"></rtept>
    <rtept lat="25.0316525" lon="121.5733646"></rtept>
    <rtept lat="25.0321336" lon="121.5729351"></rtept>
    <rtept lat="25.0316525" lon="121.5733646"></rtept>
    <rtept lat="25.0315872" lon="121.5745590"></rtept>
    <rtept lat="25.0336777" lon="121.5746337"></rtept>
    <rtept lat="25.0328833" lon="121.5724256"></rtept>
    <rtept lat="25.0328932" lon="121.5685369"></rtept>
    <rtept lat="25.0318981" lon="121.5684641"></rtept>
    <rtept lat="25.0318756" lon="121.5696992"></rtept>
    <rtept lat="25.0284856" lon="121.5697530"></rtept>
    <rtept lat="25.0279111" lon="121.5711228"></rtept>
    <rtept lat="25.0264048" lon="121.5708497"></rtept>
    <rtept lat="25.0260973" lon="121.5702499"></rtept>
    <rtept lat="25.0242798" lon="121.5710958"></rtept>
    <rtept lat="25.0227199" lon="121.5730701"></rtept>
    <rtept lat="25.0236231" lon="121.5733636"></rtept>
    <rtept lat="25.0227597" lon="121.5731746"></rtept>
    <rtept lat="25.0229049" lon="121.5728098"></rtept>
    <rtept lat="25.0222892" lon="121.5723457"></rtept>
    <rtept lat="25.0198088" lon="121.5748140"></rtept>
    <rtept lat="25.0199610" lon="121.5741123"></rtept>
    <rtept lat="25.0184625" lon="121.5724561"></rtept>
    <rtept lat="25.0186085" lon="121.5712776"></rtept>
    <rtept lat="25.0172139" lon="121.5725331"></rtept>
    <rtept lat="25.0153965" lon="121.5730613"></rtept>
    <rtept lat="25.0172139" lon="121.5725331"></rtept>
    <rtept lat="25.0190203" lon="121.5706825"></rtept>
    <rtept lat="25.0218917" lon="121.5688914"></rtept>
    <rtept lat="25.0223957" lon="121.5691852"></rtept>
    <rtept lat="25.0233575" lon="121.5682218"></rtept>
    <rtept lat="25.0239851" lon="121.5686219"></rtept>
    <rtept lat="25.0265113" lon="121.5659114"></rtept>
    <rtept lat="25.0267609" lon="121.5639445"></rtept>
    <rtept lat="25.0255759" lon="121.5625188"></rtept>
    <rtept lat="25.0262865" lon="121.5613687"></rtept>
    <rtept lat="25.0258696" lon="121.5608541"></rtept>
    <rtept lat="25.0261227" lon="121.5574772"></rtept>
    <rtept lat="25.0240442" lon="121.5558100"></rtept>
    <rtept lat="25.0238581" lon="121.5562615"></rtept>
    <rtept lat="25.0203779" lon="121.5566568"></rtept>
    <rtept lat="25.0177957" lon="121.5595236"></rtept>
    <rtept lat="25.0136531" lon="121.5626745"></rtept>
    <rtept lat="25.0132590" lon="121.5639460"></rtept>
    <rtept lat="25.0121591" lon="121.5649491"></rtept>
    <rtept lat="25.0121089" lon="121.5671597"></rtept>
    <rtept lat="25.0127036" lon="121.5650591"></rtept>
    <rtept lat="25.0136540" lon="121.5640742"></rtept>
    <rtept lat="25.0142435" lon="121.5646915"></rtept>
    <rtept lat="25.0133843" lon="121.5638029"></rtept>
    <rtept lat="25.0136531" lon="121.5626745"></rtept>
    <rtept lat="25.0160157" lon="121.5606621"></rtept>
    <rtept lat="25.0208362" lon="121.5595323"></rtept>
    <rtept lat="25.0229094" lon="121.5579490"></rtept>
    <rtept lat="25.0232621" lon="121.5586197"></rtept>
    <rtept lat="25.0218497" lon="121.5600352"></rtept>
    <rtept lat="25.0215883" lon="121.5610717"></rtept>
    <rtept lat="25.0179392" lon="121.5614246"></rtept>
    <rtept lat="25.0181617" lon="121.5637220"></rtept>
    <rtept lat="25.0173422" lon="121.5640648"></rtept>
    <rtept lat="25.0183903" lon="121.5634236"></rtept>
    <rtept lat="25.0179392" lon="121.5614246"></rtept>
    <rtept lat="25.0215883" lon="121.5610717"></rtept>
    <rtept lat="25.0218497" lon="121.5600352"></rtept>
    <rtept lat="25.0232621" lon="121.5586197"></rtept>
    <rtept lat="25.0236137" lon="121.5568434"></rtept>
    <rtept lat="25.0245363" lon="121.5567666"></rtept>
    <rtept lat="25.0247861" lon="121.5561048"></rtept>
    <rtept lat="25.0261227" lon="121.5574772"></rtept>
    <rtept lat="25.0258696" lon="121.5608541"></rtept>
    <rtept lat="25.0276978" lon="121.5631711"></rtept>
    <rtept lat="25.0264785" lon="121.5642189"></rtept>
    <rtept lat="25.0265113" lon="121.5659114"></rtept>
    <rtept lat="25.0242573" lon="121.5681126"></rtept>
    <rtept lat="25.0237413" lon="121.5676077"></rtept>
    <rtept lat="25.0224359" lon="121.5676139"></rtept>
    <rtept lat="25.0221864" lon="121.5680619"></rtept>
    <rtept lat="25.0224359" lon="121.5676139"></rtept>
    <rtept lat="25.0237413" lon="121.5676077"></rtept>
    <rtept lat="25.0242573" lon="121.5681126"></rtept>
    <rtept lat="25.0257716" lon="121.5664718"></rtept>
    <rtept lat="25.0259277" lon="121.5667753"></rtept>
    <rtept lat="25.0268450" lon="121.5662451"></rtept>
    <rtept lat="25.0285389" lon="121.5670107"></rtept>
    <rtept lat="25.0295552" lon="121.5663178"></rtept>
    <rtept lat="25.0327692" lon="121.5664502"></rtept>
    <rtept lat="25.0327777" lon="121.5655379"></rtept>
    <rtept lat="25.0357546" lon="121.5657423"></rtept>
    <rtept lat="25.0357522" lon="121.5663948"></rtept>
    <rtept lat="25.0351053" lon="121.5663825"></rtept>
    <rtept lat="25.0358534" lon="121.5663989"></rtept>
    <rtept lat="25.0358441" lon="121.5669154"></rtept>
    <rtept lat="25.0392027" lon="121.5671359"></rtept>
    <rtept lat="25.0392370" lon="121.5661872"></rtept>
    <rtept lat="25.0412493" lon="121.5660019"></rtept>
    <rtept lat="25.0413502" lon="121.5647414"></rtept>
    <rtept lat="25.0458103" lon="121.5673934"></rtept>
    <rtept lat="25.0488482" lon="121.5655235"></rtept>
    <rtept lat="25.0490317" lon="121.5662448"></rtept>
    <rtept lat="25.0524111" lon="121.5661737"></rtept>
    <rtept lat="25.0515235" lon="121.5660680"></rtept>
    <rtept lat="25.0515463" lon="121.5620027"></rtept>
    <rtept lat="25.0525238" lon="121.5620219"></rtept>
    <rtept lat="25.0526800" lon="121.5551198"></rtept>
    <rtept lat="25.0516952" lon="121.5548840"></rtept>
    <rtept lat="25.0518140" lon="121.5491960"></rtept>
    <rtept lat="25.0575838" lon="121.5492638"></rtept>
    <rtept lat="25.0575168" lon="121.5485494"></rtept>
    <rtept lat="25.0566554" lon="121.5478590"></rtept>
    <rtept lat="25.0570560" lon="121.5442156"></rtept>
    <rtept lat="25.0575018" lon="121.5440318"></rtept>
    <rtept lat="25.0559743" lon="121.5440107"></rtept>
    <rtept lat="25.0559811" lon="121.5421600"></rtept>
    <rtept lat="25.0539004" lon="121.5421174"></rtept>
    <rtept lat="25.0538850" lon="121.5425750"></rtept>
    <rtept lat="25.0533482" lon="121.5425649"></rtept>
    <rtept lat="25.0533127" lon="121.5439630"></rtept>
    <rtept lat="25.0507041" lon="121.5438613"></rtept>
    <rtept lat="25.0501613" lon="121.5421881"></rtept>
    <rtept lat="25.0477474" lon="121.5421332"></rtept>
    <rtept lat="25.0455711" lon="121.5433037"></rtept>
    <rtept lat="25.0455630" lon="121.5437365"></rtept>
    <rtept lat="25.0430964" lon="121.5436651"></rtept>
    <rtept lat="25.0430961" lon="121.5430575"></rtept>
    <rtept lat="25.0425831" lon="121.5430858"></rtept>
    <rtept lat="25.0430961" lon="121.5430575"></rtept>
    <rtept lat="25.0428602" lon="121.5436643"></rtept>
    <rtept lat="25.0398244" lon="121.5435501"></rtept>
    <rtept lat="25.0398362" lon="121.5430344"></rtept>
    <rtept lat="25.0398239" lon="121.5435739"></rtept>
    <rtept lat="25.0185122" lon="121.5431632"></rtept>
    <rtept lat="25.0172760" lon="121.5441835"></rtept>
    <rtept lat="25.0159325" lon="121.5425453"></rtept>
    <rtept lat="25.0147155" lon="121.5434946"></rtept>
    <rtept lat="25.0133262" lon="121.5414278"></rtept>
    <rtept lat="25.0137705" lon="121.5405316"></rtept>
    <rtept lat="25.0130020" lon="121.5396351"></rtept>
    <rtept lat="25.0132590" lon="121.5393659"></rtept>
    <rtept lat="25.0150472" lon="121.5414612"></rtept>
    <rtept lat="25.0165028" lon="121.5402347"></rtept>
    <rtept lat="25.0149278" lon="121.5363014"></rtept>
    <rtept lat="25.0154555" lon="121.5375683"></rtept>
    <rtept lat="25.0155314" lon="121.5371845"></rtept>
    <rtept lat="25.0176052" lon="121.5366445"></rtept>
    <rtept lat="25.0169773" lon="121.5332649"></rtept>
    <rtept lat="25.0164493" lon="121.5326756"></rtept>
    <rtept lat="25.0168382" lon="121.5322771"></rtept>
    <rtept lat="25.0183528" lon="121.5327515"></rtept>
    <rtept lat="25.0190035" lon="121.5308966"></rtept>
    <rtept lat="25.0184511" lon="121.5302831"></rtept>
    <rtept lat="25.0173288" lon="121.5314353"></rtept>
    <rtept lat="25.0154553" lon="121.5299830"></rtept>
    <rtept lat="25.0147272" lon="121.5306588"></rtept>
    <rtept lat="25.0140180" lon="121.5299343"></rtept>
    <rtept lat="25.0136893" lon="121.5303109"></rtept>
    <rtept lat="25.0118972" lon="121.5282998"></rtept>
    <rtept lat="25.0115937" lon="121.5286019"></rtept>
    <rtept lat="25.0121731" lon="121.5272002"></rtept>
    <rtept lat="25.0135009" lon="121.5265474"></rtept>
    <rtept lat="25.0131229" lon="121.5262507"></rtept>
    <rtept lat="25.0135109" lon="121.5255666"></rtept>
    <rtept lat="25.0131229" lon="121.5262507"></rtept>
    <rtept lat="25.0135009" lon="121.5265474"></rtept>
    <rtept lat="25.0126636" lon="121.5266919"></rtept>
    <rtept lat="25.0115867" lon="121.5285141"></rtept>
    <rtept lat="25.0091483" lon="121.5260733"></rtept>
    <rtept lat="25.0105268" lon="121.5241952"></rtept>
    <rtept lat="25.0147340" lon="121.5213774"></rtept>
    <rtept lat="25.0142771" lon="121.5215590"></rtept>
    <rtept lat="25.0138123" lon="121.5208989"></rtept>
    <rtept lat="25.0143136" lon="121.5204754"></rtept>
    <rtept lat="25.0134180" lon="121.5193380"></rtept>
    <rtept lat="25.0136031" lon="121.5184000"></rtept>
    <rtept lat="25.0129331" lon="121.5170929"></rtept>
    <rtept lat="25.0134998" lon="121.5167973"></rtept>
    <rtept lat="25.0130535" lon="121.5156787"></rtept>
    <rtept lat="25.0135382" lon="121.5153037"></rtept>
    <rtept lat="25.0128277" lon="121.5106022"></rtept>
    <rtept lat="25.0133775" lon="121.5102935"></rtept>
    <rtept lat="25.0128618" lon="121.5089803"></rtept>
    <rtept lat="25.0134841" lon="121.5087703"></rtept>
    <rtept lat="25.0136882" lon="121.5074723"></rtept>
    <rtept lat="25.0128710" lon="121.5067511"></rtept>
    <rtept lat="25.0140177" lon="121.5055029"></rtept>
    <rtept lat="25.0128685" lon="121.5037597"></rtept>
    <rtept lat="25.0134326" lon="121.5032070"></rtept>
    <rtept lat="25.0128685" lon="121.5037597"></rtept>
    <rtept lat="25.0131249" lon="121.5044731"></rtept>
    <rtept lat="25.0086116" lon="121.4984031"></rtept>
    <rtept lat="25.0076868" lon="121.4983901"></rtept>
    <rtept lat="25.0070142" lon="121.4965019"></rtept>
    <rtept lat="25.0047631" lon="121.4967957"></rtept>
    <rtept lat="25.0046233" lon="121.4963747"></rtept>
    <rtept lat="25.0070550" lon="121.4954228"></rtept>
    <rtept lat="25.0162429" lon="121.4955581"></rtept>
    <rtept lat="25.0193723" lon="121.4973575"></rtept>
    <rtept lat="25.0172567" lon="121.5006241"></rtept>
    <rtept lat="25.0165357" lon="121.4995149"></rtept>
    <rtept lat="25.0159033" lon="121.5000398"></rtept>
    <rtept lat="25.0153089" lon="121.4986096"></rtept>
    <rtept lat="25.0159033" lon="121.5000398"></rtept>
    <rtept lat="25.0165357" lon="121.4995149"></rtept>
    <rtept lat="25.0172567" lon="121.5006241"></rtept>
    <rtept lat="25.0180904" lon="121.4997858"></rtept>
    <rtept lat="25.0196523" lon="121.5007641"></rtept>
    <rtept lat="25.0209334" lon="121.4998553"></rtept>
    <rtept lat="25.0212720" lon="121.5004515"></rtept>
    <rtept lat="25.0228005" lon="121.4997722"></rtept>
    <rtept lat="25.0238582" lon="121.5007000"></rtept>
    <rtept lat="25.0246616" lon="121.4995229"></rtept>
    <rtept lat="25.0293345" lon="121.4998510"></rtept>
    <rtept lat="25.0293697" lon="121.5005836"></rtept>
    <rtept lat="25.0297968" lon="121.5000415"></rtept>
    <rtept lat="25.0303114" lon="121.5005904"></rtept>
    <rtept lat="25.0330478" lon="121.5005313"></rtept>
    <rtept lat="25.0341061" lon="121.5010299"></rtept>
    <rtept lat="25.0344840" lon="121.4993610"></rtept>
    <rtept lat="25.0412437" lon="121.5000832"></rtept>
    <rtept lat="25.0414763" lon="121.4995595"></rtept>
    <rtept lat="25.0426903" lon="121.5004616"></rtept>
    <rtept lat="25.0418203" lon="121.5000060"></rtept>
    <rtept lat="25.0389138" lon="121.4960095"></rtept>
    <rtept lat="25.0393314" lon="121.4956513"></rtept>
    <rtept lat="25.0403657" lon="121.4975685"></rtept>
    <rtept lat="25.0451874" lon="121.5013102"></rtept>
    <rtept lat="25.0466766" lon="121.5031958"></rtept>
    <rtept lat="25.0494234" lon="121.5050423"></rtept>
    <rtept lat="25.0511746" lon="121.5055507"></rtept>
    <rtept lat="25.0504059" lon="121.5081360"></rtept>
    <rtept lat="25.0487064" lon="121.5076502"></rtept>
    <rtept lat="25.0489423" lon="121.5066260"></rtept>
    <rtept lat="25.0554908" lon="121.4940561"></rtept>
    <rtept lat="25.0562455" lon="121.4939373"></rtept>
    <rtept lat="25.0569505" lon="121.4966890"></rtept>
    <rtept lat="25.0564993" lon="121.4967879"></rtept>
    <rtept lat="25.0565810" lon="121.4991504"></rtept>
  </rte>
  <trk>
    <name>LIT (large)</name>
    <type>cycling</type>
    <trkseg>
      <trkpt lat="25.0565810" lon="121.4991504"></trkpt>
      <trkpt lat="25.0567287" lon="121.4991155"></trkpt>
      <trkpt lat="25.0568417" lon="121.4990900"></trkpt>
      <trkpt lat="25.0568952" lon="121.4991870"></trkpt>
      <trkpt lat="25.0575379" lon="121.4999583"></trkpt>
      <trkpt lat="25.0576112" lon="121.5000303"></trkpt>
      <trkpt lat="25.0576352" lon="121.5000539"></trkpt>
      <trkpt lat="25.0577517" lon="121.5001676"></trkpt>
      <trkpt lat="25.0582562" lon="121.5006554"></trkpt>
      <trkpt lat="25.0583447" lon="121.5007365"></trkpt>
      <trkpt lat="25.0593702" lon="121.5016100"></trkpt>
      <trkpt lat="25.0594398" lon="121.5016663"></trkpt>
      <trkpt lat="25.0595026" lon="121.5017168"></trkpt>
      <trkpt lat="25.0600600" lon="121.5021028"></trkpt>
      <trkpt lat="25.0605805" lon="121.5024587"></trkpt>
      <trkpt lat="25.0611219" lon="121.5027687"></trkpt>
      <trkpt lat="25.0613128" lon="121.5028797"></trkpt>
      <trkpt lat="25.0615714" lon="121.5030378"></trkpt>
      <trkpt lat="25.0616985" lon="121.5031481"></trkpt>
      <trkpt lat="25.0615618" lon="121.5032006"></trkpt>
      <trkpt lat="25.0614779" lon="121.5032654"></trkpt>
      <trkpt lat="25.0616179" lon="121.5033481"></trkpt>
      <trkpt lat="25.0619054" lon="121.5034884"></trkpt>
      <trkpt lat="25.0623699" lon="121.5037253"></trkpt>
      <trkpt lat="25.0624845" lon="121.5037770"></trkpt>
      <trkpt lat="25.0632613" lon="121.5041000"></trkpt>
      <trkpt lat="25.0634061" lon="121.5041663"></trkpt>
      <trkpt lat="25.0635486" lon="121.5042510"></trkpt>
      <trkpt lat="25.0636589" lon="121.5043554"></trkpt>
      <trkpt lat="25.0637363" lon="121.5044722"></trkpt>
      <trkpt lat="25.0637796" lon="121.5045593"></trkpt>
      <trkpt lat="25.0638101" lon="121.5046815"></trkpt>
      <trkpt lat="25.0638216" lon="121.5047885"></trkpt>
      <trkpt lat="25.0638195" lon="121.5049160"></trkpt>
      <trkpt lat="25.0638006" lon="121.5050655"></trkpt>
      <trkpt lat="25.0636258" lon="121.5062281"></trkpt>
      <trkpt lat="25.0635955" lon="121.5063164"></trkpt>
      <trkpt lat="25.0632893" lon="121.5084538"></trkpt>
      <trkpt lat="25.0632468" lon="121.5086335"></trkpt>
      <trkpt lat="25.0632190" lon="121.5089588"></trkpt>
      <trkpt lat="25.0628833" lon="121.5107566"></trkpt>
      <trkpt lat="25.0628199" lon="121.5110489"></trkpt>
      <trkpt lat="25.0628040" lon="121.5111451"></trkpt>
      <trkpt lat="25.0628044" lon="121.5112202"></trkpt>
      <trkpt lat="25.0626752" lon="121.5112280"></trkpt>
      <trkpt lat="25.0626721" lon="121.5112282"></trkpt>
      <trkpt lat="25.0623033" lon="121.5112502"></trkpt>
      <trkpt lat="25.0622571" lon="121.5112530"></trkpt>
      <trkpt lat="25.0621644" lon="121.5112586"></trkpt>
      <trkpt lat="25.0621341" lon="121.5112600"></trkpt>
      <trkpt lat="25.0606523" lon="121.5113529"></trkpt>
      <trkpt lat="25.0601958" lon="121.5113811"></trkpt>
      <trkpt lat="25.0600246" lon="121.5113917"></trkpt>
      <trkpt lat="25.0592816" lon="121.5114377"></trkpt>
      <trkpt lat="25.0592352" lon="121.5114406"></trkpt>
      <trkpt lat="25.0589975" lon="121.5114554"></trkpt>
      <trkpt lat="25.0589504" lon="121.5113030"></trkpt>
      <trkpt lat="25.0589379" lon="121.5111492"></trkpt>
      <trkpt lat="25.0589038" lon="121.5111401"></trkpt>
      <trkpt lat="25.0582708" lon="121.5111892"></trkpt>
      <trkpt lat="25.0582320" lon="121.5106706"></trkpt>
      <trkpt lat="25.0582359" lon="121.5106369"></trkpt>
      <trkpt lat="25.0582553" lon="121.5105463"></trkpt>
      <trkpt lat="25.0581591" lon="121.5105714"></trkpt>
      <trkpt lat="25.0576622" lon="121.5106165"></trkpt>
      <trkpt lat="25.0574605" lon="121.5106009"></trkpt>
      <trkpt lat="25.0569881" lon="121.5106272"></trkpt>
      <trkpt lat="25.0569253" lon="121.5106322"></trkpt>
      <trkpt lat="25.0569224" lon="121.5105182"></trkpt>
      <trkpt lat="25.0569199" lon="121.5104541"></trkpt>
      <trkpt lat="25.0569056" lon="121.5099017"></trkpt>
      <trkpt lat="25.0569048" lon="121.5098384"></trkpt>
      <trkpt lat="25.0569034" lon="121.5097854"></trkpt>
      <trkpt lat="25.0568886" lon="121.5092098"></trkpt>
      <trkpt lat="25.0568857" lon="121.5090960"></trkpt>
      <trkpt lat="25.0568804" lon="121.5089329"></trkpt>
      <trkpt lat="25.0568784" lon="121.5088500"></trkpt>
      <trkpt lat="25.0568701" lon="121.5084587"></trkpt>
      <trkpt lat="25.0568685" lon="121.5083938"></trkpt>
      <trkpt lat="25.0568704" lon="121.5082879"></trkpt>
      <trkpt lat="25.0568818" lon="121.5081884"></trkpt>
      <trkpt lat="25.0568919" lon="121.5081385"></trkpt>
      <trkpt lat="25.0569067" lon="121.5080812"></trkpt>
      <trkpt lat="25.0569278" lon="121.5079955"></trkpt>
      <trkpt lat="25.0567846" lon="121.5079388"></trkpt>
      <trkpt lat="25.0567656" lon="121.5079247"></trkpt>
      <trkpt lat="25.0567504" lon="121.5079066"></trkpt>
      <trkpt lat="25.0566709" lon="121.5077678"></trkpt>
      <trkpt lat="25.0566563" lon="121.5077490"></trkpt>
      <trkpt lat="25.0566308" lon="121.5077322"></trkpt>
      <trkpt lat="25.0565560" lon="121.5077116"></trkpt>
      <trkpt lat="25.0561001" lon="121.5075858"></trkpt>
      <trkpt lat="25.0560719" lon="121.5075707"></trkpt>
      <trkpt lat="25.0560507" lon="121.5075468"></trkpt>
      <trkpt lat="25.0558654" lon="121.5071724"></trkpt>
      <trkpt lat="25.0558469" lon="121.5071500"></trkpt>
      <trkpt lat="25.0554566" lon="121.5069515"></trkpt>
      <trkpt lat="25.0541925" lon="121.5063087"></trkpt>
      <trkpt lat="25.0537405" lon="121.5061728"></trkpt>
      <trkpt lat="25.0528312" lon="121.5058920"></trkpt>
      <trkpt lat="25.0525379" lon="121.5057959"></trkpt>
      <trkpt lat="25.0525007" lon="121.5058031"></trkpt>
      <trkpt lat="25.0524540" lon="121.5058456"></trkpt>
      <trkpt lat="25.0524372" lon="121.5058925"></trkpt>
      <trkpt lat="25.0524166" lon="121.5059453"></trkpt>
      <trkpt lat="25.0523864" lon="121.5059805"></trkpt>
      <trkpt lat="25.0523382" lon="121.5059837"></trkpt>
      <trkpt lat="25.0512595" lon="121.5055840"></trkpt>
      <trkpt lat="25.0511746" lon="121.5055507"></trkpt>
      <trkpt lat="25.0511130" lon="121.5057357"></trkpt>
      <trkpt lat="25.0510157" lon="121.5060278"></trkpt>
      <trkpt lat="25.0509988" lon="121.5060639"></trkpt>
      <trkpt lat="25.0509732" lon="121.5060948"></trkpt>
      <trkpt lat="25.0508918" lon="121.5061555"></trkpt>
      <trkpt lat="25.0508629" lon="121.5061972"></trkpt>
      <trkpt lat="25.0508475" lon="121.5062350"></trkpt>
      <trkpt lat="25.0507990" lon="121.5063898"></trkpt>
      <trkpt lat="25.0508185" lon="121.5064517"></trkpt>
      <trkpt lat="25.0508793" lon="121.5064763"></trkpt>
      <trkpt lat="25.0508588" lon="121.5065607"></trkpt>
      <trkpt lat="25.0508310" lon="121.5066487"></trkpt>
      <trkpt lat="25.0506974" lon="121.5068505"></trkpt>
      <trkpt lat="25.0505669" lon="121.5067088"></trkpt>
      <trkpt lat="25.0504874" lon="121.5067022"></trkpt>
      <trkpt lat="25.0499338" lon="121.5065290"></trkpt>
      <trkpt lat="25.0498342" lon="121.5065366"></trkpt>
      <trkpt lat="25.0494031" lon="121.5063717"></trkpt>
      <trkpt lat="25.0491281" lon="121.5062552"></trkpt>
      <trkpt lat="25.0489804" lon="121.5061674"></trkpt>
      <trkpt lat="25.0488481" lon="121.5061037"></trkpt>
      <trkpt lat="25.0487446" lon="121.5064629"></trkpt>
      <trkpt lat="25.0483252" lon="121.5063407"></trkpt>
      <trkpt lat="25.0479016" lon="121.5062173"></trkpt>
      <trkpt lat="25.0478595" lon="121.5062069"></trkpt>
      <trkpt lat="25.0478441" lon="121.5062693"></trkpt>
      <trkpt lat="25.0476554" lon="121.5070168"></trkpt>
      <trkpt lat="25.0476042" lon="121.5072197"></trkpt>
      <trkpt lat="25.0475788" lon="121.5073284"></trkpt>
      <trkpt lat="25.0475002" lon="121.5073005"></trkpt>
      <trkpt lat="25.0472829" lon="121.5072384"></trkpt>
      <trkpt lat="25.0466194" lon="121.5070490"></trkpt>
      <trkpt lat="25.0465546" lon="121.5070295"></trkpt>
      <trkpt lat="25.0465742" lon="121.5069289"></trkpt>
      <trkpt lat="25.0466782" lon="121.5064758"></trkpt>
      <trkpt lat="25.0458615" lon="121.5062246"></trkpt>
      <trkpt lat="25.0458027" lon="121.5062086"></trkpt>
      <trkpt lat="25.0456942" lon="121.5066844"></trkpt>
      <trkpt lat="25.0456735" lon="121.5067753"></trkpt>
      <trkpt lat="25.0455840" lon="121.5067492"></trkpt>
      <trkpt lat="25.0452849" lon="121.5066619"></trkpt>
      <trkpt lat="25.0448077" lon="121.5065228"></trkpt>
      <trkpt lat="25.0442707" lon="121.5063707"></trkpt>
      <trkpt lat="25.0442341" lon="121.5063603"></trkpt>
      <trkpt lat="25.0441377" lon="121.5063316"></trkpt>
      <trkpt lat="25.0437430" lon="121.5062121"></trkpt>
      <trkpt lat="25.0436849" lon="121.5061968"></trkpt>
      <trkpt lat="25.0436082" lon="121.5061697"></trkpt>
      <trkpt lat="25.0428419" lon="121.5059496"></trkpt>
      <trkpt lat="25.0427476" lon="121.5059408"></trkpt>
      <trkpt lat="25.0426529" lon="121.5059242"></trkpt>
      <trkpt lat="25.0425737" lon="121.5059245"></trkpt>
      <trkpt lat="25.0423928" lon="121.5059296"></trkpt>
      <trkpt lat="25.0421182" lon="121.5059502"></trkpt>
      <trkpt lat="25.0419305" lon="121.5059659"></trkpt>
      <trkpt lat="25.0417188" lon="121.5059746"></trkpt>
      <trkpt lat="25.0416504" lon="121.5059779"></trkpt>
      <trkpt lat="25.0415702" lon="121.5059872"></trkpt>
      <trkpt lat="25.0413825" lon="121.5060108"></trkpt>
      <trkpt lat="25.0410259" lon="121.5060389"></trkpt>
      <trkpt lat="25.0409548" lon="121.5060456"></trkpt>
      <trkpt lat="25.0407754" lon="121.5060520"></trkpt>
      <trkpt lat="25.0407127" lon="121.5060557"></trkpt>
      <trkpt lat="25.0406274" lon="121.5060728"></trkpt>
      <trkpt lat="25.0399746" lon="121.5061555"></trkpt>
      <trkpt lat="25.0394989" lon="121.5062157"></trkpt>
      <trkpt lat="25.0394186" lon="121.5062225"></trkpt>
      <trkpt lat="25.0389232" lon="121.5062868"></trkpt>
      <trkpt lat="25.0386814" lon="121.5063147"></trkpt>
      <trkpt lat="25.0385385" lon="121.5063306"></trkpt>
      <trkpt lat="25.0380527" lon="121.5063899"></trkpt>
      <trkpt lat="25.0376697" lon="121.5064335"></trkpt>
      <trkpt lat="25.0375805" lon="121.5064436"></trkpt>
      <trkpt lat="25.0375963" lon="121.5063153"></trkpt>
      <trkpt lat="25.0376668" lon="121.5059345"></trkpt>
      <trkpt lat="25.0376537" lon="121.5058479"></trkpt>
      <trkpt lat="25.0375889" lon="121.5059796"></trkpt>
      <trkpt lat="25.0375457" lon="121.5062908"></trkpt>
      <trkpt lat="25.0375383" lon="121.5063012"></trkpt>
      <trkpt lat="25.0374972" lon="121.5063589"></trkpt>
      <trkpt lat="25.0374674" lon="121.5063818"></trkpt>
      <trkpt lat="25.0374265" lon="121.5064026"></trkpt>
      <trkpt lat="25.0373275" lon="121.5064435"></trkpt>
      <trkpt lat="25.0373155" lon="121.5064550"></trkpt>
      <trkpt lat="25.0371373" lon="121.5067122"></trkpt>
      <trkpt lat="25.0368750" lon="121.5066537"></trkpt>
      <trkpt lat="25.0367294" lon="121.5066194"></trkpt>
      <trkpt lat="25.0364095" lon="121.5065424"></trkpt>
      <trkpt lat="25.0361514" lon="121.5064802"></trkpt>
      <trkpt lat="25.0360769" lon="121.5064592"></trkpt>
      <trkpt lat="25.0360305" lon="121.5066192"></trkpt>
      <trkpt lat="25.0360769" lon="121.5064592"></trkpt>
      <trkpt lat="25.0359601" lon="121.5064210"></trkpt>
      <trkpt lat="25.0357156" lon="121.5063542"></trkpt>
      <trkpt lat="25.0354624" lon="121.5062374"></trkpt>
      <trkpt lat="25.0352680" lon="121.5061160"></trkpt>
      <trkpt lat="25.0350116" lon="121.5059604"></trkpt>
      <trkpt lat="25.0347764" lon="121.5057901"></trkpt>
      <trkpt lat="25.0345972" lon="121.5056305"></trkpt>
      <trkpt lat="25.0344624" lon="121.5056989"></trkpt>
      <trkpt lat="25.0343214" lon="121.5057123"></trkpt>
      <trkpt lat="25.0341934" lon="121.5056918"></trkpt>
      <trkpt lat="25.0341707" lon="121.5056882"></trkpt>
      <trkpt lat="25.0340397" lon="121.5056477"></trkpt>
      <trkpt lat="25.0335655" lon="121.5053829"></trkpt>
      <trkpt lat="25.0334482" lon="121.5053201"></trkpt>
      <trkpt lat="25.0333566" lon="121.5052647"></trkpt>
      <trkpt lat="25.0333091" lon="121.5053666"></trkpt>
      <trkpt lat="25.0329512" lon="121.5057863"></trkpt>
      <trkpt lat="25.0322491" lon="121.5066128"></trkpt>
      <trkpt lat="25.0321878" lon="121.5065560"></trkpt>
      <trkpt lat="25.0320765" lon="121.5064375"></trkpt>
      <trkpt lat="25.0319493" lon="121.5062916"></trkpt>
      <trkpt lat="25.0318965" lon="121.5062227"></trkpt>
      <trkpt lat="25.0318464" lon="121.5062623"></trkpt>
      <trkpt lat="25.0314331" lon="121.5065886"></trkpt>
      <trkpt lat="25.0313953" lon="121.5066198"></trkpt>
      <trkpt lat="25.0312737" lon="121.5067205"></trkpt>
      <trkpt lat="25.0311874" lon="121.5067859"></trkpt>
      <trkpt lat="25.0311287" lon="121.5068312"></trkpt>
      <trkpt lat="25.0307903" lon="121.5071068"></trkpt>
      <trkpt lat="25.0306987" lon="121.5071821"></trkpt>
      <trkpt lat="25.0305937" lon="121.5072715"></trkpt>
      <trkpt lat="25.0304759" lon="121.5073717"></trkpt>
      <trkpt lat="25.0303507" lon="121.5074638"></trkpt>
      <trkpt lat="25.0303153" lon="121.5074023"></trkpt>
      <trkpt lat="25.0302262" lon="121.5072404"></trkpt>
      <trkpt lat="25.0300715" lon="121.5069760"></trkpt>
      <trkpt lat="25.0298467" lon="121.5065592"></trkpt>
      <trkpt lat="25.0297410" lon="121.5064817"></trkpt>
      <trkpt lat="25.0296898" lon="121.5065250"></trkpt>
      <trkpt lat="25.0294414" lon="121.5067587"></trkpt>
      <trkpt lat="25.0292297" lon="121.5069583"></trkpt>
      <trkpt lat="25.0290131" lon="121.5071574"></trkpt>
      <trkpt lat="25.0285228" lon="121.5065419"></trkpt>
      <trkpt lat="25.0280878" lon="121.5059717"></trkpt>
      <trkpt lat="25.0278729" lon="121.5061741"></trkpt>
      <trkpt lat="25.0269245" lon="121.5070644"></trkpt>
      <trkpt lat="25.0268561" lon="121.5071359"></trkpt>
      <trkpt lat="25.0267593" lon="121.5070871"></trkpt>
      <trkpt lat="25.0266835" lon="121.5070194"></trkpt>
      <trkpt lat="25.0263943" lon="121.5067612"></trkpt>
      <trkpt lat="25.0261631" lon="121.5065491"></trkpt>
      <trkpt lat="25.0260948" lon="121.5064865"></trkpt>
      <trkpt lat="25.0260211" lon="121.5065543"></trkpt>
      <trkpt lat="25.0250937" lon="121.5074086"></trkpt>
      <trkpt lat="25.0249580" lon="121.5075360"></trkpt>
      <trkpt lat="25.0249082" lon="121.5075846"></trkpt>
      <trkpt lat="25.0247564" lon="121.5077262"></trkpt>
      <trkpt lat="25.0245757" lon="121.5079017"></trkpt>
      <trkpt lat="25.0242511" lon="121.5082169"></trkpt>
      <trkpt lat="25.0241813" lon="121.5082878"></trkpt>
      <trkpt lat="25.0240822" lon="121.5083371"></trkpt>
      <trkpt lat="25.0240005" lon="121.5083530"></trkpt>
      <trkpt lat="25.0233921" lon="121.5084346"></trkpt>
      <trkpt lat="25.0230174" lon="121.5084804"></trkpt>
      <trkpt lat="25.0228455" lon="121.5085373"></trkpt>
      <trkpt lat="25.0225250" lon="121.5080096"></trkpt>
      <trkpt lat="25.0224952" lon="121.5079604"></trkpt>
      <trkpt lat="25.0221428" lon="121.5074601"></trkpt>
      <trkpt lat="25.0221058" lon="121.5074062"></trkpt>
      <trkpt lat="25.0216075" lon="121.5066809"></trkpt>
      <trkpt lat="25.0200130" lon="121.5042891"></trkpt>
      <trkpt lat="25.0199860" lon="121.5042521"></trkpt>
      <trkpt lat="25.0199580" lon="121.5042133"></trkpt>
      <trkpt lat="25.0198927" lon="121.5043040"></trkpt>
      <trkpt lat="25.0197754" lon="121.5044227"></trkpt>
      <trkpt lat="25.0196846" lon="121.5044939"></trkpt>
      <trkpt lat="25.0195089" lon="121.5048075"></trkpt>
      <trkpt lat="25.0194435" lon="121.5048955"></trkpt>
      <trkpt lat="25.0193577" lon="121.5049632"></trkpt>
      <trkpt lat="25.0191998" lon="121.5050254"></trkpt>
      <trkpt lat="25.0194235" lon="121.5053960"></trkpt>
      <trkpt lat="25.0196718" lon="121.5056819"></trkpt>
      <trkpt lat="25.0201041" lon="121.5061872"></trkpt>
      <trkpt lat="25.0203485" lon="121.5064098"></trkpt>
      <trkpt lat="25.0204759" lon="121.5065076"></trkpt>
      <trkpt lat="25.0207000" lon="121.5067078"></trkpt>
      <trkpt lat="25.0208969" lon="121.5068856"></trkpt>
      <trkpt lat="25.0216349" lon="121.5076474"></trkpt>
      <trkpt lat="25.0219304" lon="121.5080427"></trkpt>
      <trkpt lat="25.0223670" lon="121.5088779"></trkpt>
      <trkpt lat="25.0225641" lon="121.5092866"></trkpt>
      <trkpt lat="25.0225882" lon="121.5093756"></trkpt>
      <trkpt lat="25.0225896" lon="121.5096816"></trkpt>
      <trkpt lat="25.0225647" lon="121.5101667"></trkpt>
      <trkpt lat="25.0226194" lon="121.5109194"></trkpt>
      <trkpt lat="25.0226367" lon="121.5110808"></trkpt>
      <trkpt lat="25.0227339" lon="121.5113965"></trkpt>
      <trkpt lat="25.0227506" lon="121.5115718"></trkpt>
      <trkpt lat="25.0227837" lon="121.5122498"></trkpt>
      <trkpt lat="25.0227610" lon="121.5124183"></trkpt>
      <trkpt lat="25.0226286" lon="121.5128399"></trkpt>
      <trkpt lat="25.0224653" lon="121.5133760"></trkpt>
      <trkpt lat="25.0223157" lon="121.5139683"></trkpt>
      <trkpt lat="25.0222487" lon="121.5143010"></trkpt>
      <trkpt lat="25.0221526" lon="121.5148500"></trkpt>
      <trkpt lat="25.0221254" lon="121.5149769"></trkpt>
      <trkpt lat="25.0220579" lon="121.5151951"></trkpt>
      <trkpt lat="25.0219506" lon="121.5154934"></trkpt>
      <trkpt lat="25.0219149" lon="121.5155835"></trkpt>
      <trkpt lat="25.0219218" lon="121.5156587"></trkpt>
      <trkpt lat="25.0219394" lon="121.5158679"></trkpt>
      <trkpt lat="25.0219338" lon="121.5159911"></trkpt>
      <trkpt lat="25.0219061" lon="121.5160945"></trkpt>
      <trkpt lat="25.0218492" lon="121.5161658"></trkpt>
      <trkpt lat="25.0218047" lon="121.5161963"></trkpt>
      <trkpt lat="25.0217484" lon="121.5162443"></trkpt>
      <trkpt lat="25.0216908" lon="121.5163302"></trkpt>
      <trkpt lat="25.0216659" lon="121.5163924"></trkpt>
      <trkpt lat="25.0216029" lon="121.5166037"></trkpt>
      <trkpt lat="25.0215625" lon="121.5167054"></trkpt>
      <trkpt lat="25.0214636" lon="121.5169545"></trkpt>
      <trkpt lat="25.0211907" lon="121.5178260"></trkpt>
      <trkpt lat="25.0210300" lon="121.5183629"></trkpt>
      <trkpt lat="25.0209188" lon="121.5188130"></trkpt>
      <trkpt lat="25.0208527" lon="121.5191977"></trkpt>
      <trkpt lat="25.0207454" lon="121.5198216"></trkpt>
      <trkpt lat="25.0207766" lon="121.5198291"></trkpt>
      <trkpt lat="25.0207501" lon="121.5199566"></trkpt>
      <trkpt lat="25.0207331" lon="121.5200380"></trkpt>
      <trkpt lat="25.0207036" lon="121.5201800"></trkpt>
      <trkpt lat="25.0208134" lon="121.5202073"></trkpt>
      <trkpt lat="25.0209666" lon="121.5202410"></trkpt>
      <trkpt lat="25.0210708" lon="121.5203121"></trkpt>
      <trkpt lat="25.0210919" lon="121.5202821"></trkpt>
      <trkpt lat="25.0209452" lon="121.5201581"></trkpt>
      <trkpt lat="25.0208998" lon="121.5201416"></trkpt>
      <trkpt lat="25.0211426" lon="121.5189668"></trkpt>
      <trkpt lat="25.0211839" lon="121.5187830"></trkpt>
      <trkpt lat="25.0213395" lon="121.5181809"></trkpt>
      <trkpt lat="25.0214993" lon="121.5176557"></trkpt>
      <trkpt lat="25.0216111" lon="121.5176204"></trkpt>
      <trkpt lat="25.0217324" lon="121.5175735"></trkpt>
      <trkpt lat="25.0218166" lon="121.5175457"></trkpt>
      <trkpt lat="25.0219141" lon="121.5175112"></trkpt>
      <trkpt lat="25.0220596" lon="121.5174599"></trkpt>
      <trkpt lat="25.0222258" lon="121.5174418"></trkpt>
      <trkpt lat="25.0223457" lon="121.5174329"></trkpt>
      <trkpt lat="25.0226524" lon="121.5174271"></trkpt>
      <trkpt lat="25.0226903" lon="121.5174274"></trkpt>
      <trkpt lat="25.0229951" lon="121.5174214"></trkpt>
      <trkpt lat="25.0232241" lon="121.5174208"></trkpt>
      <trkpt lat="25.0231122" lon="121.5169927"></trkpt>
      <trkpt lat="25.0230911" lon="121.5169028"></trkpt>
      <trkpt lat="25.0230900" lon="121.5167988"></trkpt>
      <trkpt lat="25.0228254" lon="121.5167700"></trkpt>
      <trkpt lat="25.0227383" lon="121.5167594"></trkpt>
      <trkpt lat="25.0225360" lon="121.5167065"></trkpt>
      <trkpt lat="25.0224734" lon="121.5166836"></trkpt>
      <trkpt lat="25.0223698" lon="121.5166293"></trkpt>
      <trkpt lat="25.0222592" lon="121.5165513"></trkpt>
      <trkpt lat="25.0221829" lon="121.5164801"></trkpt>
      <trkpt lat="25.0218211" lon="121.5161026"></trkpt>
      <trkpt lat="25.0217445" lon="121.5160308"></trkpt>
      <trkpt lat="25.0216387" lon="121.5159459"></trkpt>
      <trkpt lat="25.0215394" lon="121.5158782"></trkpt>
      <trkpt lat="25.0213951" lon="121.5157877"></trkpt>
      <trkpt lat="25.0212553" lon="121.5157119"></trkpt>
      <trkpt lat="25.0210633" lon="121.5156233"></trkpt>
      <trkpt lat="25.0209246" lon="121.5155667"></trkpt>
      <trkpt lat="25.0207101" lon="121.5154996"></trkpt>
      <trkpt lat="25.0205210" lon="121.5154630"></trkpt>
      <trkpt lat="25.0203086" lon="121.5154396"></trkpt>
      <trkpt lat="25.0200804" lon="121.5154410"></trkpt>
      <trkpt lat="25.0191099" lon="121.5155153"></trkpt>
      <trkpt lat="25.0189670" lon="121.5155219"></trkpt>
      <trkpt lat="25.0186555" lon="121.5155212"></trkpt>
      <trkpt lat="25.0184983" lon="121.5155208"></trkpt>
      <trkpt lat="25.0183573" lon="121.5155235"></trkpt>
      <trkpt lat="25.0182454" lon="121.5155289"></trkpt>
      <trkpt lat="25.0180843" lon="121.5155436"></trkpt>
      <trkpt lat="25.0178785" lon="121.5155776"></trkpt>
      <trkpt lat="25.0177246" lon="121.5156155"></trkpt>
      <trkpt lat="25.0175676" lon="121.5156658"></trkpt>
      <trkpt lat="25.0174701" lon="121.5156978"></trkpt>
      <trkpt lat="25.0172829" lon="121.5157649"></trkpt>
      <trkpt lat="25.0172787" lon="121.5157036"></trkpt>
      <trkpt lat="25.0172713" lon="121.5155942"></trkpt>
      <trkpt lat="25.0172751" lon="121.5151983"></trkpt>
      <trkpt lat="25.0175036" lon="121.5152178"></trkpt>
      <trkpt lat="25.0177692" lon="121.5151670"></trkpt>
      <trkpt lat="25.0177034" lon="121.5148218"></trkpt>
      <trkpt lat="25.0175611" lon="121.5142780"></trkpt>
      <trkpt lat="25.0177007" lon="121.5142191"></trkpt>
      <trkpt lat="25.0176241" lon="121.5133259"></trkpt>
      <trkpt lat="25.0176471" lon="121.5132773"></trkpt>
      <trkpt lat="25.0175964" lon="121.5129218"></trkpt>
      <trkpt lat="25.0175750" lon="121.5127711"></trkpt>
      <trkpt lat="25.0180358" lon="121.5126265"></trkpt>
      <trkpt lat="25.0180936" lon="121.5125908"></trkpt>
      <trkpt lat="25.0179120" lon="121.5118161"></trkpt>
      <trkpt lat="25.0177482" lon="121.5111882"></trkpt>
      <trkpt lat="25.0176472" lon="121.5108074"></trkpt>
      <trkpt lat="25.0175198" lon="121.5104287"></trkpt>
      <trkpt lat="25.0171610" lon="121.5095641"></trkpt>
      <trkpt lat="25.0170938" lon="121.5095972"></trkpt>
      <trkpt lat="25.0174429" lon="121.5104159"></trkpt>
      <trkpt lat="25.0174670" lon="121.5104725"></trkpt>
      <trkpt lat="25.0175649" lon="121.5107575"></trkpt>
      <trkpt lat="25.0176339" lon="121.5110425"></trkpt>
      <trkpt lat="25.0176745" lon="121.5112261"></trkpt>
      <trkpt lat="25.0178080" lon="121.5116434"></trkpt>
      <trkpt lat="25.0179208" lon="121.5120857"></trkpt>
      <trkpt lat="25.0179972" lon="121.5124008"></trkpt>
      <trkpt lat="25.0180259" lon="121.5125173"></trkpt>
      <trkpt lat="25.0180358" lon="121.5126265"></trkpt>
      <trkpt lat="25.0181074" lon="121.5133605"></trkpt>
      <trkpt lat="25.0181208" lon="121.5138408"></trkpt>
      <trkpt lat="25.0181234" lon="121.5140677"></trkpt>
      <trkpt lat="25.0180225" lon="121.5149770"></trkpt>
      <trkpt lat="25.0179958" lon="121.5153498"></trkpt>
      <trkpt lat="25.0179543" lon="121.5158395"></trkpt>
      <trkpt lat="25.0179372" lon="121.5160619"></trkpt>
      <trkpt lat="25.0179010" lon="121.5163446"></trkpt>
      <trkpt lat="25.0178932" lon="121.5163947"></trkpt>
      <trkpt lat="25.0178687" lon="121.5165508"></trkpt>
      <trkpt lat="25.0178519" lon="121.5166729"></trkpt>
      <trkpt lat="25.0177666" lon="121.5170557"></trkpt>
      <trkpt lat="25.0176682" lon="121.5173789"></trkpt>
      <trkpt lat="25.0176111" lon="121.5175445"></trkpt>
      <trkpt lat="25.0175734" lon="121.5176525"></trkpt>
      <trkpt lat="25.0174845" lon="121.5176264"></trkpt>
      <trkpt lat="25.0174000" lon="121.5176089"></trkpt>
      <trkpt lat="25.0172918" lon="121.5177622"></trkpt>
      <trkpt lat="25.0170891" lon="121.5175685"></trkpt>
      <trkpt lat="25.0171218" lon="121.5164882"></trkpt>
      <trkpt lat="25.0171231" lon="121.5164541"></trkpt>
      <trkpt lat="25.0169989" lon="121.5164161"></trkpt>
      <trkpt lat="25.0167747" lon="121.5163494"></trkpt>
      <trkpt lat="25.0167000" lon="121.5163270"></trkpt>
      <trkpt lat="25.0167306" lon="121.5162951"></trkpt>
      <trkpt lat="25.0167599" lon="121.5162699"></trkpt>
      <trkpt lat="25.0167899" lon="121.5162563"></trkpt>
      <trkpt lat="25.0167843" lon="121.5162288"></trkpt>
      <trkpt lat="25.0176292" lon="121.5158723"></trkpt>
      <trkpt lat="25.0177457" lon="121.5158353"></trkpt>
      <trkpt lat="25.0178807" lon="121.5158020"></trkpt>
      <trkpt lat="25.0180115" lon="121.5157708"></trkpt>
      <trkpt lat="25.0180304" lon="121.5157663"></trkpt>
      <trkpt lat="25.0181580" lon="121.5157442"></trkpt>
      <trkpt lat="25.0183172" lon="121.5157301"></trkpt>
      <trkpt lat="25.0184515" lon="121.5157254"></trkpt>
      <trkpt lat="25.0189005" lon="121.5157301"></trkpt>
      <trkpt lat="25.0191239" lon="121.5157224"></trkpt>
      <trkpt lat="25.0192250" lon="121.5157150"></trkpt>
      <trkpt lat="25.0200732" lon="121.5156537"></trkpt>
      <trkpt lat="25.0202543" lon="121.5156631"></trkpt>
      <trkpt lat="25.0204390" lon="121.5156939"></trkpt>
      <trkpt lat="25.0206238" lon="121.5157395"></trkpt>
      <trkpt lat="25.0207975" lon="121.5158012"></trkpt>
      <trkpt lat="25.0209604" lon="121.5158750"></trkpt>
      <trkpt lat="25.0213310" lon="121.5160667"></trkpt>
      <trkpt lat="25.0214842" lon="121.5161539"></trkpt>
      <trkpt lat="25.0216437" lon="121.5162791"></trkpt>
      <trkpt lat="25.0217685" lon="121.5163670"></trkpt>
      <trkpt lat="25.0218609" lon="121.5164409"></trkpt>
      <trkpt lat="25.0220614" lon="121.5166099"></trkpt>
      <trkpt lat="25.0221842" lon="121.5166996"></trkpt>
      <trkpt lat="25.0222677" lon="121.5167552"></trkpt>
      <trkpt lat="25.0223228" lon="121.5167933"></trkpt>
      <trkpt lat="25.0223921" lon="121.5168373"></trkpt>
      <trkpt lat="25.0225304" lon="121.5168934"></trkpt>
      <trkpt lat="25.0227435" lon="121.5169359"></trkpt>
      <trkpt lat="25.0231122" lon="121.5169927"></trkpt>
      <trkpt lat="25.0232241" lon="121.5174208"></trkpt>
      <trkpt lat="25.0234559" lon="121.5174250"></trkpt>
      <trkpt lat="25.0233780" lon="121.5189423"></trkpt>
      <trkpt lat="25.0233728" lon="121.5190111"></trkpt>
      <trkpt lat="25.0233703" lon="121.5190689"></trkpt>
      <trkpt lat="25.0233197" lon="121.5205292"></trkpt>
      <trkpt lat="25.0232398" lon="121.5206138"></trkpt>
      <trkpt lat="25.0232167" lon="121.5206473"></trkpt>
      <trkpt lat="25.0232070" lon="121.5206889"></trkpt>
      <trkpt lat="25.0231950" lon="121.5210428"></trkpt>
      <trkpt lat="25.0228750" lon="121.5214632"></trkpt>
      <trkpt lat="25.0222274" lon="121.5222391"></trkpt>
      <trkpt lat="25.0214963" lon="121.5231206"></trkpt>
      <trkpt lat="25.0211208" lon="121.5227337"></trkpt>
      <trkpt lat="25.0207019" lon="121.5232233"></trkpt>
      <trkpt lat="25.0206322" lon="121.5232681"></trkpt>
      <trkpt lat="25.0204985" lon="121.5227961"></trkpt>
      <trkpt lat="25.0204749" lon="121.5227098"></trkpt>
      <trkpt lat="25.0204579" lon="121.5226417"></trkpt>
      <trkpt lat="25.0203881" lon="121.5226849"></trkpt>
      <trkpt lat="25.0203036" lon="121.5227371"></trkpt>
      <trkpt lat="25.0201354" lon="121.5228882"></trkpt>
      <trkpt lat="25.0197262" lon="121.5231485"></trkpt>
      <trkpt lat="25.0188675" lon="121.5237057"></trkpt>
      <trkpt lat="25.0184910" lon="121.5239480"></trkpt>
      <trkpt lat="25.0182149" lon="121.5241225"></trkpt>
      <trkpt lat="25.0185183" lon="121.5246834"></trkpt>
      <trkpt lat="25.0182517" lon="121.5248566"></trkpt>
      <trkpt lat="25.0181904" lon="121.5249152"></trkpt>
      <trkpt lat="25.0179851" lon="121.5250523"></trkpt>
      <trkpt lat="25.0177947" lon="121.5251787"></trkpt>
      <trkpt lat="25.0178201" lon="121.5252208"></trkpt>
      <trkpt lat="25.0180531" lon="121.5256065"></trkpt>
      <trkpt lat="25.0182317" lon="121.5259163"></trkpt>
      <trkpt lat="25.0184056" lon="121.5262952"></trkpt>
      <trkpt lat="25.0185447" lon="121.5265406"></trkpt>
      <trkpt lat="25.0186993" lon="121.5267826"></trkpt>
      <trkpt lat="25.0187418" lon="121.5268352"></trkpt>
      <trkpt lat="25.0186085" lon="121.5269429"></trkpt>
      <trkpt lat="25.0185381" lon="121.5270261"></trkpt>
      <trkpt lat="25.0183175" lon="121.5272552"></trkpt>
      <trkpt lat="25.0182410" lon="121.5273689"></trkpt>
      <trkpt lat="25.0181933" lon="121.5274177"></trkpt>
      <trkpt lat="25.0181396" lon="121.5274725"></trkpt>
      <trkpt lat="25.0181367" lon="121.5274755"></trkpt>
      <trkpt lat="25.0181223" lon="121.5276526"></trkpt>
      <trkpt lat="25.0182057" lon="121.5278112"></trkpt>
      <trkpt lat="25.0181325" lon="121.5278914"></trkpt>
      <trkpt lat="25.0181733" lon="121.5279337"></trkpt>
      <trkpt lat="25.0181918" lon="121.5279340"></trkpt>
      <trkpt lat="25.0186191" lon="121.5284067"></trkpt>
      <trkpt lat="25.0193534" lon="121.5293465"></trkpt>
      <trkpt lat="25.0193357" lon="121.5293902"></trkpt>
      <trkpt lat="25.0192455" lon="121.5294801"></trkpt>
      <trkpt lat="25.0184511" lon="121.5302831"></trkpt>
      <trkpt lat="25.0184998" lon="121.5303467"></trkpt>
      <trkpt lat="25.0185343" lon="121.5303918"></trkpt>
      <trkpt lat="25.0185591" lon="121.5304242"></trkpt>
      <trkpt lat="25.0185970" lon="121.5304736"></trkpt>
      <trkpt lat="25.0186273" lon="121.5304426"></trkpt>
      <trkpt lat="25.0186913" lon="121.5305188"></trkpt>
      <trkpt lat="25.0190035" lon="121.5308966"></trkpt>
      <trkpt lat="25.0190034" lon="121.5309064"></trkpt>
      <trkpt lat="25.0189278" lon="121.5316607"></trkpt>
      <trkpt lat="25.0188756" lon="121.5322298"></trkpt>
      <trkpt lat="25.0188476" lon="121.5325044"></trkpt>
      <trkpt lat="25.0188191" lon="121.5327957"></trkpt>
      <trkpt lat="25.0187398" lon="121.5335432"></trkpt>
      <trkpt lat="25.0187389" lon="121.5335707"></trkpt>
      <trkpt lat="25.0187270" lon="121.5336456"></trkpt>
      <trkpt lat="25.0187124" lon="121.5337556"></trkpt>
      <trkpt lat="25.0191473" lon="121.5338449"></trkpt>
      <trkpt lat="25.0191345" lon="121.5339205"></trkpt>
      <trkpt lat="25.0186341" lon="121.5338199"></trkpt>
      <trkpt lat="25.0183514" lon="121.5337612"></trkpt>
      <trkpt lat="25.0183454" lon="121.5338019"></trkpt>
      <trkpt lat="25.0183407" lon="121.5338334"></trkpt>
      <trkpt lat="25.0183341" lon="121.5338881"></trkpt>
      <trkpt lat="25.0183327" lon="121.5339002"></trkpt>
      <trkpt lat="25.0183336" lon="121.5339648"></trkpt>
      <trkpt lat="25.0183349" lon="121.5340638"></trkpt>
      <trkpt lat="25.0183366" lon="121.5341939"></trkpt>
      <trkpt lat="25.0183374" lon="121.5342495"></trkpt>
      <trkpt lat="25.0183400" lon="121.5344379"></trkpt>
      <trkpt lat="25.0183423" lon="121.5346028"></trkpt>
      <trkpt lat="25.0183439" lon="121.5347220"></trkpt>
      <trkpt lat="25.0183501" lon="121.5351758"></trkpt>
      <trkpt lat="25.0183549" lon="121.5355255"></trkpt>
      <trkpt lat="25.0183598" lon="121.5358779"></trkpt>
      <trkpt lat="25.0184487" lon="121.5358762"></trkpt>
      <trkpt lat="25.0186895" lon="121.5358718"></trkpt>
      <trkpt lat="25.0188066" lon="121.5358696"></trkpt>
      <trkpt lat="25.0188920" lon="121.5358680"></trkpt>
      <trkpt lat="25.0190246" lon="121.5358656"></trkpt>
      <trkpt lat="25.0191091" lon="121.5358654"></trkpt>
      <trkpt lat="25.0194055" lon="121.5358586"></trkpt>
      <trkpt lat="25.0194663" lon="121.5358575"></trkpt>
      <trkpt lat="25.0197030" lon="121.5358531"></trkpt>
      <trkpt lat="25.0199385" lon="121.5358488"></trkpt>
      <trkpt lat="25.0203753" lon="121.5358407"></trkpt>
      <trkpt lat="25.0206080" lon="121.5358364"></trkpt>
      <trkpt lat="25.0206454" lon="121.5358357"></trkpt>
      <trkpt lat="25.0210252" lon="121.5358287"></trkpt>
      <trkpt lat="25.0210805" lon="121.5358277"></trkpt>
      <trkpt lat="25.0211359" lon="121.5358267"></trkpt>
      <trkpt lat="25.0211775" lon="121.5358260"></trkpt>
      <trkpt lat="25.0212860" lon="121.5358241"></trkpt>
      <trkpt lat="25.0215104" lon="121.5358203"></trkpt>
      <trkpt lat="25.0215962" lon="121.5358188"></trkpt>
      <trkpt lat="25.0216019" lon="121.5362101"></trkpt>
      <trkpt lat="25.0216025" lon="121.5363813"></trkpt>
      <trkpt lat="25.0216032" lon="121.5365506"></trkpt>
      <trkpt lat="25.0216043" lon="121.5368507"></trkpt>
      <trkpt lat="25.0216054" lon="121.5371609"></trkpt>
      <trkpt lat="25.0217558" lon="121.5371590"></trkpt>
      <trkpt lat="25.0218392" lon="121.5371580"></trkpt>
      <trkpt lat="25.0219617" lon="121.5371565"></trkpt>
      <trkpt lat="25.0220032" lon="121.5371560"></trkpt>
      <trkpt lat="25.0220385" lon="121.5371556"></trkpt>
      <trkpt lat="25.0220296" lon="121.5362638"></trkpt>
      <trkpt lat="25.0220525" lon="121.5362379"></trkpt>
      <trkpt lat="25.0221242" lon="121.5362370"></trkpt>
      <trkpt lat="25.0221622" lon="121.5362366"></trkpt>
      <trkpt lat="25.0221862" lon="121.5362363"></trkpt>
      <trkpt lat="25.0222188" lon="121.5362359"></trkpt>
      <trkpt lat="25.0222645" lon="121.5361462"></trkpt>
      <trkpt lat="25.0222694" lon="121.5364116"></trkpt>
      <trkpt lat="25.0222821" lon="121.5366979"></trkpt>
      <trkpt lat="25.0223297" lon="121.5370218"></trkpt>
      <trkpt lat="25.0224036" lon="121.5373396"></trkpt>
      <trkpt lat="25.0224651" lon="121.5375332"></trkpt>
      <trkpt lat="25.0225050" lon="121.5376591"></trkpt>
      <trkpt lat="25.0225614" lon="121.5377970"></trkpt>
      <trkpt lat="25.0226090" lon="121.5379064"></trkpt>
      <trkpt lat="25.0226624" lon="121.5380191"></trkpt>
      <trkpt lat="25.0227196" lon="121.5379905"></trkpt>
      <trkpt lat="25.0228671" lon="121.5379319"></trkpt>
      <trkpt lat="25.0229139" lon="121.5379219"></trkpt>
      <trkpt lat="25.0230733" lon="121.5378803"></trkpt>
      <trkpt lat="25.0232646" lon="121.5378707"></trkpt>
      <trkpt lat="25.0235970" lon="121.5378696"></trkpt>
      <trkpt lat="25.0240649" lon="121.5378861"></trkpt>
      <trkpt lat="25.0245682" lon="121.5378915"></trkpt>
      <trkpt lat="25.0249649" lon="121.5378957"></trkpt>
      <trkpt lat="25.0249684" lon="121.5375198"></trkpt>
      <trkpt lat="25.0249556" lon="121.5374357"></trkpt>
      <trkpt lat="25.0249338" lon="121.5373158"></trkpt>
      <trkpt lat="25.0249634" lon="121.5373159"></trkpt>
      <trkpt lat="25.0249629" lon="121.5369338"></trkpt>
      <trkpt lat="25.0252491" lon="121.5369415"></trkpt>
      <trkpt lat="25.0255812" lon="121.5369945"></trkpt>
      <trkpt lat="25.0256725" lon="121.5370099"></trkpt>
      <trkpt lat="25.0256299" lon="121.5373154"></trkpt>
      <trkpt lat="25.0256127" lon="121.5374606"></trkpt>
      <trkpt lat="25.0255467" lon="121.5379126"></trkpt>
      <trkpt lat="25.0256986" lon="121.5379191"></trkpt>
      <trkpt lat="25.0257744" lon="121.5379133"></trkpt>
      <trkpt lat="25.0265155" lon="121.5379371"></trkpt>
      <trkpt lat="25.0271999" lon="121.5379473"></trkpt>
      <trkpt lat="25.0276747" lon="121.5379540"></trkpt>
      <trkpt lat="25.0277174" lon="121.5379546"></trkpt>
      <trkpt lat="25.0280927" lon="121.5379545"></trkpt>
      <trkpt lat="25.0281743" lon="121.5379625"></trkpt>
      <trkpt lat="25.0287546" lon="121.5379721"></trkpt>
      <trkpt lat="25.0288432" lon="121.5379736"></trkpt>
      <trkpt lat="25.0289639" lon="121.5379762"></trkpt>
      <trkpt lat="25.0294718" lon="121.5379853"></trkpt>
      <trkpt lat="25.0298628" lon="121.5379884"></trkpt>
      <trkpt lat="25.0306650" lon="121.5379911"></trkpt>
      <trkpt lat="25.0306653" lon="121.5375205"></trkpt>
      <trkpt lat="25.0306691" lon="121.5374124"></trkpt>
      <trkpt lat="25.0315090" lon="121.5374215"></trkpt>
      <trkpt lat="25.0320462" lon="121.5374345"></trkpt>
      <trkpt lat="25.0322031" lon="121.5374395"></trkpt>
      <trkpt lat="25.0323843" lon="121.5374424"></trkpt>
      <trkpt lat="25.0333177" lon="121.5374472"></trkpt>
      <trkpt lat="25.0333371" lon="121.5374153"></trkpt>
      <trkpt lat="25.0333529" lon="121.5366264"></trkpt>
      <trkpt lat="25.0332571" lon="121.5366250"></trkpt>
      <trkpt lat="25.0332576" lon="121.5365814"></trkpt>
      <trkpt lat="25.0332571" lon="121.5366250"></trkpt>
      <trkpt lat="25.0333529" lon="121.5366264"></trkpt>
      <trkpt lat="25.0333651" lon="121.5360156"></trkpt>
      <trkpt lat="25.0333674" lon="121.5358275"></trkpt>
      <trkpt lat="25.0334557" lon="121.5358301"></trkpt>
      <trkpt lat="25.0335508" lon="121.5358794"></trkpt>
      <trkpt lat="25.0336367" lon="121.5359145"></trkpt>
      <trkpt lat="25.0337012" lon="121.5359175"></trkpt>
      <trkpt lat="25.0341743" lon="121.5359266"></trkpt>
      <trkpt lat="25.0345797" lon="121.5359329"></trkpt>
      <trkpt lat="25.0349686" lon="121.5359419"></trkpt>
      <trkpt lat="25.0353151" lon="121.5359575"></trkpt>
      <trkpt lat="25.0353005" lon="121.5367611"></trkpt>
      <trkpt lat="25.0352865" lon="121.5375562"></trkpt>
      <trkpt lat="25.0353315" lon="121.5375762"></trkpt>
      <trkpt lat="25.0356979" lon="121.5374894"></trkpt>
      <trkpt lat="25.0360985" lon="121.5373944"></trkpt>
      <trkpt lat="25.0363960" lon="121.5373732"></trkpt>
      <trkpt lat="25.0364565" lon="121.5373742"></trkpt>
      <trkpt lat="25.0368390" lon="121.5373811"></trkpt>
      <trkpt lat="25.0368897" lon="121.5373820"></trkpt>
      <trkpt lat="25.0370526" lon="121.5373850"></trkpt>
      <trkpt lat="25.0372036" lon="121.5373876"></trkpt>
      <trkpt lat="25.0372617" lon="121.5373886"></trkpt>
      <trkpt lat="25.0376509" lon="121.5373920"></trkpt>
      <trkpt lat="25.0376854" lon="121.5374214"></trkpt>
      <trkpt lat="25.0377131" lon="121.5374450"></trkpt>
      <trkpt lat="25.0378671" lon="121.5375427"></trkpt>
      <trkpt lat="25.0379692" lon="121.5375417"></trkpt>
      <trkpt lat="25.0380331" lon="121.5375411"></trkpt>
      <trkpt lat="25.0381470" lon="121.5375400"></trkpt>
      <trkpt lat="25.0381666" lon="121.5375398"></trkpt>
      <trkpt lat="25.0382157" lon="121.5375393"></trkpt>
      <trkpt lat="25.0384665" lon="121.5368601"></trkpt>
      <trkpt lat="25.0384737" lon="121.5358799"></trkpt>
      <trkpt lat="25.0385348" lon="121.5358807"></trkpt>
      <trkpt lat="25.0389547" lon="121.5358794"></trkpt>
      <trkpt lat="25.0393389" lon="121.5358857"></trkpt>
      <trkpt lat="25.0397128" lon="121.5358990"></trkpt>
      <trkpt lat="25.0401445" lon="121.5359233"></trkpt>
      <trkpt lat="25.0401473" lon="121.5356884"></trkpt>
      <trkpt lat="25.0404411" lon="121.5356945"></trkpt>
      <trkpt lat="25.0406527" lon="121.5356977"></trkpt>
      <trkpt lat="25.0407122" lon="121.5369831"></trkpt>
      <trkpt lat="25.0407280" lon="121.5371294"></trkpt>
      <trkpt lat="25.0412469" lon="121.5369268"></trkpt>
      <trkpt lat="25.0415708" lon="121.5368065"></trkpt>
      <trkpt lat="25.0416186" lon="121.5365995"></trkpt>
      <trkpt lat="25.0417036" lon="121.5366055"></trkpt>
      <trkpt lat="25.0418489" lon="121.5366156"></trkpt>
      <trkpt lat="25.0419256" lon="121.5366210"></trkpt>
      <trkpt lat="25.0419575" lon="121.5366408"></trkpt>
      <trkpt lat="25.0428597" lon="121.5363718"></trkpt>
      <trkpt lat="25.0430937" lon="121.5363353"></trkpt>
      <trkpt lat="25.0432809" lon="121.5363222"></trkpt>
      <trkpt lat="25.0433172" lon="121.5363197"></trkpt>
      <trkpt lat="25.0435991" lon="121.5363161"></trkpt>
      <trkpt lat="25.0436144" lon="121.5363159"></trkpt>
      <trkpt lat="25.0437057" lon="121.5363147"></trkpt>
      <trkpt lat="25.0436963" lon="121.5363549"></trkpt>
      <trkpt lat="25.0437283" lon="121.5368838"></trkpt>
      <trkpt lat="25.0437797" lon="121.5368846"></trkpt>
      <trkpt lat="25.0439150" lon="121.5368867"></trkpt>
      <trkpt lat="25.0440509" lon="121.5368977"></trkpt>
      <trkpt lat="25.0442626" lon="121.5368971"></trkpt>
      <trkpt lat="25.0445948" lon="121.5369042"></trkpt>
      <trkpt lat="25.0446398" lon="121.5369054"></trkpt>
      <trkpt lat="25.0447742" lon="121.5369088"></trkpt>
      <trkpt lat="25.0448425" lon="121.5369106"></trkpt>
      <trkpt lat="25.0449339" lon="121.5369101"></trkpt>
      <trkpt lat="25.0453824" lon="121.5369078"></trkpt>
      <trkpt lat="25.0458502" lon="121.5369133"></trkpt>
      <trkpt lat="25.0459017" lon="121.5369139"></trkpt>
      <trkpt lat="25.0459733" lon="121.5369147"></trkpt>
      <trkpt lat="25.0461247" lon="121.5369195"></trkpt>
      <trkpt lat="25.0462288" lon="121.5369232"></trkpt>
      <trkpt lat="25.0466149" lon="121.5369403"></trkpt>
      <trkpt lat="25.0466786" lon="121.5369449"></trkpt>
      <trkpt lat="25.0469561" lon="121.5369511"></trkpt>
      <trkpt lat="25.0471714" lon="121.5369484"></trkpt>
      <trkpt lat="25.0472528" lon="121.5369534"></trkpt>
      <trkpt lat="25.0475577" lon="121.5369591"></trkpt>
      <trkpt lat="25.0482648" lon="121.5369638"></trkpt>
      <trkpt lat="25.0482646" lon="121.5369279"></trkpt>
      <trkpt lat="25.0482659" lon="121.5369020"></trkpt>
      <trkpt lat="25.0482798" lon="121.5365839"></trkpt>
      <trkpt lat="25.0482784" lon="121.5365261"></trkpt>
      <trkpt lat="25.0482798" lon="121.5365839"></trkpt>
      <trkpt lat="25.0482659" lon="121.5369020"></trkpt>
      <trkpt lat="25.0482646" lon="121.5369279"></trkpt>
      <trkpt lat="25.0482648" lon="121.5369638"></trkpt>
      <trkpt lat="25.0483136" lon="121.5369603"></trkpt>
      <trkpt lat="25.0483757" lon="121.5369385"></trkpt>
      <trkpt lat="25.0484862" lon="121.5369459"></trkpt>
      <trkpt lat="25.0493946" lon="121.5369892"></trkpt>
      <trkpt lat="25.0494370" lon="121.5369912"></trkpt>
      <trkpt lat="25.0495466" lon="121.5369968"></trkpt>
      <trkpt lat="25.0496212" lon="121.5369983"></trkpt>
      <trkpt lat="25.0500747" lon="121.5370075"></trkpt>
      <trkpt lat="25.0505055" lon="121.5370123"></trkpt>
      <trkpt lat="25.0509200" lon="121.5370172"></trkpt>
      <trkpt lat="25.0514945" lon="121.5370293"></trkpt>
      <trkpt lat="25.0518046" lon="121.5370223"></trkpt>
      <trkpt lat="25.0519262" lon="121.5370241"></trkpt>
      <trkpt lat="25.0520644" lon="121.5370268"></trkpt>
      <trkpt lat="25.0521672" lon="121.5370274"></trkpt>
      <trkpt lat="25.0521673" lon="121.5368932"></trkpt>
      <trkpt lat="25.0521745" lon="121.5368557"></trkpt>
      <trkpt lat="25.0521818" lon="121.5366941"></trkpt>
      <trkpt lat="25.0521932" lon="121.5366559"></trkpt>
      <trkpt lat="25.0521950" lon="121.5365444"></trkpt>
      <trkpt lat="25.0521959" lon="121.5364705"></trkpt>
      <trkpt lat="25.0525229" lon="121.5364607"></trkpt>
      <trkpt lat="25.0531634" lon="121.5364785"></trkpt>
      <trkpt lat="25.0535965" lon="121.5364906"></trkpt>
      <trkpt lat="25.0539724" lon="121.5364999"></trkpt>
      <trkpt lat="25.0542984" lon="121.5365079"></trkpt>
      <trkpt lat="25.0546231" lon="121.5365170"></trkpt>
      <trkpt lat="25.0546511" lon="121.5365036"></trkpt>
      <trkpt lat="25.0547578" lon="121.5364998"></trkpt>
      <trkpt lat="25.0548175" lon="121.5364969"></trkpt>
      <trkpt lat="25.0548515" lon="121.5365264"></trkpt>
      <trkpt lat="25.0553469" lon="121.5365316"></trkpt>
      <trkpt lat="25.0553482" lon="121.5363725"></trkpt>
      <trkpt lat="25.0558725" lon="121.5363804"></trkpt>
      <trkpt lat="25.0564179" lon="121.5363881"></trkpt>
      <trkpt lat="25.0566456" lon="121.5363905"></trkpt>
      <trkpt lat="25.0569430" lon="121.5363963"></trkpt>
      <trkpt lat="25.0569413" lon="121.5366061"></trkpt>
      <trkpt lat="25.0569406" lon="121.5366900"></trkpt>
      <trkpt lat="25.0569632" lon="121.5370882"></trkpt>
      <trkpt lat="25.0576809" lon="121.5371139"></trkpt>
      <trkpt lat="25.0578339" lon="121.5371308"></trkpt>
      <trkpt lat="25.0578311" lon="121.5372648"></trkpt>
      <trkpt lat="25.0577921" lon="121.5391229"></trkpt>
      <trkpt lat="25.0577911" lon="121.5391687"></trkpt>
      <trkpt lat="25.0576659" lon="121.5391649"></trkpt>
      <trkpt lat="25.0573883" lon="121.5391585"></trkpt>
      <trkpt lat="25.0572726" lon="121.5391556"></trkpt>
      <trkpt lat="25.0572200" lon="121.5406011"></trkpt>
      <trkpt lat="25.0571942" lon="121.5421952"></trkpt>
      <trkpt lat="25.0575992" lon="121.5421932"></trkpt>
      <trkpt lat="25.0577285" lon="121.5421649"></trkpt>
      <trkpt lat="25.0577254" lon="121.5423112"></trkpt>
      <trkpt lat="25.0577186" lon="121.5426348"></trkpt>
      <trkpt lat="25.0576914" lon="121.5439757"></trkpt>
      <trkpt lat="25.0576904" lon="121.5440078"></trkpt>
      <trkpt lat="25.0576884" lon="121.5440785"></trkpt>
      <trkpt lat="25.0576879" lon="121.5442272"></trkpt>
      <trkpt lat="25.0576840" lon="121.5443867"></trkpt>
      <trkpt lat="25.0576798" lon="121.5448277"></trkpt>
      <trkpt lat="25.0576628" lon="121.5460853"></trkpt>
      <trkpt lat="25.0576626" lon="121.5461073"></trkpt>
      <trkpt lat="25.0576622" lon="121.5461334"></trkpt>
      <trkpt lat="25.0576610" lon="121.5462255"></trkpt>
      <trkpt lat="25.0576602" lon="121.5462883"></trkpt>
      <trkpt lat="25.0576460" lon="121.5473405"></trkpt>
      <trkpt lat="25.0576408" lon="121.5477269"></trkpt>
      <trkpt lat="25.0576302" lon="121.5483505"></trkpt>
      <trkpt lat="25.0576296" lon="121.5483879"></trkpt>
      <trkpt lat="25.0576289" lon="121.5484273"></trkpt>
      <trkpt lat="25.0576273" lon="121.5485759"></trkpt>
      <trkpt lat="25.0576322" lon="121.5486475"></trkpt>
      <trkpt lat="25.0575168" lon="121.5485494"></trkpt>
      <trkpt lat="25.0575274" lon="121.5485816"></trkpt>
      <trkpt lat="25.0575242" lon="121.5487629"></trkpt>
      <trkpt lat="25.0575234" lon="121.5488083"></trkpt>
      <trkpt lat="25.0575225" lon="121.5488613"></trkpt>
      <trkpt lat="25.0575421" lon="121.5489412"></trkpt>
      <trkpt lat="25.0575597" lon="121.5490132"></trkpt>
      <trkpt lat="25.0575815" lon="121.5491025"></trkpt>
      <trkpt lat="25.0575924" lon="121.5491469"></trkpt>
      <trkpt lat="25.0575889" lon="121.5491949"></trkpt>
      <trkpt lat="25.0575838" lon="121.5492638"></trkpt>
      <trkpt lat="25.0575784" lon="121.5493369"></trkpt>
      <trkpt lat="25.0576021" lon="121.5493367"></trkpt>
      <trkpt lat="25.0576373" lon="121.5493746"></trkpt>
      <trkpt lat="25.0576819" lon="121.5493836"></trkpt>
      <trkpt lat="25.0577493" lon="121.5500984"></trkpt>
      <trkpt lat="25.0577742" lon="121.5503695"></trkpt>
      <trkpt lat="25.0577768" lon="121.5504008"></trkpt>
      <trkpt lat="25.0577796" lon="121.5504348"></trkpt>
      <trkpt lat="25.0577885" lon="121.5505173"></trkpt>
      <trkpt lat="25.0577967" lon="121.5506043"></trkpt>
      <trkpt lat="25.0578839" lon="121.5515454"></trkpt>
      <trkpt lat="25.0578431" lon="121.5515497"></trkpt>
      <trkpt lat="25.0576772" lon="121.5515671"></trkpt>
      <trkpt lat="25.0574685" lon="121.5515889"></trkpt>
      <trkpt lat="25.0572901" lon="121.5516076"></trkpt>
      <trkpt lat="25.0570885" lon="121.5516287"></trkpt>
      <trkpt lat="25.0570930" lon="121.5516761"></trkpt>
      <trkpt lat="25.0572141" lon="121.5529213"></trkpt>
      <trkpt lat="25.0572174" lon="121.5529548"></trkpt>
      <trkpt lat="25.0572229" lon="121.5530118"></trkpt>
      <trkpt lat="25.0572281" lon="121.5530891"></trkpt>
      <trkpt lat="25.0573276" lon="121.5543503"></trkpt>
      <trkpt lat="25.0573317" lon="121.5544020"></trkpt>
      <trkpt lat="25.0573350" lon="121.5544431"></trkpt>
      <trkpt lat="25.0573386" lon="121.5544820"></trkpt>
      <trkpt lat="25.0574026" lon="121.5551771"></trkpt>
      <trkpt lat="25.0574061" lon="121.5552247"></trkpt>
      <trkpt lat="25.0574108" lon="121.5552885"></trkpt>
      <trkpt lat="25.0574194" lon="121.5553941"></trkpt>
      <trkpt lat="25.0573812" lon="121.5554011"></trkpt>
      <trkpt lat="25.0573517" lon="121.5554063"></trkpt>
      <trkpt lat="25.0573061" lon="121.5554149"></trkpt>
      <trkpt lat="25.0572446" lon="121.5554266"></trkpt>
      <trkpt lat="25.0572519" lon="121.5555195"></trkpt>
      <trkpt lat="25.0573649" lon="121.5569712"></trkpt>
      <trkpt lat="25.0573694" lon="121.5570289"></trkpt>
      <trkpt lat="25.0573753" lon="121.5571050"></trkpt>
      <trkpt lat="25.0577052" lon="121.5570801"></trkpt>
      <trkpt lat="25.0577082" lon="121.5571354"></trkpt>
      <trkpt lat="25.0577730" lon="121.5580724"></trkpt>
      <trkpt lat="25.0578413" lon="121.5590607"></trkpt>
      <trkpt lat="25.0575171" lon="121.5590883"></trkpt>
      <trkpt lat="25.0575785" lon="121.5597896"></trkpt>
      <trkpt lat="25.0578894" lon="121.5597565"></trkpt>
      <trkpt lat="25.0578920" lon="121.5597954"></trkpt>
      <trkpt lat="25.0579410" lon="121.5605039"></trkpt>
      <trkpt lat="25.0579470" lon="121.5605910"></trkpt>
      <trkpt lat="25.0576174" lon="121.5606225"></trkpt>
      <trkpt lat="25.0576927" lon="121.5616660"></trkpt>
      <trkpt lat="25.0575875" lon="121.5616753"></trkpt>
      <trkpt lat="25.0573640" lon="121.5616953"></trkpt>
      <trkpt lat="25.0572796" lon="121.5617028"></trkpt>
      <trkpt lat="25.0570767" lon="121.5617209"></trkpt>
      <trkpt lat="25.0570216" lon="121.5617258"></trkpt>
      <trkpt lat="25.0571619" lon="121.5634622"></trkpt>
      <trkpt lat="25.0573794" lon="121.5634455"></trkpt>
      <trkpt lat="25.0574218" lon="121.5634426"></trkpt>
      <trkpt lat="25.0574685" lon="121.5634395"></trkpt>
      <trkpt lat="25.0576942" lon="121.5634232"></trkpt>
      <trkpt lat="25.0577239" lon="121.5634213"></trkpt>
      <trkpt lat="25.0577414" lon="121.5634204"></trkpt>
      <trkpt lat="25.0579201" lon="121.5634070"></trkpt>
      <trkpt lat="25.0579756" lon="121.5633808"></trkpt>
      <trkpt lat="25.0579774" lon="121.5633141"></trkpt>
      <trkpt lat="25.0580279" lon="121.5632767"></trkpt>
      <trkpt lat="25.0580330" lon="121.5633408"></trkpt>
      <trkpt lat="25.0580389" lon="121.5634393"></trkpt>
      <trkpt lat="25.0580452" lon="121.5635362"></trkpt>
      <trkpt lat="25.0580482" lon="121.5636353"></trkpt>
      <trkpt lat="25.0580531" lon="121.5637180"></trkpt>
      <trkpt lat="25.0580887" lon="121.5641810"></trkpt>
      <trkpt lat="25.0577823" lon="121.5642044"></trkpt>
      <trkpt lat="25.0578276" lon="121.5647848"></trkpt>
      <trkpt lat="25.0579217" lon="121.5660293"></trkpt>
      <trkpt lat="25.0576787" lon="121.5660513"></trkpt>
      <trkpt lat="25.0577536" lon="121.5670490"></trkpt>
      <trkpt lat="25.0577716" lon="121.5672943"></trkpt>
      <trkpt lat="25.0579394" lon="121.5690109"></trkpt>
      <trkpt lat="25.0579453" lon="121.5690712"></trkpt>
      <trkpt lat="25.0579540" lon="121.5691600"></trkpt>
      <trkpt lat="25.0576635" lon="121.5692137"></trkpt>
      <trkpt lat="25.0575031" lon="121.5692433"></trkpt>
      <trkpt lat="25.0574602" lon="121.5692500"></trkpt>
      <trkpt lat="25.0574117" lon="121.5692603"></trkpt>
      <trkpt lat="25.0573271" lon="121.5692753"></trkpt>
      <trkpt lat="25.0573427" lon="121.5694172"></trkpt>
      <trkpt lat="25.0573271" lon="121.5692753"></trkpt>
      <trkpt lat="25.0572641" lon="121.5692855"></trkpt>
      <trkpt lat="25.0566832" lon="121.5693800"></trkpt>
      <trkpt lat="25.0564477" lon="121.5694144"></trkpt>
      <trkpt lat="25.0564130" lon="121.5694194"></trkpt>
      <trkpt lat="25.0563684" lon="121.5694260"></trkpt>
      <trkpt lat="25.0563026" lon="121.5694370"></trkpt>
      <trkpt lat="25.0557248" lon="121.5695369"></trkpt>
      <trkpt lat="25.0555125" lon="121.5695725"></trkpt>
      <trkpt lat="25.0553244" lon="121.5696082"></trkpt>
      <trkpt lat="25.0551515" lon="121.5696363"></trkpt>
      <trkpt lat="25.0549677" lon="121.5696694"></trkpt>
      <trkpt lat="25.0547663" lon="121.5696947"></trkpt>
      <trkpt lat="25.0546654" lon="121.5697125"></trkpt>
      <trkpt lat="25.0546375" lon="121.5697175"></trkpt>
      <trkpt lat="25.0546129" lon="121.5697218"></trkpt>
      <trkpt lat="25.0545573" lon="121.5697323"></trkpt>
      <trkpt lat="25.0544472" lon="121.5697317"></trkpt>
      <trkpt lat="25.0543680" lon="121.5697331"></trkpt>
      <trkpt lat="25.0539616" lon="121.5698184"></trkpt>
      <trkpt lat="25.0535911" lon="121.5698859"></trkpt>
      <trkpt lat="25.0528641" lon="121.5700060"></trkpt>
      <trkpt lat="25.0527245" lon="121.5700291"></trkpt>
      <trkpt lat="25.0526936" lon="121.5700342"></trkpt>
      <trkpt lat="25.0526575" lon="121.5700402"></trkpt>
      <trkpt lat="25.0526034" lon="121.5700513"></trkpt>
      <trkpt lat="25.0523146" lon="121.5700987"></trkpt>
      <trkpt lat="25.0518805" lon="121.5701718"></trkpt>
      <trkpt lat="25.0516485" lon="121.5702114"></trkpt>
      <trkpt lat="25.0515444" lon="121.5702334"></trkpt>
      <trkpt lat="25.0513826" lon="121.5702683"></trkpt>
      <trkpt lat="25.0514082" lon="121.5700621"></trkpt>
      <trkpt lat="25.0514097" lon="121.5700331"></trkpt>
      <trkpt lat="25.0514226" lon="121.5696482"></trkpt>
      <trkpt lat="25.0514254" lon="121.5695184"></trkpt>
      <trkpt lat="25.0514263" lon="121.5694755"></trkpt>
      <trkpt lat="25.0514273" lon="121.5694301"></trkpt>
      <trkpt lat="25.0514296" lon="121.5693347"></trkpt>
      <trkpt lat="25.0514475" lon="121.5685485"></trkpt>
      <trkpt lat="25.0514478" lon="121.5685356"></trkpt>
      <trkpt lat="25.0514485" lon="121.5685053"></trkpt>
      <trkpt lat="25.0514490" lon="121.5684837"></trkpt>
      <trkpt lat="25.0514515" lon="121.5683493"></trkpt>
      <trkpt lat="25.0514251" lon="121.5683587"></trkpt>
      <trkpt lat="25.0512111" lon="121.5684352"></trkpt>
      <trkpt lat="25.0511872" lon="121.5684437"></trkpt>
      <trkpt lat="25.0511457" lon="121.5684597"></trkpt>
      <trkpt lat="25.0511515" lon="121.5683589"></trkpt>
      <trkpt lat="25.0511907" lon="121.5672616"></trkpt>
      <trkpt lat="25.0512718" lon="121.5672643"></trkpt>
      <trkpt lat="25.0512703" lon="121.5673626"></trkpt>
      <trkpt lat="25.0513055" lon="121.5674712"></trkpt>
      <trkpt lat="25.0513569" lon="121.5677968"></trkpt>
      <trkpt lat="25.0512970" lon="121.5701306"></trkpt>
      <trkpt lat="25.0512994" lon="121.5703937"></trkpt>
      <trkpt lat="25.0513317" lon="121.5706313"></trkpt>
      <trkpt lat="25.0513805" lon="121.5708044"></trkpt>
      <trkpt lat="25.0514642" lon="121.5709867"></trkpt>
      <trkpt lat="25.0539964" lon="121.5757170"></trkpt>
      <trkpt lat="25.0541641" lon="121.5760505"></trkpt>
      <trkpt lat="25.0543291" lon="121.5764420"></trkpt>
      <trkpt lat="25.0543502" lon="121.5764921"></trkpt>
      <trkpt lat="25.0544005" lon="121.5766184"></trkpt>
      <trkpt lat="25.0544423" lon="121.5767018"></trkpt>
      <trkpt lat="25.0545509" lon="121.5765495"></trkpt>
      <trkpt lat="25.0545817" lon="121.5765050"></trkpt>
      <trkpt lat="25.0547035" lon="121.5763112"></trkpt>
      <trkpt lat="25.0547542" lon="121.5762305"></trkpt>
      <trkpt lat="25.0547948" lon="121.5761732"></trkpt>
      <trkpt lat="25.0550045" lon="121.5758288"></trkpt>
      <trkpt lat="25.0551025" lon="121.5755961"></trkpt>
      <trkpt lat="25.0552663" lon="121.5752069"></trkpt>
      <trkpt lat="25.0554226" lon="121.5749176"></trkpt>
      <trkpt lat="25.0555267" lon="121.5748160"></trkpt>
      <trkpt lat="25.0556054" lon="121.5746966"></trkpt>
      <trkpt lat="25.0557501" lon="121.5745282"></trkpt>
      <trkpt lat="25.0559433" lon="121.5743228"></trkpt>
      <trkpt lat="25.0559980" lon="121.5744324"></trkpt>
      <trkpt lat="25.0565294" lon="121.5754767"></trkpt>
      <trkpt lat="25.0565988" lon="121.5756131"></trkpt>
      <trkpt lat="25.0566611" lon="121.5755801"></trkpt>
      <trkpt lat="25.0569567" lon="121.5754237"></trkpt>
      <trkpt lat="25.0572950" lon="121.5752728"></trkpt>
      <trkpt lat="25.0573463" lon="121.5752499"></trkpt>
      <trkpt lat="25.0575971" lon="121.5751511"></trkpt>
      <trkpt lat="25.0575824" lon="121.5751031"></trkpt>
      <trkpt lat="25.0575747" lon="121.5750778"></trkpt>
      <trkpt lat="25.0575616" lon="121.5750372"></trkpt>
      <trkpt lat="25.0573901" lon="121.5745501"></trkpt>
      <trkpt lat="25.0575616" lon="121.5750372"></trkpt>
      <trkpt lat="25.0575747" lon="121.5750778"></trkpt>
      <trkpt lat="25.0575824" lon="121.5751031"></trkpt>
      <trkpt lat="25.0575971" lon="121.5751511"></trkpt>
      <trkpt lat="25.0573463" lon="121.5752499"></trkpt>
      <trkpt lat="25.0572950" lon="121.5752728"></trkpt>
      <trkpt lat="25.0569567" lon="121.5754237"></trkpt>
      <trkpt lat="25.0566611" lon="121.5755801"></trkpt>
      <trkpt lat="25.0565988" lon="121.5756131"></trkpt>
      <trkpt lat="25.0566363" lon="121.5756887"></trkpt>
      <trkpt lat="25.0572014" lon="121.5768261"></trkpt>
      <trkpt lat="25.0573025" lon="121.5770297"></trkpt>
      <trkpt lat="25.0573148" lon="121.5770545"></trkpt>
      <trkpt lat="25.0573238" lon="121.5770727"></trkpt>
      <trkpt lat="25.0573525" lon="121.5771305"></trkpt>
      <trkpt lat="25.0573936" lon="121.5772110"></trkpt>
      <trkpt lat="25.0574207" lon="121.5772649"></trkpt>
      <trkpt lat="25.0577062" lon="121.5778237"></trkpt>
      <trkpt lat="25.0577298" lon="121.5778699"></trkpt>
      <trkpt lat="25.0576490" lon="121.5779207"></trkpt>
      <trkpt lat="25.0572223" lon="121.5781892"></trkpt>
      <trkpt lat="25.0571818" lon="121.5782147"></trkpt>
      <trkpt lat="25.0572046" lon="121.5782576"></trkpt>
      <trkpt lat="25.0573956" lon="121.5786208"></trkpt>
      <trkpt lat="25.0574176" lon="121.5786625"></trkpt>
      <trkpt lat="25.0574426" lon="121.5787099"></trkpt>
      <trkpt lat="25.0579844" lon="121.5797396"></trkpt>
      <trkpt lat="25.0580127" lon="121.5797934"></trkpt>
      <trkpt lat="25.0577796" lon="121.5799359"></trkpt>
      <trkpt lat="25.0577342" lon="121.5799636"></trkpt>
      <trkpt lat="25.0577732" lon="121.5800366"></trkpt>
      <trkpt lat="25.0580945" lon="121.5806417"></trkpt>
      <trkpt lat="25.0581122" lon="121.5806750"></trkpt>
      <trkpt lat="25.0581420" lon="121.5807311"></trkpt>
      <trkpt lat="25.0574140" lon="121.5811871"></trkpt>
      <trkpt lat="25.0573280" lon="121.5812354"></trkpt>
      <trkpt lat="25.0573004" lon="121.5812499"></trkpt>
      <trkpt lat="25.0572192" lon="121.5813742"></trkpt>
      <trkpt lat="25.0571329" lon="121.5814346"></trkpt>
      <trkpt lat="25.0570221" lon="121.5815120"></trkpt>
      <trkpt lat="25.0571011" lon="121.5816511"></trkpt>
      <trkpt lat="25.0577173" lon="121.5828037"></trkpt>
      <trkpt lat="25.0577394" lon="121.5829528"></trkpt>
      <trkpt lat="25.0578647" lon="121.5833983"></trkpt>
      <trkpt lat="25.0579414" lon="121.5837102"></trkpt>
      <trkpt lat="25.0580257" lon="121.5838686"></trkpt>
      <trkpt lat="25.0579781" lon="121.5838896"></trkpt>
      <trkpt lat="25.0577041" lon="121.5840109"></trkpt>
      <trkpt lat="25.0579045" lon="121.5845987"></trkpt>
      <trkpt lat="25.0575512" lon="121.5847531"></trkpt>
      <trkpt lat="25.0575382" lon="121.5848161"></trkpt>
      <trkpt lat="25.0575269" lon="121.5848711"></trkpt>
      <trkpt lat="25.0575803" lon="121.5850213"></trkpt>
      <trkpt lat="25.0577110" lon="121.5853499"></trkpt>
      <trkpt lat="25.0574460" lon="121.5854850"></trkpt>
      <trkpt lat="25.0573867" lon="121.5855197"></trkpt>
      <trkpt lat="25.0574185" lon="121.5856075"></trkpt>
      <trkpt lat="25.0574531" lon="121.5857047"></trkpt>
      <trkpt lat="25.0576272" lon="121.5861943"></trkpt>
      <trkpt lat="25.0578347" lon="121.5867669"></trkpt>
      <trkpt lat="25.0579481" lon="121.5870798"></trkpt>
      <trkpt lat="25.0579724" lon="121.5871469"></trkpt>
      <trkpt lat="25.0580118" lon="121.5872226"></trkpt>
      <trkpt lat="25.0580140" lon="121.5872269"></trkpt>
      <trkpt lat="25.0575248" lon="121.5875033"></trkpt>
      <trkpt lat="25.0577767" lon="121.5880017"></trkpt>
      <trkpt lat="25.0574695" lon="121.5881475"></trkpt>
      <trkpt lat="25.0573907" lon="121.5881982"></trkpt>
      <trkpt lat="25.0573434" lon="121.5882333"></trkpt>
      <trkpt lat="25.0572565" lon="121.5883063"></trkpt>
      <trkpt lat="25.0567715" lon="121.5887090"></trkpt>
      <trkpt lat="25.0572565" lon="121.5883063"></trkpt>
      <trkpt lat="25.0573434" lon="121.5882333"></trkpt>
      <trkpt lat="25.0574814" lon="121.5884141"></trkpt>
      <trkpt lat="25.0578582" lon="121.5889634"></trkpt>
      <trkpt lat="25.0580263" lon="121.5891968"></trkpt>
      <trkpt lat="25.0581121" lon="121.5893139"></trkpt>
      <trkpt lat="25.0582040" lon="121.5894421"></trkpt>
      <trkpt lat="25.0584522" lon="121.5897767"></trkpt>
      <trkpt lat="25.0593501" lon="121.5910100"></trkpt>
      <trkpt lat="25.0593709" lon="121.5909890"></trkpt>
      <trkpt lat="25.0596941" lon="121.5914436"></trkpt>
      <trkpt lat="25.0598142" lon="121.5916125"></trkpt>
      <trkpt lat="25.0584085" lon="121.5924247"></trkpt>
      <trkpt lat="25.0583613" lon="121.5923277"></trkpt>
      <trkpt lat="25.0583576" lon="121.5923112"></trkpt>
      <trkpt lat="25.0583455" lon="121.5921741"></trkpt>
      <trkpt lat="25.0583397" lon="121.5921482"></trkpt>
      <trkpt lat="25.0583267" lon="121.5921219"></trkpt>
      <trkpt lat="25.0579572" lon="121.5916659"></trkpt>
      <trkpt lat="25.0578411" lon="121.5916383"></trkpt>
      <trkpt lat="25.0577771" lon="121.5916038"></trkpt>
      <trkpt lat="25.0577340" lon="121.5915536"></trkpt>
      <trkpt lat="25.0578086" lon="121.5914513"></trkpt>
      <trkpt lat="25.0575527" lon="121.5911867"></trkpt>
      <trkpt lat="25.0574872" lon="121.5911333"></trkpt>
      <trkpt lat="25.0562649" lon="121.5899031"></trkpt>
      <trkpt lat="25.0561489" lon="121.5897584"></trkpt>
      <trkpt lat="25.0558367" lon="121.5893693"></trkpt>
      <trkpt lat="25.0556103" lon="121.5890827"></trkpt>
      <trkpt lat="25.0554698" lon="121.5889049"></trkpt>
      <trkpt lat="25.0554591" lon="121.5889467"></trkpt>
      <trkpt lat="25.0554581" lon="121.5890066"></trkpt>
      <trkpt lat="25.0554812" lon="121.5890603"></trkpt>
      <trkpt lat="25.0554739" lon="121.5890808"></trkpt>
      <trkpt lat="25.0555383" lon="121.5891686"></trkpt>
      <trkpt lat="25.0556229" lon="121.5892774"></trkpt>
      <trkpt lat="25.0556133" lon="121.5892865"></trkpt>
      <trkpt lat="25.0554200" lon="121.5890377"></trkpt>
      <trkpt lat="25.0553976" lon="121.5890582"></trkpt>
      <trkpt lat="25.0553657" lon="121.5890874"></trkpt>
      <trkpt lat="25.0553304" lon="121.5891198"></trkpt>
      <trkpt lat="25.0552394" lon="121.5890615"></trkpt>
      <trkpt lat="25.0549577" lon="121.5891739"></trkpt>
      <trkpt lat="25.0546709" lon="121.5892883"></trkpt>
      <trkpt lat="25.0545016" lon="121.5893559"></trkpt>
      <trkpt lat="25.0544421" lon="121.5893796"></trkpt>
      <trkpt lat="25.0543726" lon="121.5894074"></trkpt>
      <trkpt lat="25.0542252" lon="121.5894661"></trkpt>
      <trkpt lat="25.0541143" lon="121.5895104"></trkpt>
      <trkpt lat="25.0539303" lon="121.5895838"></trkpt>
      <trkpt lat="25.0534517" lon="121.5897748"></trkpt>
      <trkpt lat="25.0533498" lon="121.5897983"></trkpt>
      <trkpt lat="25.0533218" lon="121.5897170"></trkpt>
      <trkpt lat="25.0532750" lon="121.5895763"></trkpt>
      <trkpt lat="25.0531530" lon="121.5891707"></trkpt>
      <trkpt lat="25.0530743" lon="121.5887732"></trkpt>
      <trkpt lat="25.0530311" lon="121.5884826"></trkpt>
      <trkpt lat="25.0530181" lon="121.5883808"></trkpt>
      <trkpt lat="25.0530121" lon="121.5883031"></trkpt>
      <trkpt lat="25.0529849" lon="121.5877697"></trkpt>
      <trkpt lat="25.0530001" lon="121.5874383"></trkpt>
      <trkpt lat="25.0530363" lon="121.5869228"></trkpt>
      <trkpt lat="25.0530383" lon="121.5868829"></trkpt>
      <trkpt lat="25.0530395" lon="121.5868437"></trkpt>
      <trkpt lat="25.0530383" lon="121.5864323"></trkpt>
      <trkpt lat="25.0530013" lon="121.5862576"></trkpt>
      <trkpt lat="25.0529763" lon="121.5861521"></trkpt>
      <trkpt lat="25.0529298" lon="121.5859228"></trkpt>
      <trkpt lat="25.0528706" lon="121.5857583"></trkpt>
      <trkpt lat="25.0525349" lon="121.5848635"></trkpt>
      <trkpt lat="25.0526112" lon="121.5848346"></trkpt>
      <trkpt lat="25.0528173" lon="121.5847565"></trkpt>
      <trkpt lat="25.0532933" lon="121.5845952"></trkpt>
      <trkpt lat="25.0529290" lon="121.5833401"></trkpt>
      <trkpt lat="25.0529156" lon="121.5832938"></trkpt>
      <trkpt lat="25.0528988" lon="121.5832458"></trkpt>
      <trkpt lat="25.0528747" lon="121.5831619"></trkpt>
      <trkpt lat="25.0528377" lon="121.5830079"></trkpt>
      <trkpt lat="25.0528169" lon="121.5829204"></trkpt>
      <trkpt lat="25.0525838" lon="121.5819417"></trkpt>
      <trkpt lat="25.0524971" lon="121.5815595"></trkpt>
      <trkpt lat="25.0523799" lon="121.5816008"></trkpt>
      <trkpt lat="25.0522270" lon="121.5816677"></trkpt>
      <trkpt lat="25.0521043" lon="121.5817374"></trkpt>
      <trkpt lat="25.0519889" lon="121.5818661"></trkpt>
      <trkpt lat="25.0519306" lon="121.5820056"></trkpt>
      <trkpt lat="25.0519180" lon="121.5821033"></trkpt>
      <trkpt lat="25.0519893" lon="121.5828577"></trkpt>
      <trkpt lat="25.0520731" lon="121.5828964"></trkpt>
      <trkpt lat="25.0521939" lon="121.5829521"></trkpt>
      <trkpt lat="25.0524004" lon="121.5830380"></trkpt>
      <trkpt lat="25.0526349" lon="121.5830869"></trkpt>
      <trkpt lat="25.0528153" lon="121.5830909"></trkpt>
      <trkpt lat="25.0529769" lon="121.5830594"></trkpt>
      <trkpt lat="25.0555358" lon="121.5822719"></trkpt>
      <trkpt lat="25.0555838" lon="121.5822571"></trkpt>
      <trkpt lat="25.0557077" lon="121.5822190"></trkpt>
      <trkpt lat="25.0555584" lon="121.5821011"></trkpt>
      <trkpt lat="25.0553589" lon="121.5818635"></trkpt>
      <trkpt lat="25.0551873" lon="121.5815754"></trkpt>
      <trkpt lat="25.0550315" lon="121.5813138"></trkpt>
      <trkpt lat="25.0549826" lon="121.5811924"></trkpt>
      <trkpt lat="25.0548424" lon="121.5807549"></trkpt>
      <trkpt lat="25.0548201" lon="121.5806801"></trkpt>
      <trkpt lat="25.0547581" lon="121.5804407"></trkpt>
      <trkpt lat="25.0547561" lon="121.5804235"></trkpt>
      <trkpt lat="25.0545991" lon="121.5798480"></trkpt>
      <trkpt lat="25.0545461" lon="121.5798126"></trkpt>
      <trkpt lat="25.0541012" lon="121.5795157"></trkpt>
      <trkpt lat="25.0540764" lon="121.5794782"></trkpt>
      <trkpt lat="25.0536077" lon="121.5787682"></trkpt>
      <trkpt lat="25.0535918" lon="121.5787076"></trkpt>
      <trkpt lat="25.0534896" lon="121.5787370"></trkpt>
      <trkpt lat="25.0534794" lon="121.5786861"></trkpt>
      <trkpt lat="25.0533240" lon="121.5779110"></trkpt>
      <trkpt lat="25.0532921" lon="121.5777570"></trkpt>
      <trkpt lat="25.0531833" lon="121.5773072"></trkpt>
      <trkpt lat="25.0530613" lon="121.5767482"></trkpt>
      <trkpt lat="25.0530509" lon="121.5767003"></trkpt>
      <trkpt lat="25.0530140" lon="121.5765180"></trkpt>
      <trkpt lat="25.0529616" lon="121.5762550"></trkpt>
      <trkpt lat="25.0529464" lon="121.5761787"></trkpt>
      <trkpt lat="25.0529407" lon="121.5761096"></trkpt>
      <trkpt lat="25.0529334" lon="121.5760202"></trkpt>
      <trkpt lat="25.0529451" lon="121.5759139"></trkpt>
      <trkpt lat="25.0531096" lon="121.5751232"></trkpt>
      <trkpt lat="25.0531287" lon="121.5750313"></trkpt>
      <trkpt lat="25.0531529" lon="121.5749150"></trkpt>
      <trkpt lat="25.0531779" lon="121.5747871"></trkpt>
      <trkpt lat="25.0531853" lon="121.5747634"></trkpt>
      <trkpt lat="25.0532325" lon="121.5746113"></trkpt>
      <trkpt lat="25.0533212" lon="121.5744431"></trkpt>
      <trkpt lat="25.0534250" lon="121.5743042"></trkpt>
      <trkpt lat="25.0535386" lon="121.5742089"></trkpt>
      <trkpt lat="25.0535726" lon="121.5741839"></trkpt>
      <trkpt lat="25.0536169" lon="121.5741512"></trkpt>
      <trkpt lat="25.0536502" lon="121.5742138"></trkpt>
      <trkpt lat="25.0536680" lon="121.5742472"></trkpt>
      <trkpt lat="25.0538246" lon="121.5745414"></trkpt>
      <trkpt lat="25.0544760" lon="121.5757701"></trkpt>
      <trkpt lat="25.0544840" lon="121.5757960"></trkpt>
      <trkpt lat="25.0544780" lon="121.5758135"></trkpt>
      <trkpt lat="25.0544561" lon="121.5758242"></trkpt>
      <trkpt lat="25.0543126" lon="121.5757278"></trkpt>
      <trkpt lat="25.0542342" lon="121.5756587"></trkpt>
      <trkpt lat="25.0541831" lon="121.5755863"></trkpt>
      <trkpt lat="25.0535927" lon="121.5744923"></trkpt>
      <trkpt lat="25.0533591" lon="121.5741000"></trkpt>
      <trkpt lat="25.0528699" lon="121.5731877"></trkpt>
      <trkpt lat="25.0520552" lon="121.5716839"></trkpt>
      <trkpt lat="25.0515871" lon="121.5708618"></trkpt>
      <trkpt lat="25.0514424" lon="121.5704972"></trkpt>
      <trkpt lat="25.0513829" lon="121.5701835"></trkpt>
      <trkpt lat="25.0513681" lon="121.5699587"></trkpt>
      <trkpt lat="25.0514194" lon="121.5677024"></trkpt>
      <trkpt lat="25.0514214" lon="121.5675504"></trkpt>
      <trkpt lat="25.0514127" lon="121.5673432"></trkpt>
      <trkpt lat="25.0514153" lon="121.5672815"></trkpt>
      <trkpt lat="25.0515072" lon="121.5672861"></trkpt>
      <trkpt lat="25.0515450" lon="121.5672866"></trkpt>
      <trkpt lat="25.0519466" lon="121.5672924"></trkpt>
      <trkpt lat="25.0519440" lon="121.5673455"></trkpt>
      <trkpt lat="25.0519246" lon="121.5677493"></trkpt>
      <trkpt lat="25.0519039" lon="121.5681774"></trkpt>
      <trkpt lat="25.0515341" lon="121.5683155"></trkpt>
      <trkpt lat="25.0514911" lon="121.5683345"></trkpt>
      <trkpt lat="25.0514515" lon="121.5683493"></trkpt>
      <trkpt lat="25.0514251" lon="121.5683587"></trkpt>
      <trkpt lat="25.0512111" lon="121.5684352"></trkpt>
      <trkpt lat="25.0511872" lon="121.5684437"></trkpt>
      <trkpt lat="25.0511856" lon="121.5685054"></trkpt>
      <trkpt lat="25.0511630" lon="121.5693863"></trkpt>
      <trkpt lat="25.0511618" lon="121.5694314"></trkpt>
      <trkpt lat="25.0511610" lon="121.5694715"></trkpt>
      <trkpt lat="25.0511573" lon="121.5696531"></trkpt>
      <trkpt lat="25.0511677" lon="121.5697693"></trkpt>
      <trkpt lat="25.0511626" lon="121.5700617"></trkpt>
      <trkpt lat="25.0511567" lon="121.5702175"></trkpt>
      <trkpt lat="25.0511513" lon="121.5703367"></trkpt>
      <trkpt lat="25.0511289" lon="121.5704718"></trkpt>
      <trkpt lat="25.0509631" lon="121.5707644"></trkpt>
      <trkpt lat="25.0509334" lon="121.5708196"></trkpt>
      <trkpt lat="25.0507124" lon="121.5711655"></trkpt>
      <trkpt lat="25.0503851" lon="121.5716616"></trkpt>
      <trkpt lat="25.0501336" lon="121.5720504"></trkpt>
      <trkpt lat="25.0500633" lon="121.5721258"></trkpt>
      <trkpt lat="25.0499765" lon="121.5722042"></trkpt>
      <trkpt lat="25.0499185" lon="121.5722652"></trkpt>
      <trkpt lat="25.0497969" lon="121.5722570"></trkpt>
      <trkpt lat="25.0495241" lon="121.5722386"></trkpt>
      <trkpt lat="25.0494746" lon="121.5722405"></trkpt>
      <trkpt lat="25.0494254" lon="121.5722368"></trkpt>
      <trkpt lat="25.0494169" lon="121.5722364"></trkpt>
      <trkpt lat="25.0492748" lon="121.5722315"></trkpt>
      <trkpt lat="25.0492604" lon="121.5722310"></trkpt>
      <trkpt lat="25.0492208" lon="121.5722271"></trkpt>
      <trkpt lat="25.0491425" lon="121.5722254"></trkpt>
      <trkpt lat="25.0482374" lon="121.5721941"></trkpt>
      <trkpt lat="25.0482360" lon="121.5722679"></trkpt>
      <trkpt lat="25.0482272" lon="121.5727347"></trkpt>
      <trkpt lat="25.0472674" lon="121.5727160"></trkpt>
      <trkpt lat="25.0470220" lon="121.5722720"></trkpt>
      <trkpt lat="25.0469560" lon="121.5721478"></trkpt>
      <trkpt lat="25.0467920" lon="121.5721419"></trkpt>
      <trkpt lat="25.0466997" lon="121.5721386"></trkpt>
      <trkpt lat="25.0457562" lon="121.5721044"></trkpt>
      <trkpt lat="25.0456471" lon="121.5721005"></trkpt>
      <trkpt lat="25.0456177" lon="121.5720994"></trkpt>
      <trkpt lat="25.0455736" lon="121.5720978"></trkpt>
      <trkpt lat="25.0455513" lon="121.5720970"></trkpt>
      <trkpt lat="25.0455496" lon="121.5721383"></trkpt>
      <trkpt lat="25.0455463" lon="121.5722295"></trkpt>
      <trkpt lat="25.0455273" lon="121.5726953"></trkpt>
      <trkpt lat="25.0454842" lon="121.5726941"></trkpt>
      <trkpt lat="25.0453013" lon="121.5726892"></trkpt>
      <trkpt lat="25.0450297" lon="121.5726818"></trkpt>
      <trkpt lat="25.0446384" lon="121.5726595"></trkpt>
      <trkpt lat="25.0442675" lon="121.5726555"></trkpt>
      <trkpt lat="25.0438571" lon="121.5726361"></trkpt>
      <trkpt lat="25.0434364" lon="121.5726351"></trkpt>
      <trkpt lat="25.0431294" lon="121.5726057"></trkpt>
      <trkpt lat="25.0429958" lon="121.5726015"></trkpt>
      <trkpt lat="25.0428337" lon="121.5725957"></trkpt>
      <trkpt lat="25.0426127" lon="121.5725886"></trkpt>
      <trkpt lat="25.0422257" lon="121.5725755"></trkpt>
      <trkpt lat="25.0418392" lon="121.5725625"></trkpt>
      <trkpt lat="25.0414572" lon="121.5725496"></trkpt>
      <trkpt lat="25.0410579" lon="121.5725360"></trkpt>
      <trkpt lat="25.0410129" lon="121.5725345"></trkpt>
      <trkpt lat="25.0410237" lon="121.5720707"></trkpt>
      <trkpt lat="25.0410269" lon="121.5719336"></trkpt>
      <trkpt lat="25.0409151" lon="121.5719296"></trkpt>
      <trkpt lat="25.0408570" lon="121.5719287"></trkpt>
      <trkpt lat="25.0404189" lon="121.5719129"></trkpt>
      <trkpt lat="25.0403729" lon="121.5719114"></trkpt>
      <trkpt lat="25.0400959" lon="121.5719020"></trkpt>
      <trkpt lat="25.0400411" lon="121.5719002"></trkpt>
      <trkpt lat="25.0397010" lon="121.5718887"></trkpt>
      <trkpt lat="25.0396478" lon="121.5718869"></trkpt>
      <trkpt lat="25.0391276" lon="121.5718686"></trkpt>
      <trkpt lat="25.0390152" lon="121.5718653"></trkpt>
      <trkpt lat="25.0389439" lon="121.5718625"></trkpt>
      <trkpt lat="25.0385277" lon="121.5718610"></trkpt>
      <trkpt lat="25.0381097" lon="121.5718595"></trkpt>
      <trkpt lat="25.0380550" lon="121.5718593"></trkpt>
      <trkpt lat="25.0376169" lon="121.5718578"></trkpt>
      <trkpt lat="25.0376138" lon="121.5719232"></trkpt>
      <trkpt lat="25.0375855" lon="121.5727607"></trkpt>
      <trkpt lat="25.0375436" lon="121.5727604"></trkpt>
      <trkpt lat="25.0371047" lon="121.5727577"></trkpt>
      <trkpt lat="25.0370816" lon="121.5727576"></trkpt>
      <trkpt lat="25.0370372" lon="121.5727574"></trkpt>
      <trkpt lat="25.0365733" lon="121.5727549"></trkpt>
      <trkpt lat="25.0365236" lon="121.5727546"></trkpt>
      <trkpt lat="25.0365187" lon="121.5729668"></trkpt>
      <trkpt lat="25.0365105" lon="121.5734448"></trkpt>
      <trkpt lat="25.0365094" lon="121.5735068"></trkpt>
      <trkpt lat="25.0365085" lon="121.5735533"></trkpt>
      <trkpt lat="25.0364404" lon="121.5735514"></trkpt>
      <trkpt lat="25.0356490" lon="121.5735288"></trkpt>
      <trkpt lat="25.0347458" lon="121.5735228"></trkpt>
      <trkpt lat="25.0346838" lon="121.5735224"></trkpt>
      <trkpt lat="25.0346851" lon="121.5734562"></trkpt>
      <trkpt lat="25.0347064" lon="121.5728146"></trkpt>
      <trkpt lat="25.0347087" lon="121.5727005"></trkpt>
      <trkpt lat="25.0347064" lon="121.5728146"></trkpt>
      <trkpt lat="25.0346851" lon="121.5734562"></trkpt>
      <trkpt lat="25.0346838" lon="121.5735224"></trkpt>
      <trkpt lat="25.0346830" lon="121.5735919"></trkpt>
      <trkpt lat="25.0346732" lon="121.5743896"></trkpt>
      <trkpt lat="25.0346724" lon="121.5744988"></trkpt>
      <trkpt lat="25.0337992" lon="121.5744612"></trkpt>
      <trkpt lat="25.0337689" lon="121.5744641"></trkpt>
      <trkpt lat="25.0335935" lon="121.5744806"></trkpt>
      <trkpt lat="25.0335087" lon="121.5745872"></trkpt>
      <trkpt lat="25.0333577" lon="121.5745936"></trkpt>
      <trkpt lat="25.0329722" lon="121.5745861"></trkpt>
      <trkpt lat="25.0328953" lon="121.5745789"></trkpt>
      <trkpt lat="25.0323824" lon="121.5745712"></trkpt>
      <trkpt lat="25.0321738" lon="121.5745681"></trkpt>
      <trkpt lat="25.0321389" lon="121.5745687"></trkpt>
      <trkpt lat="25.0316261" lon="121.5745618"></trkpt>
      <trkpt lat="25.0315872" lon="121.5745590"></trkpt>
      <trkpt lat="25.0315993" lon="121.5738312"></trkpt>
      <trkpt lat="25.0316023" lon="121.5736517"></trkpt>
      <trkpt lat="25.0316113" lon="121.5734886"></trkpt>
      <trkpt lat="25.0316525" lon="121.5733646"></trkpt>
      <trkpt lat="25.0318202" lon="121.5731902"></trkpt>
      <trkpt lat="25.0319308" lon="121.5731385"></trkpt>
      <trkpt lat="25.0320267" lon="121.5730992"></trkpt>
      <trkpt lat="25.0321336" lon="121.5729351"></trkpt>
      <trkpt lat="25.0320267" lon="121.5730992"></trkpt>
      <trkpt lat="25.0319308" lon="121.5731385"></trkpt>
      <trkpt lat="25.0318202" lon="121.5731902"></trkpt>
      <trkpt lat="25.0316525" lon="121.5733646"></trkpt>
      <trkpt lat="25.0316113" lon="121.5734886"></trkpt>
      <trkpt lat="25.0316023" lon="121.5736517"></trkpt>
      <trkpt lat="25.0315993" lon="121.5738312"></trkpt>
      <trkpt lat="25.0315872" lon="121.5745590"></trkpt>
      <trkpt lat="25.0316261" lon="121.5745618"></trkpt>
      <trkpt lat="25.0321389" lon="121.5745687"></trkpt>
      <trkpt lat="25.0321738" lon="121.5745681"></trkpt>
      <trkpt lat="25.0323824" lon="121.5745712"></trkpt>
      <trkpt lat="25.0328953" lon="121.5745789"></trkpt>
      <trkpt lat="25.0329722" lon="121.5745861"></trkpt>
      <trkpt lat="25.0333577" lon="121.5745936"></trkpt>
      <trkpt lat="25.0335087" lon="121.5745872"></trkpt>
      <trkpt lat="25.0336777" lon="121.5746337"></trkpt>
      <trkpt lat="25.0335935" lon="121.5744806"></trkpt>
      <trkpt lat="25.0335321" lon="121.5743903"></trkpt>
      <trkpt lat="25.0334787" lon="121.5742988"></trkpt>
      <trkpt lat="25.0332405" lon="121.5738002"></trkpt>
      <trkpt lat="25.0331008" lon="121.5733939"></trkpt>
      <trkpt lat="25.0329623" lon="121.5729191"></trkpt>
      <trkpt lat="25.0328833" lon="121.5724256"></trkpt>
      <trkpt lat="25.0328562" lon="121.5722124"></trkpt>
      <trkpt lat="25.0328488" lon="121.5719736"></trkpt>
      <trkpt lat="25.0328464" lon="121.5718685"></trkpt>
      <trkpt lat="25.0328504" lon="121.5717947"></trkpt>
      <trkpt lat="25.0328478" lon="121.5717208"></trkpt>
      <trkpt lat="25.0328593" lon="121.5713271"></trkpt>
      <trkpt lat="25.0328626" lon="121.5709612"></trkpt>
      <trkpt lat="25.0328637" lon="121.5705226"></trkpt>
      <trkpt lat="25.0328704" lon="121.5700614"></trkpt>
      <trkpt lat="25.0328843" lon="121.5696966"></trkpt>
      <trkpt lat="25.0328932" lon="121.5685369"></trkpt>
      <trkpt lat="25.0327681" lon="121.5685354"></trkpt>
      <trkpt lat="25.0326529" lon="121.5684942"></trkpt>
      <trkpt lat="25.0326238" lon="121.5685183"></trkpt>
      <trkpt lat="25.0318981" lon="121.5684641"></trkpt>
      <trkpt lat="25.0318907" lon="121.5690938"></trkpt>
      <trkpt lat="25.0318759" lon="121.5696528"></trkpt>
      <trkpt lat="25.0318756" lon="121.5696992"></trkpt>
      <trkpt lat="25.0317727" lon="121.5697062"></trkpt>
      <trkpt lat="25.0308680" lon="121.5697251"></trkpt>
      <trkpt lat="25.0303969" lon="121.5697349"></trkpt>
      <trkpt lat="25.0299489" lon="121.5697413"></trkpt>
      <trkpt lat="25.0289580" lon="121.5697380"></trkpt>
      <trkpt lat="25.0284856" lon="121.5697530"></trkpt>
      <trkpt lat="25.0284815" lon="121.5699016"></trkpt>
      <trkpt lat="25.0284766" lon="121.5700790"></trkpt>
      <trkpt lat="25.0284749" lon="121.5701218"></trkpt>
      <trkpt lat="25.0284721" lon="121.5701908"></trkpt>
      <trkpt lat="25.0281608" lon="121.5707114"></trkpt>
      <trkpt lat="25.0279111" lon="121.5711228"></trkpt>
      <trkpt lat="25.0276456" lon="121.5709465"></trkpt>
      <trkpt lat="25.0275238" lon="121.5708064"></trkpt>
      <trkpt lat="25.0274451" lon="121.5707538"></trkpt>
      <trkpt lat="25.0273517" lon="121.5707314"></trkpt>
      <trkpt lat="25.0270876" lon="121.5707799"></trkpt>
      <trkpt lat="25.0270271" lon="121.5707812"></trkpt>
      <trkpt lat="25.0267756" lon="121.5708127"></trkpt>
      <trkpt lat="25.0266757" lon="121.5708250"></trkpt>
      <trkpt lat="25.0264728" lon="121.5708434"></trkpt>
      <trkpt lat="25.0264048" lon="121.5708497"></trkpt>
      <trkpt lat="25.0261493" lon="121.5703141"></trkpt>
      <trkpt lat="25.0260973" lon="121.5702499"></trkpt>
      <trkpt lat="25.0259871" lon="121.5703273"></trkpt>
      <trkpt lat="25.0256841" lon="121.5704900"></trkpt>
      <trkpt lat="25.0253235" lon="121.5705828"></trkpt>
      <trkpt lat="25.0250757" lon="121.5707296"></trkpt>
      <trkpt lat="25.0249534" lon="121.5707479"></trkpt>
      <trkpt lat="25.0245857" lon="121.5709626"></trkpt>
      <trkpt lat="25.0244471" lon="121.5710259"></trkpt>
      <trkpt lat="25.0242798" lon="121.5710958"></trkpt>
      <trkpt lat="25.0242228" lon="121.5712378"></trkpt>
      <trkpt lat="25.0241304" lon="121.5712756"></trkpt>
      <trkpt lat="25.0240282" lon="121.5715504"></trkpt>
      <trkpt lat="25.0239750" lon="121.5716548"></trkpt>
      <trkpt lat="25.0239407" lon="121.5717221"></trkpt>
      <trkpt lat="25.0237803" lon="121.5719522"></trkpt>
      <trkpt lat="25.0236953" lon="121.5719924"></trkpt>
      <trkpt lat="25.0233574" lon="121.5722606"></trkpt>
      <trkpt lat="25.0232529" lon="121.5723653"></trkpt>
      <trkpt lat="25.0231022" lon="121.5725155"></trkpt>
      <trkpt lat="25.0229049" lon="121.5728098"></trkpt>
      <trkpt lat="25.0229140" lon="121.5728909"></trkpt>
      <trkpt lat="25.0227199" lon="121.5730701"></trkpt>
      <trkpt lat="25.0227597" lon="121.5731746"></trkpt>
      <trkpt lat="25.0228333" lon="121.5731889"></trkpt>
      <trkpt lat="25.0230588" lon="121.5731749"></trkpt>
      <trkpt lat="25.0231316" lon="121.5732714"></trkpt>
      <trkpt lat="25.0231712" lon="121.5732686"></trkpt>
      <trkpt lat="25.0232703" lon="121.5732357"></trkpt>
      <trkpt lat="25.0234674" lon="121.5733142"></trkpt>
      <trkpt lat="25.0236231" lon="121.5733636"></trkpt>
      <trkpt lat="25.0234674" lon="121.5733142"></trkpt>
      <trkpt lat="25.0232703" lon="121.5732357"></trkpt>
      <trkpt lat="25.0231712" lon="121.5732686"></trkpt>
      <trkpt lat="25.0231316" lon="121.5732714"></trkpt>
      <trkpt lat="25.0230588" lon="121.5731749"></trkpt>
      <trkpt lat="25.0228333" lon="121.5731889"></trkpt>
      <trkpt lat="25.0227597" lon="121.5731746"></trkpt>
      <trkpt lat="25.0227199" lon="121.5730701"></trkpt>
      <trkpt lat="25.0229140" lon="121.5728909"></trkpt>
      <trkpt lat="25.0229049" lon="121.5728098"></trkpt>
      <trkpt lat="25.0222892" lon="121.5723457"></trkpt>
      <trkpt lat="25.0219681" lon="121.5726197"></trkpt>
      <trkpt lat="25.0214938" lon="121.5730765"></trkpt>
      <trkpt lat="25.0213964" lon="121.5732125"></trkpt>
      <trkpt lat="25.0211347" lon="121.5735188"></trkpt>
      <trkpt lat="25.0210700" lon="121.5735892"></trkpt>
      <trkpt lat="25.0209424" lon="121.5737193"></trkpt>
      <trkpt lat="25.0208822" lon="121.5737749"></trkpt>
      <trkpt lat="25.0207109" lon="121.5739332"></trkpt>
      <trkpt lat="25.0206021" lon="121.5740338"></trkpt>
      <trkpt lat="25.0205140" lon="121.5741250"></trkpt>
      <trkpt lat="25.0204022" lon="121.5742587"></trkpt>
      <trkpt lat="25.0202452" lon="121.5744834"></trkpt>
      <trkpt lat="25.0201049" lon="121.5746114"></trkpt>
      <trkpt lat="25.0198580" lon="121.5747887"></trkpt>
      <trkpt lat="25.0198088" lon="121.5748140"></trkpt>
      <trkpt lat="25.0197657" lon="121.5748174"></trkpt>
      <trkpt lat="25.0197263" lon="121.5748056"></trkpt>
      <trkpt lat="25.0196967" lon="121.5747774"></trkpt>
      <trkpt lat="25.0196746" lon="121.5747463"></trkpt>
      <trkpt lat="25.0196625" lon="121.5746993"></trkpt>
      <trkpt lat="25.0196621" lon="121.5746554"></trkpt>
      <trkpt lat="25.0196767" lon="121.5746152"></trkpt>
      <trkpt lat="25.0197004" lon="121.5745823"></trkpt>
      <trkpt lat="25.0197338" lon="121.5745495"></trkpt>
      <trkpt lat="25.0197782" lon="121.5745196"></trkpt>
      <trkpt lat="25.0198799" lon="121.5744693"></trkpt>
      <trkpt lat="25.0199533" lon="121.5744123"></trkpt>
      <trkpt lat="25.0199829" lon="121.5743711"></trkpt>
      <trkpt lat="25.0199987" lon="121.5743262"></trkpt>
      <trkpt lat="25.0200060" lon="121.5742819"></trkpt>
      <trkpt lat="25.0200019" lon="121.5742287"></trkpt>
      <trkpt lat="25.0199854" lon="121.5741632"></trkpt>
      <trkpt lat="25.0199610" lon="121.5741123"></trkpt>
      <trkpt lat="25.0199027" lon="121.5740251"></trkpt>
      <trkpt lat="25.0198031" lon="121.5738997"></trkpt>
      <trkpt lat="25.0197490" lon="121.5738380"></trkpt>
      <trkpt lat="25.0197048" lon="121.5737928"></trkpt>
      <trkpt lat="25.0196161" lon="121.5737163"></trkpt>
      <trkpt lat="25.0195304" lon="121.5736924"></trkpt>
      <trkpt lat="25.0195274" lon="121.5735872"></trkpt>
      <trkpt lat="25.0194948" lon="121.5733841"></trkpt>
      <trkpt lat="25.0194704" lon="121.5732998"></trkpt>
      <trkpt lat="25.0194356" lon="121.5732181"></trkpt>
      <trkpt lat="25.0193985" lon="121.5731607"></trkpt>
      <trkpt lat="25.0193613" lon="121.5731142"></trkpt>
      <trkpt lat="25.0192545" lon="121.5730085"></trkpt>
      <trkpt lat="25.0192032" lon="121.5729698"></trkpt>
      <trkpt lat="25.0191488" lon="121.5729439"></trkpt>
      <trkpt lat="25.0187500" lon="121.5728079"></trkpt>
      <trkpt lat="25.0186321" lon="121.5727456"></trkpt>
      <trkpt lat="25.0185588" lon="121.5726651"></trkpt>
      <trkpt lat="25.0185069" lon="121.5725847"></trkpt>
      <trkpt lat="25.0184625" lon="121.5724561"></trkpt>
      <trkpt lat="25.0184417" lon="121.5722507"></trkpt>
      <trkpt lat="25.0184574" lon="121.5719674"></trkpt>
      <trkpt lat="25.0184949" lon="121.5717039"></trkpt>
      <trkpt lat="25.0186085" lon="121.5712776"></trkpt>
      <trkpt lat="25.0180824" lon="121.5714375"></trkpt>
      <trkpt lat="25.0179941" lon="121.5716563"></trkpt>
      <trkpt lat="25.0178800" lon="121.5719497"></trkpt>
      <trkpt lat="25.0176530" lon="121.5721352"></trkpt>
      <trkpt lat="25.0173979" lon="121.5723814"></trkpt>
      <trkpt lat="25.0172524" lon="121.5725058"></trkpt>
      <trkpt lat="25.0172139" lon="121.5725331"></trkpt>
      <trkpt lat="25.0171545" lon="121.5725474"></trkpt>
      <trkpt lat="25.0170270" lon="121.5725526"></trkpt>
      <trkpt lat="25.0168593" lon="121.5726662"></trkpt>
      <trkpt lat="25.0166430" lon="121.5727834"></trkpt>
      <trkpt lat="25.0165282" lon="121.5728362"></trkpt>
      <trkpt lat="25.0164450" lon="121.5728946"></trkpt>
      <trkpt lat="25.0163429" lon="121.5729276"></trkpt>
      <trkpt lat="25.0160915" lon="121.5729665"></trkpt>
      <trkpt lat="25.0159749" lon="121.5729624"></trkpt>
      <trkpt lat="25.0158303" lon="121.5729926"></trkpt>
      <trkpt lat="25.0157825" lon="121.5730094"></trkpt>
      <trkpt lat="25.0157029" lon="121.5730202"></trkpt>
      <trkpt lat="25.0156877" lon="121.5729892"></trkpt>
      <trkpt lat="25.0156642" lon="121.5729353"></trkpt>
      <trkpt lat="25.0156163" lon="121.5728253"></trkpt>
      <trkpt lat="25.0155548" lon="121.5728405"></trkpt>
      <trkpt lat="25.0154476" lon="121.5729020"></trkpt>
      <trkpt lat="25.0153853" lon="121.5729436"></trkpt>
      <trkpt lat="25.0153965" lon="121.5730613"></trkpt>
      <trkpt lat="25.0154092" lon="121.5730794"></trkpt>
      <trkpt lat="25.0154518" lon="121.5731118"></trkpt>
      <trkpt lat="25.0154918" lon="121.5731222"></trkpt>
      <trkpt lat="25.0155554" lon="121.5731157"></trkpt>
      <trkpt lat="25.0157145" lon="121.5731164"></trkpt>
      <trkpt lat="25.0157681" lon="121.5731138"></trkpt>
      <trkpt lat="25.0157833" lon="121.5731217"></trkpt>
      <trkpt lat="25.0159363" lon="121.5732013"></trkpt>
      <trkpt lat="25.0157833" lon="121.5731217"></trkpt>
      <trkpt lat="25.0157681" lon="121.5731138"></trkpt>
      <trkpt lat="25.0157145" lon="121.5731164"></trkpt>
      <trkpt lat="25.0155554" lon="121.5731157"></trkpt>
      <trkpt lat="25.0154918" lon="121.5731222"></trkpt>
      <trkpt lat="25.0154518" lon="121.5731118"></trkpt>
      <trkpt lat="25.0154092" lon="121.5730794"></trkpt>
      <trkpt lat="25.0153965" lon="121.5730613"></trkpt>
      <trkpt lat="25.0153853" lon="121.5729436"></trkpt>
      <trkpt lat="25.0154476" lon="121.5729020"></trkpt>
      <trkpt lat="25.0155548" lon="121.5728405"></trkpt>
      <trkpt lat="25.0156163" lon="121.5728253"></trkpt>
      <trkpt lat="25.0156642" lon="121.5729353"></trkpt>
      <trkpt lat="25.0156877" lon="121.5729892"></trkpt>
      <trkpt lat="25.0157029" lon="121.5730202"></trkpt>
      <trkpt lat="25.0157825" lon="121.5730094"></trkpt>
      <trkpt lat="25.0158303" lon="121.5729926"></trkpt>
      <trkpt lat="25.0159749" lon="121.5729624"></trkpt>
      <trkpt lat="25.0160915" lon="121.5729665"></trkpt>
      <trkpt lat="25.0163429" lon="121.5729276"></trkpt>
      <trkpt lat="25.0164450" lon="121.5728946"></trkpt>
      <trkpt lat="25.0165282" lon="121.5728362"></trkpt>
      <trkpt lat="25.0166430" lon="121.5727834"></trkpt>
      <trkpt lat="25.0168593" lon="121.5726662"></trkpt>
      <trkpt lat="25.0170270" lon="121.5725526"></trkpt>
      <trkpt lat="25.0171545" lon="121.5725474"></trkpt>
      <trkpt lat="25.0172139" lon="121.5725331"></trkpt>
      <trkpt lat="25.0172524" lon="121.5725058"></trkpt>
      <trkpt lat="25.0173979" lon="121.5723814"></trkpt>
      <trkpt lat="25.0176530" lon="121.5721352"></trkpt>
      <trkpt lat="25.0178800" lon="121.5719497"></trkpt>
      <trkpt lat="25.0179941" lon="121.5716563"></trkpt>
      <trkpt lat="25.0180824" lon="121.5714375"></trkpt>
      <trkpt lat="25.0186085" lon="121.5712776"></trkpt>
      <trkpt lat="25.0186700" lon="121.5711892"></trkpt>
      <trkpt lat="25.0187797" lon="121.5710145"></trkpt>
      <trkpt lat="25.0188379" lon="121.5709347"></trkpt>
      <trkpt lat="25.0190203" lon="121.5706825"></trkpt>
      <trkpt lat="25.0191061" lon="121.5706230"></trkpt>
      <trkpt lat="25.0191986" lon="121.5705940"></trkpt>
      <trkpt lat="25.0195063" lon="121.5704976"></trkpt>
      <trkpt lat="25.0195414" lon="121.5704808"></trkpt>
      <trkpt lat="25.0196715" lon="121.5704186"></trkpt>
      <trkpt lat="25.0197739" lon="121.5703672"></trkpt>
      <trkpt lat="25.0198909" lon="121.5703103"></trkpt>
      <trkpt lat="25.0200738" lon="121.5701497"></trkpt>
      <trkpt lat="25.0202196" lon="121.5700028"></trkpt>
      <trkpt lat="25.0203694" lon="121.5698910"></trkpt>
      <trkpt lat="25.0204160" lon="121.5698636"></trkpt>
      <trkpt lat="25.0204707" lon="121.5698315"></trkpt>
      <trkpt lat="25.0207185" lon="121.5696696"></trkpt>
      <trkpt lat="25.0208194" lon="121.5695940"></trkpt>
      <trkpt lat="25.0210183" lon="121.5694540"></trkpt>
      <trkpt lat="25.0211530" lon="121.5694148"></trkpt>
      <trkpt lat="25.0212265" lon="121.5694279"></trkpt>
      <trkpt lat="25.0213354" lon="121.5694472"></trkpt>
      <trkpt lat="25.0213945" lon="121.5694398"></trkpt>
      <trkpt lat="25.0214318" lon="121.5694125"></trkpt>
      <trkpt lat="25.0216002" lon="121.5692652"></trkpt>
      <trkpt lat="25.0217262" lon="121.5690962"></trkpt>
      <trkpt lat="25.0218917" lon="121.5688914"></trkpt>
      <trkpt lat="25.0221441" lon="121.5690393"></trkpt>
      <trkpt lat="25.0223957" lon="121.5691852"></trkpt>
      <trkpt lat="25.0227464" lon="121.5685079"></trkpt>
      <trkpt lat="25.0227567" lon="121.5684489"></trkpt>
      <trkpt lat="25.0228551" lon="121.5684498"></trkpt>
      <trkpt lat="25.0230028" lon="121.5683728"></trkpt>
      <trkpt lat="25.0231441" lon="121.5683139"></trkpt>
      <trkpt lat="25.0232285" lon="121.5682540"></trkpt>
      <trkpt lat="25.0233575" lon="121.5682218"></trkpt>
      <trkpt lat="25.0234887" lon="121.5682835"></trkpt>
      <trkpt lat="25.0237141" lon="121.5684684"></trkpt>
      <trkpt lat="25.0239851" lon="121.5686219"></trkpt>
      <trkpt lat="25.0242117" lon="121.5681979"></trkpt>
      <trkpt lat="25.0242573" lon="121.5681126"></trkpt>
      <trkpt lat="25.0242635" lon="121.5681035"></trkpt>
      <trkpt lat="25.0243519" lon="121.5679740"></trkpt>
      <trkpt lat="25.0244943" lon="121.5678459"></trkpt>
      <trkpt lat="25.0246922" lon="121.5676327"></trkpt>
      <trkpt lat="25.0247100" lon="121.5676049"></trkpt>
      <trkpt lat="25.0248015" lon="121.5674720"></trkpt>
      <trkpt lat="25.0248470" lon="121.5674084"></trkpt>
      <trkpt lat="25.0248546" lon="121.5673986"></trkpt>
      <trkpt lat="25.0253021" lon="121.5668134"></trkpt>
      <trkpt lat="25.0253308" lon="121.5667922"></trkpt>
      <trkpt lat="25.0254551" lon="121.5667134"></trkpt>
      <trkpt lat="25.0257716" lon="121.5664718"></trkpt>
      <trkpt lat="25.0261158" lon="121.5662188"></trkpt>
      <trkpt lat="25.0262105" lon="121.5661485"></trkpt>
      <trkpt lat="25.0265113" lon="121.5659114"></trkpt>
      <trkpt lat="25.0265080" lon="121.5654029"></trkpt>
      <trkpt lat="25.0264856" lon="121.5646597"></trkpt>
      <trkpt lat="25.0264801" lon="121.5643154"></trkpt>
      <trkpt lat="25.0264785" lon="121.5642189"></trkpt>
      <trkpt lat="25.0267174" lon="121.5639868"></trkpt>
      <trkpt lat="25.0267609" lon="121.5639445"></trkpt>
      <trkpt lat="25.0267226" lon="121.5638946"></trkpt>
      <trkpt lat="25.0265881" lon="121.5637200"></trkpt>
      <trkpt lat="25.0262817" lon="121.5633588"></trkpt>
      <trkpt lat="25.0262476" lon="121.5633207"></trkpt>
      <trkpt lat="25.0259834" lon="121.5630258"></trkpt>
      <trkpt lat="25.0259490" lon="121.5629876"></trkpt>
      <trkpt lat="25.0258450" lon="121.5628723"></trkpt>
      <trkpt lat="25.0257088" lon="121.5626802"></trkpt>
      <trkpt lat="25.0255759" lon="121.5625188"></trkpt>
      <trkpt lat="25.0256728" lon="121.5623641"></trkpt>
      <trkpt lat="25.0259696" lon="121.5620846"></trkpt>
      <trkpt lat="25.0260729" lon="121.5619784"></trkpt>
      <trkpt lat="25.0260821" lon="121.5617089"></trkpt>
      <trkpt lat="25.0260113" lon="121.5616169"></trkpt>
      <trkpt lat="25.0262287" lon="121.5614208"></trkpt>
      <trkpt lat="25.0262865" lon="121.5613687"></trkpt>
      <trkpt lat="25.0260797" lon="121.5610997"></trkpt>
      <trkpt lat="25.0259779" lon="121.5609662"></trkpt>
      <trkpt lat="25.0259577" lon="121.5609363"></trkpt>
      <trkpt lat="25.0258696" lon="121.5608541"></trkpt>
      <trkpt lat="25.0259019" lon="121.5607736"></trkpt>
      <trkpt lat="25.0259120" lon="121.5606868"></trkpt>
      <trkpt lat="25.0259174" lon="121.5602597"></trkpt>
      <trkpt lat="25.0259516" lon="121.5594685"></trkpt>
      <trkpt lat="25.0259509" lon="121.5593989"></trkpt>
      <trkpt lat="25.0259512" lon="121.5591136"></trkpt>
      <trkpt lat="25.0259606" lon="121.5588646"></trkpt>
      <trkpt lat="25.0259806" lon="121.5583583"></trkpt>
      <trkpt lat="25.0260252" lon="121.5579026"></trkpt>
      <trkpt lat="25.0260503" lon="121.5578206"></trkpt>
      <trkpt lat="25.0260963" lon="121.5576702"></trkpt>
      <trkpt lat="25.0261004" lon="121.5576403"></trkpt>
      <trkpt lat="25.0261227" lon="121.5574772"></trkpt>
      <trkpt lat="25.0259953" lon="121.5573724"></trkpt>
      <trkpt lat="25.0259764" lon="121.5573506"></trkpt>
      <trkpt lat="25.0256570" lon="121.5567829"></trkpt>
      <trkpt lat="25.0254447" lon="121.5565893"></trkpt>
      <trkpt lat="25.0253780" lon="121.5565339"></trkpt>
      <trkpt lat="25.0252772" lon="121.5564513"></trkpt>
      <trkpt lat="25.0248510" lon="121.5561531"></trkpt>
      <trkpt lat="25.0247861" lon="121.5561048"></trkpt>
      <trkpt lat="25.0247387" lon="121.5560518"></trkpt>
      <trkpt lat="25.0246343" lon="121.5559849"></trkpt>
      <trkpt lat="25.0245287" lon="121.5559362"></trkpt>
      <trkpt lat="25.0244234" lon="121.5559020"></trkpt>
      <trkpt lat="25.0241207" lon="121.5558335"></trkpt>
      <trkpt lat="25.0240442" lon="121.5558100"></trkpt>
      <trkpt lat="25.0240306" lon="121.5558606"></trkpt>
      <trkpt lat="25.0238868" lon="121.5561978"></trkpt>
      <trkpt lat="25.0238581" lon="121.5562615"></trkpt>
      <trkpt lat="25.0237956" lon="121.5562442"></trkpt>
      <trkpt lat="25.0232457" lon="121.5562913"></trkpt>
      <trkpt lat="25.0231313" lon="121.5562991"></trkpt>
      <trkpt lat="25.0227184" lon="121.5563673"></trkpt>
      <trkpt lat="25.0224982" lon="121.5564036"></trkpt>
      <trkpt lat="25.0222120" lon="121.5564404"></trkpt>
      <trkpt lat="25.0217518" lon="121.5564996"></trkpt>
      <trkpt lat="25.0216559" lon="121.5565119"></trkpt>
      <trkpt lat="25.0212494" lon="121.5565601"></trkpt>
      <trkpt lat="25.0210923" lon="121.5565742"></trkpt>
      <trkpt lat="25.0208427" lon="121.5566108"></trkpt>
      <trkpt lat="25.0206156" lon="121.5566240"></trkpt>
      <trkpt lat="25.0203779" lon="121.5566568"></trkpt>
      <trkpt lat="25.0203018" lon="121.5567391"></trkpt>
      <trkpt lat="25.0201942" lon="121.5568555"></trkpt>
      <trkpt lat="25.0196468" lon="121.5574471"></trkpt>
      <trkpt lat="25.0196264" lon="121.5574693"></trkpt>
      <trkpt lat="25.0195609" lon="121.5575401"></trkpt>
      <trkpt lat="25.0194015" lon="121.5577124"></trkpt>
      <trkpt lat="25.0191256" lon="121.5580109"></trkpt>
      <trkpt lat="25.0188340" lon="121.5583221"></trkpt>
      <trkpt lat="25.0188193" lon="121.5583378"></trkpt>
      <trkpt lat="25.0187178" lon="121.5584479"></trkpt>
      <trkpt lat="25.0186924" lon="121.5584646"></trkpt>
      <trkpt lat="25.0186681" lon="121.5584714"></trkpt>
      <trkpt lat="25.0186276" lon="121.5584697"></trkpt>
      <trkpt lat="25.0185951" lon="121.5584599"></trkpt>
      <trkpt lat="25.0185511" lon="121.5584416"></trkpt>
      <trkpt lat="25.0185214" lon="121.5584196"></trkpt>
      <trkpt lat="25.0184877" lon="121.5583818"></trkpt>
      <trkpt lat="25.0184364" lon="121.5584173"></trkpt>
      <trkpt lat="25.0182896" lon="121.5585731"></trkpt>
      <trkpt lat="25.0181740" lon="121.5586928"></trkpt>
      <trkpt lat="25.0181503" lon="121.5587803"></trkpt>
      <trkpt lat="25.0181631" lon="121.5589134"></trkpt>
      <trkpt lat="25.0181613" lon="121.5589760"></trkpt>
      <trkpt lat="25.0181571" lon="121.5590186"></trkpt>
      <trkpt lat="25.0181064" lon="121.5591070"></trkpt>
      <trkpt lat="25.0180399" lon="121.5591937"></trkpt>
      <trkpt lat="25.0180173" lon="121.5592232"></trkpt>
      <trkpt lat="25.0177957" lon="121.5595236"></trkpt>
      <trkpt lat="25.0173561" lon="121.5599099"></trkpt>
      <trkpt lat="25.0171714" lon="121.5600601"></trkpt>
      <trkpt lat="25.0170656" lon="121.5601233"></trkpt>
      <trkpt lat="25.0169332" lon="121.5601780"></trkpt>
      <trkpt lat="25.0167415" lon="121.5602304"></trkpt>
      <trkpt lat="25.0166501" lon="121.5602529"></trkpt>
      <trkpt lat="25.0165703" lon="121.5602677"></trkpt>
      <trkpt lat="25.0164055" lon="121.5602842"></trkpt>
      <trkpt lat="25.0163355" lon="121.5603649"></trkpt>
      <trkpt lat="25.0160157" lon="121.5606621"></trkpt>
      <trkpt lat="25.0158520" lon="121.5608286"></trkpt>
      <trkpt lat="25.0157672" lon="121.5608954"></trkpt>
      <trkpt lat="25.0157245" lon="121.5609380"></trkpt>
      <trkpt lat="25.0156825" lon="121.5609796"></trkpt>
      <trkpt lat="25.0154134" lon="121.5612136"></trkpt>
      <trkpt lat="25.0153500" lon="121.5612923"></trkpt>
      <trkpt lat="25.0153083" lon="121.5613439"></trkpt>
      <trkpt lat="25.0150689" lon="121.5616533"></trkpt>
      <trkpt lat="25.0150192" lon="121.5617232"></trkpt>
      <trkpt lat="25.0148624" lon="121.5619134"></trkpt>
      <trkpt lat="25.0146624" lon="121.5620791"></trkpt>
      <trkpt lat="25.0143245" lon="121.5622830"></trkpt>
      <trkpt lat="25.0141675" lon="121.5623770"></trkpt>
      <trkpt lat="25.0139210" lon="121.5625170"></trkpt>
      <trkpt lat="25.0136951" lon="121.5626393"></trkpt>
      <trkpt lat="25.0136531" lon="121.5626745"></trkpt>
      <trkpt lat="25.0136115" lon="121.5627268"></trkpt>
      <trkpt lat="25.0135441" lon="121.5628123"></trkpt>
      <trkpt lat="25.0133367" lon="121.5631137"></trkpt>
      <trkpt lat="25.0133029" lon="121.5631600"></trkpt>
      <trkpt lat="25.0132689" lon="121.5632155"></trkpt>
      <trkpt lat="25.0132879" lon="121.5633029"></trkpt>
      <trkpt lat="25.0133140" lon="121.5634863"></trkpt>
      <trkpt lat="25.0133198" lon="121.5636808"></trkpt>
      <trkpt lat="25.0133066" lon="121.5637865"></trkpt>
      <trkpt lat="25.0132590" lon="121.5639460"></trkpt>
      <trkpt lat="25.0131505" lon="121.5640983"></trkpt>
      <trkpt lat="25.0128440" lon="121.5644151"></trkpt>
      <trkpt lat="25.0127413" lon="121.5645153"></trkpt>
      <trkpt lat="25.0126107" lon="121.5646702"></trkpt>
      <trkpt lat="25.0124263" lon="121.5647890"></trkpt>
      <trkpt lat="25.0123683" lon="121.5648331"></trkpt>
      <trkpt lat="25.0122114" lon="121.5649103"></trkpt>
      <trkpt lat="25.0121591" lon="121.5649491"></trkpt>
      <trkpt lat="25.0121424" lon="121.5649990"></trkpt>
      <trkpt lat="25.0121388" lon="121.5650900"></trkpt>
      <trkpt lat="25.0121495" lon="121.5652488"></trkpt>
      <trkpt lat="25.0120847" lon="121.5653595"></trkpt>
      <trkpt lat="25.0120045" lon="121.5655527"></trkpt>
      <trkpt lat="25.0119436" lon="121.5657195"></trkpt>
      <trkpt lat="25.0119280" lon="121.5658802"></trkpt>
      <trkpt lat="25.0119537" lon="121.5660297"></trkpt>
      <trkpt lat="25.0119422" lon="121.5661722"></trkpt>
      <trkpt lat="25.0119194" lon="121.5663235"></trkpt>
      <trkpt lat="25.0119243" lon="121.5663895"></trkpt>
      <trkpt lat="25.0119676" lon="121.5665051"></trkpt>
      <trkpt lat="25.0120096" lon="121.5665963"></trkpt>
      <trkpt lat="25.0120876" lon="121.5667498"></trkpt>
      <trkpt lat="25.0121065" lon="121.5668618"></trkpt>
      <trkpt lat="25.0120937" lon="121.5670375"></trkpt>
      <trkpt lat="25.0120990" lon="121.5671197"></trkpt>
      <trkpt lat="25.0121089" lon="121.5671597"></trkpt>
      <trkpt lat="25.0122694" lon="121.5671474"></trkpt>
      <trkpt lat="25.0122998" lon="121.5670983"></trkpt>
      <trkpt lat="25.0122974" lon="121.5670024"></trkpt>
      <trkpt lat="25.0122974" lon="121.5669655"></trkpt>
      <trkpt lat="25.0122895" lon="121.5667296"></trkpt>
      <trkpt lat="25.0122646" lon="121.5665974"></trkpt>
      <trkpt lat="25.0122822" lon="121.5665585"></trkpt>
      <trkpt lat="25.0122853" lon="121.5665122"></trkpt>
      <trkpt lat="25.0123137" lon="121.5664178"></trkpt>
      <trkpt lat="25.0123661" lon="121.5663553"></trkpt>
      <trkpt lat="25.0123673" lon="121.5662158"></trkpt>
      <trkpt lat="25.0124025" lon="121.5660751"></trkpt>
      <trkpt lat="25.0124104" lon="121.5660262"></trkpt>
      <trkpt lat="25.0125683" lon="121.5659663"></trkpt>
      <trkpt lat="25.0125673" lon="121.5658656"></trkpt>
      <trkpt lat="25.0125830" lon="121.5656546"></trkpt>
      <trkpt lat="25.0126040" lon="121.5655500"></trkpt>
      <trkpt lat="25.0126024" lon="121.5652518"></trkpt>
      <trkpt lat="25.0126341" lon="121.5651778"></trkpt>
      <trkpt lat="25.0127036" lon="121.5650591"></trkpt>
      <trkpt lat="25.0128841" lon="121.5648915"></trkpt>
      <trkpt lat="25.0129938" lon="121.5647500"></trkpt>
      <trkpt lat="25.0132681" lon="121.5644447"></trkpt>
      <trkpt lat="25.0133883" lon="121.5643744"></trkpt>
      <trkpt lat="25.0135514" lon="121.5642670"></trkpt>
      <trkpt lat="25.0136172" lon="121.5641727"></trkpt>
      <trkpt lat="25.0136540" lon="121.5640742"></trkpt>
      <trkpt lat="25.0139214" lon="121.5642485"></trkpt>
      <trkpt lat="25.0140852" lon="121.5646101"></trkpt>
      <trkpt lat="25.0142435" lon="121.5646915"></trkpt>
      <trkpt lat="25.0140852" lon="121.5646101"></trkpt>
      <trkpt lat="25.0139214" lon="121.5642485"></trkpt>
      <trkpt lat="25.0136540" lon="121.5640742"></trkpt>
      <trkpt lat="25.0133843" lon="121.5638029"></trkpt>
      <trkpt lat="25.0133857" lon="121.5636201"></trkpt>
      <trkpt lat="25.0133596" lon="121.5634169"></trkpt>
      <trkpt lat="25.0133292" lon="121.5632506"></trkpt>
      <trkpt lat="25.0133029" lon="121.5631600"></trkpt>
      <trkpt lat="25.0133367" lon="121.5631137"></trkpt>
      <trkpt lat="25.0135441" lon="121.5628123"></trkpt>
      <trkpt lat="25.0136115" lon="121.5627268"></trkpt>
      <trkpt lat="25.0136531" lon="121.5626745"></trkpt>
      <trkpt lat="25.0136951" lon="121.5626393"></trkpt>
      <trkpt lat="25.0139210" lon="121.5625170"></trkpt>
      <trkpt lat="25.0141675" lon="121.5623770"></trkpt>
      <trkpt lat="25.0143245" lon="121.5622830"></trkpt>
      <trkpt lat="25.0146624" lon="121.5620791"></trkpt>
      <trkpt lat="25.0148624" lon="121.5619134"></trkpt>
      <trkpt lat="25.0150192" lon="121.5617232"></trkpt>
      <trkpt lat="25.0150689" lon="121.5616533"></trkpt>
      <trkpt lat="25.0153083" lon="121.5613439"></trkpt>
      <trkpt lat="25.0153500" lon="121.5612923"></trkpt>
      <trkpt lat="25.0154134" lon="121.5612136"></trkpt>
      <trkpt lat="25.0156825" lon="121.5609796"></trkpt>
      <trkpt lat="25.0157245" lon="121.5609380"></trkpt>
      <trkpt lat="25.0157672" lon="121.5608954"></trkpt>
      <trkpt lat="25.0158520" lon="121.5608286"></trkpt>
      <trkpt lat="25.0160157" lon="121.5606621"></trkpt>
      <trkpt lat="25.0163910" lon="121.5604866"></trkpt>
      <trkpt lat="25.0168676" lon="121.5603108"></trkpt>
      <trkpt lat="25.0170596" lon="121.5602304"></trkpt>
      <trkpt lat="25.0171609" lon="121.5601721"></trkpt>
      <trkpt lat="25.0173057" lon="121.5603331"></trkpt>
      <trkpt lat="25.0173324" lon="121.5603820"></trkpt>
      <trkpt lat="25.0173626" lon="121.5604204"></trkpt>
      <trkpt lat="25.0174631" lon="121.5604390"></trkpt>
      <trkpt lat="25.0175206" lon="121.5604332"></trkpt>
      <trkpt lat="25.0176779" lon="121.5603748"></trkpt>
      <trkpt lat="25.0183583" lon="121.5601140"></trkpt>
      <trkpt lat="25.0187699" lon="121.5599562"></trkpt>
      <trkpt lat="25.0190110" lon="121.5598637"></trkpt>
      <trkpt lat="25.0191213" lon="121.5598214"></trkpt>
      <trkpt lat="25.0191535" lon="121.5597919"></trkpt>
      <trkpt lat="25.0191801" lon="121.5597580"></trkpt>
      <trkpt lat="25.0191569" lon="121.5596649"></trkpt>
      <trkpt lat="25.0192586" lon="121.5596102"></trkpt>
      <trkpt lat="25.0193812" lon="121.5595718"></trkpt>
      <trkpt lat="25.0196637" lon="121.5596358"></trkpt>
      <trkpt lat="25.0198855" lon="121.5596003"></trkpt>
      <trkpt lat="25.0201012" lon="121.5595071"></trkpt>
      <trkpt lat="25.0202233" lon="121.5594903"></trkpt>
      <trkpt lat="25.0203771" lon="121.5595058"></trkpt>
      <trkpt lat="25.0205618" lon="121.5595621"></trkpt>
      <trkpt lat="25.0206651" lon="121.5595634"></trkpt>
      <trkpt lat="25.0208362" lon="121.5595323"></trkpt>
      <trkpt lat="25.0211818" lon="121.5593842"></trkpt>
      <trkpt lat="25.0212268" lon="121.5593398"></trkpt>
      <trkpt lat="25.0212603" lon="121.5592922"></trkpt>
      <trkpt lat="25.0213535" lon="121.5592108"></trkpt>
      <trkpt lat="25.0214461" lon="121.5592696"></trkpt>
      <trkpt lat="25.0215828" lon="121.5591476"></trkpt>
      <trkpt lat="25.0219893" lon="121.5589966"></trkpt>
      <trkpt lat="25.0220323" lon="121.5589702"></trkpt>
      <trkpt lat="25.0221475" lon="121.5588991"></trkpt>
      <trkpt lat="25.0223306" lon="121.5587307"></trkpt>
      <trkpt lat="25.0225088" lon="121.5585614"></trkpt>
      <trkpt lat="25.0225884" lon="121.5584341"></trkpt>
      <trkpt lat="25.0226285" lon="121.5583187"></trkpt>
      <trkpt lat="25.0226608" lon="121.5582081"></trkpt>
      <trkpt lat="25.0226887" lon="121.5581558"></trkpt>
      <trkpt lat="25.0227264" lon="121.5581076"></trkpt>
      <trkpt lat="25.0229094" lon="121.5579490"></trkpt>
      <trkpt lat="25.0230131" lon="121.5580087"></trkpt>
      <trkpt lat="25.0233185" lon="121.5581820"></trkpt>
      <trkpt lat="25.0233158" lon="121.5583186"></trkpt>
      <trkpt lat="25.0233089" lon="121.5584435"></trkpt>
      <trkpt lat="25.0232874" lon="121.5585492"></trkpt>
      <trkpt lat="25.0232621" lon="121.5586197"></trkpt>
      <trkpt lat="25.0232349" lon="121.5586741"></trkpt>
      <trkpt lat="25.0231882" lon="121.5587137"></trkpt>
      <trkpt lat="25.0231005" lon="121.5587760"></trkpt>
      <trkpt lat="25.0229768" lon="121.5588731"></trkpt>
      <trkpt lat="25.0228051" lon="121.5589861"></trkpt>
      <trkpt lat="25.0227539" lon="121.5590573"></trkpt>
      <trkpt lat="25.0226583" lon="121.5592675"></trkpt>
      <trkpt lat="25.0225808" lon="121.5593609"></trkpt>
      <trkpt lat="25.0224993" lon="121.5594592"></trkpt>
      <trkpt lat="25.0224335" lon="121.5596471"></trkpt>
      <trkpt lat="25.0223454" lon="121.5597630"></trkpt>
      <trkpt lat="25.0221467" lon="121.5599043"></trkpt>
      <trkpt lat="25.0220225" lon="121.5599468"></trkpt>
      <trkpt lat="25.0219934" lon="121.5599518"></trkpt>
      <trkpt lat="25.0219194" lon="121.5599789"></trkpt>
      <trkpt lat="25.0218497" lon="121.5600352"></trkpt>
      <trkpt lat="25.0218251" lon="121.5601459"></trkpt>
      <trkpt lat="25.0218144" lon="121.5602618"></trkpt>
      <trkpt lat="25.0218186" lon="121.5603910"></trkpt>
      <trkpt lat="25.0217914" lon="121.5605049"></trkpt>
      <trkpt lat="25.0217393" lon="121.5605751"></trkpt>
      <trkpt lat="25.0216742" lon="121.5606969"></trkpt>
      <trkpt lat="25.0216449" lon="121.5607901"></trkpt>
      <trkpt lat="25.0216554" lon="121.5608834"></trkpt>
      <trkpt lat="25.0216605" lon="121.5609433"></trkpt>
      <trkpt lat="25.0216547" lon="121.5609739"></trkpt>
      <trkpt lat="25.0216389" lon="121.5610066"></trkpt>
      <trkpt lat="25.0215883" lon="121.5610717"></trkpt>
      <trkpt lat="25.0213453" lon="121.5611741"></trkpt>
      <trkpt lat="25.0212077" lon="121.5612110"></trkpt>
      <trkpt lat="25.0210048" lon="121.5611882"></trkpt>
      <trkpt lat="25.0209392" lon="121.5612151"></trkpt>
      <trkpt lat="25.0208666" lon="121.5613032"></trkpt>
      <trkpt lat="25.0207999" lon="121.5613843"></trkpt>
      <trkpt lat="25.0207505" lon="121.5614252"></trkpt>
      <trkpt lat="25.0206747" lon="121.5614612"></trkpt>
      <trkpt lat="25.0204972" lon="121.5614850"></trkpt>
      <trkpt lat="25.0203332" lon="121.5615029"></trkpt>
      <trkpt lat="25.0202198" lon="121.5614636"></trkpt>
      <trkpt lat="25.0201519" lon="121.5614095"></trkpt>
      <trkpt lat="25.0200930" lon="121.5613804"></trkpt>
      <trkpt lat="25.0200174" lon="121.5613662"></trkpt>
      <trkpt lat="25.0199601" lon="121.5613748"></trkpt>
      <trkpt lat="25.0198529" lon="121.5614203"></trkpt>
      <trkpt lat="25.0195649" lon="121.5615427"></trkpt>
      <trkpt lat="25.0195172" lon="121.5615515"></trkpt>
      <trkpt lat="25.0194812" lon="121.5615475"></trkpt>
      <trkpt lat="25.0191822" lon="121.5614877"></trkpt>
      <trkpt lat="25.0190865" lon="121.5614593"></trkpt>
      <trkpt lat="25.0189098" lon="121.5614328"></trkpt>
      <trkpt lat="25.0186770" lon="121.5614527"></trkpt>
      <trkpt lat="25.0185639" lon="121.5614440"></trkpt>
      <trkpt lat="25.0181877" lon="121.5613525"></trkpt>
      <trkpt lat="25.0180824" lon="121.5613648"></trkpt>
      <trkpt lat="25.0179865" lon="121.5613906"></trkpt>
      <trkpt lat="25.0179392" lon="121.5614246"></trkpt>
      <trkpt lat="25.0179299" lon="121.5614950"></trkpt>
      <trkpt lat="25.0179325" lon="121.5615718"></trkpt>
      <trkpt lat="25.0179530" lon="121.5616535"></trkpt>
      <trkpt lat="25.0179898" lon="121.5617514"></trkpt>
      <trkpt lat="25.0180684" lon="121.5618858"></trkpt>
      <trkpt lat="25.0180898" lon="121.5619497"></trkpt>
      <trkpt lat="25.0180971" lon="121.5620244"></trkpt>
      <trkpt lat="25.0180722" lon="121.5620982"></trkpt>
      <trkpt lat="25.0179955" lon="121.5622602"></trkpt>
      <trkpt lat="25.0179911" lon="121.5623166"></trkpt>
      <trkpt lat="25.0179884" lon="121.5623463"></trkpt>
      <trkpt lat="25.0180182" lon="121.5625229"></trkpt>
      <trkpt lat="25.0180535" lon="121.5626204"></trkpt>
      <trkpt lat="25.0181023" lon="121.5626968"></trkpt>
      <trkpt lat="25.0181628" lon="121.5627754"></trkpt>
      <trkpt lat="25.0181986" lon="121.5628614"></trkpt>
      <trkpt lat="25.0182100" lon="121.5629056"></trkpt>
      <trkpt lat="25.0182010" lon="121.5630633"></trkpt>
      <trkpt lat="25.0182087" lon="121.5631230"></trkpt>
      <trkpt lat="25.0182478" lon="121.5631877"></trkpt>
      <trkpt lat="25.0183671" lon="121.5633337"></trkpt>
      <trkpt lat="25.0183774" lon="121.5633629"></trkpt>
      <trkpt lat="25.0183903" lon="121.5634236"></trkpt>
      <trkpt lat="25.0183727" lon="121.5634901"></trkpt>
      <trkpt lat="25.0183371" lon="121.5635582"></trkpt>
      <trkpt lat="25.0182486" lon="121.5636568"></trkpt>
      <trkpt lat="25.0181617" lon="121.5637220"></trkpt>
      <trkpt lat="25.0180495" lon="121.5637533"></trkpt>
      <trkpt lat="25.0178956" lon="121.5637517"></trkpt>
      <trkpt lat="25.0175826" lon="121.5637384"></trkpt>
      <trkpt lat="25.0175253" lon="121.5637415"></trkpt>
      <trkpt lat="25.0174690" lon="121.5637830"></trkpt>
      <trkpt lat="25.0174370" lon="121.5638529"></trkpt>
      <trkpt lat="25.0173879" lon="121.5639744"></trkpt>
      <trkpt lat="25.0173422" lon="121.5640648"></trkpt>
      <trkpt lat="25.0173879" lon="121.5639744"></trkpt>
      <trkpt lat="25.0174370" lon="121.5638529"></trkpt>
      <trkpt lat="25.0174690" lon="121.5637830"></trkpt>
      <trkpt lat="25.0175253" lon="121.5637415"></trkpt>
      <trkpt lat="25.0175826" lon="121.5637384"></trkpt>
      <trkpt lat="25.0178956" lon="121.5637517"></trkpt>
      <trkpt lat="25.0180495" lon="121.5637533"></trkpt>
      <trkpt lat="25.0181617" lon="121.5637220"></trkpt>
      <trkpt lat="25.0182486" lon="121.5636568"></trkpt>
      <trkpt lat="25.0183371" lon="121.5635582"></trkpt>
      <trkpt lat="25.0183727" lon="121.5634901"></trkpt>
      <trkpt lat="25.0183903" lon="121.5634236"></trkpt>
      <trkpt lat="25.0183774" lon="121.5633629"></trkpt>
      <trkpt lat="25.0183671" lon="121.5633337"></trkpt>
      <trkpt lat="25.0182478" lon="121.5631877"></trkpt>
      <trkpt lat="25.0182087" lon="121.5631230"></trkpt>
      <trkpt lat="25.0182010" lon="121.5630633"></trkpt>
      <trkpt lat="25.0182100" lon="121.5629056"></trkpt>
      <trkpt lat="25.0181986" lon="121.5628614"></trkpt>
      <trkpt lat="25.0181628" lon="121.5627754"></trkpt>
      <trkpt lat="25.0181023" lon="121.5626968"></trkpt>
      <trkpt lat="25.0180535" lon="121.5626204"></trkpt>
      <trkpt lat="25.0180182" lon="121.5625229"></trkpt>
      <trkpt lat="25.0179884" lon="121.5623463"></trkpt>
      <trkpt lat="25.0179911" lon="121.5623166"></trkpt>
      <trkpt lat="25.0179955" lon="121.5622602"></trkpt>
      <trkpt lat="25.0180722" lon="121.5620982"></trkpt>
      <trkpt lat="25.0180971" lon="121.5620244"></trkpt>
      <trkpt lat="25.0180898" lon="121.5619497"></trkpt>
      <trkpt lat="25.0180684" lon="121.5618858"></trkpt>
      <trkpt lat="25.0179898" lon="121.5617514"></trkpt>
      <trkpt lat="25.0179530" lon="121.5616535"></trkpt>
      <trkpt lat="25.0179325" lon="121.5615718"></trkpt>
      <trkpt lat="25.0179299" lon="121.5614950"></trkpt>
      <trkpt lat="25.0179392" lon="121.5614246"></trkpt>
      <trkpt lat="25.0179865" lon="121.5613906"></trkpt>
      <trkpt lat="25.0180824" lon="121.5613648"></trkpt>
      <trkpt lat="25.0181877" lon="121.5613525"></trkpt>
      <trkpt lat="25.0185639" lon="121.5614440"></trkpt>
      <trkpt lat="25.0186770" lon="121.5614527"></trkpt>
      <trkpt lat="25.0189098" lon="121.5614328"></trkpt>
      <trkpt lat="25.0190865" lon="121.5614593"></trkpt>
      <trkpt lat="25.0191822" lon="121.5614877"></trkpt>
      <trkpt lat="25.0194812" lon="121.5615475"></trkpt>
      <trkpt lat="25.0195172" lon="121.5615515"></trkpt>
      <trkpt lat="25.0195649" lon="121.5615427"></trkpt>
      <trkpt lat="25.0198529" lon="121.5614203"></trkpt>
      <trkpt lat="25.0199601" lon="121.5613748"></trkpt>
      <trkpt lat="25.0200174" lon="121.5613662"></trkpt>
      <trkpt lat="25.0200930" lon="121.5613804"></trkpt>
      <trkpt lat="25.0201519" lon="121.5614095"></trkpt>
      <trkpt lat="25.0202198" lon="121.5614636"></trkpt>
      <trkpt lat="25.0203332" lon="121.5615029"></trkpt>
      <trkpt lat="25.0204972" lon="121.5614850"></trkpt>
      <trkpt lat="25.0206747" lon="121.5614612"></trkpt>
      <trkpt lat="25.0207505" lon="121.5614252"></trkpt>
      <trkpt lat="25.0207999" lon="121.5613843"></trkpt>
      <trkpt lat="25.0208666" lon="121.5613032"></trkpt>
      <trkpt lat="25.0209392" lon="121.5612151"></trkpt>
      <trkpt lat="25.0210048" lon="121.5611882"></trkpt>
      <trkpt lat="25.0212077" lon="121.5612110"></trkpt>
      <trkpt lat="25.0213453" lon="121.5611741"></trkpt>
      <trkpt lat="25.0215883" lon="121.5610717"></trkpt>
      <trkpt lat="25.0216389" lon="121.5610066"></trkpt>
      <trkpt lat="25.0216547" lon="121.5609739"></trkpt>
      <trkpt lat="25.0216605" lon="121.5609433"></trkpt>
      <trkpt lat="25.0216554" lon="121.5608834"></trkpt>
      <trkpt lat="25.0216449" lon="121.5607901"></trkpt>
      <trkpt lat="25.0216742" lon="121.5606969"></trkpt>
      <trkpt lat="25.0217393" lon="121.5605751"></trkpt>
      <trkpt lat="25.0217914" lon="121.5605049"></trkpt>
      <trkpt lat="25.0218186" lon="121.5603910"></trkpt>
      <trkpt lat="25.0218144" lon="121.5602618"></trkpt>
      <trkpt lat="25.0218251" lon="121.5601459"></trkpt>
      <trkpt lat="25.0218497" lon="121.5600352"></trkpt>
      <trkpt lat="25.0219194" lon="121.5599789"></trkpt>
      <trkpt lat="25.0219934" lon="121.5599518"></trkpt>
      <trkpt lat="25.0220225" lon="121.5599468"></trkpt>
      <trkpt lat="25.0221467" lon="121.5599043"></trkpt>
      <trkpt lat="25.0223454" lon="121.5597630"></trkpt>
      <trkpt lat="25.0224335" lon="121.5596471"></trkpt>
      <trkpt lat="25.0224993" lon="121.5594592"></trkpt>
      <trkpt lat="25.0225808" lon="121.5593609"></trkpt>
      <trkpt lat="25.0226583" lon="121.5592675"></trkpt>
      <trkpt lat="25.0227539" lon="121.5590573"></trkpt>
      <trkpt lat="25.0228051" lon="121.5589861"></trkpt>
      <trkpt lat="25.0229768" lon="121.5588731"></trkpt>
      <trkpt lat="25.0231005" lon="121.5587760"></trkpt>
      <trkpt lat="25.0231882" lon="121.5587137"></trkpt>
      <trkpt lat="25.0232349" lon="121.5586741"></trkpt>
      <trkpt lat="25.0232621" lon="121.5586197"></trkpt>
      <trkpt lat="25.0232874" lon="121.5585492"></trkpt>
      <trkpt lat="25.0233089" lon="121.5584435"></trkpt>
      <trkpt lat="25.0233158" lon="121.5583186"></trkpt>
      <trkpt lat="25.0233185" lon="121.5581820"></trkpt>
      <trkpt lat="25.0233418" lon="121.5577587"></trkpt>
      <trkpt lat="25.0233520" lon="121.5576243"></trkpt>
      <trkpt lat="25.0233570" lon="121.5575423"></trkpt>
      <trkpt lat="25.0233728" lon="121.5572881"></trkpt>
      <trkpt lat="25.0233893" lon="121.5572201"></trkpt>
      <trkpt lat="25.0234259" lon="121.5571593"></trkpt>
      <trkpt lat="25.0235988" lon="121.5568995"></trkpt>
      <trkpt lat="25.0236137" lon="121.5568434"></trkpt>
      <trkpt lat="25.0237896" lon="121.5569591"></trkpt>
      <trkpt lat="25.0238427" lon="121.5569742"></trkpt>
      <trkpt lat="25.0238949" lon="121.5569596"></trkpt>
      <trkpt lat="25.0240504" lon="121.5569102"></trkpt>
      <trkpt lat="25.0241215" lon="121.5568398"></trkpt>
      <trkpt lat="25.0241378" lon="121.5568237"></trkpt>
      <trkpt lat="25.0242755" lon="121.5567536"></trkpt>
      <trkpt lat="25.0243856" lon="121.5567096"></trkpt>
      <trkpt lat="25.0245363" lon="121.5567666"></trkpt>
      <trkpt lat="25.0246020" lon="121.5565878"></trkpt>
      <trkpt lat="25.0247547" lon="121.5561717"></trkpt>
      <trkpt lat="25.0247861" lon="121.5561048"></trkpt>
      <trkpt lat="25.0248510" lon="121.5561531"></trkpt>
      <trkpt lat="25.0252772" lon="121.5564513"></trkpt>
      <trkpt lat="25.0253780" lon="121.5565339"></trkpt>
      <trkpt lat="25.0254447" lon="121.5565893"></trkpt>
      <trkpt lat="25.0256570" lon="121.5567829"></trkpt>
      <trkpt lat="25.0259764" lon="121.5573506"></trkpt>
      <trkpt lat="25.0259953" lon="121.5573724"></trkpt>
      <trkpt lat="25.0261227" lon="121.5574772"></trkpt>
      <trkpt lat="25.0261004" lon="121.5576403"></trkpt>
      <trkpt lat="25.0260963" lon="121.5576702"></trkpt>
      <trkpt lat="25.0260503" lon="121.5578206"></trkpt>
      <trkpt lat="25.0260252" lon="121.5579026"></trkpt>
      <trkpt lat="25.0259806" lon="121.5583583"></trkpt>
      <trkpt lat="25.0259606" lon="121.5588646"></trkpt>
      <trkpt lat="25.0259512" lon="121.5591136"></trkpt>
      <trkpt lat="25.0259509" lon="121.5593989"></trkpt>
      <trkpt lat="25.0259516" lon="121.5594685"></trkpt>
      <trkpt lat="25.0259174" lon="121.5602597"></trkpt>
      <trkpt lat="25.0259120" lon="121.5606868"></trkpt>
      <trkpt lat="25.0259019" lon="121.5607736"></trkpt>
      <trkpt lat="25.0258696" lon="121.5608541"></trkpt>
      <trkpt lat="25.0259577" lon="121.5609363"></trkpt>
      <trkpt lat="25.0259779" lon="121.5609662"></trkpt>
      <trkpt lat="25.0260797" lon="121.5610997"></trkpt>
      <trkpt lat="25.0262865" lon="121.5613687"></trkpt>
      <trkpt lat="25.0263585" lon="121.5614567"></trkpt>
      <trkpt lat="25.0264936" lon="121.5616302"></trkpt>
      <trkpt lat="25.0265371" lon="121.5616885"></trkpt>
      <trkpt lat="25.0266209" lon="121.5617923"></trkpt>
      <trkpt lat="25.0269473" lon="121.5622091"></trkpt>
      <trkpt lat="25.0270350" lon="121.5623188"></trkpt>
      <trkpt lat="25.0274284" lon="121.5628231"></trkpt>
      <trkpt lat="25.0274657" lon="121.5628712"></trkpt>
      <trkpt lat="25.0276397" lon="121.5630959"></trkpt>
      <trkpt lat="25.0276978" lon="121.5631711"></trkpt>
      <trkpt lat="25.0276428" lon="121.5632125"></trkpt>
      <trkpt lat="25.0270799" lon="121.5636797"></trkpt>
      <trkpt lat="25.0268074" lon="121.5639059"></trkpt>
      <trkpt lat="25.0267609" lon="121.5639445"></trkpt>
      <trkpt lat="25.0267174" lon="121.5639868"></trkpt>
      <trkpt lat="25.0264785" lon="121.5642189"></trkpt>
      <trkpt lat="25.0264801" lon="121.5643154"></trkpt>
      <trkpt lat="25.0264856" lon="121.5646597"></trkpt>
      <trkpt lat="25.0265080" lon="121.5654029"></trkpt>
      <trkpt lat="25.0265113" lon="121.5659114"></trkpt>
      <trkpt lat="25.0262105" lon="121.5661485"></trkpt>
      <trkpt lat="25.0261158" lon="121.5662188"></trkpt>
      <trkpt lat="25.0257716" lon="121.5664718"></trkpt>
      <trkpt lat="25.0254551" lon="121.5667134"></trkpt>
      <trkpt lat="25.0253308" lon="121.5667922"></trkpt>
      <trkpt lat="25.0253021" lon="121.5668134"></trkpt>
      <trkpt lat="25.0248546" lon="121.5673986"></trkpt>
      <trkpt lat="25.0248470" lon="121.5674084"></trkpt>
      <trkpt lat="25.0248015" lon="121.5674720"></trkpt>
      <trkpt lat="25.0247100" lon="121.5676049"></trkpt>
      <trkpt lat="25.0246922" lon="121.5676327"></trkpt>
      <trkpt lat="25.0244943" lon="121.5678459"></trkpt>
      <trkpt lat="25.0243519" lon="121.5679740"></trkpt>
      <trkpt lat="25.0242635" lon="121.5681035"></trkpt>
      <trkpt lat="25.0242573" lon="121.5681126"></trkpt>
      <trkpt lat="25.0242105" lon="121.5680637"></trkpt>
      <trkpt lat="25.0240189" lon="121.5678637"></trkpt>
      <trkpt lat="25.0238848" lon="121.5677256"></trkpt>
      <trkpt lat="25.0238094" lon="121.5676613"></trkpt>
      <trkpt lat="25.0237413" lon="121.5676077"></trkpt>
      <trkpt lat="25.0236223" lon="121.5676157"></trkpt>
      <trkpt lat="25.0234182" lon="121.5678303"></trkpt>
      <trkpt lat="25.0232693" lon="121.5678866"></trkpt>
      <trkpt lat="25.0231924" lon="121.5678942"></trkpt>
      <trkpt lat="25.0231064" lon="121.5678839"></trkpt>
      <trkpt lat="25.0230411" lon="121.5678567"></trkpt>
      <trkpt lat="25.0229776" lon="121.5678195"></trkpt>
      <trkpt lat="25.0228582" lon="121.5677200"></trkpt>
      <trkpt lat="25.0228114" lon="121.5676810"></trkpt>
      <trkpt lat="25.0227275" lon="121.5676298"></trkpt>
      <trkpt lat="25.0226832" lon="121.5676100"></trkpt>
      <trkpt lat="25.0226245" lon="121.5675962"></trkpt>
      <trkpt lat="25.0225483" lon="121.5675911"></trkpt>
      <trkpt lat="25.0224939" lon="121.5675972"></trkpt>
      <trkpt lat="25.0224359" lon="121.5676139"></trkpt>
      <trkpt lat="25.0223716" lon="121.5676459"></trkpt>
      <trkpt lat="25.0223016" lon="121.5676904"></trkpt>
      <trkpt lat="25.0222591" lon="121.5677279"></trkpt>
      <trkpt lat="25.0222116" lon="121.5677922"></trkpt>
      <trkpt lat="25.0221810" lon="121.5678584"></trkpt>
      <trkpt lat="25.0221795" lon="121.5678875"></trkpt>
      <trkpt lat="25.0221983" lon="121.5679573"></trkpt>
      <trkpt lat="25.0221997" lon="121.5680101"></trkpt>
      <trkpt lat="25.0221864" lon="121.5680619"></trkpt>
      <trkpt lat="25.0221997" lon="121.5680101"></trkpt>
      <trkpt lat="25.0221983" lon="121.5679573"></trkpt>
      <trkpt lat="25.0221795" lon="121.5678875"></trkpt>
      <trkpt lat="25.0221810" lon="121.5678584"></trkpt>
      <trkpt lat="25.0222116" lon="121.5677922"></trkpt>
      <trkpt lat="25.0222591" lon="121.5677279"></trkpt>
      <trkpt lat="25.0223016" lon="121.5676904"></trkpt>
      <trkpt lat="25.0223716" lon="121.5676459"></trkpt>
      <trkpt lat="25.0224359" lon="121.5676139"></trkpt>
      <trkpt lat="25.0224939" lon="121.5675972"></trkpt>
      <trkpt lat="25.0225483" lon="121.5675911"></trkpt>
      <trkpt lat="25.0226245" lon="121.5675962"></trkpt>
      <trkpt lat="25.0226832" lon="121.5676100"></trkpt>
      <trkpt lat="25.0227275" lon="121.5676298"></trkpt>
      <trkpt lat="25.0228114" lon="121.5676810"></trkpt>
      <trkpt lat="25.0228582" lon="121.5677200"></trkpt>
      <trkpt lat="25.0229776" lon="121.5678195"></trkpt>
      <trkpt lat="25.0230411" lon="121.5678567"></trkpt>
      <trkpt lat="25.0231064" lon="121.5678839"></trkpt>
      <trkpt lat="25.0231924" lon="121.5678942"></trkpt>
      <trkpt lat="25.0232693" lon="121.5678866"></trkpt>
      <trkpt lat="25.0234182" lon="121.5678303"></trkpt>
      <trkpt lat="25.0236223" lon="121.5676157"></trkpt>
      <trkpt lat="25.0237413" lon="121.5676077"></trkpt>
      <trkpt lat="25.0238094" lon="121.5676613"></trkpt>
      <trkpt lat="25.0238848" lon="121.5677256"></trkpt>
      <trkpt lat="25.0240189" lon="121.5678637"></trkpt>
      <trkpt lat="25.0242105" lon="121.5680637"></trkpt>
      <trkpt lat="25.0242573" lon="121.5681126"></trkpt>
      <trkpt lat="25.0242635" lon="121.5681035"></trkpt>
      <trkpt lat="25.0243519" lon="121.5679740"></trkpt>
      <trkpt lat="25.0244943" lon="121.5678459"></trkpt>
      <trkpt lat="25.0246922" lon="121.5676327"></trkpt>
      <trkpt lat="25.0247100" lon="121.5676049"></trkpt>
      <trkpt lat="25.0248015" lon="121.5674720"></trkpt>
      <trkpt lat="25.0248470" lon="121.5674084"></trkpt>
      <trkpt lat="25.0248546" lon="121.5673986"></trkpt>
      <trkpt lat="25.0253021" lon="121.5668134"></trkpt>
      <trkpt lat="25.0253308" lon="121.5667922"></trkpt>
      <trkpt lat="25.0254551" lon="121.5667134"></trkpt>
      <trkpt lat="25.0257716" lon="121.5664718"></trkpt>
      <trkpt lat="25.0259277" lon="121.5667753"></trkpt>
      <trkpt lat="25.0265193" lon="121.5663631"></trkpt>
      <trkpt lat="25.0266407" lon="121.5665951"></trkpt>
      <trkpt lat="25.0268450" lon="121.5662451"></trkpt>
      <trkpt lat="25.0270265" lon="121.5662996"></trkpt>
      <trkpt lat="25.0272627" lon="121.5663866"></trkpt>
      <trkpt lat="25.0272119" lon="121.5665530"></trkpt>
      <trkpt lat="25.0272836" lon="121.5665827"></trkpt>
      <trkpt lat="25.0276070" lon="121.5667166"></trkpt>
      <trkpt lat="25.0279559" lon="121.5668267"></trkpt>
      <trkpt lat="25.0281703" lon="121.5668944"></trkpt>
      <trkpt lat="25.0285389" lon="121.5670107"></trkpt>
      <trkpt lat="25.0285476" lon="121.5667702"></trkpt>
      <trkpt lat="25.0295552" lon="121.5663178"></trkpt>
      <trkpt lat="25.0300710" lon="121.5663934"></trkpt>
      <trkpt lat="25.0304091" lon="121.5664513"></trkpt>
      <trkpt lat="25.0304560" lon="121.5664486"></trkpt>
      <trkpt lat="25.0305309" lon="121.5664126"></trkpt>
      <trkpt lat="25.0306648" lon="121.5664149"></trkpt>
      <trkpt lat="25.0308023" lon="121.5664172"></trkpt>
      <trkpt lat="25.0309823" lon="121.5664202"></trkpt>
      <trkpt lat="25.0312118" lon="121.5664241"></trkpt>
      <trkpt lat="25.0314754" lon="121.5664285"></trkpt>
      <trkpt lat="25.0318736" lon="121.5664335"></trkpt>
      <trkpt lat="25.0319480" lon="121.5664364"></trkpt>
      <trkpt lat="25.0319994" lon="121.5664362"></trkpt>
      <trkpt lat="25.0327692" lon="121.5664502"></trkpt>
      <trkpt lat="25.0327777" lon="121.5655379"></trkpt>
      <trkpt lat="25.0328421" lon="121.5655396"></trkpt>
      <trkpt lat="25.0329550" lon="121.5655425"></trkpt>
      <trkpt lat="25.0330739" lon="121.5655458"></trkpt>
      <trkpt lat="25.0331182" lon="121.5655487"></trkpt>
      <trkpt lat="25.0338437" lon="121.5655627"></trkpt>
      <trkpt lat="25.0338993" lon="121.5655731"></trkpt>
      <trkpt lat="25.0340149" lon="121.5655753"></trkpt>
      <trkpt lat="25.0340610" lon="121.5655750"></trkpt>
      <trkpt lat="25.0341133" lon="121.5655779"></trkpt>
      <trkpt lat="25.0347921" lon="121.5655934"></trkpt>
      <trkpt lat="25.0348661" lon="121.5655951"></trkpt>
      <trkpt lat="25.0348639" lon="121.5657236"></trkpt>
      <trkpt lat="25.0350009" lon="121.5657267"></trkpt>
      <trkpt lat="25.0357546" lon="121.5657423"></trkpt>
      <trkpt lat="25.0357539" lon="121.5663030"></trkpt>
      <trkpt lat="25.0357522" lon="121.5663948"></trkpt>
      <trkpt lat="25.0351053" lon="121.5663825"></trkpt>
      <trkpt lat="25.0357522" lon="121.5663948"></trkpt>
      <trkpt lat="25.0358534" lon="121.5663989"></trkpt>
      <trkpt lat="25.0358493" lon="121.5666275"></trkpt>
      <trkpt lat="25.0358441" lon="121.5669154"></trkpt>
      <trkpt lat="25.0359547" lon="121.5669186"></trkpt>
      <trkpt lat="25.0364596" lon="121.5669284"></trkpt>
      <trkpt lat="25.0374539" lon="121.5669492"></trkpt>
      <trkpt lat="25.0374514" lon="121.5670910"></trkpt>
      <trkpt lat="25.0389847" lon="121.5671301"></trkpt>
      <trkpt lat="25.0390068" lon="121.5671307"></trkpt>
      <trkpt lat="25.0390997" lon="121.5671331"></trkpt>
      <trkpt lat="25.0392027" lon="121.5671359"></trkpt>
      <trkpt lat="25.0392070" lon="121.5669888"></trkpt>
      <trkpt lat="25.0392204" lon="121.5666418"></trkpt>
      <trkpt lat="25.0392370" lon="121.5661872"></trkpt>
      <trkpt lat="25.0393693" lon="121.5661895"></trkpt>
      <trkpt lat="25.0396832" lon="121.5661960"></trkpt>
      <trkpt lat="25.0397150" lon="121.5661973"></trkpt>
      <trkpt lat="25.0399320" lon="121.5661969"></trkpt>
      <trkpt lat="25.0399561" lon="121.5661976"></trkpt>
      <trkpt lat="25.0400426" lon="121.5661999"></trkpt>
      <trkpt lat="25.0400781" lon="121.5662010"></trkpt>
      <trkpt lat="25.0400789" lon="121.5661196"></trkpt>
      <trkpt lat="25.0402331" lon="121.5661230"></trkpt>
      <trkpt lat="25.0408179" lon="121.5661359"></trkpt>
      <trkpt lat="25.0409401" lon="121.5661386"></trkpt>
      <trkpt lat="25.0409756" lon="121.5661394"></trkpt>
      <trkpt lat="25.0409798" lon="121.5660107"></trkpt>
      <trkpt lat="25.0409899" lon="121.5659942"></trkpt>
      <trkpt lat="25.0410550" lon="121.5659962"></trkpt>
      <trkpt lat="25.0411719" lon="121.5660004"></trkpt>
      <trkpt lat="25.0412493" lon="121.5660019"></trkpt>
      <trkpt lat="25.0412539" lon="121.5658614"></trkpt>
      <trkpt lat="25.0412678" lon="121.5653595"></trkpt>
      <trkpt lat="25.0412685" lon="121.5653354"></trkpt>
      <trkpt lat="25.0412794" lon="121.5648395"></trkpt>
      <trkpt lat="25.0413253" lon="121.5647995"></trkpt>
      <trkpt lat="25.0413502" lon="121.5647414"></trkpt>
      <trkpt lat="25.0415420" lon="121.5648564"></trkpt>
      <trkpt lat="25.0417182" lon="121.5649666"></trkpt>
      <trkpt lat="25.0426500" lon="121.5654947"></trkpt>
      <trkpt lat="25.0431788" lon="121.5657980"></trkpt>
      <trkpt lat="25.0432163" lon="121.5658195"></trkpt>
      <trkpt lat="25.0433495" lon="121.5658952"></trkpt>
      <trkpt lat="25.0434582" lon="121.5659580"></trkpt>
      <trkpt lat="25.0435592" lon="121.5660201"></trkpt>
      <trkpt lat="25.0435806" lon="121.5660327"></trkpt>
      <trkpt lat="25.0453691" lon="121.5671040"></trkpt>
      <trkpt lat="25.0453999" lon="121.5671225"></trkpt>
      <trkpt lat="25.0454300" lon="121.5671405"></trkpt>
      <trkpt lat="25.0455531" lon="121.5672206"></trkpt>
      <trkpt lat="25.0455849" lon="121.5672413"></trkpt>
      <trkpt lat="25.0456627" lon="121.5672918"></trkpt>
      <trkpt lat="25.0458103" lon="121.5673934"></trkpt>
      <trkpt lat="25.0458252" lon="121.5672993"></trkpt>
      <trkpt lat="25.0458603" lon="121.5671248"></trkpt>
      <trkpt lat="25.0458857" lon="121.5670263"></trkpt>
      <trkpt lat="25.0459471" lon="121.5669396"></trkpt>
      <trkpt lat="25.0470142" lon="121.5664515"></trkpt>
      <trkpt lat="25.0471123" lon="121.5664066"></trkpt>
      <trkpt lat="25.0471568" lon="121.5663863"></trkpt>
      <trkpt lat="25.0474021" lon="121.5662806"></trkpt>
      <trkpt lat="25.0478346" lon="121.5660842"></trkpt>
      <trkpt lat="25.0480613" lon="121.5659793"></trkpt>
      <trkpt lat="25.0480968" lon="121.5659628"></trkpt>
      <trkpt lat="25.0481416" lon="121.5659421"></trkpt>
      <trkpt lat="25.0482416" lon="121.5658839"></trkpt>
      <trkpt lat="25.0483567" lon="121.5658228"></trkpt>
      <trkpt lat="25.0484433" lon="121.5657176"></trkpt>
      <trkpt lat="25.0484809" lon="121.5656983"></trkpt>
      <trkpt lat="25.0485115" lon="121.5656825"></trkpt>
      <trkpt lat="25.0487916" lon="121.5655502"></trkpt>
      <trkpt lat="25.0488206" lon="121.5655365"></trkpt>
      <trkpt lat="25.0488482" lon="121.5655235"></trkpt>
      <trkpt lat="25.0489631" lon="121.5655097"></trkpt>
      <trkpt lat="25.0489781" lon="121.5656653"></trkpt>
      <trkpt lat="25.0489810" lon="121.5656978"></trkpt>
      <trkpt lat="25.0489848" lon="121.5657417"></trkpt>
      <trkpt lat="25.0490166" lon="121.5661020"></trkpt>
      <trkpt lat="25.0490234" lon="121.5661805"></trkpt>
      <trkpt lat="25.0490317" lon="121.5662448"></trkpt>
      <trkpt lat="25.0491160" lon="121.5662298"></trkpt>
      <trkpt lat="25.0491482" lon="121.5662257"></trkpt>
      <trkpt lat="25.0496086" lon="121.5661667"></trkpt>
      <trkpt lat="25.0498735" lon="121.5661318"></trkpt>
      <trkpt lat="25.0501432" lon="121.5660996"></trkpt>
      <trkpt lat="25.0506751" lon="121.5661224"></trkpt>
      <trkpt lat="25.0507069" lon="121.5661238"></trkpt>
      <trkpt lat="25.0511676" lon="121.5661476"></trkpt>
      <trkpt lat="25.0512085" lon="121.5661497"></trkpt>
      <trkpt lat="25.0512901" lon="121.5661553"></trkpt>
      <trkpt lat="25.0514330" lon="121.5661576"></trkpt>
      <trkpt lat="25.0515656" lon="121.5661598"></trkpt>
      <trkpt lat="25.0515853" lon="121.5661602"></trkpt>
      <trkpt lat="25.0519524" lon="121.5661662"></trkpt>
      <trkpt lat="25.0524111" lon="121.5661737"></trkpt>
      <trkpt lat="25.0519524" lon="121.5661662"></trkpt>
      <trkpt lat="25.0515853" lon="121.5661602"></trkpt>
      <trkpt lat="25.0515656" lon="121.5661598"></trkpt>
      <trkpt lat="25.0515659" lon="121.5660978"></trkpt>
      <trkpt lat="25.0515235" lon="121.5660680"></trkpt>
      <trkpt lat="25.0515266" lon="121.5656300"></trkpt>
      <trkpt lat="25.0515331" lon="121.5652314"></trkpt>
      <trkpt lat="25.0515384" lon="121.5650952"></trkpt>
      <trkpt lat="25.0515498" lon="121.5641059"></trkpt>
      <trkpt lat="25.0514739" lon="121.5641030"></trkpt>
      <trkpt lat="25.0514777" lon="121.5640141"></trkpt>
      <trkpt lat="25.0514866" lon="121.5638016"></trkpt>
      <trkpt lat="25.0514928" lon="121.5636658"></trkpt>
      <trkpt lat="25.0515199" lon="121.5622990"></trkpt>
      <trkpt lat="25.0515394" lon="121.5622019"></trkpt>
      <trkpt lat="25.0515463" lon="121.5620027"></trkpt>
      <trkpt lat="25.0516194" lon="121.5620041"></trkpt>
      <trkpt lat="25.0520626" lon="121.5620128"></trkpt>
      <trkpt lat="25.0525238" lon="121.5620219"></trkpt>
      <trkpt lat="25.0525277" lon="121.5608017"></trkpt>
      <trkpt lat="25.0525675" lon="121.5591975"></trkpt>
      <trkpt lat="25.0526047" lon="121.5580624"></trkpt>
      <trkpt lat="25.0526273" lon="121.5571154"></trkpt>
      <trkpt lat="25.0526286" lon="121.5570623"></trkpt>
      <trkpt lat="25.0526345" lon="121.5569551"></trkpt>
      <trkpt lat="25.0526416" lon="121.5568898"></trkpt>
      <trkpt lat="25.0526473" lon="121.5564093"></trkpt>
      <trkpt lat="25.0526800" lon="121.5551198"></trkpt>
      <trkpt lat="25.0522001" lon="121.5551121"></trkpt>
      <trkpt lat="25.0518187" lon="121.5551170"></trkpt>
      <trkpt lat="25.0518000" lon="121.5551172"></trkpt>
      <trkpt lat="25.0517751" lon="121.5551175"></trkpt>
      <trkpt lat="25.0517733" lon="121.5550248"></trkpt>
      <trkpt lat="25.0517750" lon="121.5548892"></trkpt>
      <trkpt lat="25.0516952" lon="121.5548840"></trkpt>
      <trkpt lat="25.0517142" lon="121.5537114"></trkpt>
      <trkpt lat="25.0517297" lon="121.5529829"></trkpt>
      <trkpt lat="25.0517304" lon="121.5529446"></trkpt>
      <trkpt lat="25.0517322" lon="121.5528562"></trkpt>
      <trkpt lat="25.0517288" lon="121.5526396"></trkpt>
      <trkpt lat="25.0518465" lon="121.5526100"></trkpt>
      <trkpt lat="25.0518525" lon="121.5525158"></trkpt>
      <trkpt lat="25.0518133" lon="121.5524801"></trkpt>
      <trkpt lat="25.0518597" lon="121.5511453"></trkpt>
      <trkpt lat="25.0518664" lon="121.5504091"></trkpt>
      <trkpt lat="25.0518764" lon="121.5499278"></trkpt>
      <trkpt lat="25.0518848" lon="121.5498513"></trkpt>
      <trkpt lat="25.0518960" lon="121.5493608"></trkpt>
      <trkpt lat="25.0518218" lon="121.5493593"></trkpt>
      <trkpt lat="25.0518140" lon="121.5491960"></trkpt>
      <trkpt lat="25.0519246" lon="121.5491975"></trkpt>
      <trkpt lat="25.0538233" lon="121.5492141"></trkpt>
      <trkpt lat="25.0541316" lon="121.5492168"></trkpt>
      <trkpt lat="25.0541912" lon="121.5492173"></trkpt>
      <trkpt lat="25.0542307" lon="121.5492176"></trkpt>
      <trkpt lat="25.0543058" lon="121.5492183"></trkpt>
      <trkpt lat="25.0545345" lon="121.5492214"></trkpt>
      <trkpt lat="25.0555910" lon="121.5492386"></trkpt>
      <trkpt lat="25.0556647" lon="121.5492398"></trkpt>
      <trkpt lat="25.0557573" lon="121.5492384"></trkpt>
      <trkpt lat="25.0572111" lon="121.5492602"></trkpt>
      <trkpt lat="25.0573562" lon="121.5492605"></trkpt>
      <trkpt lat="25.0575005" lon="121.5492629"></trkpt>
      <trkpt lat="25.0575505" lon="121.5492634"></trkpt>
      <trkpt lat="25.0575838" lon="121.5492638"></trkpt>
      <trkpt lat="25.0575889" lon="121.5491949"></trkpt>
      <trkpt lat="25.0575924" lon="121.5491469"></trkpt>
      <trkpt lat="25.0575815" lon="121.5491025"></trkpt>
      <trkpt lat="25.0575597" lon="121.5490132"></trkpt>
      <trkpt lat="25.0575421" lon="121.5489412"></trkpt>
      <trkpt lat="25.0575225" lon="121.5488613"></trkpt>
      <trkpt lat="25.0575234" lon="121.5488083"></trkpt>
      <trkpt lat="25.0575242" lon="121.5487629"></trkpt>
      <trkpt lat="25.0575274" lon="121.5485816"></trkpt>
      <trkpt lat="25.0575168" lon="121.5485494"></trkpt>
      <trkpt lat="25.0574748" lon="121.5485137"></trkpt>
      <trkpt lat="25.0569135" lon="121.5480745"></trkpt>
      <trkpt lat="25.0566782" lon="121.5478780"></trkpt>
      <trkpt lat="25.0566554" lon="121.5478590"></trkpt>
      <trkpt lat="25.0566819" lon="121.5478214"></trkpt>
      <trkpt lat="25.0567211" lon="121.5477612"></trkpt>
      <trkpt lat="25.0570077" lon="121.5473214"></trkpt>
      <trkpt lat="25.0570282" lon="121.5462073"></trkpt>
      <trkpt lat="25.0570486" lon="121.5448168"></trkpt>
      <trkpt lat="25.0570553" lon="121.5442674"></trkpt>
      <trkpt lat="25.0570560" lon="121.5442156"></trkpt>
      <trkpt lat="25.0575079" lon="121.5442239"></trkpt>
      <trkpt lat="25.0575055" lon="121.5442189"></trkpt>
      <trkpt lat="25.0575026" lon="121.5440754"></trkpt>
      <trkpt lat="25.0575018" lon="121.5440318"></trkpt>
      <trkpt lat="25.0562527" lon="121.5440101"></trkpt>
      <trkpt lat="25.0562164" lon="121.5440061"></trkpt>
      <trkpt lat="25.0561466" lon="121.5440029"></trkpt>
      <trkpt lat="25.0560306" lon="121.5440010"></trkpt>
      <trkpt lat="25.0559743" lon="121.5440107"></trkpt>
      <trkpt lat="25.0559673" lon="121.5439775"></trkpt>
      <trkpt lat="25.0559545" lon="121.5438956"></trkpt>
      <trkpt lat="25.0559781" lon="121.5422530"></trkpt>
      <trkpt lat="25.0559811" lon="121.5421600"></trkpt>
      <trkpt lat="25.0559348" lon="121.5421589"></trkpt>
      <trkpt lat="25.0553812" lon="121.5421457"></trkpt>
      <trkpt lat="25.0550440" lon="121.5421400"></trkpt>
      <trkpt lat="25.0547071" lon="121.5421362"></trkpt>
      <trkpt lat="25.0546054" lon="121.5421340"></trkpt>
      <trkpt lat="25.0545285" lon="121.5421305"></trkpt>
      <trkpt lat="25.0542024" lon="121.5421296"></trkpt>
      <trkpt lat="25.0539004" lon="121.5421174"></trkpt>
      <trkpt lat="25.0538850" lon="121.5425750"></trkpt>
      <trkpt lat="25.0536303" lon="121.5425696"></trkpt>
      <trkpt lat="25.0533482" lon="121.5425649"></trkpt>
      <trkpt lat="25.0533476" lon="121.5430558"></trkpt>
      <trkpt lat="25.0533435" lon="121.5433142"></trkpt>
      <trkpt lat="25.0533414" lon="121.5434472"></trkpt>
      <trkpt lat="25.0533208" lon="121.5434801"></trkpt>
      <trkpt lat="25.0533123" lon="121.5439177"></trkpt>
      <trkpt lat="25.0533127" lon="121.5439630"></trkpt>
      <trkpt lat="25.0521526" lon="121.5439158"></trkpt>
      <trkpt lat="25.0520197" lon="121.5438840"></trkpt>
      <trkpt lat="25.0519301" lon="121.5438808"></trkpt>
      <trkpt lat="25.0518186" lon="121.5438804"></trkpt>
      <trkpt lat="25.0517767" lon="121.5438803"></trkpt>
      <trkpt lat="25.0516813" lon="121.5438885"></trkpt>
      <trkpt lat="25.0507277" lon="121.5438619"></trkpt>
      <trkpt lat="25.0507041" lon="121.5438613"></trkpt>
      <trkpt lat="25.0507045" lon="121.5438364"></trkpt>
      <trkpt lat="25.0507085" lon="121.5436213"></trkpt>
      <trkpt lat="25.0507121" lon="121.5434252"></trkpt>
      <trkpt lat="25.0507146" lon="121.5431186"></trkpt>
      <trkpt lat="25.0504006" lon="121.5425636"></trkpt>
      <trkpt lat="25.0502807" lon="121.5423416"></trkpt>
      <trkpt lat="25.0502158" lon="121.5422784"></trkpt>
      <trkpt lat="25.0501613" lon="121.5421881"></trkpt>
      <trkpt lat="25.0499565" lon="121.5421834"></trkpt>
      <trkpt lat="25.0499088" lon="121.5421829"></trkpt>
      <trkpt lat="25.0495318" lon="121.5421788"></trkpt>
      <trkpt lat="25.0491578" lon="121.5421628"></trkpt>
      <trkpt lat="25.0487803" lon="121.5421582"></trkpt>
      <trkpt lat="25.0483501" lon="121.5421486"></trkpt>
      <trkpt lat="25.0482776" lon="121.5421469"></trkpt>
      <trkpt lat="25.0481856" lon="121.5421403"></trkpt>
      <trkpt lat="25.0477474" lon="121.5421332"></trkpt>
      <trkpt lat="25.0475068" lon="121.5421347"></trkpt>
      <trkpt lat="25.0472639" lon="121.5421819"></trkpt>
      <trkpt lat="25.0472245" lon="121.5421903"></trkpt>
      <trkpt lat="25.0471397" lon="121.5422136"></trkpt>
      <trkpt lat="25.0471589" lon="121.5423217"></trkpt>
      <trkpt lat="25.0471686" lon="121.5423620"></trkpt>
      <trkpt lat="25.0471814" lon="121.5424153"></trkpt>
      <trkpt lat="25.0472662" lon="121.5427172"></trkpt>
      <trkpt lat="25.0471807" lon="121.5427416"></trkpt>
      <trkpt lat="25.0471169" lon="121.5427598"></trkpt>
      <trkpt lat="25.0464617" lon="121.5429471"></trkpt>
      <trkpt lat="25.0457094" lon="121.5432487"></trkpt>
      <trkpt lat="25.0455711" lon="121.5433037"></trkpt>
      <trkpt lat="25.0455654" lon="121.5436355"></trkpt>
      <trkpt lat="25.0455645" lon="121.5436891"></trkpt>
      <trkpt lat="25.0455630" lon="121.5437365"></trkpt>
      <trkpt lat="25.0450205" lon="121.5437395"></trkpt>
      <trkpt lat="25.0449479" lon="121.5436780"></trkpt>
      <trkpt lat="25.0447253" lon="121.5436721"></trkpt>
      <trkpt lat="25.0446690" lon="121.5436698"></trkpt>
      <trkpt lat="25.0446340" lon="121.5436965"></trkpt>
      <trkpt lat="25.0442993" lon="121.5436967"></trkpt>
      <trkpt lat="25.0437228" lon="121.5436833"></trkpt>
      <trkpt lat="25.0431399" lon="121.5436663"></trkpt>
      <trkpt lat="25.0430964" lon="121.5436651"></trkpt>
      <trkpt lat="25.0430962" lon="121.5436307"></trkpt>
      <trkpt lat="25.0430953" lon="121.5434545"></trkpt>
      <trkpt lat="25.0430955" lon="121.5433437"></trkpt>
      <trkpt lat="25.0430961" lon="121.5430575"></trkpt>
      <trkpt lat="25.0430608" lon="121.5430579"></trkpt>
      <trkpt lat="25.0427011" lon="121.5430499"></trkpt>
      <trkpt lat="25.0426642" lon="121.5430583"></trkpt>
      <trkpt lat="25.0425831" lon="121.5430858"></trkpt>
      <trkpt lat="25.0426642" lon="121.5430583"></trkpt>
      <trkpt lat="25.0427011" lon="121.5430499"></trkpt>
      <trkpt lat="25.0430608" lon="121.5430579"></trkpt>
      <trkpt lat="25.0430961" lon="121.5430575"></trkpt>
      <trkpt lat="25.0430955" lon="121.5433437"></trkpt>
      <trkpt lat="25.0430953" lon="121.5434545"></trkpt>
      <trkpt lat="25.0429477" lon="121.5435903"></trkpt>
      <trkpt lat="25.0428999" lon="121.5436342"></trkpt>
      <trkpt lat="25.0428602" lon="121.5436643"></trkpt>
      <trkpt lat="25.0427751" lon="121.5436255"></trkpt>
      <trkpt lat="25.0418459" lon="121.5436062"></trkpt>
      <trkpt lat="25.0417924" lon="121.5435532"></trkpt>
      <trkpt lat="25.0416959" lon="121.5435485"></trkpt>
      <trkpt lat="25.0415598" lon="121.5435460"></trkpt>
      <trkpt lat="25.0414731" lon="121.5435434"></trkpt>
      <trkpt lat="25.0414422" lon="121.5435997"></trkpt>
      <trkpt lat="25.0413738" lon="121.5436009"></trkpt>
      <trkpt lat="25.0406494" lon="121.5435828"></trkpt>
      <trkpt lat="25.0398244" lon="121.5435501"></trkpt>
      <trkpt lat="25.0398362" lon="121.5430344"></trkpt>
      <trkpt lat="25.0398244" lon="121.5435501"></trkpt>
      <trkpt lat="25.0398239" lon="121.5435739"></trkpt>
      <trkpt lat="25.0397451" lon="121.5435698"></trkpt>
      <trkpt lat="25.0390359" lon="121.5435662"></trkpt>
      <trkpt lat="25.0382550" lon="121.5435509"></trkpt>
      <trkpt lat="25.0382010" lon="121.5435287"></trkpt>
      <trkpt lat="25.0381605" lon="121.5435289"></trkpt>
      <trkpt lat="25.0380474" lon="121.5435263"></trkpt>
      <trkpt lat="25.0380253" lon="121.5435267"></trkpt>
      <trkpt lat="25.0379144" lon="121.5435235"></trkpt>
      <trkpt lat="25.0378789" lon="121.5435228"></trkpt>
      <trkpt lat="25.0377911" lon="121.5435212"></trkpt>
      <trkpt lat="25.0377193" lon="121.5435218"></trkpt>
      <trkpt lat="25.0376831" lon="121.5435378"></trkpt>
      <trkpt lat="25.0371569" lon="121.5435260"></trkpt>
      <trkpt lat="25.0362110" lon="121.5435049"></trkpt>
      <trkpt lat="25.0361646" lon="121.5434924"></trkpt>
      <trkpt lat="25.0360918" lon="121.5434903"></trkpt>
      <trkpt lat="25.0360415" lon="121.5434888"></trkpt>
      <trkpt lat="25.0360070" lon="121.5435056"></trkpt>
      <trkpt lat="25.0352247" lon="121.5434913"></trkpt>
      <trkpt lat="25.0350872" lon="121.5434888"></trkpt>
      <trkpt lat="25.0349917" lon="121.5434870"></trkpt>
      <trkpt lat="25.0343387" lon="121.5434749"></trkpt>
      <trkpt lat="25.0339232" lon="121.5434658"></trkpt>
      <trkpt lat="25.0336090" lon="121.5434612"></trkpt>
      <trkpt lat="25.0335042" lon="121.5433968"></trkpt>
      <trkpt lat="25.0334749" lon="121.5433965"></trkpt>
      <trkpt lat="25.0333985" lon="121.5433953"></trkpt>
      <trkpt lat="25.0333007" lon="121.5433902"></trkpt>
      <trkpt lat="25.0332577" lon="121.5433896"></trkpt>
      <trkpt lat="25.0331847" lon="121.5434569"></trkpt>
      <trkpt lat="25.0331456" lon="121.5434562"></trkpt>
      <trkpt lat="25.0327403" lon="121.5434463"></trkpt>
      <trkpt lat="25.0318926" lon="121.5434277"></trkpt>
      <trkpt lat="25.0311181" lon="121.5434182"></trkpt>
      <trkpt lat="25.0310835" lon="121.5434175"></trkpt>
      <trkpt lat="25.0310074" lon="121.5434153"></trkpt>
      <trkpt lat="25.0302770" lon="121.5433937"></trkpt>
      <trkpt lat="25.0299494" lon="121.5433874"></trkpt>
      <trkpt lat="25.0298578" lon="121.5433856"></trkpt>
      <trkpt lat="25.0297624" lon="121.5433830"></trkpt>
      <trkpt lat="25.0292655" lon="121.5433693"></trkpt>
      <trkpt lat="25.0291832" lon="121.5433669"></trkpt>
      <trkpt lat="25.0284777" lon="121.5433468"></trkpt>
      <trkpt lat="25.0284031" lon="121.5433449"></trkpt>
      <trkpt lat="25.0283099" lon="121.5433434"></trkpt>
      <trkpt lat="25.0278169" lon="121.5433380"></trkpt>
      <trkpt lat="25.0277412" lon="121.5433374"></trkpt>
      <trkpt lat="25.0273921" lon="121.5433347"></trkpt>
      <trkpt lat="25.0266300" lon="121.5433251"></trkpt>
      <trkpt lat="25.0265606" lon="121.5433064"></trkpt>
      <trkpt lat="25.0265160" lon="121.5433066"></trkpt>
      <trkpt lat="25.0264612" lon="121.5433096"></trkpt>
      <trkpt lat="25.0264266" lon="121.5433198"></trkpt>
      <trkpt lat="25.0260445" lon="121.5433115"></trkpt>
      <trkpt lat="25.0255587" lon="121.5433009"></trkpt>
      <trkpt lat="25.0255586" lon="121.5433743"></trkpt>
      <trkpt lat="25.0250524" lon="121.5433619"></trkpt>
      <trkpt lat="25.0250686" lon="121.5432369"></trkpt>
      <trkpt lat="25.0249768" lon="121.5432283"></trkpt>
      <trkpt lat="25.0248434" lon="121.5432235"></trkpt>
      <trkpt lat="25.0247357" lon="121.5432196"></trkpt>
      <trkpt lat="25.0247276" lon="121.5432796"></trkpt>
      <trkpt lat="25.0245362" lon="121.5432768"></trkpt>
      <trkpt lat="25.0241052" lon="121.5432705"></trkpt>
      <trkpt lat="25.0236056" lon="121.5432632"></trkpt>
      <trkpt lat="25.0235335" lon="121.5432615"></trkpt>
      <trkpt lat="25.0227172" lon="121.5432433"></trkpt>
      <trkpt lat="25.0226695" lon="121.5432422"></trkpt>
      <trkpt lat="25.0226675" lon="121.5433183"></trkpt>
      <trkpt lat="25.0216763" lon="121.5432997"></trkpt>
      <trkpt lat="25.0216159" lon="121.5432986"></trkpt>
      <trkpt lat="25.0215902" lon="121.5432981"></trkpt>
      <trkpt lat="25.0215038" lon="121.5432965"></trkpt>
      <trkpt lat="25.0213310" lon="121.5432933"></trkpt>
      <trkpt lat="25.0212153" lon="121.5432911"></trkpt>
      <trkpt lat="25.0210394" lon="121.5432900"></trkpt>
      <trkpt lat="25.0209670" lon="121.5432951"></trkpt>
      <trkpt lat="25.0209463" lon="121.5432966"></trkpt>
      <trkpt lat="25.0209108" lon="121.5432991"></trkpt>
      <trkpt lat="25.0208725" lon="121.5432986"></trkpt>
      <trkpt lat="25.0204503" lon="121.5432930"></trkpt>
      <trkpt lat="25.0203985" lon="121.5432923"></trkpt>
      <trkpt lat="25.0203468" lon="121.5433407"></trkpt>
      <trkpt lat="25.0197927" lon="121.5433313"></trkpt>
      <trkpt lat="25.0192920" lon="121.5433226"></trkpt>
      <trkpt lat="25.0191303" lon="121.5433193"></trkpt>
      <trkpt lat="25.0190641" lon="121.5433180"></trkpt>
      <trkpt lat="25.0190623" lon="121.5432499"></trkpt>
      <trkpt lat="25.0185446" lon="121.5432723"></trkpt>
      <trkpt lat="25.0185149" lon="121.5432414"></trkpt>
      <trkpt lat="25.0185144" lon="121.5431836"></trkpt>
      <trkpt lat="25.0185122" lon="121.5431632"></trkpt>
      <trkpt lat="25.0179192" lon="121.5434474"></trkpt>
      <trkpt lat="25.0178554" lon="121.5434790"></trkpt>
      <trkpt lat="25.0178119" lon="121.5434822"></trkpt>
      <trkpt lat="25.0177539" lon="121.5435014"></trkpt>
      <trkpt lat="25.0173085" lon="121.5441362"></trkpt>
      <trkpt lat="25.0172760" lon="121.5441835"></trkpt>
      <trkpt lat="25.0172598" lon="121.5441638"></trkpt>
      <trkpt lat="25.0159325" lon="121.5425453"></trkpt>
      <trkpt lat="25.0157145" lon="121.5427371"></trkpt>
      <trkpt lat="25.0156912" lon="121.5427611"></trkpt>
      <trkpt lat="25.0156729" lon="121.5427507"></trkpt>
      <trkpt lat="25.0154130" lon="121.5429526"></trkpt>
      <trkpt lat="25.0151513" lon="121.5431558"></trkpt>
      <trkpt lat="25.0151240" lon="121.5431772"></trkpt>
      <trkpt lat="25.0150632" lon="121.5432244"></trkpt>
      <trkpt lat="25.0147155" lon="121.5434946"></trkpt>
      <trkpt lat="25.0146706" lon="121.5434217"></trkpt>
      <trkpt lat="25.0148867" lon="121.5432538"></trkpt>
      <trkpt lat="25.0148406" lon="121.5431869"></trkpt>
      <trkpt lat="25.0148271" lon="121.5431666"></trkpt>
      <trkpt lat="25.0147326" lon="121.5430454"></trkpt>
      <trkpt lat="25.0146940" lon="121.5429986"></trkpt>
      <trkpt lat="25.0146004" lon="121.5429510"></trkpt>
      <trkpt lat="25.0144023" lon="121.5427244"></trkpt>
      <trkpt lat="25.0144181" lon="121.5427089"></trkpt>
      <trkpt lat="25.0139801" lon="121.5421933"></trkpt>
      <trkpt lat="25.0139581" lon="121.5421658"></trkpt>
      <trkpt lat="25.0139164" lon="121.5421177"></trkpt>
      <trkpt lat="25.0134148" lon="121.5415350"></trkpt>
      <trkpt lat="25.0133730" lon="121.5414838"></trkpt>
      <trkpt lat="25.0133262" lon="121.5414278"></trkpt>
      <trkpt lat="25.0135645" lon="121.5411802"></trkpt>
      <trkpt lat="25.0136848" lon="121.5410520"></trkpt>
      <trkpt lat="25.0137309" lon="121.5409594"></trkpt>
      <trkpt lat="25.0137503" lon="121.5408535"></trkpt>
      <trkpt lat="25.0137419" lon="121.5407516"></trkpt>
      <trkpt lat="25.0136719" lon="121.5406353"></trkpt>
      <trkpt lat="25.0137168" lon="121.5405857"></trkpt>
      <trkpt lat="25.0137705" lon="121.5405316"></trkpt>
      <trkpt lat="25.0137216" lon="121.5404740"></trkpt>
      <trkpt lat="25.0134131" lon="121.5401106"></trkpt>
      <trkpt lat="25.0130620" lon="121.5397078"></trkpt>
      <trkpt lat="25.0130020" lon="121.5396351"></trkpt>
      <trkpt lat="25.0130543" lon="121.5395842"></trkpt>
      <trkpt lat="25.0131289" lon="121.5395060"></trkpt>
      <trkpt lat="25.0132000" lon="121.5394305"></trkpt>
      <trkpt lat="25.0132590" lon="121.5393659"></trkpt>
      <trkpt lat="25.0132912" lon="121.5394038"></trkpt>
      <trkpt lat="25.0133039" lon="121.5394187"></trkpt>
      <trkpt lat="25.0139771" lon="121.5402151"></trkpt>
      <trkpt lat="25.0140147" lon="121.5402596"></trkpt>
      <trkpt lat="25.0140218" lon="121.5402679"></trkpt>
      <trkpt lat="25.0140827" lon="121.5403388"></trkpt>
      <trkpt lat="25.0150170" lon="121.5414260"></trkpt>
      <trkpt lat="25.0150472" lon="121.5414612"></trkpt>
      <trkpt lat="25.0150558" lon="121.5414520"></trkpt>
      <trkpt lat="25.0151073" lon="121.5414073"></trkpt>
      <trkpt lat="25.0151864" lon="121.5413388"></trkpt>
      <trkpt lat="25.0152097" lon="121.5413187"></trkpt>
      <trkpt lat="25.0153483" lon="121.5411988"></trkpt>
      <trkpt lat="25.0153726" lon="121.5411778"></trkpt>
      <trkpt lat="25.0153867" lon="121.5411643"></trkpt>
      <trkpt lat="25.0156258" lon="121.5409660"></trkpt>
      <trkpt lat="25.0158075" lon="121.5408181"></trkpt>
      <trkpt lat="25.0160356" lon="121.5406325"></trkpt>
      <trkpt lat="25.0160416" lon="121.5406276"></trkpt>
      <trkpt lat="25.0162618" lon="121.5404484"></trkpt>
      <trkpt lat="25.0163718" lon="121.5403589"></trkpt>
      <trkpt lat="25.0164696" lon="121.5402751"></trkpt>
      <trkpt lat="25.0165028" lon="121.5402347"></trkpt>
      <trkpt lat="25.0164735" lon="121.5401639"></trkpt>
      <trkpt lat="25.0163736" lon="121.5399228"></trkpt>
      <trkpt lat="25.0162780" lon="121.5396206"></trkpt>
      <trkpt lat="25.0162526" lon="121.5395465"></trkpt>
      <trkpt lat="25.0161539" lon="121.5392992"></trkpt>
      <trkpt lat="25.0160950" lon="121.5391621"></trkpt>
      <trkpt lat="25.0160588" lon="121.5390780"></trkpt>
      <trkpt lat="25.0156530" lon="121.5380635"></trkpt>
      <trkpt lat="25.0156338" lon="121.5380136"></trkpt>
      <trkpt lat="25.0156201" lon="121.5379777"></trkpt>
      <trkpt lat="25.0156123" lon="121.5379578"></trkpt>
      <trkpt lat="25.0156000" lon="121.5379263"></trkpt>
      <trkpt lat="25.0155963" lon="121.5379171"></trkpt>
      <trkpt lat="25.0155516" lon="121.5378064"></trkpt>
      <trkpt lat="25.0155167" lon="121.5377200"></trkpt>
      <trkpt lat="25.0154555" lon="121.5375683"></trkpt>
      <trkpt lat="25.0153335" lon="121.5372800"></trkpt>
      <trkpt lat="25.0153063" lon="121.5372161"></trkpt>
      <trkpt lat="25.0153001" lon="121.5372015"></trkpt>
      <trkpt lat="25.0152756" lon="121.5371437"></trkpt>
      <trkpt lat="25.0152682" lon="121.5371264"></trkpt>
      <trkpt lat="25.0152178" lon="121.5370053"></trkpt>
      <trkpt lat="25.0151181" lon="121.5367656"></trkpt>
      <trkpt lat="25.0150749" lon="121.5366633"></trkpt>
      <trkpt lat="25.0150705" lon="121.5366528"></trkpt>
      <trkpt lat="25.0150603" lon="121.5366258"></trkpt>
      <trkpt lat="25.0149802" lon="121.5364288"></trkpt>
      <trkpt lat="25.0149278" lon="121.5363014"></trkpt>
      <trkpt lat="25.0149802" lon="121.5364288"></trkpt>
      <trkpt lat="25.0150603" lon="121.5366258"></trkpt>
      <trkpt lat="25.0150705" lon="121.5366528"></trkpt>
      <trkpt lat="25.0150749" lon="121.5366633"></trkpt>
      <trkpt lat="25.0151181" lon="121.5367656"></trkpt>
      <trkpt lat="25.0152178" lon="121.5370053"></trkpt>
      <trkpt lat="25.0152682" lon="121.5371264"></trkpt>
      <trkpt lat="25.0152756" lon="121.5371437"></trkpt>
      <trkpt lat="25.0153001" lon="121.5372015"></trkpt>
      <trkpt lat="25.0153063" lon="121.5372161"></trkpt>
      <trkpt lat="25.0153335" lon="121.5372800"></trkpt>
      <trkpt lat="25.0154555" lon="121.5375683"></trkpt>
      <trkpt lat="25.0155811" lon="121.5375175"></trkpt>
      <trkpt lat="25.0155670" lon="121.5374751"></trkpt>
      <trkpt lat="25.0155412" lon="121.5373973"></trkpt>
      <trkpt lat="25.0155339" lon="121.5373754"></trkpt>
      <trkpt lat="25.0155330" lon="121.5373083"></trkpt>
      <trkpt lat="25.0155318" lon="121.5372136"></trkpt>
      <trkpt lat="25.0155314" lon="121.5371845"></trkpt>
      <trkpt lat="25.0155514" lon="121.5371845"></trkpt>
      <trkpt lat="25.0158309" lon="121.5371785"></trkpt>
      <trkpt lat="25.0159214" lon="121.5371769"></trkpt>
      <trkpt lat="25.0159688" lon="121.5371765"></trkpt>
      <trkpt lat="25.0160186" lon="121.5371826"></trkpt>
      <trkpt lat="25.0162675" lon="121.5371793"></trkpt>
      <trkpt lat="25.0162837" lon="121.5371894"></trkpt>
      <trkpt lat="25.0162972" lon="121.5371890"></trkpt>
      <trkpt lat="25.0163701" lon="121.5371877"></trkpt>
      <trkpt lat="25.0164028" lon="121.5371871"></trkpt>
      <trkpt lat="25.0164524" lon="121.5371863"></trkpt>
      <trkpt lat="25.0165403" lon="121.5371846"></trkpt>
      <trkpt lat="25.0166330" lon="121.5371829"></trkpt>
      <trkpt lat="25.0167416" lon="121.5371809"></trkpt>
      <trkpt lat="25.0167394" lon="121.5370204"></trkpt>
      <trkpt lat="25.0170189" lon="121.5370162"></trkpt>
      <trkpt lat="25.0170167" lon="121.5368535"></trkpt>
      <trkpt lat="25.0171829" lon="121.5368510"></trkpt>
      <trkpt lat="25.0172900" lon="121.5368494"></trkpt>
      <trkpt lat="25.0173985" lon="121.5368478"></trkpt>
      <trkpt lat="25.0174178" lon="121.5368475"></trkpt>
      <trkpt lat="25.0174423" lon="121.5368424"></trkpt>
      <trkpt lat="25.0174638" lon="121.5368283"></trkpt>
      <trkpt lat="25.0174795" lon="121.5368070"></trkpt>
      <trkpt lat="25.0174877" lon="121.5367810"></trkpt>
      <trkpt lat="25.0174875" lon="121.5367646"></trkpt>
      <trkpt lat="25.0174874" lon="121.5367535"></trkpt>
      <trkpt lat="25.0174786" lon="121.5367277"></trkpt>
      <trkpt lat="25.0175667" lon="121.5366698"></trkpt>
      <trkpt lat="25.0176052" lon="121.5366445"></trkpt>
      <trkpt lat="25.0175777" lon="121.5366040"></trkpt>
      <trkpt lat="25.0175657" lon="121.5365923"></trkpt>
      <trkpt lat="25.0175433" lon="121.5365707"></trkpt>
      <trkpt lat="25.0175033" lon="121.5365460"></trkpt>
      <trkpt lat="25.0174595" lon="121.5365310"></trkpt>
      <trkpt lat="25.0174139" lon="121.5365264"></trkpt>
      <trkpt lat="25.0173942" lon="121.5365267"></trkpt>
      <trkpt lat="25.0172856" lon="121.5365284"></trkpt>
      <trkpt lat="25.0172770" lon="121.5358978"></trkpt>
      <trkpt lat="25.0172714" lon="121.5354836"></trkpt>
      <trkpt lat="25.0172690" lon="121.5353130"></trkpt>
      <trkpt lat="25.0172667" lon="121.5351437"></trkpt>
      <trkpt lat="25.0172611" lon="121.5347278"></trkpt>
      <trkpt lat="25.0172577" lon="121.5344818"></trkpt>
      <trkpt lat="25.0172552" lon="121.5342988"></trkpt>
      <trkpt lat="25.0172474" lon="121.5342278"></trkpt>
      <trkpt lat="25.0172237" lon="121.5341748"></trkpt>
      <trkpt lat="25.0171945" lon="121.5341272"></trkpt>
      <trkpt lat="25.0171222" lon="121.5340514"></trkpt>
      <trkpt lat="25.0171021" lon="121.5339601"></trkpt>
      <trkpt lat="25.0170896" lon="121.5339028"></trkpt>
      <trkpt lat="25.0170340" lon="121.5338451"></trkpt>
      <trkpt lat="25.0169482" lon="121.5337558"></trkpt>
      <trkpt lat="25.0168832" lon="121.5336882"></trkpt>
      <trkpt lat="25.0168597" lon="121.5336387"></trkpt>
      <trkpt lat="25.0168602" lon="121.5335843"></trkpt>
      <trkpt lat="25.0168874" lon="121.5334938"></trkpt>
      <trkpt lat="25.0169075" lon="121.5334200"></trkpt>
      <trkpt lat="25.0168931" lon="121.5333584"></trkpt>
      <trkpt lat="25.0169773" lon="121.5332649"></trkpt>
      <trkpt lat="25.0168919" lon="121.5331887"></trkpt>
      <trkpt lat="25.0168122" lon="121.5331033"></trkpt>
      <trkpt lat="25.0167132" lon="121.5329893"></trkpt>
      <trkpt lat="25.0165510" lon="121.5327962"></trkpt>
      <trkpt lat="25.0164493" lon="121.5326756"></trkpt>
      <trkpt lat="25.0166049" lon="121.5325162"></trkpt>
      <trkpt lat="25.0168382" lon="121.5322771"></trkpt>
      <trkpt lat="25.0168935" lon="121.5323439"></trkpt>
      <trkpt lat="25.0171342" lon="121.5326222"></trkpt>
      <trkpt lat="25.0174503" lon="121.5326586"></trkpt>
      <trkpt lat="25.0176783" lon="121.5326786"></trkpt>
      <trkpt lat="25.0183528" lon="121.5327515"></trkpt>
      <trkpt lat="25.0184527" lon="121.5316027"></trkpt>
      <trkpt lat="25.0190034" lon="121.5309064"></trkpt>
      <trkpt lat="25.0190035" lon="121.5308966"></trkpt>
      <trkpt lat="25.0186913" lon="121.5305188"></trkpt>
      <trkpt lat="25.0186578" lon="121.5305529"></trkpt>
      <trkpt lat="25.0185970" lon="121.5304736"></trkpt>
      <trkpt lat="25.0185591" lon="121.5304242"></trkpt>
      <trkpt lat="25.0185343" lon="121.5303918"></trkpt>
      <trkpt lat="25.0184998" lon="121.5303467"></trkpt>
      <trkpt lat="25.0184511" lon="121.5302831"></trkpt>
      <trkpt lat="25.0182233" lon="121.5305173"></trkpt>
      <trkpt lat="25.0173671" lon="121.5313920"></trkpt>
      <trkpt lat="25.0173288" lon="121.5314353"></trkpt>
      <trkpt lat="25.0170256" lon="121.5310843"></trkpt>
      <trkpt lat="25.0169484" lon="121.5309964"></trkpt>
      <trkpt lat="25.0169134" lon="121.5309554"></trkpt>
      <trkpt lat="25.0167288" lon="121.5307437"></trkpt>
      <trkpt lat="25.0164264" lon="121.5303895"></trkpt>
      <trkpt lat="25.0163754" lon="121.5303381"></trkpt>
      <trkpt lat="25.0162443" lon="121.5305244"></trkpt>
      <trkpt lat="25.0162185" lon="121.5305611"></trkpt>
      <trkpt lat="25.0161233" lon="121.5306962"></trkpt>
      <trkpt lat="25.0160995" lon="121.5306789"></trkpt>
      <trkpt lat="25.0157226" lon="121.5302626"></trkpt>
      <trkpt lat="25.0154553" lon="121.5299830"></trkpt>
      <trkpt lat="25.0151525" lon="121.5303285"></trkpt>
      <trkpt lat="25.0151136" lon="121.5302871"></trkpt>
      <trkpt lat="25.0150817" lon="121.5302531"></trkpt>
      <trkpt lat="25.0147567" lon="121.5306251"></trkpt>
      <trkpt lat="25.0147272" lon="121.5306588"></trkpt>
      <trkpt lat="25.0146883" lon="121.5306175"></trkpt>
      <trkpt lat="25.0145994" lon="121.5305228"></trkpt>
      <trkpt lat="25.0145077" lon="121.5304252"></trkpt>
      <trkpt lat="25.0143888" lon="121.5302988"></trkpt>
      <trkpt lat="25.0143561" lon="121.5302640"></trkpt>
      <trkpt lat="25.0143450" lon="121.5302522"></trkpt>
      <trkpt lat="25.0143338" lon="121.5302403"></trkpt>
      <trkpt lat="25.0142480" lon="121.5301489"></trkpt>
      <trkpt lat="25.0142028" lon="121.5301008"></trkpt>
      <trkpt lat="25.0141477" lon="121.5300724"></trkpt>
      <trkpt lat="25.0140180" lon="121.5299343"></trkpt>
      <trkpt lat="25.0137001" lon="121.5302985"></trkpt>
      <trkpt lat="25.0136893" lon="121.5303109"></trkpt>
      <trkpt lat="25.0136021" lon="121.5301613"></trkpt>
      <trkpt lat="25.0135685" lon="121.5301029"></trkpt>
      <trkpt lat="25.0135454" lon="121.5300624"></trkpt>
      <trkpt lat="25.0135155" lon="121.5300101"></trkpt>
      <trkpt lat="25.0133985" lon="121.5298320"></trkpt>
      <trkpt lat="25.0132764" lon="121.5297006"></trkpt>
      <trkpt lat="25.0120533" lon="121.5284097"></trkpt>
      <trkpt lat="25.0120166" lon="121.5284531"></trkpt>
      <trkpt lat="25.0119591" lon="121.5283816"></trkpt>
      <trkpt lat="25.0118972" lon="121.5282998"></trkpt>
      <trkpt lat="25.0118168" lon="121.5283992"></trkpt>
      <trkpt lat="25.0117782" lon="121.5284405"></trkpt>
      <trkpt lat="25.0115937" lon="121.5286019"></trkpt>
      <trkpt lat="25.0115867" lon="121.5285141"></trkpt>
      <trkpt lat="25.0115719" lon="121.5284939"></trkpt>
      <trkpt lat="25.0116885" lon="121.5284044"></trkpt>
      <trkpt lat="25.0114883" lon="121.5281540"></trkpt>
      <trkpt lat="25.0115397" lon="121.5281205"></trkpt>
      <trkpt lat="25.0117110" lon="121.5280547"></trkpt>
      <trkpt lat="25.0117535" lon="121.5280002"></trkpt>
      <trkpt lat="25.0117617" lon="121.5279571"></trkpt>
      <trkpt lat="25.0117799" lon="121.5278692"></trkpt>
      <trkpt lat="25.0117992" lon="121.5278203"></trkpt>
      <trkpt lat="25.0118670" lon="121.5276490"></trkpt>
      <trkpt lat="25.0119409" lon="121.5274633"></trkpt>
      <trkpt lat="25.0121731" lon="121.5272002"></trkpt>
      <trkpt lat="25.0123726" lon="121.5269962"></trkpt>
      <trkpt lat="25.0124037" lon="121.5269644"></trkpt>
      <trkpt lat="25.0126636" lon="121.5266919"></trkpt>
      <trkpt lat="25.0127116" lon="121.5266680"></trkpt>
      <trkpt lat="25.0127639" lon="121.5266768"></trkpt>
      <trkpt lat="25.0128239" lon="121.5267144"></trkpt>
      <trkpt lat="25.0129006" lon="121.5267690"></trkpt>
      <trkpt lat="25.0129690" lon="121.5268087"></trkpt>
      <trkpt lat="25.0130590" lon="121.5268123"></trkpt>
      <trkpt lat="25.0131541" lon="121.5267813"></trkpt>
      <trkpt lat="25.0134009" lon="121.5266177"></trkpt>
      <trkpt lat="25.0135009" lon="121.5265474"></trkpt>
      <trkpt lat="25.0135545" lon="121.5264286"></trkpt>
      <trkpt lat="25.0131229" lon="121.5262507"></trkpt>
      <trkpt lat="25.0131649" lon="121.5262522"></trkpt>
      <trkpt lat="25.0133043" lon="121.5261721"></trkpt>
      <trkpt lat="25.0133623" lon="121.5260934"></trkpt>
      <trkpt lat="25.0134011" lon="121.5260429"></trkpt>
      <trkpt lat="25.0134468" lon="121.5259324"></trkpt>
      <trkpt lat="25.0134459" lon="121.5258637"></trkpt>
      <trkpt lat="25.0134424" lon="121.5257251"></trkpt>
      <trkpt lat="25.0134668" lon="121.5256397"></trkpt>
      <trkpt lat="25.0135109" lon="121.5255666"></trkpt>
      <trkpt lat="25.0134668" lon="121.5256397"></trkpt>
      <trkpt lat="25.0134424" lon="121.5257251"></trkpt>
      <trkpt lat="25.0134459" lon="121.5258637"></trkpt>
      <trkpt lat="25.0134468" lon="121.5259324"></trkpt>
      <trkpt lat="25.0134011" lon="121.5260429"></trkpt>
      <trkpt lat="25.0133623" lon="121.5260934"></trkpt>
      <trkpt lat="25.0133043" lon="121.5261721"></trkpt>
      <trkpt lat="25.0131649" lon="121.5262522"></trkpt>
      <trkpt lat="25.0131229" lon="121.5262507"></trkpt>
      <trkpt lat="25.0135545" lon="121.5264286"></trkpt>
      <trkpt lat="25.0135009" lon="121.5265474"></trkpt>
      <trkpt lat="25.0134009" lon="121.5266177"></trkpt>
      <trkpt lat="25.0131541" lon="121.5267813"></trkpt>
      <trkpt lat="25.0130590" lon="121.5268123"></trkpt>
      <trkpt lat="25.0129690" lon="121.5268087"></trkpt>
      <trkpt lat="25.0129006" lon="121.5267690"></trkpt>
      <trkpt lat="25.0128239" lon="121.5267144"></trkpt>
      <trkpt lat="25.0127639" lon="121.5266768"></trkpt>
      <trkpt lat="25.0127116" lon="121.5266680"></trkpt>
      <trkpt lat="25.0126636" lon="121.5266919"></trkpt>
      <trkpt lat="25.0124037" lon="121.5269644"></trkpt>
      <trkpt lat="25.0123726" lon="121.5269962"></trkpt>
      <trkpt lat="25.0121731" lon="121.5272002"></trkpt>
      <trkpt lat="25.0119409" lon="121.5274633"></trkpt>
      <trkpt lat="25.0118670" lon="121.5276490"></trkpt>
      <trkpt lat="25.0117992" lon="121.5278203"></trkpt>
      <trkpt lat="25.0117799" lon="121.5278692"></trkpt>
      <trkpt lat="25.0117617" lon="121.5279571"></trkpt>
      <trkpt lat="25.0117535" lon="121.5280002"></trkpt>
      <trkpt lat="25.0117110" lon="121.5280547"></trkpt>
      <trkpt lat="25.0115397" lon="121.5281205"></trkpt>
      <trkpt lat="25.0114883" lon="121.5281540"></trkpt>
      <trkpt lat="25.0116885" lon="121.5284044"></trkpt>
      <trkpt lat="25.0115719" lon="121.5284939"></trkpt>
      <trkpt lat="25.0115867" lon="121.5285141"></trkpt>
      <trkpt lat="25.0116648" lon="121.5284543"></trkpt>
      <trkpt lat="25.0116781" lon="121.5284227"></trkpt>
      <trkpt lat="25.0116541" lon="121.5283711"></trkpt>
      <trkpt lat="25.0115929" lon="121.5282837"></trkpt>
      <trkpt lat="25.0111758" lon="121.5278347"></trkpt>
      <trkpt lat="25.0111562" lon="121.5277972"></trkpt>
      <trkpt lat="25.0101541" lon="121.5267767"></trkpt>
      <trkpt lat="25.0101081" lon="121.5267519"></trkpt>
      <trkpt lat="25.0095524" lon="121.5261813"></trkpt>
      <trkpt lat="25.0093651" lon="121.5260494"></trkpt>
      <trkpt lat="25.0092689" lon="121.5259564"></trkpt>
      <trkpt lat="25.0092579" lon="121.5259089"></trkpt>
      <trkpt lat="25.0092851" lon="121.5258406"></trkpt>
      <trkpt lat="25.0091483" lon="121.5260733"></trkpt>
      <trkpt lat="25.0093991" lon="121.5256270"></trkpt>
      <trkpt lat="25.0098101" lon="121.5251802"></trkpt>
      <trkpt lat="25.0101402" lon="121.5248766"></trkpt>
      <trkpt lat="25.0102439" lon="121.5247178"></trkpt>
      <trkpt lat="25.0104481" lon="121.5245763"></trkpt>
      <trkpt lat="25.0104972" lon="121.5245426"></trkpt>
      <trkpt lat="25.0105205" lon="121.5244782"></trkpt>
      <trkpt lat="25.0105850" lon="121.5244324"></trkpt>
      <trkpt lat="25.0105944" lon="121.5243954"></trkpt>
      <trkpt lat="25.0106038" lon="121.5243586"></trkpt>
      <trkpt lat="25.0105623" lon="121.5242650"></trkpt>
      <trkpt lat="25.0105268" lon="121.5241952"></trkpt>
      <trkpt lat="25.0122654" lon="121.5230202"></trkpt>
      <trkpt lat="25.0137965" lon="121.5219858"></trkpt>
      <trkpt lat="25.0143144" lon="121.5216467"></trkpt>
      <trkpt lat="25.0147340" lon="121.5213774"></trkpt>
      <trkpt lat="25.0146665" lon="121.5212855"></trkpt>
      <trkpt lat="25.0145284" lon="121.5213827"></trkpt>
      <trkpt lat="25.0142771" lon="121.5215590"></trkpt>
      <trkpt lat="25.0142304" lon="121.5214953"></trkpt>
      <trkpt lat="25.0138123" lon="121.5208989"></trkpt>
      <trkpt lat="25.0138340" lon="121.5208904"></trkpt>
      <trkpt lat="25.0139608" lon="121.5207246"></trkpt>
      <trkpt lat="25.0140518" lon="121.5206769"></trkpt>
      <trkpt lat="25.0140974" lon="121.5206549"></trkpt>
      <trkpt lat="25.0142185" lon="121.5205934"></trkpt>
      <trkpt lat="25.0143136" lon="121.5204754"></trkpt>
      <trkpt lat="25.0142387" lon="121.5203422"></trkpt>
      <trkpt lat="25.0140990" lon="121.5201631"></trkpt>
      <trkpt lat="25.0138464" lon="121.5198487"></trkpt>
      <trkpt lat="25.0134180" lon="121.5193380"></trkpt>
      <trkpt lat="25.0134392" lon="121.5192812"></trkpt>
      <trkpt lat="25.0133493" lon="121.5188420"></trkpt>
      <trkpt lat="25.0132915" lon="121.5187655"></trkpt>
      <trkpt lat="25.0136031" lon="121.5184000"></trkpt>
      <trkpt lat="25.0133868" lon="121.5181784"></trkpt>
      <trkpt lat="25.0133700" lon="121.5181612"></trkpt>
      <trkpt lat="25.0132961" lon="121.5180855"></trkpt>
      <trkpt lat="25.0132703" lon="121.5180474"></trkpt>
      <trkpt lat="25.0132490" lon="121.5180159"></trkpt>
      <trkpt lat="25.0132026" lon="121.5178827"></trkpt>
      <trkpt lat="25.0131702" lon="121.5177897"></trkpt>
      <trkpt lat="25.0131395" lon="121.5177015"></trkpt>
      <trkpt lat="25.0130063" lon="121.5173189"></trkpt>
      <trkpt lat="25.0129331" lon="121.5170929"></trkpt>
      <trkpt lat="25.0133743" lon="121.5169199"></trkpt>
      <trkpt lat="25.0134998" lon="121.5167973"></trkpt>
      <trkpt lat="25.0132371" lon="121.5165253"></trkpt>
      <trkpt lat="25.0133827" lon="121.5163294"></trkpt>
      <trkpt lat="25.0134788" lon="121.5161944"></trkpt>
      <trkpt lat="25.0133269" lon="121.5161509"></trkpt>
      <trkpt lat="25.0133909" lon="121.5159260"></trkpt>
      <trkpt lat="25.0130535" lon="121.5156787"></trkpt>
      <trkpt lat="25.0131116" lon="121.5154509"></trkpt>
      <trkpt lat="25.0131266" lon="121.5153939"></trkpt>
      <trkpt lat="25.0135012" lon="121.5155066"></trkpt>
      <trkpt lat="25.0135189" lon="121.5154441"></trkpt>
      <trkpt lat="25.0135340" lon="121.5153383"></trkpt>
      <trkpt lat="25.0135382" lon="121.5153037"></trkpt>
      <trkpt lat="25.0135245" lon="121.5151326"></trkpt>
      <trkpt lat="25.0135110" lon="121.5149938"></trkpt>
      <trkpt lat="25.0134775" lon="121.5146830"></trkpt>
      <trkpt lat="25.0134272" lon="121.5142636"></trkpt>
      <trkpt lat="25.0134157" lon="121.5141563"></trkpt>
      <trkpt lat="25.0133876" lon="121.5138526"></trkpt>
      <trkpt lat="25.0133356" lon="121.5133479"></trkpt>
      <trkpt lat="25.0133057" lon="121.5131154"></trkpt>
      <trkpt lat="25.0132073" lon="121.5125207"></trkpt>
      <trkpt lat="25.0131762" lon="121.5122840"></trkpt>
      <trkpt lat="25.0131510" lon="121.5120923"></trkpt>
      <trkpt lat="25.0131239" lon="121.5119514"></trkpt>
      <trkpt lat="25.0131074" lon="121.5118657"></trkpt>
      <trkpt lat="25.0130384" lon="121.5114987"></trkpt>
      <trkpt lat="25.0130206" lon="121.5114039"></trkpt>
      <trkpt lat="25.0129022" lon="121.5108677"></trkpt>
      <trkpt lat="25.0128277" lon="121.5106022"></trkpt>
      <trkpt lat="25.0131526" lon="121.5104371"></trkpt>
      <trkpt lat="25.0133184" lon="121.5103567"></trkpt>
      <trkpt lat="25.0133775" lon="121.5102935"></trkpt>
      <trkpt lat="25.0132743" lon="121.5100237"></trkpt>
      <trkpt lat="25.0132138" lon="121.5098654"></trkpt>
      <trkpt lat="25.0131325" lon="121.5096527"></trkpt>
      <trkpt lat="25.0130601" lon="121.5094633"></trkpt>
      <trkpt lat="25.0129374" lon="121.5091424"></trkpt>
      <trkpt lat="25.0128618" lon="121.5089803"></trkpt>
      <trkpt lat="25.0133692" lon="121.5088584"></trkpt>
      <trkpt lat="25.0134841" lon="121.5087703"></trkpt>
      <trkpt lat="25.0134828" lon="121.5085446"></trkpt>
      <trkpt lat="25.0135144" lon="121.5083944"></trkpt>
      <trkpt lat="25.0135521" lon="121.5082643"></trkpt>
      <trkpt lat="25.0135919" lon="121.5081364"></trkpt>
      <trkpt lat="25.0136134" lon="121.5079508"></trkpt>
      <trkpt lat="25.0136366" lon="121.5078026"></trkpt>
      <trkpt lat="25.0136610" lon="121.5076191"></trkpt>
      <trkpt lat="25.0136882" lon="121.5074723"></trkpt>
      <trkpt lat="25.0132954" lon="121.5071146"></trkpt>
      <trkpt lat="25.0131037" lon="121.5069400"></trkpt>
      <trkpt lat="25.0128710" lon="121.5067511"></trkpt>
      <trkpt lat="25.0131182" lon="121.5065040"></trkpt>
      <trkpt lat="25.0136037" lon="121.5059765"></trkpt>
      <trkpt lat="25.0139650" lon="121.5055593"></trkpt>
      <trkpt lat="25.0140177" lon="121.5055029"></trkpt>
      <trkpt lat="25.0138417" lon="121.5053195"></trkpt>
      <trkpt lat="25.0134144" lon="121.5048188"></trkpt>
      <trkpt lat="25.0131573" lon="121.5045204"></trkpt>
      <trkpt lat="25.0131249" lon="121.5044731"></trkpt>
      <trkpt lat="25.0131538" lon="121.5044687"></trkpt>
      <trkpt lat="25.0131849" lon="121.5044928"></trkpt>
      <trkpt lat="25.0132115" lon="121.5044742"></trkpt>
      <trkpt lat="25.0133652" lon="121.5043832"></trkpt>
      <trkpt lat="25.0133248" lon="121.5042826"></trkpt>
      <trkpt lat="25.0132630" lon="121.5042098"></trkpt>
      <trkpt lat="25.0131294" lon="121.5040522"></trkpt>
      <trkpt lat="25.0130289" lon="121.5039337"></trkpt>
      <trkpt lat="25.0128685" lon="121.5037597"></trkpt>
      <trkpt lat="25.0134326" lon="121.5032070"></trkpt>
      <trkpt lat="25.0128685" lon="121.5037597"></trkpt>
      <trkpt lat="25.0130289" lon="121.5039337"></trkpt>
      <trkpt lat="25.0131294" lon="121.5040522"></trkpt>
      <trkpt lat="25.0132630" lon="121.5042098"></trkpt>
      <trkpt lat="25.0133248" lon="121.5042826"></trkpt>
      <trkpt lat="25.0133652" lon="121.5043832"></trkpt>
      <trkpt lat="25.0132115" lon="121.5044742"></trkpt>
      <trkpt lat="25.0131849" lon="121.5044928"></trkpt>
      <trkpt lat="25.0131538" lon="121.5044687"></trkpt>
      <trkpt lat="25.0131249" lon="121.5044731"></trkpt>
      <trkpt lat="25.0131077" lon="121.5044502"></trkpt>
      <trkpt lat="25.0129671" lon="121.5042400"></trkpt>
      <trkpt lat="25.0119439" lon="121.5029740"></trkpt>
      <trkpt lat="25.0116896" lon="121.5027150"></trkpt>
      <trkpt lat="25.0098380" lon="121.5004248"></trkpt>
      <trkpt lat="25.0091944" lon="121.4995190"></trkpt>
      <trkpt lat="25.0088003" lon="121.4988104"></trkpt>
      <trkpt lat="25.0086525" lon="121.4984965"></trkpt>
      <trkpt lat="25.0086116" lon="121.4984031"></trkpt>
      <trkpt lat="25.0084804" lon="121.4984204"></trkpt>
      <trkpt lat="25.0082782" lon="121.4984076"></trkpt>
      <trkpt lat="25.0077544" lon="121.4983400"></trkpt>
      <trkpt lat="25.0076868" lon="121.4983901"></trkpt>
      <trkpt lat="25.0074132" lon="121.4976012"></trkpt>
      <trkpt lat="25.0072131" lon="121.4970244"></trkpt>
      <trkpt lat="25.0070142" lon="121.4965019"></trkpt>
      <trkpt lat="25.0069155" lon="121.4965107"></trkpt>
      <trkpt lat="25.0067522" lon="121.4965286"></trkpt>
      <trkpt lat="25.0066278" lon="121.4965629"></trkpt>
      <trkpt lat="25.0064900" lon="121.4965745"></trkpt>
      <trkpt lat="25.0063531" lon="121.4965689"></trkpt>
      <trkpt lat="25.0062305" lon="121.4965497"></trkpt>
      <trkpt lat="25.0060622" lon="121.4965020"></trkpt>
      <trkpt lat="25.0059294" lon="121.4964550"></trkpt>
      <trkpt lat="25.0058981" lon="121.4964477"></trkpt>
      <trkpt lat="25.0058009" lon="121.4964531"></trkpt>
      <trkpt lat="25.0057255" lon="121.4965014"></trkpt>
      <trkpt lat="25.0056351" lon="121.4966376"></trkpt>
      <trkpt lat="25.0055578" lon="121.4964289"></trkpt>
      <trkpt lat="25.0047631" lon="121.4967957"></trkpt>
      <trkpt lat="25.0046233" lon="121.4963747"></trkpt>
      <trkpt lat="25.0047198" lon="121.4963170"></trkpt>
      <trkpt lat="25.0058037" lon="121.4958523"></trkpt>
      <trkpt lat="25.0066016" lon="121.4955234"></trkpt>
      <trkpt lat="25.0067930" lon="121.4954484"></trkpt>
      <trkpt lat="25.0070550" lon="121.4954228"></trkpt>
      <trkpt lat="25.0076880" lon="121.4954213"></trkpt>
      <trkpt lat="25.0112420" lon="121.4954681"></trkpt>
      <trkpt lat="25.0138609" lon="121.4955096"></trkpt>
      <trkpt lat="25.0160597" lon="121.4955445"></trkpt>
      <trkpt lat="25.0162429" lon="121.4955581"></trkpt>
      <trkpt lat="25.0163676" lon="121.4955811"></trkpt>
      <trkpt lat="25.0164969" lon="121.4956135"></trkpt>
      <trkpt lat="25.0167331" lon="121.4956878"></trkpt>
      <trkpt lat="25.0168935" lon="121.4957816"></trkpt>
      <trkpt lat="25.0178579" lon="121.4964082"></trkpt>
      <trkpt lat="25.0185344" lon="121.4968328"></trkpt>
      <trkpt lat="25.0191149" lon="121.4972027"></trkpt>
      <trkpt lat="25.0193723" lon="121.4973575"></trkpt>
      <trkpt lat="25.0191395" lon="121.4977790"></trkpt>
      <trkpt lat="25.0190415" lon="121.4979604"></trkpt>
      <trkpt lat="25.0190021" lon="121.4980334"></trkpt>
      <trkpt lat="25.0188389" lon="121.4983354"></trkpt>
      <trkpt lat="25.0185558" lon="121.4988592"></trkpt>
      <trkpt lat="25.0180904" lon="121.4997858"></trkpt>
      <trkpt lat="25.0178610" lon="121.5000200"></trkpt>
      <trkpt lat="25.0178014" lon="121.5000891"></trkpt>
      <trkpt lat="25.0177205" lon="121.5001890"></trkpt>
      <trkpt lat="25.0176940" lon="121.5002218"></trkpt>
      <trkpt lat="25.0175455" lon="121.5003622"></trkpt>
      <trkpt lat="25.0174935" lon="121.5004111"></trkpt>
      <trkpt lat="25.0172567" lon="121.5006241"></trkpt>
      <trkpt lat="25.0166163" lon="121.4997198"></trkpt>
      <trkpt lat="25.0165357" lon="121.4995149"></trkpt>
      <trkpt lat="25.0164422" lon="121.4995853"></trkpt>
      <trkpt lat="25.0161852" lon="121.4998145"></trkpt>
      <trkpt lat="25.0159033" lon="121.5000398"></trkpt>
      <trkpt lat="25.0158097" lon="121.4998544"></trkpt>
      <trkpt lat="25.0156554" lon="121.4995228"></trkpt>
      <trkpt lat="25.0155335" lon="121.4992018"></trkpt>
      <trkpt lat="25.0153930" lon="121.4988758"></trkpt>
      <trkpt lat="25.0153590" lon="121.4987578"></trkpt>
      <trkpt lat="25.0153089" lon="121.4986096"></trkpt>
      <trkpt lat="25.0153590" lon="121.4987578"></trkpt>
      <trkpt lat="25.0153930" lon="121.4988758"></trkpt>
      <trkpt lat="25.0155335" lon="121.4992018"></trkpt>
      <trkpt lat="25.0156554" lon="121.4995228"></trkpt>
      <trkpt lat="25.0158097" lon="121.4998544"></trkpt>
      <trkpt lat="25.0159033" lon="121.5000398"></trkpt>
      <trkpt lat="25.0161852" lon="121.4998145"></trkpt>
      <trkpt lat="25.0164422" lon="121.4995853"></trkpt>
      <trkpt lat="25.0165357" lon="121.4995149"></trkpt>
      <trkpt lat="25.0166163" lon="121.4997198"></trkpt>
      <trkpt lat="25.0172567" lon="121.5006241"></trkpt>
      <trkpt lat="25.0174935" lon="121.5004111"></trkpt>
      <trkpt lat="25.0175455" lon="121.5003622"></trkpt>
      <trkpt lat="25.0176940" lon="121.5002218"></trkpt>
      <trkpt lat="25.0177205" lon="121.5001890"></trkpt>
      <trkpt lat="25.0178014" lon="121.5000891"></trkpt>
      <trkpt lat="25.0178610" lon="121.5000200"></trkpt>
      <trkpt lat="25.0180904" lon="121.4997858"></trkpt>
      <trkpt lat="25.0185195" lon="121.5004040"></trkpt>
      <trkpt lat="25.0187706" lon="121.4998887"></trkpt>
      <trkpt lat="25.0190686" lon="121.5003267"></trkpt>
      <trkpt lat="25.0191788" lon="121.5004725"></trkpt>
      <trkpt lat="25.0193445" lon="121.5003103"></trkpt>
      <trkpt lat="25.0195371" lon="121.5005739"></trkpt>
      <trkpt lat="25.0196068" lon="121.5005820"></trkpt>
      <trkpt lat="25.0196770" lon="121.5006653"></trkpt>
      <trkpt lat="25.0196523" lon="121.5007641"></trkpt>
      <trkpt lat="25.0199686" lon="121.5005139"></trkpt>
      <trkpt lat="25.0201978" lon="121.5003354"></trkpt>
      <trkpt lat="25.0204825" lon="121.5001155"></trkpt>
      <trkpt lat="25.0209334" lon="121.4998553"></trkpt>
      <trkpt lat="25.0211974" lon="121.4999090"></trkpt>
      <trkpt lat="25.0211606" lon="121.5000819"></trkpt>
      <trkpt lat="25.0211454" lon="121.5001502"></trkpt>
      <trkpt lat="25.0211387" lon="121.5001818"></trkpt>
      <trkpt lat="25.0211398" lon="121.5002187"></trkpt>
      <trkpt lat="25.0211525" lon="121.5002568"></trkpt>
      <trkpt lat="25.0211933" lon="121.5003233"></trkpt>
      <trkpt lat="25.0212720" lon="121.5004515"></trkpt>
      <trkpt lat="25.0218218" lon="121.5003375"></trkpt>
      <trkpt lat="25.0220186" lon="121.5002677"></trkpt>
      <trkpt lat="25.0220827" lon="121.5002419"></trkpt>
      <trkpt lat="25.0223028" lon="121.5001510"></trkpt>
      <trkpt lat="25.0223589" lon="121.5001081"></trkpt>
      <trkpt lat="25.0226854" lon="121.4998573"></trkpt>
      <trkpt lat="25.0228005" lon="121.4997722"></trkpt>
      <trkpt lat="25.0228199" lon="121.4998251"></trkpt>
      <trkpt lat="25.0228497" lon="121.4998734"></trkpt>
      <trkpt lat="25.0229936" lon="121.5000344"></trkpt>
      <trkpt lat="25.0232510" lon="121.5003286"></trkpt>
      <trkpt lat="25.0234060" lon="121.5003744"></trkpt>
      <trkpt lat="25.0238582" lon="121.5007000"></trkpt>
      <trkpt lat="25.0239046" lon="121.5006305"></trkpt>
      <trkpt lat="25.0242014" lon="121.5002540"></trkpt>
      <trkpt lat="25.0242573" lon="121.5001877"></trkpt>
      <trkpt lat="25.0243867" lon="121.4999888"></trkpt>
      <trkpt lat="25.0246616" lon="121.4995229"></trkpt>
      <trkpt lat="25.0250444" lon="121.4997379"></trkpt>
      <trkpt lat="25.0251105" lon="121.4997630"></trkpt>
      <trkpt lat="25.0253966" lon="121.4997638"></trkpt>
      <trkpt lat="25.0263393" lon="121.4997993"></trkpt>
      <trkpt lat="25.0267423" lon="121.4998063"></trkpt>
      <trkpt lat="25.0271170" lon="121.4998084"></trkpt>
      <trkpt lat="25.0273579" lon="121.4998169"></trkpt>
      <trkpt lat="25.0275663" lon="121.4998205"></trkpt>
      <trkpt lat="25.0278440" lon="121.4998253"></trkpt>
      <trkpt lat="25.0292443" lon="121.4998494"></trkpt>
      <trkpt lat="25.0293345" lon="121.4998510"></trkpt>
      <trkpt lat="25.0293416" lon="121.5003383"></trkpt>
      <trkpt lat="25.0293465" lon="121.5003896"></trkpt>
      <trkpt lat="25.0293535" lon="121.5004640"></trkpt>
      <trkpt lat="25.0293697" lon="121.5005836"></trkpt>
      <trkpt lat="25.0294988" lon="121.5005838"></trkpt>
      <trkpt lat="25.0294899" lon="121.5005275"></trkpt>
      <trkpt lat="25.0294842" lon="121.5004658"></trkpt>
      <trkpt lat="25.0294766" lon="121.5003869"></trkpt>
      <trkpt lat="25.0294445" lon="121.5000557"></trkpt>
      <trkpt lat="25.0295158" lon="121.5000528"></trkpt>
      <trkpt lat="25.0297968" lon="121.5000415"></trkpt>
      <trkpt lat="25.0299216" lon="121.5000547"></trkpt>
      <trkpt lat="25.0302954" lon="121.5001443"></trkpt>
      <trkpt lat="25.0303089" lon="121.5004794"></trkpt>
      <trkpt lat="25.0303114" lon="121.5005904"></trkpt>
      <trkpt lat="25.0306786" lon="121.5005960"></trkpt>
      <trkpt lat="25.0310180" lon="121.5005989"></trkpt>
      <trkpt lat="25.0310663" lon="121.5005926"></trkpt>
      <trkpt lat="25.0311455" lon="121.5005823"></trkpt>
      <trkpt lat="25.0312184" lon="121.5005836"></trkpt>
      <trkpt lat="25.0312895" lon="121.5005787"></trkpt>
      <trkpt lat="25.0313712" lon="121.5005731"></trkpt>
      <trkpt lat="25.0316508" lon="121.5005604"></trkpt>
      <trkpt lat="25.0319003" lon="121.5005483"></trkpt>
      <trkpt lat="25.0320920" lon="121.5005533"></trkpt>
      <trkpt lat="25.0322806" lon="121.5005447"></trkpt>
      <trkpt lat="25.0323677" lon="121.5005400"></trkpt>
      <trkpt lat="25.0326344" lon="121.5005283"></trkpt>
      <trkpt lat="25.0327665" lon="121.5005263"></trkpt>
      <trkpt lat="25.0329221" lon="121.5005300"></trkpt>
      <trkpt lat="25.0330478" lon="121.5005313"></trkpt>
      <trkpt lat="25.0331776" lon="121.5005654"></trkpt>
      <trkpt lat="25.0332577" lon="121.5005815"></trkpt>
      <trkpt lat="25.0333281" lon="121.5006043"></trkpt>
      <trkpt lat="25.0334185" lon="121.5006493"></trkpt>
      <trkpt lat="25.0337118" lon="121.5008301"></trkpt>
      <trkpt lat="25.0340403" lon="121.5009987"></trkpt>
      <trkpt lat="25.0341061" lon="121.5010299"></trkpt>
      <trkpt lat="25.0340967" lon="121.5009168"></trkpt>
      <trkpt lat="25.0340604" lon="121.5002121"></trkpt>
      <trkpt lat="25.0342463" lon="121.5002019"></trkpt>
      <trkpt lat="25.0345490" lon="121.5001875"></trkpt>
      <trkpt lat="25.0345306" lon="121.5001188"></trkpt>
      <trkpt lat="25.0345108" lon="121.4997969"></trkpt>
      <trkpt lat="25.0345081" lon="121.4997528"></trkpt>
      <trkpt lat="25.0344840" lon="121.4993610"></trkpt>
      <trkpt lat="25.0351180" lon="121.4993331"></trkpt>
      <trkpt lat="25.0352375" lon="121.4993348"></trkpt>
      <trkpt lat="25.0353399" lon="121.4993703"></trkpt>
      <trkpt lat="25.0354600" lon="121.4993797"></trkpt>
      <trkpt lat="25.0361527" lon="121.4993973"></trkpt>
      <trkpt lat="25.0361775" lon="121.4993984"></trkpt>
      <trkpt lat="25.0365421" lon="121.4994127"></trkpt>
      <trkpt lat="25.0366868" lon="121.4993769"></trkpt>
      <trkpt lat="25.0367476" lon="121.4993882"></trkpt>
      <trkpt lat="25.0367506" lon="121.4993887"></trkpt>
      <trkpt lat="25.0369810" lon="121.4994239"></trkpt>
      <trkpt lat="25.0372799" lon="121.4994963"></trkpt>
      <trkpt lat="25.0378807" lon="121.4996398"></trkpt>
      <trkpt lat="25.0378949" lon="121.4996427"></trkpt>
      <trkpt lat="25.0380341" lon="121.4996714"></trkpt>
      <trkpt lat="25.0383535" lon="121.4997384"></trkpt>
      <trkpt lat="25.0384528" lon="121.4997659"></trkpt>
      <trkpt lat="25.0385454" lon="121.4997975"></trkpt>
      <trkpt lat="25.0388356" lon="121.4998132"></trkpt>
      <trkpt lat="25.0393887" lon="121.4998431"></trkpt>
      <trkpt lat="25.0401489" lon="121.4998816"></trkpt>
      <trkpt lat="25.0407402" lon="121.4999261"></trkpt>
      <trkpt lat="25.0411887" lon="121.5000475"></trkpt>
      <trkpt lat="25.0411999" lon="121.5000505"></trkpt>
      <trkpt lat="25.0412437" lon="121.5000832"></trkpt>
      <trkpt lat="25.0412682" lon="121.5000197"></trkpt>
      <trkpt lat="25.0412862" lon="121.4999732"></trkpt>
      <trkpt lat="25.0414382" lon="121.4996425"></trkpt>
      <trkpt lat="25.0414763" lon="121.4995595"></trkpt>
      <trkpt lat="25.0415379" lon="121.4996394"></trkpt>
      <trkpt lat="25.0418203" lon="121.5000060"></trkpt>
      <trkpt lat="25.0418346" lon="121.5000181"></trkpt>
      <trkpt lat="25.0419190" lon="121.5000898"></trkpt>
      <trkpt lat="25.0419765" lon="121.5001771"></trkpt>
      <trkpt lat="25.0421887" lon="121.5003057"></trkpt>
      <trkpt lat="25.0423896" lon="121.5003963"></trkpt>
      <trkpt lat="25.0425433" lon="121.5004373"></trkpt>
      <trkpt lat="25.0426618" lon="121.5004467"></trkpt>
      <trkpt lat="25.0426903" lon="121.5004616"></trkpt>
      <trkpt lat="25.0426618" lon="121.5004467"></trkpt>
      <trkpt lat="25.0425974" lon="121.5003870"></trkpt>
      <trkpt lat="25.0425184" lon="121.5003680"></trkpt>
      <trkpt lat="25.0423440" lon="121.5003133"></trkpt>
      <trkpt lat="25.0421448" lon="121.5002087"></trkpt>
      <trkpt lat="25.0420159" lon="121.5001158"></trkpt>
      <trkpt lat="25.0419190" lon="121.5000898"></trkpt>
      <trkpt lat="25.0418346" lon="121.5000181"></trkpt>
      <trkpt lat="25.0418203" lon="121.5000060"></trkpt>
      <trkpt lat="25.0415379" lon="121.4996394"></trkpt>
      <trkpt lat="25.0414763" lon="121.4995595"></trkpt>
      <trkpt lat="25.0414424" lon="121.4995146"></trkpt>
      <trkpt lat="25.0407358" lon="121.4985778"></trkpt>
      <trkpt lat="25.0405230" lon="121.4983048"></trkpt>
      <trkpt lat="25.0405014" lon="121.4982038"></trkpt>
      <trkpt lat="25.0403428" lon="121.4979309"></trkpt>
      <trkpt lat="25.0402675" lon="121.4977974"></trkpt>
      <trkpt lat="25.0389138" lon="121.4960095"></trkpt>
      <trkpt lat="25.0389928" lon="121.4959422"></trkpt>
      <trkpt lat="25.0390196" lon="121.4959198"></trkpt>
      <trkpt lat="25.0390312" lon="121.4959093"></trkpt>
      <trkpt lat="25.0390926" lon="121.4958569"></trkpt>
      <trkpt lat="25.0391163" lon="121.4958367"></trkpt>
      <trkpt lat="25.0391333" lon="121.4957817"></trkpt>
      <trkpt lat="25.0391855" lon="121.4957471"></trkpt>
      <trkpt lat="25.0392220" lon="121.4957234"></trkpt>
      <trkpt lat="25.0392392" lon="121.4957082"></trkpt>
      <trkpt lat="25.0393314" lon="121.4956513"></trkpt>
      <trkpt lat="25.0394101" lon="121.4958812"></trkpt>
      <trkpt lat="25.0394915" lon="121.4962797"></trkpt>
      <trkpt lat="25.0395018" lon="121.4964514"></trkpt>
      <trkpt lat="25.0403657" lon="121.4975685"></trkpt>
      <trkpt lat="25.0404861" lon="121.4976474"></trkpt>
      <trkpt lat="25.0408513" lon="121.4978866"></trkpt>
      <trkpt lat="25.0409796" lon="121.4979945"></trkpt>
      <trkpt lat="25.0416441" lon="121.4985502"></trkpt>
      <trkpt lat="25.0418361" lon="121.4987107"></trkpt>
      <trkpt lat="25.0420883" lon="121.4988676"></trkpt>
      <trkpt lat="25.0421622" lon="121.4989277"></trkpt>
      <trkpt lat="25.0422954" lon="121.4990741"></trkpt>
      <trkpt lat="25.0426769" lon="121.4994013"></trkpt>
      <trkpt lat="25.0435420" lon="121.5000987"></trkpt>
      <trkpt lat="25.0439799" lon="121.5004640"></trkpt>
      <trkpt lat="25.0441441" lon="121.5005473"></trkpt>
      <trkpt lat="25.0443400" lon="121.5006590"></trkpt>
      <trkpt lat="25.0443484" lon="121.5006698"></trkpt>
      <trkpt lat="25.0443664" lon="121.5006839"></trkpt>
      <trkpt lat="25.0443815" lon="121.5006865"></trkpt>
      <trkpt lat="25.0444699" lon="121.5007446"></trkpt>
      <trkpt lat="25.0446454" lon="121.5008799"></trkpt>
      <trkpt lat="25.0448093" lon="121.5010173"></trkpt>
      <trkpt lat="25.0449630" lon="121.5011764"></trkpt>
      <trkpt lat="25.0451254" lon="121.5013857"></trkpt>
      <trkpt lat="25.0451597" lon="121.5013439"></trkpt>
      <trkpt lat="25.0451874" lon="121.5013102"></trkpt>
      <trkpt lat="25.0451597" lon="121.5013439"></trkpt>
      <trkpt lat="25.0451254" lon="121.5013857"></trkpt>
      <trkpt lat="25.0457849" lon="121.5022119"></trkpt>
      <trkpt lat="25.0459092" lon="121.5023489"></trkpt>
      <trkpt lat="25.0461427" lon="121.5026226"></trkpt>
      <trkpt lat="25.0465528" lon="121.5030867"></trkpt>
      <trkpt lat="25.0466766" lon="121.5031958"></trkpt>
      <trkpt lat="25.0467916" lon="121.5032516"></trkpt>
      <trkpt lat="25.0469659" lon="121.5033174"></trkpt>
      <trkpt lat="25.0471700" lon="121.5033938"></trkpt>
      <trkpt lat="25.0472101" lon="121.5034160"></trkpt>
      <trkpt lat="25.0472496" lon="121.5034434"></trkpt>
      <trkpt lat="25.0472757" lon="121.5034756"></trkpt>
      <trkpt lat="25.0473073" lon="121.5035674"></trkpt>
      <trkpt lat="25.0473492" lon="121.5036110"></trkpt>
      <trkpt lat="25.0473811" lon="121.5036274"></trkpt>
      <trkpt lat="25.0474136" lon="121.5036328"></trkpt>
      <trkpt lat="25.0475389" lon="121.5036377"></trkpt>
      <trkpt lat="25.0475740" lon="121.5036513"></trkpt>
      <trkpt lat="25.0484810" lon="121.5043345"></trkpt>
      <trkpt lat="25.0486305" lon="121.5045012"></trkpt>
      <trkpt lat="25.0487840" lon="121.5046060"></trkpt>
      <trkpt lat="25.0492211" lon="121.5049042"></trkpt>
      <trkpt lat="25.0492540" lon="121.5049267"></trkpt>
      <trkpt lat="25.0494234" lon="121.5050423"></trkpt>
      <trkpt lat="25.0495905" lon="121.5051286"></trkpt>
      <trkpt lat="25.0497468" lon="121.5051076"></trkpt>
      <trkpt lat="25.0498424" lon="121.5051010"></trkpt>
      <trkpt lat="25.0499536" lon="121.5051098"></trkpt>
      <trkpt lat="25.0500778" lon="121.5051283"></trkpt>
      <trkpt lat="25.0507773" lon="121.5053349"></trkpt>
      <trkpt lat="25.0508604" lon="121.5053594"></trkpt>
      <trkpt lat="25.0509369" lon="121.5053996"></trkpt>
      <trkpt lat="25.0511073" lon="121.5055175"></trkpt>
      <trkpt lat="25.0511746" lon="121.5055507"></trkpt>
      <trkpt lat="25.0511130" lon="121.5057357"></trkpt>
      <trkpt lat="25.0510157" lon="121.5060278"></trkpt>
      <trkpt lat="25.0509988" lon="121.5060639"></trkpt>
      <trkpt lat="25.0509732" lon="121.5060948"></trkpt>
      <trkpt lat="25.0508918" lon="121.5061555"></trkpt>
      <trkpt lat="25.0508629" lon="121.5061972"></trkpt>
      <trkpt lat="25.0508475" lon="121.5062350"></trkpt>
      <trkpt lat="25.0507990" lon="121.5063898"></trkpt>
      <trkpt lat="25.0508185" lon="121.5064517"></trkpt>
      <trkpt lat="25.0508793" lon="121.5064763"></trkpt>
      <trkpt lat="25.0508588" lon="121.5065607"></trkpt>
      <trkpt lat="25.0508310" lon="121.5066487"></trkpt>
      <trkpt lat="25.0506974" lon="121.5068505"></trkpt>
      <trkpt lat="25.0505653" lon="121.5069279"></trkpt>
      <trkpt lat="25.0504335" lon="121.5079626"></trkpt>
      <trkpt lat="25.0504059" lon="121.5081360"></trkpt>
      <trkpt lat="25.0503229" lon="121.5081123"></trkpt>
      <trkpt lat="25.0500692" lon="121.5080398"></trkpt>
      <trkpt lat="25.0496873" lon="121.5079306"></trkpt>
      <trkpt lat="25.0492079" lon="121.5077936"></trkpt>
      <trkpt lat="25.0488072" lon="121.5076791"></trkpt>
      <trkpt lat="25.0487064" lon="121.5076502"></trkpt>
      <trkpt lat="25.0487090" lon="121.5076337"></trkpt>
      <trkpt lat="25.0487232" lon="121.5075446"></trkpt>
      <trkpt lat="25.0487298" lon="121.5074795"></trkpt>
      <trkpt lat="25.0489423" lon="121.5066260"></trkpt>
      <trkpt lat="25.0489992" lon="121.5065628"></trkpt>
      <trkpt lat="25.0490988" lon="121.5061987"></trkpt>
      <trkpt lat="25.0491562" lon="121.5060847"></trkpt>
      <trkpt lat="25.0493776" lon="121.5057535"></trkpt>
      <trkpt lat="25.0503074" lon="121.5040801"></trkpt>
      <trkpt lat="25.0506312" lon="121.5033647"></trkpt>
      <trkpt lat="25.0507989" lon="121.5032143"></trkpt>
      <trkpt lat="25.0540932" lon="121.4971372"></trkpt>
      <trkpt lat="25.0542921" lon="121.4967835"></trkpt>
      <trkpt lat="25.0543133" lon="121.4967151"></trkpt>
      <trkpt lat="25.0544427" lon="121.4964985"></trkpt>
      <trkpt lat="25.0545454" lon="121.4963214"></trkpt>
      <trkpt lat="25.0546290" lon="121.4961604"></trkpt>
      <trkpt lat="25.0548931" lon="121.4954935"></trkpt>
      <trkpt lat="25.0551499" lon="121.4948468"></trkpt>
      <trkpt lat="25.0553688" lon="121.4943109"></trkpt>
      <trkpt lat="25.0554297" lon="121.4941624"></trkpt>
      <trkpt lat="25.0554908" lon="121.4940561"></trkpt>
      <trkpt lat="25.0555518" lon="121.4939685"></trkpt>
      <trkpt lat="25.0556129" lon="121.4939021"></trkpt>
      <trkpt lat="25.0556759" lon="121.4938595"></trkpt>
      <trkpt lat="25.0557389" lon="121.4938357"></trkpt>
      <trkpt lat="25.0557981" lon="121.4938335"></trkpt>
      <trkpt lat="25.0562455" lon="121.4939373"></trkpt>
      <trkpt lat="25.0563319" lon="121.4942440"></trkpt>
      <trkpt lat="25.0565091" lon="121.4948399"></trkpt>
      <trkpt lat="25.0565668" lon="121.4950483"></trkpt>
      <trkpt lat="25.0565865" lon="121.4951325"></trkpt>
      <trkpt lat="25.0568204" lon="121.4961519"></trkpt>
      <trkpt lat="25.0569505" lon="121.4966890"></trkpt>
      <trkpt lat="25.0568886" lon="121.4966936"></trkpt>
      <trkpt lat="25.0567432" lon="121.4967289"></trkpt>
      <trkpt lat="25.0564993" lon="121.4967879"></trkpt>
      <trkpt lat="25.0566358" lon="121.4974576"></trkpt>
      <trkpt lat="25.0567339" lon="121.4979924"></trkpt>
      <trkpt lat="25.0568363" lon="121.4985372"></trkpt>
      <trkpt lat="25.0567129" lon="121.4985700"></trkpt>
      <trkpt lat="25.0567371" lon="121.4987737"></trkpt>
      <trkpt lat="25.0566842" lon="121.4988533"></trkpt>
      <trkpt lat="25.0567953" lon="121.4990143"></trkpt>
      <trkpt lat="25.0568417" lon="121.4990900"></trkpt>
      <trkpt lat="25.0567287" lon="121.4991155"></trkpt>
      <trkpt lat="25.0565810" lon="121.4991504"></trkpt>
      <trkpt lat="25.0564390" lon="121.4991811"></trkpt>
      <trkpt lat="25.0565810" lon="121.4991504"></trkpt>
    </trkseg>
  </trk>
</gpx>
