<?xml version="1.0" encoding="UTF-8"?>
<osm version="0.6" generator="region-graph">
  <node id="4203640358" lat="25.0892733" lon="121.6075971"/>
  <node id="4866659785" lat="25.0236383" lon="121.6091747"/>
  <node id="3490759853" lat="24.9973664" lon="121.6076206"/>
  <node id="2133950313" lat="25.0862325" lon="121.598717"/>
  <node id="4299317612" lat="25.1008223" lon="121.609006"/>
  <node id="3320125086" lat="25.0089155" lon="121.6086916"/>
  <node id="12725167246" lat="25.0869087" lon="121.6015544"/>
  <node id="4299317760" lat="25.0912468" lon="121.5994829"/>
  <node id="6328437291" lat="25.0809789" lon="121.5982033"/>
  <node id="773904719" lat="25.0791758" lon="121.6072044"/>
  <node id="4258014030" lat="24.9848839" lon="121.6034316"/>
  <node id="1662389549" lat="25.1020987" lon="121.6069641"/>
  <node id="7865616288" lat="25.0274979" lon="121.6159659"/>
  <node id="765555021" lat="25.001934" lon="121.6051873"/>
  <node id="3320099059" lat="25.008153" lon="121.6112719"/>
  <node id="2641719145" lat="25.0033775" lon="121.6041364"/>
  <node id="5957263023" lat="24.9999707" lon="121.6118739"/>
  <node id="4203640321" lat="25.0865546" lon="121.6055143"/>
  <node id="1499961419" lat="24.9894224" lon="121.606627"/>
  <node id="1974795485" lat="25.101798" lon="121.6066351"/>
  <node id="4203640817" lat="25.0966703" lon="121.6060086"/>
  <node id="1662389657" lat="25.0911156" lon="121.6019604"/>
  <node id="5321259916" lat="24.9898467" lon="121.6054332"/>
  <node id="12306481569" lat="25.0835961" lon="121.6027514"/>
  <node id="3536372536" lat="24.9946405" lon="121.6100205"/>
  <node id="2667162692" lat="24.9991656" lon="121.6084221"/>
  <node id="2188790974" lat="25.0903844" lon="121.5998448"/>
  <node id="6405710612" lat="25.0981944" lon="121.6047524"/>
  <node id="9595387910" lat="25.0253719" lon="121.6005178"/>
  <node id="11690615109" lat="25.0044475" lon="121.6019641"/>
  <node id="3106536680" lat="25.0844561" lon="121.596749"/>
  <node id="5321308809" lat="24.9829376" lon="121.613462"/>
  <node id="4203640418" lat="25.093196" lon="121.6075223"/>
  <node id="773904694" lat="25.0754166" lon="121.6070622"/>
  <node id="11338674209" lat="25.0095027" lon="121.6032001"/>
  <node id="2133950320" lat="25.0862448" lon="121.5993995"/>
  <node id="4203640376" lat="25.0904755" lon="121.6074324"/>
  <node id="4203892153" lat="25.0848104" lon="121.6068654"/>
  <node id="2314878541" lat="24.9854223" lon="121.603153"/>
  <node id="4258014000" lat="24.9966712" lon="121.6098121"/>
  <node id="5321259868" lat="24.9858645" lon="121.6048636"/>
  <node id="13538880555" lat="25.0276935" lon="121.6015388"/>
  <node id="11690615117" lat="25.0044684" lon="121.6019685"/>
  <node id="2667162685" lat="24.9987" lon="121.6081203"/>
  <node id="4436943847" lat="25.0275263" lon="121.6051087"/>
  <node id="3393326639" lat="25.0967559" lon="121.6065215"/>
  <node id="12843353153" lat="25.0240667" lon="121.6042522"/>
  <node id="3536268750" lat="25.0029911" lon="121.6011157"/>
  <node id="4868065311" lat="25.0827581" lon="121.6054511"/>
  <node id="4420562886" lat="25.082854" lon="121.5998374"/>
  <node id="7059810432" lat="25.0263006" lon="121.6006296"/>
  <node id="4457185396" lat="25.0161941" lon="121.6125789"/>
  <node id="4218556066" lat="25.0268516" lon="121.6017809"/>
  <node id="4409388657" lat="24.9914419" lon="121.6005522"/>
  <node id="10060165345" lat="25.0122585" lon="121.600648"/>
  <node id="5321269865" lat="24.9909646" lon="121.6074081"/>
  <node id="4457178518" lat="25.0256141" lon="121.6007866"/>
  <node id="3314351609" lat="25.0009273" lon="121.6045699"/>
  <node id="7723489863" lat="25.0845527" lon="121.6004533"/>
  <node id="11243707628" lat="24.9992173" lon="121.6066428"/>
  <node id="4457184295" lat="25.0814013" lon="121.6012523"/>
  <node id="5519894150" lat="24.9919646" lon="121.5997536"/>
  <node id="320481071" lat="25.0301244" lon="121.6088919"/>
  <node id="1662389962" lat="25.0977495" lon="121.6041408"/>
  <node id="4798313213" lat="25.0035327" lon="121.6042195"/>
  <node id="11690597295" lat="25.0066668" lon="121.5997947"/>
  <node id="310079437" lat="25.0009975" lon="121.6098971"/>
  <node id="5509162203" lat="25.002882" lon="121.6001628"/>
  <node id="7059810431" lat="25.0263219" lon="121.600582"/>
  <node id="3314351574" lat="24.9999815" lon="121.6048624"/>
  <node id="4203640435" lat="25.0936696" lon="121.6084061"/>
  <node id="8559997095" lat="25.084301" lon="121.5953079"/>
  <node id="3490759881" lat="24.9920897" lon="121.6017532"/>
  <node id="5052027658" lat="25.0039673" lon="121.6042915"/>
  <node id="1502690277" lat="25.0331069" lon="121.6097967"/>
  <node id="1974793800" lat="25.1028279" lon="121.605235"/>
  <node id="317419918" lat="24.9981254" lon="121.6111545"/>
  <node id="1499961420" lat="24.9897683" lon="121.6067441"/>
  <node id="4203640375" lat="25.0904395" lon="121.6074359"/>
  <node id="4457178506" lat="25.02554" lon="121.6027084"/>
  <node id="4436852672" lat="24.9831363" lon="121.6121621"/>
  <node id="305938666" lat="25.0827071" lon="121.6055856"/>
  <node id="2314878550" lat="24.985568" lon="121.603818"/>
  <node id="4896488636" lat="25.0004874" lon="121.6037057"/>
  <node id="1489439413" lat="25.0366344" lon="121.606667"/>
  <node id="4204001495" lat="25.074812" lon="121.6067794"/>
  <node id="4866659807" lat="25.0239738" lon="121.6067594"/>
  <node id="13484779818" lat="25.0122248" lon="121.598685"/>
  <node id="7723417789" lat="25.0756899" lon="121.6070917"/>
  <node id="2188790789" lat="25.0877306" lon="121.6024497"/>
  <node id="4218556078" lat="25.027323" lon="121.6017222"/>
  <node id="4203892178" lat="25.0831647" lon="121.6056309"/>
  <node id="4866659837" lat="25.0269718" lon="121.6128851"/>
  <node id="12843353194" lat="25.0250899" lon="121.6028602"/>
  <node id="4203640813" lat="25.0963083" lon="121.6059076"/>
  <node id="3490759877" lat="24.9925273" lon="121.6024238"/>
  <node id="9101581454" lat="25.096782" lon="121.6065835"/>
  <node id="4299317677" lat="25.1042069" lon="121.6032397"/>
  <node id="5275050467" lat="25.0320478" lon="121.60781"/>
  <node id="4866659813" lat="25.0241244" lon="121.6077358"/>
  <node id="4203640371" lat="25.0901096" lon="121.6072001"/>
  <node id="7059810427" lat="25.0267219" lon="121.6003677"/>
  <node id="10060165351" lat="25.0120294" lon="121.5997864"/>
  <node id="1710532609" lat="25.0831354" lon="121.6041151"/>
  <node id="3937256239" lat="25.0275227" lon="121.6151637"/>
  <node id="3320099035" lat="25.0073556" lon="121.6050972"/>
  <node id="12725167243" lat="25.0868202" lon="121.6015132"/>
  <node id="7059810425" lat="25.0268489" lon="121.6003707"/>
  <node id="2963877017" lat="24.9847232" lon="121.6122173"/>
  <node id="2316815792" lat="25.0023761" lon="121.6048039"/>
  <node id="3320125070" lat="25.0083953" lon="121.6122652"/>
  <node id="12843353173" lat="25.0244702" lon="121.6043602"/>
  <node id="2316797846" lat="25.0014156" lon="121.6077639"/>
  <node id="11338674266" lat="25.0077927" lon="121.5982199"/>
  <node id="5321259869" lat="24.9863089" lon="121.6038868"/>
  <node id="11338674245" lat="25.0121072" lon="121.5991976"/>
  <node id="4203640329" lat="25.0862809" lon="121.6061083"/>
  <node id="13538880303" lat="25.0289688" lon="121.6006996"/>
  <node id="4218556040" lat="25.0250549" lon="121.599597"/>
  <node id="4436943850" lat="25.0283884" lon="121.606223"/>
  <node id="4866659802" lat="25.0230089" lon="121.6065435"/>
  <node id="3320099050" lat="25.007973" lon="121.6031084"/>
  <node id="317419884" lat="24.9987224" lon="121.607457"/>
  <node id="4457178512" lat="25.0255636" lon="121.6013036"/>
  <node id="4218556081" lat="25.0274649" lon="121.6015716"/>
  <node id="11485025036" lat="25.0823472" lon="121.5979586"/>
  <node id="4717571619" lat="25.0963735" lon="121.6047456"/>
  <node id="3490759869" lat="24.9936322" lon="121.6035195"/>
  <node id="1489439496" lat="25.035786" lon="121.61009"/>
  <node id="4299317619" lat="25.1012658" lon="121.6100556"/>
  <node id="11338674246" lat="25.0121188" lon="121.5989267"/>
  <node id="13538880253" lat="25.0289266" lon="121.6009186"/>
  <node id="3314351579" lat="25.0001742" lon="121.6058333"/>
  <node id="4457185401" lat="25.0162598" lon="121.6106048"/>
  <node id="293868343" lat="25.0854754" lon="121.6009911"/>
  <node id="13530108739" lat="25.0237623" lon="121.6096891"/>
  <node id="4420905593" lat="25.0862533" lon="121.6002593"/>
  <node id="4258014004" lat="24.988356" lon="121.6061332"/>
  <node id="2133950387" lat="25.0891708" lon="121.5997789"/>
  <node id="320481058" lat="25.0283052" lon="121.6060823"/>
  <node id="13538880297" lat="25.0291332" lon="121.6006856"/>
  <node id="1502690515" lat="25.0328297" lon="121.6100607"/>
  <node id="8724944622" lat="25.0305389" lon="121.6084962"/>
  <node id="12843353044" lat="25.0285998" lon="121.6072534"/>
  <node id="1489439296" lat="25.0360965" lon="121.6076105"/>
  <node id="2133950262" lat="25.0840655" lon="121.6003834"/>
  <node id="8011301501" lat="25.0317261" lon="121.6077522"/>
  <node id="4203640428" lat="25.0936939" lon="121.6079356"/>
  <node id="4436852459" lat="25.0081481" lon="121.607062"/>
  <node id="2314878623" lat="24.9872059" lon="121.604274"/>
  <node id="11338674192" lat="25.0146697" lon="121.6052299"/>
  <node id="4218556052" lat="25.0261504" lon="121.6006731"/>
  <node id="5321269826" lat="24.994187" lon="121.6087866"/>
  <node id="2667162693" lat="24.9999468" lon="121.6087611"/>
  <node id="1662390051" lat="25.0974592" lon="121.6044317"/>
  <node id="5420241087" lat="25.0910383" lon="121.6011798"/>
  <node id="2963876917" lat="24.9825632" lon="121.6122242"/>
  <node id="4866659839" lat="25.0267128" lon="121.6130856"/>
  <node id="5275050453" lat="25.0317053" lon="121.6079214"/>
  <node id="6405710618" lat="25.0985002" lon="121.6059101"/>
  <node id="1662389887" lat="25.0941359" lon="121.6053638"/>
  <node id="4866659809" lat="25.0243669" lon="121.6066052"/>
  <node id="4436943849" lat="25.0282992" lon="121.6065998"/>
  <node id="4436792387" lat="25.082953" lon="121.6000859"/>
  <node id="4866659815" lat="25.023772" lon="121.6085136"/>
  <node id="4436883378" lat="25.0000896" lon="121.602863"/>
  <node id="4299317769" lat="25.0837128" lon="121.6043563"/>
  <node id="3536372534" lat="24.9905097" lon="121.6076738"/>
  <node id="1662389516" lat="25.0955741" lon="121.6056248"/>
  <node id="661185692" lat="25.0006547" lon="121.602297"/>
  <node id="4203640386" lat="25.0913372" lon="121.6072643"/>
  <node id="2133950242" lat="25.0829497" lon="121.6007611"/>
  <node id="11338674270" lat="25.0076633" lon="121.5989656"/>
  <node id="7865616292" lat="25.0271972" lon="121.6159595"/>
  <node id="10060165339" lat="25.0123618" lon="121.6023096"/>
  <node id="1489439582" lat="25.0370153" lon="121.6086449"/>
  <node id="11338674155" lat="25.0164319" lon="121.6072007"/>
  <node id="13538880284" lat="25.0291253" lon="121.6003557"/>
  <node id="3320125518" lat="25.0170703" lon="121.6074519"/>
  <node id="4203640423" lat="25.0934339" lon="121.6078457"/>
  <node id="5884786300" lat="24.9837435" lon="121.6131833"/>
  <node id="11338674181" lat="25.0163055" lon="121.6062485"/>
  <node id="7203343948" lat="25.1038516" lon="121.6035808"/>
  <node id="12082973711" lat="25.0821556" lon="121.6062875"/>
  <node id="10949063963" lat="25.0860181" lon="121.602089"/>
  <node id="1499961409" lat="24.9885744" lon="121.6063082"/>
  <node id="4427585065" lat="25.0873737" lon="121.60246"/>
  <node id="11338674199" lat="25.0123363" lon="121.6032766"/>
  <node id="13538880232" lat="25.0299011" lon="121.600177"/>
  <node id="4436991207" lat="24.9881005" lon="121.6057372"/>
  <node id="4457185411" lat="25.016442" lon="121.611101"/>
  <node id="3320125071" lat="25.008427" lon="121.6024359"/>
  <node id="11690615112" lat="25.0046638" lon="121.6021783"/>
  <node id="3534582569" lat="25.0007291" lon="121.6052145"/>
  <node id="11338674267" lat="25.0077295" lon="121.5982575"/>
  <node id="4436852477" lat="25.0095336" lon="121.601086"/>
  <node id="3314351598" lat="25.0012846" lon="121.6040429"/>
  <node id="4203892165" lat="25.0842202" lon="121.6064091"/>
  <node id="11338674240" lat="25.0122312" lon="121.5999969"/>
  <node id="4457181680" lat="25.0087041" lon="121.6100587"/>
  <node id="3534582559" lat="25.0013959" lon="121.6058782"/>
  <node id="11690615119" lat="25.0043972" lon="121.6019598"/>
  <node id="4457185421" lat="25.016744" lon="121.6090217"/>
  <node id="13530108736" lat="25.023851" lon="121.609221"/>
  <node id="13538880550" lat="25.02774" lon="121.6014024"/>
  <node id="4299317750" lat="25.0942948" lon="121.6008544"/>
  <node id="2963876984" lat="24.9837253" lon="121.6118297"/>
  <node id="4203892180" lat="25.0829717" lon="121.6055985"/>
  <node id="5321269858" lat="24.9920026" lon="121.6080994"/>
  <node id="10117833024" lat="25.0842639" lon="121.5951873"/>
  <node id="13538880262" lat="25.0273122" lon="121.6018396"/>
  <node id="4436883386" lat="25.0010805" lon="121.6047188"/>
  <node id="9380569666" lat="25.0917597" lon="121.5995982"/>
  <node id="5321308578" lat="24.9974415" lon="121.6122445"/>
  <node id="5275050417" lat="25.0339786" lon="121.6054591"/>
  <node id="1499961435" lat="24.9945715" lon="121.6090736"/>
  <node id="2720444107" lat="25.0788129" lon="121.6070585"/>
  <node id="4203640397" lat="25.0923797" lon="121.6069666"/>
  <node id="2667162697" lat="24.9985992" lon="121.6082261"/>
  <node id="4457185419" lat="25.0165581" lon="121.6089982"/>
  <node id="1489439179" lat="25.0349428" lon="121.6091486"/>
  <node id="5209579663" lat="24.9881471" lon="121.6058975"/>
  <node id="5275050468" lat="25.0322701" lon="121.6076054"/>
  <node id="4258014022" lat="24.9853897" lon="121.6035409"/>
  <node id="1489439590" lat="25.0347006" lon="121.6091152"/>
  <node id="13538880261" lat="25.0273292" lon="121.6018393"/>
  <node id="6328437295" lat="25.0811489" lon="121.6001908"/>
  <node id="1489439233" lat="25.0367442" lon="121.6113158"/>
  <node id="4427585200" lat="25.1044713" lon="121.6029027"/>
  <node id="3314351566" lat="25.0012923" lon="121.6027459"/>
  <node id="13538880282" lat="25.0291517" lon="121.6003483"/>
  <node id="12843353140" lat="25.0232902" lon="121.6044842"/>
  <node id="3534582571" lat="25.0006858" lon="121.6052247"/>
  <node id="3536269208" lat="25.0092978" lon="121.6005845"/>
  <node id="5321259895" lat="24.9887145" lon="121.6063403"/>
  <node id="3937256236" lat="25.0277393" lon="121.6142744"/>
  <node id="3937256229" lat="25.0281768" lon="121.6133444"/>
  <node id="4203640392" lat="25.0919251" lon="121.6071779"/>
  <node id="13538880243" lat="25.0290997" lon="121.6003754"/>
  <node id="11964900809" lat="25.0001125" lon="121.6054002"/>
  <node id="4299317647" lat="25.101074" lon="121.6039612"/>
  <node id="3536268774" lat="25.0046777" lon="121.6019891"/>
  <node id="4218556059" lat="25.0264396" lon="121.6014389"/>
  <node id="5275050435" lat="25.0334463" lon="121.6069559"/>
  <node id="4299317627" lat="25.1020663" lon="121.6117575"/>
  <node id="1499961457" lat="24.9980271" lon="121.6122464"/>
  <node id="4436991228" lat="24.9924775" lon="121.6021354"/>
  <node id="7059810418" lat="25.0270531" lon="121.6002269"/>
  <node id="4436852688" lat="24.9838296" lon="121.610258"/>
  <node id="4419858228" lat="25.0907601" lon="121.5992256"/>
  <node id="4425697911" lat="25.0328966" lon="121.6109926"/>
  <node id="1489439256" lat="25.0359175" lon="121.6070662"/>
  <node id="12843353146" lat="25.0236086" lon="121.6041342"/>
  <node id="13686736451" lat="25.0046685" lon="121.6056758"/>
  <node id="4425697901" lat="25.0288727" lon="121.6074817"/>
  <node id="2963876928" lat="24.9828504" lon="121.6117982"/>
  <node id="12843353170" lat="25.0242982" lon="121.6047652"/>
  <node id="13538880316" lat="25.0286873" lon="121.6006562"/>
  <node id="3314351568" lat="25.0006603" lon="121.6035074"/>
  <node id="5509162190" lat="25.0037725" lon="121.6023539"/>
  <node id="4218556043" lat="25.0253812" lon="121.5998644"/>
  <node id="4203892164" lat="25.0842427" lon="121.6064619"/>
  <node id="11338674231" lat="25.0121844" lon="121.6005032"/>
  <node id="661185818" lat="25.0023005" lon="121.599646"/>
  <node id="3320125072" lat="25.0084952" lon="121.608089"/>
  <node id="11243707624" lat="24.9990514" lon="121.6079711"/>
  <node id="4203892152" lat="25.0848929" lon="121.6070464"/>
  <node id="11338674247" lat="25.0121619" lon="121.5988053"/>
  <node id="3320125145" lat="25.0120336" lon="121.6036496"/>
  <node id="4436852457" lat="25.0080782" lon="121.6069869"/>
  <node id="11690597308" lat="25.0045699" lon="121.6034197"/>
  <node id="4866659808" lat="25.0241755" lon="121.6067058"/>
  <node id="4436869780" lat="25.0142947" lon="121.6139533"/>
  <node id="5321259905" lat="24.9901708" lon="121.6060222"/>
  <node id="4299317759" lat="25.0913719" lon="121.5995369"/>
  <node id="2963876982" lat="24.9836513" lon="121.6103432"/>
  <node id="4457184296" lat="25.0814486" lon="121.6007762"/>
  <node id="11338674263" lat="25.0079039" lon="121.5980583"/>
  <node id="10679766508" lat="25.0305279" lon="121.6081931"/>
  <node id="4457181678" lat="25.00867" lon="121.6102713"/>
  <node id="13538880340" lat="25.0283529" lon="121.6012969"/>
  <node id="3320125083" lat="25.0087952" lon="121.6018954"/>
  <node id="3536268751" lat="25.0027732" lon="121.6008915"/>
  <node id="4457185408" lat="25.0164202" lon="121.6112372"/>
  <node id="7203781472" lat="25.0020364" lon="121.6000751"/>
  <node id="2133950293" lat="25.0856233" lon="121.5987399"/>
  <node id="4952160817" lat="24.9921739" lon="121.6023765"/>
  <node id="5321259898" lat="24.9904984" lon="121.606905"/>
  <node id="4875927920" lat="25.0243541" lon="121.6045614"/>
  <node id="4866659801" lat="25.0227069" lon="121.6066126"/>
  <node id="11338674223" lat="25.0123764" lon="121.6014466"/>
  <node id="320481055" lat="25.0277403" lon="121.6055906"/>
  <node id="4875927918" lat="25.0240363" lon="121.6049597"/>
  <node id="4436991218" lat="24.9906372" lon="121.6066934"/>
  <node id="11461449485" lat="25.0332282" lon="121.6073885"/>
  <node id="2133950287" lat="25.0854913" lon="121.6034585"/>
  <node id="7723489921" lat="25.078188" lon="121.6070992"/>
  <node id="2963877001" lat="24.9844302" lon="121.6121961"/>
  <node id="2963876939" lat="24.9829866" lon="121.6099923"/>
  <node id="4866659790" lat="25.0218556" lon="121.6056289"/>
  <node id="13303016232" lat="25.084433" lon="121.6020893"/>
  <node id="4798313217" lat="25.0043682" lon="121.6054616"/>
  <node id="1489439489" lat="25.0361698" lon="121.6071614"/>
  <node id="5509162168" lat="25.0033694" lon="121.6024855"/>
  <node id="5321269833" lat="24.9954586" lon="121.6096203"/>
  <node id="11690615105" lat="25.0047077" lon="121.6021972"/>
  <node id="13538880327" lat="25.0284788" lon="121.6012042"/>
  <node id="2133950299" lat="25.0858461" lon="121.6036844"/>
  <node id="13686736441" lat="25.0084393" lon="121.6122781"/>
  <node id="5321259878" lat="24.9873079" lon="121.6039098"/>
  <node id="4436852442" lat="25.0074608" lon="121.6058992"/>
  <node id="4457177798" lat="25.0810066" lon="121.6022606"/>
  <node id="1662389718" lat="25.1005824" lon="121.6053043"/>
  <node id="9101592008" lat="25.0968387" lon="121.605812"/>
  <node id="2133950290" lat="25.0855853" lon="121.6021058"/>
  <node id="661185177" lat="25.0079105" lon="121.600492"/>
  <node id="10855689767" lat="25.1008576" lon="121.6096368"/>
  <node id="293848322" lat="25.0806173" lon="121.6071176"/>
  <node id="3937256243" lat="25.0269667" lon="121.6157776"/>
  <node id="5052027693" lat="25.0032685" lon="121.604735"/>
  <node id="5447226446" lat="25.0010351" lon="121.6030734"/>
  <node id="13538880553" lat="25.0277129" lon="121.601451"/>
  <node id="4798314324" lat="25.0028007" lon="121.6042305"/>
  <node id="4299317640" lat="25.1028306" lon="121.6084388"/>
  <node id="6405710619" lat="25.0987534" lon="121.6059388"/>
  <node id="11243726241" lat="24.9922793" lon="121.6029333"/>
  <node id="3314351586" lat="25.0003135" lon="121.6047618"/>
  <node id="4866659824" lat="25.0241998" lon="121.610654"/>
  <node id="4436884202" lat="25.0016467" lon="121.6065449"/>
  <node id="1502690219" lat="25.0327154" lon="121.6101761"/>
  <node id="7702583305" lat="25.0930819" lon="121.6045852"/>
  <node id="4457945309" lat="25.0927757" lon="121.5999063"/>
  <node id="12843353188" lat="25.0234846" lon="121.602313"/>
  <node id="5321269835" lat="24.9956638" lon="121.6097599"/>
  <node id="317419919" lat="24.9980538" lon="121.6117748"/>
  <node id="1489439431" lat="25.0378199" lon="121.6121407"/>
  <node id="4436853090" lat="25.0108092" lon="121.6027731"/>
  <node id="4436839390" lat="25.0171888" lon="121.6077862"/>
  <node id="3320125313" lat="25.0140823" lon="121.6051045"/>
  <node id="2963877040" lat="24.9855424" lon="121.6049704"/>
  <node id="1974795468" lat="25.1029057" lon="121.6064252"/>
  <node id="4203640419" lat="25.0932446" lon="121.6076274"/>
  <node id="5957263026" lat="24.9997094" lon="121.6110078"/>
  <node id="4866659783" lat="25.0238552" lon="121.6093605"/>
  <node id="3314351149" lat="25.0043172" lon="121.5979478"/>
  <node id="1662389466" lat="25.1009141" lon="121.605798"/>
  <node id="3320125080" lat="25.008664" lon="121.6023889"/>
  <node id="13629401842" lat="24.9902031" lon="121.6078538"/>
  <node id="4866659833" lat="25.0264361" lon="121.6118291"/>
  <node id="4436952140" lat="24.9850202" lon="121.603505"/>
  <node id="5420215123" lat="25.1001876" lon="121.6049439"/>
  <node id="1489439454" lat="25.0363403" lon="121.6066379"/>
  <node id="4218556067" lat="25.0269147" lon="121.6017514"/>
  <node id="5275050427" lat="25.0338218" lon="121.6063939"/>
  <node id="1489439488" lat="25.0281527" lon="121.6057781"/>
  <node id="12139768394" lat="25.0275033" lon="121.6064986"/>
  <node id="13538880277" lat="25.0292778" lon="121.6003235"/>
  <node id="7775108657" lat="25.0815978" lon="121.6080681"/>
  <node id="4436852471" lat="25.0093781" lon="121.6016044"/>
  <node id="11243726221" lat="24.9881926" lon="121.6052842"/>
  <node id="317419916" lat="24.9984288" lon="121.6094232"/>
  <node id="4457185407" lat="25.0164159" lon="121.6096124"/>
  <node id="1489439372" lat="25.0271715" lon="121.60466"/>
  <node id="11338674156" lat="25.0166677" lon="121.6073522"/>
  <node id="1489439764" lat="25.0359465" lon="121.6103811"/>
  <node id="4436852466" lat="25.0086045" lon="121.6024895"/>
  <node id="6405710614" lat="25.09833" lon="121.6052018"/>
  <node id="4866659812" lat="25.0241956" lon="121.6072336"/>
  <node id="2667162687" lat="24.9985823" lon="121.6084012"/>
  <node id="11338674233" lat="25.0122451" lon="121.6003396"/>
  <node id="2963876937" lat="24.9830109" lon="121.6098508"/>
  <node id="4218556064" lat="25.0267325" lon="121.601805"/>
  <node id="2133950285" lat="25.0852282" lon="121.6028669"/>
  <node id="1662389476" lat="25.1035171" lon="121.6076615"/>
  <node id="1974793708" lat="25.1034739" lon="121.6041568"/>
  <node id="773904682" lat="25.074176" lon="121.606303"/>
  <node id="3314351607" lat="25.0005955" lon="121.6041274"/>
  <node id="3314351608" lat="25.0008252" lon="121.6045069"/>
  <node id="13538880226" lat="25.0301633" lon="121.6000117"/>
  <node id="3320125118" lat="25.0106463" lon="121.6027872"/>
  <node id="4436991215" lat="24.9902038" lon="121.6055237"/>
  <node id="5321259877" lat="24.9871898" lon="121.6036757"/>
  <node id="2133950214" lat="25.0814074" lon="121.6022527"/>
  <node id="4952160820" lat="24.9921139" lon="121.6025321"/>
  <node id="4255867131" lat="25.0126526" lon="121.5986583"/>
  <node id="4436852685" lat="24.9836994" lon="121.6103909"/>
  <node id="320481807" lat="25.0011677" lon="121.6090361"/>
  <node id="2963876970" lat="24.9835015" lon="121.6102345"/>
  <node id="4447880949" lat="25.0857399" lon="121.6028321"/>
  <node id="13629401857" lat="25.0014076" lon="121.6032685"/>
  <node id="5321259896" lat="24.9896603" lon="121.6067244"/>
  <node id="1499961399" lat="24.9870577" lon="121.6046402"/>
  <node id="4798314326" lat="25.0052863" lon="121.6037206"/>
  <node id="2587459125" lat="25.0845775" lon="121.6002273"/>
  <node id="4203892168" lat="25.0840289" lon="121.6058241"/>
  <node id="4218556058" lat="25.0264031" lon="121.6013155"/>
  <node id="5321308810" lat="24.9826305" lon="121.6125129"/>
  <node id="4436883373" lat="24.9973007" lon="121.6076688"/>
  <node id="10060165327" lat="25.0097927" lon="121.6018491"/>
  <node id="5321259881" lat="24.9872462" lon="121.6042338"/>
  <node id="1489439390" lat="25.0373757" lon="121.6115604"/>
  <node id="1930089954" lat="25.1022852" lon="121.6084602"/>
  <node id="6405534572" lat="25.0952833" lon="121.6021049"/>
  <node id="7685210499" lat="25.00381" lon="121.5985415"/>
  <node id="5275050462" lat="25.0315338" lon="121.6081505"/>
  <node id="4218556069" lat="25.0269597" lon="121.6016602"/>
  <node id="9595434255" lat="25.0279231" lon="121.6065603"/>
  <node id="4436814204" lat="24.9958274" lon="121.6097945"/>
  <node id="4457185415" lat="25.0164426" lon="121.6094488"/>
  <node id="3490759859" lat="24.9951322" lon="121.6059388"/>
  <node id="3490759851" lat="24.9983634" lon="121.6066051"/>
  <node id="661185182" lat="25.0077745" lon="121.5993471"/>
  <node id="4258014026" lat="24.9847143" lon="121.6041812"/>
  <node id="4866659819" lat="25.0238814" lon="121.6098172"/>
  <node id="5507872636" lat="25.0020451" lon="121.6014829"/>
  <node id="4436883369" lat="24.9963271" lon="121.6074932"/>
  <node id="9595183733" lat="25.0266333" lon="121.6138372"/>
  <node id="4436852676" lat="24.9833117" lon="121.6098093"/>
  <node id="7059810420" lat="25.0270345" lon="121.6003506"/>
  <node id="4457945315" lat="25.0953744" lon="121.6007875"/>
  <node id="1489439343" lat="25.0372421" lon="121.6091621"/>
  <node id="5052027639" lat="25.0039499" lon="121.6042803"/>
  <node id="5321259875" lat="24.9869518" lon="121.603475"/>
  <node id="1489439657" lat="25.0376524" lon="121.611837"/>
  <node id="12082973709" lat="25.0817666" lon="121.6067708"/>
  <node id="3320099051" lat="25.0079476" lon="121.6010666"/>
  <node id="13538880319" lat="25.0286368" lon="121.6007858"/>
  <node id="13538880556" lat="25.0273268" lon="121.6018084"/>
  <node id="661185546" lat="25.0000257" lon="121.6030366"/>
  <node id="4436915490" lat="25.030988" lon="121.6088198"/>
  <node id="2720444139" lat="25.0823236" lon="121.6063238"/>
  <node id="13530108737" lat="25.0238674" lon="121.6092478"/>
  <node id="12843353161" lat="25.0243292" lon="121.604031"/>
  <node id="2314878579" lat="24.9861026" lon="121.6036887"/>
  <node id="11338674212" lat="25.009442" lon="121.6025658"/>
  <node id="4203640417" lat="25.0931574" lon="121.6075046"/>
  <node id="4299317641" lat="25.1027128" lon="121.608577"/>
  <node id="1974793783" lat="25.102925" lon="121.6045752"/>
  <node id="13530108742" lat="25.0237441" lon="121.6095328"/>
  <node id="4866659791" lat="25.0218242" lon="121.6059909"/>
  <node id="4203640400" lat="25.0924729" lon="121.6069421"/>
  <node id="4203640436" lat="25.0873299" lon="121.6073144"/>
  <node id="12139768393" lat="25.0268981" lon="121.6064677"/>
  <node id="4299317630" lat="25.1013944" lon="121.6119486"/>
  <node id="5321269839" lat="24.9917862" lon="121.6079174"/>
  <node id="2963876979" lat="24.9836378" lon="121.6093533"/>
  <node id="4436808681" lat="24.9977766" lon="121.6121857"/>
  <node id="5275050430" lat="25.0335217" lon="121.6064571"/>
  <node id="4436943835" lat="25.0261306" lon="121.6034477"/>
  <node id="5275080824" lat="25.0322406" lon="121.6092376"/>
  <node id="2133950245" lat="25.0832769" lon="121.5995651"/>
  <node id="7059810412" lat="25.0272402" lon="121.6000103"/>
  <node id="4436952146" lat="24.9860183" lon="121.6041528"/>
  <node id="5321259860" lat="24.985533" lon="121.6037743"/>
  <node id="4457178520" lat="25.0256372" lon="121.6008738"/>
  <node id="3536268757" lat="25.0058404" lon="121.6009485"/>
  <node id="1489439594" lat="25.0371267" lon="121.6089673"/>
  <node id="4820634484" lat="25.0048199" lon="121.6047431"/>
  <node id="4866659822" lat="25.023758" lon="121.6108545"/>
  <node id="13538880267" lat="25.0295618" lon="121.6001713"/>
  <node id="7723489860" lat="25.0845272" lon="121.6006007"/>
  <node id="4203640354" lat="25.0888218" lon="121.6076402"/>
  <node id="1662389727" lat="25.0979207" lon="121.6040841"/>
  <node id="3320099029" lat="25.0071162" lon="121.6000212"/>
  <node id="4218556063" lat="25.0266389" lon="121.6017956"/>
  <node id="5321259899" lat="24.9906468" lon="121.6069007"/>
  <node id="3320125094" lat="25.0095506" lon="121.601143"/>
  <node id="11338674228" lat="25.012202" lon="121.6010658"/>
  <node id="10060165352" lat="25.012165" lon="121.5993653"/>
  <node id="9595434185" lat="25.0219298" lon="121.6064705"/>
  <node id="4218556082" lat="25.0275825" lon="121.6015452"/>
  <node id="1974793731" lat="25.1035079" lon="121.6040977"/>
  <node id="4420562884" lat="25.0817575" lon="121.5993895"/>
  <node id="5957263019" lat="25.0000497" lon="121.6123148"/>
  <node id="12843353163" lat="25.0243371" lon="121.603982"/>
  <node id="4203640349" lat="25.0882064" lon="121.6074254"/>
  <node id="3320125281" lat="25.0133291" lon="121.6055653"/>
  <node id="13484781945" lat="25.0119134" lon="121.603406"/>
  <node id="4866659820" lat="25.0235825" lon="121.6107016"/>
  <node id="4868065301" lat="25.083105" lon="121.6043667"/>
  <node id="4299317659" lat="25.1046261" lon="121.6024767"/>
  <node id="4203640414" lat="25.0929824" lon="121.6075468"/>
  <node id="2133950384" lat="25.0887412" lon="121.6010473"/>
  <node id="6405710623" lat="25.0994545" lon="121.6059316"/>
  <node id="13629335136" lat="24.999272" lon="121.6040812"/>
  <node id="5321259907" lat="24.990201" lon="121.6058853"/>
  <node id="2502496362" lat="24.9987394" lon="121.6069201"/>
  <node id="4181982285" lat="24.9903611" lon="121.6079955"/>
  <node id="4203892162" lat="25.0843633" lon="121.6065351"/>
  <node id="4436991240" lat="24.9948197" lon="121.6054064"/>
  <node id="3320125090" lat="25.0094109" lon="121.6026652"/>
  <node id="5321259857" lat="24.9853924" lon="121.6030493"/>
  <node id="2133950309" lat="25.0861978" lon="121.6030435"/>
  <node id="1662389543" lat="25.0956822" lon="121.6057204"/>
  <node id="5275050440" lat="25.0343322" lon="121.6049445"/>
  <node id="6404011444" lat="25.0868084" lon="121.5998443"/>
  <node id="4411278202" lat="25.0947268" lon="121.6048678"/>
  <node id="2963876989" lat="24.9837992" lon="121.6102963"/>
  <node id="1974795484" lat="25.1019097" lon="121.6064956"/>
  <node id="1974793787" lat="25.1027489" lon="121.6047616"/>
  <node id="10855689769" lat="25.1012317" lon="121.6099834"/>
  <node id="7865591484" lat="25.0266002" lon="121.6162498"/>
  <node id="293867014" lat="25.0845461" lon="121.6005135"/>
  <node id="4436852990" lat="24.9838797" lon="121.6090824"/>
  <node id="5509162207" lat="24.9999367" lon="121.6051118"/>
  <node id="12843353210" lat="25.0243277" lon="121.601201"/>
  <node id="5420241083" lat="25.0906151" lon="121.6010087"/>
  <node id="4866659842" lat="25.0342395" lon="121.6091667"/>
  <node id="3320125079" lat="25.0086446" lon="121.6020247"/>
  <node id="2302505587" lat="25.08459" lon="121.5977999"/>
  <node id="4256076999" lat="25.0824485" lon="121.597597"/>
  <node id="4299317774" lat="25.0851169" lon="121.6039379"/>
  <node id="4203640820" lat="25.0968113" lon="121.6066286"/>
  <node id="1499961400" lat="24.9872756" lon="121.6047274"/>
  <node id="10855689768" lat="25.1012044" lon="121.6097032"/>
  <node id="1489439566" lat="25.0374327" lon="121.6116359"/>
  <node id="4436884203" lat="25.0017174" lon="121.6051909"/>
  <node id="1499961424" lat="24.9903469" lon="121.6068406"/>
  <node id="12843353209" lat="25.0241476" lon="121.6011742"/>
  <node id="4427426071" lat="25.0167323" lon="121.6069086"/>
  <node id="2314878573" lat="24.98605" lon="121.6042569"/>
  <node id="3490759861" lat="24.9948818" lon="121.6055969"/>
  <node id="10221647960" lat="25.0363234" lon="121.6112709"/>
  <node id="3534582557" lat="25.0012328" lon="121.605609"/>
  <node id="4952160816" lat="24.9922189" lon="121.6023178"/>
  <node id="4952160814" lat="24.9923042" lon="121.6021746"/>
  <node id="4436852480" lat="25.0096017" lon="121.5996014"/>
  <node id="320481057" lat="25.0279777" lon="121.6057812"/>
  <node id="3314351584" lat="25.0008037" lon="121.6052021"/>
  <node id="5321259902" lat="24.9903461" lon="121.6061655"/>
  <node id="4299317654" lat="25.1035376" lon="121.6040535"/>
  <node id="5209579627" lat="24.9980286" lon="121.6125699"/>
  <node id="5321269859" lat="24.9920641" lon="121.608136"/>
  <node id="13538880312" lat="25.0287554" lon="121.6007166"/>
  <node id="11243726239" lat="24.9981793" lon="121.6067635"/>
  <node id="3320125069" lat="25.0084033" lon="121.6020677"/>
  <node id="11338674182" lat="25.0164027" lon="121.6061667"/>
  <node id="13538880308" lat="25.0288324" lon="121.6006705"/>
  <node id="12843353166" lat="25.0244708" lon="121.6038774"/>
  <node id="4457209492" lat="24.9952932" lon="121.6064823"/>
  <node id="2133950278" lat="25.0847547" lon="121.5987497"/>
  <node id="4203640422" lat="25.0933736" lon="121.607799"/>
  <node id="13629401841" lat="24.9902663" lon="121.607953"/>
  <node id="6405534570" lat="25.0949982" lon="121.6019645"/>
  <node id="7723417792" lat="25.0756022" lon="121.6070834"/>
  <node id="4256076993" lat="25.0814091" lon="121.5997537"/>
  <node id="9595387908" lat="25.0255033" lon="121.6006676"/>
  <node id="13538880310" lat="25.0283919" lon="121.6012136"/>
  <node id="9101623321" lat="25.0965214" lon="121.6047166"/>
  <node id="2963876943" lat="24.9830678" lon="121.6096451"/>
  <node id="5052027645" lat="25.0038343" lon="121.604546"/>
  <node id="4203892270" lat="25.0935592" lon="121.6079355"/>
  <node id="4203640328" lat="25.0862572" lon="121.6060651"/>
  <node id="11338674269" lat="25.0075411" lon="121.5984768"/>
  <node id="661185702" lat="24.9991942" lon="121.6042792"/>
  <node id="1502690315" lat="25.0309951" lon="121.6086955"/>
  <node id="3320125098" lat="25.0096989" lon="121.6028462"/>
  <node id="2616258871" lat="25.0806438" lon="121.6023985"/>
  <node id="4181982288" lat="24.9903781" lon="121.6077701"/>
  <node id="10855689766" lat="25.1008892" lon="121.608924"/>
  <node id="1489439304" lat="25.0363976" lon="121.6084709"/>
  <node id="1662390401" lat="25.1037681" lon="121.6080526"/>
  <node id="1489439215" lat="25.0361388" lon="121.607086"/>
  <node id="4299317761" lat="25.0910278" lon="121.5995868"/>
  <node id="3320125085" lat="25.0087444" lon="121.6083921"/>
  <node id="11338674478" lat="25.0080048" lon="121.6072369"/>
  <node id="5321259873" lat="24.98686" lon="121.6036157"/>
  <node id="2667162682" lat="25.001917" lon="121.6001641"/>
  <node id="1489439189" lat="25.0373806" lon="121.6118855"/>
  <node id="4457178507" lat="25.0255303" lon="121.6028848"/>
  <node id="5957263004" lat="24.9986302" lon="121.6087418"/>
  <node id="7059810423" lat="25.0269829" lon="121.6004529"/>
  <node id="1489439537" lat="25.0341707" lon="121.6095437"/>
  <node id="2003900917" lat="25.0818277" lon="121.6065048"/>
  <node id="7059810414" lat="25.0271655" lon="121.6001461"/>
  <node id="320481060" lat="25.0283596" lon="121.606142"/>
  <node id="9101603854" lat="25.0964662" lon="121.6047209"/>
  <node id="5321259836" lat="24.9848276" lon="121.6034"/>
  <node id="2963876935" lat="24.9829447" lon="121.6106343"/>
  <node id="1930089940" lat="25.1020019" lon="121.6074645"/>
  <node id="11243726206" lat="24.9921048" lon="121.6082682"/>
  <node id="2314878540" lat="24.9854337" lon="121.6034031"/>
  <node id="4457178519" lat="25.0256299" lon="121.6009677"/>
  <node id="5321259882" lat="24.9870862" lon="121.6043506"/>
  <node id="2963876980" lat="24.9836905" lon="121.610464"/>
  <node id="4299317735" lat="25.0952849" lon="121.600369"/>
  <node id="1974793764" lat="25.1033139" lon="121.6042729"/>
  <node id="3536372526" lat="24.9911731" lon="121.6073347"/>
  <node id="1489439193" lat="25.0370763" lon="121.6106892"/>
  <node id="4866659818" lat="25.0240151" lon="121.6092297"/>
  <node id="11338674207" lat="25.0111684" lon="121.603286"/>
  <node id="7723489896" lat="25.0738316" lon="121.6060361"/>
  <node id="3393326644" lat="25.0965449" lon="121.6054587"/>
  <node id="1489439672" lat="25.0369344" lon="121.6086427"/>
  <node id="11956344327" lat="25.0784771" lon="121.6122019"/>
  <node id="4457184308" lat="25.0853598" lon="121.6009294"/>
  <node id="3320125510" lat="25.0167827" lon="121.6070576"/>
  <node id="4218555832" lat="25.0372027" lon="121.6109715"/>
  <node id="3320125475" lat="25.0159965" lon="121.6053184"/>
  <node id="11874299224" lat="25.0150589" lon="121.616481"/>
  <node id="4868065296" lat="25.0829721" lon="121.6041848"/>
  <node id="2667162623" lat="25.001209" lon="121.6116868"/>
  <node id="9101564082" lat="25.0973439" lon="121.6082529"/>
  <node id="3314351159" lat="25.0021286" lon="121.6013409"/>
  <node id="3320125505" lat="25.0166998" lon="121.6067558"/>
  <node id="5209579669" lat="24.9882929" lon="121.6057538"/>
  <node id="320481054" lat="25.027492" lon="121.6047436"/>
  <node id="6405710616" lat="25.0983193" lon="121.6054941"/>
  <node id="8552930532" lat="24.9987782" lon="121.6062868"/>
  <node id="2133950264" lat="25.0841654" lon="121.6011043"/>
  <node id="773904724" lat="25.0806738" lon="121.6072407"/>
  <node id="9595183726" lat="25.0270754" lon="121.6127978"/>
  <node id="9595434253" lat="25.0270537" lon="121.6064644"/>
  <node id="1489439541" lat="25.0250624" lon="121.5998682"/>
  <node id="4203640319" lat="25.0866363" lon="121.6058735"/>
  <node id="3320125104" lat="25.0097913" lon="121.601947"/>
  <node id="2502496396" lat="25.0013049" lon="121.6014342"/>
  <node id="3314351154" lat="25.0029262" lon="121.5999645"/>
  <node id="3314351600" lat="25.0014038" lon="121.6042897"/>
  <node id="3320125463" lat="25.015783" lon="121.6052278"/>
  <node id="13538880302" lat="25.0289971" lon="121.6006919"/>
  <node id="2133950265" lat="25.0842221" lon="121.600204"/>
  <node id="3490759875" lat="24.9925711" lon="121.6028891"/>
  <node id="4299317637" lat="25.1030662" lon="121.6088941"/>
  <node id="4436884194" lat="25.0013381" lon="121.6033093"/>
  <node id="5051446206" lat="25.0024513" lon="121.6048032"/>
  <node id="1489439459" lat="25.0375405" lon="121.60851"/>
  <node id="11690615116" lat="25.0046502" lon="121.6021676"/>
  <node id="4258014036" lat="24.9853397" lon="121.6034363"/>
  <node id="4299317738" lat="25.0951532" lon="121.6008058"/>
  <node id="3536372524" lat="24.9949382" lon="121.6091947"/>
  <node id="7865591482" lat="25.0219063" lon="121.6058029"/>
  <node id="2846339957" lat="25.1028553" lon="121.6065466"/>
  <node id="12843353147" lat="25.0236833" lon="121.6040484"/>
  <node id="5275050441" lat="25.0343114" lon="121.6048223"/>
  <node id="4457178510" lat="25.0255533" lon="121.6012346"/>
  <node id="1974793671" lat="25.1030148" lon="121.6056043"/>
  <node id="4299317634" lat="25.1025935" lon="121.6128639"/>
  <node id="2963876992" lat="24.9838642" lon="121.6121978"/>
  <node id="1489439269" lat="25.036541" lon="121.6065179"/>
  <node id="11338674257" lat="25.0032216" lon="121.6028769"/>
  <node id="2963876930" lat="24.9829452" lon="121.6121399"/>
  <node id="13538880250" lat="25.0290438" lon="121.6009675"/>
  <node id="11243726218" lat="24.9883214" lon="121.6052265"/>
  <node id="5957263029" lat="24.9996096" lon="121.6104158"/>
  <node id="4299317657" lat="25.1042576" lon="121.6031543"/>
  <node id="5321269840" lat="24.9918435" lon="121.6079858"/>
  <node id="4436884226" lat="25.004415" lon="121.599241"/>
  <node id="4875927895" lat="25.0268537" lon="121.612203"/>
  <node id="1499961427" lat="24.9914668" lon="121.6075341"/>
  <node id="4436884197" lat="25.0014421" lon="121.6059332"/>
  <node id="1489439548" lat="25.0374133" lon="121.6082939"/>
  <node id="5957263007" lat="24.9989395" lon="121.6090874"/>
  <node id="2963876964" lat="24.9833901" lon="121.6110646"/>
  <node id="2667162688" lat="24.9989487" lon="121.6084444"/>
  <node id="5957263012" lat="24.999338" lon="121.6095267"/>
  <node id="9595183723" lat="25.0271549" lon="121.6122369"/>
  <node id="4203640368" lat="25.0899362" lon="121.6073414"/>
  <node id="3320099006" lat="25.0055041" lon="121.5969934"/>
  <node id="5321259863" lat="24.9859662" lon="121.6037765"/>
  <node id="4203640318" lat="25.0866075" lon="121.6058381"/>
  <node id="11956344329" lat="25.0788027" lon="121.6116891"/>
  <node id="773904953" lat="25.0847315" lon="121.5998332"/>
  <node id="13530108731" lat="25.0232349" lon="121.6083426"/>
  <node id="4875930636" lat="25.0254076" lon="121.6013537"/>
  <node id="317419915" lat="24.9985521" lon="121.6086748"/>
  <node id="2133950237" lat="25.082718" lon="121.6010519"/>
  <node id="3536269207" lat="25.009406" lon="121.6002793"/>
  <node id="2963876973" lat="24.9835215" lon="121.6104106"/>
  <node id="12843353172" lat="25.0243529" lon="121.604609"/>
  <node id="4866659788" lat="25.0234062" lon="121.6078806"/>
  <node id="5321269834" lat="24.9955207" lon="121.6096747"/>
  <node id="11338674268" lat="25.007611" lon="121.5983641"/>
  <node id="1662390023" lat="25.0976221" lon="121.604225"/>
  <node id="4425697906" lat="25.0308431" lon="121.610231"/>
  <node id="1662390064" lat="25.0934232" lon="121.6048881"/>
  <node id="4436852680" lat="24.9834456" lon="121.6100954"/>
  <node id="3320099043" lat="25.0076514" lon="121.600535"/>
  <node id="4413555606" lat="25.0046271" lon="121.5971133"/>
  <node id="4425567296" lat="25.0752186" lon="121.6070018"/>
  <node id="4436869791" lat="25.0154334" lon="121.6152039"/>
  <node id="7059810408" lat="25.0273462" lon="121.5996395"/>
  <node id="1662389780" lat="25.1043102" lon="121.6082744"/>
  <node id="3536268749" lat="25.0034572" lon="121.6010205"/>
  <node id="4427585086" lat="25.1002474" lon="121.6049546"/>
  <node id="1930089936" lat="25.0954672" lon="121.6054656"/>
  <node id="990897810" lat="25.0790035" lon="121.6114181"/>
  <node id="5321308575" lat="24.9967749" lon="121.611716"/>
  <node id="5321259865" lat="24.9860715" lon="121.6038892"/>
  <node id="11243726202" lat="24.9848224" lon="121.6035032"/>
  <node id="4258014010" lat="24.9870518" lon="121.604513"/>
  <node id="1489439663" lat="25.0369705" lon="121.6100067"/>
  <node id="5321269867" lat="24.9906046" lon="121.607211"/>
  <node id="1489439438" lat="25.0360151" lon="121.6070016"/>
  <node id="11338674198" lat="25.0122342" lon="121.6034167"/>
  <node id="10060165353" lat="25.0120877" lon="121.5991145"/>
  <node id="4457177802" lat="25.0825042" lon="121.6017526"/>
  <node id="4436991227" lat="24.9924605" lon="121.6020322"/>
  <node id="4243888974" lat="24.9840491" lon="121.6089782"/>
  <node id="4436884218" lat="25.0022685" lon="121.605287"/>
  <node id="3320125284" lat="25.0134014" lon="121.6054781"/>
  <node id="7723489862" lat="25.0846835" lon="121.6005028"/>
  <node id="11338674193" lat="25.0131779" lon="121.6055987"/>
  <node id="4299317621" lat="25.1016921" lon="121.6103312"/>
  <node id="4299317633" lat="25.102363" lon="121.6126372"/>
  <node id="4203892169" lat="25.0840086" lon="121.6057597"/>
  <node id="4427585195" lat="25.1036588" lon="121.6037714"/>
  <node id="5509162206" lat="25.0041779" lon="121.5981197"/>
  <node id="990899305" lat="25.0813153" lon="121.6085035"/>
  <node id="3314351152" lat="25.003292" lon="121.5990865"/>
  <node id="4203892161" lat="25.0844242" lon="121.606516"/>
  <node id="10060165354" lat="25.0122563" lon="121.5985951"/>
  <node id="4436883374" lat="24.9983874" lon="121.606648"/>
  <node id="2963876948" lat="24.9832107" lon="121.6092429"/>
  <node id="7775108656" lat="25.081477" lon="121.6082817"/>
  <node id="11116148443" lat="25.0847115" lon="121.6006459"/>
  <node id="13538880246" lat="25.0290262" lon="121.6005112"/>
  <node id="4425697907" lat="25.0320567" lon="121.6111056"/>
  <node id="1662389437" lat="25.0984331" lon="121.6048266"/>
  <node id="4218556046" lat="25.0255926" lon="121.6001286"/>
  <node id="4866659787" lat="25.0232932" lon="121.6084868"/>
  <node id="3320125268" lat="25.0127896" lon="121.605578"/>
  <node id="3490759870" lat="24.9935022" lon="121.6034309"/>
  <node id="4203640343" lat="25.0876598" lon="121.607527"/>
  <node id="2133950340" lat="25.0869011" lon="121.6014989"/>
  <node id="4436954778" lat="25.0938778" lon="121.6055238"/>
  <node id="661185701" lat="24.9993682" lon="121.6038762"/>
  <node id="1489439518" lat="25.0359614" lon="121.6070141"/>
  <node id="2502496456" lat="25.0022923" lon="121.5997325"/>
  <node id="2314878621" lat="24.9871014" lon="121.6035042"/>
  <node id="5321308819" lat="24.9835696" lon="121.6103079"/>
  <node id="1974793791" lat="25.1026535" lon="121.6050264"/>
  <node id="7865616294" lat="25.0266894" lon="121.6161225"/>
  <node id="13538880294" lat="25.0292522" lon="121.600707"/>
  <node id="5375860646" lat="25.0841146" lon="121.5952393"/>
  <node id="13530108738" lat="25.0238711" lon="121.609327"/>
  <node id="2667162694" lat="24.9991554" lon="121.608503"/>
  <node id="13686736419" lat="25.0038387" lon="121.605447"/>
  <node id="4436884217" lat="25.0022388" lon="121.6051829"/>
  <node id="3536268760" lat="25.0044947" lon="121.6016079"/>
  <node id="4866659821" lat="25.0236214" lon="121.6108324"/>
  <node id="3320125324" lat="25.0144179" lon="121.6142976"/>
  <node id="1662390030" lat="25.0975538" lon="121.6043235"/>
  <node id="4411278203" lat="25.0950368" lon="121.6049126"/>
  <node id="3536268768" lat="25.0049468" lon="121.6014023"/>
  <node id="2963877009" lat="24.9846276" lon="121.6120263"/>
  <node id="4203640340" lat="25.0872748" lon="121.6072518"/>
  <node id="1974793768" lat="25.1030707" lon="121.6044893"/>
  <node id="4866659825" lat="25.0245279" lon="121.610662"/>
  <node id="4203640396" lat="25.0922824" lon="121.60699"/>
  <node id="4457185416" lat="25.0164481" lon="121.6101982"/>
  <node id="4457185409" lat="25.0164214" lon="121.6103618"/>
  <node id="3393326628" lat="25.096766" lon="121.6092734"/>
  <node id="1489439682" lat="25.0367252" lon="121.6094916"/>
  <node id="1489439534" lat="25.0363911" lon="121.6077254"/>
  <node id="1489439273" lat="25.0348255" lon="121.6091088"/>
  <node id="4218556061" lat="25.026504" lon="121.601691"/>
  <node id="2133950315" lat="25.0862429" lon="121.5994497"/>
  <node id="4866659828" lat="25.025415" lon="121.6102141"/>
  <node id="2963876953" lat="24.9833081" lon="121.609244"/>
  <node id="4436852456" lat="25.0080442" lon="121.6015909"/>
  <node id="4866659805" lat="25.0233382" lon="121.6065535"/>
  <node id="2316815790" lat="25.0029317" lon="121.6033256"/>
  <node id="3314351590" lat="25.0008617" lon="121.6039101"/>
  <node id="1974795464" lat="25.1023088" lon="121.606564"/>
  <node id="12843353211" lat="25.0247233" lon="121.6015114"/>
  <node id="9595183722" lat="25.0267166" lon="121.6121672"/>
  <node id="3314351561" lat="25.0017233" lon="121.6020422"/>
  <node id="1974793795" lat="25.1026308" lon="121.6051768"/>
  <node id="2963876938" lat="24.9829389" lon="121.610839"/>
  <node id="4436869792" lat="25.0154857" lon="121.6124767"/>
  <node id="5275050433" lat="25.03344" lon="121.6067992"/>
  <node id="661185539" lat="24.9988591" lon="121.6057538"/>
  <node id="2963876927" lat="24.9828054" lon="121.6114769"/>
  <node id="4436991226" lat="24.991949" lon="121.5997464"/>
  <node id="3393326636" lat="25.0971722" lon="121.607409"/>
  <node id="12843353197" lat="25.0253962" lon="121.6022929"/>
  <node id="13538880249" lat="25.0290545" lon="121.600998"/>
  <node id="13538880257" lat="25.0287893" lon="121.6007523"/>
  <node id="1489439180" lat="25.0364726" lon="121.6070202"/>
  <node id="4896488639" lat="25.0014754" lon="121.6027748"/>
  <node id="3647239984" lat="25.0822328" lon="121.6019582"/>
  <node id="1489439605" lat="25.0372227" lon="121.6110144"/>
  <node id="13538880356" lat="25.0278016" lon="121.6014171"/>
  <node id="5275050428" lat="25.0336652" lon="121.6063906"/>
  <node id="320481072" lat="25.0306262" lon="121.6098313"/>
  <node id="11338674222" lat="25.0124019" lon="121.6015318"/>
  <node id="4373634506" lat="25.0823148" lon="121.5983928"/>
  <node id="4203640539" lat="25.0918254" lon="121.6068781"/>
  <node id="5321259864" lat="24.986135" lon="121.6036901"/>
  <node id="3320099047" lat="25.007713" lon="121.6038715"/>
  <node id="2963876936" lat="24.9829282" lon="121.6134162"/>
  <node id="1499961402" lat="24.9877077" lon="121.6050316"/>
  <node id="2963876925" lat="24.982772" lon="121.6114045"/>
  <node id="2720444131" lat="25.0821786" lon="121.6064496"/>
  <node id="1662390059" lat="25.0973547" lon="121.6045178"/>
  <node id="1011953152" lat="24.99821" lon="121.6111858"/>
  <node id="4436793191" lat="25.08374" lon="121.6007055"/>
  <node id="11690597309" lat="25.0049166" lon="121.6032767"/>
  <node id="12843353198" lat="25.0254223" lon="121.6021024"/>
  <node id="9595183725" lat="25.0271231" lon="121.6126319"/>
  <node id="1974795460" lat="25.1023879" lon="121.6065981"/>
  <node id="12082973710" lat="25.0818365" lon="121.6068095"/>
  <node id="12725167247" lat="25.0882525" lon="121.6004829"/>
  <node id="13530132204" lat="25.0224942" lon="121.6069009"/>
  <node id="13530108729" lat="25.0230708" lon="121.6080207"/>
  <node id="4411278193" lat="25.0936361" lon="121.6052161"/>
  <node id="4875930621" lat="25.0245059" lon="121.6042167"/>
  <node id="5321259855" lat="24.9854608" lon="121.6037296"/>
  <node id="1489439345" lat="25.0378362" lon="121.6120796"/>
  <node id="12725167250" lat="25.0844603" lon="121.6019808"/>
  <node id="2963876933" lat="24.982912" lon="121.613103"/>
  <node id="4299317732" lat="25.0955147" lon="121.600771"/>
  <node id="4203640366" lat="25.089822" lon="121.6073297"/>
  <node id="4258014035" lat="24.9852779" lon="121.6034131"/>
  <node id="13530108743" lat="25.0237878" lon="121.6094463"/>
  <node id="3937256245" lat="25.0266476" lon="121.6161582"/>
  <node id="3393326646" lat="25.0963131" lon="121.6057679"/>
  <node id="4203640424" lat="25.0934783" lon="121.6078854"/>
  <node id="4875930637" lat="25.0253302" lon="121.6013816"/>
  <node id="4203892166" lat="25.0841818" lon="121.6062944"/>
  <node id="11338674235" lat="25.0123807" lon="121.6003067"/>
  <node id="3536268758" lat="25.005502" lon="121.6011541"/>
  <node id="5420241088" lat="25.0910966" lon="121.6011584"/>
  <node id="773904705" lat="25.0775477" lon="121.6071178"/>
  <node id="13530108733" lat="25.0233382" lon="121.6087483"/>
  <node id="12843353186" lat="25.0234883" lon="121.6024625"/>
  <node id="5321308817" lat="24.9830167" lon="121.6109087"/>
  <node id="2133950215" lat="25.081549" lon="121.6003"/>
  <node id="13484779873" lat="25.0078322" lon="121.6034529"/>
  <node id="10221647963" lat="25.0379181" lon="121.6108262"/>
  <node id="3314351575" lat="24.9999615" lon="121.604926"/>
  <node id="4218556054" lat="25.0262622" lon="121.6007911"/>
  <node id="2963876968" lat="24.983394" lon="121.6102352"/>
  <node id="5052027669" lat="25.0027272" lon="121.6040312"/>
  <node id="5052027649" lat="25.0042947" lon="121.6044777"/>
  <node id="4203640352" lat="25.0884232" lon="121.6075854"/>
  <node id="1662389947" lat="25.101449" lon="121.6060857"/>
  <node id="2641719149" lat="25.002319" lon="121.6053174"/>
  <node id="8552930531" lat="24.9987248" lon="121.6061305"/>
  <node id="13538880274" lat="25.0293525" lon="121.6002557"/>
  <node id="4203892181" lat="25.082849" lon="121.6055758"/>
  <node id="4218556068" lat="25.0269403" lon="121.6017098"/>
  <node id="1011953041" lat="24.9981393" lon="121.6117636"/>
  <node id="4299317613" lat="25.1006877" lon="121.609078"/>
  <node id="4218556041" lat="25.0251506" lon="121.5995806"/>
  <node id="3393326635" lat="25.0971767" lon="121.6077137"/>
  <node id="5447377838" lat="25.0164708" lon="121.6060916"/>
  <node id="4203640314" lat="25.0858153" lon="121.6046775"/>
  <node id="3314351606" lat="25.0018777" lon="121.6053368"/>
  <node id="6405710611" lat="25.0982098" lon="121.6046055"/>
  <node id="2133950232" lat="25.0824838" lon="121.600347"/>
  <node id="2188790783" lat="25.0875644" lon="121.6013389"/>
  <node id="4299317636" lat="25.1032722" lon="121.6091171"/>
  <node id="3937256235" lat="25.0275314" lon="121.6141501"/>
  <node id="4256076994" lat="25.0819207" lon="121.5991456"/>
  <node id="3536269206" lat="25.009561" lon="121.6000333"/>
  <node id="3536269203" lat="25.0098782" lon="121.5981707"/>
  <node id="3937256233" lat="25.0273234" lon="121.6137867"/>
  <node id="4457177800" lat="25.0821143" lon="121.5996886"/>
  <node id="5375860647" lat="25.0841474" lon="121.5953211"/>
  <node id="1930089944" lat="25.1021127" lon="121.6077297"/>
  <node id="7723489857" lat="25.0827267" lon="121.605534"/>
  <node id="5244165193" lat="25.0783404" lon="121.6124743"/>
  <node id="4299317631" lat="25.101892" lon="121.6123229"/>
  <node id="773904707" lat="25.0773027" lon="121.6070218"/>
  <node id="4457185414" lat="25.0164402" lon="121.6092899"/>
  <node id="7059810424" lat="25.0269461" lon="121.6004408"/>
  <node id="661185706" lat="24.9987951" lon="121.6056538"/>
  <node id="11338674148" lat="25.0173871" lon="121.60916"/>
  <node id="4203640405" lat="25.0927413" lon="121.6072445"/>
  <node id="4299317617" lat="25.1012336" lon="121.6097586"/>
  <node id="1662389247" lat="25.1031528" lon="121.6073129"/>
  <node id="10060165341" lat="25.0124092" lon="121.6017008"/>
  <node id="2963876959" lat="24.9832904" lon="121.6125039"/>
  <node id="1489439511" lat="25.0371658" lon="121.6108527"/>
  <node id="5275050450" lat="25.0313873" lon="121.6083161"/>
  <node id="4203640406" lat="25.092791" lon="121.6072526"/>
  <node id="1489439504" lat="25.0346062" lon="121.6091543"/>
  <node id="3937256246" lat="25.0266129" lon="121.6163484"/>
  <node id="4203640433" lat="25.0937817" lon="121.6083034"/>
  <node id="3320125275" lat="25.0130253" lon="121.6056103"/>
  <node id="4299317737" lat="25.0951729" lon="121.6003687"/>
  <node id="11338674195" lat="25.011773" lon="121.6028193"/>
  <node id="5321259912" lat="24.9901883" lon="121.6054899"/>
  <node id="13484779872" lat="25.0077629" lon="121.603748"/>
  <node id="1662390013" lat="25.0940191" lon="121.6055354"/>
  <node id="4203640458" lat="25.0872871" lon="121.6072832"/>
  <node id="13538880222" lat="25.0300965" lon="121.5998152"/>
  <node id="3534582564" lat="25.0013069" lon="121.6058191"/>
  <node id="11338674179" lat="25.0162739" lon="121.6064872"/>
  <node id="4425697902" lat="25.029131" lon="121.6077097"/>
  <node id="9595183721" lat="25.0265048" lon="121.6119591"/>
  <node id="4866659836" lat="25.0271781" lon="121.6123711"/>
  <node id="2616258873" lat="25.0805054" lon="121.6026023"/>
  <node id="3531958230" lat="24.9984457" lon="121.6098048"/>
  <node id="4457945317" lat="25.095427" lon="121.6008175"/>
  <node id="9380569672" lat="25.0901927" lon="121.599452"/>
  <node id="9101623327" lat="25.0913283" lon="121.6019861"/>
  <node id="2133950244" lat="25.0830483" lon="121.6001567"/>
  <node id="10060165349" lat="25.0123029" lon="121.5999614"/>
  <node id="773904958" lat="25.0834369" lon="121.6030219"/>
  <node id="4457184306" lat="25.0845557" lon="121.5974034"/>
  <node id="4203640387" lat="25.0914281" lon="121.6072398"/>
  <node id="12725167241" lat="25.085829" lon="121.6016914"/>
  <node id="3320125327" lat="25.0144881" lon="121.6051946"/>
  <node id="2963876922" lat="24.9826845" lon="121.611379"/>
  <node id="4299317772" lat="25.0847561" lon="121.6041249"/>
  <node id="2133950380" lat="25.0883309" lon="121.6024683"/>
  <node id="10679766507" lat="25.0304932" lon="121.6080449"/>
  <node id="4203640347" lat="25.0879696" lon="121.6073951"/>
  <node id="1489439776" lat="25.0369998" lon="121.6100929"/>
  <node id="5321259911" lat="24.9902282" lon="121.6055828"/>
  <node id="4952160812" lat="24.9924688" lon="121.6020823"/>
  <node id="1710639076" lat="25.0737245" lon="121.6059531"/>
  <node id="2515870565" lat="25.084177" lon="121.5954066"/>
  <node id="3314351616" lat="25.003752" lon="121.6012976"/>
  <node id="4436852451" lat="25.0079186" lon="121.6002636"/>
  <node id="3320125467" lat="25.0158703" lon="121.6124646"/>
  <node id="2641719147" lat="25.0028071" lon="121.6049246"/>
  <node id="3320125091" lat="25.0094109" lon="121.601477"/>
  <node id="10060165338" lat="25.0121011" lon="121.6029118"/>
  <node id="4299317753" lat="25.0933704" lon="121.5998016"/>
  <node id="9595434112" lat="25.0252588" lon="121.5995983"/>
  <node id="320481061" lat="25.0283777" lon="121.6061767"/>
  <node id="12725167245" lat="25.0869391" lon="121.6014897"/>
  <node id="10117833032" lat="25.0841109" lon="121.5952308"/>
  <node id="3490759862" lat="24.9948101" lon="121.6052079"/>
  <node id="2133950225" lat="25.0822828" lon="121.6014082"/>
  <node id="2641719146" lat="25.0031969" lon="121.6042944"/>
  <node id="3320125073" lat="25.0085023" lon="121.6122627"/>
  <node id="3490759847" lat="24.9985131" lon="121.6063324"/>
  <node id="4875930641" lat="25.0242514" lon="121.6011011"/>
  <node id="13484781946" lat="25.0118672" lon="121.6033711"/>
  <node id="3490759857" lat="24.9954429" lon="121.6068967"/>
  <node id="1662389605" lat="25.0927107" lon="121.6042827"/>
  <node id="4436793194" lat="25.084787" lon="121.6068021"/>
  <node id="2133950235" lat="25.0825893" lon="121.6012505"/>
  <node id="13629335134" lat="24.9990168" lon="121.6047779"/>
  <node id="3314351595" lat="25.001484" lon="121.603308"/>
  <node id="3536269226" lat="25.0081599" lon="121.6115914"/>
  <node id="1502690569" lat="25.0332683" lon="121.6073775"/>
  <node id="10060165340" lat="25.0125398" lon="121.6022158"/>
  <node id="1662389205" lat="25.1045529" lon="121.6083004"/>
  <node id="320481081" lat="25.0323319" lon="121.6112042"/>
  <node id="4868065302" lat="25.0829572" lon="121.6043475"/>
  <node id="1662390091" lat="25.0970827" lon="121.6047358"/>
  <node id="9380569660" lat="25.0952607" lon="121.6004812"/>
  <node id="4203640393" lat="25.0919684" lon="121.6071569"/>
  <node id="4299317620" lat="25.1014813" lon="121.6101878"/>
  <node id="9595434248" lat="25.0266368" lon="121.6065106"/>
  <node id="773904704" lat="25.0768613" lon="121.6071671"/>
  <node id="4411278198" lat="25.0940561" lon="121.6055077"/>
  <node id="10060165346" lat="25.0121832" lon="121.6004388"/>
  <node id="4299317645" lat="25.1001698" lon="121.6036716"/>
  <node id="13247130623" lat="25.0244185" lon="121.6066139"/>
  <node id="5509162171" lat="25.0020805" lon="121.6014223"/>
  <node id="5321259867" lat="24.9859443" lon="121.6046676"/>
  <node id="1662389463" lat="25.1027994" lon="121.6071197"/>
  <node id="5321269830" lat="24.99475" lon="121.6092354"/>
  <node id="5321259854" lat="24.9854169" lon="121.6036543"/>
  <node id="4436991201" lat="24.9867355" lon="121.603803"/>
  <node id="4457178523" lat="25.0256742" lon="121.6015282"/>
  <node id="4420905594" lat="25.0865627" lon="121.6002592"/>
  <node id="11243707629" lat="24.9991541" lon="121.6068774"/>
  <node id="1974795450" lat="25.1027064" lon="121.6065654"/>
  <node id="11338674226" lat="25.0121783" lon="121.6012736"/>
  <node id="4457185398" lat="25.0162464" lon="121.6106853"/>
  <node id="5321259840" lat="24.9853088" lon="121.60342"/>
  <node id="3314351602" lat="25.0012905" lon="121.604871"/>
  <node id="4798314540" lat="25.0053775" lon="121.6037845"/>
  <node id="4299317775" lat="25.0853121" lon="121.6040355"/>
  <node id="3314351588" lat="25.0005505" lon="121.6041743"/>
  <node id="4436852452" lat="25.0079719" lon="121.6009647"/>
  <node id="13538880255" lat="25.0288768" lon="121.6008385"/>
  <node id="4436869784" lat="25.0147711" lon="121.6129132"/>
  <node id="4203640410" lat="25.0927529" lon="121.6074371"/>
  <node id="3393326647" lat="25.0962864" lon="121.6058352"/>
  <node id="4457178517" lat="25.0256032" lon="121.6010696"/>
  <node id="11338674197" lat="25.012168" lon="121.6036293"/>
  <node id="4427585194" lat="25.1030582" lon="121.6087203"/>
  <node id="3393326641" lat="25.0965838" lon="121.6058852"/>
  <node id="4875930628" lat="25.0239846" lon="121.601737"/>
  <node id="4436991197" lat="24.9863672" lon="121.6038341"/>
  <node id="12843353181" lat="25.0236985" lon="121.601969"/>
  <node id="661185551" lat="25.0010103" lon="121.6019522"/>
  <node id="4954876323" lat="25.0839818" lon="121.6057293"/>
  <node id="4436852461" lat="25.00819" lon="121.6072128"/>
  <node id="3320099060" lat="25.008057" lon="121.6109303"/>
  <node id="5447377837" lat="25.0149478" lon="121.6125054"/>
  <node id="13530108734" lat="25.0234585" lon="121.6090018"/>
  <node id="7059810407" lat="25.0273204" lon="121.5995731"/>
  <node id="3536268754" lat="25.0067304" lon="121.5997187"/>
  <node id="4425697903" lat="25.0295489" lon="121.6082904"/>
  <node id="4458653090" lat="25.0836506" lon="121.6035666"/>
  <node id="7059810404" lat="25.0273228" lon="121.5991212"/>
  <node id="4427585064" lat="25.0873644" lon="121.603508"/>
  <node id="13538880552" lat="25.0277138" lon="121.6014235"/>
  <node id="2133950371" lat="25.0877033" lon="121.6041343"/>
  <node id="1489439368" lat="25.0365023" lon="121.6065081"/>
  <node id="3314351604" lat="25.0016651" lon="121.6051292"/>
  <node id="11338674216" lat="25.0122117" lon="121.6025282"/>
  <node id="2314878617" lat="24.9870003" lon="121.6034577"/>
  <node id="4409388663" lat="24.9922124" lon="121.599536"/>
  <node id="2133950366" lat="25.0874889" lon="121.6037434"/>
  <node id="3320125096" lat="25.0096126" lon="121.6028771"/>
  <node id="4218556062" lat="25.0265696" lon="121.6017594"/>
  <node id="12843353182" lat="25.0237623" lon="121.6018791"/>
  <node id="2133950273" lat="25.0844634" lon="121.6023098"/>
  <node id="6193996310" lat="25.0756386" lon="121.6070875"/>
  <node id="9380569662" lat="25.0952397" lon="121.6009001"/>
  <node id="11338674474" lat="25.0089977" lon="121.6090702"/>
  <node id="9101623322" lat="25.0962848" lon="121.6048311"/>
  <node id="1662389397" lat="25.0961068" lon="121.6057724"/>
  <node id="4198077574" lat="24.9901846" lon="121.6060761"/>
  <node id="1662389211" lat="25.0916282" lon="121.6022327"/>
  <node id="4453670493" lat="25.0033901" lon="121.602764"/>
  <node id="5321259909" lat="24.9902468" lon="121.6057952"/>
  <node id="661185542" lat="24.9993784" lon="121.6040338"/>
  <node id="5957263002" lat="24.9987004" lon="121.6085778"/>
  <node id="1499961458" lat="24.9981191" lon="121.6122482"/>
  <node id="12843353204" lat="25.0241069" lon="121.6011923"/>
  <node id="11874299225" lat="25.0082679" lon="121.6018117"/>
  <node id="5447377839" lat="25.0165365" lon="121.6059896"/>
  <node id="7702583346" lat="25.0847244" lon="121.5980252"/>
  <node id="4457178504" lat="25.0251196" lon="121.6000217"/>
  <node id="4875930630" lat="25.0243419" lon="121.6021031"/>
  <node id="3320099014" lat="25.0062217" lon="121.5974371"/>
  <node id="5209965755" lat="24.9858228" lon="121.6051271"/>
  <node id="3320125358" lat="25.0155966" lon="121.6052358"/>
  <node id="3490759849" lat="24.9976951" lon="121.6072216"/>
  <node id="2188790844" lat="25.0883911" lon="121.602436"/>
  <node id="8011301496" lat="25.0321294" lon="121.610245"/>
  <node id="5209579665" lat="24.9882835" lon="121.6058588"/>
  <node id="13538880351" lat="25.0280647" lon="121.6015875"/>
  <node id="12843353141" lat="25.0234804" lon="121.6044514"/>
  <node id="2667162677" lat="25.0018635" lon="121.6002767"/>
  <node id="4299317764" lat="25.0905932" lon="121.5992141"/>
  <node id="4436869793" lat="25.0157239" lon="121.6123922"/>
  <node id="11690615107" lat="25.0043372" lon="121.6019228"/>
  <node id="13538880322" lat="25.028645" lon="121.6009558"/>
  <node id="4866659810" lat="25.024455" lon="121.6066441"/>
  <node id="1662390285" lat="25.0916828" lon="121.6024566"/>
  <node id="9380569664" lat="25.0938002" lon="121.6000397"/>
  <node id="1662389362" lat="25.1024873" lon="121.6070641"/>
  <node id="2667162699" lat="24.9988526" lon="121.6083099"/>
  <node id="2314878542" lat="24.9854524" lon="121.6035865"/>
  <node id="5519894152" lat="24.9914111" lon="121.6004353"/>
  <node id="1662389425" lat="25.096053" lon="121.6058335"/>
  <node id="3106536677" lat="25.0845303" lon="121.5972202"/>
  <node id="7865616291" lat="25.0272336" lon="121.6159477"/>
  <node id="4203892170" lat="25.0839252" lon="121.6057218"/>
  <node id="2720444146" lat="25.0825937" lon="121.6057712"/>
  <node id="4784210637" lat="25.0738426" lon="121.6060446"/>
  <node id="1502690924" lat="25.0334561" lon="121.6073676"/>
  <node id="11338674178" lat="25.0162946" lon="121.6065274"/>
  <node id="2963876945" lat="24.9830146" lon="121.613528"/>
  <node id="13538880286" lat="25.0291295" lon="121.6003892"/>
  <node id="4457945306" lat="25.0904142" lon="121.5992131"/>
  <node id="4436852487" lat="25.0101078" lon="121.6026222"/>
  <node id="3490759885" lat="24.9914065" lon="121.6014026"/>
  <node id="4457185397" lat="25.0162281" lon="121.6125139"/>
  <node id="4409388632" lat="24.9915239" lon="121.6015447"/>
  <node id="5321259920" lat="24.9917811" lon="121.6076191"/>
  <node id="4203892172" lat="25.083773" lon="121.6057257"/>
  <node id="4203640402" lat="25.0926155" lon="121.6071114"/>
  <node id="2314878749" lat="24.9901857" lon="121.605931"/>
  <node id="4299317752" lat="25.0937531" lon="121.5999966"/>
  <node id="3320125087" lat="25.009011" lon="121.6092852"/>
  <node id="4866659827" lat="25.0251938" lon="121.6105601"/>
  <node id="11338674191" lat="25.0148569" lon="121.6052406"/>
  <node id="4299317632" lat="25.1021939" lon="121.6125827"/>
  <node id="8724989069" lat="25.0372622" lon="121.6112003"/>
  <node id="1930089961" lat="25.1024958" lon="121.6084562"/>
  <node id="2667162696" lat="24.9987796" lon="121.6082462"/>
  <node id="2133950331" lat="25.0866836" lon="121.6026095"/>
  <node id="4203640830" lat="25.0966333" lon="121.6097505"/>
  <node id="3314351150" lat="25.0040123" lon="121.5983174"/>
  <node id="4875930624" lat="25.0246736" lon="121.6037487"/>
  <node id="9595183720" lat="25.0264081" lon="121.611675"/>
  <node id="1974793600" lat="25.1030703" lon="121.6059408"/>
  <node id="4218556056" lat="25.0263017" lon="121.6011378"/>
  <node id="3536269209" lat="25.0092851" lon="121.6007514"/>
  <node id="661185695" lat="25.0002415" lon="121.6027222"/>
  <node id="1499961444" lat="24.9960183" lon="121.611131"/>
  <node id="13538880301" lat="25.0290314" lon="121.6006695"/>
  <node id="12843353168" lat="25.0240874" lon="121.6049322"/>
  <node id="4875930626" lat="25.0235684" lon="121.6026335"/>
  <node id="2133950239" lat="25.0828138" lon="121.6017058"/>
  <node id="2963876926" lat="24.9827445" lon="121.6126489"/>
  <node id="320481068" lat="25.0297222" lon="121.6084778"/>
  <node id="11338674158" lat="25.0167515" lon="121.6072878"/>
  <node id="3536268779" lat="25.004291" lon="121.5996112"/>
  <node id="4181984298" lat="24.9916589" lon="121.6076005"/>
  <node id="4798314322" lat="25.0036626" lon="121.6053945"/>
  <node id="7059810403" lat="25.0273411" lon="121.5990534"/>
  <node id="1662389756" lat="25.1054493" lon="121.6089396"/>
  <node id="2133950276" lat="25.0846038" lon="121.599675"/>
  <node id="1499961426" lat="24.9913275" lon="121.6074402"/>
  <node id="7059810402" lat="25.0273657" lon="121.5989884"/>
  <node id="3106536682" lat="25.0844062" lon="121.5965248"/>
  <node id="9101564083" lat="25.0973537" lon="121.6086077"/>
  <node id="5957263034" lat="24.9986416" lon="121.608687"/>
  <node id="9101623328" lat="25.0914104" lon="121.6020147"/>
  <node id="293848320" lat="25.0838149" lon="121.602092"/>
  <node id="2314878607" lat="24.986677" lon="121.6038144"/>
  <node id="1499961429" lat="24.992056" lon="121.6078066"/>
  <node id="2133950308" lat="25.0861893" lon="121.6041176"/>
  <node id="4457185405" lat="25.0163551" lon="121.611439"/>
  <node id="4866659798" lat="25.022534" lon="121.6068945"/>
  <node id="4878039316" lat="25.0783735" lon="121.6070217"/>
  <node id="11243726219" lat="24.988381" lon="121.6052748"/>
  <node id="10060165344" lat="25.0122452" lon="121.6009095"/>
  <node id="4203892167" lat="25.0841" lon="121.6060633"/>
  <node id="3490759852" lat="24.9974439" lon="121.6075318"/>
  <node id="739456093" lat="25.0009595" lon="121.6104878"/>
  <node id="5509162169" lat="25.0021787" lon="121.601505"/>
  <node id="1974795451" lat="25.1018444" lon="121.6065555"/>
  <node id="5052027638" lat="25.0040383" lon="121.6043351"/>
  <node id="1011953132" lat="24.9981226" lon="121.6124059"/>
  <node id="5321259835" lat="24.9847282" lon="121.6034857"/>
  <node id="11338674248" lat="25.0122117" lon="121.5987235"/>
  <node id="4866659803" lat="25.0231699" lon="121.6064322"/>
  <node id="661185185" lat="25.0075404" lon="121.5986317"/>
  <node id="7059810417" lat="25.0270561" lon="121.600181"/>
  <node id="3534582562" lat="25.0016582" lon="121.606181"/>
  <node id="1489439676" lat="25.0364509" lon="121.6064959"/>
  <node id="8011301497" lat="25.0324563" lon="121.6102255"/>
  <node id="4436943838" lat="25.0263171" lon="121.6035785"/>
  <node id="773904966" lat="25.0829717" lon="121.6052967"/>
  <node id="11338674201" lat="25.0122816" lon="121.6031197"/>
  <node id="7059810429" lat="25.0265287" lon="121.6004476"/>
  <node id="1930089949" lat="25.1022566" lon="121.6078635"/>
  <node id="1499961448" lat="24.9968467" lon="121.6117029"/>
  <node id="11338674265" lat="25.0078948" lon="121.5981106"/>
  <node id="13530132145" lat="25.0227901" lon="121.6065831"/>
  <node id="3180206785" lat="24.9986927" lon="121.6082871"/>
  <node id="3536268770" lat="25.0040979" lon="121.6019787"/>
  <node id="4256076996" lat="25.0822742" lon="121.5985302"/>
  <node id="13484779819" lat="25.0122382" lon="121.598634"/>
  <node id="4411278199" lat="25.0940995" lon="121.6054545"/>
  <node id="661185183" lat="25.0077032" lon="121.5991917"/>
  <node id="5957263016" lat="24.9994868" lon="121.6101295"/>
  <node id="3051841938" lat="25.0022937" lon="121.599521"/>
  <node id="4299317609" lat="25.1013143" lon="121.6089029"/>
  <node id="4952162833" lat="24.9922786" lon="121.6017604"/>
  <node id="4436852687" lat="24.983731" lon="121.6102685"/>
  <node id="3490759848" lat="24.9978811" lon="121.607062"/>
  <node id="5033755056" lat="25.005756" lon="121.5971644"/>
  <node id="5275080826" lat="25.0326732" lon="121.6094039"/>
  <node id="773904691" lat="25.0762002" lon="121.6071994"/>
  <node id="3320125339" lat="25.0150883" lon="121.6053257"/>
  <node id="5509162205" lat="25.0044386" lon="121.5977597"/>
  <node id="13629401856" lat="25.0014513" lon="121.6032766"/>
  <node id="12843353047" lat="25.0283384" lon="121.6064272"/>
  <node id="661185697" lat="24.9999291" lon="121.603032"/>
  <node id="11690615106" lat="25.0042416" lon="121.6018132"/>
  <node id="4952162823" lat="24.9923219" lon="121.6028121"/>
  <node id="4868065288" lat="25.0843608" lon="121.6015795"/>
  <node id="4218556072" lat="25.0271517" lon="121.6016441"/>
  <node id="1489439320" lat="25.033786" lon="121.609932"/>
  <node id="3320125078" lat="25.0085644" lon="121.6114689"/>
  <node id="9595183727" lat="25.0267527" lon="121.6130193"/>
  <node id="2963876947" lat="24.9831772" lon="121.6136029"/>
  <node id="2667162686" lat="25.0011507" lon="121.6091327"/>
  <node id="4436991202" lat="24.9870666" lon="121.6034693"/>
  <node id="13538880309" lat="25.0288139" lon="121.6006963"/>
  <node id="1662389523" lat="25.09519" lon="121.6050228"/>
  <node id="3393326632" lat="25.0972739" lon="121.6088767"/>
  <node id="4218556060" lat="25.0264554" lon="121.6016387"/>
  <node id="9595434251" lat="25.0268355" lon="121.6064604"/>
  <node id="4299317649" lat="25.1008325" lon="121.6048067"/>
  <node id="3314351572" lat="25.0000729" lon="121.6047029"/>
  <node id="13538880339" lat="25.0284146" lon="121.6012807"/>
  <node id="320481065" lat="25.0286423" lon="121.6073084"/>
  <node id="4436915492" lat="25.0310175" lon="121.61041"/>
  <node id="12843353164" lat="25.0243784" lon="121.603929"/>
  <node id="4420905590" lat="25.0856235" lon="121.6002819"/>
  <node id="4436991237" lat="24.9946569" lon="121.6047439"/>
  <node id="990897806" lat="25.0810335" lon="121.6088691"/>
  <node id="4299317733" lat="25.0954805" lon="121.600805"/>
  <node id="317419917" lat="24.998255" lon="121.6103885"/>
  <node id="3320125320" lat="25.0142515" lon="121.6142094"/>
  <node id="5957263008" lat="24.9990158" lon="121.6091829"/>
  <node id="13142682278" lat="24.9947386" lon="121.6050059"/>
  <node id="7702583353" lat="25.0876214" lon="121.6020508"/>
  <node id="1499961439" lat="24.9947" lon="121.610162"/>
  <node id="1662389400" lat="25.0963303" lon="121.60478"/>
  <node id="661185547" lat="25.0002859" lon="121.6027845"/>
  <node id="1499961412" lat="24.9888018" lon="121.6063563"/>
  <node id="13484779870" lat="25.0075731" lon="121.6041173"/>
  <node id="1499961422" lat="24.989951" lon="121.6067621"/>
  <node id="320481048" lat="25.0270315" lon="121.6045501"/>
  <node id="3314351613" lat="25.003291" lon="121.6017434"/>
  <node id="7059810411" lat="25.0272697" lon="121.5998765"/>
  <node id="4299317618" lat="25.1012433" lon="121.6098974"/>
  <node id="4299317734" lat="25.0952792" lon="121.6006489"/>
  <node id="4203640338" lat="25.0872533" lon="121.6071373"/>
  <node id="9595183730" lat="25.0265607" lon="121.6137163"/>
  <node id="13530108735" lat="25.0235812" lon="121.6091399"/>
  <node id="2720444147" lat="25.0826377" lon="121.6059548"/>
  <node id="5509162166" lat="25.0031699" lon="121.6015281"/>
  <node id="4436943844" lat="25.0273621" lon="121.604667"/>
  <node id="2963876941" lat="24.983058" lon="121.6104114"/>
  <node id="3320125524" lat="25.0173437" lon="121.6086331"/>
  <node id="4299317656" lat="25.1040123" lon="121.6034546"/>
  <node id="4203640540" lat="25.0918212" lon="121.6069341"/>
  <node id="1662390259" lat="25.1048992" lon="121.6082892"/>
  <node id="4258014007" lat="24.9875506" lon="121.6047518"/>
  <node id="4875930633" lat="25.0253682" lon="121.6024102"/>
  <node id="1499961403" lat="24.9879258" lon="121.6054507"/>
  <node id="5052027719" lat="25.0050896" lon="121.6038942"/>
  <node id="4436954776" lat="25.0917783" lon="121.6031383"/>
  <node id="4299317773" lat="25.0848997" lon="121.6040029"/>
  <node id="775379692" lat="25.0804406" lon="121.607138"/>
  <node id="1489439275" lat="25.0366741" lon="121.6076898"/>
  <node id="1662389783" lat="25.1015252" lon="121.6065384"/>
  <node id="4457945311" lat="25.0951879" lon="121.6003321"/>
  <node id="5957263028" lat="24.9995545" lon="121.6102653"/>
  <node id="4866659795" lat="25.0220556" lon="121.6065543"/>
  <node id="2133950248" lat="25.08334" lon="121.6014749"/>
  <node id="4427585201" lat="25.1049878" lon="121.6083375"/>
  <node id="1499961443" lat="24.9954511" lon="121.6106713"/>
  <node id="2133950378" lat="25.0882276" lon="121.6013929"/>
  <node id="4198077573" lat="24.9902439" lon="121.6056418"/>
  <node id="2667162698" lat="24.998776" lon="121.6083602"/>
  <node id="13538880298" lat="25.0291274" lon="121.6006433"/>
  <node id="1662390094" lat="25.0921551" lon="121.6037936"/>
  <node id="4436852482" lat="25.0096946" lon="121.5990784"/>
  <node id="2316838375" lat="25.0016507" lon="121.6065071"/>
  <node id="4457184294" lat="25.0813964" lon="121.6018142"/>
  <node id="1489439769" lat="25.0377987" lon="121.6121802"/>
  <node id="2979021643" lat="25.0816738" lon="121.6067652"/>
  <node id="11243726198" lat="24.9849032" lon="121.6040678"/>
  <node id="12725167244" lat="25.0868979" lon="121.6014457"/>
  <node id="3320125348" lat="25.0151968" lon="121.6053163"/>
  <node id="3320125520" lat="25.01728" lon="121.6087236"/>
  <node id="3536372532" lat="24.991037" lon="121.6077572"/>
  <node id="3536372531" lat="24.9911463" lon="121.6077123"/>
  <node id="1489439402" lat="25.0364676" lon="121.6088535"/>
  <node id="4436954767" lat="25.088527" lon="121.6013681"/>
  <node id="8497879005" lat="25.0845342" lon="121.5965044"/>
  <node id="4436852438" lat="25.0068294" lon="121.5992608"/>
  <node id="2314878624" lat="24.9872817" lon="121.6038318"/>
  <node id="4457181674" lat="25.0085692" lon="121.6110625"/>
  <node id="1499961401" lat="24.9874164" lon="121.6047059"/>
  <node id="5052027664" lat="25.0034779" lon="121.6041592"/>
  <node id="2314878554" lat="24.9858262" lon="121.6038489"/>
  <node id="1489439291" lat="25.0373366" lon="121.611494"/>
  <node id="13538880260" lat="25.0273386" lon="121.6018473"/>
  <node id="4203640416" lat="25.0931056" lon="121.6074894"/>
  <node id="13538880315" lat="25.0287097" lon="121.6006619"/>
  <node id="4131880981" lat="25.0372768" lon="121.6112689"/>
  <node id="5321308574" lat="24.9963329" lon="121.611441"/>
  <node id="3536268771" lat="25.0038334" lon="121.6017718"/>
  <node id="773904967" lat="25.0830362" lon="121.6049379"/>
  <node id="4896488640" lat="25.0014503" lon="121.6029153"/>
  <node id="775382028" lat="25.0882498" lon="121.6004591"/>
  <node id="12843353155" lat="25.0241445" lon="121.604263"/>
  <node id="2963877046" lat="24.985791" lon="121.6054179"/>
  <node id="2314878556" lat="24.9858982" lon="121.6047707"/>
  <node id="3314351621" lat="25.0032327" lon="121.6001321"/>
  <node id="3393326630" lat="25.0969223" lon="121.6090146"/>
  <node id="11461449486" lat="25.0330848" lon="121.6073912"/>
  <node id="2963877016" lat="24.9847253" lon="121.612082"/>
  <node id="3320125076" lat="25.0085406" lon="121.6025143"/>
  <node id="4299317614" lat="25.1008008" lon="121.60935"/>
  <node id="5321259894" lat="24.9882085" lon="121.6059943"/>
  <node id="11338674183" lat="25.0165972" lon="121.6058528"/>
  <node id="12725167240" lat="25.0859083" lon="121.6016315"/>
  <node id="2133950337" lat="25.0868561" lon="121.6027906"/>
  <node id="1489439632" lat="25.0371146" lon="121.6084204"/>
  <node id="4457181675" lat="25.0085753" lon="121.6111926"/>
  <node id="4203892179" lat="25.0830981" lon="121.6056205"/>
  <node id="11690615131" lat="25.0034542" lon="121.6027057"/>
  <node id="2667162675" lat="25.0019973" lon="121.6001981"/>
  <node id="5321259893" lat="24.9880877" lon="121.6056764"/>
  <node id="2963876962" lat="24.9833289" lon="121.6113191"/>
  <node id="5447377831" lat="25.0153571" lon="121.6156133"/>
  <node id="4436884191" lat="25.0012944" lon="121.6046705"/>
  <node id="4436852481" lat="25.0096357" lon="121.5994157"/>
  <node id="4436991203" lat="24.9871117" lon="121.6043298"/>
  <node id="7775108667" lat="25.0816589" lon="121.6079336"/>
  <node id="2502496364" lat="24.9987703" lon="121.6085246"/>
  <node id="305938517" lat="25.0881101" lon="121.5993647"/>
  <node id="3937256231" lat="25.027618" lon="121.6134807"/>
  <node id="372592594" lat="25.0000717" lon="121.6128839"/>
  <node id="4427426069" lat="25.0161296" lon="121.6054736"/>
  <node id="4420905600" lat="25.0948576" lon="121.6015964"/>
  <node id="11338674150" lat="25.0174637" lon="121.6088971"/>
  <node id="13538880325" lat="25.0284922" lon="121.6011767"/>
  <node id="11338674194" lat="25.0122664" lon="121.6053593"/>
  <node id="4203640324" lat="25.0862545" lon="121.6056862"/>
  <node id="4868065299" lat="25.083155" lon="121.6043053"/>
  <node id="1662389489" lat="25.0959117" lon="121.605859"/>
  <node id="4866659826" lat="25.0248973" lon="121.6106674"/>
  <node id="4203892154" lat="25.0847746" lon="121.6066846"/>
  <node id="2302505588" lat="25.0842367" lon="121.5956355"/>
  <node id="1662390107" lat="25.0936827" lon="121.6052689"/>
  <node id="4218556051" lat="25.0261066" lon="121.6005927"/>
  <node id="2314878619" lat="24.9870676" lon="121.6043771"/>
  <node id="4218556077" lat="25.0273334" lon="121.6017912"/>
  <node id="7865591479" lat="25.0218" lon="121.6061224"/>
  <node id="4218556053" lat="25.0262299" lon="121.6007341"/>
  <node id="1662389749" lat="25.1015145" lon="121.6061367"/>
  <node id="2188790827" lat="25.0882341" lon="121.6017951"/>
  <node id="4954876321" lat="25.084" lon="121.6057424"/>
  <node id="2979022222" lat="25.0961729" lon="121.6058702"/>
  <node id="5321259890" lat="24.987709" lon="121.6052327"/>
  <node id="4425697909" lat="25.0324629" lon="121.6111938"/>
  <node id="3490759880" lat="24.9922927" lon="121.6017599"/>
  <node id="2133950272" lat="25.0844192" lon="121.6019895"/>
  <node id="4436991242" lat="24.9949765" lon="121.6057242"/>
  <node id="1489439385" lat="25.0376946" lon="121.6121982"/>
  <node id="5321259861" lat="24.9856336" lon="121.6038512"/>
  <node id="3320125351" lat="25.0153435" lon="121.6151026"/>
  <node id="4299317742" lat="25.095679" lon="121.6012344"/>
  <node id="3320125317" lat="25.0142242" lon="121.6140411"/>
  <node id="3314351148" lat="25.0045198" lon="121.5975737"/>
  <node id="4436991208" lat="24.9881142" lon="121.6058212"/>
  <node id="5275080822" lat="25.0317005" lon="121.6096579"/>
  <node id="4181982287" lat="24.9906287" lon="121.6078271"/>
  <node id="1662389303" lat="25.1015281" lon="121.6063695"/>
  <node id="12843353154" lat="25.0241056" lon="121.6042656"/>
  <node id="4203640342" lat="25.087572" lon="121.6074499"/>
  <node id="2188790647" lat="25.08501" lon="121.6007877"/>
  <node id="1499961417" lat="24.9889995" lon="121.6063941"/>
  <node id="4875927916" lat="25.0277408" lon="121.6133497"/>
  <node id="4436853089" lat="25.0105327" lon="121.6027745"/>
  <node id="2963876967" lat="24.9834301" lon="121.6125951"/>
  <node id="13538880287" lat="25.0291234" lon="121.6004264"/>
  <node id="1489439791" lat="25.0363944" lon="121.6065165"/>
  <node id="8724944620" lat="25.030846" lon="121.6089372"/>
  <node id="2963876955" lat="24.9832994" lon="121.6114278"/>
  <node id="13538880290" lat="25.0293166" lon="121.600592"/>
  <node id="3320125332" lat="25.0147644" lon="121.6127677"/>
  <node id="4436884200" lat="25.0015995" lon="121.6050755"/>
  <node id="661185550" lat="25.0007269" lon="121.6023357"/>
  <node id="1662389636" lat="25.1015291" lon="121.6062011"/>
  <node id="2133950271" lat="25.0843983" lon="121.60041"/>
  <node id="5275050463" lat="25.0317678" lon="121.6080073"/>
  <node id="4436814190" lat="24.9934073" lon="121.6082689"/>
  <node id="12843353046" lat="25.0282956" lon="121.6065207"/>
  <node id="4258014023" lat="24.9854081" lon="121.6036126"/>
  <node id="11243707631" lat="24.9990265" lon="121.6074018"/>
  <node id="661185540" lat="24.9989315" lon="121.6053893"/>
  <node id="1489439205" lat="25.0366043" lon="121.6092379"/>
  <node id="5275050424" lat="25.0338818" lon="121.6062805"/>
  <node id="4436853092" lat="25.0112812" lon="121.6033733"/>
  <node id="2133950243" lat="25.083" lon="121.5995525"/>
  <node id="7059810426" lat="25.0268027" lon="121.6003587"/>
  <node id="1499961406" lat="24.9881586" lon="121.6059255"/>
  <node id="11243726200" lat="24.9849391" lon="121.6038807"/>
  <node id="11338674157" lat="25.0167138" lon="121.6073602"/>
  <node id="4457181679" lat="25.0086871" lon="121.6104805"/>
  <node id="3536268766" lat="25.0046051" lon="121.6015452"/>
  <node id="2314878754" lat="24.9902242" lon="121.6061349"/>
  <node id="3937256226" lat="25.0274986" lon="121.6132008"/>
  <node id="2963876961" lat="24.9833289" lon="121.6093244"/>
  <node id="4258014001" lat="24.9967677" lon="121.6097536"/>
  <node id="5321259892" lat="24.9880705" lon="121.6056146"/>
  <node id="3320125092" lat="25.0094515" lon="121.6028248"/>
  <node id="11874299223" lat="25.009792" lon="121.6018961"/>
  <node id="2963876978" lat="24.9836058" lon="121.6100392"/>
  <node id="12843353045" lat="25.0282901" lon="121.6065636"/>
  <node id="13538880292" lat="25.02931" lon="121.6006571"/>
  <node id="4411278190" lat="25.0905083" lon="121.6007025"/>
  <node id="1502690985" lat="25.0322224" lon="121.6102408"/>
  <node id="2963876940" lat="24.9830136" lon="121.610531"/>
  <node id="1489439355" lat="25.0359061" lon="121.6071471"/>
  <node id="2720444100" lat="25.0785848" lon="121.6071179"/>
  <node id="320481051" lat="25.0270724" lon="121.6046037"/>
  <node id="12843353183" lat="25.0239476" lon="121.6017484"/>
  <node id="305938519" lat="25.0881976" lon="121.6000822"/>
  <node id="5321269864" lat="24.9908762" lon="121.6074755"/>
  <node id="2314878613" lat="24.9868061" lon="121.6037256"/>
  <node id="2133950318" lat="25.0862467" lon="121.5998577"/>
  <node id="7203781473" lat="25.0019508" lon="121.6003106"/>
  <node id="4866659789" lat="25.0216879" lon="121.6054773"/>
  <node id="5052027651" lat="25.0045805" lon="121.604435"/>
  <node id="4436852460" lat="25.0081165" lon="121.6027242"/>
  <node id="4203640432" lat="25.0937944" lon="121.6081843"/>
  <node id="3320099058" lat="25.0081183" lon="121.6016754"/>
  <node id="4436952144" lat="24.9857393" lon="121.6038757"/>
  <node id="4436991234" lat="24.9944649" lon="121.6038306"/>
  <node id="2963876986" lat="24.9837671" lon="121.61327"/>
  <node id="1974793763" lat="25.1029957" lon="121.604517"/>
  <node id="13538880252" lat="25.0289582" lon="121.6009179"/>
  <node id="4299317748" lat="25.0947534" lon="121.6015098"/>
  <node id="5957263025" lat="24.9998323" lon="121.611478"/>
  <node id="314697854" lat="24.9836287" lon="121.6143653"/>
  <node id="2502496354" lat="24.9986515" lon="121.60863"/>
  <node id="13538880307" lat="25.0288488" lon="121.6006386"/>
  <node id="1499961447" lat="24.9967071" lon="121.6117158"/>
  <node id="4203640425" lat="25.0935174" lon="121.607924"/>
  <node id="13538880300" lat="25.0290481" lon="121.6006443"/>
  <node id="4868065313" lat="25.0847538" lon="121.5988"/>
  <node id="5275080825" lat="25.0323402" lon="121.6093127"/>
  <node id="7865616286" lat="25.0266387" lon="121.6163701"/>
  <node id="4457184299" lat="25.0836155" lon="121.6003457"/>
  <node id="11338674473" lat="25.0083597" lon="121.6120246"/>
  <node id="4203640316" lat="25.0864344" lon="121.6054347"/>
  <node id="2314878722" lat="24.9899083" lon="121.6054618"/>
  <node id="1974795453" lat="25.1024689" lon="121.6066088"/>
  <node id="4457209489" lat="24.9880261" lon="121.605219"/>
  <node id="5321269841" lat="24.9918324" lon="121.6076294"/>
  <node id="12843353174" lat="25.0243815" lon="121.6044889"/>
  <node id="3536269204" lat="25.0097275" lon="121.5984883"/>
  <node id="12843353162" lat="25.0243298" lon="121.6040068"/>
  <node id="2414194184" lat="25.0802972" lon="121.6042846"/>
  <node id="4203640323" lat="25.0863186" lon="121.6055552"/>
  <node id="2667162689" lat="24.9989392" lon="121.6083485"/>
  <node id="12843353195" lat="25.025384" lon="121.6023532"/>
  <node id="3314351576" lat="24.9999476" lon="121.6052325"/>
  <node id="4299317639" lat="25.1029925" lon="121.608455"/>
  <node id="7865616293" lat="25.0271583" lon="121.6159861"/>
  <node id="4203640356" lat="25.0891284" lon="121.6076286"/>
  <node id="3320125133" lat="25.0113983" lon="121.60338"/>
  <node id="3320125306" lat="25.0138307" lon="121.6051233"/>
  <node id="1499961407" lat="24.9884587" lon="121.6062227"/>
  <node id="1489439426" lat="25.0355627" lon="121.6097911"/>
  <node id="6405710610" lat="25.0981597" lon="121.6043862"/>
  <node id="4203640360" lat="25.0893938" lon="121.6076087"/>
  <node id="3320099049" lat="25.0077883" lon="121.6067837"/>
  <node id="4436814197" lat="24.9942813" lon="121.6088467"/>
  <node id="2133950376" lat="25.0881393" lon="121.6037924"/>
  <node id="773904957" lat="25.0840065" lon="121.6020542"/>
  <node id="3314351563" lat="25.0016116" lon="121.6022536"/>
  <node id="4427585197" lat="25.1042021" lon="121.608257"/>
  <node id="320481053" lat="25.0274475" lon="121.6046882"/>
  <node id="11338674180" lat="25.0162435" lon="121.6064"/>
  <node id="5957263013" lat="24.9994206" lon="121.6097475"/>
  <node id="4203640415" lat="25.0930786" lon="121.607485"/>
  <node id="4436814198" lat="24.9946185" lon="121.6093973"/>
  <node id="4866659806" lat="25.0237793" lon="121.6066602"/>
  <node id="4255867129" lat="25.013041" lon="121.5983972"/>
  <node id="4896488641" lat="25.0014908" lon="121.6029876"/>
  <node id="11338674152" lat="25.0172838" lon="121.6089427"/>
  <node id="2133950234" lat="25.0826067" lon="121.6004872"/>
  <node id="2314878587" lat="24.9861431" lon="121.6037595"/>
  <node id="1489439482" lat="25.037016" lon="121.6102114"/>
  <node id="3820335464" lat="25.0862447" lon="121.5993644"/>
  <node id="5209965754" lat="24.9858232" lon="121.6049454"/>
  <node id="4436884190" lat="25.0012883" lon="121.6041073"/>
  <node id="4457945308" lat="25.0911769" lon="121.5995193"/>
  <node id="5420241084" lat="25.0906776" lon="121.6010726"/>
  <node id="5275050459" lat="25.0316055" lon="121.6076628"/>
  <node id="3393326649" lat="25.0963178" lon="121.6060369"/>
  <node id="1662389316" lat="25.0967808" lon="121.6048539"/>
  <node id="4820634514" lat="25.0033216" lon="121.6044315"/>
  <node id="3536268785" lat="25.0070153" lon="121.5998548"/>
  <node id="2314878552" lat="24.9856658" lon="121.6038698"/>
  <node id="3490759864" lat="24.9945171" lon="121.6039338"/>
  <node id="13530108744" lat="25.0235891" lon="121.610774"/>
  <node id="5957263005" lat="24.9987926" lon="121.6088321"/>
  <node id="3937256240" lat="25.0274534" lon="121.6153741"/>
  <node id="12843353152" lat="25.0240345" lon="121.6042247"/>
  <node id="2314879569" lat="25.090399" lon="121.6005456"/>
  <node id="4798313214" lat="25.0036156" lon="121.6040646"/>
  <node id="3320125089" lat="25.0093689" lon="121.6010685"/>
  <node id="13686736450" lat="25.0036318" lon="121.6052105"/>
  <node id="4218556080" lat="25.0273716" lon="121.6016072"/>
  <node id="3490759888" lat="24.9914249" lon="121.600862"/>
  <node id="4875930631" lat="25.0250571" lon="121.6028581"/>
  <node id="13538880549" lat="25.0277558" lon="121.6014044"/>
  <node id="5321308816" lat="24.9833699" lon="121.6110185"/>
  <node id="9595183732" lat="25.0265856" lon="121.6138168"/>
  <node id="2963877044" lat="24.985991" lon="121.6057506"/>
  <node id="4436954777" lat="25.091869" lon="121.6034593"/>
  <node id="1662389193" lat="25.1035981" lon="121.607724"/>
  <node id="6919712615" lat="25.0859905" lon="121.6020239"/>
  <node id="5051446207" lat="25.0024835" lon="121.6047998"/>
  <node id="1930089934" lat="25.0881939" lon="121.6010411"/>
  <node id="4203640821" lat="25.096896" lon="121.6067546"/>
  <node id="3320125261" lat="25.0125021" lon="121.6054788"/>
  <node id="13538880221" lat="25.0301633" lon="121.5999869"/>
  <node id="4203640407" lat="25.0927699" lon="121.6073145"/>
  <node id="2616258872" lat="25.0805758" lon="121.6024843"/>
  <node id="6328437294" lat="25.0811174" lon="121.5988551"/>
  <node id="9595387909" lat="25.0254372" lon="121.6006079"/>
  <node id="4425697910" lat="25.0327655" lon="121.6110658"/>
  <node id="661185250" lat="25.0034129" lon="121.6023541"/>
  <node id="5321259872" lat="24.9867721" lon="121.6037744"/>
  <node id="4203640331" lat="25.0865446" lon="121.6062931"/>
  <node id="4436852678" lat="24.9834312" lon="121.6098439"/>
  <node id="3314351612" lat="25.0033685" lon="121.6018405"/>
  <node id="4866659796" lat="25.022216" lon="121.606698"/>
  <node id="10060165348" lat="25.0124773" lon="121.6001719"/>
  <node id="8011301494" lat="25.0324927" lon="121.6093659"/>
  <node id="3314351580" lat="25.0000699" lon="121.6053259"/>
  <node id="4436883370" lat="24.99649" lon="121.6074999"/>
  <node id="5275050460" lat="25.0315412" lon="121.6076839"/>
  <node id="3490759867" lat="24.9941804" lon="121.6036857"/>
  <node id="2720444143" lat="25.0824035" lon="121.6062513"/>
  <node id="1489439652" lat="25.0361115" lon="121.6108109"/>
  <node id="11690615110" lat="25.0045083" lon="121.6019905"/>
  <node id="3314351571" lat="25.0001006" lon="121.6046043"/>
  <node id="3320125154" lat="25.0123259" lon="121.6054259"/>
  <node id="3536268761" lat="25.003516" lon="121.6026495"/>
  <node id="5321259886" lat="24.9874918" lon="121.6047202"/>
  <node id="2963876919" lat="24.9826626" lon="121.6119535"/>
  <node id="4411278192" lat="25.0935289" lon="121.6050624"/>
  <node id="11338674260" lat="25.0036476" lon="121.6012575"/>
  <node id="1930089937" lat="25.0957797" lon="121.6057973"/>
  <node id="2963876956" lat="24.9833093" lon="121.6114977"/>
  <node id="310079438" lat="25.0010146" lon="121.6108729"/>
  <node id="775379691" lat="25.0793717" lon="121.6071218"/>
  <node id="10060165337" lat="25.0121334" lon="121.6029896"/>
  <node id="4457178525" lat="25.0256931" lon="121.6016369"/>
  <node id="2133950221" lat="25.0821713" lon="121.601436"/>
  <node id="1662389802" lat="25.0916992" lon="121.6027365"/>
  <node id="2133950228" lat="25.0823583" lon="121.5996013"/>
  <node id="2502496395" lat="25.0012455" lon="121.6013905"/>
  <node id="3490759873" lat="24.9926792" lon="121.603223"/>
  <node id="4436884222" lat="25.00301" lon="121.6034387"/>
  <node id="4436852433" lat="25.006054" lon="121.5973101"/>
  <node id="4299317741" lat="25.0956149" lon="121.6011748"/>
  <node id="4436852465" lat="25.0084817" lon="121.6025009"/>
  <node id="2963876929" lat="24.9828798" lon="121.6128212"/>
  <node id="310079439" lat="25.0011981" lon="121.6115467"/>
  <node id="9595434250" lat="25.0267657" lon="121.6064758"/>
  <node id="1489439697" lat="25.037047" lon="121.6105887"/>
  <node id="9101623326" lat="25.0918243" lon="121.6033831"/>
  <node id="11461449487" lat="25.0329586" lon="121.6073681"/>
  <node id="1662389540" lat="25.0920423" lon="121.6036757"/>
  <node id="1930089960" lat="25.1024626" lon="121.6080323"/>
  <node id="5209579664" lat="24.9881909" lon="121.6058859"/>
  <node id="3320125346" lat="25.0151515" lon="121.6162137"/>
  <node id="13538880268" lat="25.0295275" lon="121.6001535"/>
  <node id="12843353180" lat="25.0236663" lon="121.6020575"/>
  <node id="13347004408" lat="25.0042189" lon="121.5998308"/>
  <node id="1930089962" lat="25.1026387" lon="121.6085583"/>
  <node id="11243707626" lat="24.9989949" lon="121.6076291"/>
  <node id="1662389631" lat="25.0983435" lon="121.6043737"/>
  <node id="3536372522" lat="24.9955827" lon="121.6097195"/>
  <node id="4203640390" lat="25.0918468" lon="121.6072188"/>
  <node id="4411278194" lat="25.0937512" lon="121.6053396"/>
  <node id="3320125492" lat="25.016338" lon="121.6056423"/>
  <node id="9101592005" lat="25.0967367" lon="121.6060123"/>
  <node id="13484782009" lat="25.0125903" lon="121.6018161"/>
  <node id="4299317751" lat="25.0941203" lon="121.6004898"/>
  <node id="4299317757" lat="25.0919838" lon="121.5997124"/>
  <node id="2302505589" lat="25.0844814" lon="121.5968674"/>
  <node id="3490759879" lat="24.9924574" lon="121.6018004"/>
  <node id="13538880320" lat="25.0286377" lon="121.6008214"/>
  <node id="1974795483" lat="25.1020895" lon="121.6065976"/>
  <node id="4866659834" lat="25.0265761" lon="121.6120672"/>
  <node id="12843353208" lat="25.0240438" lon="121.6011996"/>
  <node id="4436869785" lat="25.0148434" lon="121.6126034"/>
  <node id="5209579667" lat="24.9884801" lon="121.6059588"/>
  <node id="4436852666" lat="24.9826468" lon="121.6114125"/>
  <node id="3314351589" lat="25.0007839" lon="121.6040054"/>
  <node id="2133950212" lat="25.0814272" lon="121.6009314"/>
  <node id="4457945313" lat="25.0952879" lon="121.6007119"/>
  <node id="4203640385" lat="25.0912336" lon="121.6072818"/>
  <node id="4420562887" lat="25.0835317" lon="121.6003068"/>
  <node id="13538880323" lat="25.0285237" lon="121.6010691"/>
  <node id="310079435" lat="25.0017404" lon="121.606005"/>
  <node id="4866659814" lat="25.0239713" lon="121.6083205"/>
  <node id="4457178521" lat="25.0256402" lon="121.6031885"/>
  <node id="3314351611" lat="25.0035481" lon="121.6019329"/>
  <node id="5052027665" lat="25.003897" lon="121.6044281"/>
  <node id="4436852462" lat="25.0083237" lon="121.6018625"/>
  <node id="4866659831" lat="25.0264808" lon="121.6110861"/>
  <node id="5321259879" lat="24.9873202" lon="121.6039767"/>
  <node id="4427585066" lat="25.0876326" lon="121.6018334"/>
  <node id="4866659799" lat="25.0226158" lon="121.6068305"/>
  <node id="5052027646" lat="25.0034815" lon="121.6043194"/>
  <node id="4203640822" lat="25.0971614" lon="121.6072727"/>
  <node id="3320099037" lat="25.0074396" lon="121.6004483"/>
  <node id="1974793802" lat="25.1030067" lon="121.6053211"/>
  <node id="4299317749" lat="25.0945323" lon="121.6011627"/>
  <node id="3320125337" lat="25.0149333" lon="121.6148867"/>
  <node id="5275050445" lat="25.0341224" lon="121.6047068"/>
  <node id="6405710624" lat="25.0995844" lon="121.6059412"/>
  <node id="13629401837" lat="24.9958735" lon="121.6093196"/>
  <node id="11338674236" lat="25.0124603" lon="121.6002383"/>
  <node id="4401845180" lat="25.0885729" lon="121.6000442"/>
  <node id="2133950224" lat="25.0822726" lon="121.6022011"/>
  <node id="4203640361" lat="25.0894995" lon="121.6075492"/>
  <node id="2667162690" lat="24.9987052" lon="121.6080397"/>
  <node id="4457177799" lat="25.0816673" lon="121.600044"/>
  <node id="13530132296" lat="25.0244471" lon="121.6067675"/>
  <node id="1930089953" lat="25.1022892" lon="121.6085598"/>
  <node id="773904965" lat="25.0824763" lon="121.6061709"/>
  <node id="4203640362" lat="25.0895884" lon="121.6074733"/>
  <node id="1662389456" lat="25.0985151" lon="121.6050036"/>
  <node id="5275080828" lat="25.0326659" lon="121.6096185"/>
  <node id="3490759884" lat="24.991629" lon="121.6016795"/>
  <node id="11338674069" lat="25.0171513" lon="121.6085163"/>
  <node id="4436793193" lat="25.0842939" lon="121.6009154"/>
  <node id="4203640336" lat="25.0871571" lon="121.6069663"/>
  <node id="8011301495" lat="25.0317545" lon="121.6100827"/>
  <node id="4436991220" lat="24.9913912" lon="121.6002969"/>
  <node id="1974793748" lat="25.1035543" lon="121.6040288"/>
  <node id="3393326638" lat="25.0969567" lon="121.6068787"/>
  <node id="8724944617" lat="25.03142" lon="121.6098018"/>
  <node id="4203640829" lat="25.0966388" lon="121.6097199"/>
  <node id="4436852667" lat="24.9827325" lon="121.6113824"/>
  <node id="11243707632" lat="24.9989924" lon="121.6075252"/>
  <node id="4457185406" lat="25.0164123" lon="121.6097999"/>
  <node id="6405534571" lat="25.0951871" lon="121.6021504"/>
  <node id="1662389312" lat="25.0966768" lon="121.6047796"/>
  <node id="2133950259" lat="25.0839823" lon="121.6030868"/>
  <node id="3534582566" lat="25.0012443" lon="121.6057176"/>
  <node id="13629401836" lat="24.9958954" lon="121.6092512"/>
  <node id="4875930634" lat="25.0254423" lon="121.6020649"/>
  <node id="7059810415" lat="25.0271096" lon="121.6001444"/>
  <node id="11338674221" lat="25.0124541" lon="121.6017739"/>
  <node id="2133950250" lat="25.0836982" lon="121.6034861"/>
  <node id="4299317771" lat="25.0845681" lon="121.6043125"/>
  <node id="3937256225" lat="25.0271047" lon="121.6131602"/>
  <node id="2314878567" lat="24.9860225" lon="121.6040381"/>
  <node id="4218556050" lat="25.0259766" lon="121.6004881"/>
  <node id="13530132147" lat="25.0228983" lon="121.6065878"/>
  <node id="5447377804" lat="25.0076499" lon="121.6071805"/>
  <node id="4203640374" lat="25.0902693" lon="121.6074079"/>
  <node id="1499961436" lat="24.994646" lon="121.6096918"/>
  <node id="3937256238" lat="25.0275054" lon="121.6148482"/>
  <node id="13538880258" lat="25.0273371" lon="121.6018862"/>
  <node id="3536268763" lat="25.0032762" lon="121.602753"/>
  <node id="990897812" lat="25.0782225" lon="121.6127779"/>
  <node id="2963876960" lat="24.9833142" lon="121.6096777"/>
  <node id="4203892177" lat="25.0832231" lon="121.6056634"/>
  <node id="7865591478" lat="25.0218062" lon="121.6062011"/>
  <node id="5275080823" lat="25.0321088" lon="121.6092309"/>
  <node id="9101592007" lat="25.0967804" lon="121.6058514"/>
  <node id="13538880289" lat="25.0292164" lon="121.600536"/>
  <node id="4436852673" lat="24.9832558" lon="121.6092118"/>
  <node id="4436991213" lat="24.9900847" lon="121.6054375"/>
  <node id="4427585085" lat="25.099875" lon="121.6050906"/>
  <node id="5321259884" lat="24.9870734" lon="121.6047126"/>
  <node id="3314351605" lat="25.0017854" lon="121.6052955"/>
  <node id="13538880353" lat="25.0279976" lon="121.6015107"/>
  <node id="3393326645" lat="25.0964866" lon="121.6054718"/>
  <node id="3314351573" lat="25.0000413" lon="121.6047659"/>
  <node id="4258014008" lat="24.9870952" lon="121.6048167"/>
  <node id="10679766513" lat="25.0337054" lon="121.6099023"/>
  <node id="4409388660" lat="24.9914409" lon="121.6000109"/>
  <node id="3320125326" lat="25.0144873" lon="121.6138909"/>
  <node id="1502690921" lat="25.0315978" lon="121.6099552"/>
  <node id="2133950255" lat="25.0838646" lon="121.6012505"/>
  <node id="4436852675" lat="24.9832765" lon="121.6136115"/>
  <node id="1662389820" lat="25.1022455" lon="121.6069957"/>
  <node id="4457178508" lat="25.0255369" lon="121.6019413"/>
  <node id="1662389575" lat="25.1039507" lon="121.6081095"/>
  <node id="11338674153" lat="25.0171902" lon="121.609042"/>
  <node id="12843353150" lat="25.0238061" lon="121.6040169"/>
  <node id="1974795482" lat="25.1019535" lon="121.6065064"/>
  <node id="11243726235" lat="24.9986995" lon="121.6056812"/>
  <node id="4457178505" lat="25.0255223" lon="121.6019789"/>
  <node id="2133950240" lat="25.0828977" lon="121.599989"/>
  <node id="13530132148" lat="25.0229505" lon="121.606575"/>
  <node id="3490759846" lat="24.9985982" lon="121.6061527"/>
  <node id="4457184297" lat="25.0826791" lon="121.5995545"/>
  <node id="4457184304" lat="25.0843504" lon="121.6008084"/>
  <node id="4203640412" lat="25.0928703" lon="121.607555"/>
  <node id="2188790952" lat="25.0901201" lon="121.5995596"/>
  <node id="13530108740" lat="25.023783" lon="121.6097347"/>
  <node id="12843353205" lat="25.0238013" lon="121.6009704"/>
  <node id="4436883375" lat="24.9985474" lon="121.6068243"/>
  <node id="4457178524" lat="25.0256906" lon="121.6015832"/>
  <node id="11338674160" lat="25.0166592" lon="121.6069673"/>
  <node id="5321259914" lat="24.9899956" lon="121.6054549"/>
  <node id="3320099056" lat="25.0080308" lon="121.6007085"/>
  <node id="4436853091" lat="25.0109386" lon="121.6028798"/>
  <node id="2133950275" lat="25.0846201" lon="121.5986569"/>
  <node id="12843353196" lat="25.0254114" lon="121.6021474"/>
  <node id="2133950295" lat="25.0857205" lon="121.6035788"/>
  <node id="4218556042" lat="25.0253313" lon="121.5996673"/>
  <node id="11338674161" lat="25.0166519" lon="121.6068533"/>
  <node id="11338674213" lat="25.0094894" lon="121.6025014"/>
  <node id="2667162622" lat="25.0010658" lon="121.6111142"/>
  <node id="12843353177" lat="25.0244775" lon="121.6040987"/>
  <node id="9101592010" lat="25.0969828" lon="121.6058299"/>
  <node id="1662389460" lat="25.0961534" lon="121.6056575"/>
  <node id="2133950236" lat="25.0826724" lon="121.6009904"/>
  <node id="13538880229" lat="25.0300594" lon="121.6000707"/>
  <node id="4203640357" lat="25.0891993" lon="121.6076052"/>
  <node id="3320125515" lat="25.0169998" lon="121.608971"/>
  <node id="3320125343" lat="25.0151302" lon="121.6132043"/>
  <node id="4420905595" lat="25.0878065" lon="121.604137"/>
  <node id="2188790681" lat="25.0856081" lon="121.6010962"/>
  <node id="3320125334" lat="25.0148203" lon="121.613046"/>
  <node id="10060165355" lat="25.0124033" lon="121.598508"/>
  <node id="4436883367" lat="24.9960062" lon="121.6073792"/>
  <node id="4299317739" lat="25.0953101" lon="121.6009374"/>
  <node id="5275050456" lat="25.0317015" lon="121.6076898"/>
  <node id="1502690604" lat="25.0316476" lon="121.6100069"/>
  <node id="3536268745" lat="25.003681" lon="121.600374"/>
  <node id="1489439409" lat="25.0281631" lon="121.6057401"/>
  <node id="4457184303" lat="25.084269" lon="121.6012175"/>
  <node id="1489439361" lat="25.0280929" lon="121.6059045"/>
  <node id="11461449520" lat="25.0333406" lon="121.6073827"/>
  <node id="6405710617" lat="25.0983401" lon="121.6057858"/>
  <node id="4409388658" lat="24.991375" lon="121.6002331"/>
  <node id="5209596749" lat="24.9898445" lon="121.6067517"/>
  <node id="9595434252" lat="25.0269577" lon="121.6064705"/>
  <node id="3320125065" lat="25.0083644" lon="121.6019269"/>
  <node id="7059810410" lat="25.0273022" lon="121.5997984"/>
  <node id="1974795466" lat="25.1021796" lon="121.606593"/>
  <node id="4203640325" lat="25.086232" lon="121.605803"/>
  <node id="12843353189" lat="25.0241014" lon="121.6017397"/>
  <node id="13538880279" lat="25.0292182" lon="121.6003486"/>
  <node id="4436852450" lat="25.0079439" lon="121.6031862"/>
  <node id="1489439285" lat="25.0369802" lon="121.6113697"/>
  <node id="3320125099" lat="25.0096528" lon="121.6015158"/>
  <node id="1499961453" lat="24.9972588" lon="121.6116962"/>
  <node id="4218556076" lat="25.0273079" lon="121.6018174"/>
  <node id="1499961454" lat="24.9972973" lon="121.6122312"/>
  <node id="4420905597" lat="25.088013" lon="121.6020912"/>
  <node id="2502496356" lat="24.9986261" lon="121.6078403"/>
  <node id="5051446130" lat="25.0051888" lon="121.6036843"/>
  <node id="1662389890" lat="25.1015746" lon="121.6067072"/>
  <node id="4436915498" lat="25.0336531" lon="121.6097797"/>
  <node id="1662389978" lat="25.0938523" lon="121.6054945"/>
  <node id="1489439690" lat="25.0357336" lon="121.6100067"/>
  <node id="13530132295" lat="25.0243225" lon="121.6066179"/>
  <node id="13686736420" lat="25.004293" lon="121.6054451"/>
  <node id="7865616285" lat="25.0265942" lon="121.6163024"/>
  <node id="11461449513" lat="25.0314592" lon="121.6082259"/>
  <node id="5051446185" lat="25.0036673" lon="121.6050971"/>
  <node id="4798313219" lat="25.0040812" lon="121.605449"/>
  <node id="4875930623" lat="25.0245874" lon="121.6038613"/>
  <node id="4427585190" lat="25.1019664" lon="121.6072147"/>
  <node id="2133950288" lat="25.0855514" lon="121.6028296"/>
  <node id="4436991204" lat="24.9872875" lon="121.6041879"/>
  <node id="2314878563" lat="24.9859886" lon="121.6045761"/>
  <node id="5275050475" lat="25.0329264" lon="121.6073579"/>
  <node id="5321308815" lat="24.9839989" lon="121.6122543"/>
  <node id="1662389300" lat="25.1050497" lon="121.6084488"/>
  <node id="4436883383" lat="25.0007073" lon="121.6040443"/>
  <node id="4218556048" lat="25.0258162" lon="121.6002976"/>
  <node id="661185693" lat="25.0004591" lon="121.6025103"/>
  <node id="1502690803" lat="25.0336161" lon="121.6096677"/>
  <node id="2133950303" lat="25.0860666" lon="121.6022032"/>
  <node id="1502690972" lat="25.0310603" lon="121.6090634"/>
  <node id="7723489858" lat="25.0829126" lon="121.6054405"/>
  <node id="4896488642" lat="25.0015317" lon="121.6031034"/>
  <node id="13538880223" lat="25.0301038" lon="121.5998896"/>
  <node id="8011301512" lat="25.0337413" lon="121.606406"/>
  <node id="2720444102" lat="25.0785912" lon="121.6070331"/>
  <node id="3320125151" lat="25.0121801" lon="121.6046031"/>
  <node id="3937256248" lat="25.0268248" lon="121.6162815"/>
  <node id="2133950311" lat="25.0862688" lon="121.600685"/>
  <node id="5321259919" lat="24.9915976" lon="121.6075853"/>
  <node id="661185541" lat="24.9991425" lon="121.6046442"/>
  <node id="4218556074" lat="25.0271882" lon="121.6017648"/>
  <node id="5321259897" lat="24.99003" lon="121.6067668"/>
  <node id="5321269866" lat="24.9908369" lon="121.6073298"/>
  <node id="2003900958" lat="25.0828367" lon="121.6052437"/>
  <node id="3314351581" lat="25.0002368" lon="121.6051336"/>
  <node id="1489439628" lat="25.0377153" lon="121.6099368"/>
  <node id="11243726217" lat="24.9882157" lon="121.6052131"/>
  <node id="3490759883" lat="24.9917785" lon="121.6018055"/>
  <node id="4203640381" lat="25.0908878" lon="121.6072748"/>
  <node id="1489439324" lat="25.0367444" lon="121.6069993"/>
  <node id="1662389744" lat="25.0931515" lon="121.6046386"/>
  <node id="13538880341" lat="25.0282983" lon="121.6013112"/>
  <node id="4299317624" lat="25.102437" lon="121.6111038"/>
  <node id="12843353199" lat="25.0255225" lon="121.6020226"/>
  <node id="661185538" lat="24.9987603" lon="121.6065315"/>
  <node id="305948828" lat="24.9981436" lon="121.6129699"/>
  <node id="4436853095" lat="25.012225" lon="121.6052555"/>
  <node id="661185254" lat="25.00213" lon="121.6047758"/>
  <node id="4436852441" lat="25.0073374" lon="121.6052662"/>
  <node id="4457945310" lat="25.0929003" lon="121.5998924"/>
  <node id="773904692" lat="25.0761064" lon="121.6071098"/>
  <node id="2133950247" lat="25.0832971" lon="121.6002418"/>
  <node id="13629401840" lat="24.9956256" lon="121.6095127"/>
  <node id="4203640370" lat="25.0900377" lon="121.6072305"/>
  <node id="1974793785" lat="25.1028327" lon="121.6046664"/>
  <node id="1974795481" lat="25.1017472" lon="121.6067486"/>
  <node id="9380569669" lat="25.0910639" lon="121.5995982"/>
  <node id="1499961441" lat="24.9948094" lon="121.6103386"/>
  <node id="661185688" lat="25.0014813" lon="121.6009599"/>
  <node id="1662389356" lat="25.0992648" lon="121.6050466"/>
  <node id="13538880254" lat="25.0289014" lon="121.6008636"/>
  <node id="4436884195" lat="25.0013977" lon="121.6036607"/>
  <node id="5052027642" lat="25.003155" lon="121.6049566"/>
  <node id="4203640818" lat="25.0967456" lon="121.6062704"/>
  <node id="773904720" lat="25.0798359" lon="121.6071484"/>
  <node id="5275050426" lat="25.0338631" lon="121.6063756"/>
  <node id="4203640382" lat="25.0909671" lon="121.6072923"/>
  <node id="5420241085" lat="25.0907699" lon="121.6011342"/>
  <node id="317419920" lat="24.9980287" lon="121.6125995"/>
  <node id="3320125353" lat="25.0153733" lon="121.612533"/>
  <node id="3393326631" lat="25.0970892" lon="121.6089805"/>
  <node id="5321259837" lat="24.9848586" lon="121.6034134"/>
  <node id="1662434803" lat="25.0882486" lon="121.6009191"/>
  <node id="1662389638" lat="25.1006899" lon="121.6053903"/>
  <node id="3536268747" lat="25.0031936" lon="121.6008289"/>
  <node id="2963876981" lat="24.9835927" lon="121.6117095"/>
  <node id="5275050420" lat="25.0340019" lon="121.6058229"/>
  <node id="4952160818" lat="24.9921313" lon="121.6024351"/>
  <node id="3854146579" lat="25.0819736" lon="121.6064227"/>
  <node id="5321269860" lat="24.9920806" lon="121.6081647"/>
  <node id="1499961437" lat="24.994595" lon="121.6091361"/>
  <node id="5275050474" lat="25.0328713" lon="121.6073508"/>
  <node id="4203640320" lat="25.0867485" lon="121.6058912"/>
  <node id="1499961450" lat="24.9971956" lon="121.6115044"/>
  <node id="6328437292" lat="25.0810639" lon="121.5984018"/>
  <node id="4436852443" lat="25.0075077" lon="121.604269"/>
  <node id="3314351583" lat="25.0006425" lon="121.6052373"/>
  <node id="3314351601" lat="25.0013843" lon="121.6043836"/>
  <node id="4409388662" lat="24.9917584" lon="121.599806"/>
  <node id="2133950355" lat="25.0871824" lon="121.6032386"/>
  <node id="1499961455" lat="24.9975857" lon="121.6122313"/>
  <node id="4258014029" lat="24.9847799" lon="121.6034017"/>
  <node id="5957263015" lat="24.9994614" lon="121.6100425"/>
  <node id="4203640421" lat="25.0933038" lon="121.607771"/>
  <node id="3937256242" lat="25.0270548" lon="121.6155367"/>
  <node id="13538880269" lat="25.029481" lon="121.600121"/>
  <node id="4952162824" lat="24.9924693" lon="121.6019778"/>
  <node id="1662389793" lat="25.1034414" lon="121.6076261"/>
  <node id="1489439445" lat="25.0283856" lon="121.6062714"/>
  <node id="4436852453" lat="25.007888" lon="121.6068909"/>
  <node id="4436952147" lat="24.9860315" lon="121.6043979"/>
  <node id="4256076998" lat="25.0823322" lon="121.5980123"/>
  <node id="4436853093" lat="25.0117936" lon="121.6033532"/>
  <node id="11338674227" lat="25.0122257" lon="121.6011395"/>
  <node id="13484779887" lat="25.007415" lon="121.6047871"/>
  <node id="11338674232" lat="25.0122117" lon="121.6003831"/>
  <node id="1974795462" lat="25.1025558" lon="121.6066029"/>
  <node id="5321259876" lat="24.9870395" lon="121.6034577"/>
  <node id="12843353191" lat="25.0241816" lon="121.6018201"/>
  <node id="2133950241" lat="25.0828872" lon="121.6007298"/>
  <node id="317419913" lat="24.9986408" lon="121.6074603"/>
  <node id="13538880233" lat="25.029841" lon="121.6001713"/>
  <node id="2963876966" lat="24.9834286" lon="121.6133057"/>
  <node id="2133950238" lat="25.0828521" lon="121.5995502"/>
  <node id="2963876987" lat="24.983825" lon="121.6091494"/>
  <node id="4218556047" lat="25.0257214" lon="121.6001434"/>
  <node id="3534582570" lat="25.0007623" lon="121.6051993"/>
  <node id="4203640312" lat="25.0859858" lon="121.6045969"/>
  <node id="1662390116" lat="25.0935853" lon="121.6051523"/>
  <node id="4952162821" lat="24.9921761" lon="121.6026078"/>
  <node id="5321259880" lat="24.9873147" lon="121.6041143"/>
  <node id="5957263010" lat="24.9991985" lon="121.6093235"/>
  <node id="9101581455" lat="25.0971249" lon="121.6071957"/>
  <node id="4436883366" lat="24.9959284" lon="121.6073135"/>
  <node id="3314351578" lat="25.0001493" lon="121.6054986"/>
  <node id="4203892157" lat="25.0848012" lon="121.606439"/>
  <node id="4299317606" lat="25.1022625" lon="121.6085856"/>
  <node id="2133950325" lat="25.0864066" lon="121.6031894"/>
  <node id="4875930632" lat="25.0252205" lon="121.602828"/>
  <node id="6404980035" lat="25.0878672" lon="121.6012637"/>
  <node id="11243726240" lat="24.9954906" lon="121.6069888"/>
  <node id="4203640332" lat="25.0867693" lon="121.6064942"/>
  <node id="1662389957" lat="25.0945818" lon="121.6048662"/>
  <node id="12843353185" lat="25.0235156" lon="121.6025517"/>
  <node id="3320099055" lat="25.0080296" lon="121.6029052"/>
  <node id="5321259856" lat="24.9854275" lon="121.6036771"/>
  <node id="2316838373" lat="25.001447" lon="121.6075768"/>
  <node id="13538880291" lat="25.0293179" lon="121.6006484"/>
  <node id="773904716" lat="25.0777811" lon="121.6070192"/>
  <node id="1974795448" lat="25.102015" lon="121.6065349"/>
  <node id="12843353169" lat="25.0242472" lon="121.604782"/>
  <node id="4299317644" lat="25.1001701" lon="121.6034738"/>
  <node id="9967243335" lat="25.0050355" lon="121.5973336"/>
  <node id="9101623320" lat="25.0965786" lon="121.6047319"/>
  <node id="12843353041" lat="25.0281291" lon="121.6054635"/>
  <node id="1499961428" lat="24.991891" lon="121.6076465"/>
  <node id="2133950231" lat="25.0824677" lon="121.5995732"/>
  <node id="4181984290" lat="24.9904803" lon="121.6078024"/>
  <node id="11243726220" lat="24.9882789" lon="121.6052949"/>
  <node id="12843353175" lat="25.024506" lon="121.6042556"/>
  <node id="5321259841" lat="24.9852527" lon="121.6034153"/>
  <node id="3320125355" lat="25.0154618" lon="121.6153199"/>
  <node id="5275050418" lat="25.0340264" lon="121.6056436"/>
  <node id="4258014006" lat="24.9876548" lon="121.6048467"/>
  <node id="4203640391" lat="25.0918817" lon="121.6072164"/>
  <node id="4203640403" lat="25.0926557" lon="121.6071557"/>
  <node id="5209596788" lat="24.9981112" lon="121.6112246"/>
  <node id="13538880264" lat="25.0297982" lon="121.6001585"/>
  <node id="4436852681" lat="24.9835044" lon="121.6098253"/>
  <node id="3393326626" lat="25.096656" lon="121.6096833"/>
  <node id="9380569671" lat="25.0906285" lon="121.5992322"/>
  <node id="2314878531" lat="24.9853211" lon="121.6029662"/>
  <node id="4258014005" lat="24.9877348" lon="121.6052676"/>
  <node id="1502690285" lat="25.0331546" lon="121.6073906"/>
  <node id="2963876963" lat="24.9833543" lon="121.6115554"/>
  <node id="1662389595" lat="25.0914925" lon="121.6020463"/>
  <node id="661185179" lat="25.0079143" lon="121.6003264"/>
  <node id="11243707623" lat="24.9990708" lon="121.6081381"/>
  <node id="3320125318" lat="25.0142175" lon="121.6141333"/>
  <node id="3536372528" lat="24.990624" lon="121.6071272"/>
  <node id="3320125462" lat="25.0156212" lon="121.612409"/>
  <node id="5209596776" lat="24.9978389" lon="121.6121805"/>
  <node id="9380569665" lat="25.0923823" lon="121.5998044"/>
  <node id="3320125331" lat="25.0147638" lon="121.6146312"/>
  <node id="12843353143" lat="25.0235411" lon="121.6043749"/>
  <node id="3536372530" lat="24.9911029" lon="121.6076471"/>
  <node id="4457185393" lat="25.0160957" lon="121.6126051"/>
  <node id="4436991217" lat="24.9906183" lon="121.6064639"/>
  <node id="5957263017" lat="25.0000151" lon="121.6120106"/>
  <node id="3393326642" lat="25.0965388" lon="121.6056115"/>
  <node id="3314351628" lat="25.0034256" lon="121.600992"/>
  <node id="773904725" lat="25.0811004" lon="121.6070809"/>
  <node id="5321259862" lat="24.9857017" lon="121.6038737"/>
  <node id="7865591481" lat="25.0218903" lon="121.6058568"/>
  <node id="3648155378" lat="25.0865451" lon="121.6046165"/>
  <node id="2314878626" lat="24.9873237" lon="121.6040436"/>
  <node id="1662389985" lat="25.0944014" lon="121.6049734"/>
  <node id="11338674282" lat="25.0086137" lon="121.6021514"/>
  <node id="2963876971" lat="24.9835357" lon="121.613151"/>
  <node id="661185178" lat="25.0078741" lon="121.6004058"/>
  <node id="4436852476" lat="25.009471" lon="121.6010525"/>
  <node id="5321269838" lat="24.9916671" lon="121.6077451"/>
  <node id="9595183729" lat="25.0266182" lon="121.6135091"/>
  <node id="3536372529" lat="24.9905976" lon="121.6072413"/>
  <node id="4203640333" lat="25.0869143" lon="121.6066289"/>
  <node id="2963876996" lat="24.9842441" lon="121.6122437"/>
  <node id="4868065303" lat="25.0837277" lon="121.6020979"/>
  <node id="11690615121" lat="25.0044904" lon="121.6019783"/>
  <node id="7702583333" lat="25.0879446" lon="121.6019483"/>
  <node id="3536268764" lat="25.004321" lon="121.6017208"/>
  <node id="1974793607" lat="25.103031" lon="121.6061311"/>
  <node id="13538880317" lat="25.0286781" lon="121.6006681"/>
  <node id="2314878773" lat="24.9906237" lon="121.6065545"/>
  <node id="3320125063" lat="25.0083196" lon="121.6024008"/>
  <node id="4457178515" lat="25.0255947" lon="121.6013727"/>
  <node id="2963876974" lat="24.9836361" lon="121.6125732"/>
  <node id="2616258874" lat="25.0804725" lon="121.6027351"/>
  <node id="2963876957" lat="24.9833249" lon="121.6100447"/>
  <node id="4875927919" lat="25.0243535" lon="121.6046693"/>
  <node id="4181984299" lat="24.9917033" lon="121.607806"/>
  <node id="4299317766" lat="25.0903002" lon="121.5993722"/>
  <node id="13538880265" lat="25.029628" lon="121.60018"/>
  <node id="1662389712" lat="25.098218" lon="121.6041948"/>
  <node id="5424046987" lat="25.0960706" lon="121.6058134"/>
  <node id="3648155377" lat="25.0870311" lon="121.6051642"/>
  <node id="5321308577" lat="24.9972126" lon="121.611986"/>
  <node id="1662389240" lat="25.1003777" lon="121.6050749"/>
  <node id="661185184" lat="25.0075551" lon="121.5987312"/>
  <node id="1662389423" lat="25.09624" lon="121.6049073"/>
  <node id="3534582556" lat="25.0011905" lon="121.6055342"/>
  <node id="4299317743" lat="25.0953372" lon="121.6012189"/>
  <node id="12843353190" lat="25.0240406" lon="121.6017316"/>
  <node id="3320125333" lat="25.0147942" lon="121.6126785"/>
  <node id="13538880256" lat="25.0288351" lon="121.6008153"/>
  <node id="1489439679" lat="25.0344865" lon="121.6092425"/>
  <node id="11690597298" lat="25.0066938" lon="121.5997514"/>
  <node id="11338674239" lat="25.0123752" lon="121.5999687"/>
  <node id="293848352" lat="25.0879814" lon="121.6012208"/>
  <node id="4436808672" lat="24.9962579" lon="121.6113514"/>
  <node id="2133950252" lat="25.0836628" lon="121.5997026"/>
  <node id="4203640369" lat="25.089988" lon="121.6072737"/>
  <node id="2667162691" lat="24.9999379" lon="121.6086772"/>
  <node id="12843353145" lat="25.0235922" lon="121.6041919"/>
  <node id="4203640384" lat="25.0911352" lon="121.6072328"/>
  <node id="11964900810" lat="25.0032596" lon="121.602393"/>
  <node id="1489439671" lat="25.028119" lon="121.6053206"/>
  <node id="4436852458" lat="25.0080661" lon="121.6028113"/>
  <node id="5275050454" lat="25.0317243" lon="121.6078243"/>
  <node id="4203640359" lat="25.0893103" lon="121.6076017"/>
  <node id="4299317652" lat="25.1003726" lon="121.6046168"/>
  <node id="1499961434" lat="24.9944934" lon="121.6089847"/>
  <node id="1974793741" lat="25.1034086" lon="121.6042112"/>
  <node id="2963876950" lat="24.9831964" lon="121.6121871"/>
  <node id="11338674154" lat="25.0169739" lon="121.6090621"/>
  <node id="320481083" lat="25.032561" lon="121.6111621"/>
  <node id="5321259859" lat="24.9854796" lon="121.6036571"/>
  <node id="4299317653" lat="25.1005562" lon="121.6048262"/>
  <node id="9101581452" lat="25.0967421" lon="121.6064596"/>
  <node id="13347004414" lat="25.0060194" lon="121.6008069"/>
  <node id="4299317736" lat="25.0952201" lon="121.6002974"/>
  <node id="5321269836" lat="24.9967237" lon="121.6097916"/>
  <node id="2133950375" lat="25.0880822" lon="121.6011497"/>
  <node id="305938667" lat="25.0829063" lon="121.6049046"/>
  <node id="4299317623" lat="25.1023745" lon="121.6110286"/>
  <node id="9101592006" lat="25.0967529" lon="121.6059175"/>
  <node id="4436852668" lat="24.9828506" lon="121.6120051"/>
  <node id="13538880299" lat="25.0290897" lon="121.6006403"/>
  <node id="11338674149" lat="25.0172595" lon="121.6090648"/>
  <node id="13538880293" lat="25.0292765" lon="121.6006715"/>
  <node id="2616258870" lat="25.0807483" lon="121.6023287"/>
  <node id="4866659838" lat="25.0267979" lon="121.6129768"/>
  <node id="11243726205" lat="24.9852691" lon="121.6029353"/>
  <node id="1489439573" lat="25.0370307" lon="121.6104809"/>
  <node id="13142682290" lat="25.0008863" lon="121.6049432"/>
  <node id="3536268767" lat="25.0040954" lon="121.6010382"/>
  <node id="13538880239" lat="25.0294506" lon="121.6006148"/>
  <node id="8724944619" lat="25.0310781" lon="121.6092705"/>
  <node id="4299317744" lat="25.0952075" lon="121.6012643"/>
  <node id="5321259888" lat="24.9876843" lon="121.6049055"/>
  <node id="4203640420" lat="25.0932742" lon="121.6077477"/>
  <node id="4436884192" lat="25.0013199" lon="121.6045431"/>
  <node id="4436852468" lat="25.0086427" lon="121.6024546"/>
  <node id="12843353167" lat="25.0245255" lon="121.6038734"/>
  <node id="3534582558" lat="25.0012561" lon="121.6057537"/>
  <node id="4436808679" lat="24.997243" lon="121.6121851"/>
  <node id="4436991239" lat="24.9947152" lon="121.6049396"/>
  <node id="4203640427" lat="25.093652" lon="121.6079443"/>
  <node id="7865591483" lat="25.0266223" lon="121.6161986"/>
  <node id="4299317635" lat="25.1035816" lon="121.609195"/>
  <node id="5957263009" lat="24.9991584" lon="121.609284"/>
  <node id="4436991232" lat="24.9938923" lon="121.6036858"/>
  <node id="11338674217" lat="25.0121169" lon="121.6027234"/>
  <node id="4299317746" lat="25.0949454" lon="121.6016122"/>
  <node id="13247137173" lat="25.0236821" lon="121.6108552"/>
  <node id="9380569661" lat="25.0952558" lon="121.6003035"/>
  <node id="4866659784" lat="25.0238237" lon="121.6092042"/>
  <node id="1974793789" lat="25.1027091" lon="121.6048696"/>
  <node id="4203892155" lat="25.0848213" lon="121.6065791"/>
  <node id="4409388659" lat="24.9913743" lon="121.600089"/>
  <node id="320481069" lat="25.0299579" lon="121.6086532"/>
  <node id="4427585088" lat="25.1010698" lon="121.6042601"/>
  <node id="773904868" lat="25.084346" lon="121.6014754"/>
  <node id="4875930629" lat="25.0241493" lon="121.6017745"/>
  <node id="2133950223" lat="25.082218" lon="121.6017835"/>
  <node id="4436852483" lat="25.0097469" lon="121.6021884"/>
  <node id="4218556073" lat="25.0271797" lon="121.6017044"/>
  <node id="4299317754" lat="25.0930783" lon="121.5997999"/>
  <node id="1499961452" lat="24.9972321" lon="121.6115561"/>
  <node id="2963876991" lat="24.9837935" lon="121.610161"/>
  <node id="13484779871" lat="25.0077951" lon="121.6036407"/>
  <node id="4436869787" lat="25.0150634" lon="121.6149759"/>
  <node id="4436954774" lat="25.0903929" lon="121.5999119"/>
  <node id="3314351615" lat="25.0026439" lon="121.601139"/>
  <node id="1662389452" lat="25.0961812" lon="121.6055387"/>
  <node id="4866659794" lat="25.0220048" lon="121.6065195"/>
  <node id="4436954766" lat="25.0884056" lon="121.6013984"/>
  <node id="4203640379" lat="25.0907091" lon="121.607353"/>
  <node id="4203892150" lat="25.0850208" lon="121.6070919"/>
  <node id="3320099054" lat="25.0080272" lon="121.610777"/>
  <node id="11338674219" lat="25.0125934" lon="121.6020381"/>
  <node id="3320125502" lat="25.0165556" lon="121.6057862"/>
  <node id="6405710613" lat="25.0982715" lon="121.6049695"/>
  <node id="4203640350" lat="25.0883069" lon="121.607478"/>
  <node id="4299317642" lat="25.1028821" lon="121.6085364"/>
  <node id="1489439362" lat="25.0377822" lon="121.610425"/>
  <node id="4457178514" lat="25.0255721" lon="121.6030725"/>
  <node id="1662389383" lat="25.0961748" lon="121.6051051"/>
  <node id="13538880248" lat="25.0290438" lon="121.601049"/>
  <node id="293848323" lat="25.0734172" lon="121.6057068"/>
  <node id="13629401839" lat="24.9957897" lon="121.6094349"/>
  <node id="1489439542" lat="25.0370902" lon="121.6083377"/>
  <node id="4436852484" lat="25.0098976" lon="121.6026953"/>
  <node id="3490759878" lat="24.992486" lon="121.6018753"/>
  <node id="4436914887" lat="25.0293697" lon="121.6080014"/>
  <node id="12843353156" lat="25.0242672" lon="121.604214"/>
  <node id="7059810416" lat="25.0270698" lon="121.6001595"/>
  <node id="2963876915" lat="24.9825138" lon="121.6123462"/>
  <node id="4436852445" lat="25.007671" lon="121.6062969"/>
  <node id="2314878569" lat="24.9860315" lon="121.6042015"/>
  <node id="9595183718" lat="25.0264662" lon="121.611354"/>
  <node id="11338674151" lat="25.0173908" lon="121.6088891"/>
  <node id="5321308818" lat="24.9829229" lon="121.6107685"/>
  <node id="4436954765" lat="25.088383" lon="121.602324"/>
  <node id="2133950279" lat="25.0850356" lon="121.6022041"/>
  <node id="305938513" lat="25.0902769" lon="121.6004623"/>
  <node id="7059810405" lat="25.0273289" lon="121.5993559"/>
  <node id="8724989065" lat="25.037028" lon="121.6114313"/>
  <node id="3393326629" lat="25.0968489" lon="121.609075"/>
  <node id="10060165343" lat="25.0121722" lon="121.6013239"/>
  <node id="4457185420" lat="25.0166207" lon="121.6090076"/>
  <node id="661185545" lat="24.9998354" lon="121.6032715"/>
  <node id="4203640365" lat="25.0897713" lon="121.607339"/>
  <node id="317419921" lat="24.9980523" lon="121.612972"/>
  <node id="4218556044" lat="25.0254589" lon="121.5999248"/>
  <node id="5275050451" lat="25.0315927" lon="121.6080707"/>
  <node id="4436793192" lat="25.0837996" lon="121.5997815"/>
  <node id="13538880270" lat="25.0294473" lon="121.6001189"/>
  <node id="5037267612" lat="25.1057073" lon="121.6092136"/>
  <node id="11690615108" lat="25.0043785" lon="121.6019529"/>
  <node id="4436852470" lat="25.00933" lon="121.6004369"/>
  <node id="4203640401" lat="25.0925616" lon="121.6070577"/>
  <node id="4425697900" lat="25.0283737" lon="121.6067642"/>
  <node id="4436852469" lat="25.0091076" lon="121.6017626"/>
  <node id="4203640330" lat="25.0864232" lon="121.6062207"/>
  <node id="6405534569" lat="25.0947818" lon="121.6018242"/>
  <node id="2133950298" lat="25.0858965" lon="121.6028724"/>
  <node id="4457184305" lat="25.0844864" lon="121.6007883"/>
  <node id="4256076989" lat="25.0812162" lon="121.600026"/>
  <node id="2963876972" lat="24.9835138" lon="121.609866"/>
  <node id="5321269827" lat="24.9943996" lon="121.6089164"/>
  <node id="5052027695" lat="25.0038718" lon="121.6047132"/>
  <node id="320481074" lat="25.0309072" lon="121.6103258"/>
  <node id="8011301511" lat="25.0337838" lon="121.6060882"/>
  <node id="3320125504" lat="25.0166838" lon="121.606485"/>
  <node id="4457185410" lat="25.0164274" lon="121.6091102"/>
  <node id="5509162165" lat="25.0030783" lon="121.6014455"/>
  <node id="3320125097" lat="25.0095974" lon="121.6013214"/>
  <node id="1662390263" lat="25.1008235" lon="121.6057066"/>
  <node id="4436852671" lat="24.9830115" lon="121.6100748"/>
  <node id="13629401843" lat="24.9906055" lon="121.6062458"/>
  <node id="11690615120" lat="25.0043578" lon="121.6019405"/>
  <node id="1662389209" lat="25.1007701" lon="121.6055942"/>
  <node id="1502690643" lat="25.0311885" lon="121.609365"/>
  <node id="2963876942" lat="24.983065" lon="121.6102478"/>
  <node id="6328437293" lat="25.0811028" lon="121.598611"/>
  <node id="4181982286" lat="24.9902736" lon="121.6077809"/>
  <node id="4299317625" lat="25.1024696" lon="121.6114165"/>
  <node id="4258014033" lat="24.9851787" lon="121.6034598"/>
  <node id="3320125130" lat="25.0110449" lon="121.6031044"/>
  <node id="775379690" lat="25.0798184" lon="121.60728"/>
  <node id="4203640824" lat="25.0971477" lon="121.6076374"/>
  <node id="12843353207" lat="25.0239722" lon="121.6011793"/>
  <node id="2316815791" lat="25.0029991" lon="121.6033824"/>
  <node id="11338674200" lat="25.0123302" lon="121.6032048"/>
  <node id="4411278201" lat="25.0944832" lon="121.6049024"/>
  <node id="11338674229" lat="25.0122233" lon="121.6011918"/>
  <node id="13538880224" lat="25.0301159" lon="121.5999158"/>
  <node id="4457185399" lat="25.0162865" lon="121.6108328"/>
  <node id="4427426070" lat="25.0165014" lon="121.605711"/>
  <node id="5321269823" lat="24.9931285" lon="121.6081597"/>
  <node id="5275050429" lat="25.0336087" lon="121.6064006"/>
  <node id="9595183719" lat="25.0264159" lon="121.6115428"/>
  <node id="3490759887" lat="24.9913889" lon="121.6009988"/>
  <node id="305938663" lat="25.0750072" lon="121.6069106"/>
  <node id="4436884199" lat="25.0014889" lon="121.6050058"/>
  <node id="1662389537" lat="25.1056379" lon="121.609137"/>
  <node id="4436814199" lat="24.9948789" lon="121.6092005"/>
  <node id="4436808678" lat="24.9972139" lon="121.6120885"/>
  <node id="8724989067" lat="25.0373079" lon="121.6117918"/>
  <node id="2963876934" lat="24.9829103" lon="121.6133007"/>
  <node id="2963876954" lat="24.9833445" lon="121.6134725"/>
  <node id="5321259913" lat="24.9901244" lon="121.6054415"/>
  <node id="4203640373" lat="25.0902164" lon="121.6073927"/>
  <node id="13530108741" lat="25.023735" lon="121.6095865"/>
  <node id="2003900536" lat="25.0831446" lon="121.6033036"/>
  <node id="1489439756" lat="25.0368809" lon="121.6113194"/>
  <node id="4436952143" lat="24.9854351" lon="121.6032543"/>
  <node id="7059810433" lat="25.026303" lon="121.6006802"/>
  <node id="1489439705" lat="25.0363081" lon="121.6081278"/>
  <node id="4203892353" lat="25.078299" lon="121.6070171"/>
  <node id="3314351622" lat="25.0040109" lon="121.600465"/>
  <node id="5052027643" lat="25.0035036" lon="121.6051675"/>
  <node id="9595434246" lat="25.0267373" lon="121.6062987"/>
  <node id="1662390019" lat="25.0918009" lon="121.6032954"/>
  <node id="11338674159" lat="25.0167345" lon="121.6071779"/>
  <node id="4203640326" lat="25.0862223" lon="121.6058787"/>
  <node id="661185549" lat="25.0004864" lon="121.6026033"/>
  <node id="4436852682" lat="24.9836045" lon="121.6094125"/>
  <node id="4866659817" lat="25.0239519" lon="121.609042"/>
  <node id="2133950251" lat="25.083794" lon="121.6037268"/>
  <node id="1414915857" lat="25.034014" lon="121.6096845"/>
  <node id="1930089965" lat="25.1026976" lon="121.6081839"/>
  <node id="4896488643" lat="25.0015314" lon="121.603175"/>
  <node id="7059810409" lat="25.0273289" lon="121.5997434"/>
  <node id="4436852991" lat="24.9844144" lon="121.6124829"/>
  <node id="11338593168" lat="25.017104" lon="121.6084988"/>
  <node id="4457945318" lat="25.0955167" lon="121.6012262"/>
  <node id="1489439377" lat="25.0371549" lon="121.607553"/>
  <node id="3937256232" lat="25.0274101" lon="121.6135859"/>
  <node id="4218556049" lat="25.0258806" lon="121.6004344"/>
  <node id="7865616287" lat="25.0266838" lon="121.6163744"/>
  <node id="9595183724" lat="25.0271802" lon="121.6122801"/>
  <node id="4436852437" lat="25.0063973" lon="121.5985124"/>
  <node id="3314351599" lat="25.0013138" lon="121.6041462"/>
  <node id="1974795449" lat="25.1029625" lon="121.6063789"/>
  <node id="2667162695" lat="24.9986122" lon="121.6080949"/>
  <node id="5209965756" lat="24.9859057" lon="121.6055011"/>
  <node id="320481046" lat="25.026466" lon="121.6037046"/>
  <node id="773904954" lat="25.0846775" lon="121.6005806"/>
  <node id="5275080829" lat="25.0313171" lon="121.6095437"/>
  <node id="3320125521" lat="25.0173177" lon="121.6081483"/>
  <node id="2963876976" lat="24.9836145" lon="121.6130913"/>
  <node id="2133950267" lat="25.0843059" lon="121.601304"/>
  <node id="2133950258" lat="25.0839442" lon="121.5998984"/>
  <node id="7775108666" lat="25.0817259" lon="121.607752"/>
  <node id="13538880227" lat="25.0301451" lon="121.6000412"/>
  <node id="3534582561" lat="25.0015758" lon="121.6061222"/>
  <node id="11338674215" lat="25.0121753" lon="121.6026248"/>
  <node id="4420905592" lat="25.0862439" lon="121.5990604"/>
  <node id="3314351565" lat="25.0014067" lon="121.6025821"/>
  <node id="7865616290" lat="25.0273359" lon="121.6159435"/>
  <node id="4243888666" lat="24.9854715" lon="121.6049099"/>
  <node id="3937256224" lat="25.0268555" lon="121.6133755"/>
  <node id="13538880311" lat="25.0286995" lon="121.6006546"/>
  <node id="6405710625" lat="25.0996688" lon="121.6061276"/>
  <node id="3534582563" lat="25.0017054" lon="121.6062012"/>
  <node id="4411278191" lat="25.0909808" lon="121.6018806"/>
  <node id="7059810421" lat="25.0270336" lon="121.6003925"/>
  <node id="7059810406" lat="25.027311" lon="121.5994984"/>
  <node id="2963876985" lat="24.9837521" lon="121.6119678"/>
  <node id="2963876958" lat="24.9833022" lon="121.6109817"/>
  <node id="5051446134" lat="25.0050726" lon="121.6034097"/>
  <node id="4436853094" lat="25.0119923" lon="121.6035362"/>
  <node id="10855689765" lat="25.1010368" lon="121.60881"/>
  <node id="3320125296" lat="25.0136451" lon="121.6052146"/>
  <node id="9595183728" lat="25.0266591" lon="121.613363"/>
  <node id="7723489922" lat="25.0781924" lon="121.6070189"/>
  <node id="4203640426" lat="25.0935724" lon="121.6079391"/>
  <node id="3536372523" lat="24.9950403" lon="121.6092467"/>
  <node id="3393326634" lat="25.0973062" lon="121.6081136"/>
  <node id="4457945314" lat="25.0953232" lon="121.6007583"/>
  <node id="4866659841" lat="25.0344242" lon="121.6087201"/>
  <node id="3320125148" lat="25.012064" lon="121.6037709"/>
  <node id="2133950342" lat="25.0870327" lon="121.6024549"/>
  <node id="4866659792" lat="25.0218034" lon="121.6060556"/>
  <node id="4868065290" lat="25.0841012" lon="121.6020394"/>
  <node id="5509162204" lat="25.0045857" lon="121.5973732"/>
  <node id="5275050444" lat="25.0341694" lon="121.6047394"/>
  <node id="4875927896" lat="25.0267246" lon="121.6163624"/>
  <node id="5275050436" lat="25.0334268" lon="121.6071129"/>
  <node id="5209579666" lat="24.9883303" lon="121.6059006"/>
  <node id="773904592" lat="25.0842198" lon="121.595044"/>
  <node id="7059810422" lat="25.0270169" lon="121.6004257"/>
  <node id="11461449519" lat="25.0331741" lon="121.6073838"/>
  <node id="2133950213" lat="25.081398" lon="121.6015556"/>
  <node id="4218556065" lat="25.0267811" lon="121.6017755"/>
  <node id="3320099019" lat="25.0064253" lon="121.59821"/>
  <node id="3320125138" lat="25.0115918" lon="121.6033505"/>
  <node id="4203640344" lat="25.0877443" lon="121.6075445"/>
  <node id="4875930627" lat="25.0235198" lon="121.602238"/>
  <node id="13629401838" lat="24.9958322" lon="121.6093799"/>
  <node id="11338674214" lat="25.0121042" lon="121.6028206"/>
  <node id="2502496347" lat="24.9981245" lon="121.6120348"/>
  <node id="4299317768" lat="25.0834901" lon="121.6042174"/>
  <node id="4896488638" lat="25.001541" lon="121.6025065"/>
  <node id="2188790896" lat="25.089015" lon="121.6002049"/>
  <node id="3320125340" lat="25.015019" lon="121.6137528"/>
  <node id="4457185404" lat="25.0163302" lon="121.6104828"/>
  <node id="5957263021" lat="25.0000496" lon="121.6121558"/>
  <node id="5052027706" lat="25.0046492" lon="121.605039"/>
  <node id="4436792384" lat="25.0816193" lon="121.6001328"/>
  <node id="1489439646" lat="25.0364253" lon="121.6113144"/>
  <node id="11461449490" lat="25.0316824" lon="121.6080555"/>
  <node id="4203640413" lat="25.0929316" lon="121.6075725"/>
  <node id="7723489856" lat="25.0828392" lon="121.6055946"/>
  <node id="12843353148" lat="25.0237259" lon="121.6040209"/>
  <node id="4436869783" lat="25.0146599" lon="121.6145024"/>
  <node id="5321269828" lat="24.9945353" lon="121.6090252"/>
  <node id="661185255" lat="25.0017702" lon="121.6058383"/>
  <node id="8011301509" lat="25.0343343" lon="121.6048906"/>
  <node id="4255867133" lat="25.0124399" lon="121.5985086"/>
  <node id="4436813085" lat="24.9919436" lon="121.6076791"/>
  <node id="4436943848" lat="25.0275729" lon="121.6053177"/>
  <node id="4457185418" lat="25.0164839" lon="121.6090029"/>
  <node id="661185543" lat="24.9994869" lon="121.6038173"/>
  <node id="4436852989" lat="24.9838315" lon="121.6102131"/>
  <node id="4218556045" lat="25.0255003" lon="121.5999758"/>
  <node id="2133950292" lat="25.0856183" lon="121.5998546"/>
  <node id="8552930530" lat="24.9988024" lon="121.6060569"/>
  <node id="3490759856" lat="24.995843" lon="121.6072398"/>
  <node id="8724967849" lat="25.0352872" lon="121.6095293"/>
  <node id="5052027640" lat="25.0043724" lon="121.6035273"/>
  <node id="1489439556" lat="25.0366196" lon="121.6113206"/>
  <node id="661185699" lat="24.9997481" lon="121.6032573"/>
  <node id="3937256228" lat="25.0282108" lon="121.6131933"/>
  <node id="5052027696" lat="25.0036635" lon="121.6039699"/>
  <node id="4218556079" lat="25.0273537" lon="121.6016233"/>
  <node id="11243726197" lat="24.9857602" lon="121.6050059"/>
  <node id="1489439446" lat="25.0377536" lon="121.610164"/>
  <node id="4436943843" lat="25.0268196" lon="121.6041377"/>
  <node id="3380606104" lat="25.0047579" lon="121.5981967"/>
  <node id="4203640377" lat="25.0905653" lon="121.6074067"/>
  <node id="2133950338" lat="25.0868507" lon="121.6006696"/>
  <node id="4299317628" lat="25.1015719" lon="121.6118009"/>
  <node id="7782559282" lat="25.033576" lon="121.6109424"/>
  <node id="3314351623" lat="25.0037271" lon="121.600287"/>
  <node id="5275050414" lat="25.0342889" lon="121.6050952"/>
  <node id="4427585087" lat="25.1005413" lon="121.6037576"/>
  <node id="11956392743" lat="25.081402" lon="121.6083887"/>
  <node id="5321259906" lat="24.9901802" lon="121.6059851"/>
  <node id="293868000" lat="25.0859246" lon="121.6016712"/>
  <node id="4896488635" lat="25.0011212" lon="121.6029964"/>
  <node id="12843353158" lat="25.0243213" lon="121.6041523"/>
  <node id="2917118929" lat="25.0928667" lon="121.6044202"/>
  <node id="3937256249" lat="25.0275423" lon="121.6159712"/>
  <node id="1930089959" lat="25.1023613" lon="121.6084407"/>
  <node id="3320125102" lat="25.0097147" lon="121.6022615"/>
  <node id="1930089964" lat="25.1026808" lon="121.6085119"/>
  <node id="3937256237" lat="25.0277567" lon="121.6143796"/>
  <node id="4436793189" lat="25.0836728" lon="121.6036829"/>
  <node id="4866659811" lat="25.0244653" lon="121.6067031"/>
  <node id="4299317658" lat="25.1044051" lon="121.6030569"/>
  <node id="2133950216" lat="25.0817744" lon="121.5999357"/>
  <node id="3536268742" lat="25.0027368" lon="121.6036569"/>
  <node id="3314351151" lat="25.0035931" lon="121.5987413"/>
  <node id="2133950297" lat="25.0858577" lon="121.6021455"/>
  <node id="3536372535" lat="24.990704" lon="121.6077993"/>
  <node id="4436852479" lat="25.0095847" lon="121.5999508"/>
  <node id="4868065297" lat="25.0831243" lon="121.6042067"/>
  <node id="3490759860" lat="24.9950908" lon="121.605857"/>
  <node id="4436952148" lat="24.9861481" lon="121.6037049"/>
  <node id="10060165336" lat="25.0122372" lon="121.6030861"/>
  <node id="4866659835" lat="25.0270878" lon="121.6122341"/>
  <node id="5052027647" lat="25.0034967" lon="121.6041286"/>
  <node id="11338674238" lat="25.012422" lon="121.5999989"/>
  <node id="2641719143" lat="25.0040013" lon="121.604437"/>
  <node id="3320125125" lat="25.0108711" lon="121.6027845"/>
  <node id="2188790609" lat="25.0845439" lon="121.6010322"/>
  <node id="4436852674" lat="24.9832384" lon="121.61225"/>
  <node id="9101623323" lat="25.0962009" lon="121.6049995"/>
  <node id="5957263033" lat="24.999765" lon="121.610807"/>
  <node id="5321259883" lat="24.9870536" lon="121.6044431"/>
  <node id="1662389884" lat="25.0997197" lon="121.6051199"/>
  <node id="5052027677" lat="25.0028827" lon="121.6037055"/>
  <node id="4457184302" lat="25.0841269" lon="121.600284"/>
  <node id="1499961446" lat="24.9964059" lon="121.6115439"/>
  <node id="4436991206" lat="24.9876717" lon="121.6051495"/>
  <node id="13530108730" lat="25.0231748" lon="121.6082769"/>
  <node id="5509162170" lat="25.0021888" lon="121.6014904"/>
  <node id="3937256250" lat="25.0278173" lon="121.6159287"/>
  <node id="3320125100" lat="25.0096691" lon="121.6023138"/>
  <node id="9357906825" lat="25.1016828" lon="121.6122184"/>
  <node id="2314878546" lat="24.9855111" lon="121.6037238"/>
  <node id="4299317610" lat="25.1011966" lon="121.6089023"/>
  <node id="5209596750" lat="24.9898254" lon="121.6065914"/>
  <node id="2616257228" lat="25.0843258" lon="121.600321"/>
  <node id="773904964" lat="25.0819957" lon="121.6065773"/>
  <node id="4203892160" lat="25.0845314" lon="121.6064931"/>
  <node id="3536269211" lat="25.0078746" lon="121.6002013"/>
  <node id="4866659797" lat="25.0223145" lon="121.6067717"/>
  <node id="13538880228" lat="25.0301177" lon="121.6000573"/>
  <node id="2641719150" lat="25.0022387" lon="121.6052482"/>
  <node id="4436852472" lat="25.0093926" lon="121.6027476"/>
  <node id="4203640431" lat="25.0937859" lon="121.6081446"/>
  <node id="5052027637" lat="25.0037495" lon="121.6037999"/>
  <node id="1662389525" lat="25.0952706" lon="121.6051397"/>
  <node id="1974793610" lat="25.1030135" lon="121.6063002"/>
  <node id="4866659829" lat="25.0255754" lon="121.6102114"/>
  <node id="5957263014" lat="24.9994683" lon="121.609938"/>
  <node id="3320099048" lat="25.0078534" lon="121.6033807"/>
  <node id="1662389403" lat="25.0983969" lon="121.604575"/>
  <node id="4203640816" lat="25.0965317" lon="121.605736"/>
  <node id="773936462" lat="25.0824743" lon="121.6059495"/>
  <node id="2314878747" lat="24.990164" lon="121.6054609"/>
  <node id="320481095" lat="25.0336257" lon="121.6109844"/>
  <node id="3490759886" lat="24.99135" lon="121.6011966"/>
  <node id="4436839392" lat="25.0173486" lon="121.6085519"/>
  <node id="2979021653" lat="25.0819238" lon="121.6069475"/>
  <node id="4457185400" lat="25.0162603" lon="121.6124462"/>
  <node id="4255867130" lat="25.0127428" lon="121.5986551"/>
  <node id="3536372521" lat="24.9959783" lon="121.6098053"/>
  <node id="13530132149" lat="25.0231274" lon="121.6064429"/>
  <node id="1662390176" lat="25.0908853" lon="121.6017875"/>
  <node id="4203640348" lat="25.0880319" lon="121.6073939"/>
  <node id="2963876990" lat="24.9837834" lon="121.6120812"/>
  <node id="7059810428" lat="25.0266508" lon="121.6003858"/>
  <node id="4952160819" lat="24.992114" lon="121.6024723"/>
  <node id="1489439492" lat="25.0371061" lon="121.6074564"/>
  <node id="13538880225" lat="25.0301542" lon="121.5999634"/>
  <node id="12725167242" lat="25.0859774" lon="121.6016619"/>
  <node id="4436869789" lat="25.015112" lon="121.6136475"/>
  <node id="4299317626" lat="25.1022685" lon="121.6116522"/>
  <node id="3320099046" lat="25.0077476" lon="121.6066932"/>
  <node id="7723489859" lat="25.0827787" lon="121.6053967"/>
  <node id="5321259839" lat="24.9850764" lon="121.6034999"/>
  <node id="4299317615" lat="25.1007927" lon="121.609554"/>
  <node id="4172446041" lat="24.9994599" lon="121.6036904"/>
  <node id="12073864279" lat="25.0043609" lon="121.6053282"/>
  <node id="5275050416" lat="25.0340439" lon="121.6053371"/>
  <node id="3320125075" lat="25.0085437" lon="121.612073"/>
  <node id="4411278196" lat="25.0939201" lon="121.6055408"/>
  <node id="4436852677" lat="24.9833161" lon="121.6125599"/>
  <node id="10855689771" lat="25.1022124" lon="121.6108974"/>
  <node id="12843353193" lat="25.0250152" lon="121.60283"/>
  <node id="4436884204" lat="25.0017466" lon="121.6052525"/>
  <node id="1489439474" lat="25.0378106" lon="121.6119988"/>
  <node id="4453667628" lat="25.0009644" lon="121.6101861"/>
  <node id="13538880283" lat="25.0291359" lon="121.6003496"/>
  <node id="1974793798" lat="25.10268" lon="121.6052591"/>
  <node id="6405710620" lat="25.0988984" lon="121.6059268"/>
  <node id="4436792381" lat="25.0803695" lon="121.6037974"/>
  <node id="3536268739" lat="25.001857" lon="121.6066133"/>
  <node id="1662389764" lat="25.0915787" lon="121.6021084"/>
  <node id="13530108728" lat="25.0231249" lon="121.6081823"/>
  <node id="4203640335" lat="25.0870873" lon="121.6068015"/>
  <node id="2963876975" lat="24.9835642" lon="121.609548"/>
  <node id="3314351153" lat="25.0031125" lon="121.5994537"/>
  <node id="13538880288" lat="25.029131" lon="121.6004619"/>
  <node id="4875930622" lat="25.0244999" lon="121.6039726"/>
  <node id="1499961432" lat="24.9928814" lon="121.6080664"/>
  <node id="4203640399" lat="25.0924474" lon="121.6069596"/>
  <node id="3490759858" lat="24.9954032" lon="121.6067113"/>
  <node id="4436793195" lat="25.0848429" lon="121.6069604"/>
  <node id="13538880275" lat="25.0293306" lon="121.6003044"/>
  <node id="9595183717" lat="25.026519" lon="121.6111734"/>
  <node id="9380569667" lat="25.0914626" lon="121.5995465"/>
  <node id="2133950269" lat="25.0843263" lon="121.6023796"/>
  <node id="4436869782" lat="25.0145213" lon="121.6143643"/>
  <node id="2314878752" lat="24.9902528" lon="121.6057627"/>
  <node id="7775108655" lat="25.0817823" lon="121.6075534"/>
  <node id="5321269837" lat="24.991651" lon="121.6076874"/>
  <node id="2963876969" lat="24.9834242" lon="121.6099395"/>
  <node id="4299317607" lat="25.1018523" lon="121.6085441"/>
  <node id="11243726236" lat="24.9986655" lon="121.6058984"/>
  <node id="10060165347" lat="25.0124244" lon="121.600292"/>
  <node id="1489439742" lat="25.0367338" lon="121.6078815"/>
  <node id="4218556039" lat="25.0249621" lon="121.5996173"/>
  <node id="13538880259" lat="25.027342" lon="121.6018621"/>
  <node id="11338674224" lat="25.0123314" lon="121.6014151"/>
  <node id="773904706" lat="25.0765539" lon="121.6070627"/>
  <node id="3320099033" lat="25.0073514" lon="121.6054118"/>
  <node id="11338674234" lat="25.0123138" lon="121.6003067"/>
  <node id="7723489894" lat="25.0735065" lon="121.6057784"/>
  <node id="4436792388" lat="25.0834534" lon="121.6008235"/>
  <node id="4299317651" lat="25.1001842" lon="121.6040669"/>
  <node id="5960995175" lat="25.0030018" lon="121.604618"/>
  <node id="4203640429" lat="25.0937151" lon="121.6079753"/>
  <node id="4866659804" lat="25.0231972" lon="121.6064376"/>
  <node id="10855689770" lat="25.1013586" lon="121.6101397"/>
  <node id="4436943845" lat="25.0275172" lon="121.6048752"/>
  <node id="4427585083" lat="25.0990649" lon="121.6050688"/>
  <node id="4203640828" lat="25.0967962" lon="121.6091583"/>
  <node id="2133950246" lat="25.0832545" lon="121.6008301"/>
  <node id="2963876920" lat="24.9826826" lon="121.6118792"/>
  <node id="13538880263" lat="25.0272591" lon="121.6018248"/>
  <node id="2963876951" lat="24.9832813" lon="121.6092165"/>
  <node id="13530108732" lat="25.0232689" lon="121.6084023"/>
  <node id="4798314327" lat="25.0046832" lon="121.60316"/>
  <node id="5052027717" lat="25.0049078" lon="121.6042373"/>
  <node id="12843353042" lat="25.0270071" lon="121.6045025"/>
  <node id="13247131682" lat="25.0224587" lon="121.6068948"/>
  <node id="12843353184" lat="25.0237921" lon="121.6018456"/>
  <node id="3320125074" lat="25.0085268" lon="121.611699"/>
  <node id="13530132146" lat="25.0227476" lon="121.6065918"/>
  <node id="4203892122" lat="25.0867271" lon="121.6064494"/>
  <node id="1489439613" lat="25.0362397" lon="121.607923"/>
  <node id="4299317763" lat="25.0909" lon="121.5991884"/>
  <node id="9101581453" lat="25.0967462" lon="121.6064959"/>
  <node id="4868065312" lat="25.0829618" lon="121.6042979"/>
  <node id="7059810434" lat="25.0262917" lon="121.6007023"/>
  <node id="4203640327" lat="25.0862502" lon="121.605948"/>
  <node id="11874299222" lat="25.0093276" lon="121.6016575"/>
  <node id="5321259887" lat="24.9876136" lon="121.6047973"/>
  <node id="661185544" lat="24.9996789" lon="121.6034889"/>
  <node id="1662390395" lat="25.1013445" lon="121.6060562"/>
  <node id="11690615111" lat="25.0045737" lon="121.6020616"/>
  <node id="2963876983" lat="24.9836886" lon="121.6131127"/>
  <node id="4203640341" lat="25.0874775" lon="121.6073858"/>
  <node id="11243726196" lat="24.9857474" lon="121.6050582"/>
  <node id="2963877010" lat="24.9845372" lon="121.6123995"/>
  <node id="3490759876" lat="24.9925966" lon="121.6027269"/>
  <node id="13538880354" lat="25.0279651" lon="121.6014899"/>
  <node id="2080392205" lat="25.0834592" lon="121.6021162"/>
  <node id="13538880245" lat="25.029025" lon="121.6004358"/>
  <node id="10206238346" lat="25.004655" lon="121.6058278"/>
  <node id="4436991231" lat="24.9929904" lon="121.6032928"/>
  <node id="2963876931" lat="24.9829024" lon="121.6128745"/>
  <node id="7723489861" lat="25.0846482" lon="121.6006807"/>
  <node id="3393326640" lat="25.0967328" lon="121.6061401"/>
  <node id="2133950281" lat="25.0851756" lon="121.6034377"/>
  <node id="4866659782" lat="25.0238292" lon="121.609791"/>
  <node id="4427585189" lat="25.1016684" lon="121.6086998"/>
  <node id="3320125140" lat="25.0116914" lon="121.6033445"/>
  <node id="11338674249" lat="25.0123017" lon="121.5985552"/>
  <node id="773904693" lat="25.0758114" lon="121.6071072"/>
  <node id="13538880220" lat="25.0299895" lon="121.6001391"/>
  <node id="4409388661" lat="24.9915951" lon="121.5998671"/>
  <node id="2502496360" lat="24.9987137" lon="121.6078237"/>
  <node id="11243707627" lat="24.9993121" lon="121.6063021"/>
  <node id="3320099018" lat="25.0064114" lon="121.5980873"/>
  <node id="4436883368" lat="24.9961096" lon="121.6074395"/>
  <node id="10855689772" lat="25.102488" lon="121.6112635"/>
  <node id="4457185395" lat="25.0161704" lon="121.6125984"/>
  <node id="5052027652" lat="25.0047178" lon="121.6043925"/>
  <node id="3937256241" lat="25.0272541" lon="121.6154124"/>
  <node id="4203640389" lat="25.091739" lon="121.6071989"/>
  <node id="2314878597" lat="24.9862568" lon="121.6039443"/>
  <node id="4218556070" lat="25.0270338" lon="121.6016012"/>
  <node id="661185181" lat="25.0077567" lon="121.5997147"/>
  <node id="4436852478" lat="25.0095506" lon="121.6028804"/>
  <node id="2133950249" lat="25.0836053" lon="121.6007844"/>
  <node id="4436954773" lat="25.0903455" lon="121.5997944"/>
  <node id="4436852683" lat="24.9836337" lon="121.6104761"/>
  <node id="4875930638" lat="25.0251716" lon="121.6015029"/>
  <node id="4436839391" lat="25.0173286" lon="121.6082006"/>
  <node id="1502690291" lat="25.0332154" lon="121.6073622"/>
  <node id="2963876921" lat="24.9826474" lon="121.6114628"/>
  <node id="4258014009" lat="24.9871844" lon="121.6047621"/>
  <node id="3647239985" lat="25.0814041" lon="121.6020617"/>
  <node id="3536268753" lat="25.0068604" lon="121.599651"/>
  <node id="4866659793" lat="25.0218929" lon="121.6064199"/>
  <node id="293848319" lat="25.0844054" lon="121.6010373"/>
  <node id="5957263024" lat="24.9996583" lon="121.610598"/>
  <node id="305938529" lat="25.0841397" lon="121.6016111"/>
  <node id="3490759863" lat="24.9946508" lon="121.6045106"/>
  <node id="3320125344" lat="25.0151594" lon="121.6135228"/>
  <node id="4427585193" lat="25.1027425" lon="121.6083314"/>
  <node id="4427585196" lat="25.1037251" lon="121.6036802"/>
  <node id="4457184298" lat="25.0827362" lon="121.6006153"/>
  <node id="990899306" lat="25.081547" lon="121.6081629"/>
  <node id="5052027641" lat="25.004486" lon="121.6035778"/>
  <node id="5051446127" lat="25.0046991" lon="121.6046534"/>
  <node id="2188790596" lat="25.0844157" lon="121.6013466"/>
  <node id="9101564081" lat="25.0973496" lon="121.6083646"/>
  <node id="12843353039" lat="25.028108" lon="121.6058726"/>
  <node id="13538880271" lat="25.0294254" lon="121.600126"/>
  <node id="3393326648" lat="25.0963491" lon="121.6059796"/>
  <node id="3937256223" lat="25.0267738" lon="121.6136126"/>
  <node id="4436852467" lat="25.0086197" lon="121.6020624"/>
  <node id="4436852446" lat="25.0077397" lon="121.5999535"/>
  <node id="3314351160" lat="25.0018287" lon="121.601851"/>
  <node id="4436883385" lat="25.0008189" lon="121.6020838"/>
  <node id="5321259915" lat="24.9899467" lon="121.6054636"/>
  <node id="4457185412" lat="25.0164372" lon="121.609062"/>
  <node id="12843353171" lat="25.024342" lon="121.6047069"/>
  <node id="13303016231" lat="25.0844173" lon="121.6019765"/>
  <node id="4258014021" lat="24.9853618" lon="121.6034754"/>
  <node id="5321259866" lat="24.9860148" lon="121.604487"/>
  <node id="5275050423" lat="25.033812" lon="121.6061772"/>
  <node id="7865591480" lat="25.0219035" lon="121.6057442"/>
  <node id="1489439318" lat="25.0360689" lon="121.6070195"/>
  <node id="13538880321" lat="25.0286562" lon="121.6008693"/>
  <node id="11690615118" lat="25.0045415" lon="121.602022"/>
  <node id="4436952145" lat="24.9860152" lon="121.6041106"/>
  <node id="4457185413" lat="25.0164396" lon="121.610292"/>
  <node id="2616258875" lat="25.0804805" lon="121.6029001"/>
  <node id="7702583306" lat="25.0933036" lon="121.6041618"/>
  <node id="13538880314" lat="25.0287355" lon="121.6007012"/>
  <node id="5051446208" lat="25.0025126" lon="121.6044413"/>
  <node id="4436813079" lat="24.9910154" lon="121.6073048"/>
  <node id="1662390112" lat="25.1004978" lon="121.6052037"/>
  <node id="4457185402" lat="25.016281" lon="121.6122819"/>
  <node id="9101623325" lat="25.0961942" lon="121.6053806"/>
  <node id="11338674261" lat="25.0079598" lon="121.6012508"/>
  <node id="320481067" lat="25.029261" lon="121.6078324"/>
  <node id="13538880266" lat="25.029587" lon="121.6001793"/>
  <node id="1662389514" lat="25.0951179" lon="121.6049493"/>
  <node id="1974793777" lat="25.1031548" lon="121.6044177"/>
  <node id="4203640398" lat="25.0924104" lon="121.6069748"/>
  <node id="3534582568" lat="25.001217" lon="121.6055681"/>
  <node id="4258014025" lat="24.9854819" lon="121.6037573"/>
  <node id="773904712" lat="25.0782446" lon="121.6070975"/>
  <node id="12843353178" lat="25.0244811" lon="121.6040316"/>
  <node id="4299317762" lat="25.0910005" lon="121.5995595"/>
  <node id="4299317740" lat="25.0954531" lon="121.6011151"/>
  <node id="3536268752" lat="25.0029451" lon="121.6006456"/>
  <node id="4436852449" lat="25.0078927" lon="121.6005962"/>
  <node id="9595434247" lat="25.0266448" lon="121.6064721"/>
  <node id="1489439338" lat="25.0362652" lon="121.6112106"/>
  <node id="1499961418" lat="24.9891151" lon="121.6064379"/>
  <node id="1489439470" lat="25.0372846" lon="121.6113054"/>
  <node id="3536269205" lat="25.0096782" lon="121.5992588"/>
  <node id="13538880230" lat="25.0300272" lon="121.6000908"/>
  <node id="11338674211" lat="25.0093709" lon="121.6028266"/>
  <node id="13629401851" lat="24.9983631" lon="121.6097881"/>
  <node id="4420905601" lat="25.0950167" lon="121.6015607"/>
  <node id="4258014034" lat="24.9852276" lon="121.6034213"/>
  <node id="4299317765" lat="25.0903624" lon="121.5993137"/>
  <node id="5321269822" lat="24.9922023" lon="121.6078899"/>
  <node id="5321259874" lat="24.9868825" lon="121.6035453"/>
  <node id="11338674196" lat="25.0117511" lon="121.6030989"/>
  <node id="2616258869" lat="25.0808503" lon="121.6022939"/>
  <node id="2667162684" lat="25.0022286" lon="121.5998957"/>
  <node id="2133950253" lat="25.083686" lon="121.600394"/>
  <node id="1489439465" lat="25.0376327" lon="121.6121748"/>
  <node id="11243707625" lat="24.9990417" lon="121.6078249"/>
  <node id="13538880247" lat="25.0290353" lon="121.6011409"/>
  <node id="4204001299" lat="25.0782474" lon="121.6070189"/>
  <node id="1974793598" lat="25.103073" lon="121.6058003"/>
  <node id="11243726201" lat="24.984888" lon="121.6036709"/>
  <node id="4299317745" lat="25.0951095" lon="121.6013595"/>
  <node id="4203640372" lat="25.0901276" lon="121.6072071"/>
  <node id="5321269829" lat="24.9946308" lon="121.6095453"/>
  <node id="5957263022" lat="24.9998651" lon="121.6116331"/>
  <node id="3314351147" lat="25.0046187" lon="121.5972022"/>
  <node id="1489439588" lat="25.0368762" lon="121.6072184"/>
  <node id="11690597297" lat="25.0063669" lon="121.6004584"/>
  <node id="5321308576" lat="24.9972253" lon="121.6118835"/>
  <node id="7059810430" lat="25.0264555" lon="121.6004981"/>
  <node id="5321269832" lat="24.9953488" lon="121.6095084"/>
  <node id="4436952138" lat="24.9847553" lon="121.6034276"/>
  <node id="4243888900" lat="24.9878184" lon="121.6053704"/>
  <node id="4866659830" lat="25.0258549" lon="121.6104743"/>
  <node id="3320099017" lat="25.0063644" lon="121.5976623"/>
  <node id="2188790729" lat="25.0863957" lon="121.6023695"/>
  <node id="6405710627" lat="25.09921" lon="121.6059268"/>
  <node id="1974793801" lat="25.1029302" lon="121.6052519"/>
  <node id="4457181676" lat="25.0085838" lon="121.6113214"/>
  <node id="13538880280" lat="25.0291936" lon="121.6003409"/>
  <node id="13686736432" lat="25.0079671" lon="121.6106265"/>
  <node id="13538880313" lat="25.0287833" lon="121.6007199"/>
  <node id="12725167248" lat="25.0881115" lon="121.5994473"/>
  <node id="4436852440" lat="25.0073089" lon="121.6003041"/>
  <node id="3320099026" lat="25.0068391" lon="121.5993855"/>
  <node id="3314351596" lat="25.0014695" lon="121.6034555"/>
  <node id="661185700" lat="24.9995774" lon="121.6035032"/>
  <node id="4436883372" lat="24.9971597" lon="121.6076836"/>
  <node id="9939318039" lat="25.0016059" lon="121.6067354"/>
  <node id="5275050472" lat="25.0324665" lon="121.6074539"/>
  <node id="4411278197" lat="25.0939637" lon="121.6055456"/>
  <node id="3320125144" lat="25.0119503" lon="121.603449"/>
  <node id="5275050473" lat="25.0326164" lon="121.6073505"/>
  <node id="1662389987" lat="25.0948755" lon="121.6048843"/>
  <node id="4436954760" lat="25.0860235" lon="121.6007038"/>
  <node id="4436852435" lat="25.0063176" lon="121.5975392"/>
  <node id="4203640819" lat="25.0967469" lon="121.6063655"/>
  <node id="6405710622" lat="25.0992295" lon="121.6058217"/>
  <node id="3490759865" lat="24.9943445" lon="121.6037072"/>
  <node id="12843353165" lat="25.0244462" lon="121.6038864"/>
  <node id="5957263003" lat="24.9988586" lon="121.6084701"/>
  <node id="2188790717" lat="25.0862318" lon="121.6022742"/>
  <node id="3314351567" lat="25.0009888" lon="121.6031148"/>
  <node id="3937256247" lat="25.0267672" lon="121.6163354"/>
  <node id="2314879685" lat="25.103326" lon="121.6075979"/>
  <node id="4436991224" lat="24.9917129" lon="121.601764"/>
  <node id="11461449489" lat="25.0319788" lon="121.6078843"/>
  <node id="4436852474" lat="25.0094698" lon="121.6001808"/>
  <node id="5275050437" lat="25.0334103" lon="121.6072521"/>
  <node id="12139768400" lat="25.0276728" lon="121.6055015"/>
  <node id="3314351585" lat="25.0002114" lon="121.6050233"/>
  <node id="1489439221" lat="25.0368949" lon="121.608097"/>
  <node id="11243726234" lat="24.9986898" lon="121.6055028"/>
  <node id="293848321" lat="25.0832985" lon="121.6029769"/>
  <node id="2133950230" lat="25.0824472" lon="121.6013478"/>
  <node id="4203640404" lat="25.0927032" lon="121.6072199"/>
  <node id="4457208183" lat="24.9910979" lon="121.6077701"/>
  <node id="4458653089" lat="25.0836485" lon="121.6036112"/>
  <node id="4203640815" lat="25.0963538" lon="121.6056397"/>
  <node id="1489439410" lat="25.0362642" lon="121.6074596"/>
  <node id="1930089938" lat="25.1018447" lon="121.6068824"/>
  <node id="2502496372" lat="24.9990783" lon="121.6045917"/>
  <node id="3314351610" lat="25.0009966" lon="121.6046249"/>
  <node id="5275050431" lat="25.0334389" lon="121.6065457"/>
  <node id="5275050425" lat="25.0338882" lon="121.606327"/>
  <node id="4258014027" lat="24.9847025" lon="121.6035517"/>
  <node id="3536268746" lat="25.0034996" lon="121.6004199"/>
  <node id="13538880305" lat="25.0288774" lon="121.600638"/>
  <node id="4436952137" lat="24.9847044" lon="121.6037985"/>
  <node id="6224529293" lat="25.0783052" lon="121.6071011"/>
  <node id="3320125153" lat="25.0121946" lon="121.6050598"/>
  <node id="11338674243" lat="25.0120337" lon="121.5998903"/>
  <node id="11690597310" lat="25.0049891" lon="121.6033249"/>
  <node id="13538880326" lat="25.0284973" lon="121.6011446"/>
  <node id="5052027648" lat="25.0040653" lon="121.604291"/>
  <node id="1011953070" lat="24.9983427" lon="121.6104039"/>
  <node id="990899318" lat="25.0829025" lon="121.6054651"/>
  <node id="3314351587" lat="25.0004436" lon="121.6043929"/>
  <node id="3490759872" lat="24.9928032" lon="121.6032566"/>
  <node id="661185819" lat="25.0022689" lon="121.5998204"/>
  <node id="773904968" lat="25.0827708" lon="121.6057252"/>
  <node id="1489439373" lat="25.0363555" lon="121.6065591"/>
  <node id="13538880318" lat="25.0286434" lon="121.6007473"/>
  <node id="3314351592" lat="25.001176" lon="121.6035419"/>
  <node id="4408126521" lat="25.0881144" lon="121.5996121"/>
  <node id="11338593167" lat="25.016918" lon="121.6081662"/>
  <node id="5509162202" lat="25.0029853" lon="121.5997547"/>
  <node id="12843353192" lat="25.0242928" lon="121.6020381"/>
  <node id="5275080821" lat="25.0314964" lon="121.6094755"/>
  <node id="13538880295" lat="25.029224" lon="121.6007"/>
  <node id="5275050422" lat="25.0338157" lon="121.606028"/>
  <node id="4299317646" lat="25.100983" lon="121.6038608"/>
  <node id="13538880342" lat="25.028185" lon="121.6014346"/>
  <node id="4436952149" lat="24.9861562" lon="121.6037282"/>
  <node id="4299317755" lat="25.0926189" lon="121.5998805"/>
  <node id="4203640334" lat="25.0870427" lon="121.6067445"/>
  <node id="3320125088" lat="25.0093124" lon="121.6016735"/>
  <node id="4203892163" lat="25.0842922" lon="121.606528"/>
  <node id="8663235112" lat="25.0966786" lon="121.6096264"/>
  <node id="4425697913" lat="25.0331803" lon="121.6107495"/>
  <node id="3320099012" lat="25.0059169" lon="121.5972304"/>
  <node id="4299317608" lat="25.101491" lon="121.6088815"/>
  <node id="1930089963" lat="25.102639" lon="121.6081399"/>
  <node id="3536268773" lat="25.0043969" lon="121.6016677"/>
  <node id="5275050421" lat="25.0339133" lon="121.6059605"/>
  <node id="6448045281" lat="25.0051664" lon="121.59691"/>
  <node id="3320125103" lat="25.0097797" lon="121.6017793"/>
  <node id="4436883376" lat="24.9989799" lon="121.6048974"/>
  <node id="11243726238" lat="24.998755" lon="121.6058872"/>
  <node id="13538880244" lat="25.0290575" lon="121.6003754"/>
  <node id="4258014031" lat="24.9849204" lon="121.6034587"/>
  <node id="5321259858" lat="24.9854335" lon="121.6034929"/>
  <node id="4436808676" lat="24.9971213" lon="121.6115065"/>
  <node id="5321259853" lat="24.9853775" lon="121.6035072"/>
  <node id="4203640345" lat="25.0878152" lon="121.60752"/>
  <node id="5052027650" lat="25.0043446" lon="121.6044142"/>
  <node id="13538880732" lat="25.0171293" lon="121.6090477"/>
  <node id="3536268738" lat="25.0020567" lon="121.6066796"/>
  <node id="5420241086" lat="25.0908998" lon="121.6011691"/>
  <node id="13538880273" lat="25.029378" lon="121.600186"/>
  <node id="1662389993" lat="25.0905656" lon="121.6008354"/>
  <node id="2133950333" lat="25.0867931" lon="121.5993937"/>
  <node id="3320125523" lat="25.0173474" lon="121.6084159"/>
  <node id="2515870563" lat="25.0841055" lon="121.5952185"/>
  <node id="13538880281" lat="25.0291754" lon="121.6003406"/>
  <node id="3084489874" lat="25.0973368" lon="121.6087257"/>
  <node id="1974793772" lat="25.103258" lon="121.6043184"/>
  <node id="11338674241" lat="25.0121649" lon="121.6000103"/>
  <node id="5275050415" lat="25.0341626" lon="121.6052294"/>
  <node id="4436852463" lat="25.0083589" lon="121.6023038"/>
  <node id="4299317655" lat="25.1036077" lon="121.6039412"/>
  <node id="5957263020" lat="25.0000454" lon="121.6126481"/>
  <node id="3314351597" lat="25.0013333" lon="121.6038243"/>
  <node id="5321259917" lat="24.9898775" lon="121.6054542"/>
  <node id="4875930639" lat="25.0250628" lon="121.6015459"/>
  <node id="4866659800" lat="25.0226722" lon="121.6066622"/>
  <node id="12843353160" lat="25.0243371" lon="121.6040799"/>
  <node id="1662390011" lat="25.0922674" lon="121.603897"/>
  <node id="9357906826" lat="25.1014644" lon="121.6120829"/>
  <node id="1662389243" lat="25.1001251" lon="121.6049546"/>
  <node id="4411278189" lat="25.0882765" lon="121.6008144"/>
  <node id="2963877002" lat="24.9841494" lon="121.6125104"/>
  <node id="2963876952" lat="24.9832652" lon="121.6123276"/>
  <node id="4436813086" lat="24.9925067" lon="121.6079659"/>
  <node id="2616899385" lat="25.0033242" lon="121.6026215"/>
  <node id="12843353149" lat="25.0237647" lon="121.6040135"/>
  <node id="2616258876" lat="25.0804587" lon="121.6032693"/>
  <node id="9357906827" lat="25.1017958" lon="121.6117822"/>
  <node id="3490759871" lat="24.9932724" lon="121.6033518"/>
  <node id="5321259918" lat="24.9915161" lon="121.6075669"/>
  <node id="9380569668" lat="25.0915439" lon="121.5995388"/>
  <node id="4457178516" lat="25.0255934" lon="121.6024456"/>
  <node id="5957263030" lat="24.999648" lon="121.610543"/>
  <node id="1489439784" lat="25.0371162" lon="121.6085748"/>
  <node id="13538880324" lat="25.0285067" lon="121.601103"/>
  <node id="4875927917" lat="25.0251628" lon="121.6030285"/>
  <node id="4436869790" lat="25.0152092" lon="121.6133981"/>
  <node id="1662389838" lat="25.0987239" lon="121.605137"/>
  <node id="4425697904" lat="25.0303133" lon="121.6092332"/>
  <node id="13538880240" lat="25.0293695" lon="121.6005682"/>
  <node id="773904951" lat="25.0846699" lon="121.5973471"/>
  <node id="4427585062" lat="25.0870225" lon="121.6029944"/>
  <node id="10206238345" lat="25.0045136" lon="121.6054887"/>
  <node id="1662389668" lat="25.1036879" lon="121.6078742"/>
  <node id="5321269825" lat="24.9940826" lon="121.6087344"/>
  <node id="6328437290" lat="25.0808746" lon="121.5980614"/>
  <node id="3314351591" lat="25.0009686" lon="121.6038042"/>
  <node id="4425697908" lat="25.0322117" lon="121.6111946"/>
  <node id="2963876977" lat="24.98362" lon="121.6097494"/>
  <node id="9380569663" lat="25.094672" lon="121.6013635"/>
  <node id="4425697905" lat="25.0306985" lon="121.6099654"/>
  <node id="1662390086" lat="25.0968892" lon="121.6048799"/>
  <node id="7865616289" lat="25.0273913" lon="121.6159437"/>
  <node id="4255867132" lat="25.0125883" lon="121.5985847"/>
  <node id="3536268762" lat="25.0033329" lon="121.6027834"/>
  <node id="1662389863" lat="25.094178" lon="121.6052619"/>
  <node id="4436954775" lat="25.0908265" lon="121.601664"/>
  <node id="4299317643" lat="25.103062" lon="121.6085335"/>
  <node id="5321269831" lat="24.9949957" lon="121.6092175"/>
  <node id="2922229218" lat="25.0830516" lon="121.603691"/>
  <node id="4299317648" lat="25.1009715" lon="121.6045891"/>
  <node id="9380569670" lat="25.0909331" lon="121.5992625"/>
  <node id="3937256234" lat="25.0273667" lon="121.6139397"/>
  <node id="12843353159" lat="25.0243329" lon="121.6041161"/>
  <node id="1930089927" lat="25.0857636" lon="121.601278"/>
  <node id="4299317756" lat="25.0922181" lon="121.599726"/>
  <node id="661185704" lat="24.998851" lon="121.6053977"/>
  <node id="2133950254" lat="25.0838706" lon="121.600618"/>
  <node id="3320125347" lat="25.0151928" lon="121.6132861"/>
  <node id="1489439197" lat="25.0359289" lon="121.6072351"/>
  <node id="4203892174" lat="25.0834465" lon="121.6057186"/>
  <node id="11116148441" lat="25.0847064" lon="121.6006372"/>
  <node id="4436943832" lat="25.0257709" lon="121.6032781"/>
  <node id="13538880272" lat="25.0293984" lon="121.6001464"/>
  <node id="1662389532" lat="25.0953509" lon="121.6052622"/>
  <node id="4258014032" lat="24.9851269" lon="121.603487"/>
  <node id="3536268772" lat="25.0036226" lon="121.6017006"/>
  <node id="1489439737" lat="25.0376248" lon="121.6097587"/>
  <node id="4436991230" lat="24.9925783" lon="121.6031426"/>
  <node id="3320099015" lat="25.0063724" lon="121.597864"/>
  <node id="2667162700" lat="24.9988182" lon="121.6083977"/>
  <node id="5321259891" lat="24.9878439" lon="121.6053784"/>
  <node id="4299317611" lat="25.1009616" lon="121.6088222"/>
  <node id="4436952142" lat="24.9854415" lon="121.6037"/>
  <node id="1499961433" lat="24.9936553" lon="121.6084358"/>
  <node id="3534582565" lat="25.0012413" lon="121.6056814"/>
  <node id="1489439241" lat="25.0363783" lon="121.6112992"/>
  <node id="4172451239" lat="24.9988753" lon="121.6052837"/>
  <node id="5509162182" lat="25.0035037" lon="121.6020712"/>
  <node id="4868065314" lat="25.0846178" lon="121.5987986"/>
  <node id="2133950270" lat="25.0843816" lon="121.6006743"/>
  <node id="1489439395" lat="25.0377814" lon="121.6119521"/>
  <node id="2587459121" lat="25.0843119" lon="121.5996655"/>
  <node id="4203640434" lat="25.0937553" lon="121.6083489"/>
  <node id="4411278200" lat="25.094289" lon="121.6050978"/>
  <node id="4427426072" lat="25.0168729" lon="121.6090288"/>
  <node id="4203640378" lat="25.0906277" lon="121.6073799"/>
  <node id="11243707630" lat="24.9990909" lon="121.606978"/>
  <node id="3937256227" lat="25.0279427" lon="121.6133162"/>
  <node id="4436991209" lat="24.989263" lon="121.6065289"/>
  <node id="4436883388" lat="25.0011753" lon="121.6048087"/>
  <node id="11690615115" lat="25.0047246" lon="121.6022033"/>
  <node id="4203892156" lat="25.0848298" lon="121.6064892"/>
  <node id="5321259885" lat="24.9873587" lon="121.6047022"/>
  <node id="1489439278" lat="25.0372804" lon="121.607919"/>
  <node id="4436991214" lat="24.9901134" lon="121.6067793"/>
  <node id="4866659781" lat="25.0242022" lon="121.6085136"/>
  <node id="10060165350" lat="25.0120786" lon="121.5999922"/>
  <node id="2170973354" lat="25.0844465" lon="121.5959595"/>
  <node id="1489439693" lat="25.0332975" lon="121.610706"/>
  <node id="2314878602" lat="24.986499" lon="121.6037907"/>
  <node id="4218556057" lat="25.0263424" lon="121.6011921"/>
  <node id="4436852444" lat="25.007569" lon="121.6005013"/>
  <node id="5957263018" lat="25.0000675" lon="121.6127806"/>
  <node id="773904726" lat="25.0813366" lon="121.6067915"/>
  <node id="4203640339" lat="25.0872673" lon="121.6072128"/>
  <node id="11243726199" lat="24.9848941" lon="121.6040095"/>
  <node id="3320099040" lat="25.0075112" lon="121.6060917"/>
  <node id="3314351570" lat="25.0002129" lon="121.6041273"/>
  <node id="3320125062" lat="25.0082711" lon="121.6117875"/>
  <node id="13538880231" lat="25.0299658" lon="121.6001625"/>
  <node id="11956344328" lat="25.0786261" lon="121.6119495"/>
  <node id="3536268765" lat="25.0039625" lon="121.6013737"/>
  <node id="4203640823" lat="25.0971502" lon="121.6075597"/>
  <node id="2963876914" lat="24.9825431" lon="121.6122787"/>
  <node id="3314351625" lat="25.0035641" lon="121.6008095"/>
  <node id="11738717133" lat="25.0029384" lon="121.6038843"/>
  <node id="11738717134" lat="25.0028335" lon="121.6040948"/>
  <node id="3937256244" lat="25.0268295" lon="121.6160435"/>
  <node id="1489439725" lat="25.0365229" lon="121.6090421"/>
  <node id="773904721" lat="25.0802448" lon="121.6072831"/>
  <node id="12843353144" lat="25.0235752" lon="121.6042965"/>
  <node id="5052027653" lat="25.0048383" lon="121.6042083"/>
  <node id="4203640408" lat="25.0927477" lon="121.6073752"/>
  <node id="4218556071" lat="25.0271019" lon="121.6015971"/>
  <node id="661185821" lat="25.0021975" lon="121.5999357"/>
  <node id="9101564080" lat="25.0973561" lon="121.6084951"/>
  <node id="2170973349" lat="25.0843474" lon="121.595443"/>
  <node id="5321308811" lat="24.9825359" lon="121.6124111"/>
  <node id="1662390309" lat="25.1040333" lon="121.608139"/>
  <node id="2922229220" lat="25.0833198" lon="121.6032583"/>
  <node id="8724944618" lat="25.0312399" lon="121.6095605"/>
  <node id="6919712616" lat="25.0859741" lon="121.6019224"/>
  <node id="12843353212" lat="25.0249217" lon="121.6015535"/>
  <node id="5957263011" lat="24.9992621" lon="121.6094089"/>
  <node id="5321259900" lat="24.9905729" lon="121.6061938"/>
  <node id="4866659816" lat="25.0237818" lon="121.6087979"/>
  <node id="4457945312" lat="25.0952772" lon="121.6003291"/>
  <node id="11338674218" lat="25.012535" lon="121.6021145"/>
  <node id="4299317650" lat="25.1006302" lon="121.6050391"/>
  <node id="10679766510" lat="25.0304665" lon="121.6083426"/>
  <node id="12843353176" lat="25.0244872" lon="121.604161"/>
  <node id="3536372527" lat="24.990666" lon="121.6071346"/>
  <node id="4436814200" lat="24.9950079" lon="121.6104565"/>
  <node id="3490759855" lat="24.9962177" lon="121.6074784"/>
  <node id="4436884219" lat="25.002403" lon="121.6053166"/>
  <node id="3536372525" lat="24.9946154" lon="121.6092687"/>
  <node id="4436852679" lat="24.9834676" lon="121.6098101"/>
  <node id="13484782008" lat="25.0126596" lon="121.6018724"/>
  <node id="11338674225" lat="25.0121965" lon="121.6013803"/>
  <node id="4203640355" lat="25.0889814" lon="121.6076426"/>
  <node id="4952162822" lat="24.9922295" lon="121.6026638"/>
  <node id="4411278195" lat="25.0938098" lon="121.6054165"/>
  <node id="11690597296" lat="25.0062654" lon="121.6005512"/>
  <node id="1489439562" lat="25.037309" lon="121.6114149"/>
  <node id="4436991222" lat="24.9914443" lon="121.6006368"/>
  <node id="13538880251" lat="25.0289843" lon="121.6009092"/>
  <node id="1011953024" lat="24.998509" lon="121.6094543"/>
  <node id="4863727034" lat="25.0823647" lon="121.6021986"/>
  <node id="3536268748" lat="25.0033279" lon="121.6012007"/>
  <node id="4436792385" lat="25.0826736" lon="121.6011454"/>
  <node id="4457178509" lat="25.0255661" lon="121.6007273"/>
  <node id="10679766509" lat="25.0304799" lon="121.6082896"/>
  <node id="3536269210" lat="25.0093166" lon="121.6010941"/>
  <node id="13538880355" lat="25.0279092" lon="121.6014688"/>
  <node id="5275050464" lat="25.0319022" lon="121.607933"/>
  <node id="5275080827" lat="25.0327534" lon="121.6095058"/>
  <node id="11338674210" lat="25.0093879" lon="121.6029245"/>
  <node id="3937256230" lat="25.0278" lon="121.6135381"/>
  <node id="4299317767" lat="25.0831107" lon="121.6043196"/>
  <node id="4411276388" lat="25.0882753" lon="121.600683"/>
  <node id="2720444137" lat="25.0823099" lon="121.6061454"/>
  <node id="5321269821" lat="24.9920026" lon="121.6077429"/>
  <node id="11461449512" lat="25.0315263" lon="121.608158"/>
  <node id="13538880241" lat="25.0293476" lon="121.6005692"/>
  <node id="3320099016" lat="25.0064016" lon="121.5985735"/>
  <node id="4203640346" lat="25.0879241" lon="121.6074231"/>
  <node id="3320099009" lat="25.0056226" lon="121.5970748"/>
  <node id="4427585061" lat="25.0865918" lon="121.6006784"/>
  <node id="5321269824" lat="24.9937639" lon="121.6085219"/>
  <node id="4181984303" lat="24.9918935" lon="121.6080273"/>
  <node id="661185690" lat="25.0009538" lon="121.6018746"/>
  <node id="1662389547" lat="25.0926043" lon="121.6042098"/>
  <node id="4436852670" lat="24.9829149" lon="121.612964"/>
  <node id="4203640353" lat="25.0885733" lon="121.6076099"/>
  <node id="5321259870" lat="24.9864253" lon="121.6038018"/>
  <node id="4203892158" lat="25.0847399" lon="121.6064367"/>
  <node id="5321308812" lat="24.9839154" lon="121.612518"/>
  <node id="11338674147" lat="25.0174625" lon="121.609156"/>
  <node id="7059810413" lat="25.0271828" lon="121.6001303"/>
  <node id="1662389324" lat="25.0994823" lon="121.6050686"/>
  <node id="4203640538" lat="25.0918677" lon="121.6068454"/>
  <node id="4866659786" lat="25.0233698" lon="121.6088556"/>
  <node id="1662389506" lat="25.0999744" lon="121.6050497"/>
  <node id="4203640367" lat="25.0899214" lon="121.6073542"/>
  <node id="12843353187" lat="25.0234779" lon="121.6023707"/>
  <node id="4425697912" lat="25.0330724" lon="121.6108167"/>
  <node id="5321259871" lat="24.9865945" lon="121.6038031"/>
  <node id="4436808673" lat="24.9964804" lon="121.6115852"/>
  <node id="9595434249" lat="25.0266418" lon="121.6065495"/>
  <node id="13686736452" lat="25.0046242" lon="121.6055068"/>
  <node id="3314351157" lat="25.0023255" lon="121.6009852"/>
  <node id="1489439599" lat="25.0358329" lon="121.6101647"/>
  <node id="3536268740" lat="25.0017785" lon="121.6065782"/>
  <node id="9101623329" lat="25.0916115" lon="121.6021683"/>
  <node id="4203640364" lat="25.0896624" lon="121.6073869"/>
  <node id="4203892176" lat="25.0833272" lon="121.6057273"/>
  <node id="1662389239" lat="25.1017331" lon="121.6068153"/>
  <node id="11338674477" lat="25.0078298" lon="121.6072234"/>
  <node id="4436991212" lat="24.9895532" lon="121.6066922"/>
  <node id="13538880285" lat="25.0291228" lon="121.6003694"/>
  <node id="1662390408" lat="25.0916525" lon="121.6023333"/>
  <node id="1489439451" lat="25.0374936" lon="121.6095318"/>
  <node id="1974795486" lat="25.101764" lon="121.6066888"/>
  <node id="4457181673" lat="25.0085534" lon="121.6119711"/>
  <node id="1499961405" lat="24.9880397" lon="121.6055584"/>
  <node id="2963876932" lat="24.9829292" lon="121.6107027"/>
  <node id="4875930640" lat="25.0244033" lon="121.6012717"/>
  <node id="8011301513" lat="25.0334442" lon="121.6073207"/>
  <node id="2133950277" lat="25.0847113" lon="121.5977104"/>
  <node id="3320125067" lat="25.0084094" lon="121.6022763"/>
  <node id="11958578563" lat="25.081085" lon="121.6088023"/>
  <node id="4436814203" lat="24.9957405" lon="121.609786"/>
  <node id="1502690328" lat="25.0319805" lon="121.6101948"/>
  <node id="4436943851" lat="25.0285733" lon="121.6072053"/>
  <node id="4436884189" lat="25.0012567" lon="121.6048489"/>
  <node id="5957263032" lat="24.9997701" lon="121.6109433"/>
  <node id="11338674190" lat="25.015899" lon="121.6052567"/>
  <node id="773904955" lat="25.0829837" lon="121.6040579"/>
  <node id="4457181677" lat="25.0086276" lon="121.6107782"/>
  <node id="1502690854" lat="25.0333955" lon="121.6073879"/>
  <node id="4203640363" lat="25.0896275" lon="121.6074243"/>
  <node id="13629335135" lat="24.9990909" lon="121.6048081"/>
  <node id="4436883379" lat="25.0002005" lon="121.6050943"/>
  <node id="4203640541" lat="25.0918296" lon="121.6069832"/>
  <node id="12843353179" lat="25.023628" lon="121.6021179"/>
  <node id="4866659832" lat="25.0265134" lon="121.6112346"/>
  <node id="7221622856" lat="25.0924913" lon="121.6069597"/>
  <node id="4896488637" lat="25.0015387" lon="121.6023705"/>
  <node id="3320125068" lat="25.0083815" lon="121.6076488"/>
  <node id="4436852455" lat="25.0080247" lon="121.6008004"/>
  <node id="4457945316" lat="25.0954165" lon="121.6010832"/>
  <node id="773904727" lat="25.081027" lon="121.6069625"/>
  <node id="4203640313" lat="25.0858282" lon="121.6046032"/>
  <node id="3314351569" lat="25.0002809" lon="121.6040161"/>
  <node id="4427585068" lat="25.0880563" lon="121.6024652"/>
  <node id="4203640351" lat="25.0883766" lon="121.6075468"/>
  <node id="5052027644" lat="25.0039269" lon="121.6043814"/>
  <node id="2963876988" lat="24.9837379" lon="121.6100653"/>
  <node id="4258014003" lat="24.9921218" lon="121.6078568"/>
  <node id="3490759850" lat="24.9986615" lon="121.6069193"/>
  <node id="4436814201" lat="24.9952865" lon="121.6105407"/>
  <node id="5275050432" lat="25.0334283" lon="121.6066112"/>
  <node id="10060165342" lat="25.0123852" lon="121.6014885"/>
  <node id="3393326651" lat="25.0962184" lon="121.6059864"/>
  <node id="13538880306" lat="25.0288597" lon="121.6006336"/>
  <node id="6404980034" lat="25.0878809" lon="121.6012586"/>
  <node id="4436991233" lat="24.99402" lon="121.6036858"/>
  <node id="661185176" lat="25.0079576" lon="121.6005958"/>
  <node id="5275050458" lat="25.0316547" lon="121.6076639"/>
  <node id="2133950291" lat="25.0856202" lon="121.6008379"/>
  <node id="4203640394" lat="25.0921323" lon="121.6071464"/>
  <node id="3320099045" lat="25.0077354" lon="121.6064383"/>
  <node id="4436792383" lat="25.0814809" lon="121.6006176"/>
  <node id="1499961425" lat="24.9906255" lon="121.606978"/>
  <node id="5321259908" lat="24.9902321" lon="121.6058278"/>
  <node id="13538880296" lat="25.0291465" lon="121.6006913"/>
  <node id="13629335114" lat="25.0045725" lon="121.5987615"/>
  <node id="3534582560" lat="25.0015102" lon="121.6060364"/>
  <node id="5209596751" lat="24.9898448" lon="121.6062548"/>
  <node id="3534582567" lat="25.0012796" lon="121.6057893"/>
  <node id="12843353157" lat="25.024294" lon="121.6041879"/>
  <node id="11461449488" lat="25.0327395" lon="121.6073433"/>
  <node id="9101623324" lat="25.0961624" lon="121.6052226"/>
  <node id="4218556055" lat="25.0262737" lon="121.6009145"/>
  <node id="9595434254" lat="25.0272772" lon="121.6064718"/>
  <node id="11690615113" lat="25.0047563" lon="121.6022171"/>
  <node id="12843353151" lat="25.023848" lon="121.6040356"/>
  <node id="11338674242" lat="25.0120562" lon="121.5999573"/>
  <node id="12843353142" lat="25.0235029" lon="121.6044313"/>
  <node id="13629335137" lat="24.9994366" lon="121.6039176"/>
  <node id="13530132297" lat="25.0243608" lon="121.6069465"/>
  <node id="13538880276" lat="25.0293106" lon="121.6003181"/>
  <node id="13303016230" lat="25.0843248" lon="121.6020043"/>
  <node id="4203640317" lat="25.0865722" lon="121.6056222"/>
  <node id="3106536686" lat="25.0845917" lon="121.5978477"/>
  <node id="4299317616" lat="25.1009919" lon="121.6097029"/>
  <node id="4436814193" lat="24.993871" lon="121.6086111"/>
  <node id="4299317622" lat="25.102012" lon="121.6107557"/>
  <node id="5321308820" lat="24.9835746" lon="121.6094725"/>
  <node id="11243726233" lat="24.9987044" lon="121.6054049"/>
  <node id="8011301510" lat="25.0339722" lon="121.6055263"/>
  <node id="6405710621" lat="25.0991083" lon="121.6058217"/>
  <node id="3393326627" lat="25.0967319" lon="121.6094184"/>
  <node id="7059810419" lat="25.0270297" lon="121.6002879"/>
  <node id="3937256222" lat="25.0266927" lon="121.6138242"/>
  <node id="5209965757" lat="24.9856264" lon="121.6051287"/>
  <node id="9595183731" lat="25.0265598" lon="121.6137822"/>
  <node id="3393326637" lat="25.0970286" lon="121.6070687"/>
  <node id="4798313218" lat="25.0041835" lon="121.6054354"/>
  <node id="3353918501" lat="25.0273818" lon="121.598925"/>
  <node id="4436991236" lat="24.9946047" lon="121.6042745"/>
  <node id="4425697899" lat="25.0266216" lon="121.6038574"/>
  <node id="4875930625" lat="25.0241657" lon="121.6031854"/>
  <node id="11690615114" lat="25.0048998" lon="121.6022974"/>
  <node id="5209579668" lat="24.9882762" lon="121.6058266"/>
  <node id="13538880551" lat="25.0277214" lon="121.6014121"/>
  <node id="4436792382" lat="25.08048" lon="121.6030839"/>
  <node id="3320099041" lat="25.0075344" lon="121.6041853"/>
  <node id="3314351156" lat="25.0026073" lon="121.6005662"/>
  <node id="661185180" lat="25.0077635" lon="121.600052"/>
  <node id="3490759868" lat="24.9937647" lon="121.6036133"/>
  <node id="12843353206" lat="25.0239268" lon="121.6011481"/>
  <node id="4203640322" lat="25.0865041" lon="121.6054532"/>
  <node id="3314351620" lat="25.0029021" lon="121.6005989"/>
  <node id="5275050452" lat="25.0316637" lon="121.6079891"/>
  <node id="2314878774" lat="24.9906473" lon="121.6067926"/>
  <node id="4299317638" lat="25.1030691" lon="121.6086017"/>
  <node id="4798314321" lat="25.0037419" lon="121.6054462"/>
  <node id="5957263036" lat="24.9990343" lon="121.6084716"/>
  <node id="3490759874" lat="24.9925565" lon="121.6030339"/>
  <node id="4409388664" lat="24.9921274" lon="121.5995078"/>
  <node id="4427585191" lat="25.1024104" lon="121.6114968"/>
  <node id="4299317758" lat="25.0917281" lon="121.5995699"/>
  <node id="11338674237" lat="25.0124475" lon="121.6000425"/>
  <node id="13538880278" lat="25.0292434" lon="121.6003463"/>
  <node id="3490759882" lat="24.9919074" lon="121.6017948"/>
  <node id="7685210498" lat="25.003437" lon="121.5989048"/>
  <node id="2922229219" lat="25.0832104" lon="121.6037047"/>
  <node id="4299317629" lat="25.1014425" lon="121.6118554"/>
  <node id="4203640337" lat="25.0872129" lon="121.6070249"/>
  <node id="3314351158" lat="25.0022107" lon="121.6012091"/>
  <node id="5321308573" lat="24.9951472" lon="121.6105019"/>
  <node id="4203640383" lat="25.0910803" lon="121.6072456"/>
  <node id="13530132205" lat="25.0225817" lon="121.6068701"/>
  <node id="4436943834" lat="25.0259727" lon="121.6033639"/>
  <node id="3320125126" lat="25.0110066" lon="121.6030112"/>
  <node id="4436852454" lat="25.0080132" lon="121.6006475"/>
  <node id="2314879575" lat="25.0907139" lon="121.6013543"/>
  <node id="11338674230" lat="25.0122658" lon="121.6007734"/>
  <node id="4198077577" lat="24.9906098" lon="121.6063046"/>
  <node id="4203640388" lat="25.0916449" lon="121.6072071"/>
  <node id="5275050419" lat="25.0340277" lon="121.6057254"/>
  <node id="3536268756" lat="25.0061973" lon="121.6006161"/>
  <node id="6405710615" lat="25.0983361" lon="121.6053387"/>
  <node id="4218556075" lat="25.0272483" lon="121.6018037"/>
  <node id="1499961449" lat="24.9969853" lon="121.6115688"/>
  <node id="4203640409" lat="25.0927445" lon="121.6073997"/>
  <node id="4436852669" lat="24.9828838" lon="121.6120952"/>
  <node id="4203640411" lat="25.0927825" lon="121.6074721"/>
  <node id="4203640430" lat="25.0937616" lon="121.6080722"/>
  <node id="9101592009" lat="25.0969002" lon="121.6058103"/>
  <node id="4203640311" lat="25.0863519" lon="121.604368"/>
  <node id="3320125150" lat="25.012122" lon="121.604172"/>
  <node id="11338674077" lat="25.0163552" lon="121.6109333"/>
  <node id="11338674244" lat="25.0121054" lon="121.5995081"/>
  <node id="3320125106" lat="25.0100125" lon="121.6026155"/>
  <node id="5052027704" lat="25.0044705" lon="121.6053489"/>
  <node id="3320125064" lat="25.0082325" lon="121.6073476"/>
  <node id="1499961423" lat="24.9902434" lon="121.6068109"/>
  <node id="1662389606" lat="25.1007483" lon="121.6054847"/>
  <node id="11338674208" lat="25.0095987" lon="121.6035005"/>
  <node id="305938515" lat="25.0895211" lon="121.5999426"/>
  <node id="2314878615" lat="24.9869121" lon="121.6035"/>
  <node id="4256076997" lat="25.0822916" lon="121.5983072"/>
  <node id="6405710626" lat="25.099329" lon="121.6060129"/>
  <node id="2979021649" lat="25.0818895" lon="121.6068724"/>
  <node id="1662389861" lat="25.098617" lon="121.605133"/>
  <node id="1489439248" lat="25.0377499" lon="121.6121982"/>
  <node id="4457185403" lat="25.0162834" lon="121.6118199"/>
  <node id="4457178522" lat="25.0256688" lon="121.6017536"/>
  <node id="2963876965" lat="24.9833831" lon="121.6111669"/>
  <node id="10679766511" lat="25.0304908" lon="121.6084016"/>
  <node id="11338674220" lat="25.0127033" lon="121.6019429"/>
  <node id="4457945307" lat="25.0910986" lon="121.599592"/>
  <node id="3393326643" lat="25.0965596" lon="121.6055023"/>
  <node id="12306481568" lat="25.0836585" lon="121.6023601"/>
  <node id="2133950229" lat="25.0823957" lon="121.5998388"/>
  <node id="13538880242" lat="25.0291137" lon="121.6003888"/>
  <node id="3536268755" lat="25.0064174" lon="121.600375"/>
  <node id="4258014002" lat="24.9969067" lon="121.609554"/>
  <node id="1502690556" lat="25.0331183" lon="121.6097881"/>
  <node id="2641719148" lat="25.002543" lon="121.6052411"/>
  <node id="4427426073" lat="25.0171396" lon="121.6088457"/>
  <node id="13538880554" lat="25.0277223" lon="121.6015224"/>
  <node id="5275050439" lat="25.0342819" lon="121.6050539"/>
  <node id="4203892159" lat="25.0846253" lon="121.6064819"/>
  <node id="13538880304" lat="25.0289375" lon="121.6006882"/>
  <node id="4436852473" lat="25.0093944" lon="121.6015447"/>
  <node id="4255867156" lat="25.0092972" lon="121.6009727"/>
  <node id="11243726237" lat="24.9986205" lon="121.6060084"/>
  <node id="1489439261" lat="25.0370723" lon="121.6086233"/>
  <node id="9595387911" lat="25.0253031" lon="121.6004258"/>
  <node id="2133950218" lat="25.0819345" lon="121.5997973"/>
  <node id="2133950294" lat="25.0856158" lon="121.5994592"/>
  <node id="5957263006" lat="24.9988907" lon="121.6089403"/>
  <node id="1489439620" lat="25.0378152" lon="121.6105627"/>
  <node id="11338674264" lat="25.0079167" lon="121.5980697"/>
  <node id="4866659823" lat="25.0238523" lon="121.6108277"/>
  <node id="3393326650" lat="25.0962549" lon="121.6060134"/>
  <node id="2667162681" lat="25.0019498" lon="121.6000494"/>
  <node id="3314351624" lat="25.0036535" lon="121.6004596"/>
  <node id="3314351155" lat="25.002839" lon="121.6002567"/>
  <node id="3320099053" lat="25.0079974" lon="121.6014615"/>
  <node id="1662389720" lat="25.0980988" lon="121.6041262"/>
  <node id="773904690" lat="25.0758418" lon="121.607226"/>
  <node id="4436884224" lat="25.0035668" lon="121.6041501"/>
  <node id="4427585199" lat="25.1044352" lon="121.6082999"/>
  <node id="11243707622" lat="24.9991486" lon="121.6082943"/>
  <node id="4203640315" lat="25.0863158" lon="121.6054382"/>
  <node id="320481062" lat="25.0283695" lon="121.6063377"/>
  <node id="4203640380" lat="25.0907588" lon="121.6073157"/>
  <node id="2963876946" lat="24.9830904" lon="121.6109199"/>
  <node id="2133950296" lat="25.0858364" lon="121.6007534"/>
  <node id="3314351582" lat="25.0004695" lon="121.6052242"/>
  <node id="9595387912" lat="25.0252318" lon="121.6002797"/>
  <node id="661185707" lat="24.9986733" lon="121.6065954"/>
  <node id="3536372533" lat="24.9905316" lon="121.6076159"/>
  <node id="12843353040" lat="25.0281649" lon="121.6057014"/>
  <node id="4203640395" lat="25.0921915" lon="121.6070273"/>
  <node id="11338674262" lat="25.0078249" lon="121.5980939"/>
  <node id="1662389274" lat="25.0924551" lon="121.604085"/>
  <node id="4436883384" lat="25.0007341" lon="121.604354"/>
  <node id="5321259910" lat="24.9902553" lon="121.6057099"/>
  <way id="34240543">
    <nd ref="317419913"/>
    <nd ref="2502496356"/>
    <nd ref="2667162695"/>
    <tag k="bicycle" v="yes"/>
    <tag k="foot" v="yes"/>
    <tag k="highway" v="secondary"/>
    <tag k="lit" v="yes"/>
    <tag k="maxspeed" v="60"/>
    <tag k="name" v="文山路三段"/>
    <tag k="name:en" v="Wenshan Road Section 3"/>
    <tag k="name:nan" v="Bûn-san-lō͘ 3-tōaⁿ"/>
    <tag k="name:nan-Hant" v="文山路三段"/>
    <tag k="name:nan-Latn-pehoeji" v="Bûn-san-lō͘ 3-tōaⁿ"/>
    <tag k="name:nan-Latn-tailo" v="Bûn-san-lōo 3-tuānn"/>
    <tag k="name:zh" v="文山路三段"/>
    <tag k="oneway" v="yes"/>
    <tag k="ref" v="106乙"/>
    <tag k="ref:en" v="106B"/>
    <tag k="ref:nan" v="106-it"/>
    <tag k="ref:nan-Hant" v="106乙"/>
    <tag k="ref:nan-Latn-pehoeji" v="106-it"/>
    <tag k="ref:nan-Latn-tailo" v="106-it"/>
    <tag k="ref:zh" v="106乙"/>
    <tag k="surface" v="asphalt"/>
  </way>
  <way id="51831681">
    <nd ref="8552930530"/>
    <nd ref="661185539"/>
    <nd ref="661185540"/>
    <nd ref="13629335135"/>
    <nd ref="661185541"/>
    <nd ref="661185542"/>
    <nd ref="13629335137"/>
    <nd ref="661185543"/>
    <nd ref="661185544"/>
    <nd ref="661185545"/>
    <nd ref="661185546"/>
    <nd ref="661185547"/>
    <nd ref="661185549"/>
    <nd ref="661185550"/>
    <nd ref="661185551"/>
    <nd ref="2502496396"/>
    <nd ref="7203781473"/>
    <nd ref="2667162675"/>
    <nd ref="7203781472"/>
    <tag k="bicycle" v="yes"/>
    <tag k="foot" v="yes"/>
    <tag k="highway" v="secondary"/>
    <tag k="lit" v="yes"/>
    <tag k="maxspeed" v="60"/>
    <tag k="name" v="文山路三段"/>
    <tag k="name:en" v="Wenshan Road Section 3"/>
    <tag k="name:nan" v="Bûn-san-lō͘ 3-tōaⁿ"/>
    <tag k="name:nan-Hant" v="文山路三段"/>
    <tag k="name:nan-Latn-pehoeji" v="Bûn-san-lō͘ 3-tōaⁿ"/>
    <tag k="name:nan-Latn-tailo" v="Bûn-san-lōo 3-tuānn"/>
    <tag k="name:zh" v="文山路三段"/>
    <tag k="oneway" v="yes"/>
    <tag k="ref" v="106乙"/>
    <tag k="ref:en" v="106B"/>
    <tag k="ref:nan" v="106-it"/>
    <tag k="ref:nan-Hant" v="106乙"/>
    <tag k="ref:nan-Latn-pehoeji" v="106-it"/>
    <tag k="ref:nan-Latn-tailo" v="106-it"/>
    <tag k="ref:zh" v="106乙"/>
    <tag k="surface" v="asphalt"/>
  </way>
  <way id="222532779">
    <nd ref="1499961425"/>
    <nd ref="5321259899"/>
    <nd ref="2314878774"/>
    <nd ref="4436991218"/>
    <nd ref="2314878773"/>
    <nd ref="4436991217"/>
    <nd ref="4198077577"/>
    <nd ref="13629401843"/>
    <nd ref="5321259900"/>
    <nd ref="5321259902"/>
    <nd ref="2314878754"/>
    <nd ref="4198077574"/>
    <nd ref="5321259905"/>
    <nd ref="5321259906"/>
    <nd ref="2314878749"/>
    <nd ref="5321259907"/>
    <nd ref="5321259908"/>
    <nd ref="5321259909"/>
    <nd ref="2314878752"/>
    <nd ref="5321259910"/>
    <nd ref="4198077573"/>
    <nd ref="5321259911"/>
    <nd ref="4436991215"/>
    <nd ref="5321259912"/>
    <nd ref="2314878747"/>
    <nd ref="5321259913"/>
    <nd ref="4436991213"/>
    <nd ref="5321259914"/>
    <nd ref="5321259915"/>
    <nd ref="2314878722"/>
    <nd ref="5321259917"/>
    <nd ref="5321259916"/>
    <tag k="highway" v="service"/>
  </way>
  <way id="222532799">
    <nd ref="4181984298"/>
    <nd ref="5321269837"/>
    <nd ref="5321269838"/>
    <nd ref="4181984299"/>
    <nd ref="5321269839"/>
    <nd ref="5321269840"/>
    <nd ref="4181984303"/>
    <nd ref="5321269858"/>
    <nd ref="5321269859"/>
    <nd ref="5321269860"/>
    <nd ref="11243726206"/>
    <tag k="highway" v="track"/>
    <tag k="tracktype" v="grade2"/>
  </way>
  <way id="242793649">
    <nd ref="2502496354"/>
    <nd ref="5957263002"/>
    <nd ref="2502496364"/>
    <nd ref="5957263003"/>
    <nd ref="2667162688"/>
    <tag k="highway" v="secondary_link"/>
    <tag k="lit" v="yes"/>
    <tag k="oneway" v="yes"/>
    <tag k="surface" v="asphalt"/>
  </way>
  <way id="261099724">
    <nd ref="305948828"/>
    <nd ref="1011953132"/>
    <nd ref="1499961458"/>
    <nd ref="2502496347"/>
    <nd ref="1011953041"/>
    <nd ref="1011953152"/>
    <nd ref="1011953070"/>
    <nd ref="3531958230"/>
    <nd ref="1011953024"/>
    <nd ref="5957263004"/>
    <nd ref="5957263034"/>
    <nd ref="2502496354"/>
    <tag k="bicycle" v="yes"/>
    <tag k="foot" v="yes"/>
    <tag k="highway" v="secondary"/>
    <tag k="lit" v="yes"/>
    <tag k="maxspeed" v="60"/>
    <tag k="name" v="文山路三段"/>
    <tag k="name:en" v="Wenshan Road Section 3"/>
    <tag k="name:nan" v="Bûn-san-lō͘ 3-tōaⁿ"/>
    <tag k="name:nan-Hant" v="文山路三段"/>
    <tag k="name:nan-Latn-pehoeji" v="Bûn-san-lō͘ 3-tōaⁿ"/>
    <tag k="name:nan-Latn-tailo" v="Bûn-san-lōo 3-tuānn"/>
    <tag k="name:zh" v="文山路三段"/>
    <tag k="oneway" v="yes"/>
    <tag k="ref" v="106乙"/>
    <tag k="ref:en" v="106B"/>
    <tag k="ref:nan" v="106-it"/>
    <tag k="ref:nan-Hant" v="106乙"/>
    <tag k="ref:nan-Latn-pehoeji" v="106-it"/>
    <tag k="ref:nan-Latn-tailo" v="106-it"/>
    <tag k="ref:zh" v="106乙"/>
    <tag k="surface" v="asphalt"/>
  </way>
  <way id="261099726">
    <nd ref="2667162697"/>
    <nd ref="3180206785"/>
    <nd ref="2667162698"/>
    <nd ref="2667162700"/>
    <nd ref="2667162688"/>
    <tag k="highway" v="secondary"/>
    <tag k="oneway" v="yes"/>
  </way>
  <way id="261099729">
    <nd ref="320481807"/>
    <nd ref="2667162691"/>
    <tag k="highway" v="secondary"/>
    <tag k="lit" v="yes"/>
    <tag k="name" v="北深路三段25巷"/>
    <tag k="oneway" v="yes"/>
    <tag k="surface" v="asphalt"/>
  </way>
  <way id="261099731">
    <nd ref="2667162693"/>
    <nd ref="2667162686"/>
    <tag k="highway" v="secondary"/>
    <tag k="lit" v="yes"/>
    <tag k="name" v="北深路三段25巷"/>
    <tag k="oneway" v="yes"/>
    <tag k="surface" v="asphalt"/>
  </way>
  <way id="261099733">
    <nd ref="2667162691"/>
    <nd ref="2667162692"/>
    <tag k="bridge" v="yes"/>
    <tag k="bridge:name" v="白鷺橋"/>
    <tag k="highway" v="secondary"/>
    <tag k="layer" v="1"/>
    <tag k="lit" v="yes"/>
    <tag k="name" v="白鷺橋"/>
    <tag k="oneway" v="yes"/>
    <tag k="surface" v="asphalt"/>
  </way>
  <way id="261099736">
    <nd ref="2667162694"/>
    <nd ref="2667162693"/>
    <tag k="bridge" v="yes"/>
    <tag k="bridge:name" v="白鷺橋"/>
    <tag k="highway" v="secondary"/>
    <tag k="layer" v="1"/>
    <tag k="lit" v="yes"/>
    <tag k="name" v="白鷺橋"/>
    <tag k="oneway" v="yes"/>
    <tag k="surface" v="asphalt"/>
  </way>
  <way id="261099738">
    <nd ref="2667162692"/>
    <nd ref="2667162689"/>
    <nd ref="2667162699"/>
    <nd ref="2667162696"/>
    <nd ref="2667162685"/>
    <nd ref="2667162695"/>
    <tag k="highway" v="secondary"/>
    <tag k="lit" v="yes"/>
    <tag k="oneway" v="yes"/>
    <tag k="surface" v="asphalt"/>
  </way>
  <way id="261416276">
    <nd ref="2667162681"/>
    <nd ref="2667162682"/>
    <nd ref="2667162677"/>
    <nd ref="661185688"/>
    <nd ref="2502496395"/>
    <nd ref="661185690"/>
    <nd ref="4436883385"/>
    <nd ref="661185692"/>
    <nd ref="661185693"/>
    <nd ref="661185695"/>
    <nd ref="4436883378"/>
    <nd ref="661185697"/>
    <nd ref="661185699"/>
    <nd ref="661185700"/>
    <nd ref="4172446041"/>
    <nd ref="661185701"/>
    <nd ref="13629335136"/>
    <nd ref="661185702"/>
    <nd ref="2502496372"/>
    <nd ref="13629335134"/>
    <nd ref="4436883376"/>
    <nd ref="4172451239"/>
    <nd ref="661185704"/>
    <nd ref="661185706"/>
    <nd ref="11243726238"/>
    <nd ref="8552930531"/>
    <tag k="bicycle" v="yes"/>
    <tag k="foot" v="yes"/>
    <tag k="highway" v="secondary"/>
    <tag k="lit" v="yes"/>
    <tag k="maxspeed" v="60"/>
    <tag k="name" v="文山路三段"/>
    <tag k="name:en" v="Wenshan Road Section 3"/>
    <tag k="name:nan" v="Bûn-san-lō͘ 3-tōaⁿ"/>
    <tag k="name:nan-Hant" v="文山路三段"/>
    <tag k="name:nan-Latn-pehoeji" v="Bûn-san-lō͘ 3-tōaⁿ"/>
    <tag k="name:nan-Latn-tailo" v="Bûn-san-lōo 3-tuānn"/>
    <tag k="name:zh" v="文山路三段"/>
    <tag k="oneway" v="yes"/>
    <tag k="ref" v="106乙"/>
    <tag k="ref:en" v="106B"/>
    <tag k="ref:nan" v="106-it"/>
    <tag k="ref:nan-Hant" v="106乙"/>
    <tag k="ref:nan-Latn-pehoeji" v="106-it"/>
    <tag k="ref:nan-Latn-tailo" v="106-it"/>
    <tag k="ref:zh" v="106乙"/>
    <tag k="surface" v="asphalt"/>
  </way>
  <way id="292827399">
    <nd ref="314697854"/>
    <nd ref="2963876986"/>
    <nd ref="5884786300"/>
    <nd ref="2963876983"/>
    <nd ref="2963876976"/>
    <nd ref="2963876971"/>
    <nd ref="2963876966"/>
    <nd ref="2963876954"/>
    <nd ref="4436852675"/>
    <nd ref="2963876947"/>
    <nd ref="2963876945"/>
    <nd ref="5321308809"/>
    <nd ref="2963876936"/>
    <nd ref="2963876934"/>
    <nd ref="2963876933"/>
    <nd ref="4436852670"/>
    <nd ref="2963876931"/>
    <nd ref="2963876929"/>
    <nd ref="2963876926"/>
    <nd ref="5321308810"/>
    <nd ref="5321308811"/>
    <nd ref="2963876915"/>
    <nd ref="2963876914"/>
    <nd ref="2963876917"/>
    <nd ref="2963876919"/>
    <nd ref="2963876920"/>
    <nd ref="2963876921"/>
    <nd ref="4436852666"/>
    <nd ref="2963876922"/>
    <nd ref="4436852667"/>
    <nd ref="2963876925"/>
    <nd ref="2963876927"/>
    <nd ref="2963876928"/>
    <nd ref="4436852668"/>
    <nd ref="4436852669"/>
    <nd ref="2963876930"/>
    <nd ref="4436852672"/>
    <nd ref="2963876950"/>
    <nd ref="4436852674"/>
    <nd ref="2963876952"/>
    <nd ref="2963876959"/>
    <nd ref="4436852677"/>
    <nd ref="2963876967"/>
    <nd ref="2963876974"/>
    <nd ref="5321308812"/>
    <nd ref="2963877002"/>
    <nd ref="4436852991"/>
    <nd ref="2963877010"/>
    <nd ref="2963877017"/>
    <nd ref="2963877016"/>
    <nd ref="2963877009"/>
    <nd ref="2963877001"/>
    <nd ref="2963876996"/>
    <nd ref="5321308815"/>
    <nd ref="2963876992"/>
    <nd ref="2963876990"/>
    <nd ref="2963876985"/>
    <nd ref="2963876984"/>
    <nd ref="2963876981"/>
    <nd ref="2963876963"/>
    <nd ref="2963876956"/>
    <nd ref="2963876955"/>
    <nd ref="2963876962"/>
    <nd ref="2963876965"/>
    <nd ref="2963876964"/>
    <nd ref="5321308816"/>
    <nd ref="2963876958"/>
    <nd ref="2963876946"/>
    <nd ref="5321308817"/>
    <nd ref="2963876938"/>
    <nd ref="5321308818"/>
    <nd ref="2963876932"/>
    <nd ref="2963876935"/>
    <nd ref="2963876940"/>
    <nd ref="2963876941"/>
    <nd ref="2963876942"/>
    <nd ref="4436852671"/>
    <nd ref="2963876939"/>
    <nd ref="2963876937"/>
    <nd ref="2963876943"/>
    <nd ref="2963876948"/>
    <nd ref="4436852673"/>
    <nd ref="2963876951"/>
    <nd ref="2963876953"/>
    <nd ref="2963876961"/>
    <nd ref="2963876960"/>
    <nd ref="4436852676"/>
    <nd ref="2963876957"/>
    <nd ref="2963876968"/>
    <nd ref="2963876973"/>
    <nd ref="4436852683"/>
    <nd ref="2963876980"/>
    <nd ref="4436852685"/>
    <nd ref="2963876982"/>
    <nd ref="5321308819"/>
    <nd ref="2963876970"/>
    <nd ref="4436852680"/>
    <nd ref="2963876969"/>
    <nd ref="4436852678"/>
    <nd ref="4436852679"/>
    <nd ref="4436852681"/>
    <nd ref="2963876972"/>
    <nd ref="2963876978"/>
    <nd ref="4436852687"/>
    <nd ref="2963876989"/>
    <nd ref="4436852688"/>
    <nd ref="4436852989"/>
    <nd ref="2963876991"/>
    <nd ref="2963876988"/>
    <nd ref="2963876977"/>
    <nd ref="2963876975"/>
    <nd ref="5321308820"/>
    <nd ref="4436852682"/>
    <nd ref="2963876979"/>
    <nd ref="2963876987"/>
    <nd ref="4436852990"/>
    <nd ref="4243888974"/>
    <tag k="highway" v="unclassified"/>
  </way>
  <way id="312175164">
    <nd ref="2667162688"/>
    <nd ref="5957263036"/>
    <nd ref="2667162694"/>
    <tag k="highway" v="secondary"/>
    <tag k="lit" v="yes"/>
    <tag k="oneway" v="yes"/>
    <tag k="surface" v="asphalt"/>
  </way>
  <way id="312175170">
    <nd ref="2667162695"/>
    <nd ref="2667162697"/>
    <nd ref="2667162687"/>
    <nd ref="317419915"/>
    <nd ref="317419916"/>
    <nd ref="13629401851"/>
    <nd ref="317419917"/>
    <nd ref="317419918"/>
    <nd ref="5209596788"/>
    <nd ref="317419919"/>
    <nd ref="1499961457"/>
    <nd ref="5209579627"/>
    <nd ref="317419920"/>
    <nd ref="317419921"/>
    <tag k="bicycle" v="yes"/>
    <tag k="foot" v="yes"/>
    <tag k="highway" v="secondary"/>
    <tag k="lit" v="yes"/>
    <tag k="maxspeed" v="60"/>
    <tag k="name" v="文山路三段"/>
    <tag k="name:en" v="Wenshan Road Section 3"/>
    <tag k="name:nan" v="Bûn-san-lō͘ 3-tōaⁿ"/>
    <tag k="name:nan-Hant" v="文山路三段"/>
    <tag k="name:nan-Latn-pehoeji" v="Bûn-san-lō͘ 3-tōaⁿ"/>
    <tag k="name:nan-Latn-tailo" v="Bûn-san-lōo 3-tuānn"/>
    <tag k="name:zh" v="文山路三段"/>
    <tag k="oneway" v="yes"/>
    <tag k="ref" v="106乙"/>
    <tag k="ref:en" v="106B"/>
    <tag k="ref:nan" v="106-it"/>
    <tag k="ref:nan-Hant" v="106乙"/>
    <tag k="ref:nan-Latn-pehoeji" v="106-it"/>
    <tag k="ref:nan-Latn-tailo" v="106-it"/>
    <tag k="ref:zh" v="106乙"/>
    <tag k="surface" v="asphalt"/>
  </way>
  <way id="312175171">
    <nd ref="2667162685"/>
    <nd ref="2667162690"/>
    <nd ref="2502496360"/>
    <nd ref="317419884"/>
    <tag k="bicycle" v="yes"/>
    <tag k="foot" v="yes"/>
    <tag k="highway" v="secondary"/>
    <tag k="lit" v="yes"/>
    <tag k="maxspeed" v="60"/>
    <tag k="name" v="文山路三段"/>
    <tag k="name:en" v="Wenshan Road Section 3"/>
    <tag k="name:nan" v="Bûn-san-lō͘ 3-tōaⁿ"/>
    <tag k="name:nan-Hant" v="文山路三段"/>
    <tag k="name:nan-Latn-pehoeji" v="Bûn-san-lō͘ 3-tōaⁿ"/>
    <tag k="name:nan-Latn-tailo" v="Bûn-san-lōo 3-tuānn"/>
    <tag k="name:zh" v="文山路三段"/>
    <tag k="oneway" v="yes"/>
    <tag k="ref" v="106乙"/>
    <tag k="ref:en" v="106B"/>
    <tag k="ref:nan" v="106-it"/>
    <tag k="ref:nan-Hant" v="106乙"/>
    <tag k="ref:nan-Latn-pehoeji" v="106-it"/>
    <tag k="ref:nan-Latn-tailo" v="106-it"/>
    <tag k="ref:zh" v="106乙"/>
    <tag k="surface" v="asphalt"/>
  </way>
  <way id="324755624">
    <nd ref="4413555606"/>
    <nd ref="3314351147"/>
    <nd ref="5509162204"/>
    <nd ref="3314351148"/>
    <nd ref="5509162205"/>
    <nd ref="3314351149"/>
    <nd ref="5509162206"/>
    <nd ref="3314351150"/>
    <nd ref="7685210499"/>
    <nd ref="3314351151"/>
    <nd ref="7685210498"/>
    <nd ref="3314351152"/>
    <nd ref="3314351153"/>
    <nd ref="5509162202"/>
    <nd ref="3314351154"/>
    <nd ref="5509162203"/>
    <nd ref="3314351155"/>
    <nd ref="3314351156"/>
    <nd ref="3314351157"/>
    <nd ref="3314351158"/>
    <nd ref="3314351159"/>
    <nd ref="5509162171"/>
    <nd ref="5507872636"/>
    <nd ref="3314351160"/>
    <nd ref="3314351561"/>
    <nd ref="3314351563"/>
    <nd ref="4896488637"/>
    <nd ref="3314351565"/>
    <nd ref="3314351566"/>
    <nd ref="4896488635"/>
    <nd ref="5447226446"/>
    <nd ref="3314351567"/>
    <nd ref="3314351568"/>
    <nd ref="4896488636"/>
    <nd ref="3314351569"/>
    <nd ref="3314351570"/>
    <nd ref="3314351571"/>
    <nd ref="3314351572"/>
    <nd ref="3314351573"/>
    <nd ref="3314351574"/>
    <nd ref="3314351575"/>
    <nd ref="5509162207"/>
    <nd ref="3314351576"/>
    <nd ref="3314351580"/>
    <nd ref="11964900809"/>
    <nd ref="3314351578"/>
    <nd ref="3314351579"/>
    <tag k="highway" v="cycleway"/>
    <tag k="name" v="深坑自行車道"/>
    <tag k="name:en" v="Shenkeng Cycle Route"/>
    <tag k="name:nan" v="Chhim-khiⁿ Thih-bé-tō"/>
    <tag k="name:nan-Hant" v="深坑鐵馬道"/>
    <tag k="name:nan-Latn-pehoeji" v="Chhim-khiⁿ Thih-bé-tō"/>
    <tag k="name:nan-Latn-tailo" v="Tshim-khinn Thih-bé-tō"/>
    <tag k="name:zh" v="深坑自行車道"/>
    <tag k="oneway" v="no"/>
    <tag k="surface" v="asphalt"/>
    <tag k="width" v="6"/>
  </way>
  <way id="342022594">
    <nd ref="2502496362"/>
    <nd ref="3490759850"/>
    <nd ref="4436883375"/>
    <tag k="highway" v="unclassified"/>
  </way>
  <way id="347296007">
    <nd ref="3536372525"/>
    <nd ref="5321269830"/>
    <nd ref="4436814199"/>
    <nd ref="3536372524"/>
    <nd ref="5321269831"/>
    <nd ref="3536372523"/>
    <nd ref="5321269832"/>
    <nd ref="5321269833"/>
    <nd ref="5321269834"/>
    <nd ref="3536372522"/>
    <nd ref="5321269835"/>
    <nd ref="4436814203"/>
    <nd ref="4436814204"/>
    <nd ref="3536372521"/>
    <nd ref="4258014000"/>
    <nd ref="5321269836"/>
    <nd ref="4258014001"/>
    <nd ref="4258014002"/>
    <tag k="highway" v="residential"/>
  </way>
  <way id="347296009">
    <nd ref="3536372526"/>
    <nd ref="4436813079"/>
    <nd ref="3536372527"/>
    <nd ref="3536372528"/>
    <nd ref="5321269867"/>
    <nd ref="3536372529"/>
    <nd ref="5321269864"/>
    <nd ref="3536372530"/>
    <nd ref="3536372531"/>
    <nd ref="4457208183"/>
    <nd ref="3536372532"/>
    <nd ref="3536372533"/>
    <nd ref="3536372534"/>
    <nd ref="3536372535"/>
    <nd ref="4181982287"/>
    <nd ref="4181984290"/>
    <nd ref="4181982288"/>
    <nd ref="4181982286"/>
    <nd ref="13629401842"/>
    <nd ref="13629401841"/>
    <nd ref="4181982285"/>
    <tag k="highway" v="service"/>
    <tag k="service" v="alley"/>
  </way>
  <way id="426511243">
    <nd ref="1499961402"/>
    <nd ref="4457209489"/>
    <nd ref="11243726221"/>
    <nd ref="11243726220"/>
    <nd ref="11243726219"/>
    <nd ref="11243726218"/>
    <nd ref="11243726217"/>
    <tag k="highway" v="track"/>
    <tag k="tracktype" v="grade1"/>
  </way>
  <way id="426511245">
    <nd ref="2314878573"/>
    <nd ref="2314878569"/>
    <nd ref="4436952146"/>
    <nd ref="4436952145"/>
    <nd ref="2314878567"/>
    <nd ref="5321259865"/>
    <nd ref="2314878587"/>
    <nd ref="4436952149"/>
    <nd ref="4436952148"/>
    <nd ref="5321259864"/>
    <nd ref="2314878579"/>
    <nd ref="5321259863"/>
    <nd ref="2314878554"/>
    <nd ref="4436952144"/>
    <nd ref="5321259862"/>
    <nd ref="2314878552"/>
    <nd ref="5321259861"/>
    <nd ref="2314878550"/>
    <nd ref="4258014025"/>
    <nd ref="5321259855"/>
    <nd ref="4436952142"/>
    <nd ref="5321259856"/>
    <nd ref="5321259854"/>
    <nd ref="4258014023"/>
    <nd ref="4258014022"/>
    <nd ref="5321259853"/>
    <nd ref="4258014021"/>
    <nd ref="4258014036"/>
    <nd ref="5321259840"/>
    <nd ref="4258014035"/>
    <nd ref="5321259841"/>
    <nd ref="4258014034"/>
    <nd ref="4258014033"/>
    <nd ref="4258014032"/>
    <nd ref="5321259839"/>
    <nd ref="4436952140"/>
    <nd ref="4258014031"/>
    <nd ref="4258014030"/>
    <nd ref="5321259837"/>
    <nd ref="5321259836"/>
    <nd ref="4258014029"/>
    <nd ref="4436952138"/>
    <nd ref="5321259835"/>
    <nd ref="4258014027"/>
    <nd ref="4436952137"/>
    <nd ref="4258014026"/>
    <tag k="highway" v="residential"/>
  </way>
  <way id="446409215">
    <nd ref="4436883375"/>
    <nd ref="4436883374"/>
    <tag k="bridge" v="yes"/>
    <tag k="highway" v="unclassified"/>
    <tag k="layer" v="1"/>
    <tag k="name" v="展南橋"/>
  </way>
  <way id="446409216">
    <nd ref="4436883374"/>
    <nd ref="3490759851"/>
    <nd ref="11243726239"/>
    <nd ref="3490759848"/>
    <nd ref="3490759849"/>
    <nd ref="3490759852"/>
    <nd ref="3490759853"/>
    <nd ref="4436883373"/>
    <nd ref="4436883372"/>
    <nd ref="4436883370"/>
    <nd ref="4436883369"/>
    <nd ref="3490759855"/>
    <nd ref="4436883368"/>
    <nd ref="4436883367"/>
    <nd ref="4436883366"/>
    <nd ref="3490759856"/>
    <nd ref="11243726240"/>
    <nd ref="3490759857"/>
    <nd ref="3490759858"/>
    <nd ref="4457209492"/>
    <nd ref="3490759859"/>
    <nd ref="3490759860"/>
    <nd ref="4436991242"/>
    <nd ref="3490759861"/>
    <nd ref="4436991240"/>
    <nd ref="3490759862"/>
    <nd ref="13142682278"/>
    <nd ref="4436991239"/>
    <nd ref="4436991237"/>
    <nd ref="3490759863"/>
    <nd ref="4436991236"/>
    <nd ref="3490759864"/>
    <nd ref="4436991234"/>
    <nd ref="3490759865"/>
    <nd ref="3490759867"/>
    <nd ref="4436991233"/>
    <nd ref="4436991232"/>
    <nd ref="3490759868"/>
    <nd ref="3490759869"/>
    <nd ref="3490759870"/>
    <nd ref="3490759871"/>
    <nd ref="4436991231"/>
    <nd ref="3490759872"/>
    <nd ref="3490759873"/>
    <nd ref="4436991230"/>
    <nd ref="3490759874"/>
    <nd ref="3490759875"/>
    <nd ref="3490759876"/>
    <nd ref="3490759877"/>
    <nd ref="4436991228"/>
    <nd ref="4952160812"/>
    <nd ref="4436991227"/>
    <nd ref="4952162824"/>
    <nd ref="3490759878"/>
    <nd ref="3490759879"/>
    <nd ref="3490759880"/>
    <nd ref="4952162833"/>
    <nd ref="3490759881"/>
    <nd ref="3490759882"/>
    <nd ref="3490759883"/>
    <nd ref="4436991224"/>
    <nd ref="3490759884"/>
    <nd ref="4409388632"/>
    <nd ref="3490759885"/>
    <nd ref="3490759886"/>
    <nd ref="3490759887"/>
    <nd ref="3490759888"/>
    <nd ref="4436991222"/>
    <nd ref="4409388657"/>
    <tag k="highway" v="unclassified"/>
  </way>
  <way id="505229738">
    <nd ref="4952160812"/>
    <nd ref="4952160814"/>
    <nd ref="4952160816"/>
    <nd ref="4952160817"/>
    <nd ref="4952160818"/>
    <nd ref="4952160819"/>
    <nd ref="4952160820"/>
    <nd ref="4952162821"/>
    <nd ref="4952162822"/>
    <nd ref="4952162823"/>
    <nd ref="11243726241"/>
    <tag k="highway" v="service"/>
    <tag k="service" v="alley"/>
    <tag k="surface" v="asphalt"/>
  </way>
  <way id="538144040">
    <nd ref="4258014004"/>
    <nd ref="1499961407"/>
    <nd ref="1499961409"/>
    <nd ref="5321259895"/>
    <nd ref="1499961412"/>
    <nd ref="1499961417"/>
    <nd ref="1499961418"/>
    <nd ref="4436991209"/>
    <nd ref="1499961419"/>
    <nd ref="4436991212"/>
    <nd ref="5321259896"/>
    <nd ref="1499961420"/>
    <nd ref="5209596749"/>
    <nd ref="1499961422"/>
    <nd ref="5321259897"/>
    <nd ref="4436991214"/>
    <nd ref="1499961423"/>
    <nd ref="1499961424"/>
    <nd ref="5321259898"/>
    <nd ref="1499961425"/>
    <nd ref="3536372526"/>
    <nd ref="1499961426"/>
    <nd ref="1499961427"/>
    <nd ref="5321259918"/>
    <nd ref="5321259919"/>
    <nd ref="4181984298"/>
    <nd ref="5321259920"/>
    <nd ref="5321269841"/>
    <nd ref="1499961428"/>
    <nd ref="4436813085"/>
    <nd ref="5321269821"/>
    <nd ref="1499961429"/>
    <nd ref="4258014003"/>
    <nd ref="5321269822"/>
    <nd ref="4436813086"/>
    <nd ref="1499961432"/>
    <nd ref="5321269823"/>
    <nd ref="4436814190"/>
    <nd ref="1499961433"/>
    <nd ref="5321269824"/>
    <nd ref="4436814193"/>
    <nd ref="5321269825"/>
    <nd ref="5321269826"/>
    <nd ref="4436814197"/>
    <nd ref="5321269827"/>
    <nd ref="1499961434"/>
    <nd ref="5321269828"/>
    <nd ref="1499961435"/>
    <nd ref="1499961437"/>
    <nd ref="3536372525"/>
    <nd ref="4436814198"/>
    <nd ref="5321269829"/>
    <nd ref="1499961436"/>
    <nd ref="3536372536"/>
    <nd ref="1499961439"/>
    <nd ref="1499961441"/>
    <nd ref="4436814200"/>
    <nd ref="5321308573"/>
    <nd ref="4436814201"/>
    <nd ref="1499961443"/>
    <nd ref="1499961444"/>
    <nd ref="4436808672"/>
    <nd ref="5321308574"/>
    <nd ref="1499961446"/>
    <nd ref="4436808673"/>
    <nd ref="1499961447"/>
    <nd ref="5321308575"/>
    <nd ref="1499961448"/>
    <nd ref="1499961449"/>
    <nd ref="4436808676"/>
    <nd ref="1499961450"/>
    <nd ref="1499961452"/>
    <nd ref="1499961453"/>
    <nd ref="5321308576"/>
    <nd ref="5321308577"/>
    <nd ref="4436808678"/>
    <nd ref="4436808679"/>
    <nd ref="1499961454"/>
    <nd ref="5321308578"/>
    <nd ref="1499961455"/>
    <nd ref="4436808681"/>
    <nd ref="5209596776"/>
    <nd ref="1499961457"/>
    <nd ref="1499961458"/>
    <tag k="highway" v="residential"/>
  </way>
  <way id="538144041">
    <nd ref="1499961406"/>
    <nd ref="5321259894"/>
    <tag k="bridge" v="yes"/>
    <tag k="highway" v="residential"/>
    <tag k="layer" v="1"/>
  </way>
  <way id="538144045">
    <nd ref="5209579663"/>
    <nd ref="5209579664"/>
    <tag k="highway" v="residential"/>
  </way>
  <way id="538144046">
    <nd ref="5209579665"/>
    <nd ref="5209579668"/>
    <nd ref="5209579669"/>
    <tag k="highway" v="residential"/>
  </way>
  <way id="538144047">
    <nd ref="5209579665"/>
    <nd ref="5209579666"/>
    <nd ref="5209579667"/>
    <tag k="highway" v="residential"/>
  </way>
  <way id="538146841">
    <nd ref="5209596749"/>
    <nd ref="5209596750"/>
    <nd ref="5209596751"/>
    <tag k="highway" v="service"/>
  </way>
  <way id="538203018">
    <nd ref="5209965756"/>
    <nd ref="2963877046"/>
    <nd ref="5209965757"/>
    <nd ref="2963877040"/>
    <nd ref="4243888666"/>
    <tag k="highway" v="track"/>
  </way>
  <way id="550983963">
    <nd ref="5321269865"/>
    <nd ref="5321269866"/>
    <nd ref="5321269867"/>
    <tag k="highway" v="service"/>
    <tag k="service" v="alley"/>
  </way>
  <way id="629128343">
    <nd ref="5321259894"/>
    <nd ref="4258014004"/>
    <tag k="highway" v="residential"/>
  </way>
  <way id="629128344">
    <nd ref="1499961406"/>
    <nd ref="5209579663"/>
    <nd ref="4436991208"/>
    <nd ref="4436991207"/>
    <nd ref="5321259893"/>
    <nd ref="5321259892"/>
    <nd ref="1499961405"/>
    <nd ref="1499961403"/>
    <nd ref="5321259891"/>
    <nd ref="4243888900"/>
    <nd ref="4258014005"/>
    <nd ref="5321259890"/>
    <nd ref="4436991206"/>
    <nd ref="1499961402"/>
    <nd ref="5321259888"/>
    <nd ref="4258014006"/>
    <nd ref="5321259887"/>
    <nd ref="4258014007"/>
    <nd ref="5321259886"/>
    <nd ref="1499961401"/>
    <nd ref="5321259885"/>
    <nd ref="1499961400"/>
    <nd ref="4258014009"/>
    <nd ref="4258014008"/>
    <nd ref="5321259884"/>
    <nd ref="1499961399"/>
    <nd ref="4258014010"/>
    <nd ref="5321259883"/>
    <nd ref="2314878619"/>
    <nd ref="5321259882"/>
    <nd ref="4436991203"/>
    <nd ref="2314878623"/>
    <nd ref="5321259881"/>
    <nd ref="4436991204"/>
    <nd ref="5321259880"/>
    <nd ref="2314878626"/>
    <nd ref="5321259879"/>
    <nd ref="5321259878"/>
    <nd ref="2314878624"/>
    <nd ref="5321259877"/>
    <nd ref="2314878621"/>
    <nd ref="4436991202"/>
    <nd ref="5321259876"/>
    <nd ref="2314878617"/>
    <nd ref="5321259875"/>
    <nd ref="2314878615"/>
    <nd ref="5321259874"/>
    <nd ref="5321259873"/>
    <nd ref="2314878613"/>
    <nd ref="5321259872"/>
    <nd ref="4436991201"/>
    <nd ref="2314878607"/>
    <nd ref="5321259871"/>
    <nd ref="2314878602"/>
    <nd ref="5321259870"/>
    <nd ref="4436991197"/>
    <nd ref="5321259869"/>
    <nd ref="2314878597"/>
    <nd ref="2314878573"/>
    <nd ref="4436952147"/>
    <nd ref="5321259866"/>
    <nd ref="2314878563"/>
    <nd ref="5321259867"/>
    <nd ref="2314878556"/>
    <nd ref="5321259868"/>
    <nd ref="5209965754"/>
    <nd ref="11243726197"/>
    <tag k="highway" v="residential"/>
  </way>
  <way id="629128345">
    <nd ref="5209579664"/>
    <nd ref="5209579665"/>
    <tag k="bridge" v="yes"/>
    <tag k="highway" v="residential"/>
    <tag k="layer" v="1"/>
  </way>
  <way id="630949220">
    <nd ref="372592594"/>
    <nd ref="5957263018"/>
    <nd ref="5957263020"/>
    <nd ref="5957263019"/>
    <nd ref="5957263021"/>
    <nd ref="5957263017"/>
    <nd ref="5957263023"/>
    <nd ref="5957263022"/>
    <nd ref="5957263025"/>
    <nd ref="5957263026"/>
    <nd ref="5957263032"/>
    <nd ref="5957263033"/>
    <nd ref="5957263024"/>
    <nd ref="5957263030"/>
    <nd ref="5957263029"/>
    <nd ref="5957263028"/>
    <nd ref="5957263016"/>
    <nd ref="5957263015"/>
    <nd ref="5957263014"/>
    <nd ref="5957263013"/>
    <nd ref="5957263012"/>
    <nd ref="5957263011"/>
    <nd ref="5957263010"/>
    <nd ref="5957263009"/>
    <nd ref="5957263008"/>
    <nd ref="5957263007"/>
    <nd ref="5957263006"/>
    <nd ref="5957263005"/>
    <nd ref="5957263004"/>
    <tag k="highway" v="service"/>
    <tag k="service" v="alley"/>
  </way>
  <way id="916896323">
    <nd ref="2502496354"/>
    <nd ref="3180206785"/>
    <nd ref="2667162685"/>
    <tag k="bicycle" v="yes"/>
    <tag k="foot" v="yes"/>
    <tag k="highway" v="secondary"/>
    <tag k="lit" v="yes"/>
    <tag k="maxspeed" v="60"/>
    <tag k="name" v="文山路三段"/>
    <tag k="name:en" v="Wenshan Road Section 3"/>
    <tag k="name:nan" v="Bûn-san-lō͘ 3-tōaⁿ"/>
    <tag k="name:nan-Hant" v="文山路三段"/>
    <tag k="name:nan-Latn-pehoeji" v="Bûn-san-lō͘ 3-tōaⁿ"/>
    <tag k="name:nan-Latn-tailo" v="Bûn-san-lōo 3-tuānn"/>
    <tag k="name:zh" v="文山路三段"/>
    <tag k="oneway" v="yes"/>
    <tag k="ref" v="106乙"/>
    <tag k="ref:en" v="106B"/>
    <tag k="ref:nan" v="106-it"/>
    <tag k="ref:nan-Hant" v="106乙"/>
    <tag k="ref:nan-Latn-pehoeji" v="106-it"/>
    <tag k="ref:nan-Latn-tailo" v="106-it"/>
    <tag k="ref:zh" v="106乙"/>
    <tag k="surface" v="asphalt"/>
  </way>
  <way id="921210274">
    <nd ref="317419884"/>
    <nd ref="2502496362"/>
    <nd ref="661185538"/>
    <tag k="bicycle" v="yes"/>
    <tag k="foot" v="yes"/>
    <tag k="highway" v="secondary"/>
    <tag k="lit" v="yes"/>
    <tag k="maxspeed" v="60"/>
    <tag k="name" v="文山路三段"/>
    <tag k="name:en" v="Wenshan Road Section 3"/>
    <tag k="name:nan" v="Bûn-san-lō͘ 3-tōaⁿ"/>
    <tag k="name:nan-Hant" v="文山路三段"/>
    <tag k="name:nan-Latn-pehoeji" v="Bûn-san-lō͘ 3-tōaⁿ"/>
    <tag k="name:nan-Latn-tailo" v="Bûn-san-lōo 3-tuānn"/>
    <tag k="name:zh" v="文山路三段"/>
    <tag k="oneway" v="yes"/>
    <tag k="ref" v="106乙"/>
    <tag k="ref:en" v="106B"/>
    <tag k="ref:nan" v="106-it"/>
    <tag k="ref:nan-Hant" v="106乙"/>
    <tag k="ref:nan-Latn-pehoeji" v="106-it"/>
    <tag k="ref:nan-Latn-tailo" v="106-it"/>
    <tag k="ref:zh" v="106乙"/>
    <tag k="surface" v="asphalt"/>
  </way>
  <way id="921210275">
    <nd ref="661185538"/>
    <nd ref="8552930532"/>
    <nd ref="8552930530"/>
    <tag k="bicycle" v="yes"/>
    <tag k="bridge" v="yes"/>
    <tag k="foot" v="yes"/>
    <tag k="highway" v="secondary"/>
    <tag k="layer" v="1"/>
    <tag k="lit" v="yes"/>
    <tag k="maxspeed" v="60"/>
    <tag k="name" v="天龍橋"/>
    <tag k="oneway" v="yes"/>
    <tag k="ref" v="106乙"/>
    <tag k="ref:en" v="106B"/>
    <tag k="ref:nan" v="106-it"/>
    <tag k="ref:nan-Hant" v="106乙"/>
    <tag k="ref:nan-Latn-pehoeji" v="106-it"/>
    <tag k="ref:nan-Latn-tailo" v="106-it"/>
    <tag k="ref:zh" v="106乙"/>
    <tag k="surface" v="asphalt"/>
  </way>
  <way id="921210276">
    <nd ref="661185707"/>
    <nd ref="3490759850"/>
    <nd ref="317419913"/>
    <tag k="bicycle" v="yes"/>
    <tag k="foot" v="yes"/>
    <tag k="highway" v="secondary"/>
    <tag k="lit" v="yes"/>
    <tag k="maxspeed" v="60"/>
    <tag k="name" v="文山路三段"/>
    <tag k="name:en" v="Wenshan Road Section 3"/>
    <tag k="name:nan" v="Bûn-san-lō͘ 3-tōaⁿ"/>
    <tag k="name:nan-Hant" v="文山路三段"/>
    <tag k="name:nan-Latn-pehoeji" v="Bûn-san-lō͘ 3-tōaⁿ"/>
    <tag k="name:nan-Latn-tailo" v="Bûn-san-lōo 3-tuānn"/>
    <tag k="name:zh" v="文山路三段"/>
    <tag k="oneway" v="yes"/>
    <tag k="ref" v="106乙"/>
    <tag k="ref:en" v="106B"/>
    <tag k="ref:nan" v="106-it"/>
    <tag k="ref:nan-Hant" v="106乙"/>
    <tag k="ref:nan-Latn-pehoeji" v="106-it"/>
    <tag k="ref:nan-Latn-tailo" v="106-it"/>
    <tag k="ref:zh" v="106乙"/>
    <tag k="surface" v="asphalt"/>
  </way>
  <way id="921210277">
    <nd ref="8552930531"/>
    <nd ref="661185707"/>
    <tag k="bicycle" v="yes"/>
    <tag k="bridge" v="yes"/>
    <tag k="foot" v="yes"/>
    <tag k="highway" v="secondary"/>
    <tag k="layer" v="1"/>
    <tag k="lit" v="yes"/>
    <tag k="maxspeed" v="60"/>
    <tag k="name" v="天龍橋"/>
    <tag k="oneway" v="yes"/>
    <tag k="ref" v="106乙"/>
    <tag k="ref:en" v="106B"/>
    <tag k="ref:nan" v="106-it"/>
    <tag k="ref:nan-Hant" v="106乙"/>
    <tag k="ref:nan-Latn-pehoeji" v="106-it"/>
    <tag k="ref:nan-Latn-tailo" v="106-it"/>
    <tag k="ref:zh" v="106乙"/>
    <tag k="surface" v="asphalt"/>
  </way>
  <way id="1035318312">
    <nd ref="4409388657"/>
    <nd ref="5519894152"/>
    <nd ref="4436991220"/>
    <nd ref="4409388658"/>
    <nd ref="4409388659"/>
    <nd ref="4409388660"/>
    <nd ref="4409388661"/>
    <nd ref="4409388662"/>
    <nd ref="4436991226"/>
    <nd ref="5519894150"/>
    <nd ref="4409388664"/>
    <nd ref="4409388663"/>
    <tag k="access" v="permissive"/>
    <tag k="description" v="會經過民宅，民宅有狗"/>
    <tag k="highway" v="track"/>
    <tag k="surface" v="concrete"/>
    <tag k="tracktype" v="grade4"/>
    <tag k="trail_visibility" v="intermediate"/>
  </way>
  <way id="1213604753">
    <nd ref="11243707632"/>
    <nd ref="11243707626"/>
    <nd ref="11243707625"/>
    <nd ref="11243707624"/>
    <nd ref="11243707623"/>
    <nd ref="11243707622"/>
    <tag k="highway" v="service"/>
  </way>
  <way id="1213604754">
    <nd ref="317419884"/>
    <nd ref="11243707632"/>
    <nd ref="11243707631"/>
    <nd ref="11243707630"/>
    <nd ref="11243707629"/>
    <nd ref="11243707628"/>
    <nd ref="11243707627"/>
    <tag k="highway" v="residential"/>
  </way>
  <way id="1213604779">
    <nd ref="11243726197"/>
    <nd ref="11243726196"/>
    <nd ref="5209965755"/>
    <nd ref="5209965756"/>
    <nd ref="2963877044"/>
    <tag k="highway" v="track"/>
  </way>
  <way id="1213604780">
    <nd ref="5321259837"/>
    <nd ref="11243726202"/>
    <nd ref="11243726201"/>
    <nd ref="11243726200"/>
    <nd ref="11243726199"/>
    <nd ref="11243726198"/>
    <tag k="highway" v="residential"/>
  </way>
  <way id="1213604781">
    <nd ref="2314878550"/>
    <nd ref="5321259860"/>
    <nd ref="2314878546"/>
    <nd ref="5321259859"/>
    <nd ref="2314878542"/>
    <nd ref="5321259858"/>
    <nd ref="2314878540"/>
    <nd ref="4436952143"/>
    <nd ref="2314878541"/>
    <nd ref="5321259857"/>
    <nd ref="2314878531"/>
    <nd ref="11243726205"/>
    <tag k="highway" v="residential"/>
  </way>
  <way id="1213604784">
    <nd ref="3490759851"/>
    <nd ref="3490759847"/>
    <nd ref="3490759846"/>
    <nd ref="11243726237"/>
    <nd ref="11243726236"/>
    <nd ref="11243726235"/>
    <nd ref="11243726234"/>
    <nd ref="11243726233"/>
    <tag k="highway" v="service"/>
    <tag k="service" v="alley"/>
  </way>
  <way id="1486801479">
    <nd ref="13629335134"/>
    <nd ref="13629335135"/>
    <tag k="highway" v="secondary_link"/>
  </way>
  <way id="1486801480">
    <nd ref="661185701"/>
    <nd ref="13629335137"/>
    <tag k="highway" v="secondary_link"/>
  </way>
  <way id="1486810227">
    <nd ref="5321269833"/>
    <nd ref="13629401840"/>
    <nd ref="13629401839"/>
    <nd ref="13629401838"/>
    <nd ref="13629401837"/>
    <nd ref="13629401836"/>
    <tag k="highway" v="track"/>
    <tag k="tracktype" v="grade1"/>
  </way>
  <way id="28231450">
    <nd ref="2667162623"/>
    <nd ref="310079439"/>
    <nd ref="2667162622"/>
    <nd ref="310079438"/>
    <nd ref="739456093"/>
    <nd ref="4453667628"/>
    <nd ref="310079437"/>
    <nd ref="2667162686"/>
    <tag k="highway" v="secondary"/>
    <tag k="lit" v="yes"/>
    <tag k="name" v="北深路三段"/>
    <tag k="name:en" v="Section 3, Beishen Road"/>
    <tag k="name:nan" v="Pak-chhim-lō͘ 3-tōaⁿ"/>
    <tag k="name:nan-Hant" v="北深路三段"/>
    <tag k="name:nan-Latn-pehoeji" v="Pak-chhim-lō͘ 3-tōaⁿ"/>
    <tag k="name:nan-Latn-tailo" v="Pak-tshim-lōo 3-tuānn"/>
    <tag k="name:zh" v="北深路三段"/>
    <tag k="ref" v="106"/>
    <tag k="ref:en" v="106"/>
    <tag k="ref:nan" v="106"/>
    <tag k="ref:nan-Hant" v="106"/>
    <tag k="ref:nan-Latn-pehoeji" v="106"/>
    <tag k="ref:nan-Latn-tailo" v="106"/>
    <tag k="ref:zh" v="106"/>
    <tag k="surface" v="asphalt"/>
  </way>
  <way id="29131331">
    <nd ref="12843353042"/>
    <nd ref="4436943843"/>
    <nd ref="4425697899"/>
    <nd ref="320481046"/>
    <nd ref="4436943838"/>
    <nd ref="4436943835"/>
    <nd ref="4436943834"/>
    <nd ref="4436943832"/>
    <nd ref="4457178521"/>
    <nd ref="4457178514"/>
    <nd ref="4457178507"/>
    <nd ref="4457178506"/>
    <nd ref="4457178516"/>
    <nd ref="12843353199"/>
    <nd ref="4457178505"/>
    <nd ref="4457178508"/>
    <nd ref="4457178522"/>
    <nd ref="4457178525"/>
    <nd ref="4457178524"/>
    <nd ref="4457178523"/>
    <nd ref="4457178515"/>
    <nd ref="4457178512"/>
    <nd ref="4457178510"/>
    <nd ref="4457178517"/>
    <nd ref="4457178519"/>
    <nd ref="4457178520"/>
    <nd ref="4457178518"/>
    <nd ref="4457178509"/>
    <nd ref="9595387908"/>
    <nd ref="9595387909"/>
    <nd ref="9595387910"/>
    <nd ref="9595387911"/>
    <nd ref="9595387912"/>
    <nd ref="4457178504"/>
    <nd ref="1489439541"/>
    <tag k="hgv" v="no"/>
    <tag k="highway" v="unclassified"/>
    <tag k="lanes" v="2"/>
    <tag k="lit" v="yes"/>
    <tag k="maxspeed" v="30"/>
    <tag k="name" v="研究院路四段"/>
    <tag k="name:en" v="Academia Road Section 4"/>
    <tag k="name:nan" v="Gián-kiú-iān-lō͘-4-tōaⁿ"/>
    <tag k="name:nan-Latn-pehoeji" v="Gián-kiú-iān-lō͘-4-tōaⁿ"/>
    <tag k="name:nan-Latn-tailo" v="Gián-kiú-iān-lōo-4-tuānn"/>
    <tag k="name:zh" v="研究院路四段"/>
    <tag k="surface" v="asphalt"/>
  </way>
  <way id="51831621">
    <nd ref="661185176"/>
    <nd ref="661185177"/>
    <nd ref="661185178"/>
    <nd ref="661185179"/>
    <nd ref="4436852451"/>
    <nd ref="3536269211"/>
    <nd ref="661185180"/>
    <nd ref="4436852446"/>
    <nd ref="661185181"/>
    <nd ref="661185182"/>
    <nd ref="661185183"/>
    <nd ref="11338674270"/>
    <nd ref="661185184"/>
    <nd ref="661185185"/>
    <nd ref="11338674269"/>
    <nd ref="11338674268"/>
    <nd ref="11338674267"/>
    <nd ref="11338674266"/>
    <nd ref="11338674265"/>
    <nd ref="11338674264"/>
    <nd ref="11338674263"/>
    <nd ref="11338674262"/>
    <tag k="highway" v="unclassified"/>
    <tag k="name" v="萬福路63巷"/>
  </way>
  <way id="135638660">
    <nd ref="320481048"/>
    <nd ref="12843353042"/>
    <tag k="bridge" v="yes"/>
    <tag k="hgv" v="no"/>
    <tag k="highway" v="unclassified"/>
    <tag k="lanes" v="2"/>
    <tag k="layer" v="1"/>
    <tag k="lit" v="yes"/>
    <tag k="maxspeed" v="30"/>
    <tag k="name" v="守信橋"/>
    <tag k="surface" v="asphalt"/>
  </way>
  <way id="135640773">
    <nd ref="1414915857"/>
    <nd ref="1489439537"/>
    <nd ref="1489439679"/>
    <nd ref="1489439504"/>
    <nd ref="1489439590"/>
    <nd ref="1489439273"/>
    <nd ref="1489439179"/>
    <nd ref="8724967849"/>
    <nd ref="1489439426"/>
    <nd ref="1489439690"/>
    <nd ref="1489439496"/>
    <nd ref="1489439599"/>
    <nd ref="1489439764"/>
    <nd ref="1489439652"/>
    <nd ref="1489439338"/>
    <nd ref="10221647960"/>
    <nd ref="1489439241"/>
    <nd ref="1489439646"/>
    <nd ref="1489439556"/>
    <nd ref="1489439233"/>
    <nd ref="1489439756"/>
    <nd ref="1489439285"/>
    <nd ref="8724989065"/>
    <nd ref="8724989067"/>
    <nd ref="1489439189"/>
    <nd ref="1489439465"/>
    <nd ref="1489439385"/>
    <nd ref="1489439248"/>
    <nd ref="1489439769"/>
    <nd ref="1489439431"/>
    <nd ref="1489439345"/>
    <nd ref="1489439474"/>
    <nd ref="1489439395"/>
    <nd ref="1489439657"/>
    <nd ref="1489439566"/>
    <nd ref="1489439390"/>
    <nd ref="1489439291"/>
    <nd ref="1489439562"/>
    <nd ref="1489439470"/>
    <nd ref="4131880981"/>
    <nd ref="8724989069"/>
    <nd ref="1489439605"/>
    <nd ref="4218555832"/>
    <nd ref="1489439511"/>
    <nd ref="1489439193"/>
    <nd ref="1489439697"/>
    <nd ref="1489439573"/>
    <nd ref="1489439482"/>
    <nd ref="1489439776"/>
    <nd ref="1489439663"/>
    <nd ref="1489439682"/>
    <tag k="highway" v="service"/>
  </way>
  <way id="135640782">
    <nd ref="1489439672"/>
    <nd ref="1489439582"/>
    <nd ref="1489439261"/>
    <nd ref="1489439784"/>
    <nd ref="1489439632"/>
    <nd ref="1489439542"/>
    <nd ref="1489439221"/>
    <nd ref="1489439742"/>
    <nd ref="1489439275"/>
    <nd ref="1489439180"/>
    <nd ref="1489439454"/>
    <nd ref="1489439373"/>
    <nd ref="1489439791"/>
    <nd ref="1489439676"/>
    <nd ref="1489439368"/>
    <nd ref="1489439269"/>
    <nd ref="1489439413"/>
    <nd ref="1489439324"/>
    <nd ref="1489439588"/>
    <nd ref="1489439492"/>
    <nd ref="1489439377"/>
    <nd ref="1489439278"/>
    <nd ref="1489439548"/>
    <nd ref="1489439459"/>
    <tag k="highway" v="service"/>
  </way>
  <way id="135640797">
    <nd ref="1489439488"/>
    <nd ref="1489439409"/>
    <nd ref="12843353040"/>
    <nd ref="12843353041"/>
    <nd ref="1489439671"/>
    <tag k="highway" v="service"/>
    <tag k="name" v="研究院路三段286巷"/>
    <tag k="service" v="alley"/>
    <tag k="surface" v="asphalt"/>
  </way>
  <way id="135640826">
    <nd ref="12843353039"/>
    <nd ref="1489439488"/>
    <tag k="bridge" v="yes"/>
    <tag k="bridge:name" v="無名橋292"/>
    <tag k="bridge:ref" v="GL252"/>
    <tag k="highway" v="service"/>
    <tag k="layer" v="1"/>
    <tag k="name" v="研究院路三段286巷"/>
    <tag k="service" v="alley"/>
    <tag k="surface" v="asphalt"/>
  </way>
  <way id="135640827">
    <nd ref="1489439784"/>
    <nd ref="1489439594"/>
    <tag k="highway" v="service"/>
  </way>
  <way id="136977263">
    <nd ref="11461449485"/>
    <nd ref="1502690569"/>
    <nd ref="11461449520"/>
    <nd ref="1502690854"/>
    <nd ref="1502690924"/>
    <tag k="highway" v="track"/>
    <tag k="surface" v="dirt"/>
    <tag k="tracktype" v="grade3"/>
  </way>
  <way id="136977276">
    <nd ref="5275050450"/>
    <nd ref="11461449513"/>
    <nd ref="11461449512"/>
    <nd ref="5275050462"/>
    <nd ref="11461449490"/>
    <nd ref="5275050463"/>
    <nd ref="5275050464"/>
    <nd ref="11461449489"/>
    <nd ref="5275050467"/>
    <nd ref="5275050468"/>
    <nd ref="5275050472"/>
    <nd ref="5275050473"/>
    <nd ref="11461449488"/>
    <nd ref="5275050474"/>
    <nd ref="5275050475"/>
    <nd ref="11461449487"/>
    <nd ref="11461449486"/>
    <nd ref="1502690285"/>
    <nd ref="11461449519"/>
    <nd ref="1502690291"/>
    <tag k="highway" v="track"/>
    <tag k="incline" v="up"/>
    <tag k="surface" v="asphalt"/>
    <tag k="tracktype" v="grade1"/>
  </way>
  <way id="136977277">
    <nd ref="1502690315"/>
    <nd ref="4436915490"/>
    <nd ref="1502690972"/>
    <nd ref="1502690643"/>
    <nd ref="5275080829"/>
    <nd ref="1502690921"/>
    <nd ref="1502690604"/>
    <nd ref="8011301495"/>
    <nd ref="1502690328"/>
    <nd ref="8011301496"/>
    <nd ref="1502690985"/>
    <nd ref="8011301497"/>
    <nd ref="1502690219"/>
    <nd ref="1502690515"/>
    <nd ref="1502690277"/>
    <nd ref="1502690556"/>
    <nd ref="1502690803"/>
    <nd ref="4436915498"/>
    <nd ref="10679766513"/>
    <nd ref="1489439320"/>
    <tag k="highway" v="service"/>
  </way>
  <way id="222742479">
    <nd ref="2316815790"/>
    <nd ref="2316815791"/>
    <nd ref="4436884222"/>
    <nd ref="5052027677"/>
    <nd ref="5052027669"/>
    <nd ref="5051446208"/>
    <nd ref="2316815792"/>
    <tag k="highway" v="service"/>
  </way>
  <way id="301075011">
    <nd ref="3051841938"/>
    <nd ref="661185818"/>
    <nd ref="2502496456"/>
    <nd ref="661185819"/>
    <nd ref="2667162684"/>
    <nd ref="661185821"/>
    <nd ref="7203781472"/>
    <tag k="highway" v="secondary"/>
    <tag k="lanes" v="2"/>
    <tag k="lit" v="yes"/>
    <tag k="name" v="新光路二段"/>
    <tag k="name:en" v="Section 2, Xinguang Road"/>
    <tag k="name:nan" v="Sin-kong-lō͘ 2-tōaⁿ"/>
    <tag k="name:nan-Hant" v="新光路二段"/>
    <tag k="name:nan-Latn-pehoeji" v="Sin-kong-lō͘ 2-tōaⁿ"/>
    <tag k="name:nan-Latn-tailo" v="Sin-kong-lōo 2-tuānn"/>
    <tag k="name:zh" v="新光路二段"/>
    <tag k="oneway" v="no"/>
    <tag k="ref" v="106乙"/>
    <tag k="ref:en" v="106B"/>
    <tag k="ref:zh" v="106乙"/>
    <tag k="surface" v="asphalt"/>
    <tag k="unsigned_ref" v="106乙"/>
  </way>
  <way id="311860254">
    <nd ref="320481095"/>
    <nd ref="7782559282"/>
    <nd ref="1489439693"/>
    <nd ref="4425697913"/>
    <nd ref="4425697912"/>
    <nd ref="4425697911"/>
    <nd ref="4425697910"/>
    <nd ref="320481083"/>
    <nd ref="4425697909"/>
    <nd ref="320481081"/>
    <nd ref="4425697908"/>
    <nd ref="4425697907"/>
    <nd ref="4436915492"/>
    <nd ref="320481074"/>
    <nd ref="4425697906"/>
    <nd ref="4425697905"/>
    <nd ref="320481072"/>
    <nd ref="4425697904"/>
    <nd ref="320481071"/>
    <nd ref="320481069"/>
    <nd ref="320481068"/>
    <nd ref="4425697903"/>
    <nd ref="4436914887"/>
    <nd ref="320481067"/>
    <nd ref="4425697902"/>
    <nd ref="4425697901"/>
    <nd ref="320481065"/>
    <nd ref="12843353044"/>
    <nd ref="4436943851"/>
    <nd ref="4425697900"/>
    <tag k="hgv" v="no"/>
    <tag k="highway" v="unclassified"/>
    <tag k="lanes" v="2"/>
    <tag k="lit" v="yes"/>
    <tag k="maxspeed" v="30"/>
    <tag k="name" v="研究院路三段"/>
    <tag k="name:en" v="Academia Road Section 3"/>
    <tag k="name:nan" v="Gián-kiú-iān-lō͘-3-tōaⁿ"/>
    <tag k="name:nan-Latn-pehoeji" v="Gián-kiú-iān-lō͘-3-tōaⁿ"/>
    <tag k="name:nan-Latn-tailo" v="Gián-kiú-iān-lō͘-3-tōaⁿ"/>
    <tag k="name:zh" v="研究院路三段"/>
    <tag k="name:zh-Hans" v="研究院路三段"/>
    <tag k="name:zh-Hant" v="研究院路三段"/>
    <tag k="surface" v="asphalt"/>
  </way>
  <way id="312175165">
    <nd ref="2667162686"/>
    <nd ref="320481807"/>
    <tag k="highway" v="secondary"/>
    <tag k="lit" v="yes"/>
    <tag k="name" v="北深路三段"/>
    <tag k="name:en" v="Section 3, Beishen Road"/>
    <tag k="name:nan" v="Pak-chhim-lō͘ 3-tōaⁿ"/>
    <tag k="name:nan-Hant" v="北深路三段"/>
    <tag k="name:nan-Latn-pehoeji" v="Pak-chhim-lō͘ 3-tōaⁿ"/>
    <tag k="name:nan-Latn-tailo" v="Pak-tshim-lōo 3-tuānn"/>
    <tag k="name:zh" v="北深路三段"/>
    <tag k="ref" v="106"/>
    <tag k="ref:en" v="106"/>
    <tag k="ref:nan" v="106"/>
    <tag k="ref:nan-Hant" v="106"/>
    <tag k="ref:nan-Latn-pehoeji" v="106"/>
    <tag k="ref:nan-Latn-tailo" v="106"/>
    <tag k="ref:zh" v="106"/>
    <tag k="surface" v="asphalt"/>
  </way>
  <way id="312175166">
    <nd ref="320481807"/>
    <nd ref="2316797846"/>
    <tag k="highway" v="secondary"/>
    <tag k="lit" v="yes"/>
    <tag k="name" v="北深路三段"/>
    <tag k="name:en" v="Section 3, Beishen Road"/>
    <tag k="name:nan" v="Pak-chhim-lō͘ 3-tōaⁿ"/>
    <tag k="name:nan-Hant" v="北深路三段"/>
    <tag k="name:nan-Latn-pehoeji" v="Pak-chhim-lō͘ 3-tōaⁿ"/>
    <tag k="name:nan-Latn-tailo" v="Pak-tshim-lōo 3-tuānn"/>
    <tag k="name:zh" v="北深路三段"/>
    <tag k="ref" v="106"/>
    <tag k="ref:en" v="106"/>
    <tag k="ref:nan" v="106"/>
    <tag k="ref:nan-Hant" v="106"/>
    <tag k="ref:nan-Latn-pehoeji" v="106"/>
    <tag k="ref:nan-Latn-tailo" v="106"/>
    <tag k="ref:zh" v="106"/>
    <tag k="surface" v="asphalt"/>
  </way>
  <way id="324755625">
    <nd ref="3314351581"/>
    <nd ref="11964900809"/>
    <tag k="highway" v="track"/>
    <tag k="surface" v="ground"/>
    <tag k="tracktype" v="grade4"/>
  </way>
  <way id="324755626">
    <nd ref="3314351581"/>
    <nd ref="4436883379"/>
    <nd ref="3314351585"/>
    <nd ref="3314351586"/>
    <nd ref="3314351587"/>
    <nd ref="3314351588"/>
    <nd ref="3314351607"/>
    <nd ref="4436883383"/>
    <nd ref="3314351589"/>
    <nd ref="3314351590"/>
    <nd ref="3314351591"/>
    <nd ref="3314351592"/>
    <nd ref="4436884194"/>
    <nd ref="13629401857"/>
    <nd ref="13629401856"/>
    <nd ref="3314351595"/>
    <nd ref="3314351596"/>
    <nd ref="4436884195"/>
    <nd ref="3314351597"/>
    <nd ref="3314351598"/>
    <nd ref="4436884190"/>
    <nd ref="3314351599"/>
    <nd ref="3314351600"/>
    <nd ref="3314351601"/>
    <nd ref="4436884192"/>
    <nd ref="4436884191"/>
    <nd ref="3314351602"/>
    <tag k="highway" v="service"/>
    <tag k="name" v="北深路三段93巷"/>
  </way>
  <way id="324755627">
    <nd ref="3314351607"/>
    <nd ref="4436883384"/>
    <nd ref="3314351608"/>
    <nd ref="3314351609"/>
    <nd ref="3314351610"/>
    <nd ref="4436883386"/>
    <nd ref="4436883388"/>
    <nd ref="4436884189"/>
    <nd ref="3314351602"/>
    <tag k="highway" v="service"/>
    <tag k="name" v="北深路三段107巷"/>
  </way>
  <way id="324755628">
    <nd ref="3314351611"/>
    <nd ref="3314351612"/>
    <nd ref="3314351613"/>
    <nd ref="5509162166"/>
    <nd ref="5509162165"/>
    <nd ref="3314351615"/>
    <tag k="highway" v="service"/>
    <tag k="name" v="北深路三段167巷"/>
    <tag k="name:en" v="Lane 167, Section 3, Beishen Road"/>
    <tag k="name:zh" v="北深路三段167巷"/>
    <tag k="name:zh-Hant" v="北深路三段167巷"/>
    <tag k="service" v="alley"/>
  </way>
  <way id="324755629">
    <nd ref="3314351616"/>
    <nd ref="11338674260"/>
    <nd ref="3536268749"/>
    <nd ref="3314351628"/>
    <nd ref="3536268747"/>
    <nd ref="3536268752"/>
    <nd ref="3314351620"/>
    <tag k="highway" v="residential"/>
    <tag k="name" v="北深路三段189巷"/>
    <tag k="name:en" v="Lane 189, Beishen Road Section 3"/>
    <tag k="name:nan" v="Pak-chhim-lō͘ 3-tōaⁿ 189-hāng"/>
    <tag k="name:nan-Hant" v="北深路三段189巷"/>
    <tag k="name:nan-Latn-pehoeji" v="Pak-chhim-lō͘ 3-tōaⁿ 189-hāng"/>
    <tag k="name:nan-Latn-tailo" v="Pak-tshim-lōo 3-tuānn 189-hāng"/>
    <tag k="name:zh" v="北深路三段189巷"/>
  </way>
  <way id="324755630">
    <nd ref="3314351622"/>
    <nd ref="3314351623"/>
    <nd ref="3536268745"/>
    <tag k="highway" v="residential"/>
    <tag k="name" v="北深路三段215巷"/>
    <tag k="name:en" v="Lane 215, Beishen Road Section 3"/>
    <tag k="name:nan" v="Pak-chhim-lō͘ 3-tōaⁿ 215-hāng"/>
    <tag k="name:nan-Hant" v="北深路三段215巷"/>
    <tag k="name:nan-Latn-pehoeji" v="Pak-chhim-lō͘ 3-tōaⁿ 215-hāng"/>
    <tag k="name:nan-Latn-tailo" v="Pak-tshim-lōo 3-tuānn 215-hāng"/>
    <tag k="name:zh" v="北深路三段215巷"/>
  </way>
  <way id="325343913">
    <nd ref="3320125104"/>
    <nd ref="4436852483"/>
    <nd ref="3320125102"/>
    <nd ref="3320125100"/>
    <nd ref="11338674213"/>
    <nd ref="11338674212"/>
    <nd ref="3320125090"/>
    <nd ref="4436852472"/>
    <nd ref="3320125092"/>
    <nd ref="4436852478"/>
    <nd ref="3320125096"/>
    <nd ref="3320125098"/>
    <nd ref="4436852484"/>
    <nd ref="3320125106"/>
    <nd ref="4436852487"/>
    <nd ref="4436853089"/>
    <nd ref="3320125118"/>
    <nd ref="4436853090"/>
    <nd ref="3320125125"/>
    <nd ref="4436853091"/>
    <nd ref="3320125126"/>
    <nd ref="3320125130"/>
    <nd ref="11338674207"/>
    <nd ref="4436853092"/>
    <nd ref="3320125133"/>
    <nd ref="3320125138"/>
    <nd ref="3320125140"/>
    <nd ref="4436853093"/>
    <nd ref="13484781946"/>
    <nd ref="13484781945"/>
    <nd ref="3320125144"/>
    <nd ref="4436853094"/>
    <nd ref="3320125145"/>
    <nd ref="3320125148"/>
    <nd ref="3320125150"/>
    <nd ref="3320125151"/>
    <nd ref="3320125153"/>
    <nd ref="4436853095"/>
    <nd ref="11338674194"/>
    <nd ref="3320125154"/>
    <nd ref="3320125261"/>
    <nd ref="3320125268"/>
    <nd ref="3320125275"/>
    <nd ref="11338674193"/>
    <nd ref="3320125281"/>
    <nd ref="3320125284"/>
    <nd ref="3320125296"/>
    <nd ref="3320125306"/>
    <nd ref="3320125313"/>
    <nd ref="3320125327"/>
    <nd ref="11338674192"/>
    <nd ref="11338674191"/>
    <nd ref="3320125339"/>
    <nd ref="3320125348"/>
    <nd ref="3320125358"/>
    <nd ref="3320125463"/>
    <nd ref="11338674190"/>
    <nd ref="3320125475"/>
    <nd ref="4427426069"/>
    <nd ref="3320125492"/>
    <nd ref="4427426070"/>
    <nd ref="3320125502"/>
    <nd ref="11338674183"/>
    <nd ref="3320125504"/>
    <nd ref="3320125505"/>
    <nd ref="4427426071"/>
    <nd ref="3320125510"/>
    <nd ref="3320125518"/>
    <nd ref="4436839390"/>
    <nd ref="3320125521"/>
    <nd ref="4436839391"/>
    <nd ref="3320125523"/>
    <nd ref="4436839392"/>
    <nd ref="3320125524"/>
    <nd ref="3320125520"/>
    <nd ref="4427426073"/>
    <nd ref="3320125515"/>
    <nd ref="4427426072"/>
    <nd ref="4457185421"/>
    <nd ref="4457185420"/>
    <nd ref="4457185419"/>
    <nd ref="4457185418"/>
    <nd ref="4457185412"/>
    <nd ref="4457185410"/>
    <nd ref="4457185414"/>
    <nd ref="4457185415"/>
    <nd ref="4457185407"/>
    <nd ref="4457185406"/>
    <nd ref="4457185416"/>
    <nd ref="4457185413"/>
    <nd ref="4457185409"/>
    <nd ref="4457185404"/>
    <nd ref="4457185401"/>
    <nd ref="4457185398"/>
    <nd ref="4457185399"/>
    <nd ref="11338674077"/>
    <nd ref="4457185411"/>
    <nd ref="4457185408"/>
    <nd ref="4457185405"/>
    <nd ref="4457185403"/>
    <nd ref="4457185402"/>
    <nd ref="4457185400"/>
    <nd ref="4457185397"/>
    <nd ref="4457185396"/>
    <nd ref="4457185395"/>
    <nd ref="4457185393"/>
    <nd ref="3320125467"/>
    <nd ref="4436869793"/>
    <nd ref="3320125462"/>
    <nd ref="4436869792"/>
    <nd ref="3320125353"/>
    <nd ref="5447377837"/>
    <nd ref="4436869785"/>
    <nd ref="3320125333"/>
    <nd ref="3320125332"/>
    <nd ref="4436869784"/>
    <nd ref="3320125334"/>
    <nd ref="3320125343"/>
    <nd ref="3320125347"/>
    <nd ref="4436869790"/>
    <nd ref="3320125344"/>
    <nd ref="4436869789"/>
    <nd ref="3320125340"/>
    <nd ref="3320125326"/>
    <nd ref="4436869780"/>
    <nd ref="3320125317"/>
    <nd ref="3320125318"/>
    <nd ref="3320125320"/>
    <nd ref="3320125324"/>
    <nd ref="4436869782"/>
    <nd ref="4436869783"/>
    <nd ref="3320125331"/>
    <nd ref="3320125337"/>
    <nd ref="4436869787"/>
    <nd ref="3320125351"/>
    <nd ref="4436869791"/>
    <nd ref="3320125355"/>
    <nd ref="5447377831"/>
    <nd ref="3320125346"/>
    <nd ref="11874299224"/>
    <tag k="highway" v="unclassified"/>
    <tag k="name" v="萬福路"/>
  </way>
  <way id="325343928">
    <nd ref="3320125067"/>
    <nd ref="4436852463"/>
    <nd ref="3320125063"/>
    <nd ref="4436852460"/>
    <nd ref="4436852458"/>
    <nd ref="3320099055"/>
    <nd ref="3320099050"/>
    <nd ref="4436852450"/>
    <nd ref="3320099048"/>
    <nd ref="13484779873"/>
    <nd ref="13484779871"/>
    <nd ref="13484779872"/>
    <nd ref="3320099047"/>
    <nd ref="13484779870"/>
    <nd ref="3320099041"/>
    <nd ref="4436852443"/>
    <nd ref="13484779887"/>
    <nd ref="3320099035"/>
    <nd ref="4436852441"/>
    <nd ref="3320099033"/>
    <nd ref="4436852442"/>
    <nd ref="3320099040"/>
    <nd ref="4436852445"/>
    <nd ref="3320099045"/>
    <nd ref="3320099046"/>
    <nd ref="3320099049"/>
    <nd ref="4436852453"/>
    <nd ref="4436852457"/>
    <nd ref="4436852459"/>
    <nd ref="4436852461"/>
    <nd ref="3320125064"/>
    <nd ref="3320125068"/>
    <nd ref="3320125072"/>
    <nd ref="3320125085"/>
    <nd ref="3320125086"/>
    <nd ref="11338674474"/>
    <nd ref="3320125087"/>
    <nd ref="4457181680"/>
    <nd ref="4457181678"/>
    <nd ref="4457181679"/>
    <nd ref="4457181677"/>
    <nd ref="4457181674"/>
    <nd ref="4457181675"/>
    <nd ref="4457181676"/>
    <nd ref="3320125078"/>
    <nd ref="3320125074"/>
    <nd ref="4457181673"/>
    <nd ref="3320125075"/>
    <nd ref="3320125073"/>
    <nd ref="13686736441"/>
    <nd ref="3320125070"/>
    <nd ref="11338674473"/>
    <nd ref="3320125062"/>
    <nd ref="3536269226"/>
    <nd ref="3320099059"/>
    <nd ref="3320099060"/>
    <nd ref="3320099054"/>
    <nd ref="13686736432"/>
    <tag k="highway" v="unclassified"/>
    <tag k="name" v="萬福路16巷"/>
  </way>
  <way id="347278708">
    <nd ref="3314351581"/>
    <nd ref="3314351582"/>
    <nd ref="3314351583"/>
    <nd ref="3534582571"/>
    <nd ref="3534582569"/>
    <nd ref="3534582570"/>
    <nd ref="3314351584"/>
    <nd ref="3534582556"/>
    <nd ref="3534582568"/>
    <nd ref="3534582557"/>
    <nd ref="3534582565"/>
    <nd ref="3534582566"/>
    <nd ref="3534582558"/>
    <nd ref="3534582567"/>
    <nd ref="3534582564"/>
    <nd ref="3534582559"/>
    <nd ref="4436884197"/>
    <nd ref="3534582560"/>
    <nd ref="3534582561"/>
    <nd ref="3534582562"/>
    <nd ref="3534582563"/>
    <tag k="highway" v="service"/>
    <tag k="name" v="北深路三段93巷"/>
  </way>
  <way id="347278712">
    <nd ref="3314351602"/>
    <nd ref="4436884199"/>
    <nd ref="4436884200"/>
    <nd ref="3314351604"/>
    <nd ref="4436884203"/>
    <nd ref="4436884204"/>
    <nd ref="3314351605"/>
    <nd ref="3314351606"/>
    <tag k="highway" v="service"/>
    <tag k="name" v="北深路三段107巷"/>
  </way>
  <way id="347278715">
    <nd ref="4436884202"/>
    <nd ref="3536268740"/>
    <nd ref="3536268739"/>
    <nd ref="3536268738"/>
    <tag k="highway" v="service"/>
    <tag k="name" v="北深路三段118巷"/>
  </way>
  <way id="347278719">
    <nd ref="3536268746"/>
    <nd ref="3536268747"/>
    <tag k="highway" v="residential"/>
    <tag k="name" v="北深路三段189巷8弄"/>
  </way>
  <way id="347278722">
    <nd ref="3536268748"/>
    <nd ref="3536268749"/>
    <tag k="highway" v="service"/>
    <tag k="name" v="北深路三段189巷1弄"/>
    <tag k="service" v="alley"/>
  </way>
  <way id="347278725">
    <nd ref="3536268750"/>
    <nd ref="3536268747"/>
    <tag k="highway" v="service"/>
    <tag k="name" v="北深路三段189巷7弄"/>
    <tag k="service" v="alley"/>
  </way>
  <way id="347278727">
    <nd ref="3536268751"/>
    <nd ref="3536268752"/>
    <tag k="highway" v="service"/>
    <tag k="name" v="北深路三段189巷9弄"/>
    <tag k="service" v="alley"/>
  </way>
  <way id="347278730">
    <nd ref="3536268745"/>
    <nd ref="3314351624"/>
    <nd ref="3314351625"/>
    <nd ref="3314351628"/>
    <tag k="highway" v="residential"/>
    <tag k="name" v="北深路三段189巷6弄"/>
  </way>
  <way id="347278732">
    <nd ref="3314351620"/>
    <nd ref="3314351621"/>
    <tag k="highway" v="residential"/>
    <tag k="name" v="北深路三段189巷10弄"/>
  </way>
  <way id="347278733">
    <nd ref="3536268763"/>
    <nd ref="3536268762"/>
    <nd ref="4453670493"/>
    <nd ref="11690615131"/>
    <nd ref="3536268761"/>
    <nd ref="5509162190"/>
    <nd ref="3536268770"/>
    <nd ref="11690615106"/>
    <nd ref="3536268764"/>
    <nd ref="3536268773"/>
    <nd ref="3536268760"/>
    <nd ref="3536268766"/>
    <nd ref="3536268768"/>
    <nd ref="3536268758"/>
    <nd ref="3536268757"/>
    <nd ref="13347004414"/>
    <nd ref="3536268756"/>
    <nd ref="11690597296"/>
    <nd ref="11690597297"/>
    <nd ref="3536268755"/>
    <nd ref="11690597295"/>
    <nd ref="11690597298"/>
    <nd ref="3536268754"/>
    <nd ref="3536268753"/>
    <tag k="alt_name" v="大坑外股產業道路"/>
    <tag k="highway" v="residential"/>
    <tag k="name" v="北深路三段158巷"/>
    <tag k="name:en" v="Lane 158, Section 3, Beishen Road"/>
    <tag k="name:zh" v="北深路三段158巷"/>
    <tag k="name:zh-Hant" v="北深路三段158巷"/>
  </way>
  <way id="347278735">
    <nd ref="3536268764"/>
    <nd ref="3536268765"/>
    <nd ref="3314351616"/>
    <tag k="highway" v="service"/>
    <tag k="name" v="北深路三段206巷"/>
    <tag k="service" v="alley"/>
  </way>
  <way id="347278736">
    <nd ref="3536268766"/>
    <nd ref="3536268767"/>
    <nd ref="3536268765"/>
    <tag k="highway" v="service"/>
    <tag k="name" v="北深路三段206巷1弄"/>
    <tag k="service" v="alley"/>
  </way>
  <way id="347278738">
    <nd ref="3536268770"/>
    <nd ref="3536268771"/>
    <nd ref="3536268772"/>
    <tag k="highway" v="service"/>
    <tag k="name" v="北深路三段192弄"/>
    <tag k="service" v="alley"/>
  </way>
  <way id="347278739">
    <nd ref="3536268773"/>
    <nd ref="3536268774"/>
    <tag k="highway" v="service"/>
    <tag k="name" v="北深路三段158巷32弄"/>
    <tag k="service" v="alley"/>
  </way>
  <way id="347278743">
    <nd ref="3536269210"/>
    <nd ref="4255867156"/>
    <nd ref="3536269209"/>
    <nd ref="3536269208"/>
    <nd ref="4436852470"/>
    <nd ref="3536269207"/>
    <nd ref="4436852474"/>
    <nd ref="3536269206"/>
    <nd ref="4436852479"/>
    <nd ref="4436852480"/>
    <nd ref="4436852481"/>
    <nd ref="3536269205"/>
    <nd ref="4436852482"/>
    <nd ref="3536269204"/>
    <nd ref="3536269203"/>
    <tag k="highway" v="residential"/>
    <tag k="name" v="萬福路75巷"/>
  </way>
  <way id="405980646">
    <nd ref="1489439682"/>
    <nd ref="1489439205"/>
    <nd ref="1489439725"/>
    <nd ref="1489439402"/>
    <nd ref="1489439304"/>
    <nd ref="1489439705"/>
    <nd ref="1489439613"/>
    <nd ref="1489439296"/>
    <nd ref="1489439197"/>
    <nd ref="1489439355"/>
    <nd ref="1489439256"/>
    <nd ref="1489439518"/>
    <nd ref="1489439438"/>
    <nd ref="1489439318"/>
    <nd ref="1489439215"/>
    <nd ref="1489439489"/>
    <nd ref="1489439410"/>
    <nd ref="1489439534"/>
    <nd ref="1489439672"/>
    <nd ref="1489439594"/>
    <nd ref="1489439343"/>
    <nd ref="1489439451"/>
    <nd ref="1489439737"/>
    <nd ref="1489439628"/>
    <nd ref="1489439446"/>
    <nd ref="1489439362"/>
    <nd ref="1489439620"/>
    <nd ref="10221647963"/>
    <tag k="highway" v="service"/>
  </way>
  <way id="422128609">
    <nd ref="4218556039"/>
    <nd ref="4218556040"/>
    <nd ref="4218556041"/>
    <nd ref="9595434112"/>
    <nd ref="4218556042"/>
    <nd ref="4218556043"/>
    <nd ref="4218556044"/>
    <nd ref="4218556045"/>
    <nd ref="4218556046"/>
    <nd ref="4218556047"/>
    <nd ref="4218556048"/>
    <nd ref="4218556049"/>
    <nd ref="4218556050"/>
    <nd ref="4218556051"/>
    <nd ref="4218556052"/>
    <nd ref="4218556053"/>
    <nd ref="4218556054"/>
    <nd ref="4218556055"/>
    <nd ref="4218556056"/>
    <nd ref="4218556057"/>
    <nd ref="4218556058"/>
    <nd ref="4218556059"/>
    <nd ref="4218556060"/>
    <nd ref="4218556061"/>
    <nd ref="4218556062"/>
    <nd ref="4218556063"/>
    <nd ref="4218556064"/>
    <nd ref="4218556065"/>
    <nd ref="4218556066"/>
    <nd ref="4218556067"/>
    <nd ref="4218556068"/>
    <nd ref="4218556069"/>
    <nd ref="4218556070"/>
    <nd ref="4218556071"/>
    <nd ref="4218556072"/>
    <nd ref="4218556073"/>
    <nd ref="4218556074"/>
    <nd ref="4218556075"/>
    <nd ref="4218556076"/>
    <nd ref="13538880556"/>
    <nd ref="4218556077"/>
    <nd ref="4218556078"/>
    <nd ref="4218556079"/>
    <nd ref="4218556080"/>
    <nd ref="4218556081"/>
    <nd ref="4218556082"/>
    <nd ref="13538880555"/>
    <nd ref="13538880554"/>
    <nd ref="13538880553"/>
    <nd ref="13538880552"/>
    <nd ref="13538880551"/>
    <nd ref="13538880550"/>
    <nd ref="13538880549"/>
    <nd ref="13538880356"/>
    <nd ref="13538880355"/>
    <nd ref="13538880354"/>
    <nd ref="13538880353"/>
    <nd ref="13538880351"/>
    <nd ref="13538880342"/>
    <nd ref="13538880341"/>
    <nd ref="13538880340"/>
    <nd ref="13538880310"/>
    <tag k="highway" v="track"/>
    <tag k="name" v="研究院路四段50巷"/>
    <tag k="surface" v="concrete"/>
    <tag k="tracktype" v="grade1"/>
  </way>
  <way id="487361926">
    <nd ref="2316815792"/>
    <nd ref="5051446206"/>
    <nd ref="5051446207"/>
    <nd ref="4798314324"/>
    <nd ref="11738717134"/>
    <nd ref="11738717133"/>
    <tag k="highway" v="service"/>
  </way>
  <way id="487361927">
    <nd ref="2641719143"/>
    <nd ref="5052027638"/>
    <nd ref="5052027648"/>
    <nd ref="5052027641"/>
    <nd ref="11690597308"/>
    <nd ref="4798314327"/>
    <nd ref="11690597309"/>
    <nd ref="11690597310"/>
    <nd ref="5051446134"/>
    <nd ref="5051446130"/>
    <nd ref="4798314326"/>
    <nd ref="4798314540"/>
    <tag k="highway" v="service"/>
  </way>
  <way id="489856301">
    <nd ref="2316815792"/>
    <nd ref="4436884217"/>
    <nd ref="2641719150"/>
    <nd ref="4436884218"/>
    <nd ref="2641719149"/>
    <nd ref="4436884219"/>
    <nd ref="2641719148"/>
    <nd ref="2641719147"/>
    <nd ref="5960995175"/>
    <nd ref="2641719146"/>
    <nd ref="2641719145"/>
    <nd ref="5052027647"/>
    <nd ref="4436884224"/>
    <nd ref="5052027644"/>
    <nd ref="2641719143"/>
    <nd ref="5052027695"/>
    <nd ref="5051446185"/>
    <nd ref="13686736450"/>
    <nd ref="4798314322"/>
    <nd ref="4798314321"/>
    <nd ref="13686736419"/>
    <nd ref="4798313219"/>
    <nd ref="4798313218"/>
    <nd ref="12073864279"/>
    <nd ref="5052027704"/>
    <nd ref="5052027706"/>
    <nd ref="4820634484"/>
    <tag k="highway" v="service"/>
  </way>
  <way id="489856307">
    <nd ref="5051446127"/>
    <nd ref="4820634484"/>
    <tag k="highway" v="service"/>
  </way>
  <way id="494890800">
    <nd ref="4866659813"/>
    <nd ref="4866659781"/>
    <tag k="highway" v="service"/>
  </way>
  <way id="494890801">
    <nd ref="4866659819"/>
    <nd ref="4866659782"/>
    <nd ref="13530108740"/>
    <nd ref="13530108739"/>
    <nd ref="13530108741"/>
    <nd ref="13530108742"/>
    <nd ref="13530108743"/>
    <nd ref="4866659783"/>
    <nd ref="13530108738"/>
    <nd ref="13530108737"/>
    <nd ref="13530108736"/>
    <nd ref="4866659784"/>
    <nd ref="4866659785"/>
    <nd ref="13530108735"/>
    <nd ref="13530108734"/>
    <nd ref="4866659786"/>
    <nd ref="13530108733"/>
    <nd ref="4866659787"/>
    <nd ref="13530108732"/>
    <nd ref="13530108731"/>
    <nd ref="13530108730"/>
    <nd ref="13530108728"/>
    <nd ref="13530108729"/>
    <nd ref="4866659788"/>
    <tag k="highway" v="service"/>
  </way>
  <way id="494890803">
    <nd ref="1489439537"/>
    <nd ref="4866659842"/>
    <nd ref="4866659841"/>
    <tag k="highway" v="service"/>
    <tag k="service" v="alley"/>
  </way>
  <way id="495862924">
    <nd ref="4875930632"/>
    <nd ref="4875927917"/>
    <tag k="highway" v="service"/>
    <tag k="service" v="alley"/>
  </way>
  <way id="495862925">
    <nd ref="4457178505"/>
    <nd ref="4875930634"/>
    <nd ref="12843353198"/>
    <nd ref="12843353196"/>
    <nd ref="12843353197"/>
    <nd ref="12843353195"/>
    <nd ref="4875930633"/>
    <nd ref="4875930632"/>
    <nd ref="12843353194"/>
    <nd ref="4875930631"/>
    <nd ref="12843353193"/>
    <nd ref="4875930630"/>
    <nd ref="12843353192"/>
    <nd ref="12843353191"/>
    <nd ref="4875930629"/>
    <nd ref="12843353189"/>
    <nd ref="12843353190"/>
    <nd ref="4875930628"/>
    <nd ref="12843353183"/>
    <nd ref="12843353184"/>
    <nd ref="12843353182"/>
    <nd ref="12843353181"/>
    <nd ref="12843353180"/>
    <nd ref="12843353179"/>
    <nd ref="4875930627"/>
    <nd ref="12843353188"/>
    <nd ref="12843353187"/>
    <nd ref="12843353186"/>
    <nd ref="12843353185"/>
    <nd ref="4875930626"/>
    <nd ref="4875930625"/>
    <nd ref="4875930624"/>
    <nd ref="4875930623"/>
    <nd ref="4875930622"/>
    <nd ref="12843353178"/>
    <nd ref="12843353177"/>
    <nd ref="12843353176"/>
    <nd ref="4875930621"/>
    <nd ref="12843353175"/>
    <nd ref="12843353173"/>
    <nd ref="12843353174"/>
    <nd ref="4875927920"/>
    <nd ref="12843353172"/>
    <nd ref="4875927919"/>
    <nd ref="12843353171"/>
    <nd ref="12843353170"/>
    <nd ref="12843353169"/>
    <nd ref="12843353168"/>
    <nd ref="4875927918"/>
    <tag k="highway" v="service"/>
    <tag k="name" v="研究院路四段21巷"/>
    <tag k="service" v="alley"/>
    <tag k="surface" v="asphalt"/>
  </way>
  <way id="495862926">
    <nd ref="4457178515"/>
    <nd ref="4875930636"/>
    <nd ref="4875930637"/>
    <nd ref="4875930638"/>
    <nd ref="4875930639"/>
    <nd ref="12843353212"/>
    <nd ref="12843353211"/>
    <nd ref="4875930640"/>
    <nd ref="12843353210"/>
    <nd ref="4875930641"/>
    <nd ref="12843353209"/>
    <nd ref="12843353204"/>
    <nd ref="12843353208"/>
    <nd ref="12843353207"/>
    <nd ref="12843353206"/>
    <nd ref="12843353205"/>
    <tag k="highway" v="service"/>
    <tag k="name" v="研究院路四段21巷"/>
    <tag k="service" v="alley"/>
  </way>
  <way id="498171405">
    <nd ref="4896488637"/>
    <nd ref="4896488638"/>
    <nd ref="4896488639"/>
    <nd ref="4896488640"/>
    <nd ref="4896488641"/>
    <nd ref="4896488642"/>
    <nd ref="4896488643"/>
    <nd ref="3314351595"/>
    <tag k="highway" v="cycleway"/>
  </way>
  <way id="517763170">
    <nd ref="4798313214"/>
    <nd ref="5052027696"/>
    <nd ref="5052027637"/>
    <tag k="highway" v="service"/>
  </way>
  <way id="517763171">
    <nd ref="4798313214"/>
    <nd ref="5052027639"/>
    <nd ref="5052027658"/>
    <nd ref="5052027638"/>
    <tag k="highway" v="service"/>
  </way>
  <way id="517763173">
    <nd ref="5052027640"/>
    <nd ref="5052027641"/>
    <tag k="highway" v="service"/>
  </way>
  <way id="517763174">
    <nd ref="4798313213"/>
    <nd ref="5052027646"/>
    <nd ref="5052027693"/>
    <nd ref="5052027642"/>
    <nd ref="5052027643"/>
    <nd ref="5052027645"/>
    <nd ref="5052027665"/>
    <nd ref="5052027644"/>
    <tag k="highway" v="service"/>
  </way>
  <way id="517763175">
    <nd ref="5052027645"/>
    <nd ref="5052027646"/>
    <tag k="highway" v="service"/>
  </way>
  <way id="517763176">
    <nd ref="5052027647"/>
    <nd ref="5052027664"/>
    <nd ref="4820634514"/>
    <tag k="highway" v="service"/>
  </way>
  <way id="517763177">
    <nd ref="5052027648"/>
    <nd ref="5052027649"/>
    <nd ref="5052027650"/>
    <nd ref="5052027651"/>
    <nd ref="5052027652"/>
    <nd ref="5052027653"/>
    <nd ref="5052027717"/>
    <tag k="highway" v="service"/>
  </way>
  <way id="517763219">
    <nd ref="5051446130"/>
    <nd ref="5052027719"/>
    <tag k="highway" v="service"/>
  </way>
  <way id="545821197">
    <nd ref="1502690924"/>
    <nd ref="8011301513"/>
    <nd ref="5275050437"/>
    <nd ref="5275050436"/>
    <nd ref="5275050435"/>
    <nd ref="5275050433"/>
    <nd ref="5275050432"/>
    <nd ref="5275050431"/>
    <nd ref="5275050430"/>
    <nd ref="5275050429"/>
    <nd ref="5275050428"/>
    <nd ref="8011301512"/>
    <nd ref="5275050427"/>
    <nd ref="5275050426"/>
    <nd ref="5275050425"/>
    <nd ref="5275050424"/>
    <nd ref="5275050423"/>
    <nd ref="8011301511"/>
    <nd ref="5275050422"/>
    <nd ref="5275050421"/>
    <nd ref="5275050420"/>
    <nd ref="5275050419"/>
    <nd ref="5275050418"/>
    <nd ref="8011301510"/>
    <nd ref="5275050417"/>
    <nd ref="5275050416"/>
    <nd ref="5275050415"/>
    <nd ref="5275050414"/>
    <tag k="highway" v="track"/>
  </way>
  <way id="545821198">
    <nd ref="5275050414"/>
    <nd ref="5275050439"/>
    <nd ref="5275050440"/>
    <nd ref="8011301509"/>
    <nd ref="5275050441"/>
    <nd ref="5275050444"/>
    <nd ref="5275050445"/>
    <tag k="highway" v="track"/>
  </way>
  <way id="545824761">
    <nd ref="5275080829"/>
    <nd ref="5275080821"/>
    <nd ref="5275080822"/>
    <nd ref="5275080823"/>
    <nd ref="5275080824"/>
    <nd ref="5275080825"/>
    <nd ref="8011301494"/>
    <nd ref="5275080826"/>
    <nd ref="5275080827"/>
    <nd ref="5275080828"/>
    <tag k="highway" v="service"/>
  </way>
  <way id="565650800">
    <nd ref="4436884194"/>
    <nd ref="5447226446"/>
    <tag k="highway" v="cycleway"/>
  </way>
  <way id="565675983">
    <nd ref="4436852461"/>
    <nd ref="11338674478"/>
    <nd ref="11338674477"/>
    <nd ref="5447377804"/>
    <tag k="highway" v="service"/>
    <tag k="service" v="alley"/>
    <tag k="surface" v="asphalt"/>
  </way>
  <way id="565675991">
    <nd ref="3320125502"/>
    <nd ref="5447377839"/>
    <nd ref="5447377838"/>
    <nd ref="11338674182"/>
    <nd ref="11338674181"/>
    <nd ref="11338674180"/>
    <nd ref="11338674179"/>
    <nd ref="11338674178"/>
    <tag k="highway" v="service"/>
  </way>
  <way id="573704119">
    <nd ref="5509162168"/>
    <nd ref="11964900810"/>
    <nd ref="5509162170"/>
    <nd ref="5509162169"/>
    <tag k="highway" v="service"/>
    <tag k="name" v="北深路三段155巷"/>
    <tag k="name:en" v="Lane 155, Section 3, Beishen Road"/>
    <tag k="name:zh" v="北深路三段155巷"/>
    <tag k="name:zh-Hant" v="北深路三段155巷"/>
    <tag k="parking:lane:both" v="no_stopping"/>
    <tag k="service" v="alley"/>
    <tag k="sidewalk" v="both"/>
  </way>
  <way id="573704120">
    <nd ref="5509162169"/>
    <nd ref="5509162171"/>
    <tag k="highway" v="cycleway"/>
  </way>
  <way id="687802658">
    <nd ref="9967243335"/>
    <nd ref="3380606104"/>
    <nd ref="13629335114"/>
    <nd ref="4436884226"/>
    <nd ref="3536268779"/>
    <nd ref="13347004408"/>
    <nd ref="3314351622"/>
    <nd ref="3314351616"/>
    <nd ref="3536268772"/>
    <nd ref="3314351611"/>
    <nd ref="5509162182"/>
    <nd ref="661185250"/>
    <nd ref="5509162168"/>
    <nd ref="2616899385"/>
    <nd ref="3536268763"/>
    <nd ref="11338674257"/>
    <nd ref="2316815790"/>
    <nd ref="3536268742"/>
    <nd ref="661185254"/>
    <nd ref="765555021"/>
    <nd ref="3314351606"/>
    <nd ref="661185255"/>
    <nd ref="310079435"/>
    <nd ref="3534582563"/>
    <nd ref="2316838375"/>
    <nd ref="4436884202"/>
    <nd ref="9939318039"/>
    <nd ref="2316838373"/>
    <nd ref="2316797846"/>
    <tag k="highway" v="secondary"/>
    <tag k="lit" v="yes"/>
    <tag k="name" v="北深路三段"/>
    <tag k="name:en" v="Beishen Road Section 3"/>
    <tag k="name:nan" v="Pak-chhim-lō͘ 3-tōaⁿ"/>
    <tag k="name:nan-Hant" v="北深路三段"/>
    <tag k="name:nan-Latn-pehoeji" v="Pak-chhim-lō͘ 3-tōaⁿ"/>
    <tag k="name:nan-Latn-tailo" v="Pak-tshim-lōo 3-tuānn"/>
    <tag k="name:zh" v="北深路三段"/>
    <tag k="oneway" v="no"/>
    <tag k="ref" v="106"/>
    <tag k="ref:en" v="106"/>
    <tag k="ref:nan" v="106"/>
    <tag k="ref:nan-Hant" v="106"/>
    <tag k="ref:nan-Latn-pehoeji" v="106"/>
    <tag k="ref:nan-Latn-tailo" v="106"/>
    <tag k="ref:zh" v="106"/>
    <tag k="surface" v="asphalt"/>
  </way>
  <way id="755869889">
    <nd ref="4218556053"/>
    <nd ref="7059810434"/>
    <nd ref="7059810433"/>
    <nd ref="7059810432"/>
    <nd ref="7059810431"/>
    <nd ref="7059810430"/>
    <nd ref="7059810429"/>
    <nd ref="7059810428"/>
    <nd ref="7059810427"/>
    <nd ref="7059810426"/>
    <nd ref="7059810425"/>
    <nd ref="7059810424"/>
    <nd ref="7059810423"/>
    <nd ref="7059810422"/>
    <nd ref="7059810421"/>
    <nd ref="7059810420"/>
    <nd ref="7059810419"/>
    <nd ref="7059810418"/>
    <nd ref="7059810417"/>
    <nd ref="7059810416"/>
    <nd ref="7059810415"/>
    <nd ref="7059810414"/>
    <nd ref="7059810413"/>
    <nd ref="7059810412"/>
    <nd ref="7059810411"/>
    <nd ref="7059810410"/>
    <nd ref="7059810409"/>
    <nd ref="7059810408"/>
    <nd ref="7059810407"/>
    <nd ref="7059810406"/>
    <nd ref="7059810405"/>
    <nd ref="7059810404"/>
    <nd ref="7059810403"/>
    <nd ref="7059810402"/>
    <nd ref="3353918501"/>
    <tag k="highway" v="track"/>
  </way>
  <way id="843182245">
    <nd ref="3937256250"/>
    <nd ref="3937256249"/>
    <nd ref="7865616288"/>
    <nd ref="7865616289"/>
    <nd ref="7865616290"/>
    <nd ref="7865616291"/>
    <nd ref="7865616292"/>
    <nd ref="7865616293"/>
    <nd ref="3937256248"/>
    <nd ref="3937256247"/>
    <nd ref="4875927896"/>
    <nd ref="7865616287"/>
    <nd ref="7865616286"/>
    <nd ref="3937256246"/>
    <nd ref="7865616285"/>
    <nd ref="7865591484"/>
    <nd ref="7865591483"/>
    <nd ref="3937256245"/>
    <nd ref="7865616294"/>
    <nd ref="3937256244"/>
    <nd ref="3937256243"/>
    <nd ref="3937256242"/>
    <nd ref="3937256241"/>
    <nd ref="3937256240"/>
    <nd ref="3937256239"/>
    <nd ref="3937256238"/>
    <nd ref="3937256237"/>
    <nd ref="3937256236"/>
    <nd ref="3937256235"/>
    <nd ref="3937256234"/>
    <nd ref="3937256233"/>
    <nd ref="3937256232"/>
    <nd ref="3937256231"/>
    <nd ref="3937256230"/>
    <nd ref="3937256229"/>
    <nd ref="3937256228"/>
    <nd ref="3937256227"/>
    <nd ref="4875927916"/>
    <nd ref="3937256226"/>
    <nd ref="3937256225"/>
    <nd ref="3937256224"/>
    <nd ref="3937256223"/>
    <nd ref="3937256222"/>
    <nd ref="9595183733"/>
    <nd ref="9595183732"/>
    <nd ref="9595183731"/>
    <nd ref="9595183730"/>
    <nd ref="9595183729"/>
    <nd ref="9595183728"/>
    <nd ref="4866659839"/>
    <nd ref="9595183727"/>
    <nd ref="4866659838"/>
    <nd ref="4866659837"/>
    <nd ref="9595183726"/>
    <nd ref="9595183725"/>
    <nd ref="4866659836"/>
    <nd ref="9595183724"/>
    <nd ref="9595183723"/>
    <nd ref="4866659835"/>
    <nd ref="4875927895"/>
    <nd ref="9595183722"/>
    <nd ref="4866659834"/>
    <nd ref="9595183721"/>
    <nd ref="4866659833"/>
    <nd ref="9595183720"/>
    <nd ref="9595183719"/>
    <nd ref="9595183718"/>
    <nd ref="4866659832"/>
    <nd ref="9595183717"/>
    <nd ref="4866659831"/>
    <nd ref="4866659830"/>
    <nd ref="4866659829"/>
    <nd ref="4866659828"/>
    <nd ref="4866659827"/>
    <nd ref="4866659826"/>
    <nd ref="4866659825"/>
    <nd ref="4866659824"/>
    <nd ref="4866659823"/>
    <nd ref="4866659822"/>
    <nd ref="13247137173"/>
    <nd ref="4866659821"/>
    <nd ref="13530108744"/>
    <nd ref="4866659820"/>
    <nd ref="4866659819"/>
    <nd ref="4866659818"/>
    <nd ref="4866659817"/>
    <nd ref="4866659816"/>
    <nd ref="4866659815"/>
    <nd ref="4866659814"/>
    <nd ref="4866659813"/>
    <nd ref="4866659812"/>
    <nd ref="13530132297"/>
    <nd ref="13530132296"/>
    <nd ref="4866659811"/>
    <nd ref="4866659810"/>
    <nd ref="13247130623"/>
    <nd ref="4866659809"/>
    <nd ref="13530132295"/>
    <nd ref="4866659808"/>
    <nd ref="4866659807"/>
    <nd ref="4866659806"/>
    <nd ref="4866659805"/>
    <nd ref="4866659804"/>
    <nd ref="4866659803"/>
    <nd ref="13530132149"/>
    <nd ref="4866659802"/>
    <nd ref="13530132148"/>
    <nd ref="13530132147"/>
    <nd ref="13530132145"/>
    <nd ref="13530132146"/>
    <nd ref="4866659801"/>
    <nd ref="4866659800"/>
    <nd ref="4866659799"/>
    <nd ref="13530132205"/>
    <nd ref="4866659798"/>
    <nd ref="13530132204"/>
    <nd ref="13247131682"/>
    <nd ref="4866659797"/>
    <nd ref="4866659796"/>
    <nd ref="4866659795"/>
    <nd ref="4866659794"/>
    <nd ref="9595434185"/>
    <nd ref="4866659793"/>
    <nd ref="7865591478"/>
    <nd ref="7865591479"/>
    <nd ref="4866659792"/>
    <nd ref="4866659791"/>
    <nd ref="7865591481"/>
    <nd ref="7865591482"/>
    <nd ref="7865591480"/>
    <nd ref="4866659790"/>
    <nd ref="4866659789"/>
    <tag k="alt_name" v="四分里產業道路"/>
    <tag k="highway" v="service"/>
    <tag k="name" v="研究院路三段161巷"/>
    <tag k="ref" v="四分里"/>
  </way>
  <way id="916906295">
    <nd ref="6448045281"/>
    <nd ref="3320099006"/>
    <nd ref="3320099009"/>
    <nd ref="5033755056"/>
    <nd ref="3320099012"/>
    <nd ref="4436852433"/>
    <nd ref="3320099014"/>
    <nd ref="4436852435"/>
    <nd ref="3320099017"/>
    <nd ref="3320099015"/>
    <nd ref="3320099018"/>
    <nd ref="3320099019"/>
    <nd ref="4436852437"/>
    <nd ref="3320099016"/>
    <nd ref="4436852438"/>
    <nd ref="3320099026"/>
    <nd ref="3536268753"/>
    <nd ref="3536268785"/>
    <nd ref="3320099029"/>
    <nd ref="4436852440"/>
    <nd ref="3320099037"/>
    <nd ref="4436852444"/>
    <nd ref="3320099043"/>
    <tag k="highway" v="residential"/>
    <tag k="name" v="萬福路"/>
  </way>
  <way id="916906296">
    <nd ref="3320099043"/>
    <nd ref="4436852449"/>
    <tag k="bridge" v="yes"/>
    <tag k="bridge:name" v="外股橋"/>
    <tag k="highway" v="unclassified"/>
    <tag k="layer" v="1"/>
    <tag k="name" v="萬福路"/>
    <tag k="start_date" v="2004-08"/>
  </way>
  <way id="942197535">
    <nd ref="5275050460"/>
    <nd ref="5275050459"/>
    <nd ref="5275050458"/>
    <nd ref="5275050456"/>
    <nd ref="8011301501"/>
    <nd ref="5275050454"/>
    <nd ref="5275050453"/>
    <nd ref="5275050452"/>
    <nd ref="5275050451"/>
    <nd ref="11461449512"/>
    <tag k="highway" v="track"/>
  </way>
  <way id="942197536">
    <nd ref="8724944622"/>
    <nd ref="10679766511"/>
    <nd ref="10679766510"/>
    <nd ref="10679766509"/>
    <nd ref="10679766508"/>
    <nd ref="10679766507"/>
    <tag k="highway" v="track"/>
  </way>
  <way id="1042383213">
    <nd ref="4436943849"/>
    <nd ref="9595434255"/>
    <nd ref="12139768394"/>
    <nd ref="9595434254"/>
    <nd ref="9595434253"/>
    <nd ref="9595434252"/>
    <nd ref="12139768393"/>
    <nd ref="9595434251"/>
    <nd ref="9595434250"/>
    <nd ref="9595434249"/>
    <nd ref="9595434248"/>
    <nd ref="9595434247"/>
    <nd ref="9595434246"/>
    <tag k="highway" v="service"/>
    <tag k="lit" v="yes"/>
    <tag k="name" v="研究院路三段281巷"/>
  </way>
  <way id="1147803140">
    <nd ref="8724944620"/>
    <nd ref="8724944622"/>
    <tag k="bridge" v="yes"/>
    <tag k="highway" v="track"/>
    <tag k="layer" v="1"/>
    <tag k="name" v="舜若多橋"/>
    <tag k="name:etymology:wikipedia" v="Q546054"/>
    <tag k="name:zh" v="舜若多橋"/>
    <tag k="name:zh-Hans" v="舜若多桥"/>
    <tag k="name:zh-Hant" v="舜若多橋"/>
  </way>
  <way id="1147803141">
    <nd ref="1502690921"/>
    <nd ref="8724944617"/>
    <nd ref="8724944618"/>
    <nd ref="8724944619"/>
    <nd ref="8724944620"/>
    <tag k="highway" v="track"/>
  </way>
  <way id="1157857136">
    <nd ref="7203781472"/>
    <nd ref="2667162681"/>
    <tag k="highway" v="secondary"/>
    <tag k="lanes" v="2"/>
    <tag k="name" v="新光路二段"/>
    <tag k="name:en" v="Section 2, Xinguang Road"/>
    <tag k="name:nan" v="Sin-kong-lō͘ 2-tōaⁿ"/>
    <tag k="name:nan-Hant" v="新光路二段"/>
    <tag k="name:nan-Latn-pehoeji" v="Sin-kong-lō͘ 2-tōaⁿ"/>
    <tag k="name:nan-Latn-tailo" v="Sin-kong-lōo 2-tuānn"/>
    <tag k="name:zh" v="新光路二段"/>
    <tag k="oneway" v="no"/>
    <tag k="ref" v="106乙"/>
    <tag k="ref:en" v="106B"/>
    <tag k="ref:zh" v="106乙"/>
    <tag k="surface" v="asphalt"/>
  </way>
  <way id="1222514476">
    <nd ref="3320125523"/>
    <nd ref="11338674069"/>
    <nd ref="11338593168"/>
    <nd ref="11338593167"/>
    <tag k="highway" v="service"/>
  </way>
  <way id="1222514486">
    <nd ref="11338674153"/>
    <nd ref="11338674149"/>
    <nd ref="11338674148"/>
    <nd ref="11338674147"/>
    <tag k="highway" v="service"/>
  </way>
  <way id="1222514487">
    <nd ref="4427426072"/>
    <nd ref="11338674154"/>
    <nd ref="13538880732"/>
    <nd ref="11338674153"/>
    <nd ref="11338674152"/>
    <nd ref="11338674151"/>
    <nd ref="11338674150"/>
    <tag k="highway" v="service"/>
  </way>
  <way id="1222514488">
    <nd ref="3320125505"/>
    <nd ref="11338674161"/>
    <nd ref="11338674160"/>
    <nd ref="11338674159"/>
    <nd ref="11338674158"/>
    <nd ref="11338674157"/>
    <nd ref="11338674156"/>
    <nd ref="11338674155"/>
    <tag k="highway" v="service"/>
  </way>
  <way id="1222514490">
    <nd ref="3320125140"/>
    <nd ref="11338674196"/>
    <nd ref="11338674195"/>
    <tag k="highway" v="service"/>
  </way>
  <way id="1222514491">
    <nd ref="4436852472"/>
    <nd ref="11338674211"/>
    <nd ref="11338674210"/>
    <nd ref="11338674209"/>
    <nd ref="11338674208"/>
    <tag k="highway" v="track"/>
  </way>
  <way id="1222514493">
    <nd ref="3320125148"/>
    <nd ref="11338674197"/>
    <nd ref="11338674198"/>
    <nd ref="11338674199"/>
    <nd ref="11338674200"/>
    <nd ref="11338674201"/>
    <nd ref="10060165336"/>
    <nd ref="10060165337"/>
    <nd ref="10060165338"/>
    <nd ref="11338674214"/>
    <nd ref="11338674217"/>
    <nd ref="11338674215"/>
    <nd ref="11338674216"/>
    <nd ref="10060165339"/>
    <nd ref="10060165340"/>
    <nd ref="11338674218"/>
    <nd ref="11338674219"/>
    <nd ref="11338674220"/>
    <nd ref="13484782008"/>
    <nd ref="13484782009"/>
    <nd ref="11338674221"/>
    <nd ref="10060165341"/>
    <nd ref="11338674222"/>
    <nd ref="10060165342"/>
    <nd ref="11338674223"/>
    <nd ref="11338674224"/>
    <nd ref="11338674225"/>
    <nd ref="10060165343"/>
    <nd ref="11338674226"/>
    <nd ref="11338674229"/>
    <nd ref="11338674227"/>
    <nd ref="11338674228"/>
    <nd ref="10060165344"/>
    <nd ref="11338674230"/>
    <nd ref="10060165345"/>
    <nd ref="11338674231"/>
    <nd ref="10060165346"/>
    <nd ref="11338674232"/>
    <nd ref="11338674233"/>
    <nd ref="11338674234"/>
    <nd ref="11338674235"/>
    <nd ref="10060165347"/>
    <nd ref="11338674236"/>
    <nd ref="10060165348"/>
    <nd ref="11338674237"/>
    <nd ref="11338674238"/>
    <nd ref="11338674239"/>
    <nd ref="10060165349"/>
    <nd ref="11338674240"/>
    <nd ref="11338674241"/>
    <nd ref="10060165350"/>
    <nd ref="11338674242"/>
    <nd ref="11338674243"/>
    <nd ref="10060165351"/>
    <nd ref="11338674244"/>
    <nd ref="10060165352"/>
    <nd ref="11338674245"/>
    <nd ref="10060165353"/>
    <nd ref="11338674246"/>
    <nd ref="11338674247"/>
    <nd ref="11338674248"/>
    <nd ref="13484779818"/>
    <nd ref="13484779819"/>
    <nd ref="10060165354"/>
    <nd ref="11338674249"/>
    <nd ref="10060165355"/>
    <nd ref="4255867133"/>
    <nd ref="4255867132"/>
    <nd ref="4255867131"/>
    <nd ref="4255867130"/>
    <nd ref="4255867129"/>
    <tag k="highway" v="track"/>
  </way>
  <way id="1257421322">
    <nd ref="11690615106"/>
    <nd ref="11690615107"/>
    <nd ref="11690615120"/>
    <nd ref="11690615108"/>
    <nd ref="11690615119"/>
    <nd ref="11690615109"/>
    <nd ref="11690615117"/>
    <nd ref="11690615121"/>
    <nd ref="11690615110"/>
    <nd ref="11690615118"/>
    <nd ref="11690615111"/>
    <nd ref="11690615116"/>
    <nd ref="11690615112"/>
    <nd ref="11690615105"/>
    <nd ref="11690615115"/>
    <tag k="highway" v="service"/>
    <tag k="motorcar" v="private"/>
    <tag k="surface" v="asphalt"/>
  </way>
  <way id="1257421326">
    <nd ref="11690615113"/>
    <nd ref="11690615114"/>
    <tag k="highway" v="service"/>
    <tag k="motorcar" v="private"/>
    <tag k="surface" v="asphalt"/>
  </way>
  <way id="1257421327">
    <nd ref="11690615115"/>
    <nd ref="11690615113"/>
    <tag k="bridge" v="yes"/>
    <tag k="highway" v="service"/>
    <tag k="layer" v="1"/>
    <tag k="motorcar" v="private"/>
    <tag k="surface" v="asphalt"/>
  </way>
  <way id="1279104965">
    <nd ref="4436852462"/>
    <nd ref="3320125065"/>
    <nd ref="3320125069"/>
    <nd ref="3320125067"/>
    <nd ref="3320125071"/>
    <nd ref="4436852465"/>
    <nd ref="3320125076"/>
    <nd ref="4436852466"/>
    <nd ref="4436852468"/>
    <nd ref="3320125080"/>
    <nd ref="11338674282"/>
    <nd ref="4436852467"/>
    <nd ref="3320125079"/>
    <nd ref="3320125083"/>
    <nd ref="4436852469"/>
    <nd ref="3320125088"/>
    <nd ref="11874299222"/>
    <tag k="highway" v="unclassified"/>
    <tag k="name" v="萬福路"/>
  </way>
  <way id="1279104966">
    <nd ref="11874299222"/>
    <nd ref="4436852471"/>
    <tag k="bridge" v="yes"/>
    <tag k="highway" v="unclassified"/>
    <tag k="layer" v="1"/>
    <tag k="name" v="萬福路"/>
  </way>
  <way id="1279104967">
    <nd ref="4436852471"/>
    <nd ref="4436852473"/>
    <nd ref="3320125091"/>
    <nd ref="3536269210"/>
    <nd ref="3320125089"/>
    <nd ref="4436852476"/>
    <nd ref="4436852477"/>
    <nd ref="3320125094"/>
    <nd ref="3320125097"/>
    <nd ref="3320125099"/>
    <nd ref="3320125103"/>
    <nd ref="10060165327"/>
    <nd ref="11874299223"/>
    <tag k="highway" v="unclassified"/>
    <tag k="name" v="萬福路"/>
  </way>
  <way id="1279104968">
    <nd ref="11874299223"/>
    <nd ref="3320125104"/>
    <tag k="bridge" v="yes"/>
    <tag k="highway" v="unclassified"/>
    <tag k="layer" v="1"/>
    <tag k="name" v="萬福路"/>
  </way>
  <way id="1279104971">
    <nd ref="4436852449"/>
    <nd ref="661185176"/>
    <nd ref="4436852454"/>
    <nd ref="3320099056"/>
    <nd ref="4436852455"/>
    <nd ref="4436852452"/>
    <nd ref="3320099051"/>
    <nd ref="11338674261"/>
    <nd ref="3320099053"/>
    <nd ref="4436852456"/>
    <nd ref="3320099058"/>
    <nd ref="11874299225"/>
    <tag k="highway" v="unclassified"/>
    <tag k="name" v="萬福路"/>
  </way>
  <way id="1279104972">
    <nd ref="11874299225"/>
    <nd ref="4436852462"/>
    <tag k="bridge" v="yes"/>
    <tag k="highway" v="unclassified"/>
    <tag k="layer" v="1"/>
    <tag k="name" v="萬福路"/>
  </way>
  <way id="1387417857">
    <nd ref="1489439361"/>
    <nd ref="12843353039"/>
    <tag k="highway" v="service"/>
    <tag k="name" v="研究院路三段286巷"/>
    <tag k="service" v="alley"/>
    <tag k="surface" v="asphalt"/>
  </way>
  <way id="1387417859">
    <nd ref="4436943849"/>
    <nd ref="12843353045"/>
    <nd ref="12843353046"/>
    <nd ref="12843353047"/>
    <nd ref="320481062"/>
    <nd ref="1489439445"/>
    <nd ref="4436943850"/>
    <nd ref="320481061"/>
    <nd ref="320481060"/>
    <nd ref="320481058"/>
    <nd ref="1489439361"/>
    <nd ref="320481057"/>
    <nd ref="320481055"/>
    <nd ref="12139768400"/>
    <nd ref="4436943848"/>
    <nd ref="4436943847"/>
    <nd ref="4436943845"/>
    <nd ref="320481054"/>
    <nd ref="320481053"/>
    <nd ref="4436943844"/>
    <nd ref="1489439372"/>
    <nd ref="320481051"/>
    <nd ref="320481048"/>
    <tag k="hgv" v="no"/>
    <tag k="highway" v="unclassified"/>
    <tag k="lanes" v="2"/>
    <tag k="lit" v="yes"/>
    <tag k="maxspeed" v="30"/>
    <tag k="name" v="研究院路三段"/>
    <tag k="name:en" v="Academia Road Section 3"/>
    <tag k="name:nan" v="Gián-kiú-iān-lō͘-3-tōaⁿ"/>
    <tag k="name:nan-Latn-pehoeji" v="Gián-kiú-iān-lō͘-3-tōaⁿ"/>
    <tag k="name:nan-Latn-tailo" v="Gián-kiú-iān-lō͘-3-tōaⁿ"/>
    <tag k="name:zh" v="研究院路三段"/>
    <tag k="surface" v="asphalt"/>
  </way>
  <way id="1387417861">
    <nd ref="4425697900"/>
    <nd ref="4436943849"/>
    <tag k="hgv" v="no"/>
    <tag k="highway" v="unclassified"/>
    <tag k="lanes" v="2"/>
    <tag k="lit" v="yes"/>
    <tag k="maxspeed" v="30"/>
    <tag k="name" v="新豐橋"/>
    <tag k="surface" v="asphalt"/>
  </way>
  <way id="1387417874">
    <nd ref="4875930623"/>
    <nd ref="12843353167"/>
    <nd ref="12843353166"/>
    <nd ref="12843353165"/>
    <nd ref="12843353164"/>
    <nd ref="12843353163"/>
    <nd ref="12843353162"/>
    <nd ref="12843353161"/>
    <nd ref="12843353160"/>
    <nd ref="12843353159"/>
    <nd ref="12843353158"/>
    <nd ref="12843353157"/>
    <nd ref="12843353156"/>
    <nd ref="12843353155"/>
    <nd ref="12843353154"/>
    <nd ref="12843353153"/>
    <nd ref="12843353152"/>
    <nd ref="12843353151"/>
    <nd ref="12843353150"/>
    <nd ref="12843353149"/>
    <nd ref="12843353148"/>
    <nd ref="12843353147"/>
    <nd ref="12843353146"/>
    <nd ref="12843353145"/>
    <nd ref="12843353144"/>
    <nd ref="12843353143"/>
    <nd ref="12843353142"/>
    <nd ref="12843353141"/>
    <nd ref="12843353140"/>
    <tag k="highway" v="track"/>
    <tag k="name" v="研究院路四段21巷"/>
  </way>
  <way id="1429735394">
    <nd ref="13142682290"/>
    <nd ref="3534582570"/>
    <tag k="highway" v="service"/>
    <tag k="service" v="alley"/>
  </way>
  <way id="1475963642">
    <nd ref="13538880290"/>
    <nd ref="13538880241"/>
    <nd ref="13538880240"/>
    <nd ref="13538880239"/>
    <tag k="highway" v="track"/>
    <tag k="name" v="研究院路四段50巷"/>
    <tag k="surface" v="concrete"/>
    <tag k="tracktype" v="grade1"/>
  </way>
  <way id="1475963643">
    <nd ref="13538880300"/>
    <nd ref="13538880246"/>
    <nd ref="13538880245"/>
    <nd ref="13538880244"/>
    <nd ref="13538880243"/>
    <nd ref="13538880242"/>
    <nd ref="13538880287"/>
    <tag k="highway" v="track"/>
    <tag k="name" v="研究院路四段50巷"/>
    <tag k="surface" v="concrete"/>
    <tag k="tracktype" v="grade1"/>
  </way>
  <way id="1475963644">
    <nd ref="13538880254"/>
    <nd ref="13538880253"/>
    <tag k="bridge" v="yes"/>
    <tag k="highway" v="track"/>
    <tag k="layer" v="1"/>
    <tag k="name" v="研究院路四段50巷"/>
    <tag k="surface" v="concrete"/>
    <tag k="tracktype" v="grade1"/>
  </way>
  <way id="1475963645">
    <nd ref="13538880313"/>
    <nd ref="13538880257"/>
    <nd ref="13538880256"/>
    <nd ref="13538880255"/>
    <nd ref="13538880254"/>
    <tag k="highway" v="track"/>
    <tag k="name" v="研究院路四段50巷"/>
    <tag k="surface" v="concrete"/>
    <tag k="tracktype" v="grade1"/>
  </way>
  <way id="1475963646">
    <nd ref="13538880253"/>
    <nd ref="13538880252"/>
    <nd ref="13538880251"/>
    <nd ref="13538880250"/>
    <nd ref="13538880249"/>
    <nd ref="13538880248"/>
    <nd ref="13538880247"/>
    <tag k="highway" v="track"/>
    <tag k="name" v="研究院路四段50巷"/>
    <tag k="surface" v="concrete"/>
    <tag k="tracktype" v="grade1"/>
  </way>
  <way id="1475963647">
    <nd ref="4218556075"/>
    <nd ref="13538880263"/>
    <nd ref="13538880262"/>
    <nd ref="13538880261"/>
    <nd ref="13538880260"/>
    <nd ref="13538880259"/>
    <nd ref="13538880258"/>
    <tag k="highway" v="track"/>
    <tag k="surface" v="concrete"/>
    <tag k="tracktype" v="grade1"/>
  </way>
  <way id="1475963648">
    <nd ref="13538880293"/>
    <nd ref="13538880292"/>
    <nd ref="13538880291"/>
    <nd ref="13538880290"/>
    <nd ref="13538880289"/>
    <nd ref="13538880288"/>
    <nd ref="13538880287"/>
    <nd ref="13538880286"/>
    <nd ref="13538880285"/>
    <nd ref="13538880284"/>
    <nd ref="13538880283"/>
    <nd ref="13538880282"/>
    <nd ref="13538880281"/>
    <nd ref="13538880280"/>
    <nd ref="13538880279"/>
    <nd ref="13538880278"/>
    <nd ref="13538880277"/>
    <nd ref="13538880276"/>
    <nd ref="13538880275"/>
    <nd ref="13538880274"/>
    <nd ref="13538880273"/>
    <nd ref="13538880272"/>
    <nd ref="13538880271"/>
    <nd ref="13538880270"/>
    <nd ref="13538880269"/>
    <nd ref="13538880268"/>
    <nd ref="13538880267"/>
    <nd ref="13538880266"/>
    <nd ref="13538880265"/>
    <nd ref="13538880264"/>
    <nd ref="13538880233"/>
    <nd ref="13538880232"/>
    <nd ref="13538880231"/>
    <nd ref="13538880220"/>
    <nd ref="13538880230"/>
    <nd ref="13538880229"/>
    <nd ref="13538880228"/>
    <nd ref="13538880227"/>
    <nd ref="13538880226"/>
    <nd ref="13538880221"/>
    <nd ref="13538880225"/>
    <nd ref="13538880224"/>
    <nd ref="13538880223"/>
    <nd ref="13538880222"/>
    <tag k="highway" v="track"/>
    <tag k="name" v="研究院路四段50巷"/>
    <tag k="surface" v="concrete"/>
    <tag k="tracktype" v="grade1"/>
  </way>
  <way id="1475963649">
    <nd ref="13538880294"/>
    <nd ref="13538880293"/>
    <tag k="bridge" v="yes"/>
    <tag k="highway" v="track"/>
    <tag k="layer" v="1"/>
    <tag k="name" v="研究院路四段50巷"/>
    <tag k="surface" v="concrete"/>
    <tag k="tracktype" v="grade1"/>
  </way>
  <way id="1475963650">
    <nd ref="13538880297"/>
    <nd ref="13538880296"/>
    <nd ref="13538880295"/>
    <nd ref="13538880294"/>
    <tag k="highway" v="track"/>
    <tag k="name" v="研究院路四段50巷"/>
    <tag k="surface" v="concrete"/>
    <tag k="tracktype" v="grade1"/>
  </way>
  <way id="1475963651">
    <nd ref="13538880298"/>
    <nd ref="13538880297"/>
    <tag k="bridge" v="yes"/>
    <tag k="highway" v="track"/>
    <tag k="layer" v="1"/>
    <tag k="name" v="研究院路四段50巷"/>
    <tag k="surface" v="concrete"/>
    <tag k="tracktype" v="grade1"/>
  </way>
  <way id="1475963652">
    <nd ref="13538880339"/>
    <nd ref="13538880327"/>
    <nd ref="13538880325"/>
    <nd ref="13538880326"/>
    <nd ref="13538880324"/>
    <nd ref="13538880323"/>
    <nd ref="13538880322"/>
    <nd ref="13538880321"/>
    <nd ref="13538880320"/>
    <nd ref="13538880319"/>
    <nd ref="13538880318"/>
    <nd ref="13538880317"/>
    <nd ref="13538880316"/>
    <nd ref="13538880311"/>
    <nd ref="13538880315"/>
    <nd ref="13538880314"/>
    <nd ref="13538880312"/>
    <nd ref="13538880313"/>
    <nd ref="13538880309"/>
    <nd ref="13538880308"/>
    <nd ref="13538880307"/>
    <nd ref="13538880306"/>
    <nd ref="13538880305"/>
    <nd ref="13538880304"/>
    <nd ref="13538880303"/>
    <nd ref="13538880302"/>
    <nd ref="13538880301"/>
    <nd ref="13538880300"/>
    <nd ref="13538880299"/>
    <nd ref="13538880298"/>
    <tag k="highway" v="track"/>
    <tag k="name" v="研究院路四段50巷"/>
    <tag k="surface" v="concrete"/>
    <tag k="tracktype" v="grade1"/>
  </way>
  <way id="1475963653">
    <nd ref="13538880340"/>
    <nd ref="13538880339"/>
    <tag k="bridge" v="yes"/>
    <tag k="highway" v="track"/>
    <tag k="layer" v="1"/>
    <tag k="name" v="研究院路四段50巷"/>
    <tag k="surface" v="concrete"/>
    <tag k="tracktype" v="grade1"/>
  </way>
  <way id="1493644988">
    <nd ref="4798313218"/>
    <nd ref="13686736420"/>
    <nd ref="4798313217"/>
    <nd ref="10206238345"/>
    <nd ref="13686736452"/>
    <nd ref="13686736451"/>
    <nd ref="10206238346"/>
    <tag k="highway" v="service"/>
  </way>
  <way id="23759366">
    <nd ref="2515870563"/>
    <nd ref="10117833032"/>
    <nd ref="5375860646"/>
    <nd ref="5375860647"/>
    <nd ref="2515870565"/>
    <nd ref="2302505588"/>
    <nd ref="3106536682"/>
    <nd ref="3106536680"/>
    <nd ref="2302505589"/>
    <nd ref="3106536677"/>
    <nd ref="4457184306"/>
    <nd ref="2302505587"/>
    <nd ref="3106536686"/>
    <nd ref="2133950275"/>
    <nd ref="4868065314"/>
    <nd ref="2133950276"/>
    <nd ref="2587459125"/>
    <nd ref="7723489863"/>
    <nd ref="293867014"/>
    <tag k="highway" v="secondary"/>
    <tag k="lit" v="yes"/>
    <tag k="name" v="成功路四段"/>
    <tag k="name:en" v="Section 4, Chenggong Road"/>
    <tag k="name:etymology" v="鄭成功"/>
    <tag k="name:etymology:wikidata" v="Q197615"/>
    <tag k="name:etymology:wikipedia" v="zh:鄭成功"/>
    <tag k="name:nan" v="Sêng-kong-lō͘ 4-tōaⁿ"/>
    <tag k="name:nan-Hant" v="成功路四段"/>
    <tag k="name:nan-Latn-pehoeji" v="Sêng-kong-lō͘ 4-tōaⁿ"/>
    <tag k="name:nan-Latn-tailo" v="Sîng-kong-lōo 4-tuānn"/>
    <tag k="name:zh" v="成功路四段"/>
    <tag k="oneway" v="yes"/>
    <tag k="surface" v="asphalt"/>
  </way>
  <way id="26789149">
    <nd ref="3854146579"/>
    <nd ref="2003900917"/>
    <nd ref="773904726"/>
    <nd ref="773904727"/>
    <nd ref="293848322"/>
    <nd ref="775379692"/>
    <nd ref="773904720"/>
    <nd ref="775379691"/>
    <nd ref="2720444107"/>
    <nd ref="2720444102"/>
    <nd ref="4878039316"/>
    <nd ref="4203892353"/>
    <nd ref="4204001299"/>
    <nd ref="7723489922"/>
    <nd ref="773904716"/>
    <nd ref="773904707"/>
    <nd ref="773904706"/>
    <nd ref="773904692"/>
    <nd ref="773904693"/>
    <nd ref="7723417789"/>
    <nd ref="6193996310"/>
    <nd ref="7723417792"/>
    <nd ref="773904694"/>
    <nd ref="4425567296"/>
    <nd ref="305938663"/>
    <nd ref="4204001495"/>
    <nd ref="773904682"/>
    <nd ref="4784210637"/>
    <nd ref="7723489896"/>
    <nd ref="1710639076"/>
    <nd ref="7723489894"/>
    <nd ref="293848323"/>
    <tag k="highway" v="secondary"/>
    <tag k="lit" v="yes"/>
    <tag k="name" v="成功路五段"/>
    <tag k="name:en" v="Section 5, Chenggong Road"/>
    <tag k="name:etymology" v="鄭成功"/>
    <tag k="name:etymology:wikidata" v="Q197615"/>
    <tag k="name:etymology:wikipedia" v="zh:鄭成功"/>
    <tag k="name:nan" v="Sêng-kong-lō͘ 5-tōaⁿ"/>
    <tag k="name:nan-Hant" v="成功路五段"/>
    <tag k="name:nan-Latn-pehoeji" v="Sêng-kong-lō͘ 5-tōaⁿ"/>
    <tag k="name:nan-Latn-tailo" v="Sîng-kong-lōo 5-tuānn"/>
    <tag k="name:zh" v="成功路五段"/>
    <tag k="oneway" v="yes"/>
    <tag k="surface" v="asphalt"/>
  </way>
  <way id="27865641">
    <nd ref="305938513"/>
    <nd ref="305938515"/>
    <nd ref="2133950387"/>
    <tag k="highway" v="unclassified"/>
    <tag k="name" v="大湖山莊街219巷"/>
    <tag k="name:en" v="Dahu Shanzhuang Street"/>
    <tag k="name:zh" v="大湖山莊街219巷"/>
  </way>
  <way id="62080975">
    <nd ref="293867014"/>
    <nd ref="773904954"/>
    <nd ref="11116148441"/>
    <nd ref="11116148443"/>
    <nd ref="2188790647"/>
    <nd ref="4457184308"/>
    <nd ref="293868343"/>
    <tag k="highway" v="residential"/>
    <tag k="name" v="大湖街131巷"/>
    <tag k="name:en" v="Lane 131, Dahu Street"/>
    <tag k="name:zh" v="大湖街131巷"/>
  </way>
  <way id="85470050">
    <nd ref="773904964"/>
    <nd ref="2979021653"/>
    <tag k="highway" v="tertiary"/>
    <tag k="lanes" v="3"/>
    <tag k="lanes:backward" v="2"/>
    <tag k="lanes:forward" v="1"/>
    <tag k="lit" v="yes"/>
    <tag k="name" v="康湖路"/>
    <tag k="name:en" v="Kanghu Road"/>
    <tag k="name:zh" v="康湖路"/>
    <tag k="oneway" v="no"/>
    <tag k="sidewalk" v="left"/>
    <tag k="surface" v="asphalt"/>
  </way>
  <way id="85470124">
    <nd ref="990897806"/>
    <nd ref="990897810"/>
    <nd ref="11956344329"/>
    <nd ref="11956344328"/>
    <nd ref="11956344327"/>
    <nd ref="5244165193"/>
    <nd ref="990897812"/>
    <tag k="bicycle:lanes" v="designated|||designated"/>
    <tag k="highway" v="tertiary"/>
    <tag k="lanes" v="4"/>
    <tag k="layer" v="-1"/>
    <tag k="lit" v="24/7"/>
    <tag k="maxheight" v="4.6"/>
    <tag k="maxspeed" v="50"/>
    <tag k="motorcycle:lanes" v="designated|yes|yes|designated"/>
    <tag k="name" v="大湖隧道"/>
    <tag k="name:en" v="Dahu Tunnel"/>
    <tag k="name:nan" v="Tōa-ô͘ Pōng-khang"/>
    <tag k="name:nan-Latn-pehoeji" v="Tōa-ô͘ Pōng-khang"/>
    <tag k="name:nan-Latn-tailo" v="Tuā-ôo Pōng-khang"/>
    <tag k="name:zh" v="大湖隧道"/>
    <tag k="sidewalk" v="both"/>
    <tag k="surface" v="asphalt"/>
    <tag k="tunnel" v="yes"/>
    <tag k="wikidata" v="Q10936522"/>
    <tag k="wikipedia" v="zh:大湖隧道"/>
    <tag k="wikipedia:zh" v="大湖隧道"/>
  </way>
  <way id="158917944">
    <nd ref="773904954"/>
    <nd ref="7723489862"/>
    <nd ref="773904953"/>
    <nd ref="4868065313"/>
    <nd ref="2133950278"/>
    <nd ref="7702583346"/>
    <nd ref="2133950277"/>
    <nd ref="773904951"/>
    <nd ref="8497879005"/>
    <nd ref="2170973354"/>
    <nd ref="2170973349"/>
    <nd ref="8559997095"/>
    <nd ref="10117833024"/>
    <nd ref="773904592"/>
    <tag k="highway" v="secondary"/>
    <tag k="lit" v="yes"/>
    <tag k="name" v="成功路四段"/>
    <tag k="name:en" v="Section 4, Chenggong Road"/>
    <tag k="name:etymology" v="鄭成功"/>
    <tag k="name:etymology:wikidata" v="Q197615"/>
    <tag k="name:etymology:wikipedia" v="zh:鄭成功"/>
    <tag k="name:nan" v="Sêng-kong-lō͘ 4-tōaⁿ"/>
    <tag k="name:nan-Hant" v="成功路四段"/>
    <tag k="name:nan-Latn-pehoeji" v="Sêng-kong-lō͘ 4-tōaⁿ"/>
    <tag k="name:nan-Latn-tailo" v="Sîng-kong-lōo 4-tuānn"/>
    <tag k="name:zh" v="成功路四段"/>
    <tag k="oneway" v="yes"/>
    <tag k="surface" v="asphalt"/>
  </way>
  <way id="182648276">
    <nd ref="1930089938"/>
    <nd ref="4427585190"/>
    <nd ref="1930089940"/>
    <nd ref="1930089944"/>
    <nd ref="1930089949"/>
    <nd ref="1930089960"/>
    <nd ref="1930089963"/>
    <nd ref="1930089965"/>
    <nd ref="1930089964"/>
    <nd ref="1930089962"/>
    <nd ref="1930089961"/>
    <nd ref="1930089959"/>
    <nd ref="1930089954"/>
    <nd ref="1930089953"/>
    <tag k="highway" v="service"/>
  </way>
  <way id="182648282">
    <nd ref="293868343"/>
    <nd ref="2188790681"/>
    <nd ref="1930089927"/>
    <nd ref="12725167240"/>
    <nd ref="293868000"/>
    <tag k="highway" v="residential"/>
    <tag k="name" v="大湖山莊街"/>
    <tag k="name:en" v="Dahu Shanzhuang Street"/>
    <tag k="name:zh" v="大湖山莊街"/>
  </way>
  <way id="182648283">
    <nd ref="1662389362"/>
    <nd ref="1662389820"/>
    <nd ref="1662389549"/>
    <nd ref="1930089938"/>
    <nd ref="1662389239"/>
    <nd ref="1662389890"/>
    <nd ref="1662389783"/>
    <nd ref="1662389303"/>
    <nd ref="1662389636"/>
    <nd ref="1662389749"/>
    <nd ref="1662389947"/>
    <nd ref="1662390395"/>
    <nd ref="1662389466"/>
    <nd ref="1662390263"/>
    <nd ref="1662389209"/>
    <nd ref="1662389606"/>
    <nd ref="1662389638"/>
    <nd ref="1662389718"/>
    <nd ref="1662390112"/>
    <nd ref="1662389240"/>
    <nd ref="4427585086"/>
    <nd ref="5420215123"/>
    <nd ref="1662389243"/>
    <nd ref="1662389506"/>
    <nd ref="4427585085"/>
    <nd ref="1662389884"/>
    <nd ref="1662389324"/>
    <nd ref="1662389356"/>
    <nd ref="4427585083"/>
    <nd ref="1662389838"/>
    <nd ref="1662389861"/>
    <nd ref="1662389456"/>
    <nd ref="1662389437"/>
    <nd ref="1662389403"/>
    <nd ref="1662389631"/>
    <nd ref="1662389712"/>
    <nd ref="1662389720"/>
    <nd ref="1662389727"/>
    <nd ref="1662389962"/>
    <nd ref="1662390023"/>
    <nd ref="1662390030"/>
    <nd ref="1662390051"/>
    <nd ref="1662390059"/>
    <nd ref="1662390091"/>
    <nd ref="1662390086"/>
    <nd ref="1662389316"/>
    <nd ref="1662389312"/>
    <nd ref="9101623320"/>
    <nd ref="9101623321"/>
    <nd ref="9101603854"/>
    <nd ref="4717571619"/>
    <nd ref="1662389400"/>
    <nd ref="9101623322"/>
    <nd ref="1662389423"/>
    <nd ref="9101623323"/>
    <nd ref="1662389383"/>
    <nd ref="9101623324"/>
    <nd ref="9101623325"/>
    <nd ref="1662389452"/>
    <nd ref="1662389460"/>
    <nd ref="1662389397"/>
    <nd ref="5424046987"/>
    <nd ref="1662389425"/>
    <nd ref="1662389489"/>
    <nd ref="1930089937"/>
    <nd ref="1662389543"/>
    <nd ref="1662389516"/>
    <nd ref="1930089936"/>
    <nd ref="1662389532"/>
    <nd ref="1662389525"/>
    <nd ref="1662389523"/>
    <nd ref="1662389514"/>
    <nd ref="4411278203"/>
    <nd ref="1662389987"/>
    <nd ref="4411278202"/>
    <nd ref="1662389957"/>
    <nd ref="4411278201"/>
    <nd ref="1662389985"/>
    <nd ref="4411278200"/>
    <nd ref="1662389863"/>
    <nd ref="1662389887"/>
    <nd ref="4411278199"/>
    <nd ref="4411278198"/>
    <nd ref="1662390013"/>
    <nd ref="4411278197"/>
    <nd ref="4411278196"/>
    <nd ref="4436954778"/>
    <nd ref="1662389978"/>
    <nd ref="4411278195"/>
    <nd ref="4411278194"/>
    <nd ref="1662390107"/>
    <nd ref="4411278193"/>
    <nd ref="1662390116"/>
    <nd ref="4411278192"/>
    <nd ref="1662390064"/>
    <nd ref="1662389744"/>
    <nd ref="7702583305"/>
    <nd ref="2917118929"/>
    <nd ref="1662389605"/>
    <nd ref="1662389547"/>
    <nd ref="1662389274"/>
    <nd ref="1662390011"/>
    <nd ref="1662390094"/>
    <nd ref="1662389540"/>
    <nd ref="4436954777"/>
    <nd ref="9101623326"/>
    <nd ref="1662390019"/>
    <nd ref="4436954776"/>
    <nd ref="1662389802"/>
    <nd ref="1662390285"/>
    <nd ref="1662390408"/>
    <nd ref="1662389211"/>
    <nd ref="9101623329"/>
    <nd ref="1662389764"/>
    <nd ref="1662389595"/>
    <nd ref="9101623328"/>
    <nd ref="9101623327"/>
    <nd ref="1662389657"/>
    <nd ref="4411278191"/>
    <nd ref="1662390176"/>
    <nd ref="4436954775"/>
    <nd ref="2314879575"/>
    <nd ref="5420241083"/>
    <nd ref="1662389993"/>
    <nd ref="4411278190"/>
    <nd ref="2314879569"/>
    <nd ref="305938513"/>
    <tag k="highway" v="unclassified"/>
    <tag k="name" v="大湖街"/>
    <tag k="name:en" v="Dahu Street"/>
    <tag k="name:zh" v="大湖街"/>
  </way>
  <way id="186734851">
    <nd ref="4299317659"/>
    <nd ref="4427585200"/>
    <nd ref="4299317658"/>
    <nd ref="4299317657"/>
    <nd ref="4299317677"/>
    <nd ref="4299317656"/>
    <nd ref="7203343948"/>
    <nd ref="4427585196"/>
    <nd ref="4427585195"/>
    <nd ref="4299317655"/>
    <nd ref="1974793748"/>
    <nd ref="4299317654"/>
    <nd ref="1974793731"/>
    <nd ref="1974793708"/>
    <nd ref="1974793741"/>
    <nd ref="1974793764"/>
    <nd ref="1974793772"/>
    <nd ref="1974793777"/>
    <nd ref="1974793768"/>
    <nd ref="1974793763"/>
    <nd ref="1974793783"/>
    <nd ref="1974793785"/>
    <nd ref="1974793787"/>
    <nd ref="1974793789"/>
    <nd ref="1974793791"/>
    <nd ref="1974793795"/>
    <nd ref="1974793798"/>
    <nd ref="1974793800"/>
    <nd ref="1974793801"/>
    <nd ref="1974793802"/>
    <nd ref="1974793671"/>
    <nd ref="1974793598"/>
    <nd ref="1974793600"/>
    <nd ref="1974793607"/>
    <nd ref="1974793610"/>
    <nd ref="1974795449"/>
    <nd ref="1974795468"/>
    <nd ref="2846339957"/>
    <nd ref="1974795450"/>
    <nd ref="1974795462"/>
    <nd ref="1974795453"/>
    <nd ref="1974795460"/>
    <nd ref="1974795464"/>
    <nd ref="1974795466"/>
    <nd ref="1974795483"/>
    <nd ref="1974795448"/>
    <nd ref="1974795482"/>
    <nd ref="1974795484"/>
    <nd ref="1974795451"/>
    <nd ref="1974795485"/>
    <nd ref="1974795486"/>
    <nd ref="1974795481"/>
    <nd ref="1662389239"/>
    <tag k="highway" v="service"/>
  </way>
  <way id="197557008">
    <nd ref="773904690"/>
    <nd ref="773904691"/>
    <nd ref="773904704"/>
    <nd ref="773904705"/>
    <nd ref="7723489921"/>
    <nd ref="773904712"/>
    <nd ref="6224529293"/>
    <nd ref="2720444100"/>
    <nd ref="773904719"/>
    <nd ref="775379690"/>
    <nd ref="773904721"/>
    <nd ref="773904724"/>
    <nd ref="773904725"/>
    <nd ref="2979021643"/>
    <nd ref="773904964"/>
    <tag k="highway" v="secondary"/>
    <tag k="lit" v="yes"/>
    <tag k="name" v="成功路五段"/>
    <tag k="name:en" v="Section 5, Chenggong Road"/>
    <tag k="name:etymology" v="鄭成功"/>
    <tag k="name:etymology:wikidata" v="Q197615"/>
    <tag k="name:etymology:wikipedia" v="zh:鄭成功"/>
    <tag k="name:nan" v="Sêng-kong-lō͘ 5-tōaⁿ"/>
    <tag k="name:nan-Hant" v="成功路五段"/>
    <tag k="name:nan-Latn-pehoeji" v="Sêng-kong-lō͘ 5-tōaⁿ"/>
    <tag k="name:nan-Latn-tailo" v="Sîng-kong-lōo 5-tuānn"/>
    <tag k="name:zh" v="成功路五段"/>
    <tag k="oneway" v="yes"/>
    <tag k="surface" v="asphalt"/>
  </way>
  <way id="203384025">
    <nd ref="2133950265"/>
    <nd ref="4457184302"/>
    <nd ref="2133950262"/>
    <nd ref="2133950254"/>
    <nd ref="4436793191"/>
    <nd ref="2133950249"/>
    <nd ref="4436792388"/>
    <nd ref="2133950246"/>
    <nd ref="2133950242"/>
    <nd ref="2133950241"/>
    <tag k="highway" v="residential"/>
    <tag k="maxspeed" v="30"/>
    <tag k="name" v="大湖街160巷"/>
    <tag k="oneway" v="no"/>
  </way>
  <way id="203384032">
    <nd ref="2133950355"/>
    <nd ref="2133950308"/>
    <tag k="highway" v="residential"/>
    <tag k="name" v="大湖山莊街63巷"/>
  </way>
  <way id="203384040">
    <nd ref="2133950375"/>
    <nd ref="2133950378"/>
    <nd ref="2188790827"/>
    <nd ref="4436954765"/>
    <nd ref="2188790844"/>
    <nd ref="2133950380"/>
    <nd ref="4427585068"/>
    <nd ref="2188790789"/>
    <nd ref="4427585065"/>
    <nd ref="2133950342"/>
    <tag k="highway" v="residential"/>
    <tag k="name" v="大湖山莊街177巷"/>
  </way>
  <way id="203384041">
    <nd ref="293867014"/>
    <nd ref="2133950271"/>
    <nd ref="2616257228"/>
    <nd ref="2133950265"/>
    <nd ref="2133950258"/>
    <nd ref="4436793192"/>
    <nd ref="2133950252"/>
    <nd ref="2133950245"/>
    <nd ref="2133950243"/>
    <nd ref="2133950238"/>
    <nd ref="4457184297"/>
    <nd ref="2133950231"/>
    <nd ref="2133950228"/>
    <nd ref="4457177800"/>
    <nd ref="2133950218"/>
    <nd ref="2133950216"/>
    <nd ref="4457177799"/>
    <nd ref="4436792384"/>
    <nd ref="2133950215"/>
    <nd ref="4436792383"/>
    <nd ref="4457184296"/>
    <nd ref="2133950212"/>
    <nd ref="4457184295"/>
    <nd ref="2133950213"/>
    <nd ref="4457184294"/>
    <nd ref="3647239985"/>
    <nd ref="2133950214"/>
    <tag k="highway" v="residential"/>
    <tag k="maxspeed" v="30"/>
    <tag k="name" v="大湖街158巷"/>
    <tag k="oneway" v="no"/>
  </way>
  <way id="203384042">
    <nd ref="2133950272"/>
    <nd ref="13303016232"/>
    <nd ref="2133950273"/>
    <nd ref="2133950269"/>
    <nd ref="2133950259"/>
    <nd ref="2133950250"/>
    <nd ref="4458653090"/>
    <nd ref="4458653089"/>
    <nd ref="4436793189"/>
    <nd ref="2133950251"/>
    <nd ref="2133950281"/>
    <nd ref="2133950287"/>
    <nd ref="2133950295"/>
    <nd ref="2133950299"/>
    <nd ref="2133950308"/>
    <nd ref="4203640311"/>
    <nd ref="3648155378"/>
    <nd ref="3648155377"/>
    <nd ref="2133950371"/>
    <nd ref="4420905595"/>
    <nd ref="2133950376"/>
    <tag k="highway" v="residential"/>
    <tag k="name" v="大湖山莊街120巷"/>
  </way>
  <way id="203384044">
    <nd ref="2133950218"/>
    <nd ref="2133950221"/>
    <tag k="highway" v="residential"/>
    <tag k="maxspeed" v="30"/>
    <tag k="name" v="大湖街160巷22弄"/>
    <tag k="oneway" v="no"/>
  </way>
  <way id="203384046">
    <nd ref="2133950337"/>
    <nd ref="2133950325"/>
    <nd ref="2133950299"/>
    <tag k="highway" v="residential"/>
  </way>
  <way id="203384050">
    <nd ref="2133950232"/>
    <nd ref="2133950236"/>
    <nd ref="2133950237"/>
    <tag k="highway" v="residential"/>
    <tag k="maxspeed" v="30"/>
    <tag k="oneway" v="no"/>
  </way>
  <way id="203384053">
    <nd ref="2133950313"/>
    <nd ref="4420905592"/>
    <nd ref="3820335464"/>
    <nd ref="2133950320"/>
    <nd ref="2133950315"/>
    <nd ref="2133950318"/>
    <nd ref="4420905593"/>
    <nd ref="2133950311"/>
    <tag k="highway" v="residential"/>
    <tag k="name" v="大湖街131巷18弄"/>
  </way>
  <way id="203384054">
    <nd ref="2133950338"/>
    <nd ref="4427585061"/>
    <nd ref="2133950311"/>
    <nd ref="4436954760"/>
    <nd ref="2133950296"/>
    <nd ref="2133950291"/>
    <nd ref="293868343"/>
    <tag k="highway" v="residential"/>
    <tag k="name" v="大湖街131巷"/>
  </way>
  <way id="203384057">
    <nd ref="2133950271"/>
    <nd ref="2133950270"/>
    <nd ref="4457184304"/>
    <nd ref="4436793193"/>
    <nd ref="2133950264"/>
    <nd ref="4457184303"/>
    <nd ref="2133950267"/>
    <tag k="highway" v="residential"/>
  </way>
  <way id="203384058">
    <nd ref="2133950325"/>
    <nd ref="2133950309"/>
    <nd ref="2133950298"/>
    <nd ref="4447880949"/>
    <nd ref="2133950288"/>
    <nd ref="2133950285"/>
    <nd ref="2133950259"/>
    <tag k="highway" v="residential"/>
    <tag k="name" v="大湖山莊街23巷"/>
  </way>
  <way id="203384059">
    <nd ref="2133950254"/>
    <nd ref="2133950253"/>
    <nd ref="4457184299"/>
    <nd ref="4420562887"/>
    <nd ref="2133950247"/>
    <nd ref="2133950244"/>
    <nd ref="4436792387"/>
    <nd ref="2133950240"/>
    <nd ref="4420562886"/>
    <nd ref="2133950238"/>
    <tag k="highway" v="residential"/>
    <tag k="maxspeed" v="30"/>
    <tag k="name" v="大湖街160巷2弄"/>
    <tag k="oneway" v="no"/>
  </way>
  <way id="203384061">
    <nd ref="2133950241"/>
    <nd ref="2133950237"/>
    <nd ref="4436792385"/>
    <nd ref="2133950235"/>
    <nd ref="2133950230"/>
    <nd ref="2133950225"/>
    <nd ref="2133950221"/>
    <nd ref="2133950213"/>
    <tag k="highway" v="residential"/>
    <tag k="maxspeed" v="30"/>
    <tag k="name" v="大湖街160巷"/>
  </way>
  <way id="203384065">
    <nd ref="2133950371"/>
    <nd ref="2133950366"/>
    <nd ref="4427585064"/>
    <nd ref="2133950355"/>
    <nd ref="4427585062"/>
    <nd ref="2133950337"/>
    <nd ref="2133950331"/>
    <nd ref="2188790729"/>
    <nd ref="2188790717"/>
    <nd ref="2133950303"/>
    <nd ref="2133950297"/>
    <nd ref="2133950290"/>
    <nd ref="2133950279"/>
    <nd ref="2133950273"/>
    <tag k="highway" v="residential"/>
    <tag k="name" v="大湖山莊街21巷"/>
  </way>
  <way id="208601058">
    <nd ref="2188790783"/>
    <nd ref="4427585066"/>
    <nd ref="7702583353"/>
    <nd ref="2188790789"/>
    <tag k="highway" v="residential"/>
    <tag k="name" v="大湖山莊街169巷"/>
  </way>
  <way id="208601082">
    <nd ref="305938513"/>
    <nd ref="4436954774"/>
    <nd ref="2188790974"/>
    <nd ref="4436954773"/>
    <nd ref="2188790952"/>
    <tag k="highway" v="residential"/>
    <tag k="name" v="大湖山莊街219巷"/>
  </way>
  <way id="255913130">
    <nd ref="2587459121"/>
    <nd ref="2616257228"/>
    <tag k="bicycle" v="yes"/>
    <tag k="foot" v="yes"/>
    <tag k="highway" v="residential"/>
    <tag k="maxspeed" v="30"/>
  </way>
  <way id="255913270">
    <nd ref="2133950214"/>
    <nd ref="4457177798"/>
    <nd ref="2616258869"/>
    <nd ref="2616258870"/>
    <nd ref="2616258871"/>
    <nd ref="2616258872"/>
    <nd ref="2616258873"/>
    <nd ref="2616258874"/>
    <nd ref="2616258875"/>
    <nd ref="4436792382"/>
    <nd ref="2616258876"/>
    <nd ref="4436792381"/>
    <nd ref="2414194184"/>
    <tag k="bicycle" v="yes"/>
    <tag k="foot" v="yes"/>
    <tag k="highway" v="residential"/>
  </way>
  <way id="294314750">
    <nd ref="2979021643"/>
    <nd ref="12082973709"/>
    <nd ref="12082973710"/>
    <nd ref="2979021649"/>
    <nd ref="2979021653"/>
    <tag k="highway" v="tertiary_link"/>
    <tag k="lanes" v="1"/>
    <tag k="lit" v="yes"/>
    <tag k="oneway" v="yes"/>
    <tag k="sidewalk" v="right"/>
    <tag k="surface" v="asphalt"/>
  </way>
  <way id="330361183">
    <nd ref="2133950293"/>
    <nd ref="2133950294"/>
    <nd ref="2133950292"/>
    <nd ref="4420905590"/>
    <nd ref="2133950291"/>
    <tag k="highway" v="residential"/>
    <tag k="name" v="大湖街131巷2弄"/>
  </way>
  <way id="330361185">
    <nd ref="2133950214"/>
    <nd ref="2133950224"/>
    <nd ref="3647239984"/>
    <nd ref="2133950223"/>
    <tag k="highway" v="residential"/>
  </way>
  <way id="330361186">
    <nd ref="2133950223"/>
    <nd ref="4457177802"/>
    <nd ref="2133950239"/>
    <nd ref="2133950248"/>
    <nd ref="2133950255"/>
    <nd ref="2133950264"/>
    <tag k="highway" v="residential"/>
    <tag k="name" v="大湖街166巷"/>
  </way>
  <way id="360123693">
    <nd ref="3647239984"/>
    <nd ref="3647239985"/>
    <tag k="highway" v="residential"/>
    <tag k="name" v="大湖街166巷42弄"/>
  </way>
  <way id="360217589">
    <nd ref="3648155378"/>
    <nd ref="2133950366"/>
    <tag k="highway" v="residential"/>
    <tag k="name" v="大湖山莊街65巷"/>
  </way>
  <way id="420434159">
    <nd ref="4203640311"/>
    <nd ref="4203640312"/>
    <nd ref="4203640313"/>
    <nd ref="4203640314"/>
    <nd ref="4203640315"/>
    <nd ref="4203640316"/>
    <nd ref="4203640322"/>
    <nd ref="4203640321"/>
    <nd ref="4203640317"/>
    <nd ref="4203640318"/>
    <nd ref="4203640319"/>
    <nd ref="4203640320"/>
    <tag k="highway" v="service"/>
    <tag k="name" v="成功路五段120巷"/>
  </way>
  <way id="420434160">
    <nd ref="4203640315"/>
    <nd ref="4203640323"/>
    <nd ref="4203640324"/>
    <nd ref="4203640325"/>
    <nd ref="4203640326"/>
    <nd ref="4203640327"/>
    <nd ref="4203640328"/>
    <nd ref="4203640329"/>
    <nd ref="4203640330"/>
    <nd ref="4203640331"/>
    <nd ref="4203892122"/>
    <nd ref="4203640332"/>
    <nd ref="4203640333"/>
    <nd ref="4203640334"/>
    <nd ref="4203640335"/>
    <nd ref="4203640336"/>
    <nd ref="4203640337"/>
    <nd ref="4203640338"/>
    <nd ref="4203640339"/>
    <nd ref="4203640340"/>
    <nd ref="4203640458"/>
    <nd ref="4203640436"/>
    <nd ref="4203640341"/>
    <nd ref="4203640342"/>
    <nd ref="4203640343"/>
    <nd ref="4203640344"/>
    <nd ref="4203640345"/>
    <nd ref="4203640346"/>
    <nd ref="4203640347"/>
    <nd ref="4203640348"/>
    <nd ref="4203640349"/>
    <nd ref="4203640350"/>
    <nd ref="4203640351"/>
    <nd ref="4203640352"/>
    <nd ref="4203640353"/>
    <nd ref="4203640354"/>
    <nd ref="4203640355"/>
    <nd ref="4203640356"/>
    <nd ref="4203640357"/>
    <nd ref="4203640358"/>
    <nd ref="4203640359"/>
    <nd ref="4203640360"/>
    <nd ref="4203640361"/>
    <nd ref="4203640362"/>
    <nd ref="4203640363"/>
    <nd ref="4203640364"/>
    <nd ref="4203640365"/>
    <nd ref="4203640366"/>
    <nd ref="4203640367"/>
    <nd ref="4203640368"/>
    <nd ref="4203640369"/>
    <nd ref="4203640370"/>
    <nd ref="4203640371"/>
    <nd ref="4203640372"/>
    <nd ref="4203640373"/>
    <nd ref="4203640374"/>
    <nd ref="4203640375"/>
    <nd ref="4203640376"/>
    <nd ref="4203640377"/>
    <nd ref="4203640378"/>
    <nd ref="4203640379"/>
    <nd ref="4203640380"/>
    <nd ref="4203640381"/>
    <nd ref="4203640382"/>
    <nd ref="4203640383"/>
    <nd ref="4203640384"/>
    <nd ref="4203640385"/>
    <nd ref="4203640386"/>
    <nd ref="4203640387"/>
    <nd ref="4203640388"/>
    <nd ref="4203640389"/>
    <nd ref="4203640390"/>
    <nd ref="4203640391"/>
    <nd ref="4203640392"/>
    <nd ref="4203640393"/>
    <nd ref="4203640394"/>
    <nd ref="4203640395"/>
    <nd ref="4203640396"/>
    <nd ref="4203640397"/>
    <nd ref="4203640398"/>
    <nd ref="4203640399"/>
    <nd ref="4203640400"/>
    <tag k="bicycle" v="yes"/>
    <tag k="description" v="寬約1米的水泥路，機車可通行。"/>
    <tag k="foot" v="yes"/>
    <tag k="highway" v="track"/>
    <tag k="motor_vehicle" v="no"/>
    <tag k="name" v="成功路五段120巷"/>
    <tag k="surface" v="concrete"/>
  </way>
  <way id="420434167">
    <nd ref="4203640538"/>
    <nd ref="4203640539"/>
    <nd ref="4203640540"/>
    <nd ref="4203640541"/>
    <nd ref="4203640392"/>
    <tag k="highway" v="track"/>
  </way>
  <way id="420457740">
    <nd ref="4203892150"/>
    <nd ref="4203892152"/>
    <nd ref="4436793195"/>
    <nd ref="4203892153"/>
    <nd ref="4436793194"/>
    <nd ref="4203892154"/>
    <nd ref="4203892155"/>
    <nd ref="4203892156"/>
    <nd ref="4203892157"/>
    <nd ref="4203892158"/>
    <nd ref="4203892159"/>
    <nd ref="4203892160"/>
    <nd ref="4203892161"/>
    <nd ref="4203892162"/>
    <nd ref="4203892163"/>
    <nd ref="4203892164"/>
    <nd ref="4203892165"/>
    <nd ref="4203892166"/>
    <nd ref="4203892167"/>
    <nd ref="4203892168"/>
    <nd ref="4203892169"/>
    <nd ref="4954876321"/>
    <nd ref="4954876323"/>
    <nd ref="4203892170"/>
    <nd ref="4203892172"/>
    <nd ref="4203892174"/>
    <nd ref="4203892176"/>
    <nd ref="4203892177"/>
    <nd ref="4203892178"/>
    <nd ref="4203892179"/>
    <nd ref="4203892180"/>
    <nd ref="4203892181"/>
    <tag k="highway" v="service"/>
    <tag k="name" v="成功路五段170巷"/>
    <tag k="service" v="alley"/>
  </way>
  <way id="426300431">
    <nd ref="4256076999"/>
    <nd ref="11485025036"/>
    <nd ref="4256076998"/>
    <nd ref="4256076997"/>
    <nd ref="4373634506"/>
    <nd ref="4256076996"/>
    <nd ref="4256076994"/>
    <nd ref="4420562884"/>
    <nd ref="4256076993"/>
    <nd ref="4256076989"/>
    <tag k="highway" v="service"/>
    <tag k="service" v="alley"/>
  </way>
  <way id="430668176">
    <nd ref="1930089953"/>
    <nd ref="4299317606"/>
    <nd ref="4299317607"/>
    <nd ref="4427585189"/>
    <nd ref="4299317608"/>
    <nd ref="4299317609"/>
    <nd ref="4299317610"/>
    <nd ref="10855689765"/>
    <nd ref="4299317611"/>
    <nd ref="10855689766"/>
    <nd ref="4299317612"/>
    <nd ref="4299317613"/>
    <nd ref="4299317614"/>
    <nd ref="4299317615"/>
    <nd ref="10855689767"/>
    <nd ref="4299317616"/>
    <nd ref="10855689768"/>
    <nd ref="4299317617"/>
    <nd ref="4299317618"/>
    <nd ref="10855689769"/>
    <nd ref="4299317619"/>
    <nd ref="10855689770"/>
    <nd ref="4299317620"/>
    <nd ref="4299317621"/>
    <nd ref="4299317622"/>
    <nd ref="10855689771"/>
    <nd ref="4299317623"/>
    <nd ref="4299317624"/>
    <nd ref="10855689772"/>
    <nd ref="4299317625"/>
    <nd ref="4427585191"/>
    <nd ref="4299317626"/>
    <nd ref="4299317627"/>
    <nd ref="9357906827"/>
    <nd ref="4299317628"/>
    <nd ref="4299317629"/>
    <nd ref="4299317630"/>
    <nd ref="9357906826"/>
    <nd ref="9357906825"/>
    <nd ref="4299317631"/>
    <nd ref="4299317632"/>
    <nd ref="4299317633"/>
    <nd ref="4299317634"/>
    <tag k="highway" v="unclassified"/>
  </way>
  <way id="430668177">
    <nd ref="4299317635"/>
    <nd ref="4299317636"/>
    <nd ref="4299317637"/>
    <nd ref="4427585194"/>
    <nd ref="4299317638"/>
    <nd ref="4299317643"/>
    <nd ref="4299317639"/>
    <nd ref="4299317640"/>
    <nd ref="4427585193"/>
    <nd ref="1930089965"/>
    <tag k="highway" v="service"/>
  </way>
  <way id="430668178">
    <nd ref="1930089962"/>
    <nd ref="4299317641"/>
    <nd ref="4299317642"/>
    <nd ref="4299317643"/>
    <tag k="highway" v="service"/>
  </way>
  <way id="430668179">
    <nd ref="4299317644"/>
    <nd ref="4299317645"/>
    <nd ref="4427585087"/>
    <nd ref="4299317646"/>
    <nd ref="4299317647"/>
    <nd ref="4427585088"/>
    <nd ref="4299317648"/>
    <nd ref="4299317649"/>
    <nd ref="4299317650"/>
    <tag k="highway" v="service"/>
  </way>
  <way id="430668180">
    <nd ref="4299317651"/>
    <nd ref="4299317652"/>
    <nd ref="4299317653"/>
    <nd ref="4299317650"/>
    <nd ref="1662389638"/>
    <tag k="highway" v="service"/>
  </way>
  <way id="430668187">
    <nd ref="4299317732"/>
    <nd ref="4299317733"/>
    <nd ref="4457945317"/>
    <nd ref="4457945315"/>
    <nd ref="4457945314"/>
    <nd ref="4457945313"/>
    <nd ref="4299317734"/>
    <nd ref="9380569660"/>
    <nd ref="4299317735"/>
    <nd ref="4457945312"/>
    <nd ref="9380569661"/>
    <nd ref="4299317736"/>
    <nd ref="4457945311"/>
    <nd ref="4299317737"/>
    <nd ref="4299317738"/>
    <nd ref="9380569662"/>
    <nd ref="4299317739"/>
    <nd ref="4457945316"/>
    <nd ref="4299317740"/>
    <nd ref="4299317741"/>
    <nd ref="4299317742"/>
    <nd ref="4457945318"/>
    <nd ref="4299317743"/>
    <nd ref="4299317744"/>
    <nd ref="4299317745"/>
    <nd ref="4420905601"/>
    <nd ref="4299317746"/>
    <nd ref="4420905600"/>
    <nd ref="4299317748"/>
    <nd ref="9380569663"/>
    <nd ref="4299317749"/>
    <nd ref="4299317750"/>
    <nd ref="4299317751"/>
    <nd ref="9380569664"/>
    <nd ref="4299317752"/>
    <nd ref="4299317753"/>
    <nd ref="4299317754"/>
    <nd ref="4457945310"/>
    <nd ref="4457945309"/>
    <nd ref="4299317755"/>
    <nd ref="9380569665"/>
    <nd ref="4299317756"/>
    <nd ref="4299317757"/>
    <nd ref="9380569666"/>
    <nd ref="4299317758"/>
    <nd ref="9380569668"/>
    <nd ref="9380569667"/>
    <nd ref="4299317759"/>
    <nd ref="4299317760"/>
    <nd ref="4457945308"/>
    <nd ref="4457945307"/>
    <nd ref="9380569669"/>
    <nd ref="4299317761"/>
    <nd ref="4299317762"/>
    <nd ref="9380569670"/>
    <nd ref="4299317763"/>
    <nd ref="4419858228"/>
    <nd ref="9380569671"/>
    <nd ref="4299317764"/>
    <nd ref="4457945306"/>
    <nd ref="4299317765"/>
    <nd ref="4299317766"/>
    <nd ref="9380569672"/>
    <nd ref="2188790952"/>
    <tag k="highway" v="residential"/>
    <tag k="name" v="大湖山莊街243巷"/>
  </way>
  <way id="430668188">
    <nd ref="4868065312"/>
    <nd ref="4299317767"/>
    <nd ref="4868065299"/>
    <nd ref="4299317768"/>
    <nd ref="4299317769"/>
    <tag k="highway" v="service"/>
    <tag k="name" v="成功路五段152巷"/>
  </way>
  <way id="430668189">
    <nd ref="4299317771"/>
    <nd ref="4299317772"/>
    <nd ref="4299317773"/>
    <nd ref="4299317774"/>
    <nd ref="4299317775"/>
    <nd ref="4203640313"/>
    <tag k="highway" v="service"/>
    <tag k="name" v="大湖山莊街"/>
  </way>
  <way id="435091468">
    <nd ref="2133950342"/>
    <nd ref="12725167246"/>
    <nd ref="2133950340"/>
    <tag k="highway" v="residential"/>
    <tag k="name" v="大湖山莊街151巷"/>
  </way>
  <way id="435092156">
    <nd ref="2133950340"/>
    <nd ref="12725167244"/>
    <nd ref="2133950338"/>
    <nd ref="6404011444"/>
    <nd ref="2133950333"/>
    <tag k="highway" v="residential"/>
    <tag k="name" v="大湖山莊街168巷"/>
  </way>
  <way id="435092157">
    <nd ref="2133950272"/>
    <nd ref="12725167250"/>
    <nd ref="12725167241"/>
    <nd ref="293868000"/>
    <nd ref="12725167242"/>
    <nd ref="12725167243"/>
    <nd ref="2133950340"/>
    <tag k="highway" v="unclassified"/>
    <tag k="name" v="大湖山莊街"/>
    <tag k="name:en" v="Dahu Shanzhuang Street"/>
    <tag k="name:zh" v="大湖山莊街"/>
  </way>
  <way id="439690501">
    <nd ref="2133950224"/>
    <nd ref="4863727034"/>
    <nd ref="2080392205"/>
    <nd ref="4868065303"/>
    <nd ref="293848320"/>
    <tag k="highway" v="residential"/>
    <tag k="name" v="大湖街168巷"/>
  </way>
  <way id="442503907">
    <nd ref="2188790896"/>
    <nd ref="4401845180"/>
    <tag k="highway" v="service"/>
  </way>
  <way id="444625975">
    <nd ref="6404980034"/>
    <nd ref="7702583333"/>
    <nd ref="4420905597"/>
    <tag k="highway" v="service"/>
  </way>
  <way id="444625976">
    <nd ref="4420905590"/>
    <nd ref="4420905593"/>
    <tag k="highway" v="residential"/>
  </way>
  <way id="444625977">
    <nd ref="4420905594"/>
    <nd ref="4420905593"/>
    <tag k="highway" v="service"/>
  </way>
  <way id="446416836">
    <nd ref="2133950378"/>
    <nd ref="4436954766"/>
    <nd ref="4436954767"/>
    <tag k="highway" v="residential"/>
  </way>
  <way id="472093896">
    <nd ref="773904868"/>
    <nd ref="4868065288"/>
    <nd ref="13303016231"/>
    <nd ref="2133950272"/>
    <tag k="highway" v="residential"/>
    <tag k="name" v="大湖山莊街120巷"/>
  </way>
  <way id="472093897">
    <nd ref="293867014"/>
    <nd ref="7723489860"/>
    <nd ref="4457184305"/>
    <nd ref="293848319"/>
    <nd ref="2133950267"/>
    <tag k="highway" v="secondary"/>
    <tag k="lit" v="yes"/>
    <tag k="name" v="成功路五段"/>
    <tag k="name:en" v="Section 5, Chenggong Road"/>
    <tag k="name:etymology" v="鄭成功"/>
    <tag k="name:etymology:wikidata" v="Q197615"/>
    <tag k="name:etymology:wikipedia" v="zh:鄭成功"/>
    <tag k="name:nan" v="Sêng-kong-lō͘ 5-tōaⁿ"/>
    <tag k="name:nan-Hant" v="成功路五段"/>
    <tag k="name:nan-Latn-pehoeji" v="Sêng-kong-lō͘ 5-tōaⁿ"/>
    <tag k="name:nan-Latn-tailo" v="Sîng-kong-lōo 5-tuānn"/>
    <tag k="name:zh" v="成功路五段"/>
    <tag k="oneway" v="yes"/>
    <tag k="surface" v="asphalt"/>
  </way>
  <way id="472093898">
    <nd ref="773904868"/>
    <nd ref="2188790596"/>
    <nd ref="2188790609"/>
    <nd ref="7723489861"/>
    <nd ref="773904954"/>
    <tag k="highway" v="secondary"/>
    <tag k="lit" v="yes"/>
    <tag k="name" v="成功路五段"/>
    <tag k="name:en" v="Section 5, Chenggong Road"/>
    <tag k="name:etymology" v="鄭成功"/>
    <tag k="name:etymology:wikidata" v="Q197615"/>
    <tag k="name:etymology:wikipedia" v="zh:鄭成功"/>
    <tag k="name:nan" v="Sêng-kong-lō͘ 5-tōaⁿ"/>
    <tag k="name:nan-Hant" v="成功路五段"/>
    <tag k="name:nan-Latn-pehoeji" v="Sêng-kong-lō͘ 5-tōaⁿ"/>
    <tag k="name:nan-Latn-tailo" v="Sîng-kong-lōo 5-tuānn"/>
    <tag k="name:zh" v="成功路五段"/>
    <tag k="oneway" v="yes"/>
    <tag k="surface" v="asphalt"/>
  </way>
  <way id="495024056">
    <nd ref="2133950221"/>
    <nd ref="2133950223"/>
    <tag k="highway" v="residential"/>
    <tag k="maxspeed" v="30"/>
    <tag k="oneway" v="no"/>
  </way>
  <way id="495024057">
    <nd ref="2133950241"/>
    <nd ref="4457184298"/>
    <nd ref="2133950234"/>
    <nd ref="2133950232"/>
    <nd ref="2133950229"/>
    <nd ref="2133950228"/>
    <tag k="highway" v="residential"/>
    <tag k="maxspeed" v="30"/>
    <tag k="name" v="大湖街160巷18弄"/>
    <tag k="oneway" v="no"/>
  </way>
  <way id="515905505">
    <nd ref="1662389362"/>
    <nd ref="1662389463"/>
    <nd ref="1662389247"/>
    <nd ref="2314879685"/>
    <nd ref="1662389793"/>
    <nd ref="1662389476"/>
    <nd ref="1662389193"/>
    <nd ref="1662389668"/>
    <nd ref="1662390401"/>
    <nd ref="1662389575"/>
    <nd ref="1662390309"/>
    <nd ref="4427585197"/>
    <nd ref="1662389780"/>
    <nd ref="4427585199"/>
    <nd ref="1662389205"/>
    <nd ref="1662390259"/>
    <nd ref="4427585201"/>
    <nd ref="1662389300"/>
    <nd ref="1662389756"/>
    <nd ref="1662389537"/>
    <nd ref="5037267612"/>
    <tag k="highway" v="unclassified"/>
    <tag k="name" v="大湖街"/>
    <tag k="name:en" v="Dahu Street"/>
    <tag k="name:zh" v="大湖街"/>
  </way>
  <way id="562234375">
    <nd ref="5420241083"/>
    <nd ref="5420241084"/>
    <nd ref="5420241085"/>
    <nd ref="5420241086"/>
    <nd ref="5420241087"/>
    <nd ref="5420241088"/>
    <tag k="highway" v="service"/>
    <tag k="surface" v="asphalt"/>
  </way>
  <way id="675763624">
    <nd ref="6328437290"/>
    <nd ref="6328437291"/>
    <nd ref="6328437292"/>
    <nd ref="6328437293"/>
    <nd ref="6328437294"/>
    <nd ref="6328437295"/>
    <tag k="highway" v="service"/>
  </way>
  <way id="683686532">
    <nd ref="305938517"/>
    <nd ref="12725167248"/>
    <nd ref="4408126521"/>
    <nd ref="305938519"/>
    <nd ref="775382028"/>
    <nd ref="12725167247"/>
    <nd ref="4411276388"/>
    <nd ref="4411278189"/>
    <nd ref="1662434803"/>
    <nd ref="1930089934"/>
    <nd ref="2133950375"/>
    <nd ref="293848352"/>
    <nd ref="6404980034"/>
    <nd ref="6404980035"/>
    <nd ref="2188790783"/>
    <nd ref="12725167245"/>
    <nd ref="2133950340"/>
    <tag k="highway" v="unclassified"/>
    <tag k="name" v="大湖山莊街"/>
    <tag k="name:en" v="Dahu Shanzhuang Street"/>
    <tag k="name:zh" v="大湖山莊街"/>
  </way>
  <way id="683830960">
    <nd ref="4299317749"/>
    <nd ref="6405534569"/>
    <nd ref="6405534570"/>
    <nd ref="6405534571"/>
    <nd ref="6405534572"/>
    <tag k="highway" v="service"/>
  </way>
  <way id="683843702">
    <nd ref="1662389720"/>
    <nd ref="6405710610"/>
    <nd ref="6405710611"/>
    <nd ref="6405710612"/>
    <nd ref="6405710613"/>
    <nd ref="6405710614"/>
    <nd ref="6405710615"/>
    <nd ref="6405710616"/>
    <nd ref="6405710617"/>
    <nd ref="6405710618"/>
    <nd ref="6405710619"/>
    <nd ref="6405710620"/>
    <nd ref="6405710621"/>
    <nd ref="6405710622"/>
    <nd ref="6405710623"/>
    <nd ref="6405710624"/>
    <tag k="highway" v="track"/>
  </way>
  <way id="683843703">
    <nd ref="6405710625"/>
    <nd ref="6405710626"/>
    <nd ref="6405710627"/>
    <nd ref="6405710621"/>
    <tag k="highway" v="track"/>
  </way>
  <way id="684054350">
    <nd ref="4436954767"/>
    <nd ref="2133950384"/>
    <nd ref="2188790896"/>
    <nd ref="2133950387"/>
    <tag k="highway" v="residential"/>
    <tag k="name" v="大湖山莊街219巷31弄"/>
  </way>
  <way id="739032568">
    <nd ref="2133950303"/>
    <nd ref="10949063963"/>
    <nd ref="6919712615"/>
    <nd ref="6919712616"/>
    <tag k="highway" v="service"/>
  </way>
  <way id="773675400">
    <nd ref="7221622856"/>
    <nd ref="4203640401"/>
    <nd ref="4203640402"/>
    <nd ref="4203640403"/>
    <nd ref="4203640404"/>
    <nd ref="4203640405"/>
    <nd ref="4203640406"/>
    <nd ref="4203640407"/>
    <nd ref="4203640408"/>
    <nd ref="4203640409"/>
    <nd ref="4203640410"/>
    <nd ref="4203640411"/>
    <nd ref="4203640412"/>
    <nd ref="4203640413"/>
    <nd ref="4203640414"/>
    <nd ref="4203640415"/>
    <nd ref="4203640416"/>
    <nd ref="4203640417"/>
    <nd ref="4203640418"/>
    <nd ref="4203640419"/>
    <nd ref="4203640420"/>
    <nd ref="4203640421"/>
    <nd ref="4203640422"/>
    <nd ref="4203640423"/>
    <nd ref="4203640424"/>
    <nd ref="4203640425"/>
    <nd ref="4203892270"/>
    <nd ref="4203640426"/>
    <nd ref="4203640427"/>
    <nd ref="4203640428"/>
    <nd ref="4203640429"/>
    <nd ref="4203640430"/>
    <nd ref="4203640431"/>
    <nd ref="4203640432"/>
    <nd ref="4203640433"/>
    <nd ref="4203640434"/>
    <nd ref="4203640435"/>
    <tag k="highway" v="track"/>
    <tag k="name" v="成功路五段120巷"/>
  </way>
  <way id="773675401">
    <nd ref="4203640400"/>
    <nd ref="7221622856"/>
    <tag k="bridge" v="yes"/>
    <tag k="highway" v="track"/>
    <tag k="layer" v="1"/>
    <tag k="name" v="成功路五段120巷"/>
  </way>
  <way id="824890702">
    <nd ref="7702583305"/>
    <nd ref="7702583306"/>
    <tag k="highway" v="service"/>
    <tag k="source" v="MapWithAI"/>
  </way>
  <way id="832873497">
    <nd ref="990899306"/>
    <nd ref="7775108656"/>
    <nd ref="11956392743"/>
    <nd ref="990899305"/>
    <tag k="bicycle:lanes" v="|||designated"/>
    <tag k="bridge" v="yes"/>
    <tag k="highway" v="tertiary"/>
    <tag k="lanes" v="4"/>
    <tag k="layer" v="1"/>
    <tag k="lit" v="yes"/>
    <tag k="maxspeed" v="50"/>
    <tag k="motorcycle:lanes" v="yes|yes|yes|designated"/>
    <tag k="name" v="大湖橋"/>
    <tag k="name:en" v="Dahu Bridge"/>
    <tag k="name:zh" v="大湖橋"/>
    <tag k="name:zh-Hant" v="大湖橋"/>
    <tag k="sidewalk" v="both"/>
    <tag k="surface" v="asphalt"/>
  </way>
  <way id="832873498">
    <nd ref="990899305"/>
    <nd ref="11958578563"/>
    <nd ref="990897806"/>
    <tag k="bicycle:lanes" v="|||designated"/>
    <tag k="highway" v="tertiary"/>
    <tag k="lanes" v="4"/>
    <tag k="lit" v="yes"/>
    <tag k="maxspeed" v="50"/>
    <tag k="motorcycle:lanes" v="yes|yes|yes|designated"/>
    <tag k="name" v="康湖路"/>
    <tag k="name:en" v="Kanghu Road"/>
    <tag k="name:zh" v="康湖路"/>
    <tag k="sidewalk" v="both"/>
    <tag k="surface" v="asphalt"/>
  </way>
  <way id="832873499">
    <nd ref="7775108655"/>
    <nd ref="7775108666"/>
    <nd ref="7775108667"/>
    <nd ref="7775108657"/>
    <nd ref="990899306"/>
    <tag k="bicycle:lanes" v="|||designated"/>
    <tag k="highway" v="tertiary"/>
    <tag k="lanes" v="4"/>
    <tag k="lit" v="yes"/>
    <tag k="maxspeed" v="50"/>
    <tag k="motorcycle:lanes" v="yes|yes|yes|designated"/>
    <tag k="name" v="康湖路"/>
    <tag k="name:en" v="Kanghu Road"/>
    <tag k="name:zh" v="康湖路"/>
    <tag k="sidewalk" v="both"/>
    <tag k="surface" v="asphalt"/>
  </way>
  <way id="984414363">
    <nd ref="5424046987"/>
    <nd ref="2979022222"/>
    <nd ref="3393326651"/>
    <nd ref="3393326650"/>
    <nd ref="3393326649"/>
    <nd ref="3393326648"/>
    <nd ref="4203640813"/>
    <nd ref="3393326647"/>
    <nd ref="3393326646"/>
    <nd ref="4203640815"/>
    <nd ref="3393326645"/>
    <nd ref="3393326644"/>
    <nd ref="3393326643"/>
    <nd ref="3393326642"/>
    <nd ref="4203640816"/>
    <nd ref="3393326641"/>
    <nd ref="4203640817"/>
    <nd ref="3393326640"/>
    <nd ref="4203640818"/>
    <nd ref="4203640819"/>
    <nd ref="9101581452"/>
    <nd ref="9101581453"/>
    <nd ref="3393326639"/>
    <nd ref="9101581454"/>
    <nd ref="4203640820"/>
    <nd ref="4203640821"/>
    <nd ref="3393326638"/>
    <nd ref="3393326637"/>
    <nd ref="9101581455"/>
    <nd ref="4203640822"/>
    <nd ref="3393326636"/>
    <nd ref="4203640823"/>
    <nd ref="4203640824"/>
    <nd ref="3393326635"/>
    <nd ref="3393326634"/>
    <tag k="highway" v="residential"/>
    <tag k="surface" v="concrete"/>
    <tag k="width" v="2.5"/>
  </way>
  <way id="984414365">
    <nd ref="3393326640"/>
    <nd ref="9101592005"/>
    <nd ref="9101592006"/>
    <nd ref="9101592007"/>
    <nd ref="9101592008"/>
    <nd ref="9101592009"/>
    <nd ref="9101592010"/>
    <tag k="highway" v="service"/>
  </way>
  <way id="984416864">
    <nd ref="3393326634"/>
    <nd ref="9101564082"/>
    <nd ref="9101564081"/>
    <nd ref="9101564080"/>
    <nd ref="9101564083"/>
    <nd ref="3084489874"/>
    <nd ref="3393326632"/>
    <nd ref="3393326631"/>
    <nd ref="3393326630"/>
    <nd ref="3393326629"/>
    <nd ref="4203640828"/>
    <nd ref="3393326628"/>
    <nd ref="3393326627"/>
    <nd ref="8663235112"/>
    <nd ref="3393326626"/>
    <nd ref="4203640829"/>
    <nd ref="4203640830"/>
    <tag k="highway" v="residential"/>
    <tag k="surface" v="concrete"/>
    <tag k="width" v="2.5"/>
  </way>
  <way id="1289671659">
    <nd ref="2979021653"/>
    <nd ref="7775108655"/>
    <tag k="highway" v="tertiary"/>
    <tag k="lanes" v="3"/>
    <tag k="lanes:backward" v="2"/>
    <tag k="lanes:forward" v="1"/>
    <tag k="lit" v="yes"/>
    <tag k="maxspeed" v="50"/>
    <tag k="name" v="康湖路"/>
    <tag k="name:en" v="Kanghu Road"/>
    <tag k="name:zh" v="康湖路"/>
    <tag k="sidewalk" v="both"/>
    <tag k="surface" v="asphalt"/>
  </way>
  <way id="1290238458">
    <nd ref="773904957"/>
    <nd ref="4868065290"/>
    <nd ref="13303016230"/>
    <nd ref="2133950272"/>
    <tag k="highway" v="unclassified"/>
    <tag k="name" v="大湖山莊街"/>
    <tag k="name:en" v="Dahu Shanzhuang Street"/>
    <tag k="name:zh" v="大湖山莊街"/>
    <tag k="oneway" v="yes"/>
  </way>
  <way id="1304421883">
    <nd ref="3854146579"/>
    <nd ref="773904964"/>
    <tag k="highway" v="tertiary"/>
    <tag k="name" v="康湖路"/>
    <tag k="name:en" v="Kanghu Road"/>
    <tag k="name:zh" v="康湖路"/>
    <tag k="surface" v="asphalt"/>
  </way>
  <way id="1304428672">
    <nd ref="773904964"/>
    <nd ref="2720444131"/>
    <nd ref="2720444139"/>
    <nd ref="2720444143"/>
    <nd ref="773904965"/>
    <nd ref="2720444147"/>
    <nd ref="773904968"/>
    <nd ref="7723489856"/>
    <nd ref="4203892181"/>
    <nd ref="990899318"/>
    <nd ref="7723489858"/>
    <nd ref="773904966"/>
    <nd ref="773904967"/>
    <nd ref="4868065301"/>
    <nd ref="4299317767"/>
    <nd ref="4868065297"/>
    <nd ref="1710532609"/>
    <nd ref="2922229219"/>
    <nd ref="2922229220"/>
    <nd ref="773904958"/>
    <nd ref="12306481569"/>
    <tag k="highway" v="secondary"/>
    <tag k="lit" v="yes"/>
    <tag k="name" v="成功路五段"/>
    <tag k="name:en" v="Section 5, Chenggong Road"/>
    <tag k="name:etymology" v="鄭成功"/>
    <tag k="name:etymology:wikidata" v="Q197615"/>
    <tag k="name:etymology:wikipedia" v="zh:鄭成功"/>
    <tag k="name:nan" v="Sêng-kong-lō͘ 5-tōaⁿ"/>
    <tag k="name:nan-Hant" v="成功路五段"/>
    <tag k="name:nan-Latn-pehoeji" v="Sêng-kong-lō͘ 5-tōaⁿ"/>
    <tag k="name:nan-Latn-tailo" v="Sîng-kong-lōo 5-tuānn"/>
    <tag k="name:zh" v="成功路五段"/>
    <tag k="oneway" v="yes"/>
    <tag k="surface" v="asphalt"/>
  </way>
  <way id="1304428673">
    <nd ref="773904957"/>
    <nd ref="773904868"/>
    <tag k="highway" v="secondary"/>
    <tag k="lit" v="yes"/>
    <tag k="name" v="成功路五段"/>
    <tag k="name:en" v="Section 5, Chenggong Road"/>
    <tag k="name:etymology" v="鄭成功"/>
    <tag k="name:etymology:wikidata" v="Q197615"/>
    <tag k="name:etymology:wikipedia" v="zh:鄭成功"/>
    <tag k="name:nan" v="Sêng-kong-lō͘ 5-tōaⁿ"/>
    <tag k="name:nan-Hant" v="成功路五段"/>
    <tag k="name:nan-Latn-pehoeji" v="Sêng-kong-lō͘ 5-tōaⁿ"/>
    <tag k="name:nan-Latn-tailo" v="Sîng-kong-lōo 5-tuānn"/>
    <tag k="name:zh" v="成功路五段"/>
    <tag k="oneway" v="yes"/>
    <tag k="surface" v="asphalt"/>
  </way>
  <way id="1304428674">
    <nd ref="2133950267"/>
    <nd ref="773904868"/>
    <tag k="highway" v="residential"/>
  </way>
  <way id="1304428675">
    <nd ref="12306481568"/>
    <nd ref="293848321"/>
    <nd ref="2003900536"/>
    <nd ref="2922229218"/>
    <nd ref="773904955"/>
    <nd ref="4868065296"/>
    <nd ref="4868065312"/>
    <nd ref="4868065302"/>
    <nd ref="305938667"/>
    <nd ref="2003900958"/>
    <nd ref="7723489859"/>
    <nd ref="4868065311"/>
    <nd ref="7723489857"/>
    <nd ref="305938666"/>
    <nd ref="2720444146"/>
    <nd ref="773936462"/>
    <nd ref="2720444137"/>
    <nd ref="12082973711"/>
    <nd ref="3854146579"/>
    <tag k="highway" v="secondary"/>
    <tag k="lit" v="yes"/>
    <tag k="name" v="成功路五段"/>
    <tag k="name:en" v="Section 5, Chenggong Road"/>
    <tag k="name:etymology" v="鄭成功"/>
    <tag k="name:etymology:wikidata" v="Q197615"/>
    <tag k="name:etymology:wikipedia" v="zh:鄭成功"/>
    <tag k="name:nan" v="Sêng-kong-lō͘ 5-tōaⁿ"/>
    <tag k="name:nan-Hant" v="成功路五段"/>
    <tag k="name:nan-Latn-pehoeji" v="Sêng-kong-lō͘ 5-tōaⁿ"/>
    <tag k="name:nan-Latn-tailo" v="Sîng-kong-lōo 5-tuānn"/>
    <tag k="name:zh" v="成功路五段"/>
    <tag k="oneway" v="yes"/>
    <tag k="surface" v="asphalt"/>
  </way>
  <way id="1330095471">
    <nd ref="2133950267"/>
    <nd ref="305938529"/>
    <nd ref="293848320"/>
    <nd ref="12306481568"/>
    <tag k="highway" v="secondary"/>
    <tag k="lit" v="yes"/>
    <tag k="name" v="成功路五段"/>
    <tag k="name:en" v="Section 5, Chenggong Road"/>
    <tag k="name:etymology" v="鄭成功"/>
    <tag k="name:etymology:wikidata" v="Q197615"/>
    <tag k="name:etymology:wikipedia" v="zh:鄭成功"/>
    <tag k="name:nan" v="Sêng-kong-lō͘ 5-tōaⁿ"/>
    <tag k="name:nan-Hant" v="成功路五段"/>
    <tag k="name:nan-Latn-pehoeji" v="Sêng-kong-lō͘ 5-tōaⁿ"/>
    <tag k="name:nan-Latn-tailo" v="Sîng-kong-lōo 5-tuānn"/>
    <tag k="name:zh" v="成功路五段"/>
    <tag k="oneway" v="yes"/>
    <tag k="surface" v="asphalt"/>
  </way>
  <way id="1330095472">
    <nd ref="12306481569"/>
    <nd ref="773904957"/>
    <tag k="highway" v="secondary"/>
    <tag k="lit" v="yes"/>
    <tag k="name" v="成功路五段"/>
    <tag k="name:en" v="Section 5, Chenggong Road"/>
    <tag k="name:etymology" v="鄭成功"/>
    <tag k="name:etymology:wikidata" v="Q197615"/>
    <tag k="name:etymology:wikipedia" v="zh:鄭成功"/>
    <tag k="name:nan" v="Sêng-kong-lō͘ 5-tōaⁿ"/>
    <tag k="name:nan-Hant" v="成功路五段"/>
    <tag k="name:nan-Latn-pehoeji" v="Sêng-kong-lō͘ 5-tōaⁿ"/>
    <tag k="name:nan-Latn-tailo" v="Sîng-kong-lōo 5-tuānn"/>
    <tag k="name:zh" v="成功路五段"/>
    <tag k="oneway" v="yes"/>
    <tag k="surface" v="asphalt"/>
  </way>
</osm>
