<?xml version="1.0" encoding="UTF-8"?>
<osm version="0.6" generator="region-download">
  <node id="3105435851" lat="24.6804910" lon="121.3794828"/>
  <node id="3105435850" lat="24.6804014" lon="121.3795595"/>
  <node id="4446868756" lat="24.6803466" lon="121.3796205"/>
  <node id="3105435849" lat="24.6802889" lon="121.3797126"/>
  <node id="300590364" lat="24.6802486" lon="121.3798150"/>
  <node id="4446868755" lat="24.6802363" lon="121.3799242"/>
  <node id="4446868754" lat="24.6802228" lon="121.3801670"/>
  <node id="4446868753" lat="24.6802022" lon="121.3805049"/>
  <node id="4446868752" lat="24.6801888" lon="121.3807953"/>
  <node id="4446868751" lat="24.6801717" lon="121.3810340"/>
  <node id="4446868750" lat="24.6801303" lon="121.3812640"/>
  <node id="300590365" lat="24.6800664" lon="121.3815545"/>
  <node id="300590366" lat="24.6800205" lon="121.3817314"/>
  <node id="3105435848" lat="24.6799520" lon="121.3819072"/>
  <node id="2001312418" lat="24.6798949" lon="121.3820212"/>
  <node id="4446868749" lat="24.6797988" lon="121.3821726"/>
  <node id="4446868748" lat="24.6797196" lon="121.3822725"/>
  <node id="300590367" lat="24.6796766" lon="121.3823279"/>
  <node id="2001312416" lat="24.6795876" lon="121.3824200"/>
  <node id="2001312414" lat="24.6795395" lon="121.3824508"/>
  <node id="4446868747" lat="24.6794759" lon="121.3824951"/>
  <node id="4446868746" lat="24.6794077" lon="121.3825246"/>
  <node id="4446868745" lat="24.6792943" lon="121.3825413"/>
  <node id="4446868744" lat="24.6792084" lon="121.3825976"/>
  <node id="2001312412" lat="24.6791079" lon="121.3826697"/>
  <node id="4446868743" lat="24.6789677" lon="121.3827741"/>
  <node id="3716246623" lat="24.6788327" lon="121.3828617"/>
  <node id="4446868737" lat="24.6786716" lon="121.3829752"/>
  <node id="2001312410" lat="24.6785122" lon="121.3831050"/>
  <node id="4446868731" lat="24.6784102" lon="121.3832112"/>
  <node id="4446868729" lat="24.6783340" lon="121.3833279"/>
  <node id="3716246621" lat="24.6782879" lon="121.3834155"/>
  <node id="2001312396" lat="24.6782176" lon="121.3836458"/>
  <node id="4446868727" lat="24.6781647" lon="121.3838657"/>
  <node id="2001312368" lat="24.6781222" lon="121.3840364"/>
  <node id="4446868726" lat="24.6780988" lon="121.3841393"/>
  <node id="3105435839" lat="24.6780869" lon="121.3842422"/>
  <node id="4446868725" lat="24.6780818" lon="121.3843565"/>
  <node id="3105435838" lat="24.6780894" lon="121.3844957"/>
  <node id="300590370" lat="24.6781175" lon="121.3846088"/>
  <node id="9462162327" lat="24.6781452" lon="121.3846846"/>
  <node id="2001312394" lat="24.6782112" lon="121.3848187"/>
  <node id="4446868730" lat="24.6783511" lon="121.3850794"/>
  <node id="2001312398" lat="24.6783996" lon="121.3852105"/>
  <node id="2001312400" lat="24.6784522" lon="121.3853678"/>
  <node id="2001312402" lat="24.6784730" lon="121.3855555"/>
  <node id="11215722763" lat="24.6784730" lon="121.3856677"/>
  <node id="4446868733" lat="24.6784730" lon="121.3858546"/>
  <node id="4446868734" lat="24.6784766" lon="121.3860276"/>
  <node id="2001312404" lat="24.6784934" lon="121.3861398"/>
  <node id="4445311626" lat="24.6786666" lon="121.3867291"/>
  <node id="2001312406" lat="24.6786813" lon="121.3868544"/>
  <node id="9462162326" lat="24.6786905" lon="121.3869832"/>
  <node id="2001312408" lat="24.6786703" lon="121.3873761"/>
  <node id="4446868739" lat="24.6786935" lon="121.3874974"/>
  <node id="1388710988" lat="24.6787253" lon="121.3875685"/>
  <node id="4446868741" lat="24.6787618" lon="121.3877455"/>
  <node id="4446868742" lat="24.6787727" lon="121.3878569"/>
  <node id="3105435846" lat="24.6787770" lon="121.3879401"/>
  <node id="4446868740" lat="24.6787533" lon="121.3879883"/>
  <node id="4446868738" lat="24.6787228" lon="121.3880500"/>
  <node id="3105435845" lat="24.6786460" lon="121.3881425"/>
  <node id="3105435843" lat="24.6785851" lon="121.3882069"/>
  <node id="4446868735" lat="24.6785150" lon="121.3882672"/>
  <node id="4446868732" lat="24.6784371" lon="121.3883283"/>
  <node id="3105435842" lat="24.6783944" lon="121.3883899"/>
  <node id="4446868728" lat="24.6783219" lon="121.3886521"/>
  <node id="3105435841" lat="24.6782871" lon="121.3887426"/>
  <node id="3105435840" lat="24.6782360" lon="121.3888540"/>
  <node id="2368831463" lat="24.6781823" lon="121.3889291"/>
  <node id="2368831462" lat="24.6780910" lon="121.3889753"/>
  <node id="4446868724" lat="24.6780062" lon="121.3890156"/>
  <node id="4446868723" lat="24.6778868" lon="121.3892007"/>
  <node id="2368831460" lat="24.6778223" lon="121.3893079"/>
  <node id="300590373" lat="24.6777891" lon="121.3893744"/>
  <node id="2368831455" lat="24.6777752" lon="121.3894528"/>
  <node id="2368831454" lat="24.6777789" lon="121.3896177"/>
  <node id="4446868722" lat="24.6778515" lon="121.3898203"/>
  <node id="300590374" lat="24.6778825" lon="121.3899101"/>
  <node id="3105435837" lat="24.6778631" lon="121.3899778"/>
  <node id="4446868721" lat="24.6778441" lon="121.3900214"/>
  <node id="3105435834" lat="24.6778093" lon="121.3900597"/>
  <node id="4446868720" lat="24.6777473" lon="121.3900804"/>
  <node id="4446868719" lat="24.6776571" lon="121.3900703"/>
  <node id="2368831452" lat="24.6775832" lon="121.3900356"/>
  <node id="4446868718" lat="24.6775298" lon="121.3900107"/>
  <node id="2340772658" lat="24.6774015" lon="121.3899712"/>
  <node id="2368831446" lat="24.6771708" lon="121.3899283"/>
  <node id="4446868716" lat="24.6770825" lon="121.3899335"/>
  <node id="300590383" lat="24.6770240" lon="121.3899652"/>
  <node id="3105435830" lat="24.6769838" lon="121.3900242"/>
  <node id="2340772657" lat="24.6769196" lon="121.3903555"/>
  <node id="300590384" lat="24.6768828" lon="121.3905794"/>
  <node id="3105435828" lat="24.6768788" lon="121.3907128"/>
  <node id="300590385" lat="24.6769771" lon="121.3910060"/>
  <node id="3105435832" lat="24.6770280" lon="121.3911326"/>
  <node id="3105435833" lat="24.6770353" lon="121.3912150"/>
  <node id="9462162325" lat="24.6769990" lon="121.3913036"/>
  <node id="2368831444" lat="24.6769370" lon="121.3913446"/>
  <node id="3105435829" lat="24.6768434" lon="121.3913418"/>
  <node id="4446868713" lat="24.6767547" lon="121.3913364"/>
  <node id="2340772656" lat="24.6766797" lon="121.3913479"/>
  <node id="300590387" lat="24.6766214" lon="121.3913915"/>
  <node id="4446868712" lat="24.6765658" lon="121.3914443"/>
  <node id="4446868711" lat="24.6764780" lon="121.3915362"/>
  <node id="2368831440" lat="24.6764176" lon="121.3915778"/>
  <node id="4446868710" lat="24.6762319" lon="121.3916535"/>
  <node id="4446868709" lat="24.6760979" lon="121.3917367"/>
  <node id="2368831430" lat="24.6758853" lon="121.3918655"/>
  <node id="4446868708" lat="24.6758072" lon="121.3919331"/>
  <node id="300590388" lat="24.6756892" lon="121.3920573"/>
  <node id="4446868707" lat="24.6756202" lon="121.3921095"/>
  <node id="300590389" lat="24.6755569" lon="121.3921271"/>
  <node id="4446868706" lat="24.6753417" lon="121.3921457"/>
  <node id="4446868705" lat="24.6751936" lon="121.3921765"/>
  <node id="12032716256" lat="24.6748938" lon="121.3922350"/>
  <node id="2368831421" lat="24.6746642" lon="121.3922525"/>
  <node id="300590390" lat="24.6745429" lon="121.3922598"/>
  <node id="2368831415" lat="24.6744907" lon="121.3922961"/>
  <node id="300590391" lat="24.6744545" lon="121.3923671"/>
  <node id="300590392" lat="24.6744660" lon="121.3924469"/>
  <node id="3105435817" lat="24.6745396" lon="121.3925502"/>
  <node id="2368831419" lat="24.6748254" lon="121.3928257"/>
  <node id="2368831424" lat="24.6750019" lon="121.3931256"/>
  <node id="300590393" lat="24.6751695" lon="121.3932831"/>
  <node id="3105435822" lat="24.6752257" lon="121.3933407"/>
  <node id="3105435823" lat="24.6752400" lon="121.3933790"/>
  <node id="3105435826" lat="24.6752705" lon="121.3936519"/>
  <node id="12032716257" lat="24.6753173" lon="121.3938504"/>
  <node id="2368831427" lat="24.6753302" lon="121.3939295"/>
  <node id="3105435827" lat="24.6752911" lon="121.3941488"/>
  <node id="300590395" lat="24.6752601" lon="121.3942420"/>
  <node id="3105435824" lat="24.6752436" lon="121.3945988"/>
  <node id="3105435825" lat="24.6752328" lon="121.3946899"/>
  <node id="300590396" lat="24.6752128" lon="121.3947516"/>
  <node id="9462162324" lat="24.6751760" lon="121.3948065"/>
  <node id="300590397" lat="24.6749222" lon="121.3950547"/>
  <node id="3105435821" lat="24.6748705" lon="121.3951432"/>
  <node id="3105435820" lat="24.6748500" lon="121.3952498"/>
  <node id="12032716258" lat="24.6748104" lon="121.3953484"/>
  <node id="2340772654" lat="24.6747571" lon="121.3954068"/>
  <node id="3105435818" lat="24.6745174" lon="121.3954825"/>
  <node id="2368831412" lat="24.6744106" lon="121.3955602"/>
  <node id="3105435816" lat="24.6743286" lon="121.3956355"/>
  <node id="2368831410" lat="24.6742793" lon="121.3957615"/>
  <node id="3105435815" lat="24.6742140" lon="121.3958378"/>
  <node id="3105435813" lat="24.6738645" lon="121.3960471"/>
  <node id="300590398" lat="24.6737354" lon="121.3961577"/>
  <node id="3105435807" lat="24.6736630" lon="121.3962958"/>
  <node id="9462162323" lat="24.6736082" lon="121.3964327"/>
  <node id="2368831386" lat="24.6736023" lon="121.3965460"/>
  <node id="3105435797" lat="24.6736269" lon="121.3966660"/>
  <node id="300590399" lat="24.6737001" lon="121.3968356"/>
  <node id="3105435805" lat="24.6737835" lon="121.3969973"/>
  <node id="300590400" lat="24.6738845" lon="121.3972145"/>
  <node id="3105435810" lat="24.6739179" lon="121.3974465"/>
  <node id="3105435812" lat="24.6739331" lon="121.3976639"/>
  <node id="2368831400" lat="24.6739187" lon="121.3979414"/>
  <node id="300590401" lat="24.6738801" lon="121.3981533"/>
  <node id="3105435811" lat="24.6737978" lon="121.3983652"/>
  <node id="300590402" lat="24.6736578" lon="121.3986227"/>
  <node id="3105435796" lat="24.6735748" lon="121.3988480"/>
  <node id="4446856762" lat="24.6735484" lon="121.3989394"/>
  <node id="300590403" lat="24.6734771" lon="121.3991479"/>
  <node id="3105435793" lat="24.6734638" lon="121.3992364"/>
  <node id="4446856758" lat="24.6734747" lon="121.3993075"/>
  <node id="4446856761" lat="24.6735338" lon="121.3995972"/>
  <node id="300590404" lat="24.6735375" lon="121.3996757"/>
  <node id="3105435794" lat="24.6735069" lon="121.3997707"/>
  <node id="4446856753" lat="24.6734394" lon="121.3998755"/>
  <node id="2340772649" lat="24.6733449" lon="121.4000130"/>
  <node id="4446856751" lat="24.6732937" lon="121.4000646"/>
  <node id="4446856747" lat="24.6732012" lon="121.4001384"/>
  <node id="2340772648" lat="24.6731299" lon="121.4002208"/>
  <node id="2368831374" lat="24.6731018" lon="121.4002885"/>
  <node id="3105435790" lat="24.6730860" lon="121.4003629"/>
  <node id="3105435791" lat="24.6730939" lon="121.4004260"/>
  <node id="300590416" lat="24.6731335" lon="121.4004582"/>
  <node id="4446856748" lat="24.6732152" lon="121.4004938"/>
  <node id="4446856750" lat="24.6732846" lon="121.4005052"/>
  <node id="3105435792" lat="24.6734308" lon="121.4005427"/>
  <node id="300590448" lat="24.6734820" lon="121.4005735"/>
  <node id="4446856757" lat="24.6735118" lon="121.4006192"/>
  <node id="3105435795" lat="24.6735345" lon="121.4007754"/>
  <node id="2368831382" lat="24.6735789" lon="121.4009403"/>
  <node id="3105435799" lat="24.6737204" lon="121.4012914"/>
  <node id="300590450" lat="24.6737560" lon="121.4014168"/>
  <node id="3105435801" lat="24.6737536" lon="121.4015081"/>
  <node id="4446856767" lat="24.6737337" lon="121.4015787"/>
  <node id="4446856765" lat="24.6737142" lon="121.4016444"/>
  <node id="2340772650" lat="24.6736770" lon="121.4018105"/>
  <node id="3105435798" lat="24.6736697" lon="121.4018815"/>
  <node id="4446856764" lat="24.6736813" lon="121.4019743"/>
  <node id="2368831389" lat="24.6736941" lon="121.4020601"/>
  <node id="3105435806" lat="24.6737239" lon="121.4021433"/>
  <node id="4446856768" lat="24.6737629" lon="121.4022352"/>
  <node id="4446856769" lat="24.6737599" lon="121.4023431"/>
  <node id="2368831393" lat="24.6737227" lon="121.4025054"/>
  <node id="2368831390" lat="24.6737197" lon="121.4026033"/>
  <node id="3105435802" lat="24.6737629" lon="121.4027414"/>
  <node id="4446856771" lat="24.6738233" lon="121.4028816"/>
  <node id="4446856772" lat="24.6738567" lon="121.4029896"/>
  <node id="3105435808" lat="24.6738506" lon="121.4030593"/>
  <node id="2368831395" lat="24.6738421" lon="121.4031183"/>
  <node id="3105435809" lat="24.6738068" lon="121.4032095"/>
  <node id="4446856770" lat="24.6737715" lon="121.4032712"/>
  <node id="3105435800" lat="24.6737178" lon="121.4033537"/>
  <node id="9462162322" lat="24.6736922" lon="121.4034252"/>
  <node id="300590461" lat="24.6736892" lon="121.4035063"/>
  <node id="4446856766" lat="24.6737386" lon="121.4036836"/>
  <node id="3105435804" lat="24.6737715" lon="121.4039229"/>
  <node id="2340772651" lat="24.6738019" lon="121.4040952"/>
  <node id="4446856773" lat="24.6738207" lon="121.4041785"/>
  <node id="4446856774" lat="24.6738714" lon="121.4042703"/>
  <node id="4446856775" lat="24.6739128" lon="121.4043260"/>
  <node id="4446856776" lat="24.6739506" lon="121.4043575"/>
  <node id="4446856777" lat="24.6739848" lon="121.4043803"/>
  <node id="300590462" lat="24.6740304" lon="121.4044078"/>
  <node id="4446856779" lat="24.6740907" lon="121.4044259"/>
  <node id="4446856780" lat="24.6741773" lon="121.4044406"/>
  <node id="4446856781" lat="24.6743265" lon="121.4044359"/>
  <node id="4446856784" lat="24.6745380" lon="121.4044588"/>
  <node id="300590486" lat="24.6745801" lon="121.4044694"/>
  <node id="3105423568" lat="24.6751379" lon="121.4048309"/>
  <node id="9196052501" lat="24.6735825" lon="121.3763631"/>
  <node id="9196052731" lat="24.6735136" lon="121.3763470"/>
  <node id="9196052730" lat="24.6734478" lon="121.3763577"/>
  <node id="9196052729" lat="24.6733966" lon="121.3763953"/>
  <node id="9196052728" lat="24.6732967" lon="121.3764999"/>
  <node id="9196052727" lat="24.6731821" lon="121.3766098"/>
  <node id="9196052726" lat="24.6731139" lon="121.3766608"/>
  <node id="9196052725" lat="24.6730042" lon="121.3767332"/>
  <node id="9196052724" lat="24.6729457" lon="121.3767761"/>
  <node id="9196052723" lat="24.6729067" lon="121.3768164"/>
  <node id="9196052722" lat="24.6728750" lon="121.3768673"/>
  <node id="9196052721" lat="24.6728458" lon="121.3769398"/>
  <node id="9196052720" lat="24.6726337" lon="121.3776693"/>
  <node id="9196052719" lat="24.6725923" lon="121.3777686"/>
  <node id="9196052718" lat="24.6725460" lon="121.3778678"/>
  <node id="9196052717" lat="24.6722876" lon="121.3782996"/>
  <node id="9196052716" lat="24.6722340" lon="121.3784284"/>
  <node id="9196052715" lat="24.6722218" lon="121.3784901"/>
  <node id="9196052714" lat="24.6722242" lon="121.3785571"/>
  <node id="9196052713" lat="24.6722413" lon="121.3786993"/>
  <node id="9196052712" lat="24.6722389" lon="121.3788441"/>
  <node id="9196052711" lat="24.6722194" lon="121.3790346"/>
  <node id="9196052710" lat="24.6721974" lon="121.3791553"/>
  <node id="9196052709" lat="24.6721536" lon="121.3792518"/>
  <node id="9196052708" lat="24.6721048" lon="121.3793216"/>
  <node id="9196052707" lat="24.6715857" lon="121.3798768"/>
  <node id="9196052706" lat="24.6715223" lon="121.3799546"/>
  <node id="9196052705" lat="24.6715101" lon="121.3800028"/>
  <node id="9196052704" lat="24.6715174" lon="121.3800753"/>
  <node id="9196052703" lat="24.6715345" lon="121.3801048"/>
  <node id="9196052702" lat="24.6715881" lon="121.3801316"/>
  <node id="9196052701" lat="24.6717270" lon="121.3801557"/>
  <node id="9196052700" lat="24.6718830" lon="121.3801960"/>
  <node id="9196052699" lat="24.6719440" lon="121.3802308"/>
  <node id="9196052698" lat="24.6719927" lon="121.3802898"/>
  <node id="9196052697" lat="24.6721877" lon="121.3806466"/>
  <node id="9196052696" lat="24.6722072" lon="121.3807136"/>
  <node id="9196052695" lat="24.6722169" lon="121.3808209"/>
  <node id="9196052694" lat="24.6722364" lon="121.3810167"/>
  <node id="9196052693" lat="24.6722559" lon="121.3810865"/>
  <node id="9196052692" lat="24.6723096" lon="121.3811535"/>
  <node id="9196052691" lat="24.6725119" lon="121.3813761"/>
  <node id="9196052690" lat="24.6728872" lon="121.3817141"/>
  <node id="9196052689" lat="24.6729384" lon="121.3817570"/>
  <node id="9196052688" lat="24.6729676" lon="121.3818080"/>
  <node id="9196052687" lat="24.6729774" lon="121.3818723"/>
  <node id="9196052686" lat="24.6729896" lon="121.3821727"/>
  <node id="9196052685" lat="24.6730115" lon="121.3822210"/>
  <node id="9196052684" lat="24.6730627" lon="121.3822559"/>
  <node id="9196052683" lat="24.6731456" lon="121.3822961"/>
  <node id="9196052682" lat="24.6732967" lon="121.3823632"/>
  <node id="9196052681" lat="24.6733576" lon="121.3824061"/>
  <node id="9196052680" lat="24.6734965" lon="121.3825509"/>
  <node id="9196052679" lat="24.6736087" lon="121.3826663"/>
  <node id="9196052678" lat="24.6736842" lon="121.3827253"/>
  <node id="9196052677" lat="24.6738110" lon="121.3828004"/>
  <node id="9196052676" lat="24.6738621" lon="121.3828353"/>
  <node id="9196052675" lat="24.6739060" lon="121.3828943"/>
  <node id="9196052674" lat="24.6739986" lon="121.3830525"/>
  <node id="9196052673" lat="24.6741497" lon="121.3833476"/>
  <node id="9196052672" lat="24.6742716" lon="121.3835112"/>
  <node id="9196052671" lat="24.6743788" lon="121.3836131"/>
  <node id="9196052670" lat="24.6745080" lon="121.3837097"/>
  <node id="9196052669" lat="24.6747298" lon="121.3838143"/>
  <node id="9196052668" lat="24.6747688" lon="121.3838464"/>
  <node id="9196052667" lat="24.6747834" lon="121.3838947"/>
  <node id="9196052666" lat="24.6747810" lon="121.3839671"/>
  <node id="9196052665" lat="24.6747030" lon="121.3843963"/>
  <node id="9196052664" lat="24.6746713" lon="121.3845170"/>
  <node id="9196052663" lat="24.6744178" lon="121.3851151"/>
  <node id="9196052662" lat="24.6743618" lon="121.3852358"/>
  <node id="9196052661" lat="24.6743399" lon="121.3853297"/>
  <node id="9196052660" lat="24.6743277" lon="121.3854129"/>
  <node id="9196052659" lat="24.6743325" lon="121.3854933"/>
  <node id="9196052658" lat="24.6743569" lon="121.3855952"/>
  <node id="9196052657" lat="24.6743886" lon="121.3856945"/>
  <node id="9196052656" lat="24.6744178" lon="121.3857991"/>
  <node id="9196052655" lat="24.6744349" lon="121.3859386"/>
  <node id="9196052654" lat="24.6745251" lon="121.3861692"/>
  <node id="9196052653" lat="24.6745592" lon="121.3862524"/>
  <node id="9196052652" lat="24.6745836" lon="121.3863329"/>
  <node id="9196052651" lat="24.6747396" lon="121.3873011"/>
  <node id="9196052650" lat="24.6747493" lon="121.3873977"/>
  <node id="9196052649" lat="24.6747444" lon="121.3874728"/>
  <node id="9196052648" lat="24.6747176" lon="121.3875533"/>
  <node id="9196052647" lat="24.6746689" lon="121.3875989"/>
  <node id="9196052646" lat="24.6743935" lon="121.3877437"/>
  <node id="9196052645" lat="24.6743130" lon="121.3878108"/>
  <node id="9196052644" lat="24.6742619" lon="121.3878859"/>
  <node id="9196052643" lat="24.6741351" lon="121.3881487"/>
  <node id="9196052642" lat="24.6740522" lon="121.3882480"/>
  <node id="9196052641" lat="24.6739767" lon="121.3882962"/>
  <node id="9196052640" lat="24.6738451" lon="121.3883177"/>
  <node id="9196052639" lat="24.6734283" lon="121.3883365"/>
  <node id="9196052638" lat="24.6733576" lon="121.3883472"/>
  <node id="9196052637" lat="24.6732699" lon="121.3883794"/>
  <node id="9196052636" lat="24.6731699" lon="121.3884384"/>
  <node id="9196052635" lat="24.6729579" lon="121.3884947"/>
  <node id="9196052634" lat="24.6726703" lon="121.3885189"/>
  <node id="9196052633" lat="24.6721804" lon="121.3884840"/>
  <node id="9196052632" lat="24.6720951" lon="121.3884867"/>
  <node id="9196052631" lat="24.6720439" lon="121.3885108"/>
  <node id="9196052630" lat="24.6719878" lon="121.3885645"/>
  <node id="9196052629" lat="24.6718952" lon="121.3886825"/>
  <node id="9196052628" lat="24.6717051" lon="121.3888783"/>
  <node id="9196052627" lat="24.6713809" lon="121.3891197"/>
  <node id="9196052626" lat="24.6710665" lon="121.3893235"/>
  <node id="9196052625" lat="24.6706521" lon="121.3895300"/>
  <node id="9196052624" lat="24.6705766" lon="121.3895569"/>
  <node id="9196052623" lat="24.6705035" lon="121.3895596"/>
  <node id="9196052622" lat="24.6703402" lon="121.3895327"/>
  <node id="9196052621" lat="24.6702061" lon="121.3895166"/>
  <node id="9196052620" lat="24.6701549" lon="121.3895247"/>
  <node id="9196052619" lat="24.6701110" lon="121.3895461"/>
  <node id="9196052618" lat="24.6700452" lon="121.3896534"/>
  <node id="9196052617" lat="24.6699575" lon="121.3898412"/>
  <node id="9196052616" lat="24.6697747" lon="121.3901067"/>
  <node id="9196052615" lat="24.6695943" lon="121.3903293"/>
  <node id="9196052614" lat="24.6694968" lon="121.3904661"/>
  <node id="9196052613" lat="24.6693116" lon="121.3909892"/>
  <node id="9196052612" lat="24.6692775" lon="121.3910884"/>
  <node id="9196052611" lat="24.6691653" lon="121.3916195"/>
  <node id="9196052610" lat="24.6691605" lon="121.3916839"/>
  <node id="9196052609" lat="24.6691678" lon="121.3917429"/>
  <node id="9196052608" lat="24.6692165" lon="121.3919762"/>
  <node id="9196052607" lat="24.6692653" lon="121.3921291"/>
  <node id="9196052606" lat="24.6693335" lon="121.3922257"/>
  <node id="9196052605" lat="24.6694042" lon="121.3923276"/>
  <node id="9196052604" lat="24.6695309" lon="121.3926200"/>
  <node id="9196052603" lat="24.6695480" lon="121.3927085"/>
  <node id="9196052602" lat="24.6695309" lon="121.3927943"/>
  <node id="9196052601" lat="24.6694919" lon="121.3928667"/>
  <node id="9196052600" lat="24.6693969" lon="121.3929418"/>
  <node id="9196052599" lat="24.6690873" lon="121.3930893"/>
  <node id="9196052598" lat="24.6688753" lon="121.3931591"/>
  <node id="9196052597" lat="24.6687753" lon="121.3931805"/>
  <node id="9196052596" lat="24.6682489" lon="121.3932100"/>
  <node id="9196052595" lat="24.6681636" lon="121.3932208"/>
  <node id="9196052594" lat="24.6681246" lon="121.3932449"/>
  <node id="9196052593" lat="24.6680953" lon="121.3932905"/>
  <node id="9196052592" lat="24.6680831" lon="121.3933442"/>
  <node id="9196052591" lat="24.6680734" lon="121.3934193"/>
  <node id="9196052590" lat="24.6681148" lon="121.3941864"/>
  <node id="9196052589" lat="24.6681246" lon="121.3943366"/>
  <node id="9196052588" lat="24.6681148" lon="121.3943929"/>
  <node id="9196052587" lat="24.6680880" lon="121.3944412"/>
  <node id="9196052586" lat="24.6680368" lon="121.3944921"/>
  <node id="9196052585" lat="24.6679929" lon="121.3945297"/>
  <node id="9196052584" lat="24.6679661" lon="121.3945699"/>
  <node id="9196052583" lat="24.6678784" lon="121.3948381"/>
  <node id="9196052582" lat="24.6678516" lon="121.3949427"/>
  <node id="9196052581" lat="24.6678442" lon="121.3950313"/>
  <node id="9196052580" lat="24.6678564" lon="121.3951090"/>
  <node id="9196052579" lat="24.6679222" lon="121.3952941"/>
  <node id="9196052578" lat="24.6679661" lon="121.3954846"/>
  <node id="9196052577" lat="24.6679661" lon="121.3956696"/>
  <node id="9196052576" lat="24.6679588" lon="121.3958011"/>
  <node id="9196052575" lat="24.6679125" lon="121.3959566"/>
  <node id="9196052574" lat="24.6678662" lon="121.3960103"/>
  <node id="9196052573" lat="24.6677492" lon="121.3960907"/>
  <node id="9196052572" lat="24.6676834" lon="121.3961417"/>
  <node id="9196052571" lat="24.6676468" lon="121.3961846"/>
  <node id="9196052570" lat="24.6675664" lon="121.3963187"/>
  <node id="9196052569" lat="24.6675225" lon="121.3963885"/>
  <node id="9196052568" lat="24.6674396" lon="121.3964797"/>
  <node id="9196052567" lat="24.6673007" lon="121.3966996"/>
  <node id="9196052566" lat="24.6672812" lon="121.3967506"/>
  <node id="9196052565" lat="24.6672739" lon="121.3968042"/>
  <node id="9196052564" lat="24.6672861" lon="121.3968605"/>
  <node id="9196052563" lat="24.6673056" lon="121.3969222"/>
  <node id="9196052562" lat="24.6673007" lon="121.3969893"/>
  <node id="9196052561" lat="24.6672836" lon="121.3970483"/>
  <node id="9196052560" lat="24.6671788" lon="121.3973567"/>
  <node id="9196052559" lat="24.6671764" lon="121.3974238"/>
  <node id="9196052558" lat="24.6671935" lon="121.3974748"/>
  <node id="9196052557" lat="24.6672276" lon="121.3975391"/>
  <node id="9196052556" lat="24.6674689" lon="121.3977778"/>
  <node id="9196052555" lat="24.6674859" lon="121.3978315"/>
  <node id="9196052554" lat="24.6674811" lon="121.3978851"/>
  <node id="9196052553" lat="24.6674274" lon="121.3980085"/>
  <node id="9196052552" lat="24.6673811" lon="121.3981399"/>
  <node id="9196052551" lat="24.6672934" lon="121.3982982"/>
  <node id="9196052550" lat="24.6671666" lon="121.3984403"/>
  <node id="9196052549" lat="24.6669668" lon="121.3986147"/>
  <node id="9196052548" lat="24.6669351" lon="121.3986549"/>
  <node id="9196052547" lat="24.6669058" lon="121.3987059"/>
  <node id="9196052546" lat="24.6668839" lon="121.3987890"/>
  <node id="9196052545" lat="24.6668083" lon="121.3990921"/>
  <node id="9196052544" lat="24.6667376" lon="121.3992879"/>
  <node id="9196052543" lat="24.6666426" lon="121.3994918"/>
  <node id="9196052542" lat="24.6665573" lon="121.3996205"/>
  <node id="9196052541" lat="24.6665110" lon="121.3997332"/>
  <node id="9196052540" lat="24.6664866" lon="121.3998136"/>
  <node id="9196052539" lat="24.6664768" lon="121.3998887"/>
  <node id="9196052538" lat="24.6664890" lon="121.4000094"/>
  <node id="9196052537" lat="24.6664866" lon="121.4000550"/>
  <node id="9196052536" lat="24.6664671" lon="121.4001167"/>
  <node id="9196052535" lat="24.6664062" lon="121.4002642"/>
  <node id="9196052534" lat="24.6663915" lon="121.4003340"/>
  <node id="9196052533" lat="24.6663915" lon="121.4004171"/>
  <node id="9196052532" lat="24.6663818" lon="121.4004896"/>
  <node id="9196052531" lat="24.6663379" lon="121.4005968"/>
  <node id="9196052530" lat="24.6663013" lon="121.4006478"/>
  <node id="9196052529" lat="24.6662575" lon="121.4006800"/>
  <node id="9196052528" lat="24.6661941" lon="121.4006907"/>
  <node id="9196052527" lat="24.6657870" lon="121.4006800"/>
  <node id="9196052526" lat="24.6656432" lon="121.4006693"/>
  <node id="9196052525" lat="24.6655920" lon="121.4006424"/>
  <node id="9196052524" lat="24.6655408" lon="121.4005942"/>
  <node id="9196052523" lat="24.6653873" lon="121.4004225"/>
  <node id="9196052522" lat="24.6653069" lon="121.4003608"/>
  <node id="9196052521" lat="24.6652289" lon="121.4003286"/>
  <node id="9196052520" lat="24.6649851" lon="121.4002884"/>
  <node id="9196052519" lat="24.6649242" lon="121.4002723"/>
  <node id="9196052518" lat="24.6648827" lon="121.4002455"/>
  <node id="9196052517" lat="24.6646853" lon="121.4000202"/>
  <node id="9196052516" lat="24.6646292" lon="121.3999719"/>
  <node id="9196052515" lat="24.6645756" lon="121.3999531"/>
  <node id="9196052514" lat="24.6645171" lon="121.3999531"/>
  <node id="9196052513" lat="24.6643075" lon="121.4000202"/>
  <node id="9196052512" lat="24.6641198" lon="121.4000711"/>
  <node id="9196052511" lat="24.6640125" lon="121.4000684"/>
  <node id="9196052510" lat="24.6638980" lon="121.4000416"/>
  <node id="9196052509" lat="24.6638175" lon="121.3999960"/>
  <node id="9196052508" lat="24.6637444" lon="121.3998968"/>
  <node id="9196052507" lat="24.6636469" lon="121.3997171"/>
  <node id="9196052506" lat="24.6635397" lon="121.3995481"/>
  <node id="9196052505" lat="24.6634763" lon="121.3994810"/>
  <node id="9196052504" lat="24.6633398" lon="121.3993872"/>
  <node id="9196819942" lat="24.6632484" lon="121.3993201"/>
  <node id="9196052503" lat="24.6631911" lon="121.3992423"/>
  <node id="9196052502" lat="24.6631472" lon="121.3991162"/>
  <node id="3325086888" lat="24.6631143" lon="121.3989741"/>
  <node id="9196819941" lat="24.6631108" lon="121.3988307"/>
  <node id="9196819493" lat="24.6631317" lon="121.3986818"/>
  <node id="9196819494" lat="24.6631646" lon="121.3985665"/>
  <node id="9196819495" lat="24.6632548" lon="121.3984190"/>
  <node id="9196819496" lat="24.6633523" lon="121.3982795"/>
  <node id="9196819497" lat="24.6633742" lon="121.3982071"/>
  <node id="9196819498" lat="24.6633718" lon="121.3981266"/>
  <node id="9196819499" lat="24.6633303" lon="121.3980462"/>
  <node id="9196819500" lat="24.6632645" lon="121.3980032"/>
  <node id="9196819501" lat="24.6626551" lon="121.3978262"/>
  <node id="9196819502" lat="24.6625528" lon="121.3977860"/>
  <node id="9196819503" lat="24.6624918" lon="121.3977404"/>
  <node id="9196819504" lat="24.6624650" lon="121.3976867"/>
  <node id="9196819505" lat="24.6624626" lon="121.3976170"/>
  <node id="9196819506" lat="24.6624772" lon="121.3975392"/>
  <node id="9196819507" lat="24.6625698" lon="121.3972871"/>
  <node id="9196819508" lat="24.6625844" lon="121.3972039"/>
  <node id="9196819509" lat="24.6625918" lon="121.3971288"/>
  <node id="9196819510" lat="24.6625723" lon="121.3968070"/>
  <node id="9196819511" lat="24.6625747" lon="121.3967426"/>
  <node id="9196819512" lat="24.6625918" lon="121.3966756"/>
  <node id="9196819513" lat="24.6626308" lon="121.3965736"/>
  <node id="9196819514" lat="24.6626405" lon="121.3965173"/>
  <node id="9196819515" lat="24.6626429" lon="121.3964422"/>
  <node id="9196819516" lat="24.6626381" lon="121.3961659"/>
  <node id="9196819517" lat="24.6626259" lon="121.3960935"/>
  <node id="9196819518" lat="24.6625771" lon="121.3959728"/>
  <node id="9196819519" lat="24.6625333" lon="121.3959138"/>
  <node id="9196819520" lat="24.6624943" lon="121.3958870"/>
  <node id="9196819521" lat="24.6624553" lon="121.3958763"/>
  <node id="9196819522" lat="24.6624041" lon="121.3958789"/>
  <node id="9196819523" lat="24.6623675" lon="121.3959138"/>
  <node id="9196819524" lat="24.6623188" lon="121.3960211"/>
  <node id="9196819525" lat="24.6622676" lon="121.3961096"/>
  <node id="9196819526" lat="24.6620604" lon="121.3963376"/>
  <node id="9196819527" lat="24.6619166" lon="121.3964368"/>
  <node id="9196819528" lat="24.6617362" lon="121.3965039"/>
  <node id="9196819529" lat="24.6615631" lon="121.3965656"/>
  <node id="9196819530" lat="24.6613925" lon="121.3966916"/>
  <node id="9196819531" lat="24.6612414" lon="121.3968365"/>
  <node id="9196819532" lat="24.6611243" lon="121.3969518"/>
  <node id="9196819533" lat="24.6610610" lon="121.3970511"/>
  <node id="9196819534" lat="24.6610073" lon="121.3971074"/>
  <node id="9196918286" lat="24.6609522" lon="121.3971443"/>
  <node id="9196819535" lat="24.6608434" lon="121.3972027"/>
  <node id="9196819536" lat="24.6607343" lon="121.3972791"/>
  <node id="9196819537" lat="24.6606393" lon="121.3974024"/>
  <node id="9196819538" lat="24.6605637" lon="121.3976224"/>
  <node id="9196819539" lat="24.6605296" lon="121.3977887"/>
  <node id="9196819540" lat="24.6604735" lon="121.3979523"/>
  <node id="9196819541" lat="24.6603906" lon="121.3981669"/>
  <node id="9196819542" lat="24.6602736" lon="121.3983680"/>
  <node id="9196819543" lat="24.6602078" lon="121.3984485"/>
  <node id="9196819544" lat="24.6601347" lon="121.3984968"/>
  <node id="9196819545" lat="24.6596667" lon="121.3987569"/>
  <node id="9196819546" lat="24.6594741" lon="121.3988776"/>
  <node id="9196819547" lat="24.6593303" lon="121.3989474"/>
  <node id="9196819548" lat="24.6591060" lon="121.3990252"/>
  <node id="9196819549" lat="24.6589110" lon="121.3990332"/>
  <node id="9196919150" lat="24.6587556" lon="121.3990339"/>
  <node id="9196919146" lat="24.6586391" lon="121.3990400"/>
  <node id="9196819550" lat="24.6585014" lon="121.3990762"/>
  <node id="9196919151" lat="24.6584076" lon="121.3990949"/>
  <node id="9196819551" lat="24.6582748" lon="121.3991003"/>
  <node id="9196819552" lat="24.6581821" lon="121.3990734"/>
  <node id="9196819553" lat="24.6580969" lon="121.3990118"/>
  <node id="9196819554" lat="24.6580335" lon="121.3988964"/>
  <node id="9196819555" lat="24.6578482" lon="121.3984029"/>
  <node id="9196819556" lat="24.6578263" lon="121.3982929"/>
  <node id="9196819557" lat="24.6578287" lon="121.3982071"/>
  <node id="9196819558" lat="24.6578580" lon="121.3981132"/>
  <node id="9196819559" lat="24.6579750" lon="121.3979550"/>
  <node id="9196819560" lat="24.6580140" lon="121.3978852"/>
  <node id="9196819561" lat="24.6580335" lon="121.3977994"/>
  <node id="9196819562" lat="24.6580188" lon="121.3976572"/>
  <node id="9196819563" lat="24.6579798" lon="121.3974105"/>
  <node id="9196819564" lat="24.6579823" lon="121.3971664"/>
  <node id="9196819565" lat="24.6579920" lon="121.3969974"/>
  <node id="9196819566" lat="24.6579872" lon="121.3968794"/>
  <node id="9196819567" lat="24.6579555" lon="121.3966782"/>
  <node id="9196819568" lat="24.6579408" lon="121.3964476"/>
  <node id="9196819569" lat="24.6579506" lon="121.3963161"/>
  <node id="9196819570" lat="24.6579847" lon="121.3961123"/>
  <node id="9196819571" lat="24.6579872" lon="121.3959970"/>
  <node id="9196819572" lat="24.6579725" lon="121.3959031"/>
  <node id="9196819573" lat="24.6579433" lon="121.3958628"/>
  <node id="9196819574" lat="24.6578750" lon="121.3958333"/>
  <node id="9196819575" lat="24.6578238" lon="121.3958441"/>
  <node id="9196819576" lat="24.6577361" lon="121.3959138"/>
  <node id="9196819577" lat="24.6575898" lon="121.3960882"/>
  <node id="9196819578" lat="24.6575167" lon="121.3961633"/>
  <node id="9196819579" lat="24.6574168" lon="121.3962410"/>
  <node id="9196819580" lat="24.6572949" lon="121.3962840"/>
  <node id="9196819581" lat="24.6572291" lon="121.3963269"/>
  <node id="9196819582" lat="24.6571632" lon="121.3963966"/>
  <node id="9196819583" lat="24.6569463" lon="121.3966970"/>
  <node id="9196819584" lat="24.6568951" lon="121.3967399"/>
  <node id="9196819585" lat="24.6568244" lon="121.3967641"/>
  <node id="9196819586" lat="24.6567293" lon="121.3967828"/>
  <node id="9196819587" lat="24.6566440" lon="121.3968231"/>
  <node id="9196819588" lat="24.6565733" lon="121.3968794"/>
  <node id="9196819589" lat="24.6565221" lon="121.3969679"/>
  <node id="9196819590" lat="24.6564661" lon="121.3971423"/>
  <node id="9196819591" lat="24.6564149" lon="121.3972361"/>
  <node id="9196819592" lat="24.6563320" lon="121.3973220"/>
  <node id="9196819593" lat="24.6562637" lon="121.3973944"/>
  <node id="9196819594" lat="24.6562369" lon="121.3974561"/>
  <node id="9196819595" lat="24.6562296" lon="121.3975392"/>
  <node id="9196819596" lat="24.6563369" lon="121.3978933"/>
  <node id="9196819597" lat="24.6563417" lon="121.3979603"/>
  <node id="9196819598" lat="24.6563271" lon="121.3980167"/>
  <node id="9196819599" lat="24.6562930" lon="121.3980596"/>
  <node id="9196819600" lat="24.6562321" lon="121.3980810"/>
  <node id="9196819601" lat="24.6560395" lon="121.3980810"/>
  <node id="9196819602" lat="24.6559468" lon="121.3980998"/>
  <node id="9196819603" lat="24.6558371" lon="121.3981669"/>
  <node id="9196918767" lat="24.6556905" lon="121.3982630"/>
  <node id="9196819604" lat="24.6555300" lon="121.3984458"/>
  <node id="9196819605" lat="24.6554447" lon="121.3985880"/>
  <node id="9196819606" lat="24.6554179" lon="121.3986926"/>
  <node id="9196819607" lat="24.6554301" lon="121.3988052"/>
  <node id="9196819608" lat="24.6555129" lon="121.3991137"/>
  <node id="9196819609" lat="24.6555227" lon="121.3992049"/>
  <node id="9196819610" lat="24.6555227" lon="121.3992639"/>
  <node id="9196819611" lat="24.6554959" lon="121.3993068"/>
  <node id="9196819612" lat="24.6554544" lon="121.3993283"/>
  <node id="9196819613" lat="24.6552862" lon="121.3993390"/>
  <node id="9196819614" lat="24.6552253" lon="121.3993256"/>
  <node id="9196819615" lat="24.6551473" lon="121.3992639"/>
  <node id="9196819616" lat="24.6551229" lon="121.3991861"/>
  <node id="9196819617" lat="24.6551058" lon="121.3990225"/>
  <node id="9196819626" lat="24.6550571" lon="121.3989447"/>
  <node id="9196819627" lat="24.6549888" lon="121.3988696"/>
  <node id="9196819628" lat="24.6548962" lon="121.3987757"/>
  <node id="9196819629" lat="24.6548401" lon="121.3986818"/>
  <node id="9196819630" lat="24.6547719" lon="121.3985048"/>
  <node id="9196819631" lat="24.6547207" lon="121.3984083"/>
  <node id="9196819632" lat="24.6546476" lon="121.3983493"/>
  <node id="9196819633" lat="24.6545476" lon="121.3983305"/>
  <node id="9196819634" lat="24.6544525" lon="121.3983466"/>
  <node id="9196819635" lat="24.6543428" lon="121.3984029"/>
  <node id="9196819636" lat="24.6542673" lon="121.3984458"/>
  <node id="9196819637" lat="24.6542015" lon="121.3984592"/>
  <node id="9196819638" lat="24.6540820" lon="121.3984887"/>
  <node id="9196819639" lat="24.6540016" lon="121.3985343"/>
  <node id="9196819640" lat="24.6537261" lon="121.3987596"/>
  <node id="9196819641" lat="24.6536457" lon="121.3988133"/>
  <node id="9196819642" lat="24.6535213" lon="121.3988589"/>
  <node id="9196819643" lat="24.6533995" lon="121.3988642"/>
  <node id="9196819644" lat="24.6533019" lon="121.3988455"/>
  <node id="9196819645" lat="24.6530606" lon="121.3987221"/>
  <node id="9196819646" lat="24.6529631" lon="121.3986228"/>
  <node id="9196819647" lat="24.6529241" lon="121.3985424"/>
  <node id="9196819648" lat="24.6529143" lon="121.3984646"/>
  <node id="9196819649" lat="24.6529168" lon="121.3983761"/>
  <node id="9196819650" lat="24.6529119" lon="121.3983144"/>
  <node id="9196819651" lat="24.6528851" lon="121.3982178"/>
  <node id="9196819652" lat="24.6528071" lon="121.3979496"/>
  <node id="9196819653" lat="24.6527705" lon="121.3977216"/>
  <node id="9196819654" lat="24.6527510" lon="121.3974212"/>
  <node id="9196819655" lat="24.6527681" lon="121.3973166"/>
  <node id="9196819656" lat="24.6528193" lon="121.3972147"/>
  <node id="9196819657" lat="24.6529241" lon="121.3970752"/>
  <node id="9196819658" lat="24.6529753" lon="121.3969733"/>
  <node id="9196819659" lat="24.6530362" lon="121.3968097"/>
  <node id="9196918802" lat="24.6530840" lon="121.3966135"/>
  <node id="9196819660" lat="24.6531362" lon="121.3963993"/>
  <node id="9196819661" lat="24.6531679" lon="121.3961472"/>
  <node id="9196819662" lat="24.6531849" lon="121.3958146"/>
  <node id="9196819663" lat="24.6531874" lon="121.3955168"/>
  <node id="9196819664" lat="24.6531801" lon="121.3952808"/>
  <node id="9196819665" lat="24.6531947" lon="121.3952030"/>
  <node id="9196819666" lat="24.6532386" lon="121.3951333"/>
  <node id="9196819667" lat="24.6533605" lon="121.3949777"/>
  <node id="9196819668" lat="24.6533970" lon="121.3948785"/>
  <node id="9196819669" lat="24.6534165" lon="121.3947631"/>
  <node id="9196819670" lat="24.6534068" lon="121.3946907"/>
  <node id="9196819671" lat="24.6533897" lon="121.3946505"/>
  <node id="9196819672" lat="24.6533507" lon="121.3946156"/>
  <node id="9196819673" lat="24.6532946" lon="121.3946049"/>
  <node id="9196819674" lat="24.6532239" lon="121.3946210"/>
  <node id="9196819675" lat="24.6528875" lon="121.3947310"/>
  <node id="9196819676" lat="24.6527949" lon="121.3947766"/>
  <node id="9196819677" lat="24.6527315" lon="121.3948436"/>
  <node id="9196819678" lat="24.6524487" lon="121.3952030"/>
  <node id="9196819679" lat="24.6522927" lon="121.3953613"/>
  <node id="9196819680" lat="24.6521245" lon="121.3955222"/>
  <node id="9196819681" lat="24.6520270" lon="121.3956268"/>
  <node id="9196819682" lat="24.6518442" lon="121.3958977"/>
  <node id="9196819683" lat="24.6517881" lon="121.3959755"/>
  <node id="9196819684" lat="24.6517369" lon="121.3960238"/>
  <node id="9196819685" lat="24.6516662" lon="121.3960640"/>
  <node id="9196819686" lat="24.6515516" lon="121.3961284"/>
  <node id="9196819687" lat="24.6514493" lon="121.3962196"/>
  <node id="9196819688" lat="24.6513566" lon="121.3963269"/>
  <node id="9196819689" lat="24.6512908" lon="121.3963671"/>
  <node id="9196819690" lat="24.6512055" lon="121.3963859"/>
  <node id="9196819691" lat="24.6511177" lon="121.3963698"/>
  <node id="9196819692" lat="24.6509398" lon="121.3962920"/>
  <node id="9196819693" lat="24.6508179" lon="121.3962571"/>
  <node id="9196819694" lat="24.6506546" lon="121.3962518"/>
  <node id="9196819695" lat="24.6504839" lon="121.3962571"/>
  <node id="9196819696" lat="24.6503571" lon="121.3962732"/>
  <node id="9196819697" lat="24.6502426" lon="121.3963161"/>
  <node id="9196819698" lat="24.6500792" lon="121.3964449"/>
  <node id="9196819699" lat="24.6500012" lon="121.3964932"/>
  <node id="9196819700" lat="24.6499378" lon="121.3965227"/>
  <node id="9196819701" lat="24.6498720" lon="121.3965280"/>
  <node id="9196819702" lat="24.6497526" lon="121.3964958"/>
  <node id="9196819703" lat="24.6495868" lon="121.3964261"/>
  <node id="9196819704" lat="24.6495405" lon="121.3963778"/>
  <node id="9196819705" lat="24.6495234" lon="121.3963242"/>
  <node id="9196819706" lat="24.6495234" lon="121.3962330"/>
  <node id="9196819707" lat="24.6495259" lon="121.3960908"/>
  <node id="9196820790" lat="24.6495240" lon="121.3960481"/>
  <node id="9196819708" lat="24.6495210" lon="121.3959809"/>
  <node id="9196819709" lat="24.6494990" lon="121.3958628"/>
  <node id="9196819710" lat="24.6493698" lon="121.3954605"/>
  <node id="9196819711" lat="24.6492041" lon="121.3949777"/>
  <node id="9196819712" lat="24.6491724" lon="121.3948731"/>
  <node id="9196819713" lat="24.6491431" lon="121.3948114"/>
  <node id="9196819714" lat="24.6491041" lon="121.3947712"/>
  <node id="9196819715" lat="24.6490529" lon="121.3947605"/>
  <node id="9196819716" lat="24.6489578" lon="121.3947739"/>
  <node id="9196819717" lat="24.6486921" lon="121.3948543"/>
  <node id="9196819718" lat="24.6486214" lon="121.3948704"/>
  <node id="9196819719" lat="24.6485702" lon="121.3948651"/>
  <node id="9196819720" lat="24.6485288" lon="121.3948382"/>
  <node id="9196819721" lat="24.6484776" lon="121.3947739"/>
  <node id="9196819722" lat="24.6482558" lon="121.3944279"/>
  <node id="9196819723" lat="24.6481314" lon="121.3942106"/>
  <node id="9196819724" lat="24.6479974" lon="121.3938887"/>
  <node id="9196819725" lat="24.6479778" lon="121.3937949"/>
  <node id="9196819726" lat="24.6479632" lon="121.3936822"/>
  <node id="9196819727" lat="24.6479413" lon="121.3935186"/>
  <node id="9196819728" lat="24.6479169" lon="121.3934113"/>
  <node id="9196819729" lat="24.6478901" lon="121.3933684"/>
  <node id="9196819730" lat="24.6478438" lon="121.3933335"/>
  <node id="9196819731" lat="24.6474074" lon="121.3931994"/>
  <node id="9196819732" lat="24.6473123" lon="121.3931619"/>
  <node id="9196819733" lat="24.6472538" lon="121.3931511"/>
  <node id="9196819734" lat="24.6471856" lon="121.3931484"/>
  <node id="9196819735" lat="24.6471149" lon="121.3931431"/>
  <node id="9196819736" lat="24.6469150" lon="121.3930894"/>
  <node id="9196819737" lat="24.6466273" lon="121.3930278"/>
  <node id="9196819738" lat="24.6465688" lon="121.3930009"/>
  <node id="9196819739" lat="24.6464079" lon="121.3929205"/>
  <node id="9196819740" lat="24.6462787" lon="121.3928668"/>
  <node id="9196819741" lat="24.6461885" lon="121.3928534"/>
  <node id="9196819742" lat="24.6461178" lon="121.3928641"/>
  <node id="9196819743" lat="24.6460251" lon="121.3929151"/>
  <node id="9196819744" lat="24.6457570" lon="121.3930921"/>
  <node id="9196819745" lat="24.6457082" lon="121.3931619"/>
  <node id="9196819746" lat="24.6456911" lon="121.3932236"/>
  <node id="9196819747" lat="24.6456936" lon="121.3932960"/>
  <node id="9196819748" lat="24.6457106" lon="121.3933550"/>
  <node id="9196819749" lat="24.6457887" lon="121.3934408"/>
  <node id="9196819750" lat="24.6462250" lon="121.3938110"/>
  <node id="9196819763" lat="24.6464493" lon="121.3939853"/>
  <node id="9196819764" lat="24.6465225" lon="121.3940550"/>
  <node id="9196819765" lat="24.6465688" lon="121.3941221"/>
  <node id="9196819766" lat="24.6465858" lon="121.3941891"/>
  <node id="9196819767" lat="24.6465834" lon="121.3942642"/>
  <node id="9196819768" lat="24.6465663" lon="121.3944252"/>
  <node id="9196819769" lat="24.6465688" lon="121.3945110"/>
  <node id="9196819770" lat="24.6465834" lon="121.3945861"/>
  <node id="9196819771" lat="24.6465956" lon="121.3946505"/>
  <node id="9196819772" lat="24.6465932" lon="121.3947229"/>
  <node id="9196819773" lat="24.6465712" lon="121.3947926"/>
  <node id="9196819774" lat="24.6463981" lon="121.3951521"/>
  <node id="9196819775" lat="24.6463811" lon="121.3952352"/>
  <node id="9196819776" lat="24.6463859" lon="121.3953237"/>
  <node id="9196819777" lat="24.6464152" lon="121.3954498"/>
  <node id="9196819778" lat="24.6464956" lon="121.3956054"/>
  <node id="9196919035" lat="24.6465810" lon="121.3957224"/>
  <node id="9196819779" lat="24.6466248" lon="121.3957824"/>
  <node id="9196819780" lat="24.6466639" lon="121.3958709"/>
  <node id="9196819781" lat="24.6466785" lon="121.3959728"/>
  <node id="9196819782" lat="24.6466858" lon="121.3962598"/>
  <node id="9196819783" lat="24.6466736" lon="121.3963537"/>
  <node id="9196819784" lat="24.6466370" lon="121.3964422"/>
  <node id="9196819785" lat="24.6465980" lon="121.3965093"/>
  <node id="9196819786" lat="24.6465249" lon="121.3966300"/>
  <node id="9196819787" lat="24.6464956" lon="121.3967292"/>
  <node id="9196819788" lat="24.6464883" lon="121.3968445"/>
  <node id="9196819789" lat="24.6465127" lon="121.3973059"/>
  <node id="9196819790" lat="24.6465249" lon="121.3974829"/>
  <node id="9196819791" lat="24.6465151" lon="121.3975500"/>
  <node id="9196819792" lat="24.6464932" lon="121.3975956"/>
  <node id="9196819793" lat="24.6464396" lon="121.3976465"/>
  <node id="9196819794" lat="24.6460495" lon="121.3978825"/>
  <node id="9196819795" lat="24.6458764" lon="121.3980167"/>
  <node id="9196819796" lat="24.6458179" lon="121.3980810"/>
  <node id="9196819797" lat="24.6457521" lon="121.3981883"/>
  <node id="9196819798" lat="24.6456765" lon="121.3982876"/>
  <node id="9196819799" lat="24.6455668" lon="121.3983841"/>
  <node id="9196819800" lat="24.6454547" lon="121.3984780"/>
  <node id="9196819801" lat="24.6454181" lon="121.3985156"/>
  <node id="9196819802" lat="24.6454041" lon="121.3985664"/>
  <node id="9196819803" lat="24.6454065" lon="121.3986281"/>
  <node id="9196819804" lat="24.6454382" lon="121.3986683"/>
  <node id="9196819805" lat="24.6455211" lon="121.3987139"/>
  <node id="9196819806" lat="24.6456357" lon="121.3987327"/>
  <node id="9196819807" lat="24.6458843" lon="121.3987139"/>
  <node id="9196819808" lat="24.6459502" lon="121.3987219"/>
  <node id="9196819809" lat="24.6459843" lon="121.3987461"/>
  <node id="9196819810" lat="24.6460111" lon="121.3987943"/>
  <node id="9196819811" lat="24.6460111" lon="121.3988507"/>
  <node id="9196819812" lat="24.6459867" lon="121.3989043"/>
  <node id="9196819813" lat="24.6458234" lon="121.3991404"/>
  <node id="9196819814" lat="24.6457697" lon="121.3991886"/>
  <node id="9196819815" lat="24.6456844" lon="121.3992315"/>
  <node id="9196819816" lat="24.6455698" lon="121.3993013"/>
  <node id="9196819817" lat="24.6455186" lon="121.3993549"/>
  <node id="9196819818" lat="24.6454626" lon="121.3994703"/>
  <node id="9196819819" lat="24.6453992" lon="121.3997278"/>
  <node id="9196819820" lat="24.6453577" lon="121.3999718"/>
  <node id="9196819821" lat="24.6453431" lon="121.4003259"/>
  <node id="9196819822" lat="24.6453358" lon="121.4004037"/>
  <node id="9196819823" lat="24.6453139" lon="121.4004734"/>
  <node id="9196819824" lat="24.6452870" lon="121.4005592"/>
  <node id="9196819825" lat="24.6452797" lon="121.4006370"/>
  <node id="9196819826" lat="24.6452797" lon="121.4007926"/>
  <node id="9196819827" lat="24.6452700" lon="121.4008784"/>
  <node id="9196819828" lat="24.6452554" lon="121.4009777"/>
  <node id="9196819829" lat="24.6452529" lon="121.4010420"/>
  <node id="9196819830" lat="24.6452675" lon="121.4011493"/>
  <node id="9196819831" lat="24.6453504" lon="121.4014819"/>
  <node id="9196819832" lat="24.6454309" lon="121.4016616"/>
  <node id="9196819833" lat="24.6455162" lon="121.4018145"/>
  <node id="9196819834" lat="24.6455382" lon="121.4018628"/>
  <node id="9196819835" lat="24.6455528" lon="121.4019191"/>
  <node id="9196819836" lat="24.6455430" lon="121.4019808"/>
  <node id="9196819837" lat="24.6455138" lon="121.4020398"/>
  <node id="9196819838" lat="24.6454333" lon="121.4021364"/>
  <node id="9196819839" lat="24.6453699" lon="121.4021793"/>
  <node id="9196819840" lat="24.6451968" lon="121.4022678"/>
  <node id="9196819841" lat="24.6451261" lon="121.4023188"/>
  <node id="9196819842" lat="24.6450579" lon="121.4023563"/>
  <node id="9196819843" lat="24.6449750" lon="121.4023778"/>
  <node id="9196819844" lat="24.6448726" lon="121.4024046"/>
  <node id="9196819845" lat="24.6448092" lon="121.4024422"/>
  <node id="9196819846" lat="24.6446849" lon="121.4025629"/>
  <node id="9196819847" lat="24.6446020" lon="121.4026728"/>
  <node id="9196819848" lat="24.6445703" lon="121.4027506"/>
  <node id="9196819849" lat="24.6445557" lon="121.4028740"/>
  <node id="9196819850" lat="24.6445801" lon="121.4031503"/>
  <node id="9196819851" lat="24.6445923" lon="121.4032924"/>
  <node id="9196819852" lat="24.6445849" lon="121.4033809"/>
  <node id="9196819853" lat="24.6445630" lon="121.4034560"/>
  <node id="9196819854" lat="24.6444557" lon="121.4037135"/>
  <node id="9196819855" lat="24.6444143" lon="121.4037591"/>
  <node id="9196819856" lat="24.6443460" lon="121.4037994"/>
  <node id="9196819857" lat="24.6442778" lon="121.4038208"/>
  <node id="9196819858" lat="24.6441900" lon="121.4038235"/>
  <node id="9196819859" lat="24.6440754" lon="121.4037913"/>
  <node id="9196819860" lat="24.6435756" lon="121.4036357"/>
  <node id="9196819861" lat="24.6435269" lon="121.4036116"/>
  <node id="9196819862" lat="24.6434757" lon="121.4035633"/>
  <node id="9196819863" lat="24.6433928" lon="121.4034373"/>
  <node id="9196819864" lat="24.6433270" lon="121.4033273"/>
  <node id="9196819865" lat="24.6432612" lon="121.4032334"/>
  <node id="9196819866" lat="24.6431831" lon="121.4031476"/>
  <node id="9196819867" lat="24.6431149" lon="121.4030537"/>
  <node id="9196819868" lat="24.6430344" lon="121.4029357"/>
  <node id="9196819869" lat="24.6429930" lon="121.4029008"/>
  <node id="9196819870" lat="24.6427565" lon="121.4027828"/>
  <node id="9196819871" lat="24.6426834" lon="121.4027694"/>
  <node id="9196819872" lat="24.6426370" lon="121.4027855"/>
  <node id="9196819873" lat="24.6425493" lon="121.4028633"/>
  <node id="9196819874" lat="24.6424469" lon="121.4029625"/>
  <node id="9196819875" lat="24.6423981" lon="121.4029893"/>
  <node id="9196819876" lat="24.6423104" lon="121.4030108"/>
  <node id="9196819877" lat="24.6421031" lon="121.4030430"/>
  <node id="9196819878" lat="24.6419325" lon="121.4030564"/>
  <node id="9196819879" lat="24.6417131" lon="121.4030456"/>
  <node id="9196819880" lat="24.6414278" lon="121.4029893"/>
  <node id="9196819881" lat="24.6412377" lon="121.4029142"/>
  <node id="9196819882" lat="24.6410353" lon="121.4028311"/>
  <node id="9196819883" lat="24.6409354" lon="121.4028230"/>
  <node id="9196819884" lat="24.6408427" lon="121.4028418"/>
  <node id="9196819885" lat="24.6407793" lon="121.4028686"/>
  <node id="9196819886" lat="24.6407354" lon="121.4029223"/>
  <node id="9196819887" lat="24.6407208" lon="121.4029974"/>
  <node id="9196819888" lat="24.6407330" lon="121.4030939"/>
  <node id="9196819889" lat="24.6407671" lon="121.4032093"/>
  <node id="9196819890" lat="24.6407720" lon="121.4032897"/>
  <node id="9196819891" lat="24.6407550" lon="121.4033756"/>
  <node id="9196819892" lat="24.6407038" lon="121.4034668"/>
  <node id="9196819893" lat="24.6406209" lon="121.4035740"/>
  <node id="9196819894" lat="24.6405063" lon="121.4036545"/>
  <node id="9196819895" lat="24.6403990" lon="121.4036894"/>
  <node id="9196819896" lat="24.6400577" lon="121.4037296"/>
  <node id="9196819897" lat="24.6397822" lon="121.4037672"/>
  <node id="9196819898" lat="24.6397261" lon="121.4038020"/>
  <node id="9196819899" lat="24.6396749" lon="121.4038584"/>
  <node id="9196819900" lat="24.6396505" lon="121.4039227"/>
  <node id="9196819901" lat="24.6396286" lon="121.4040220"/>
  <node id="9196819902" lat="24.6395945" lon="121.4041105"/>
  <node id="9196819903" lat="24.6395506" lon="121.4041802"/>
  <node id="9196819904" lat="24.6394872" lon="121.4042258"/>
  <node id="9196819905" lat="24.6394043" lon="121.4042473"/>
  <node id="9196819906" lat="24.6391630" lon="121.4042795"/>
  <node id="9196819907" lat="24.6388875" lon="121.4043197"/>
  <node id="9196819908" lat="24.6387972" lon="121.4043438"/>
  <node id="9196819909" lat="24.6387046" lon="121.4043841"/>
  <node id="9196819910" lat="24.6386193" lon="121.4044082"/>
  <node id="9196819911" lat="24.6384511" lon="121.4044350"/>
  <node id="9196819912" lat="24.6382950" lon="121.4044404"/>
  <node id="9196819913" lat="24.6381390" lon="121.4044431"/>
  <node id="9196819914" lat="24.6380732" lon="121.4044592"/>
  <node id="9196819915" lat="24.6380244" lon="121.4044914"/>
  <node id="9196819916" lat="24.6379732" lon="121.4045691"/>
  <node id="9196819917" lat="24.6379318" lon="121.4046201"/>
  <node id="9196819918" lat="24.6378684" lon="121.4046550"/>
  <node id="9196819919" lat="24.6377245" lon="121.4046979"/>
  <node id="9196819920" lat="24.6376294" lon="121.4047435"/>
  <node id="9196819921" lat="24.6375563" lon="121.4048025"/>
  <node id="9196819922" lat="24.6375124" lon="121.4048722"/>
  <node id="9196819923" lat="24.6374490" lon="121.4049822"/>
  <node id="9196819924" lat="24.6374052" lon="121.4050332"/>
  <node id="9197839266" lat="24.6373089" lon="121.4051096"/>
  <node id="9196819925" lat="24.6371687" lon="121.4051807"/>
  <node id="9196819926" lat="24.6370077" lon="121.4052504"/>
  <node id="9197839267" lat="24.6369138" lon="121.4053027"/>
  <node id="9196819927" lat="24.6368395" lon="121.4053550"/>
  <node id="9196819928" lat="24.6367493" lon="121.4054435"/>
  <node id="9196819929" lat="24.6365616" lon="121.4056501"/>
  <node id="9196819930" lat="24.6365128" lon="121.4056876"/>
  <node id="9196819931" lat="24.6364567" lon="121.4057091"/>
  <node id="9196819932" lat="24.6363690" lon="121.4057198"/>
  <node id="9196819933" lat="24.6362227" lon="121.4057171"/>
  <node id="9196819934" lat="24.6360472" lon="121.4056876"/>
  <node id="9196819935" lat="24.6358984" lon="121.4056635"/>
  <node id="9196819936" lat="24.6358155" lon="121.4056447"/>
  <node id="9197839279" lat="24.6357859" lon="121.4056247"/>
  <node id="9196819937" lat="24.6357521" lon="121.4056018"/>
  <node id="9196819938" lat="24.6356888" lon="121.4055428"/>
  <node id="9196819939" lat="24.6356302" lon="121.4055133"/>
  <node id="3325086563" lat="24.6354949" lon="121.4055052"/>
  <node id="3105422624" lat="24.6426310" lon="121.4449380"/>
  <node id="4446641835" lat="24.6425634" lon="121.4450915"/>
  <node id="3105422625" lat="24.6425543" lon="121.4451948"/>
  <node id="3105422627" lat="24.6425616" lon="121.4452531"/>
  <node id="300590812" lat="24.6426000" lon="121.4452961"/>
  <node id="3105423032" lat="24.6427999" lon="121.4453424"/>
  <node id="3105423035" lat="24.6428752" lon="121.4453977"/>
  <node id="300590824" lat="24.6428967" lon="121.4454406"/>
  <node id="3105423036" lat="24.6429189" lon="121.4455117"/>
  <node id="300590825" lat="24.6429510" lon="121.4457265"/>
  <node id="12032716897" lat="24.6430428" lon="121.4459871"/>
  <node id="300590826" lat="24.6430449" lon="121.4461410"/>
  <node id="3105423038" lat="24.6430199" lon="121.4462838"/>
  <node id="12032716830" lat="24.6430751" lon="121.4464974"/>
  <node id="1984505632" lat="24.6431241" lon="121.4467585"/>
  <node id="3105423042" lat="24.6431169" lon="121.4468517"/>
  <node id="4443584631" lat="24.6430267" lon="121.4469926"/>
  <node id="4446641836" lat="24.6430029" lon="121.4471602"/>
  <node id="300590828" lat="24.6430431" lon="121.4472252"/>
  <node id="12032716831" lat="24.6432226" lon="121.4474557"/>
  <node id="300590829" lat="24.6433344" lon="121.4475545"/>
  <node id="1984505636" lat="24.6433875" lon="121.4476296"/>
  <node id="3105423051" lat="24.6433722" lon="121.4480393"/>
  <node id="3105423054" lat="24.6433832" lon="121.4482391"/>
  <node id="12032716832" lat="24.6434134" lon="121.4483321"/>
  <node id="4446641837" lat="24.6434221" lon="121.4484242"/>
  <node id="3105423055" lat="24.6434008" lon="121.4485080"/>
  <node id="12032716833" lat="24.6433567" lon="121.4485916"/>
  <node id="300590830" lat="24.6432405" lon="121.4486837"/>
  <node id="3105423046" lat="24.6430907" lon="121.4487527"/>
  <node id="3105423041" lat="24.6429778" lon="121.4487877"/>
  <node id="1984505630" lat="24.6428377" lon="121.4488077"/>
  <node id="3105423031" lat="24.6426585" lon="121.4488151"/>
  <node id="12032716834" lat="24.6425790" lon="121.4487659"/>
  <node id="300590831" lat="24.6423672" lon="121.4487374"/>
  <node id="4446641834" lat="24.6422849" lon="121.4487447"/>
  <node id="300590832" lat="24.6422124" lon="121.4488105"/>
  <node id="3105422621" lat="24.6421502" lon="121.4489063"/>
  <node id="300590835" lat="24.6420886" lon="121.4490907"/>
  <node id="12032716835" lat="24.6419817" lon="121.4492568"/>
  <node id="12032716837" lat="24.6418769" lon="121.4493627"/>
  <node id="12032716836" lat="24.6417934" lon="121.4494257"/>
  <node id="300590836" lat="24.6417369" lon="121.4494856"/>
  <node id="4443584629" lat="24.6415955" lon="121.4498062"/>
  <node id="300590837" lat="24.6414969" lon="121.4500329"/>
  <node id="3105422609" lat="24.6414553" lon="121.4500811"/>
  <node id="3105422607" lat="24.6414127" lon="121.4501046"/>
  <node id="3105422606" lat="24.6413499" lon="121.4501059"/>
  <node id="1984505625" lat="24.6411238" lon="121.4500073"/>
  <node id="3105422604" lat="24.6409623" lon="121.4499652"/>
  <node id="3105422603" lat="24.6408441" lon="121.4499350"/>
  <node id="3105422602" lat="24.6407892" lon="121.4499490"/>
  <node id="1984505623" lat="24.6407496" lon="121.4499946"/>
  <node id="3105422599" lat="24.6407075" lon="121.4501937"/>
  <node id="1099068595" lat="24.6406746" lon="121.4502743"/>
  <node id="3105422590" lat="24.6403491" lon="121.4506417"/>
  <node id="300590846" lat="24.6401193" lon="121.4509461"/>
  <node id="3105422576" lat="24.6400206" lon="121.4510790"/>
  <node id="300590883" lat="24.6400017" lon="121.4512057"/>
  <node id="12032716838" lat="24.6400978" lon="121.4514139"/>
  <node id="3105422580" lat="24.6401349" lon="121.4514575"/>
  <node id="3105422585" lat="24.6402619" lon="121.4515154"/>
  <node id="3105422587" lat="24.6402967" lon="121.4515523"/>
  <node id="3105422588" lat="24.6403217" lon="121.4516314"/>
  <node id="3105422586" lat="24.6403213" lon="121.4518773"/>
  <node id="300590898" lat="24.6402857" lon="121.4521988"/>
  <node id="3105422589" lat="24.6402990" lon="121.4522843"/>
  <node id="3105422594" lat="24.6404723" lon="121.4524885"/>
  <node id="3105422595" lat="24.6404913" lon="121.4525479"/>
  <node id="3105422596" lat="24.6404704" lon="121.4526098"/>
  <node id="3105422592" lat="24.6404150" lon="121.4526500"/>
  <node id="3105422582" lat="24.6402802" lon="121.4526768"/>
  <node id="3105422581" lat="24.6401803" lon="121.4527009"/>
  <node id="3105422577" lat="24.6400779" lon="121.4527787"/>
  <node id="12032716840" lat="24.6399667" lon="121.4528932"/>
  <node id="12032716839" lat="24.6398668" lon="121.4529240"/>
  <node id="3105422574" lat="24.6397927" lon="121.4529557"/>
  <node id="12032716841" lat="24.6397278" lon="121.4530212"/>
  <node id="3105422573" lat="24.6397067" lon="121.4531241"/>
  <node id="12032716842" lat="24.6397345" lon="121.4532707"/>
  <node id="300590903" lat="24.6397366" lon="121.4533354"/>
  <node id="12032716844" lat="24.6396675" lon="121.4535590"/>
  <node id="12032716843" lat="24.6396589" lon="121.4537287"/>
  <node id="3105422571" lat="24.6396451" lon="121.4538389"/>
  <node id="3105422567" lat="24.6395732" lon="121.4541614"/>
  <node id="3105422568" lat="24.6395720" lon="121.4544967"/>
  <node id="1984505621" lat="24.6395239" lon="121.4546382"/>
  <node id="3105422564" lat="24.6394459" lon="121.4548193"/>
  <node id="3105422565" lat="24.6394632" lon="121.4552401"/>
  <node id="3105422566" lat="24.6394980" lon="121.4554694"/>
  <node id="300590911" lat="24.6395337" lon="121.4555435"/>
  <node id="3105422569" lat="24.6395806" lon="121.4556058"/>
  <node id="3105422572" lat="24.6396232" lon="121.4556340"/>
  <node id="3105422578" lat="24.6400371" lon="121.4555790"/>
  <node id="300590917" lat="24.6401041" lon="121.4555260"/>
  <node id="3105422583" lat="24.6401907" lon="121.4554617"/>
  <node id="3105422584" lat="24.6402760" lon="121.4554100"/>
  <node id="12032716845" lat="24.6403038" lon="121.4553306"/>
  <node id="12032716846" lat="24.6403135" lon="121.4552334"/>
  <node id="3105422593" lat="24.6403815" lon="121.4551156"/>
  <node id="3105422597" lat="24.6404655" lon="121.4550331"/>
  <node id="3105422598" lat="24.6405722" lon="121.4549594"/>
  <node id="12032716847" lat="24.6407182" lon="121.4549008"/>
  <node id="300590923" lat="24.6408623" lon="121.4548056"/>
  <node id="12032716848" lat="24.6410096" lon="121.4546420"/>
  <node id="3105422605" lat="24.6411829" lon="121.4544860"/>
  <node id="3105422610" lat="24.6416364" lon="121.4542969"/>
  <node id="300590929" lat="24.6417904" lon="121.4542551"/>
  <node id="300590934" lat="24.6420922" lon="121.4542747"/>
  <node id="3105422622" lat="24.6425979" lon="121.4543047"/>
  <node id="300590945" lat="24.6427475" lon="121.4544039"/>
  <node id="12032716849" lat="24.6429538" lon="121.4544965"/>
  <node id="3105423044" lat="24.6432430" lon="121.4546436"/>
  <node id="3105423052" lat="24.6434692" lon="121.4547667"/>
  <node id="3105423070" lat="24.6440478" lon="121.4549410"/>
  <node id="1984505639" lat="24.6441746" lon="121.4549518"/>
  <node id="3105423087" lat="24.6443077" lon="121.4549506"/>
  <node id="3105423093" lat="24.6444228" lon="121.4549350"/>
  <node id="3105423115" lat="24.6446807" lon="121.4548856"/>
  <node id="3105423121" lat="24.6449300" lon="121.4548695"/>
  <node id="12032716850" lat="24.6450254" lon="121.4548974"/>
  <node id="3105423130" lat="24.6451276" lon="121.4549638"/>
  <node id="3105423137" lat="24.6453027" lon="121.4551348"/>
  <node id="3105423144" lat="24.6453342" lon="121.4551999"/>
  <node id="300591037" lat="24.6453397" lon="121.4552817"/>
  <node id="12032716851" lat="24.6452784" lon="121.4557450"/>
  <node id="3105423145" lat="24.6452798" lon="121.4558982"/>
  <node id="300591040" lat="24.6452638" lon="121.4559757"/>
  <node id="3105423135" lat="24.6452285" lon="121.4560233"/>
  <node id="3105423105" lat="24.6447661" lon="121.4564236"/>
  <node id="300591042" lat="24.6445887" lon="121.4566309"/>
  <node id="5300755331" lat="24.6444697" lon="121.4568868"/>
  <node id="3105423079" lat="24.6443772" lon="121.4571325"/>
  <node id="300591043" lat="24.6443013" lon="121.4573161"/>
  <node id="4443584632" lat="24.6440609" lon="121.4576235"/>
  <node id="12032716852" lat="24.6437455" lon="121.4579270"/>
  <node id="3105423059" lat="24.6436358" lon="121.4580518"/>
  <node id="1984505637" lat="24.6434471" lon="121.4584085"/>
  <node id="3105423056" lat="24.6433829" lon="121.4585607"/>
  <node id="3105423050" lat="24.6433192" lon="121.4587834"/>
  <node id="3105423053" lat="24.6432944" lon="121.4590830"/>
  <node id="300591045" lat="24.6432927" lon="121.4592869"/>
  <node id="300591052" lat="24.6433054" lon="121.4593580"/>
  <node id="3105423057" lat="24.6433332" lon="121.4593922"/>
  <node id="1984505634" lat="24.6437095" lon="121.4595029"/>
  <node id="12032716853" lat="24.6438455" lon="121.4595638"/>
  <node id="3105423065" lat="24.6439375" lon="121.4595833"/>
  <node id="300591073" lat="24.6442976" lon="121.4595645"/>
  <node id="3105423095" lat="24.6443931" lon="121.4596114"/>
  <node id="3105423096" lat="24.6444659" lon="121.4596745"/>
  <node id="3105423099" lat="24.6444923" lon="121.4597368"/>
  <node id="3105423103" lat="24.6445210" lon="121.4600480"/>
  <node id="3105423107" lat="24.6445669" lon="121.4601701"/>
  <node id="3105423110" lat="24.6446276" lon="121.4602733"/>
  <node id="3105423117" lat="24.6447561" lon="121.4603785"/>
  <node id="12032716854" lat="24.6448042" lon="121.4604020"/>
  <node id="3105423122" lat="24.6448508" lon="121.4604050"/>
  <node id="3105423124" lat="24.6449107" lon="121.4603866"/>
  <node id="12032716855" lat="24.6449931" lon="121.4602967"/>
  <node id="300591077" lat="24.6450671" lon="121.4602568"/>
  <node id="3105423142" lat="24.6451634" lon="121.4602451"/>
  <node id="3105423178" lat="24.6457887" lon="121.4603806"/>
  <node id="3105423193" lat="24.6459597" lon="121.4604523"/>
  <node id="300591078" lat="24.6460576" lon="121.4605851"/>
  <node id="300591083" lat="24.6461135" lon="121.4608030"/>
  <node id="3105423204" lat="24.6461221" lon="121.4610645"/>
  <node id="1984505650" lat="24.6461092" lon="121.4616674"/>
  <node id="300591084" lat="24.6460891" lon="121.4617753"/>
  <node id="3105423199" lat="24.6460535" lon="121.4618671"/>
  <node id="3105423194" lat="24.6460086" lon="121.4619202"/>
  <node id="3105423188" lat="24.6458899" lon="121.4620086"/>
  <node id="300591086" lat="24.6453341" lon="121.4623761"/>
  <node id="3105423126" lat="24.6451974" lon="121.4624673"/>
  <node id="300591087" lat="24.6443819" lon="121.4626457"/>
  <node id="3105423084" lat="24.6442750" lon="121.4626685"/>
  <node id="300591088" lat="24.6442302" lon="121.4627100"/>
  <node id="3105423077" lat="24.6442026" lon="121.4627670"/>
  <node id="300591089" lat="24.6442081" lon="121.4628368"/>
  <node id="3105423080" lat="24.6442547" lon="121.4629381"/>
  <node id="12032716856" lat="24.6446719" lon="121.4635871"/>
  <node id="300591090" lat="24.6449774" lon="121.4639344"/>
  <node id="3105423133" lat="24.6450241" lon="121.4641021"/>
  <node id="3105423134" lat="24.6450731" lon="121.4643321"/>
  <node id="3105423136" lat="24.6451239" lon="121.4644595"/>
  <node id="3105423146" lat="24.6452142" lon="121.4645863"/>
  <node id="300591091" lat="24.6453382" lon="121.4647110"/>
  <node id="3105423168" lat="24.6455956" lon="121.4649296"/>
  <node id="3105423179" lat="24.6457887" lon="121.4651656"/>
  <node id="3105423187" lat="24.6458745" lon="121.4652514"/>
  <node id="300591092" lat="24.6459676" lon="121.4652810"/>
  <node id="3105423201" lat="24.6460713" lon="121.4653017"/>
  <node id="300591093" lat="24.6470273" lon="121.4654204"/>
  <node id="12032716857" lat="24.6472463" lon="121.4653916"/>
  <node id="3105423272" lat="24.6473775" lon="121.4653908"/>
  <node id="12032716858" lat="24.6475017" lon="121.4654271"/>
  <node id="300591097" lat="24.6476189" lon="121.4654391"/>
  <node id="3105423298" lat="24.6478822" lon="121.4653996"/>
  <node id="3105423304" lat="24.6479596" lon="121.4654029"/>
  <node id="3105423313" lat="24.6480364" lon="121.4654311"/>
  <node id="300591104" lat="24.6483337" lon="121.4656913"/>
  <node id="3105423331" lat="24.6485824" lon="121.4658408"/>
  <node id="3105423334" lat="24.6487354" lon="121.4659916"/>
  <node id="3105423347" lat="24.6489767" lon="121.4663430"/>
  <node id="3105423373" lat="24.6494759" lon="121.4668935"/>
  <node id="5464006252" lat="24.6495722" lon="121.4670481"/>
  <node id="3105423376" lat="24.6496191" lon="121.4671041"/>
  <node id="300591109" lat="24.6496629" lon="121.4671518"/>
  <node id="3105423394" lat="24.6501913" lon="121.4674346"/>
  <node id="3105423398" lat="24.6502956" lon="121.4674870"/>
  <node id="300591113" lat="24.6504235" lon="121.4675045"/>
  <node id="3105423406" lat="24.6505401" lon="121.4674911"/>
  <node id="3105423411" lat="24.6507624" lon="121.4674159"/>
  <node id="12032716859" lat="24.6508963" lon="121.4673878"/>
  <node id="3105423425" lat="24.6510110" lon="121.4673831"/>
  <node id="300591119" lat="24.6512024" lon="121.4674193"/>
  <node id="3105423435" lat="24.6513255" lon="121.4674783"/>
  <node id="300591125" lat="24.6517266" lon="121.4677472"/>
  <node id="3105423451" lat="24.6520337" lon="121.4680060"/>
  <node id="3105423452" lat="24.6521616" lon="121.4680839"/>
  <node id="3105423454" lat="24.6523118" lon="121.4681697"/>
  <node id="300591131" lat="24.6526675" lon="121.4684191"/>
  <node id="3105423457" lat="24.6527809" lon="121.4685143"/>
  <node id="3105423458" lat="24.6528638" lon="121.4686055"/>
  <node id="3105423459" lat="24.6529436" lon="121.4687483"/>
  <node id="300591133" lat="24.6530825" lon="121.4689910"/>
  <node id="3105423467" lat="24.6531441" lon="121.4691312"/>
  <node id="3105423469" lat="24.6531795" lon="121.4692613"/>
  <node id="3105423470" lat="24.6531837" lon="121.4693853"/>
  <node id="300591134" lat="24.6531496" lon="121.4695436"/>
  <node id="4446634735" lat="24.6530344" lon="121.4698856"/>
  <node id="3105423461" lat="24.6530051" lon="121.4700203"/>
  <node id="3105423460" lat="24.6530058" lon="121.4701290"/>
  <node id="3105423462" lat="24.6530295" lon="121.4703596"/>
  <node id="3105423464" lat="24.6530661" lon="121.4707325"/>
  <node id="3105423465" lat="24.6530789" lon="121.4708820"/>
  <node id="3105423463" lat="24.6530643" lon="121.4709799"/>
  <node id="300591135" lat="24.6528394" lon="121.4714466"/>
  <node id="3511680145" lat="24.6527522" lon="121.4715780"/>
  <node id="3105423456" lat="24.6524944" lon="121.4718697"/>
  <node id="3105423455" lat="24.6523817" lon="121.4720039"/>
  <node id="300591136" lat="24.6523098" lon="121.4720373"/>
  <node id="300591138" lat="24.6522623" lon="121.4720408"/>
  <node id="3105423444" lat="24.6516077" lon="121.4717691"/>
  <node id="300591139" lat="24.6514882" lon="121.4717437"/>
  <node id="3105423441" lat="24.6514298" lon="121.4717577"/>
  <node id="3105423439" lat="24.6513768" lon="121.4718000"/>
  <node id="300591140" lat="24.6513365" lon="121.4719032"/>
  <node id="3105423437" lat="24.6512408" lon="121.4725349"/>
  <node id="300591145" lat="24.6512013" lon="121.4727012"/>
  <node id="3105423431" lat="24.6511390" lon="121.4729366"/>
  <node id="3105423429" lat="24.6510958" lon="121.4730164"/>
  <node id="3105423427" lat="24.6510318" lon="121.4730773"/>
  <node id="3511680094" lat="24.6508747" lon="121.4731482"/>
  <node id="3105423414" lat="24.6508116" lon="121.4731707"/>
  <node id="3105423407" lat="24.6506717" lon="121.4732349"/>
  <node id="3105423404" lat="24.6504972" lon="121.4733498"/>
  <node id="4643972515" lat="24.6504382" lon="121.4734506"/>
  <node id="3105423402" lat="24.6504021" lon="121.4735770"/>
  <node id="300591148" lat="24.6503064" lon="121.4738815"/>
  <node id="3105423396" lat="24.6502635" lon="121.4739673"/>
  <node id="300591149" lat="24.6502206" lon="121.4740102"/>
  <node id="4446634734" lat="24.6498586" lon="121.4742596"/>
  <node id="3105423383" lat="24.6496794" lon="121.4743930"/>
  <node id="3105423379" lat="24.6495847" lon="121.4744944"/>
  <node id="300591150" lat="24.6495802" lon="121.4745903"/>
  <node id="3105423380" lat="24.6496701" lon="121.4750520"/>
  <node id="3105423377" lat="24.6496841" lon="121.4751730"/>
  <node id="300591151" lat="24.6496372" lon="121.4752445"/>
  <node id="3105423375" lat="24.6495629" lon="121.4752630"/>
  <node id="300591152" lat="24.6492108" lon="121.4753164"/>
  <node id="3105423357" lat="24.6490750" lon="121.4753071"/>
  <node id="3105423339" lat="24.6488263" lon="121.4752172"/>
  <node id="3105423330" lat="24.6486324" lon="121.4752414"/>
  <node id="300591153" lat="24.6484598" lon="121.4753024"/>
  <node id="6741818894" lat="24.6479813" lon="121.4755573"/>
  <node id="300591154" lat="24.6475474" lon="121.4756249"/>
  <node id="3105423270" lat="24.6473554" lon="121.4756228"/>
  <node id="3105423242" lat="24.6471492" lon="121.4755833"/>
  <node id="11034926730" lat="24.6468914" lon="121.4755379"/>
  <node id="300591164" lat="24.6467993" lon="121.4755425"/>
  <node id="4599377036" lat="24.6461325" lon="121.4758937"/>
  <node id="12032716860" lat="24.6460317" lon="121.4759716"/>
  <node id="3105423195" lat="24.6459269" lon="121.4760165"/>
  <node id="3105423173" lat="24.6457339" lon="121.4760487"/>
  <node id="3105423169" lat="24.6455956" lon="121.4761090"/>
  <node id="12032716861" lat="24.6451351" lon="121.4763565"/>
  <node id="300591166" lat="24.6447900" lon="121.4766019"/>
  <node id="3105423116" lat="24.6447338" lon="121.4766626"/>
  <node id="3105423113" lat="24.6446729" lon="121.4767528"/>
  <node id="3105423111" lat="24.6446489" lon="121.4768332"/>
  <node id="300591167" lat="24.6446520" lon="121.4769546"/>
  <node id="3105423114" lat="24.6446815" lon="121.4770418"/>
  <node id="3105423118" lat="24.6447329" lon="121.4771027"/>
  <node id="300591168" lat="24.6448639" lon="121.4771464"/>
  <node id="3105423127" lat="24.6449999" lon="121.4771276"/>
  <node id="12032716862" lat="24.6451912" lon="121.4770069"/>
  <node id="3105423155" lat="24.6453010" lon="121.4769720"/>
  <node id="300591172" lat="24.6455514" lon="121.4769761"/>
  <node id="3105423221" lat="24.6463344" lon="121.4771069"/>
  <node id="300591175" lat="24.6466415" lon="121.4771357"/>
  <node id="3105423236" lat="24.6467259" lon="121.4771524"/>
  <node id="3105423248" lat="24.6469903" lon="121.4772892"/>
  <node id="300591176" lat="24.6470950" lon="121.4773570"/>
  <node id="300591177" lat="24.6471466" lon="121.4774226"/>
  <node id="12032716863" lat="24.6471799" lon="121.4776057"/>
  <node id="3105423262" lat="24.6471827" lon="121.4777700"/>
  <node id="3105423266" lat="24.6472495" lon="121.4780617"/>
  <node id="300591178" lat="24.6472478" lon="121.4781904"/>
  <node id="3105423267" lat="24.6472263" lon="121.4782548"/>
  <node id="300591179" lat="24.6471120" lon="121.4784177"/>
  <node id="3105423247" lat="24.6470383" lon="121.4784727"/>
  <node id="3105423234" lat="24.6466899" lon="121.4786839"/>
  <node id="3105423228" lat="24.6465267" lon="121.4788201"/>
  <node id="3105423225" lat="24.6464452" lon="121.4788729"/>
  <node id="3105423205" lat="24.6461502" lon="121.4789374"/>
  <node id="11034926732" lat="24.6460895" lon="121.4789604"/>
  <node id="4446084600" lat="24.6460240" lon="121.4790205"/>
  <node id="4446084599" lat="24.6459955" lon="121.4790901"/>
  <node id="3105423192" lat="24.6459796" lon="121.4791996"/>
  <node id="3105423189" lat="24.6459542" lon="121.4793709"/>
  <node id="11034926733" lat="24.6459044" lon="121.4794776"/>
  <node id="3105423176" lat="24.6458539" lon="121.4795571"/>
  <node id="11034926734" lat="24.6457616" lon="121.4796604"/>
  <node id="300591187" lat="24.6456843" lon="121.4797228"/>
  <node id="12032716864" lat="24.6453131" lon="121.4798695"/>
  <node id="3105423108" lat="24.6446938" lon="121.4802027"/>
  <node id="300591188" lat="24.6445826" lon="121.4802804"/>
  <node id="11034926735" lat="24.6445474" lon="121.4803372"/>
  <node id="300591190" lat="24.6445511" lon="121.4804109"/>
  <node id="3105423106" lat="24.6445961" lon="121.4805896"/>
  <node id="11034926736" lat="24.6445895" lon="121.4806628"/>
  <node id="3105423100" lat="24.6445398" lon="121.4807231"/>
  <node id="300591191" lat="24.6444583" lon="121.4807868"/>
  <node id="3105423081" lat="24.6442437" lon="121.4809155"/>
  <node id="3105423078" lat="24.6442008" lon="121.4809585"/>
  <node id="11034926737" lat="24.6441579" lon="121.4810149"/>
  <node id="300591192" lat="24.6441490" lon="121.4811092"/>
  <node id="3105423074" lat="24.6441792" lon="121.4812180"/>
  <node id="3105423090" lat="24.6443675" lon="121.4815384"/>
  <node id="11034926738" lat="24.6444099" lon="121.4817047"/>
  <node id="3105423091" lat="24.6444364" lon="121.4819473"/>
  <node id="11034926739" lat="24.6444333" lon="121.4821663"/>
  <node id="300591193" lat="24.6444089" lon="121.4822841"/>
  <node id="3105423092" lat="24.6442553" lon="121.4825670"/>
  <node id="3105423075" lat="24.6441920" lon="121.4827307"/>
  <node id="3105423071" lat="24.6441730" lon="121.4828548"/>
  <node id="3105423076" lat="24.6441787" lon="121.4829681"/>
  <node id="300591194" lat="24.6442302" lon="121.4831291"/>
  <node id="3105423086" lat="24.6442929" lon="121.4832739"/>
  <node id="3105423088" lat="24.6443559" lon="121.4833858"/>
  <node id="3105423089" lat="24.6443727" lon="121.4834563"/>
  <node id="300591198" lat="24.6443650" lon="121.4835376"/>
  <node id="3105423085" lat="24.6443374" lon="121.4836417"/>
  <node id="3105423082" lat="24.6442964" lon="121.4837034"/>
  <node id="11034926740" lat="24.6442566" lon="121.4837542"/>
  <node id="300591199" lat="24.6442062" lon="121.4837786"/>
  <node id="300591200" lat="24.6440774" lon="121.4837851"/>
  <node id="11034926741" lat="24.6439389" lon="121.4837819"/>
  <node id="3105423062" lat="24.6438309" lon="121.4837627"/>
  <node id="3105423060" lat="24.6437490" lon="121.4837168"/>
  <node id="11034926742" lat="24.6435545" lon="121.4835242"/>
  <node id="3105423058" lat="24.6434242" lon="121.4834913"/>
  <node id="11034926743" lat="24.6433537" lon="121.4834549"/>
  <node id="3105423045" lat="24.6431174" lon="121.4832634"/>
  <node id="3105423043" lat="24.6430292" lon="121.4832379"/>
  <node id="300591202" lat="24.6429566" lon="121.4832650"/>
  <node id="300591203" lat="24.6428292" lon="121.4834184"/>
  <node id="3105423033" lat="24.6427027" lon="121.4836122"/>
  <node id="3105422628" lat="24.6426186" lon="121.4837986"/>
  <node id="11034926745" lat="24.6425526" lon="121.4839509"/>
  <node id="3105422626" lat="24.6425142" lon="121.4839902"/>
  <node id="300591204" lat="24.6424764" lon="121.4840208"/>
  <node id="11034926746" lat="24.6424302" lon="121.4840371"/>
  <node id="3105422623" lat="24.6423762" lon="121.4840362"/>
  <node id="300591212" lat="24.6423272" lon="121.4840184"/>
  <node id="11034926747" lat="24.6421677" lon="121.4838912"/>
  <node id="3105422615" lat="24.6419637" lon="121.4837198"/>
  <node id="3105422611" lat="24.6416377" lon="121.4835458"/>
  <node id="11034926748" lat="24.6415117" lon="121.4834583"/>
  <node id="300591213" lat="24.6414423" lon="121.4833509"/>
  <node id="12032716865" lat="24.6414167" lon="121.4832256"/>
  <node id="3105422608" lat="24.6413526" lon="121.4830586"/>
  <node id="11034926749" lat="24.6409317" lon="121.4823383"/>
  <node id="11034926750" lat="24.6408344" lon="121.4821063"/>
  <node id="3105422600" lat="24.6407868" lon="121.4820181"/>
  <node id="11034926751" lat="24.6407293" lon="121.4819577"/>
  <node id="4446084598" lat="24.6406699" lon="121.4819414"/>
  <node id="11034926752" lat="24.6405492" lon="121.4819363"/>
  <node id="4446084597" lat="24.6404964" lon="121.4819108"/>
  <node id="3105422591" lat="24.6404484" lon="121.4818510"/>
  <node id="300591217" lat="24.6403199" lon="121.4817053"/>
  <node id="3105422575" lat="24.6402682" lon="121.4816811"/>
  <node id="300591219" lat="24.6399494" lon="121.4816299"/>
  <node id="3105422570" lat="24.6399034" lon="121.4815989"/>
  <node id="300591228" lat="24.6397612" lon="121.4814125"/>
  <node id="11034926753" lat="24.6396663" lon="121.4813079"/>
  <node id="11034926754" lat="24.6395508" lon="121.4812433"/>
  <node id="3105422563" lat="24.6393053" lon="121.4811706"/>
  <node id="3105422562" lat="24.6391298" lon="121.4811363"/>
  <node id="3105422561" lat="24.6389466" lon="121.4811442"/>
  <node id="3105422560" lat="24.6386450" lon="121.4812246"/>
  <node id="3105422559" lat="24.6385785" lon="121.4812239"/>
  <node id="3105422558" lat="24.6384024" lon="121.4811743"/>
  <node id="300591232" lat="24.6383030" lon="121.4811630"/>
  <node id="3105422557" lat="24.6382403" lon="121.4811428"/>
  <node id="11034926755" lat="24.6382164" lon="121.4810950"/>
  <node id="300591238" lat="24.6381836" lon="121.4808404"/>
  <node id="4446084596" lat="24.6381671" lon="121.4807203"/>
  <node id="11034926756" lat="24.6381070" lon="121.4804162"/>
  <node id="3105422556" lat="24.6380755" lon="121.4802439"/>
  <node id="3105422555" lat="24.6380264" lon="121.4801649"/>
  <node id="300591246" lat="24.6379714" lon="121.4801356"/>
  <node id="300591254" lat="24.6379195" lon="121.4801359"/>
  <node id="300591258" lat="24.6377637" lon="121.4802191"/>
  <node id="300591261" lat="24.6376126" lon="121.4803355"/>
  <node id="3105422554" lat="24.6375391" lon="121.4803762"/>
  <node id="3105422553" lat="24.6374715" lon="121.4803798"/>
  <node id="11034926757" lat="24.6374156" lon="121.4803501"/>
  <node id="3105422552" lat="24.6373627" lon="121.4802889"/>
  <node id="3105422551" lat="24.6373335" lon="121.4802342"/>
  <node id="11034926758" lat="24.6372960" lon="121.4801452"/>
  <node id="3105422550" lat="24.6372431" lon="121.4800787"/>
  <node id="11034926759" lat="24.6372010" lon="121.4800477"/>
  <node id="11034926760" lat="24.6371182" lon="121.4799863"/>
  <node id="3105422549" lat="24.6369586" lon="121.4798080"/>
  <node id="11034926761" lat="24.6368785" lon="121.4797574"/>
  <node id="3105422548" lat="24.6367917" lon="121.4797042"/>
  <node id="300591265" lat="24.6367025" lon="121.4796731"/>
  <node id="11034926762" lat="24.6361778" lon="121.4796012"/>
  <node id="11034926763" lat="24.6359002" lon="121.4795357"/>
  <node id="300591294" lat="24.6356863" lon="121.4794318"/>
  <node id="4446084594" lat="24.6355642" lon="121.4794288"/>
  <node id="3105422547" lat="24.6354916" lon="121.4794533"/>
  <node id="3105422546" lat="24.6354196" lon="121.4795059"/>
  <node id="3105422545" lat="24.6352738" lon="121.4795690"/>
  <node id="3105422544" lat="24.6352159" lon="121.4795650"/>
  <node id="3105422543" lat="24.6351414" lon="121.4795351"/>
  <node id="3105422542" lat="24.6350221" lon="121.4794869"/>
  <node id="300591295" lat="24.6346727" lon="121.4793900"/>
  <node id="4446084593" lat="24.6344081" lon="121.4793752"/>
  <node id="3105422541" lat="24.6342853" lon="121.4793970"/>
  <node id="4446084592" lat="24.6342173" lon="121.4794373"/>
  <node id="11034926764" lat="24.6341749" lon="121.4795118"/>
  <node id="4446084591" lat="24.6341595" lon="121.4796602"/>
  <node id="3105422539" lat="24.6341206" lon="121.4797519"/>
  <node id="11034926765" lat="24.6340477" lon="121.4798223"/>
  <node id="300591308" lat="24.6339840" lon="121.4798621"/>
  <node id="11034926766" lat="24.6338440" lon="121.4798634"/>
  <node id="3105422538" lat="24.6337030" lon="121.4798882"/>
  <node id="4446084590" lat="24.6335800" lon="121.4799184"/>
  <node id="4446083682" lat="24.6333495" lon="121.4800833"/>
  <node id="4446083681" lat="24.6332977" lon="121.4801470"/>
  <node id="4446083683" lat="24.6332776" lon="121.4802094"/>
  <node id="4446083685" lat="24.6332892" lon="121.4803073"/>
  <node id="4446083686" lat="24.6334050" lon="121.4805989"/>
  <node id="4446084589" lat="24.6334287" lon="121.4807022"/>
  <node id="4446083687" lat="24.6334226" lon="121.4807807"/>
  <node id="4446083684" lat="24.6333945" lon="121.4808532"/>
  <node id="4446083680" lat="24.6332797" lon="121.4809226"/>
  <node id="4446083678" lat="24.6330753" lon="121.4810622"/>
  <node id="4446083674" lat="24.6330064" lon="121.4811294"/>
  <node id="4446083676" lat="24.6329884" lon="121.4812228"/>
  <node id="4446083677" lat="24.6330007" lon="121.4813350"/>
  <node id="4446083675" lat="24.6330262" lon="121.4815069"/>
  <node id="4446083673" lat="24.6330161" lon="121.4816004"/>
  <node id="4446083672" lat="24.6329818" lon="121.4816833"/>
  <node id="4446083671" lat="24.6329268" lon="121.4817167"/>
  <node id="12032716866" lat="24.6328129" lon="121.4817423"/>
  <node id="11034926767" lat="24.6327227" lon="121.4817965"/>
  <node id="300591336" lat="24.6326278" lon="121.4818341"/>
  <node id="1984505533" lat="24.6324291" lon="121.4818367"/>
  <node id="11034926768" lat="24.6322012" lon="121.4818513"/>
  <node id="11034926769" lat="24.6320889" lon="121.4818863"/>
  <node id="1984505520" lat="24.6319465" lon="121.4819129"/>
  <node id="1984505529" lat="24.6318300" lon="121.4819057"/>
  <node id="4446083670" lat="24.6317276" lon="121.4818817"/>
  <node id="11034926770" lat="24.6316084" lon="121.4818306"/>
  <node id="300591333" lat="24.6315016" lon="121.4817987"/>
  <node id="11034926771" lat="24.6311149" lon="121.4817602"/>
  <node id="300591325" lat="24.6308627" lon="121.4817211"/>
  <node id="4446083668" lat="24.6307829" lon="121.4817319"/>
  <node id="4446083667" lat="24.6307444" lon="121.4817687"/>
  <node id="4446083666" lat="24.6307050" lon="121.4818252"/>
  <node id="1984505518" lat="24.6306779" lon="121.4819696"/>
  <node id="1984505510" lat="24.6306357" lon="121.4822953"/>
  <node id="1984505519" lat="24.6306572" lon="121.4823974"/>
  <node id="300591342" lat="24.6308132" lon="121.4827085"/>
  <node id="4446083669" lat="24.6310717" lon="121.4832087"/>
  <node id="1984505281" lat="24.6311156" lon="121.4833825"/>
  <node id="300591453" lat="24.6311540" lon="121.4835789"/>
  <node id="300591345" lat="24.6312978" lon="121.4838719"/>
  <node id="300591449" lat="24.6315746" lon="121.4841723"/>
  <node id="1984505494" lat="24.6321122" lon="121.4844988"/>
  <node id="300591459" lat="24.6321743" lon="121.4845559"/>
  <node id="300591349" lat="24.6322451" lon="121.4847188"/>
  <node id="300591411" lat="24.6323645" lon="121.4848972"/>
  <node id="1984504855" lat="24.6324820" lon="121.4849999"/>
  <node id="1984504868" lat="24.6326792" lon="121.4851615"/>
  <node id="12032716867" lat="24.6328476" lon="121.4854639"/>
  <node id="300591353" lat="24.6330003" lon="121.4857307"/>
  <node id="1984504859" lat="24.6330265" lon="121.4858307"/>
  <node id="300591356" lat="24.6330210" lon="121.4860519"/>
  <node id="1984504822" lat="24.6330027" lon="121.4862028"/>
  <node id="12032716868" lat="24.6328452" lon="121.4866233"/>
  <node id="300591358" lat="24.6326879" lon="121.4871014"/>
  <node id="300591366" lat="24.6326448" lon="121.4871518"/>
  <node id="12032716869" lat="24.6324825" lon="121.4872268"/>
  <node id="1984504500" lat="24.6324212" lon="121.4872603"/>
  <node id="1984504472" lat="24.6323771" lon="121.4873315"/>
  <node id="1984504460" lat="24.6322086" lon="121.4877297"/>
  <node id="1984504310" lat="24.6321408" lon="121.4879322"/>
  <node id="1984504307" lat="24.6321121" lon="121.4881749"/>
  <node id="1984504303" lat="24.6321453" lon="121.4883468"/>
  <node id="1984504304" lat="24.6321606" lon="121.4884440"/>
  <node id="1984504267" lat="24.6321222" lon="121.4887692"/>
  <node id="300591376" lat="24.6320716" lon="121.4890260"/>
  <node id="1984504266" lat="24.6319948" lon="121.4892600"/>
  <node id="300591386" lat="24.6319942" lon="121.4893382"/>
  <node id="300591382" lat="24.6320094" lon="121.4895141"/>
  <node id="4443001301" lat="24.6319320" lon="121.4898066"/>
  <node id="1984504256" lat="24.6319021" lon="121.4900235"/>
  <node id="11034926772" lat="24.6318714" lon="121.4900579"/>
  <node id="1984504260" lat="24.6317928" lon="121.4900766"/>
  <node id="1984504265" lat="24.6317245" lon="121.4900655"/>
  <node id="11034926773" lat="24.6316894" lon="121.4900218"/>
  <node id="4443001300" lat="24.6314977" lon="121.4897928"/>
  <node id="1984504264" lat="24.6312067" lon="121.4895655"/>
  <node id="11034926774" lat="24.6309390" lon="121.4893323"/>
  <node id="1984504301" lat="24.6309076" lon="121.4892590"/>
  <node id="1984504305" lat="24.6308995" lon="121.4891218"/>
  <node id="1984504308" lat="24.6308738" lon="121.4890327"/>
  <node id="11034926775" lat="24.6308413" lon="121.4889702"/>
  <node id="1984504311" lat="24.6307679" lon="121.4888763"/>
  <node id="1984504341" lat="24.6306326" lon="121.4887795"/>
  <node id="300591390" lat="24.6304930" lon="121.4887123"/>
  <node id="1984504509" lat="24.6304361" lon="121.4886632"/>
  <node id="11034926776" lat="24.6303611" lon="121.4885598"/>
  <node id="1984504520" lat="24.6303045" lon="121.4884613"/>
  <node id="4443001299" lat="24.6302765" lon="121.4881858"/>
  <node id="1984504786" lat="24.6301437" lon="121.4877842"/>
  <node id="1984504753" lat="24.6300790" lon="121.4875360"/>
  <node id="1984504862" lat="24.6300375" lon="121.4873966"/>
  <node id="1984504860" lat="24.6299267" lon="121.4872228"/>
  <node id="1984504849" lat="24.6298650" lon="121.4870941"/>
  <node id="1984504831" lat="24.6298213" lon="121.4868646"/>
  <node id="1984504876" lat="24.6297920" lon="121.4867854"/>
  <node id="1984504887" lat="24.6297121" lon="121.4866904"/>
  <node id="300591417" lat="24.6296225" lon="121.4866314"/>
  <node id="1984504904" lat="24.6294934" lon="121.4865998"/>
  <node id="11034926777" lat="24.6294315" lon="121.4866137"/>
  <node id="11034926778" lat="24.6293763" lon="121.4866482"/>
  <node id="1984504908" lat="24.6292895" lon="121.4867187"/>
  <node id="1984504902" lat="24.6292176" lon="121.4867576"/>
  <node id="12032716870" lat="24.6291453" lon="121.4867695"/>
  <node id="11034926779" lat="24.6290002" lon="121.4867847"/>
  <node id="4443001298" lat="24.6287905" lon="121.4867613"/>
  <node id="12032716871" lat="24.6285010" lon="121.4866836"/>
  <node id="1984504720" lat="24.6284509" lon="121.4866704"/>
  <node id="300591468" lat="24.6283802" lon="121.4866240"/>
  <node id="300591423" lat="24.6282400" lon="121.4865074"/>
  <node id="1984505283" lat="24.6278755" lon="121.4860519"/>
  <node id="300591420" lat="24.6278153" lon="121.4859692"/>
  <node id="1984505280" lat="24.6277494" lon="121.4859205"/>
  <node id="1984505243" lat="24.6276903" lon="121.4858913"/>
  <node id="1984505289" lat="24.6276266" lon="121.4859038"/>
  <node id="11034926780" lat="24.6275683" lon="121.4859738"/>
  <node id="300591437" lat="24.6275277" lon="121.4860614"/>
  <node id="1984505193" lat="24.6274735" lon="121.4861298"/>
  <node id="11034926781" lat="24.6273977" lon="121.4861928"/>
  <node id="11034926782" lat="24.6265165" lon="121.4865963"/>
  <node id="300591465" lat="24.6264295" lon="121.4866259"/>
  <node id="12032716872" lat="24.6263706" lon="121.4866421"/>
  <node id="1984505324" lat="24.6262882" lon="121.4866385"/>
  <node id="300591462" lat="24.6262122" lon="121.4866046"/>
  <node id="11034926783" lat="24.6259961" lon="121.4864359"/>
  <node id="1984505290" lat="24.6258347" lon="121.4862813"/>
  <node id="1984505305" lat="24.6257758" lon="121.4861687"/>
  <node id="1984505274" lat="24.6257525" lon="121.4860584"/>
  <node id="11034926784" lat="24.6257358" lon="121.4856556"/>
  <node id="1984505277" lat="24.6257256" lon="121.4854919"/>
  <node id="11034926785" lat="24.6257179" lon="121.4853842"/>
  <node id="1984505270" lat="24.6256884" lon="121.4853109"/>
  <node id="11034926786" lat="24.6255864" lon="121.4851657"/>
  <node id="11034926787" lat="24.6254541" lon="121.4849970"/>
  <node id="1984505276" lat="24.6252988" lon="121.4848185"/>
  <node id="12032716873" lat="24.6252490" lon="121.4848021"/>
  <node id="1984505279" lat="24.6252147" lon="121.4848068"/>
  <node id="1984505214" lat="24.6251606" lon="121.4848366"/>
  <node id="1984505175" lat="24.6251216" lon="121.4849615"/>
  <node id="11034926788" lat="24.6251000" lon="121.4850443"/>
  <node id="1984505275" lat="24.6249581" lon="121.4852342"/>
  <node id="1984505231" lat="24.6248066" lon="121.4854867"/>
  <node id="12032716875" lat="24.6247631" lon="121.4855303"/>
  <node id="12032716874" lat="24.6246668" lon="121.4855933"/>
  <node id="1984505157" lat="24.6245944" lon="121.4856543"/>
  <node id="1984505273" lat="24.6245472" lon="121.4857328"/>
  <node id="1984505285" lat="24.6245158" lon="121.4858461"/>
  <node id="1984505483" lat="24.6244714" lon="121.4861699"/>
  <node id="1984505191" lat="24.6244186" lon="121.4863470"/>
  <node id="12032716876" lat="24.6242871" lon="121.4865556"/>
  <node id="1984505205" lat="24.6241597" lon="121.4866252"/>
  <node id="1984505294" lat="24.6240602" lon="121.4867224"/>
  <node id="1984505307" lat="24.6240340" lon="121.4867979"/>
  <node id="12032716877" lat="24.6240542" lon="121.4868962"/>
  <node id="1984505326" lat="24.6241254" lon="121.4870098"/>
  <node id="1984505490" lat="24.6241699" lon="121.4870930"/>
  <node id="1984505522" lat="24.6241973" lon="121.4872169"/>
  <node id="12032716878" lat="24.6241774" lon="121.4875037"/>
  <node id="1984505543" lat="24.6241949" lon="121.4878138"/>
  <node id="1984504810" lat="24.6241922" lon="121.4879246"/>
  <node id="1984505545" lat="24.6241571" lon="121.4879908"/>
  <node id="1984505547" lat="24.6240858" lon="121.4880465"/>
  <node id="12032716879" lat="24.6238982" lon="121.4880951"/>
  <node id="1984505606" lat="24.6238255" lon="121.4881463"/>
  <node id="1984505604" lat="24.6237682" lon="121.4882268"/>
  <node id="1984505598" lat="24.6237319" lon="121.4884230"/>
  <node id="300591476" lat="24.6237300" lon="121.4886651"/>
  <node id="1984505596" lat="24.6237134" lon="121.4887174"/>
  <node id="300591479" lat="24.6236871" lon="121.4887623"/>
  <node id="300591480" lat="24.6236319" lon="121.4887978"/>
  <node id="1984505590" lat="24.6235122" lon="121.4888414"/>
  <node id="1984505594" lat="24.6234110" lon="121.4888750"/>
  <node id="300591481" lat="24.6231740" lon="121.4889044"/>
  <node id="1984505597" lat="24.6230339" lon="121.4888965"/>
  <node id="11034926789" lat="24.6228556" lon="121.4888570"/>
  <node id="1984505599" lat="24.6227190" lon="121.4887922"/>
  <node id="300591487" lat="24.6225593" lon="121.4886574"/>
  <node id="1984505608" lat="24.6224846" lon="121.4885924"/>
  <node id="1984505550" lat="24.6224266" lon="121.4885677"/>
  <node id="1984504805" lat="24.6223540" lon="121.4885590"/>
  <node id="1984504808" lat="24.6222424" lon="121.4885609"/>
  <node id="300591491" lat="24.6221469" lon="121.4885993"/>
  <node id="1984505554" lat="24.6219000" lon="121.4887344"/>
  <node id="1984504771" lat="24.6217869" lon="121.4887530"/>
  <node id="11034926790" lat="24.6216926" lon="121.4887434"/>
  <node id="1984505552" lat="24.6215830" lon="121.4887381"/>
  <node id="11034926791" lat="24.6213296" lon="121.4888306"/>
  <node id="1984504749" lat="24.6210323" lon="121.4889395"/>
  <node id="1984504746" lat="24.6209277" lon="121.4889864"/>
  <node id="1984505619" lat="24.6207338" lon="121.4891636"/>
  <node id="1984505615" lat="24.6206364" lon="121.4892391"/>
  <node id="1984505617" lat="24.6201617" lon="121.4894636"/>
  <node id="11034926792" lat="24.6200669" lon="121.4894933"/>
  <node id="1984505556" lat="24.6199602" lon="121.4895159"/>
  <node id="11034926793" lat="24.6198251" lon="121.4895212"/>
  <node id="11034926794" lat="24.6197361" lon="121.4895398"/>
  <node id="1984505558" lat="24.6196188" lon="121.4896145"/>
  <node id="1984504434" lat="24.6195495" lon="121.4896542"/>
  <node id="11034926795" lat="24.6194213" lon="121.4896991"/>
  <node id="1984505559" lat="24.6193298" lon="121.4897633"/>
  <node id="1984505613" lat="24.6192575" lon="121.4898747"/>
  <node id="1984505611" lat="24.6191836" lon="121.4899552"/>
  <node id="11034926796" lat="24.6190989" lon="121.4900079"/>
  <node id="11034926797" lat="24.6188830" lon="121.4901027"/>
  <node id="1984504415" lat="24.6187858" lon="121.4901585"/>
  <node id="1984504451" lat="24.6187225" lon="121.4902226"/>
  <node id="1984505610" lat="24.6186949" lon="121.4903079"/>
  <node id="12032716880" lat="24.6186807" lon="121.4904213"/>
  <node id="1984505572" lat="24.6186698" lon="121.4907767"/>
  <node id="1984505576" lat="24.6186449" lon="121.4908926"/>
  <node id="1984505580" lat="24.6186034" lon="121.4909919"/>
  <node id="1984505582" lat="24.6185089" lon="121.4911757"/>
  <node id="1984505578" lat="24.6183858" lon="121.4913480"/>
  <node id="1984505570" lat="24.6183315" lon="121.4914338"/>
  <node id="1984505566" lat="24.6183090" lon="121.4915384"/>
  <node id="1984505584" lat="24.6182791" lon="121.4917812"/>
  <node id="1984505586" lat="24.6182651" lon="121.4918575"/>
  <node id="1984505592" lat="24.6182294" lon="121.4919534"/>
  <node id="11034926798" lat="24.6181715" lon="121.4920163"/>
  <node id="1984505588" lat="24.6180902" lon="121.4920728"/>
  <node id="4442925205" lat="24.6180012" lon="121.4921204"/>
  <node id="12032716881" lat="24.6175895" lon="121.4921862"/>
  <node id="1984505574" lat="24.6173989" lon="121.4922706"/>
  <node id="1984505561" lat="24.6172458" lon="121.4923129"/>
  <node id="1984505568" lat="24.6170111" lon="121.4923296"/>
  <node id="12032716882" lat="24.6169177" lon="121.4923076"/>
  <node id="1984504473" lat="24.6168806" lon="121.4922559"/>
  <node id="12032716883" lat="24.6168665" lon="121.4922056"/>
  <node id="1984504360" lat="24.6168759" lon="121.4921346"/>
  <node id="1984504387" lat="24.6169429" lon="121.4919300"/>
  <node id="1984504395" lat="24.6169647" lon="121.4917376"/>
  <node id="1984504418" lat="24.6170153" lon="121.4914453"/>
  <node id="12032716884" lat="24.6170104" lon="121.4913802"/>
  <node id="12032716885" lat="24.6169659" lon="121.4912588"/>
  <node id="12032716886" lat="24.6169074" lon="121.4910369"/>
  <node id="1984504449" lat="24.6169012" lon="121.4907441"/>
  <node id="12032716887" lat="24.6168824" lon="121.4906647"/>
  <node id="1984504428" lat="24.6168482" lon="121.4905832"/>
  <node id="12032716888" lat="24.6167836" lon="121.4904897"/>
  <node id="1984504711" lat="24.6167110" lon="121.4904061"/>
  <node id="1984504716" lat="24.6165580" lon="121.4903002"/>
  <node id="12032716889" lat="24.6165178" lon="121.4902590"/>
  <node id="1984504736" lat="24.6164863" lon="121.4902027"/>
  <node id="1984504797" lat="24.6163883" lon="121.4899164"/>
  <node id="1984505549" lat="24.6162440" lon="121.4896108"/>
  <node id="1984504803" lat="24.6162397" lon="121.4895149"/>
  <node id="1984504790" lat="24.6162833" lon="121.4890569"/>
  <node id="1984505541" lat="24.6162804" lon="121.4889524"/>
  <node id="1984505539" lat="24.6162691" lon="121.4888596"/>
  <node id="1984505531" lat="24.6162410" lon="121.4887933"/>
  <node id="1984505516" lat="24.6161876" lon="121.4887449"/>
  <node id="11034926799" lat="24.6161219" lon="121.4887241"/>
  <node id="11034926800" lat="24.6158698" lon="121.4887417"/>
  <node id="11034926801" lat="24.6157686" lon="121.4887365"/>
  <node id="1984505504" lat="24.6157042" lon="121.4887252"/>
  <node id="1984505502" lat="24.6156371" lon="121.4886568"/>
  <node id="1984505498" lat="24.6156017" lon="121.4885815"/>
  <node id="1984505496" lat="24.6155460" lon="121.4883609"/>
  <node id="11034926802" lat="24.6154752" lon="121.4881464"/>
  <node id="11034926803" lat="24.6153637" lon="121.4876398"/>
  <node id="1984505202" lat="24.6153420" lon="121.4874710"/>
  <node id="1984505319" lat="24.6153139" lon="121.4871574"/>
  <node id="1984505317" lat="24.6153272" lon="121.4871058"/>
  <node id="11034926804" lat="24.6154049" lon="121.4870207"/>
  <node id="1984505176" lat="24.6155543" lon="121.4868856"/>
  <node id="1984505282" lat="24.6157007" lon="121.4867592"/>
  <node id="11034987805" lat="24.6158118" lon="121.4866127"/>
  <node id="1984505278" lat="24.6158351" lon="121.4865515"/>
  <node id="1984505254" lat="24.6158866" lon="121.4860288"/>
  <node id="1984505389" lat="24.6159354" lon="121.4858215"/>
  <node id="1984505391" lat="24.6159427" lon="121.4857529"/>
  <node id="1984505506" lat="24.6159230" lon="121.4856850"/>
  <node id="1984505514" lat="24.6158423" lon="121.4855698"/>
  <node id="1984505463" lat="24.6157679" lon="121.4854640"/>
  <node id="1984505467" lat="24.6157507" lon="121.4853935"/>
  <node id="1984505508" lat="24.6157623" lon="121.4853050"/>
  <node id="1984505523" lat="24.6158205" lon="121.4851340"/>
  <node id="1984505478" lat="24.6158812" lon="121.4850092"/>
  <node id="1984505535" lat="24.6160269" lon="121.4848062"/>
  <node id="11034987806" lat="24.6160758" lon="121.4847167"/>
  <node id="11034987807" lat="24.6160926" lon="121.4846298"/>
  <node id="1984505537" lat="24.6160790" lon="121.4845677"/>
  <node id="1984505521" lat="24.6160382" lon="121.4845293"/>
  <node id="1984505500" lat="24.6159883" lon="121.4845088"/>
  <node id="11034987809" lat="24.6157426" lon="121.4844838"/>
  <node id="11034987810" lat="24.6156182" lon="121.4844516"/>
  <node id="11034987811" lat="24.6153926" lon="121.4843178"/>
  <node id="1984505361" lat="24.6152842" lon="121.4842879"/>
  <node id="11034987812" lat="24.6152053" lon="121.4842551"/>
  <node id="1984505440" lat="24.6151563" lon="121.4841686"/>
  <node id="1984505443" lat="24.6151128" lon="121.4840529"/>
  <node id="11034987813" lat="24.6150801" lon="121.4839722"/>
  <node id="1984505481" lat="24.6150374" lon="121.4839089"/>
  <node id="3489003560" lat="24.6150011" lon="121.4838663"/>
  <node id="11034987814" lat="24.6149657" lon="121.4838304"/>
  <node id="1984505480" lat="24.6148823" lon="121.4837742"/>
  <node id="1984505401" lat="24.6144376" lon="121.4836681"/>
  <node id="1984505433" lat="24.6143494" lon="121.4836105"/>
  <node id="12032716890" lat="24.6142812" lon="121.4834442"/>
  <node id="1984505423" lat="24.6142000" lon="121.4833389"/>
  <node id="1984505441" lat="24.6139374" lon="121.4830526"/>
  <node id="1984505439" lat="24.6138444" lon="121.4829137"/>
  <node id="1984505435" lat="24.6137715" lon="121.4827481"/>
  <node id="1984505431" lat="24.6137067" lon="121.4825276"/>
  <node id="1984505420" lat="24.6136464" lon="121.4822351"/>
  <node id="1984505406" lat="24.6136031" lon="121.4821589"/>
  <node id="1984505404" lat="24.6135512" lon="121.4821248"/>
  <node id="1984505398" lat="24.6135053" lon="121.4821284"/>
  <node id="1984505396" lat="24.6134720" lon="121.4821454"/>
  <node id="11034987815" lat="24.6134363" lon="121.4822137"/>
  <node id="1984505397" lat="24.6134228" lon="121.4822948"/>
  <node id="1984505399" lat="24.6134149" lon="121.4824832"/>
  <node id="1984505400" lat="24.6134437" lon="121.4826831"/>
  <node id="1984505403" lat="24.6136144" lon="121.4832873"/>
  <node id="1984505395" lat="24.6136716" lon="121.4834388"/>
  <node id="1984505405" lat="24.6138331" lon="121.4837366"/>
  <node id="1984505418" lat="24.6138741" lon="121.4838651"/>
  <node id="1984505442" lat="24.6138629" lon="121.4839343"/>
  <node id="1984505437" lat="24.6138382" lon="121.4839625"/>
  <node id="1984505429" lat="24.6138006" lon="121.4839772"/>
  <node id="11034987816" lat="24.6137529" lon="121.4839714"/>
  <node id="1984505421" lat="24.6136928" lon="121.4839498"/>
  <node id="1984505381" lat="24.6136340" lon="121.4839146"/>
  <node id="1984505357" lat="24.6134841" lon="121.4837199"/>
  <node id="11034987817" lat="24.6133169" lon="121.4834574"/>
  <node id="11034987818" lat="24.6131963" lon="121.4832378"/>
  <node id="1984505356" lat="24.6131064" lon="121.4830045"/>
  <node id="1984505362" lat="24.6130697" lon="121.4828843"/>
  <node id="1984505359" lat="24.6130383" lon="121.4828390"/>
  <node id="1984505355" lat="24.6129801" lon="121.4828046"/>
  <node id="11034987819" lat="24.6129344" lon="121.4828083"/>
  <node id="1984505348" lat="24.6129031" lon="121.4828395"/>
  <node id="11034987820" lat="24.6128822" lon="121.4829195"/>
  <node id="1984505350" lat="24.6129069" lon="121.4831049"/>
  <node id="1984505385" lat="24.6131401" lon="121.4838573"/>
  <node id="1984505383" lat="24.6131596" lon="121.4839377"/>
  <node id="1984505358" lat="24.6131592" lon="121.4840056"/>
  <node id="1984505368" lat="24.6131327" lon="121.4840457"/>
  <node id="1984505365" lat="24.6130770" lon="121.4840776"/>
  <node id="1984505364" lat="24.6130140" lon="121.4840718"/>
  <node id="1984505322" lat="24.6129718" lon="121.4840468"/>
  <node id="1984505360" lat="24.6129208" lon="121.4839470"/>
  <node id="11034987821" lat="24.6128950" lon="121.4837217"/>
  <node id="1984505346" lat="24.6128567" lon="121.4835267"/>
  <node id="1984505325" lat="24.6128253" lon="121.4834629"/>
  <node id="1984505321" lat="24.6127757" lon="121.4834147"/>
  <node id="1984505316" lat="24.6127052" lon="121.4834020"/>
  <node id="1984505315" lat="24.6126403" lon="121.4834435"/>
  <node id="1984505313" lat="24.6126104" lon="121.4835066"/>
  <node id="1984505318" lat="24.6126043" lon="121.4835997"/>
  <node id="1984505327" lat="24.6126908" lon="121.4839654"/>
  <node id="11034987822" lat="24.6127551" lon="121.4840789"/>
  <node id="1984505344" lat="24.6128137" lon="121.4841620"/>
  <node id="11034987823" lat="24.6128899" lon="121.4842319"/>
  <node id="1984505354" lat="24.6129781" lon="121.4842842"/>
  <node id="1984505366" lat="24.6132420" lon="121.4843407"/>
  <node id="1984505387" lat="24.6133394" lon="121.4843957"/>
  <node id="11034987825" lat="24.6134519" lon="121.4844878"/>
  <node id="1984505402" lat="24.6135256" lon="121.4845911"/>
  <node id="11034987826" lat="24.6135932" lon="121.4846707"/>
  <node id="1984505425" lat="24.6137477" lon="121.4847107"/>
  <node id="11034987828" lat="24.6138012" lon="121.4847398"/>
  <node id="1984505438" lat="24.6138372" lon="121.4847847"/>
  <node id="11034987829" lat="24.6138670" lon="121.4849293"/>
  <node id="1984505455" lat="24.6138997" lon="121.4850044"/>
  <node id="11034987830" lat="24.6139468" lon="121.4850312"/>
  <node id="1984505457" lat="24.6140442" lon="121.4850567"/>
  <node id="1984505461" lat="24.6142176" lon="121.4850791"/>
  <node id="1984505474" lat="24.6142668" lon="121.4851133"/>
  <node id="1984505477" lat="24.6142963" lon="121.4851672"/>
  <node id="11034987834" lat="24.6143133" lon="121.4852413"/>
  <node id="11034987835" lat="24.6143218" lon="121.4853461"/>
  <node id="1984505470" lat="24.6142819" lon="121.4855004"/>
  <node id="1984505453" lat="24.6142460" lon="121.4855762"/>
  <node id="11034987836" lat="24.6142048" lon="121.4856231"/>
  <node id="1984505459" lat="24.6141417" lon="121.4856622"/>
  <node id="1984505311" lat="24.6139171" lon="121.4857113"/>
  <node id="1984505329" lat="24.6138045" lon="121.4857837"/>
  <node id="1984505352" lat="24.6135028" lon="121.4860400"/>
  <node id="1984505379" lat="24.6133671" lon="121.4861727"/>
  <node id="11034987837" lat="24.6133042" lon="121.4862206"/>
  <node id="1984505363" lat="24.6131236" lon="121.4862498"/>
  <node id="1984505287" lat="24.6127822" lon="121.4862336"/>
  <node id="1984505207" lat="24.6126924" lon="121.4862511"/>
  <node id="12032716891" lat="24.6125004" lon="121.4863591"/>
  <node id="1984505248" lat="24.6124279" lon="121.4864067"/>
  <node id="1984505209" lat="24.6123767" lon="121.4864731"/>
  <node id="1984505250" lat="24.6123648" lon="121.4865770"/>
  <node id="1984505252" lat="24.6123720" lon="121.4867192"/>
  <node id="1984505272" lat="24.6124373" lon="121.4869585"/>
  <node id="1984505238" lat="24.6124889" lon="121.4870350"/>
  <node id="1984505159" lat="24.6126850" lon="121.4871678"/>
  <node id="1984505197" lat="24.6127209" lon="121.4872167"/>
  <node id="1984505292" lat="24.6127399" lon="121.4872731"/>
  <node id="1984505154" lat="24.6127264" lon="121.4877440"/>
  <node id="11034987841" lat="24.6128112" lon="121.4879331"/>
  <node id="1984505323" lat="24.6128265" lon="121.4879981"/>
  <node id="1984505241" lat="24.6128197" lon="121.4880535"/>
  <node id="11034987842" lat="24.6127901" lon="121.4880894"/>
  <node id="11034987843" lat="24.6127509" lon="121.4881016"/>
  <node id="1984505234" lat="24.6127221" lon="121.4881066"/>
  <node id="1984505237" lat="24.6126862" lon="121.4881065"/>
  <node id="1984505233" lat="24.6126621" lon="121.4880953"/>
  <node id="1984505230" lat="24.6126201" lon="121.4880661"/>
  <node id="1984505213" lat="24.6125646" lon="121.4879681"/>
  <node id="1984505156" lat="24.6125437" lon="121.4878647"/>
  <node id="11034987844" lat="24.6125583" lon="121.4877755"/>
  <node id="1984505195" lat="24.6126061" lon="121.4876724"/>
  <node id="1984505196" lat="24.6126135" lon="121.4875299"/>
  <node id="1984505245" lat="24.6125977" lon="121.4874811"/>
  <node id="1984505198" lat="24.6124621" lon="121.4872713"/>
  <node id="1984505089" lat="24.6123005" lon="121.4871450"/>
  <node id="1984505236" lat="24.6122324" lon="121.4870880"/>
  <node id="11034987847" lat="24.6121967" lon="121.4870308"/>
  <node id="1984505190" lat="24.6120722" lon="121.4867437"/>
  <node id="1984505229" lat="24.6120735" lon="121.4866722"/>
  <node id="1984505211" lat="24.6121426" lon="121.4864208"/>
  <node id="1984505216" lat="24.6121275" lon="121.4862860"/>
  <node id="1984505076" lat="24.6120677" lon="121.4862179"/>
  <node id="1984505079" lat="24.6119779" lon="121.4862058"/>
  <node id="11034987850" lat="24.6119337" lon="121.4862328"/>
  <node id="11034987851" lat="24.6119164" lon="121.4863133"/>
  <node id="11034987848" lat="24.6119581" lon="121.4865349"/>
  <node id="1984505164" lat="24.6119799" lon="121.4869212"/>
  <node id="1984505129" lat="24.6120020" lon="121.4870019"/>
  <node id="11034987852" lat="24.6120527" lon="121.4871243"/>
  <node id="1984505189" lat="24.6121707" lon="121.4872813"/>
  <node id="11034987853" lat="24.6121988" lon="121.4873488"/>
  <node id="11034987854" lat="24.6122039" lon="121.4874284"/>
  <node id="1984505192" lat="24.6121595" lon="121.4876462"/>
  <node id="1984505204" lat="24.6121445" lon="121.4879845"/>
  <node id="1984505155" lat="24.6121775" lon="121.4882085"/>
  <node id="1984505118" lat="24.6121839" lon="121.4882948"/>
  <node id="1984504959" lat="24.6121710" lon="121.4883639"/>
  <node id="1984504962" lat="24.6121517" lon="121.4883805"/>
  <node id="1984505116" lat="24.6120996" lon="121.4883972"/>
  <node id="11034987857" lat="24.6120409" lon="121.4883851"/>
  <node id="11034987856" lat="24.6119940" lon="121.4883392"/>
  <node id="11034987855" lat="24.6119725" lon="121.4882648"/>
  <node id="4446604168" lat="24.6119828" lon="121.4877601"/>
  <node id="1984505194" lat="24.6119267" lon="121.4875676"/>
  <node id="1984505200" lat="24.6118688" lon="121.4874436"/>
  <node id="1984505171" lat="24.6116647" lon="121.4870920"/>
  <node id="1984505169" lat="24.6116066" lon="121.4869881"/>
  <node id="11034987860" lat="24.6114857" lon="121.4867736"/>
  <node id="11034987862" lat="24.6114293" lon="121.4867136"/>
  <node id="1984505120" lat="24.6113996" lon="121.4866978"/>
  <node id="1984505137" lat="24.6113269" lon="121.4867145"/>
  <node id="11034987863" lat="24.6112681" lon="121.4867482"/>
  <node id="1984505125" lat="24.6112476" lon="121.4868119"/>
  <node id="1984505162" lat="24.6112512" lon="121.4868898"/>
  <node id="1984505166" lat="24.6115085" lon="121.4875040"/>
  <node id="1984505173" lat="24.6115274" lon="121.4875992"/>
  <node id="11034987864" lat="24.6115176" lon="121.4876592"/>
  <node id="1984505138" lat="24.6114829" lon="121.4876917"/>
  <node id="1984505135" lat="24.6114274" lon="121.4877018"/>
  <node id="1984505057" lat="24.6113634" lon="121.4876931"/>
  <node id="1984505140" lat="24.6112360" lon="121.4875985"/>
  <node id="1984505078" lat="24.6111542" lon="121.4875080"/>
  <node id="11034987865" lat="24.6110323" lon="121.4871668"/>
  <node id="11034987868" lat="24.6109771" lon="121.4869440"/>
  <node id="11034987869" lat="24.6109504" lon="121.4868621"/>
  <node id="11034987872" lat="24.6109129" lon="121.4868102"/>
  <node id="1984505121" lat="24.6108769" lon="121.4867802"/>
  <node id="1984505127" lat="24.6108250" lon="121.4867624"/>
  <node id="1984505037" lat="24.6107541" lon="121.4867886"/>
  <node id="1984505115" lat="24.6107212" lon="121.4868361"/>
  <node id="11034987873" lat="24.6107181" lon="121.4869182"/>
  <node id="1984505040" lat="24.6108031" lon="121.4871640"/>
  <node id="1984505087" lat="24.6108781" lon="121.4874457"/>
  <node id="1984505119" lat="24.6109574" lon="121.4876247"/>
  <node id="1984505093" lat="24.6111177" lon="121.4878232"/>
  <node id="1984505153" lat="24.6111493" lon="121.4879043"/>
  <node id="11034987874" lat="24.6111577" lon="121.4879858"/>
  <node id="1984505098" lat="24.6111504" lon="121.4880288"/>
  <node id="1984505100" lat="24.6111207" lon="121.4880636"/>
  <node id="1984505097" lat="24.6110703" lon="121.4880851"/>
  <node id="11034987875" lat="24.6110221" lon="121.4880810"/>
  <node id="1984505114" lat="24.6109397" lon="121.4880578"/>
  <node id="1984505095" lat="24.6108800" lon="121.4879841"/>
  <node id="1984505035" lat="24.6106278" lon="121.4874306"/>
  <node id="11034987876" lat="24.6104519" lon="121.4871332"/>
  <node id="1984505073" lat="24.6103975" lon="121.4870111"/>
  <node id="11034987877" lat="24.6103750" lon="121.4869206"/>
  <node id="11034987878" lat="24.6103877" lon="121.4867254"/>
  <node id="1984505075" lat="24.6103940" lon="121.4865670"/>
  <node id="1984505083" lat="24.6103682" lon="121.4864732"/>
  <node id="1984505081" lat="24.6103249" lon="121.4864295"/>
  <node id="1984505080" lat="24.6102712" lon="121.4864054"/>
  <node id="1984505018" lat="24.6101996" lon="121.4864101"/>
  <node id="1984504997" lat="24.6101678" lon="121.4864382"/>
  <node id="1984505024" lat="24.6101434" lon="121.4865281"/>
  <node id="1984505063" lat="24.6102059" lon="121.4868929"/>
  <node id="1984505043" lat="24.6103075" lon="121.4873267"/>
  <node id="1984505050" lat="24.6103295" lon="121.4877177"/>
  <node id="11034987879" lat="24.6104757" lon="121.4881572"/>
  <node id="11034987881" lat="24.6104812" lon="121.4882440"/>
  <node id="11034987880" lat="24.6104671" lon="121.4883153"/>
  <node id="1984505117" lat="24.6104379" lon="121.4883515"/>
  <node id="1984505005" lat="24.6103903" lon="121.4883732"/>
  <node id="1984504968" lat="24.6103264" lon="121.4883734"/>
  <node id="1984504964" lat="24.6102759" lon="121.4883288"/>
  <node id="1984505004" lat="24.6102460" lon="121.4882675"/>
  <node id="1984505056" lat="24.6102299" lon="121.4880905"/>
  <node id="11034987882" lat="24.6101675" lon="121.4876571"/>
  <node id="11034953767" lat="24.6101408" lon="121.4875461"/>
  <node id="1984505059" lat="24.6100016" lon="121.4873790"/>
  <node id="1984505045" lat="24.6099503" lon="121.4872662"/>
  <node id="4446604167" lat="24.6098265" lon="121.4868287"/>
  <node id="1984505046" lat="24.6097820" lon="121.4865410"/>
  <node id="11034953768" lat="24.6097673" lon="121.4864605"/>
  <node id="1984505041" lat="24.6097295" lon="121.4863979"/>
  <node id="11034953770" lat="24.6096883" lon="121.4863736"/>
  <node id="11034953769" lat="24.6096491" lon="121.4863616"/>
  <node id="1984505038" lat="24.6096254" lon="121.4863760"/>
  <node id="1984504920" lat="24.6096047" lon="121.4863933"/>
  <node id="1984505022" lat="24.6095771" lon="121.4864562"/>
  <node id="1984505020" lat="24.6095790" lon="121.4865314"/>
  <node id="1984505026" lat="24.6097753" lon="121.4875737"/>
  <node id="1984505048" lat="24.6098380" lon="121.4877871"/>
  <node id="1984505054" lat="24.6098595" lon="121.4878950"/>
  <node id="1984505052" lat="24.6098598" lon="121.4879514"/>
  <node id="1984505009" lat="24.6098536" lon="121.4879965"/>
  <node id="1984505007" lat="24.6098387" lon="121.4880270"/>
  <node id="1984505011" lat="24.6098187" lon="121.4880416"/>
  <node id="11034953773" lat="24.6097383" lon="121.4880541"/>
  <node id="11034953775" lat="24.6096869" lon="121.4880211"/>
  <node id="11034953776" lat="24.6096530" lon="121.4879329"/>
  <node id="1984505016" lat="24.6096366" lon="121.4877974"/>
  <node id="1984505036" lat="24.6096325" lon="121.4876841"/>
  <node id="1984505039" lat="24.6096128" lon="121.4875178"/>
  <node id="1984504999" lat="24.6095839" lon="121.4874521"/>
  <node id="1984505001" lat="24.6095343" lon="121.4874052"/>
  <node id="1984504950" lat="24.6094695" lon="121.4873992"/>
  <node id="1984504995" lat="24.6094217" lon="121.4874239"/>
  <node id="1984504977" lat="24.6094016" lon="121.4874675"/>
  <node id="1984504970" lat="24.6094650" lon="121.4878721"/>
  <node id="11034953777" lat="24.6094720" lon="121.4879840"/>
  <node id="1984504988" lat="24.6094489" lon="121.4880388"/>
  <node id="11034953778" lat="24.6094052" lon="121.4880840"/>
  <node id="1984505002" lat="24.6093437" lon="121.4881306"/>
  <node id="1984504979" lat="24.6091326" lon="121.4882013"/>
  <node id="1984504945" lat="24.6085316" lon="121.4882403"/>
  <node id="4446604166" lat="24.6083395" lon="121.4882664"/>
  <node id="1984504939" lat="24.6082690" lon="121.4883074"/>
  <node id="1984504935" lat="24.6081969" lon="121.4883827"/>
  <node id="1984504931" lat="24.6081560" lon="121.4884565"/>
  <node id="1984504960" lat="24.6081228" lon="121.4885739"/>
  <node id="1984504924" lat="24.6080945" lon="121.4887269"/>
  <node id="1984504948" lat="24.6081079" lon="121.4891850"/>
  <node id="1984504943" lat="24.6080848" lon="121.4892329"/>
  <node id="1984504937" lat="24.6080408" lon="121.4892486"/>
  <node id="1984504769" lat="24.6079159" lon="121.4891783"/>
  <node id="1984504701" lat="24.6078669" lon="121.4890641"/>
  <node id="1984504933" lat="24.6078482" lon="121.4889343"/>
  <node id="1984504929" lat="24.6078579" lon="121.4887251"/>
  <node id="1984504928" lat="24.6079085" lon="121.4884421"/>
  <node id="1984504864" lat="24.6080153" lon="121.4881863"/>
  <node id="1984504947" lat="24.6080923" lon="121.4880756"/>
  <node id="1984504952" lat="24.6082076" lon="121.4879939"/>
  <node id="1984504982" lat="24.6084662" lon="121.4878524"/>
  <node id="1984504941" lat="24.6086867" lon="121.4876794"/>
  <node id="1984504966" lat="24.6087163" lon="121.4876367"/>
  <node id="1984504998" lat="24.6087295" lon="121.4875776"/>
  <node id="1984504981" lat="24.6087303" lon="121.4874837"/>
  <node id="11034953781" lat="24.6086667" lon="121.4873431"/>
  <node id="11034953780" lat="24.6086240" lon="121.4872783"/>
  <node id="11034953779" lat="24.6085792" lon="121.4872366"/>
  <node id="1984504986" lat="24.6085350" lon="121.4872325"/>
  <node id="1984504996" lat="24.6084972" lon="121.4872279"/>
  <node id="1984504894" lat="24.6084499" lon="121.4872469"/>
  <node id="1984504911" lat="24.6084130" lon="121.4873169"/>
  <node id="1984504975" lat="24.6083812" lon="121.4875359"/>
  <node id="11034953782" lat="24.6083560" lon="121.4876195"/>
  <node id="11034953783" lat="24.6083046" lon="121.4876714"/>
  <node id="1984504926" lat="24.6080646" lon="121.4877735"/>
  <node id="1984504851" lat="24.6076040" lon="121.4880206"/>
  <node id="1984504839" lat="24.6074877" lon="121.4880943"/>
  <node id="1984504738" lat="24.6074288" lon="121.4881132"/>
  <node id="11034953784" lat="24.6073765" lon="121.4881068"/>
  <node id="11034953785" lat="24.6073400" lon="121.4880716"/>
  <node id="11034953786" lat="24.6073222" lon="121.4880225"/>
  <node id="1984504744" lat="24.6073291" lon="121.4879636"/>
  <node id="1984504833" lat="24.6073653" lon="121.4878970"/>
  <node id="1984504853" lat="24.6074312" lon="121.4878439"/>
  <node id="11034953787" lat="24.6077303" lon="121.4877758"/>
  <node id="1984504892" lat="24.6078142" lon="121.4877291"/>
  <node id="11034953788" lat="24.6078703" lon="121.4876846"/>
  <node id="1984504845" lat="24.6079159" lon="121.4875889"/>
  <node id="1984504915" lat="24.6079323" lon="121.4874778"/>
  <node id="4446604165" lat="24.6079213" lon="121.4873987"/>
  <node id="1984504890" lat="24.6078506" lon="121.4870305"/>
  <node id="1984504913" lat="24.6078445" lon="121.4869326"/>
  <node id="1984504881" lat="24.6078890" lon="121.4867885"/>
  <node id="1984504922" lat="24.6079256" lon="121.4867007"/>
  <node id="1984504918" lat="24.6079309" lon="121.4866612"/>
  <node id="1984504910" lat="24.6079250" lon="121.4866119"/>
  <node id="11034953794" lat="24.6079049" lon="121.4865613"/>
  <node id="11034953793" lat="24.6078648" lon="121.4865354"/>
  <node id="11034953791" lat="24.6078113" lon="121.4865237"/>
  <node id="11034953790" lat="24.6077634" lon="121.4865348"/>
  <node id="11034953789" lat="24.6077225" lon="121.4865600"/>
  <node id="1984504906" lat="24.6076726" lon="121.4866526"/>
  <node id="1984504879" lat="24.6076555" lon="121.4867777"/>
  <node id="1984504883" lat="24.6076779" lon="121.4869951"/>
  <node id="1984504896" lat="24.6077339" lon="121.4871426"/>
  <node id="1984504885" lat="24.6077397" lon="121.4872329"/>
  <node id="11034953795" lat="24.6077245" lon="121.4873384"/>
  <node id="1984504870" lat="24.6076939" lon="121.4874235"/>
  <node id="1984504857" lat="24.6076590" lon="121.4874702"/>
  <node id="11034953796" lat="24.6076073" lon="121.4875179"/>
  <node id="1984504824" lat="24.6075384" lon="121.4875469"/>
  <node id="1984504816" lat="24.6072897" lon="121.4875409"/>
  <node id="1984504792" lat="24.6072050" lon="121.4875630"/>
  <node id="1984504782" lat="24.6070576" lon="121.4876533"/>
  <node id="1984504775" lat="24.6069541" lon="121.4877524"/>
  <node id="1984504760" lat="24.6068862" lon="121.4878273"/>
  <node id="1984504751" lat="24.6068447" lon="121.4879238"/>
  <node id="11034953798" lat="24.6068299" lon="121.4881000"/>
  <node id="1984504732" lat="24.6068286" lon="121.4884156"/>
  <node id="1984504723" lat="24.6068828" lon="121.4888031"/>
  <node id="1984504717" lat="24.6068932" lon="121.4893209"/>
  <node id="11034953799" lat="24.6068555" lon="121.4894948"/>
  <node id="1984504709" lat="24.6068238" lon="121.4895661"/>
  <node id="11034953800" lat="24.6067854" lon="121.4896211"/>
  <node id="1984504707" lat="24.6067464" lon="121.4896775"/>
  <node id="1984504681" lat="24.6066536" lon="121.4897792"/>
  <node id="4442783417" lat="24.6065524" lon="121.4898563"/>
  <node id="1984504673" lat="24.6064625" lon="121.4899139"/>
  <node id="11034953801" lat="24.6064174" lon="121.4899606"/>
  <node id="1984504663" lat="24.6063979" lon="121.4900319"/>
  <node id="1984504657" lat="24.6064070" lon="121.4901156"/>
  <node id="1984504671" lat="24.6064380" lon="121.4901733"/>
  <node id="11034953802" lat="24.6065164" lon="121.4902317"/>
  <node id="1984504699" lat="24.6067310" lon="121.4902515"/>
  <node id="1984504715" lat="24.6068295" lon="121.4902713"/>
  <node id="1984504740" lat="24.6069336" lon="121.4903062"/>
  <node id="11034953804" lat="24.6070225" lon="121.4904095"/>
  <node id="1984504761" lat="24.6071810" lon="121.4906509"/>
  <node id="4446588840" lat="24.6072657" lon="121.4907679"/>
  <node id="1984504776" lat="24.6072821" lon="121.4908290"/>
  <node id="11035007206" lat="24.6072778" lon="121.4908735"/>
  <node id="1984504784" lat="24.6072656" lon="121.4909148"/>
  <node id="1984504798" lat="24.6072442" lon="121.4909427"/>
  <node id="11035007207" lat="24.6072223" lon="121.4909719"/>
  <node id="1984504714" lat="24.6071586" lon="121.4909924"/>
  <node id="11035007208" lat="24.6070890" lon="121.4909754"/>
  <node id="1984504706" lat="24.6070245" lon="121.4909051"/>
  <node id="11035007209" lat="24.6068319" lon="121.4905744"/>
  <node id="1984504704" lat="24.6067823" lon="121.4905090"/>
  <node id="1984504687" lat="24.6067267" lon="121.4904815"/>
  <node id="4446588836" lat="24.6066182" lon="121.4904869"/>
  <node id="11035007210" lat="24.6064638" lon="121.4905254"/>
  <node id="1984504677" lat="24.6063510" lon="121.4905406"/>
  <node id="11035007211" lat="24.6062770" lon="121.4905256"/>
  <node id="1984504659" lat="24.6061634" lon="121.4904775"/>
  <node id="1984504624" lat="24.6060758" lon="121.4904731"/>
  <node id="11035007213" lat="24.6059526" lon="121.4905092"/>
  <node id="1984504582" lat="24.6057578" lon="121.4905904"/>
  <node id="11035007214" lat="24.6056217" lon="121.4906143"/>
  <node id="4446588828" lat="24.6053720" lon="121.4906628"/>
  <node id="1984504468" lat="24.6052262" lon="121.4906910"/>
  <node id="11035007216" lat="24.6050617" lon="121.4906989"/>
  <node id="1984504522" lat="24.6049337" lon="121.4907176"/>
  <node id="1984504458" lat="24.6048880" lon="121.4907520"/>
  <node id="1984504459" lat="24.6048717" lon="121.4908059"/>
  <node id="1984504512" lat="24.6048746" lon="121.4908873"/>
  <node id="1984504457" lat="24.6048985" lon="121.4909381"/>
  <node id="1984504470" lat="24.6049448" lon="121.4909575"/>
  <node id="11035007217" lat="24.6049792" lon="121.4909606"/>
  <node id="1984504497" lat="24.6051179" lon="121.4909387"/>
  <node id="11035007218" lat="24.6053662" lon="121.4908873"/>
  <node id="1984504580" lat="24.6055083" lon="121.4908805"/>
  <node id="11035007219" lat="24.6056048" lon="121.4908954"/>
  <node id="11035007220" lat="24.6057731" lon="121.4909261"/>
  <node id="1984504612" lat="24.6059073" lon="121.4909331"/>
  <node id="1984504655" lat="24.6062738" lon="121.4908852"/>
  <node id="11035007221" lat="24.6063613" lon="121.4908974"/>
  <node id="1984504679" lat="24.6064457" lon="121.4909114"/>
  <node id="4446588834" lat="24.6065180" lon="121.4909466"/>
  <node id="1984504697" lat="24.6065536" lon="121.4909898"/>
  <node id="11035007223" lat="24.6066096" lon="121.4911102"/>
  <node id="11035007224" lat="24.6066658" lon="121.4912456"/>
  <node id="1984504718" lat="24.6067102" lon="121.4914013"/>
  <node id="1984504722" lat="24.6067542" lon="121.4914935"/>
  <node id="1984504742" lat="24.6068195" lon="121.4915142"/>
  <node id="1984504756" lat="24.6070876" lon="121.4915651"/>
  <node id="1984504767" lat="24.6071571" lon="121.4916097"/>
  <node id="11035007226" lat="24.6072120" lon="121.4916830"/>
  <node id="1984504799" lat="24.6072205" lon="121.4917517"/>
  <node id="1984504812" lat="24.6072106" lon="121.4918192"/>
  <node id="11035007227" lat="24.6071968" lon="121.4918572"/>
  <node id="1984504788" lat="24.6071758" lon="121.4918889"/>
  <node id="1984504778" lat="24.6070285" lon="121.4919729"/>
  <node id="11035007228" lat="24.6069476" lon="121.4920418"/>
  <node id="1984504758" lat="24.6068909" lon="121.4921277"/>
  <node id="1984504755" lat="24.6067712" lon="121.4923265"/>
  <node id="4442783418" lat="24.6067392" lon="121.4924166"/>
  <node id="11035007229" lat="24.6067319" lon="121.4925233"/>
  <node id="1984504721" lat="24.6067310" lon="121.4926997"/>
  <node id="11035007230" lat="24.6067224" lon="121.4927645"/>
  <node id="4446588837" lat="24.6066951" lon="121.4928104"/>
  <node id="1984504712" lat="24.6065987" lon="121.4929029"/>
  <node id="4446588835" lat="24.6065601" lon="121.4929877"/>
  <node id="11035007231" lat="24.6065707" lon="121.4930692"/>
  <node id="11035007232" lat="24.6066132" lon="121.4932478"/>
  <node id="1984504684" lat="24.6066072" lon="121.4933265"/>
  <node id="1984504669" lat="24.6065849" lon="121.4933888"/>
  <node id="1984504633" lat="24.6065170" lon="121.4934643"/>
  <node id="1984504626" lat="24.6063872" lon="121.4935439"/>
  <node id="11035007235" lat="24.6062708" lon="121.4935781"/>
  <node id="11035007236" lat="24.6061649" lon="121.4935780"/>
  <node id="1984504595" lat="24.6059559" lon="121.4935876"/>
  <node id="11035007238" lat="24.6057934" lon="121.4936328"/>
  <node id="1984504567" lat="24.6055837" lon="121.4937294"/>
  <node id="1984504465" lat="24.6055103" lon="121.4938055"/>
  <node id="11035007239" lat="24.6054643" lon="121.4939233"/>
  <node id="1984504430" lat="24.6054227" lon="121.4940214"/>
  <node id="1984504524" lat="24.6053883" lon="121.4940987"/>
  <node id="1984504516" lat="24.6053358" lon="121.4941613"/>
  <node id="4446588819" lat="24.6051644" lon="121.4943172"/>
  <node id="1984504438" lat="24.6048728" lon="121.4945346"/>
  <node id="1984504433" lat="24.6048256" lon="121.4946076"/>
  <node id="11035007240" lat="24.6047834" lon="121.4946607"/>
  <node id="1984504426" lat="24.6047636" lon="121.4947252"/>
  <node id="1984504399" lat="24.6047667" lon="121.4947969"/>
  <node id="11035007247" lat="24.6047814" lon="121.4948948"/>
  <node id="11035007246" lat="24.6048837" lon="121.4951271"/>
  <node id="11035007245" lat="24.6049242" lon="121.4951989"/>
  <node id="11035007243" lat="24.6049298" lon="121.4952768"/>
  <node id="11035007241" lat="24.6048842" lon="121.4953305"/>
  <node id="1984504450" lat="24.6048374" lon="121.4953382"/>
  <node id="1984504439" lat="24.6047906" lon="121.4953208"/>
  <node id="1984504425" lat="24.6047414" lon="121.4952742"/>
  <node id="1984504338" lat="24.6046965" lon="121.4952114"/>
  <node id="1984504331" lat="24.6045312" lon="121.4949182"/>
  <node id="1984504381" lat="24.6044982" lon="121.4948240"/>
  <node id="1984504347" lat="24.6044785" lon="121.4947283"/>
  <node id="1984504368" lat="24.6044945" lon="121.4946546"/>
  <node id="11035007248" lat="24.6045842" lon="121.4944982"/>
  <node id="1984504373" lat="24.6045915" lon="121.4944014"/>
  <node id="1984504392" lat="24.6045660" lon="121.4943454"/>
  <node id="1984504379" lat="24.6045076" lon="121.4943015"/>
  <node id="1984504356" lat="24.6044402" lon="121.4942967"/>
  <node id="1984504352" lat="24.6043699" lon="121.4943571"/>
  <node id="1984504349" lat="24.6043337" lon="121.4944331"/>
  <node id="1984504348" lat="24.6043290" lon="121.4945175"/>
  <node id="11035007249" lat="24.6043537" lon="121.4947327"/>
  <node id="11035007250" lat="24.6043255" lon="121.4948496"/>
  <node id="11035007251" lat="24.6042586" lon="121.4950095"/>
  <node id="4442783413" lat="24.6041941" lon="121.4951347"/>
  <node id="1984504337" lat="24.6040948" lon="121.4953159"/>
  <node id="11035007252" lat="24.6040488" lon="121.4954392"/>
  <node id="1984504333" lat="24.6040191" lon="121.4955135"/>
  <node id="11035007253" lat="24.6040040" lon="121.4955976"/>
  <node id="1984504332" lat="24.6040274" lon="121.4957188"/>
  <node id="11035007254" lat="24.6041821" lon="121.4961573"/>
  <node id="1984504340" lat="24.6042357" lon="121.4963642"/>
  <node id="1984504343" lat="24.6042573" lon="121.4964183"/>
  <node id="1984504350" lat="24.6043010" lon="121.4964604"/>
  <node id="1984504362" lat="24.6043664" lon="121.4964790"/>
  <node id="11035007255" lat="24.6044560" lon="121.4964790"/>
  <node id="1984504389" lat="24.6045706" lon="121.4964835"/>
  <node id="1984504402" lat="24.6046229" lon="121.4965048"/>
  <node id="1984504407" lat="24.6046520" lon="121.4965562"/>
  <node id="11035007256" lat="24.6046484" lon="121.4966181"/>
  <node id="1984504410" lat="24.6046427" lon="121.4966617"/>
  <node id="1984504404" lat="24.6045473" lon="121.4967877"/>
  <node id="1984504367" lat="24.6044074" lon="121.4969008"/>
  <node id="1984504361" lat="24.6043681" lon="121.4969582"/>
  <node id="1984504359" lat="24.6043476" lon="121.4970521"/>
  <node id="1984504355" lat="24.6044045" lon="121.4973467"/>
  <node id="4446588807" lat="24.6043883" lon="121.4974043"/>
  <node id="4442783416" lat="24.6043168" lon="121.4975918"/>
  <node id="4442783415" lat="24.6043106" lon="121.4978425"/>
  <node id="4446588806" lat="24.6043252" lon="121.4981426"/>
  <node id="1984504357" lat="24.6043640" lon="121.4983031"/>
  <node id="1984504363" lat="24.6044124" lon="121.4984771"/>
  <node id="4446588808" lat="24.6044880" lon="121.4986089"/>
  <node id="1984504413" lat="24.6046441" lon="121.4988367"/>
  <node id="1984504420" lat="24.6047265" lon="121.4988960"/>
  <node id="1984504431" lat="24.6048939" lon="121.4989607"/>
  <node id="1984504453" lat="24.6049456" lon="121.4990023"/>
  <node id="4446588821" lat="24.6050447" lon="121.4991645"/>
  <node id="11035007258" lat="24.6052200" lon="121.4994853"/>
  <node id="4446588826" lat="24.6054202" lon="121.4996226"/>
  <node id="1984504553" lat="24.6056830" lon="121.4998686"/>
  <node id="1984504570" lat="24.6057714" lon="121.4999793"/>
  <node id="1984504618" lat="24.6058696" lon="121.5001134"/>
  <node id="1984504610" lat="24.6058946" lon="121.5001711"/>
  <node id="1984504607" lat="24.6058950" lon="121.5002295"/>
  <node id="1984504583" lat="24.6058561" lon="121.5003087"/>
  <node id="11035007259" lat="24.6058067" lon="121.5003324"/>
  <node id="1984504577" lat="24.6057593" lon="121.5003310"/>
  <node id="1984504573" lat="24.6057147" lon="121.5003105"/>
  <node id="1984504564" lat="24.6056171" lon="121.5001885"/>
  <node id="1984504518" lat="24.6055647" lon="121.5001100"/>
  <node id="1984504551" lat="24.6055113" lon="121.4998768"/>
  <node id="1984504525" lat="24.6054495" lon="121.4998103"/>
  <node id="1984504515" lat="24.6053199" lon="121.4997064"/>
  <node id="1984504462" lat="24.6051449" lon="121.4996360"/>
  <node id="1984504454" lat="24.6049793" lon="121.4995696"/>
  <node id="12032716892" lat="24.6049201" lon="121.4995066"/>
  <node id="12032716893" lat="24.6048603" lon="121.4994315"/>
  <node id="12032716894" lat="24.6047994" lon="121.4992806"/>
  <node id="1984504416" lat="24.6047354" lon="121.4992024"/>
  <node id="11035007260" lat="24.6046306" lon="121.4991406"/>
  <node id="11035007261" lat="24.6044855" lon="121.4990865"/>
  <node id="1984504400" lat="24.6043999" lon="121.4990266"/>
  <node id="11035007263" lat="24.6041896" lon="121.4988619"/>
  <node id="1984504339" lat="24.6040011" lon="121.4987153"/>
  <node id="1984504330" lat="24.6038721" lon="121.4985912"/>
  <node id="11035007264" lat="24.6038429" lon="121.4985144"/>
  <node id="11035007265" lat="24.6038303" lon="121.4984086"/>
  <node id="11035007267" lat="24.6038181" lon="121.4982634"/>
  <node id="11035007268" lat="24.6038113" lon="121.4982139"/>
  <node id="11035007269" lat="24.6037962" lon="121.4981812"/>
  <node id="1984504394" lat="24.6037722" lon="121.4981584"/>
  <node id="1984504378" lat="24.6037289" lon="121.4981504"/>
  <node id="1984504318" lat="24.6036674" lon="121.4981684"/>
  <node id="1984504325" lat="24.6036324" lon="121.4982174"/>
  <node id="1984504327" lat="24.6036275" lon="121.4982945"/>
  <node id="1984504317" lat="24.6036919" lon="121.4985573"/>
  <node id="1984504326" lat="24.6037383" lon="121.4986617"/>
  <node id="1984504328" lat="24.6038962" lon="121.4988595"/>
  <node id="11035007270" lat="24.6043840" lon="121.4993360"/>
  <node id="1984504397" lat="24.6044540" lon="121.4994127"/>
  <node id="1984504366" lat="24.6045060" lon="121.4995223"/>
  <node id="11035007271" lat="24.6045212" lon="121.4995992"/>
  <node id="4446588809" lat="24.6045343" lon="121.4997528"/>
  <node id="4446588811" lat="24.6045539" lon="121.4998311"/>
  <node id="4446588812" lat="24.6046393" lon="121.4999383"/>
  <node id="4446588813" lat="24.6047197" lon="121.5000423"/>
  <node id="11035007272" lat="24.6047317" lon="121.5001576"/>
  <node id="4446588815" lat="24.6047417" lon="121.5004462"/>
  <node id="1984504421" lat="24.6047655" lon="121.5005344"/>
  <node id="4446588816" lat="24.6048575" lon="121.5007550"/>
  <node id="4446588818" lat="24.6048959" lon="121.5008550"/>
  <node id="1984504202" lat="24.6049569" lon="121.5010931"/>
  <node id="11035007273" lat="24.6050151" lon="121.5012668"/>
  <node id="1984504467" lat="24.6050565" lon="121.5012949"/>
  <node id="4446588822" lat="24.6052544" lon="121.5014270"/>
  <node id="1984504494" lat="24.6053629" lon="121.5015054"/>
  <node id="4446588827" lat="24.6055489" lon="121.5017109"/>
  <node id="1984504572" lat="24.6056168" lon="121.5018022"/>
  <node id="1984504599" lat="24.6057066" lon="121.5018618"/>
  <node id="11035007274" lat="24.6057751" lon="121.5018643"/>
  <node id="1984504604" lat="24.6058326" lon="121.5018702"/>
  <node id="1984504615" lat="24.6059050" lon="121.5018448"/>
  <node id="1984504619" lat="24.6062195" lon="121.5016885"/>
  <node id="1984504629" lat="24.6063085" lon="121.5016597"/>
  <node id="1984504631" lat="24.6063848" lon="121.5016633"/>
  <node id="4446588832" lat="24.6064233" lon="121.5017043"/>
  <node id="4446588833" lat="24.6064411" lon="121.5017667"/>
  <node id="1984504634" lat="24.6064372" lon="121.5018738"/>
  <node id="1984504702" lat="24.6064165" lon="121.5020144"/>
  <node id="1984504636" lat="24.6063555" lon="121.5022980"/>
  <node id="11035007275" lat="24.6063277" lon="121.5024318"/>
  <node id="1984504661" lat="24.6063188" lon="121.5025369"/>
  <node id="4446588830" lat="24.6063347" lon="121.5026608"/>
  <node id="4446588831" lat="24.6063774" lon="121.5028372"/>
  <node id="1984504667" lat="24.6064293" lon="121.5029525"/>
  <node id="1984504674" lat="24.6065348" lon="121.5030606"/>
  <node id="1984504685" lat="24.6066406" lon="121.5031484"/>
  <node id="4446588838" lat="24.6068596" lon="121.5033172"/>
  <node id="1984504747" lat="24.6070267" lon="121.5034030"/>
  <node id="1984504759" lat="24.6071029" lon="121.5034118"/>
  <node id="1984504780" lat="24.6071968" lon="121.5034015"/>
  <node id="4446588841" lat="24.6073057" lon="121.5033694"/>
  <node id="1984504796" lat="24.6075897" lon="121.5032174"/>
  <node id="1984504814" lat="24.6076795" lon="121.5032172"/>
  <node id="1984504820" lat="24.6077299" lon="121.5032396"/>
  <node id="1984504828" lat="24.6077562" lon="121.5032801"/>
  <node id="1984504866" lat="24.6077675" lon="121.5033475"/>
  <node id="1984504898" lat="24.6077495" lon="121.5034675"/>
  <node id="11035007276" lat="24.6076299" lon="121.5037703"/>
  <node id="1984504843" lat="24.6075516" lon="121.5039000"/>
  <node id="11035007277" lat="24.6074717" lon="121.5040400"/>
  <node id="4446588842" lat="24.6074669" lon="121.5041158"/>
  <node id="1984504829" lat="24.6074821" lon="121.5042164"/>
  <node id="1984504826" lat="24.6075077" lon="121.5042984"/>
  <node id="1984504837" lat="24.6075659" lon="121.5043728"/>
  <node id="12032716895" lat="24.6077001" lon="121.5044935"/>
  <node id="1984504874" lat="24.6077823" lon="121.5046028"/>
  <node id="1984504682" lat="24.6077996" lon="121.5046687"/>
  <node id="11035007278" lat="24.6077867" lon="121.5047515"/>
  <node id="1984504872" lat="24.6077556" lon="121.5048537"/>
  <node id="1984504773" lat="24.6076694" lon="121.5050406"/>
  <node id="1984504847" lat="24.6076300" lon="121.5053036"/>
  <node id="1984504835" lat="24.6075958" lon="121.5053619"/>
  <node id="1984504818" lat="24.6075447" lon="121.5054036"/>
  <node id="11035007279" lat="24.6074909" lon="121.5054353"/>
  <node id="1984504806" lat="24.6071253" lon="121.5055135"/>
  <node id="1984504676" lat="24.6065546" lon="121.5055758"/>
  <node id="1984504665" lat="24.6064902" lon="121.5055972"/>
  <node id="1984504559" lat="24.6064473" lon="121.5056220"/>
  <node id="1984504628" lat="24.6063666" lon="121.5057474"/>
  <node id="1984504521" lat="24.6063280" lon="121.5058111"/>
  <node id="1984504622" lat="24.6062575" lon="121.5058500"/>
  <node id="4446588829" lat="24.6061128" lon="121.5058519"/>
  <node id="1984504578" lat="24.6056481" lon="121.5058460"/>
  <node id="11035007280" lat="24.6055677" lon="121.5058602"/>
  <node id="1984504568" lat="24.6055010" lon="121.5058896"/>
  <node id="1984504561" lat="24.6054146" lon="121.5059492"/>
  <node id="1984504556" lat="24.6053587" lon="121.5060233"/>
  <node id="1984504527" lat="24.6053405" lon="121.5060832"/>
  <node id="1984504545" lat="24.6053562" lon="121.5062717"/>
  <node id="1984504548" lat="24.6054166" lon="121.5065165"/>
  <node id="1984504526" lat="24.6054178" lon="121.5066203"/>
  <node id="4446588825" lat="24.6053782" lon="121.5067310"/>
  <node id="1984504523" lat="24.6053001" lon="121.5069791"/>
  <node id="1984504519" lat="24.6053142" lon="121.5072487"/>
  <node id="4446588823" lat="24.6053008" lon="121.5073781"/>
  <node id="1984504411" lat="24.6052307" lon="121.5074726"/>
  <node id="1984504448" lat="24.6051367" lon="121.5076021"/>
  <node id="1984504423" lat="24.6050239" lon="121.5077368"/>
  <node id="4446588817" lat="24.6049124" lon="121.5078193"/>
  <node id="1984504345" lat="24.6044473" lon="121.5080812"/>
  <node id="4442783414" lat="24.6043363" lon="121.5081704"/>
  <node id="1984504282" lat="24.6042568" lon="121.5082854"/>
  <node id="1984504335" lat="24.6041943" lon="121.5084152"/>
  <node id="1984504329" lat="24.6040911" lon="121.5086958"/>
  <node id="11035007281" lat="24.6040442" lon="121.5087801"/>
  <node id="1984504314" lat="24.6039882" lon="121.5088560"/>
  <node id="12032716896" lat="24.6038032" lon="121.5089721"/>
  <node id="1984504283" lat="24.6036846" lon="121.5090877"/>
  <node id="1984504274" lat="24.6034700" lon="121.5093727"/>
  <node id="1984504284" lat="24.6033065" lon="121.5095906"/>
  <node id="1984504273" lat="24.6032277" lon="121.5096910"/>
  <node id="1984504290" lat="24.6031910" lon="121.5097855"/>
  <node id="11035007284" lat="24.6031892" lon="121.5098616"/>
  <node id="1984504295" lat="24.6032498" lon="121.5102100"/>
  <node id="11035007283" lat="24.6032557" lon="121.5102995"/>
  <node id="1984504298" lat="24.6032417" lon="121.5103474"/>
  <node id="1984504300" lat="24.6032121" lon="121.5103924"/>
  <node id="11035007282" lat="24.6031460" lon="121.5104098"/>
  <node id="4446599880" lat="24.6029006" lon="121.5104127"/>
  <node id="11034995675" lat="24.6028378" lon="121.5104408"/>
  <node id="4332364746" lat="24.6027810" lon="121.5104852"/>
  <node id="1984504291" lat="24.6027486" lon="121.5105121"/>
  <node id="4446599878" lat="24.6027019" lon="121.5105525"/>
  <node id="11035007285" lat="24.6026512" lon="121.5105733"/>
  <node id="11034995677" lat="24.6025993" lon="121.5105782"/>
  <node id="11034995676" lat="24.6025539" lon="121.5105680"/>
  <node id="1984504272" lat="24.6024762" lon="121.5105367"/>
  <node id="1984504281" lat="24.6022982" lon="121.5104429"/>
  <node id="11034995678" lat="24.6022600" lon="121.5104200"/>
  <node id="1984504277" lat="24.6022065" lon="121.5104110"/>
  <node id="1984504280" lat="24.6021268" lon="121.5104254"/>
  <node id="1984504278" lat="24.6020366" lon="121.5104838"/>
  <node id="11034995679" lat="24.6019340" lon="121.5105933"/>
  <node id="11034995680" lat="24.6018447" lon="121.5106627"/>
  <node id="1984504276" lat="24.6017254" lon="121.5107398"/>
  <node id="1984504275" lat="24.6016299" lon="121.5108272"/>
  <node id="1984504236" lat="24.6014890" lon="121.5109834"/>
  <node id="1984504241" lat="24.6013665" lon="121.5112107"/>
  <node id="1984504244" lat="24.6013098" lon="121.5113690"/>
  <node id="1984504271" lat="24.6012781" lon="121.5116244"/>
  <node id="1984504269" lat="24.6012377" lon="121.5117787"/>
  <node id="1984504268" lat="24.6011841" lon="121.5118941"/>
  <node id="1984504245" lat="24.6010231" lon="121.5121771"/>
  <node id="1984504247" lat="24.6009573" lon="121.5123125"/>
  <node id="11034995681" lat="24.6009171" lon="121.5124023"/>
  <node id="1984504262" lat="24.6009057" lon="121.5125008"/>
  <node id="1984504259" lat="24.6009541" lon="121.5129736"/>
  <node id="11034995683" lat="24.6009493" lon="121.5132809"/>
  <node id="1984504258" lat="24.6009221" lon="121.5133869"/>
  <node id="1984504257" lat="24.6008659" lon="121.5134880"/>
  <node id="11034995684" lat="24.6007978" lon="121.5135562"/>
  <node id="1984504255" lat="24.6007024" lon="121.5136334"/>
  <node id="1984504254" lat="24.6004158" lon="121.5138333"/>
  <node id="11034995685" lat="24.6002850" lon="121.5139672"/>
  <node id="1984504252" lat="24.6002394" lon="121.5139883"/>
  <node id="11034995686" lat="24.6001830" lon="121.5139991"/>
  <node id="1984504239" lat="24.6001216" lon="121.5139961"/>
  <node id="1984504227" lat="24.6000409" lon="121.5139682"/>
  <node id="1984504221" lat="24.5998399" lon="121.5138842"/>
  <node id="11034995687" lat="24.5997529" lon="121.5138451"/>
  <node id="4446599873" lat="24.5997036" lon="121.5138388"/>
  <node id="300592583" lat="24.5996442" lon="121.5138337"/>
  <node id="1984504211" lat="24.5995866" lon="121.5138315"/>
  <node id="11034995688" lat="24.5995507" lon="121.5138259"/>
  <node id="11034995689" lat="24.5995078" lon="121.5138096"/>
  <node id="2178261582" lat="24.5994457" lon="121.5137180"/>
  <node id="11034995690" lat="24.5994175" lon="121.5136514"/>
  <node id="1984504206" lat="24.5994237" lon="121.5135627"/>
  <node id="1984504209" lat="24.5994565" lon="121.5134841"/>
  <node id="1984504214" lat="24.5995221" lon="121.5134172"/>
  <node id="4446599874" lat="24.5997018" lon="121.5132862"/>
  <node id="1984504223" lat="24.5999255" lon="121.5131280"/>
  <node id="1984504219" lat="24.6000178" lon="121.5130461"/>
  <node id="1984504217" lat="24.6000686" lon="121.5129788"/>
  <node id="1984504237" lat="24.6001014" lon="121.5129049"/>
  <node id="1984504242" lat="24.6001405" lon="121.5128260"/>
  <node id="1984504251" lat="24.6001527" lon="121.5127033"/>
  <node id="1984504248" lat="24.6001423" lon="121.5125277"/>
  <node id="4446599876" lat="24.6000837" lon="121.5123594"/>
  <node id="1984504226" lat="24.6000176" lon="121.5121610"/>
  <node id="1984504224" lat="24.5998895" lon="121.5118478"/>
  <node id="1984504220" lat="24.5998449" lon="121.5117719"/>
  <node id="3210187267" lat="24.5997885" lon="121.5117101"/>
  <node id="9049852454" lat="24.5996803" lon="121.5116185"/>
  <node id="1984504216" lat="24.5996239" lon="121.5115874"/>
  <node id="11034995691" lat="24.5995800" lon="121.5115735"/>
  <node id="1984504212" lat="24.5995277" lon="121.5115694"/>
  <node id="1984504205" lat="24.5994205" lon="121.5115929"/>
  <node id="1984504188" lat="24.5991850" lon="121.5117418"/>
  <node id="1984504194" lat="24.5991013" lon="121.5117861"/>
  <node id="11034995693" lat="24.5989100" lon="121.5118777"/>
  <node id="11034995695" lat="24.5987299" lon="121.5119418"/>
  <node id="1984504203" lat="24.5986120" lon="121.5119471"/>
  <node id="1984504195" lat="24.5983159" lon="121.5119393"/>
  <node id="11034995696" lat="24.5981174" lon="121.5118703"/>
  <node id="11034995697" lat="24.5980360" lon="121.5118687"/>
  <node id="1984504197" lat="24.5979423" lon="121.5118983"/>
  <node id="1984504196" lat="24.5978776" lon="121.5119410"/>
  <node id="1984504193" lat="24.5977772" lon="121.5121678"/>
  <node id="1984504191" lat="24.5976961" lon="121.5125459"/>
  <node id="11017051722" lat="24.5976906" lon="121.5126655"/>
  <node id="1984504189" lat="24.5977332" lon="121.5128772"/>
  <node id="11017051721" lat="24.5977514" lon="121.5129862"/>
  <node id="11017051719" lat="24.5977387" lon="121.5130817"/>
  <node id="4446599869" lat="24.5977057" lon="121.5131256"/>
  <node id="1984504187" lat="24.5975575" lon="121.5132274"/>
  <node id="6551870642" lat="24.5973380" lon="121.5133994"/>
  <node id="1388710993" lat="24.6788361" lon="121.3874016"/>
  <node id="8318460356" lat="24.6788160" lon="121.3871106"/>
  <node id="1388710994" lat="24.6788568" lon="121.3868872"/>
  <node id="1388710992" lat="24.6788057" lon="121.3862301"/>
  <node id="3716247125" lat="24.6788837" lon="121.3858264"/>
  <node id="1388711000" lat="24.6789052" lon="121.3854429"/>
  <node id="3716247126" lat="24.6789462" lon="121.3851832"/>
  <node id="3714692899" lat="24.6789903" lon="121.3850897"/>
  <node id="1388711014" lat="24.6791363" lon="121.3849005"/>
  <node id="1388711015" lat="24.6792214" lon="121.3846949"/>
  <node id="3324632976" lat="24.6792630" lon="121.3844040"/>
  <node id="1388711005" lat="24.6792239" lon="121.3842745"/>
  <node id="8318460355" lat="24.6791316" lon="121.3840918"/>
  <node id="3324632975" lat="24.6790465" lon="121.3839703"/>
  <node id="1388711006" lat="24.6790153" lon="121.3838255"/>
  <node id="3714692900" lat="24.6791054" lon="121.3837410"/>
  <node id="3716247128" lat="24.6791761" lon="121.3837839"/>
  <node id="3324632977" lat="24.6791907" lon="121.3837651"/>
  <node id="3716247129" lat="24.6792911" lon="121.3838955"/>
  <node id="3716247130" lat="24.6794067" lon="121.3841863"/>
  <node id="1388711027" lat="24.6794724" lon="121.3844196"/>
  <node id="3716247132" lat="24.6794759" lon="121.3846058"/>
  <node id="1388711026" lat="24.6794357" lon="121.3848408"/>
  <node id="8318460354" lat="24.6794497" lon="121.3849407"/>
  <node id="1388711032" lat="24.6795079" lon="121.3849671"/>
  <node id="3714692901" lat="24.6795673" lon="121.3849175"/>
  <node id="1388711035" lat="24.6795951" lon="121.3848309"/>
  <node id="2518657629" lat="24.6796300" lon="121.3844246"/>
  <node id="3716247133" lat="24.6795956" lon="121.3842694"/>
  <node id="1388711033" lat="24.6795258" lon="121.3839743"/>
  <node id="1388711036" lat="24.6795855" lon="121.3837343"/>
  <node id="1388711044" lat="24.6797087" lon="121.3836593"/>
  <node id="3714692902" lat="24.6798366" lon="121.3836659"/>
  <node id="4446865266" lat="24.6798951" lon="121.3837061"/>
  <node id="1388711055" lat="24.6799304" lon="121.3837450"/>
  <node id="1388711054" lat="24.6799475" lon="121.3839757"/>
  <node id="4446865267" lat="24.6799876" lon="121.3842547"/>
  <node id="1388711063" lat="24.6801473" lon="121.3845349"/>
  <node id="1388711079" lat="24.6802338" lon="121.3846047"/>
  <node id="3714692905" lat="24.6804204" lon="121.3847015"/>
  <node id="1388711087" lat="24.6804756" lon="121.3847641"/>
  <node id="2518657634" lat="24.6804774" lon="121.3848289"/>
  <node id="1388711076" lat="24.6804242" lon="121.3848874"/>
  <node id="3716247142" lat="24.6803083" lon="121.3848953"/>
  <node id="1388711060" lat="24.6801091" lon="121.3848320"/>
  <node id="3716247138" lat="24.6800340" lon="121.3848223"/>
  <node id="2518657631" lat="24.6799925" lon="121.3848862"/>
  <node id="1388711058" lat="24.6800177" lon="121.3849687"/>
  <node id="1388711071" lat="24.6801580" lon="121.3850416"/>
  <node id="1388711082" lat="24.6803870" lon="121.3850889"/>
  <node id="1388711084" lat="24.6804582" lon="121.3851873"/>
  <node id="3716247145" lat="24.6804508" lon="121.3852802"/>
  <node id="1388711078" lat="24.6803896" lon="121.3853303"/>
  <node id="3716247141" lat="24.6802828" lon="121.3853371"/>
  <node id="1388711062" lat="24.6801357" lon="121.3852000"/>
  <node id="1388711056" lat="24.6799182" lon="121.3851921"/>
  <node id="1388711045" lat="24.6798195" lon="121.3853168"/>
  <node id="1388711042" lat="24.6797635" lon="121.3855595"/>
  <node id="1388711046" lat="24.6798034" lon="121.3859818"/>
  <node id="1388711053" lat="24.6798540" lon="121.3864940"/>
  <node id="1388711066" lat="24.6800844" lon="121.3868172"/>
  <node id="1388711081" lat="24.6803497" lon="121.3870266"/>
  <node id="1388711085" lat="24.6804702" lon="121.3872447"/>
  <node id="1388711089" lat="24.6804769" lon="121.3875749"/>
  <node id="3714692906" lat="24.6805343" lon="121.3876139"/>
  <node id="1388711092" lat="24.6805957" lon="121.3876227"/>
  <node id="3716247149" lat="24.6806531" lon="121.3875609"/>
  <node id="1388711090" lat="24.6806562" lon="121.3874834"/>
  <node id="1388711088" lat="24.6805262" lon="121.3869699"/>
  <node id="3716247146" lat="24.6804828" lon="121.3868970"/>
  <node id="1388711075" lat="24.6802842" lon="121.3866662"/>
  <node id="3716247140" lat="24.6802416" lon="121.3864942"/>
  <node id="1388711073" lat="24.6802516" lon="121.3863387"/>
  <node id="1388711080" lat="24.6802905" lon="121.3862976"/>
  <node id="1388711091" lat="24.6803613" lon="121.3862884"/>
  <node id="3714692907" lat="24.6804484" lon="121.3863332"/>
  <node id="3716247148" lat="24.6805776" lon="121.3864331"/>
  <node id="1388711093" lat="24.6806410" lon="121.3865408"/>
  <node id="3716247150" lat="24.6806847" lon="121.3867087"/>
  <node id="1388711096" lat="24.6807241" lon="121.3868896"/>
  <node id="1388711097" lat="24.6808113" lon="121.3871359"/>
  <node id="3714692908" lat="24.6808477" lon="121.3873264"/>
  <node id="3716247151" lat="24.6808839" lon="121.3874553"/>
  <node id="3714692909" lat="24.6809281" lon="121.3875895"/>
  <node id="3716247152" lat="24.6809325" lon="121.3877283"/>
  <node id="1388711099" lat="24.6808920" lon="121.3878782"/>
  <node id="1388711094" lat="24.6807457" lon="121.3880037"/>
  <node id="8318460346" lat="24.6805940" lon="121.3881755"/>
  <node id="1388711077" lat="24.6804529" lon="121.3882623"/>
  <node id="1388711072" lat="24.6803122" lon="121.3883447"/>
  <node id="3716247139" lat="24.6802038" lon="121.3885275"/>
  <node id="1388711068" lat="24.6801726" lon="121.3887088"/>
  <node id="3714692903" lat="24.6800313" lon="121.3889349"/>
  <node id="1388711048" lat="24.6798921" lon="121.3891382"/>
  <node id="1388711043" lat="24.6798002" lon="121.3894531"/>
  <node id="4762217768" lat="24.6797920" lon="121.3895551"/>
  <node id="1388711052" lat="24.6798161" lon="121.3897350"/>
  <node id="3716247137" lat="24.6799498" lon="121.3902051"/>
  <node id="1388711047" lat="24.6798766" lon="121.3904953"/>
  <node id="2518657630" lat="24.6798878" lon="121.3906673"/>
  <node id="4446865268" lat="24.6799426" lon="121.3908046"/>
  <node id="4446865269" lat="24.6800059" lon="121.3909830"/>
  <node id="4446865271" lat="24.6800303" lon="121.3911050"/>
  <node id="4446865270" lat="24.6800364" lon="121.3911895"/>
  <node id="1388711061" lat="24.6800084" lon="121.3912720"/>
  <node id="1388711050" lat="24.6799666" lon="121.3914052"/>
  <node id="1388711041" lat="24.6798477" lon="121.3917681"/>
  <node id="1388711037" lat="24.6797125" lon="121.3921002"/>
  <node id="1388711021" lat="24.6794488" lon="121.3925024"/>
  <node id="1388711009" lat="24.6793425" lon="121.3926259"/>
  <node id="1388711004" lat="24.6791520" lon="121.3927393"/>
  <node id="1388710998" lat="24.6790361" lon="121.3929396"/>
  <node id="3716247127" lat="24.6789742" lon="121.3930972"/>
  <node id="1388710990" lat="24.6787646" lon="121.3933212"/>
  <node id="1388710987" lat="24.6786687" lon="121.3936343"/>
  <node id="3716246622" lat="24.6786038" lon="121.3937616"/>
  <node id="1388710982" lat="24.6784105" lon="121.3939586"/>
  <node id="1388710974" lat="24.6783072" lon="121.3940243"/>
  <node id="8318459051" lat="24.6781982" lon="121.3940401"/>
  <node id="4446865265" lat="24.6781050" lon="121.3939911"/>
  <node id="1388710967" lat="24.6779434" lon="121.3940362"/>
  <node id="1388710947" lat="24.6776432" lon="121.3941205"/>
  <node id="1388710930" lat="24.6771935" lon="121.3942042"/>
  <node id="1388710923" lat="24.6770359" lon="121.3941908"/>
  <node id="1388710919" lat="24.6768907" lon="121.3941865"/>
  <node id="1388710916" lat="24.6767351" lon="121.3942572"/>
  <node id="3714692890" lat="24.6766763" lon="121.3943848"/>
  <node id="4446865262" lat="24.6766828" lon="121.3944993"/>
  <node id="4446865264" lat="24.6766949" lon="121.3946965"/>
  <node id="1388710918" lat="24.6767093" lon="121.3949461"/>
  <node id="1388710915" lat="24.6766856" lon="121.3951110"/>
  <node id="1388710911" lat="24.6766461" lon="121.3952984"/>
  <node id="3714692889" lat="24.6766523" lon="121.3954694"/>
  <node id="4446865261" lat="24.6765707" lon="121.3955480"/>
  <node id="3714692888" lat="24.6764027" lon="121.3956619"/>
  <node id="1388710906" lat="24.6762494" lon="121.3959826"/>
  <node id="1388710905" lat="24.6760901" lon="121.3963270"/>
  <node id="1388710901" lat="24.6759817" lon="121.3964574"/>
  <node id="1388710900" lat="24.6759116" lon="121.3966953"/>
  <node id="1388710897" lat="24.6757458" lon="121.3968980"/>
  <node id="1388710895" lat="24.6757018" lon="121.3972081"/>
  <node id="3714692884" lat="24.6755249" lon="121.3976364"/>
  <node id="8318459050" lat="24.6755403" lon="121.3977215"/>
  <node id="1388710889" lat="24.6755794" lon="121.3979626"/>
  <node id="8318458991" lat="24.6755477" lon="121.3980420"/>
  <node id="8318459049" lat="24.6754989" lon="121.3981225"/>
  <node id="1388710885" lat="24.6754136" lon="121.3983083"/>
  <node id="1388710886" lat="24.6754194" lon="121.3986587"/>
  <node id="1388710883" lat="24.6754192" lon="121.3990099"/>
  <node id="4446857505" lat="24.6753094" lon="121.3993779"/>
  <node id="1388710880" lat="24.6752472" lon="121.3995282"/>
  <node id="1388710881" lat="24.6751327" lon="121.3997883"/>
  <node id="3716246612" lat="24.6751421" lon="121.3998832"/>
  <node id="4446857502" lat="24.6751668" lon="121.4000029"/>
  <node id="4446857504" lat="24.6752301" lon="121.4000458"/>
  <node id="4446857507" lat="24.6753509" lon="121.4000431"/>
  <node id="1388710892" lat="24.6755068" lon="121.3999975"/>
  <node id="4446857511" lat="24.6756153" lon="121.3999586"/>
  <node id="4446857514" lat="24.6757030" lon="121.3999291"/>
  <node id="4446857516" lat="24.6757737" lon="121.3998969"/>
  <node id="4446857521" lat="24.6759479" lon="121.3997655"/>
  <node id="1388710903" lat="24.6760630" lon="121.3997136"/>
  <node id="4446857522" lat="24.6761295" lon="121.3996877"/>
  <node id="4446857523" lat="24.6762562" lon="121.3996650"/>
  <node id="1388710910" lat="24.6763404" lon="121.3996609"/>
  <node id="4446857525" lat="24.6763855" lon="121.3996395"/>
  <node id="4446857529" lat="24.6764683" lon="121.3996126"/>
  <node id="1388710913" lat="24.6765024" lon="121.3995241"/>
  <node id="4446857530" lat="24.6764939" lon="121.3994517"/>
  <node id="1388710912" lat="24.6764659" lon="121.3993699"/>
  <node id="4446857526" lat="24.6764171" lon="121.3993404"/>
  <node id="1388710909" lat="24.6763485" lon="121.3993330"/>
  <node id="1388710907" lat="24.6761807" lon="121.3993873"/>
  <node id="3714692885" lat="24.6760491" lon="121.3994530"/>
  <node id="1388710899" lat="24.6759796" lon="121.3994879"/>
  <node id="4446857518" lat="24.6758590" lon="121.3995241"/>
  <node id="4446857515" lat="24.6757603" lon="121.3995295"/>
  <node id="3716246613" lat="24.6756896" lon="121.3995416"/>
  <node id="1388710894" lat="24.6756274" lon="121.3994839"/>
  <node id="4446857512" lat="24.6756238" lon="121.3993806"/>
  <node id="4446857513" lat="24.6756615" lon="121.3993297"/>
  <node id="3324632972" lat="24.6757103" lon="121.3992841"/>
  <node id="1388710891" lat="24.6757798" lon="121.3992666"/>
  <node id="4446857517" lat="24.6758224" lon="121.3992546"/>
  <node id="4446857519" lat="24.6758919" lon="121.3992559"/>
  <node id="1388710896" lat="24.6759541" lon="121.3992639"/>
  <node id="1388710902" lat="24.6760162" lon="121.3992543"/>
  <node id="3714692886" lat="24.6760930" lon="121.3992425"/>
  <node id="4446857524" lat="24.6762222" lon="121.3992237"/>
  <node id="4446857527" lat="24.6764500" lon="121.3991835"/>
  <node id="1388710914" lat="24.6767437" lon="121.3990914"/>
  <node id="1388710927" lat="24.6769667" lon="121.3990909"/>
  <node id="4446857541" lat="24.6771032" lon="121.3991030"/>
  <node id="3716246615" lat="24.6771861" lon="121.3991178"/>
  <node id="1388710933" lat="24.6772889" lon="121.3991420"/>
  <node id="1388710940" lat="24.6774164" lon="121.3991379"/>
  <node id="4446857545" lat="24.6775236" lon="121.3990789"/>
  <node id="4446857547" lat="24.6776163" lon="121.3990051"/>
  <node id="1388710956" lat="24.6777259" lon="121.3989434"/>
  <node id="3716246620" lat="24.6778368" lon="121.3988871"/>
  <node id="4446857552" lat="24.6778965" lon="121.3988724"/>
  <node id="1388710962" lat="24.6780014" lon="121.3989086"/>
  <node id="4446857553" lat="24.6780635" lon="121.3989542"/>
  <node id="3324632974" lat="24.6781098" lon="121.3989944"/>
  <node id="1388710968" lat="24.6781897" lon="121.3990813"/>
  <node id="1388710973" lat="24.6782573" lon="121.3991151"/>
  <node id="4446857554" lat="24.6782853" lon="121.3991191"/>
  <node id="4446857555" lat="24.6783365" lon="121.3991111"/>
  <node id="4446857556" lat="24.6783499" lon="121.3990963"/>
  <node id="1388710979" lat="24.6783755" lon="121.3990225"/>
  <node id="4446857558" lat="24.6783852" lon="121.3989595"/>
  <node id="4446857557" lat="24.6783657" lon="121.3988978"/>
  <node id="1388710978" lat="24.6783060" lon="121.3988361"/>
  <node id="1388710970" lat="24.6782268" lon="121.3987986"/>
  <node id="1388710959" lat="24.6779733" lon="121.3986940"/>
  <node id="1388710955" lat="24.6778710" lon="121.3986752"/>
  <node id="4446857550" lat="24.6777576" lon="121.3986953"/>
  <node id="1388710935" lat="24.6775017" lon="121.3988684"/>
  <node id="1388710931" lat="24.6773896" lon="121.3989032"/>
  <node id="1388710929" lat="24.6772763" lon="121.3988898"/>
  <node id="4446857542" lat="24.6771946" lon="121.3988482"/>
  <node id="4446857539" lat="24.6770569" lon="121.3987583"/>
  <node id="3714692891" lat="24.6769533" lon="121.3986122"/>
  <node id="4446857535" lat="24.6768911" lon="121.3984351"/>
  <node id="1388710921" lat="24.6768192" lon="121.3982688"/>
  <node id="1388710920" lat="24.6768071" lon="121.3981629"/>
  <node id="4446857536" lat="24.6768815" lon="121.3978907"/>
  <node id="3714692892" lat="24.6769656" lon="121.3973931"/>
  <node id="4446857538" lat="24.6770094" lon="121.3973153"/>
  <node id="1388710926" lat="24.6771922" lon="121.3971571"/>
  <node id="1388710934" lat="24.6773092" lon="121.3970847"/>
  <node id="1388710941" lat="24.6774238" lon="121.3970028"/>
  <node id="4446857546" lat="24.6775724" lon="121.3967159"/>
  <node id="1388710951" lat="24.6776469" lon="121.3965463"/>
  <node id="3714692895" lat="24.6776967" lon="121.3965052"/>
  <node id="1388710957" lat="24.6777723" lon="121.3965367"/>
  <node id="1388710958" lat="24.6777739" lon="121.3966434"/>
  <node id="3714692894" lat="24.6776544" lon="121.3969058"/>
  <node id="1388710943" lat="24.6775943" lon="121.3970514"/>
  <node id="1388710937" lat="24.6774984" lon="121.3972486"/>
  <node id="1388710936" lat="24.6774370" lon="121.3973793"/>
  <node id="1388710938" lat="24.6774193" lon="121.3975074"/>
  <node id="1388710942" lat="24.6774598" lon="121.3978476"/>
  <node id="4446861292" lat="24.6774737" lon="121.3980694"/>
  <node id="1388710945" lat="24.6775153" lon="121.3981886"/>
  <node id="3716246617" lat="24.6775835" lon="121.3982308"/>
  <node id="1388710949" lat="24.6776459" lon="121.3982163"/>
  <node id="3716246618" lat="24.6777058" lon="121.3981794"/>
  <node id="1388710953" lat="24.6777332" lon="121.3980614"/>
  <node id="3714692896" lat="24.6777255" lon="121.3977054"/>
  <node id="4446861293" lat="24.6777333" lon="121.3975276"/>
  <node id="1388710960" lat="24.6778869" lon="121.3971619"/>
  <node id="4446861295" lat="24.6779075" lon="121.3969777"/>
  <node id="1388710961" lat="24.6779200" lon="121.3968405"/>
  <node id="1388710963" lat="24.6779673" lon="121.3966961"/>
  <node id="1388710977" lat="24.6782711" lon="121.3963349"/>
  <node id="4446861297" lat="24.6783888" lon="121.3962374"/>
  <node id="1388710983" lat="24.6784683" lon="121.3962260"/>
  <node id="1388710985" lat="24.6785086" lon="121.3962737"/>
  <node id="1388710984" lat="24.6785157" lon="121.3963664"/>
  <node id="1388710971" lat="24.6783929" lon="121.3965677"/>
  <node id="3714692897" lat="24.6782648" lon="121.3967240"/>
  <node id="1388710972" lat="24.6782383" lon="121.3968395"/>
  <node id="1388710980" lat="24.6782801" lon="121.3970533"/>
  <node id="3714692898" lat="24.6783047" lon="121.3971724"/>
  <node id="1388710986" lat="24.6783544" lon="121.3972933"/>
  <node id="4446861298" lat="24.6784095" lon="121.3974632"/>
  <node id="4446861300" lat="24.6785375" lon="121.3976134"/>
  <node id="1388710991" lat="24.6787506" lon="121.3977929"/>
  <node id="1388711003" lat="24.6789068" lon="121.3979044"/>
  <node id="1388711010" lat="24.6790932" lon="121.3979849"/>
  <node id="4446861307" lat="24.6792127" lon="121.3979956"/>
  <node id="4446861308" lat="24.6792821" lon="121.3979943"/>
  <node id="1388711023" lat="24.6793683" lon="121.3979857"/>
  <node id="3716247131" lat="24.6794383" lon="121.3979684"/>
  <node id="1388711028" lat="24.6794734" lon="121.3979272"/>
  <node id="4446861313" lat="24.6794881" lon="121.3978669"/>
  <node id="1388711029" lat="24.6794905" lon="121.3978414"/>
  <node id="1388711022" lat="24.6793260" lon="121.3977032"/>
  <node id="4446861306" lat="24.6792041" lon="121.3976200"/>
  <node id="1388711012" lat="24.6790542" lon="121.3975316"/>
  <node id="1388711001" lat="24.6789251" lon="121.3974323"/>
  <node id="1388710997" lat="24.6788239" lon="121.3973103"/>
  <node id="1388710995" lat="24.6788214" lon="121.3972231"/>
  <node id="4446861302" lat="24.6788581" lon="121.3971574"/>
  <node id="1388710999" lat="24.6789383" lon="121.3971426"/>
  <node id="1388711002" lat="24.6789849" lon="121.3971526"/>
  <node id="4446861305" lat="24.6790360" lon="121.3971695"/>
  <node id="1388711008" lat="24.6790884" lon="121.3971988"/>
  <node id="1388711019" lat="24.6792222" lon="121.3973204"/>
  <node id="1388711031" lat="24.6793414" lon="121.3974135"/>
  <node id="4446861311" lat="24.6794101" lon="121.3974672"/>
  <node id="1388711040" lat="24.6794720" lon="121.3974980"/>
  <node id="4446861314" lat="24.6795392" lon="121.3975209"/>
  <node id="4446861316" lat="24.6796246" lon="121.3975450"/>
  <node id="3716247136" lat="24.6797086" lon="121.3975316"/>
  <node id="1388711051" lat="24.6798573" lon="121.3974981"/>
  <node id="4446861319" lat="24.6799950" lon="121.3974457"/>
  <node id="1388711067" lat="24.6801321" lon="121.3974001"/>
  <node id="4446861324" lat="24.6801498" lon="121.3973505"/>
  <node id="1388711070" lat="24.6801624" lon="121.3973104"/>
  <node id="4446861325" lat="24.6801449" lon="121.3972071"/>
  <node id="4446861323" lat="24.6801242" lon="121.3971587"/>
  <node id="1388711064" lat="24.6800888" lon="121.3971051"/>
  <node id="4446861320" lat="24.6800169" lon="121.3970421"/>
  <node id="1388711049" lat="24.6799121" lon="121.3969911"/>
  <node id="1388711039" lat="24.6797185" lon="121.3969151"/>
  <node id="4446861317" lat="24.6796087" lon="121.3968637"/>
  <node id="1388711030" lat="24.6794905" lon="121.3968087"/>
  <node id="1388711024" lat="24.6793272" lon="121.3967296"/>
  <node id="1388711017" lat="24.6792480" lon="121.3966317"/>
  <node id="1388711018" lat="24.6792322" lon="121.3965499"/>
  <node id="4446861309" lat="24.6792493" lon="121.3964761"/>
  <node id="4446861310" lat="24.6793516" lon="121.3963970"/>
  <node id="1388711025" lat="24.6794323" lon="121.3963500"/>
  <node id="4446861315" lat="24.6795612" lon="121.3963058"/>
  <node id="1388711038" lat="24.6796867" lon="121.3962750"/>
  <node id="1388711059" lat="24.6799073" lon="121.3962012"/>
  <node id="4446861318" lat="24.6799950" lon="121.3961650"/>
  <node id="4446861321" lat="24.6800632" lon="121.3961221"/>
  <node id="4446861322" lat="24.6801181" lon="121.3960805"/>
  <node id="1388711065" lat="24.6801424" lon="121.3959946"/>
  <node id="1388711069" lat="24.6802321" lon="121.3957578"/>
  <node id="4446861101" lat="24.6803228" lon="121.3956098"/>
  <node id="1388711086" lat="24.6805178" lon="121.3953804"/>
  <node id="4446861104" lat="24.6806555" lon="121.3953214"/>
  <node id="1388711098" lat="24.6808346" lon="121.3951337"/>
  <node id="4446861106" lat="24.6809821" lon="121.3950680"/>
  <node id="4446861107" lat="24.6810601" lon="121.3950371"/>
  <node id="4446861108" lat="24.6811430" lon="121.3949741"/>
  <node id="1388711101" lat="24.6812916" lon="121.3948802"/>
  <node id="1388711102" lat="24.6813927" lon="121.3947984"/>
  <node id="4446861110" lat="24.6814878" lon="121.3946938"/>
  <node id="4446861111" lat="24.6815499" lon="121.3946120"/>
  <node id="1388711104" lat="24.6815926" lon="121.3945490"/>
  <node id="4446861112" lat="24.6816559" lon="121.3945074"/>
  <node id="1388711105" lat="24.6817108" lon="121.3944739"/>
  <node id="4446861113" lat="24.6817741" lon="121.3944444"/>
  <node id="3716247153" lat="24.6818619" lon="121.3944081"/>
  <node id="4446863434" lat="24.6819569" lon="121.3943384"/>
  <node id="1388711111" lat="24.6820458" lon="121.3942334"/>
  <node id="4446863436" lat="24.6821044" lon="121.3940983"/>
  <node id="1388711115" lat="24.6821645" lon="121.3939971"/>
  <node id="4446863438" lat="24.6822835" lon="121.3939213"/>
  <node id="4446863440" lat="24.6823505" lon="121.3938690"/>
  <node id="4446863442" lat="24.6824249" lon="121.3938301"/>
  <node id="4446863444" lat="24.6824821" lon="121.3937792"/>
  <node id="4446863445" lat="24.6825565" lon="121.3937175"/>
  <node id="4446863446" lat="24.6826113" lon="121.3936625"/>
  <node id="4446863447" lat="24.6826771" lon="121.3936062"/>
  <node id="1388711127" lat="24.6827405" lon="121.3935230"/>
  <node id="4446863449" lat="24.6827904" lon="121.3934493"/>
  <node id="1388711128" lat="24.6828209" lon="121.3933768"/>
  <node id="4446863451" lat="24.6828830" lon="121.3932950"/>
  <node id="4446863454" lat="24.6829537" lon="121.3931958"/>
  <node id="1388711134" lat="24.6830317" lon="121.3930898"/>
  <node id="4446863460" lat="24.6831231" lon="121.3929946"/>
  <node id="4446863462" lat="24.6832048" lon="121.3929276"/>
  <node id="1388711140" lat="24.6832620" lon="121.3929075"/>
  <node id="1388711142" lat="24.6833172" lon="121.3928995"/>
  <node id="1388711152" lat="24.6833691" lon="121.3929279"/>
  <node id="1388711156" lat="24.6833865" lon="121.3929709"/>
  <node id="1388711154" lat="24.6833950" lon="121.3930405"/>
  <node id="4446863461" lat="24.6831731" lon="121.3931904"/>
  <node id="4446863459" lat="24.6830744" lon="121.3933205"/>
  <node id="4446863455" lat="24.6829768" lon="121.3934868"/>
  <node id="4446863452" lat="24.6829038" lon="121.3936222"/>
  <node id="4446863450" lat="24.6828172" lon="121.3937631"/>
  <node id="1388711130" lat="24.6827478" lon="121.3938516"/>
  <node id="1388711123" lat="24.6825857" lon="121.3940286"/>
  <node id="4446863441" lat="24.6823664" lon="121.3943947"/>
  <node id="1388711117" lat="24.6822506" lon="121.3945369"/>
  <node id="1388711112" lat="24.6820020" lon="121.3947957"/>
  <node id="4446863432" lat="24.6819374" lon="121.3948762"/>
  <node id="4446863431" lat="24.6818692" lon="121.3950023"/>
  <node id="1388711106" lat="24.6818229" lon="121.3951377"/>
  <node id="3714692910" lat="24.6817985" lon="121.3952477"/>
  <node id="1388711107" lat="24.6818655" lon="121.3953134"/>
  <node id="4446863435" lat="24.6820971" lon="121.3954073"/>
  <node id="4446863437" lat="24.6822019" lon="121.3954582"/>
  <node id="4446863439" lat="24.6823274" lon="121.3955146"/>
  <node id="4446863443" lat="24.6824736" lon="121.3955856"/>
  <node id="1388711126" lat="24.6825577" lon="121.3956366"/>
  <node id="4446863448" lat="24.6826869" lon="121.3957372"/>
  <node id="1388711132" lat="24.6828051" lon="121.3958378"/>
  <node id="4446863453" lat="24.6829196" lon="121.3959155"/>
  <node id="4446863457" lat="24.6830402" lon="121.3959947"/>
  <node id="4446863463" lat="24.6832316" lon="121.3960966"/>
  <node id="1388711150" lat="24.6832949" lon="121.3961288"/>
  <node id="1388711158" lat="24.6834204" lon="121.3961717"/>
  <node id="4446863465" lat="24.6835362" lon="121.3962119"/>
  <node id="1388711160" lat="24.6836520" lon="121.3962575"/>
  <node id="4446863466" lat="24.6837750" lon="121.3963380"/>
  <node id="1388711164" lat="24.6839664" lon="121.3964962"/>
  <node id="4446863467" lat="24.6841747" lon="121.3966612"/>
  <node id="4446863468" lat="24.6844489" lon="121.3968959"/>
  <node id="1388711169" lat="24.6844990" lon="121.3969280"/>
  <node id="4446863469" lat="24.6846146" lon="121.3970770"/>
  <node id="1388711173" lat="24.6849096" lon="121.3973452"/>
  <node id="1388711179" lat="24.6849851" lon="121.3974082"/>
  <node id="1388711181" lat="24.6851252" lon="121.3978212"/>
  <node id="1388711182" lat="24.6853640" lon="121.3981055"/>
  <node id="1388711187" lat="24.6856254" lon="121.3984798"/>
  <node id="4446863486" lat="24.6858149" lon="121.3987855"/>
  <node id="4446863487" lat="24.6859099" lon="121.3988821"/>
  <node id="1388711192" lat="24.6860287" lon="121.3989310"/>
  <node id="1388711200" lat="24.6861380" lon="121.3991263"/>
  <node id="1388711201" lat="24.6862059" lon="121.3993001"/>
  <node id="1388711202" lat="24.6862973" lon="121.3995858"/>
  <node id="1388711204" lat="24.6864824" lon="121.3999524"/>
  <node id="2340772804" lat="24.6866412" lon="121.4001569"/>
  <node id="2340772809" lat="24.6867576" lon="121.4003877"/>
  <node id="3716247162" lat="24.6868170" lon="121.4005902"/>
  <node id="3716247163" lat="24.6868995" lon="121.4008946"/>
  <node id="3716247164" lat="24.6868832" lon="121.4012138"/>
  <node id="2518657635" lat="24.6869133" lon="121.4013513"/>
  <node id="3489055296" lat="24.6871956" lon="121.4020643"/>
  <node id="3716247181" lat="24.6873987" lon="121.4023837"/>
  <node id="3716247185" lat="24.6875295" lon="121.4026213"/>
  <node id="2518657636" lat="24.6879606" lon="121.4030988"/>
  <node id="3716247190" lat="24.6882456" lon="121.4033423"/>
  <node id="3716247191" lat="24.6885389" lon="121.4038167"/>
  <node id="3716247192" lat="24.6888545" lon="121.4041776"/>
  <node id="2518657637" lat="24.6891990" lon="121.4045429"/>
  <node id="2518657638" lat="24.6896348" lon="121.4050861"/>
  <node id="3716247194" lat="24.6898631" lon="121.4054540"/>
  <node id="10300469603" lat="24.6902049" lon="121.4056846"/>
  <node id="2518657639" lat="24.6902518" lon="121.4057163"/>
  <node id="3716247203" lat="24.6903606" lon="121.4058121"/>
  <node id="3716247206" lat="24.6905057" lon="121.4061816"/>
  <node id="2340772869" lat="24.6905604" lon="121.4064278"/>
  <node id="3716247207" lat="24.6905350" lon="121.4066056"/>
  <node id="3716247201" lat="24.6903693" lon="121.4069778"/>
  <node id="2340772866" lat="24.6903177" lon="121.4071161"/>
  <node id="3716247205" lat="24.6903363" lon="121.4073026"/>
  <node id="2340772868" lat="24.6903963" lon="121.4074565"/>
  <node id="3716247200" lat="24.6903957" lon="121.4076045"/>
  <node id="8318454672" lat="24.6903545" lon="121.4078468"/>
  <node id="3716247204" lat="24.6903866" lon="121.4080802"/>
  <node id="3716247202" lat="24.6903471" lon="121.4082130"/>
  <node id="2340772867" lat="24.6902421" lon="121.4083474"/>
  <node id="3716247197" lat="24.6901000" lon="121.4086430"/>
  <node id="3716247195" lat="24.6900380" lon="121.4089656"/>
  <node id="2340772864" lat="24.6900677" lon="121.4091114"/>
  <node id="3716247199" lat="24.6902193" lon="121.4100027"/>
  <node id="2340772865" lat="24.6902787" lon="121.4101005"/>
  <node id="3716247208" lat="24.6906215" lon="121.4105038"/>
  <node id="2340772870" lat="24.6906893" lon="121.4106328"/>
  <node id="3716247210" lat="24.6907540" lon="121.4108515"/>
  <node id="2340772871" lat="24.6907658" lon="121.4110529"/>
  <node id="3716247211" lat="24.6907771" lon="121.4114112"/>
  <node id="2340772872" lat="24.6908150" lon="121.4116867"/>
  <node id="2340772873" lat="24.6909330" lon="121.4119392"/>
  <node id="2340772874" lat="24.6912480" lon="121.4122643"/>
  <node id="2340772875" lat="24.6914226" lon="121.4125378"/>
  <node id="2340772876" lat="24.6914601" lon="121.4131928"/>
  <node id="3716247212" lat="24.6917618" lon="121.4134447"/>
  <node id="2340772877" lat="24.6919310" lon="121.4135538"/>
  <node id="3716247214" lat="24.6923841" lon="121.4135350"/>
  <node id="2340772878" lat="24.6925797" lon="121.4135842"/>
  <node id="8318454671" lat="24.6926526" lon="121.4136136"/>
  <node id="2340772880" lat="24.6927091" lon="121.4137114"/>
  <node id="2340772881" lat="24.6927115" lon="121.4139432"/>
  <node id="3716247215" lat="24.6926702" lon="121.4142632"/>
  <node id="8318454670" lat="24.6926672" lon="121.4146154"/>
  <node id="2340772879" lat="24.6927184" lon="121.4149984"/>
  <node id="2340772882" lat="24.6928296" lon="121.4151669"/>
  <node id="3716247217" lat="24.6930114" lon="121.4153522"/>
  <node id="2340772883" lat="24.6931466" lon="121.4155667"/>
  <node id="8318454669" lat="24.6931802" lon="121.4157164"/>
  <node id="2340772885" lat="24.6931639" lon="121.4159151"/>
  <node id="3716247218" lat="24.6931354" lon="121.4161892"/>
  <node id="3716247219" lat="24.6931608" lon="121.4164139"/>
  <node id="8318454667" lat="24.6932228" lon="121.4165010"/>
  <node id="2340772884" lat="24.6932839" lon="121.4165311"/>
  <node id="2340772886" lat="24.6934035" lon="121.4165178"/>
  <node id="3716247220" lat="24.6936886" lon="121.4165199"/>
  <node id="2340772887" lat="24.6938572" lon="121.4166458"/>
  <node id="2340772888" lat="24.6939284" lon="121.4168009"/>
  <node id="2340772889" lat="24.6940667" lon="121.4172060"/>
  <node id="3716247221" lat="24.6941512" lon="121.4175214"/>
  <node id="8318454605" lat="24.6941757" lon="121.4175980"/>
  <node id="2340772890" lat="24.6942534" lon="121.4176780"/>
  <node id="2340772891" lat="24.6943648" lon="121.4177249"/>
  <node id="2340772892" lat="24.6944598" lon="121.4176650"/>
  <node id="3716247222" lat="24.6946178" lon="121.4174790"/>
  <node id="2340772893" lat="24.6948326" lon="121.4172300"/>
  <node id="2340772894" lat="24.6949697" lon="121.4169846"/>
  <node id="3716247223" lat="24.6950793" lon="121.4168914"/>
  <node id="2340772895" lat="24.6952131" lon="121.4168251"/>
  <node id="3716247224" lat="24.6954614" lon="121.4168439"/>
  <node id="3716247225" lat="24.6956902" lon="121.4168752"/>
  <node id="2340772896" lat="24.6958354" lon="121.4169341"/>
  <node id="2340772897" lat="24.6960322" lon="121.4172163"/>
  <node id="3716247226" lat="24.6962472" lon="121.4176902"/>
  <node id="2340772898" lat="24.6963364" lon="121.4177597"/>
  <node id="2340772899" lat="24.6964504" lon="121.4177830"/>
  <node id="3716247227" lat="24.6967319" lon="121.4178589"/>
  <node id="2340772900" lat="24.6968005" lon="121.4179018"/>
  <node id="2340772901" lat="24.6968971" lon="121.4180463"/>
  <node id="3716247230" lat="24.6971579" lon="121.4185255"/>
  <node id="3716247231" lat="24.6971911" lon="121.4187377"/>
  <node id="2340772902" lat="24.6973064" lon="121.4188741"/>
  <node id="3716247232" lat="24.6974722" lon="121.4190665"/>
  <node id="2340772903" lat="24.6975884" lon="121.4190949"/>
  <node id="3716247233" lat="24.6978451" lon="121.4191199"/>
  <node id="3716247234" lat="24.6980508" lon="121.4191699"/>
  <node id="3716247235" lat="24.6984877" lon="121.4193090"/>
  <node id="2340772904" lat="24.6985938" lon="121.4193967"/>
  <node id="2340772905" lat="24.6987044" lon="121.4195506"/>
  <node id="3716247236" lat="24.6991279" lon="121.4201324"/>
  <node id="3716247237" lat="24.6992142" lon="121.4202062"/>
  <node id="2340772906" lat="24.6992925" lon="121.4202195"/>
  <node id="2340772907" lat="24.6995374" lon="121.4201519"/>
  <node id="3716247238" lat="24.6997673" lon="121.4200773"/>
  <node id="2340772908" lat="24.7000045" lon="121.4201097"/>
  <node id="3716247239" lat="24.7002804" lon="121.4202316"/>
  <node id="2340772909" lat="24.7004809" lon="121.4203055"/>
  <node id="3716247240" lat="24.7007581" lon="121.4203385"/>
  <node id="2340772910" lat="24.7011264" lon="121.4203279"/>
  <node id="4762217445" lat="24.7013263" lon="121.4202945"/>
  <node id="8318454404" lat="24.7014034" lon="121.4202695"/>
  <node id="2340772911" lat="24.7014804" lon="121.4202012"/>
  <node id="2340772912" lat="24.7015909" lon="121.4200589"/>
  <node id="3716247249" lat="24.7016863" lon="121.4198621"/>
  <node id="2340772913" lat="24.7017854" lon="121.4197528"/>
  <node id="2340772914" lat="24.7020030" lon="121.4196556"/>
  <node id="2340772915" lat="24.7021498" lon="121.4196607"/>
  <node id="2340772916" lat="24.7025016" lon="121.4199323"/>
  <node id="2340772917" lat="24.7028841" lon="121.4203348"/>
  <node id="2340772918" lat="24.7034399" lon="121.4209221"/>
  <node id="3716247253" lat="24.7036801" lon="121.4210662"/>
  <node id="3716247254" lat="24.7037912" lon="121.4211681"/>
  <node id="3716247255" lat="24.7038936" lon="121.4213324"/>
  <node id="2340772919" lat="24.7038918" lon="121.4214720"/>
  <node id="2340772921" lat="24.7038804" lon="121.4215985"/>
  <node id="3511679868" lat="24.6531351" lon="121.4702208"/>
  <node id="3511679874" lat="24.6531702" lon="121.4702899"/>
  <node id="3511679869" lat="24.6532219" lon="121.4703773"/>
  <node id="3511679870" lat="24.6533082" lon="121.4705226"/>
  <node id="3511679871" lat="24.6534228" lon="121.4707001"/>
  <node id="3511679872" lat="24.6535417" lon="121.4708705"/>
  <node id="3511679873" lat="24.6535608" lon="121.4712838"/>
  <node id="3511680143" lat="24.6535714" lon="121.4716971"/>
  <node id="3511680095" lat="24.6507862" lon="121.4737097"/>
  <node id="3511680096" lat="24.6507480" lon="121.4742000"/>
  <node id="3511680097" lat="24.6508626" lon="121.4749332"/>
  <node id="3511680098" lat="24.6509178" lon="121.4753722"/>
  <node id="3511680099" lat="24.6509730" lon="121.4754422"/>
  <node id="3511680100" lat="24.6511003" lon="121.4754609"/>
  <node id="3511680101" lat="24.6511754" lon="121.4754183"/>
  <node id="3511680102" lat="24.6511960" lon="121.4752221"/>
  <node id="3511680103" lat="24.6512737" lon="121.4750312"/>
  <node id="3511680129" lat="24.6513168" lon="121.4749371"/>
  <node id="3511680104" lat="24.6513613" lon="121.4748924"/>
  <node id="3511680105" lat="24.6514377" lon="121.4748457"/>
  <node id="3511680106" lat="24.6515141" lon="121.4748737"/>
  <node id="3511680107" lat="24.6515395" lon="121.4750605"/>
  <node id="3511680108" lat="24.6515650" lon="121.4752753"/>
  <node id="3511680109" lat="24.6516414" lon="121.4753407"/>
  <node id="3511680110" lat="24.6517348" lon="121.4753034"/>
  <node id="3511680111" lat="24.6517432" lon="121.4752193"/>
  <node id="3511680112" lat="24.6516838" lon="121.4750605"/>
  <node id="3511680113" lat="24.6516414" lon="121.4749111"/>
  <node id="3511680114" lat="24.6516668" lon="121.4747990"/>
  <node id="3511680115" lat="24.6517263" lon="121.4746776"/>
  <node id="3511680116" lat="24.6517857" lon="121.4745375"/>
  <node id="3511680117" lat="24.6518112" lon="121.4743974"/>
  <node id="3511680118" lat="24.6518366" lon="121.4741545"/>
  <node id="3511680119" lat="24.6518281" lon="121.4739958"/>
  <node id="3511680120" lat="24.6517687" lon="121.4737903"/>
  <node id="3511680121" lat="24.6517008" lon="121.4736222"/>
  <node id="3511680122" lat="24.6516499" lon="121.4734821"/>
  <node id="3511680123" lat="24.6516329" lon="121.4733420"/>
  <node id="3511680124" lat="24.6516499" lon="121.4731365"/>
  <node id="3511680125" lat="24.6517432" lon="121.4728936"/>
  <node id="3511680126" lat="24.6518196" lon="121.4727162"/>
  <node id="3511680127" lat="24.6519215" lon="121.4725667"/>
  <node id="3511680128" lat="24.6520404" lon="121.4725200"/>
  <node id="2604701537" lat="24.6521730" lon="121.4725156"/>
  <node id="2604701527" lat="24.6519483" lon="121.4729001"/>
  <node id="2604701525" lat="24.6518983" lon="121.4731373"/>
  <node id="2604701529" lat="24.6519746" lon="121.4734840"/>
  <node id="2604701531" lat="24.6520795" lon="121.4737001"/>
  <node id="2604701532" lat="24.6521629" lon="121.4740826"/>
  <node id="2604701534" lat="24.6521931" lon="121.4744754"/>
  <node id="2604701539" lat="24.6522757" lon="121.4746479"/>
  <node id="2604701544" lat="24.6524247" lon="121.4747288"/>
  <node id="2604701542" lat="24.6523947" lon="121.4744091"/>
  <node id="2604701548" lat="24.6525096" lon="121.4738186"/>
  <node id="2604701546" lat="24.6524281" lon="121.4734606"/>
  <node id="2604701551" lat="24.6526000" lon="121.4730672"/>
  <node id="2604701552" lat="24.6527121" lon="121.4731046"/>
  <node id="2604701549" lat="24.6525973" lon="121.4734817"/>
  <node id="2604701554" lat="24.6528363" lon="121.4744234"/>
  <node id="2604701561" lat="24.6534576" lon="121.4748265"/>
  <node id="2604701564" lat="24.6536667" lon="121.4749056"/>
  <node id="2604701566" lat="24.6539531" lon="121.4749108"/>
  <node id="2604701579" lat="24.6543428" lon="121.4750116"/>
  <node id="2604701584" lat="24.6544849" lon="121.4751387"/>
  <node id="2604701598" lat="24.6547621" lon="121.4756171"/>
  <node id="2604701613" lat="24.6551849" lon="121.4758421"/>
  <node id="2604701605" lat="24.6549325" lon="121.4759611"/>
  <node id="2604701595" lat="24.6547146" lon="121.4763258"/>
  <node id="2604701597" lat="24.6547261" lon="121.4764606"/>
  <node id="7331783496" lat="24.6546692" lon="121.4766803"/>
  <node id="6244739480" lat="24.6546171" lon="121.4768571"/>
  <node id="2604701581" lat="24.6543636" lon="121.4775068"/>
  <node id="2604701574" lat="24.6542616" lon="121.4783554"/>
  <node id="2604701578" lat="24.6542971" lon="121.4785093"/>
  <node id="2604701576" lat="24.6542841" lon="121.4792804"/>
  <node id="2604701582" lat="24.6543655" lon="121.4796595"/>
  <node id="2604701586" lat="24.6544887" lon="121.4798510"/>
  <node id="2604701600" lat="24.6548143" lon="121.4799481"/>
  <node id="2604701608" lat="24.6549988" lon="121.4804682"/>
  <node id="2604701612" lat="24.6551655" lon="121.4806748"/>
  <node id="2604701615" lat="24.6553175" lon="121.4807259"/>
  <node id="2604701618" lat="24.6554741" lon="121.4806967"/>
  <node id="2604701621" lat="24.6558138" lon="121.4810023"/>
  <node id="2604701624" lat="24.6559901" lon="121.4810790"/>
  <node id="2604701639" lat="24.6573306" lon="121.4811582"/>
  <node id="3489004727" lat="24.5927022" lon="121.4400570"/>
  <node id="3489005097" lat="24.5928150" lon="121.4400143"/>
  <node id="5174798598" lat="24.5930409" lon="121.4400431"/>
  <node id="5174798599" lat="24.5931501" lon="121.4400555"/>
  <node id="3489005098" lat="24.5932372" lon="121.4400313"/>
  <node id="3489005099" lat="24.5934304" lon="121.4398029"/>
  <node id="3489005100" lat="24.5935502" lon="121.4395512"/>
  <node id="3489005101" lat="24.5937927" lon="121.4395420"/>
  <node id="3489005102" lat="24.5940958" lon="121.4397785"/>
  <node id="3489005103" lat="24.5944803" lon="121.4396322"/>
  <node id="3489005104" lat="24.5947858" lon="121.4395415"/>
  <node id="4598314861" lat="24.5946794" lon="121.4391545"/>
  <node id="4598314860" lat="24.5946477" lon="121.4385650"/>
  <node id="3489005105" lat="24.5949553" lon="121.4377467"/>
  <node id="3489005106" lat="24.5954767" lon="121.4372688"/>
  <node id="3489005107" lat="24.5958672" lon="121.4373716"/>
  <node id="3489005108" lat="24.5968817" lon="121.4373506"/>
  <node id="3489005109" lat="24.5978378" lon="121.4369751"/>
  <node id="8682648959" lat="24.5982362" lon="121.4366350"/>
  <node id="3489005110" lat="24.5985792" lon="121.4363421"/>
  <node id="3489005111" lat="24.5986072" lon="121.4361493"/>
  <node id="3489005112" lat="24.5981441" lon="121.4357836"/>
  <node id="4598314821" lat="24.5971461" lon="121.4342062"/>
  <node id="4598314822" lat="24.5966285" lon="121.4330678"/>
  <node id="4797473645" lat="24.5962361" lon="121.4326089"/>
  <node id="4598314823" lat="24.5962702" lon="121.4321861"/>
  <node id="4797473646" lat="24.5960560" lon="121.4318898"/>
  <node id="4598314824" lat="24.5960223" lon="121.4317018"/>
  <node id="4797473650" lat="24.5960654" lon="121.4314206"/>
  <node id="4797473649" lat="24.5959608" lon="121.4311575"/>
  <node id="4797473647" lat="24.5960797" lon="121.4308298"/>
  <node id="4797473648" lat="24.5959772" lon="121.4306554"/>
  <node id="4598314825" lat="24.5960223" lon="121.4296691"/>
  <node id="4598314826" lat="24.5966433" lon="121.4290674"/>
  <node id="4598314827" lat="24.5967764" lon="121.4287422"/>
  <node id="4598314828" lat="24.5967468" lon="121.4284332"/>
  <node id="4598314829" lat="24.5966729" lon="121.4279128"/>
  <node id="4598314830" lat="24.5970573" lon="121.4272786"/>
  <node id="4598314831" lat="24.5969095" lon="121.4264005"/>
  <node id="4598314832" lat="24.5969686" lon="121.4259939"/>
  <node id="4725576592" lat="24.5970375" lon="121.4259434"/>
  <node id="4598314833" lat="24.5971904" lon="121.4258313"/>
  <node id="4598314834" lat="24.5973235" lon="121.4260264"/>
  <node id="4598314835" lat="24.5978114" lon="121.4263679"/>
  <node id="4598314836" lat="24.5983437" lon="121.4271485"/>
  <node id="4598314837" lat="24.5985064" lon="121.4275713"/>
  <node id="4598314838" lat="24.5990387" lon="121.4282868"/>
  <node id="4598314839" lat="24.5991865" lon="121.4282380"/>
  <node id="4598314840" lat="24.5995414" lon="121.4278640"/>
  <node id="4598314841" lat="24.5997632" lon="121.4276689"/>
  <node id="4598314842" lat="24.6003251" lon="121.4279291"/>
  <node id="4598314843" lat="24.6006799" lon="121.4284494"/>
  <node id="4598314844" lat="24.6009756" lon="121.4287259"/>
  <node id="4598314845" lat="24.6008869" lon="121.4291487"/>
  <node id="4598314846" lat="24.6013749" lon="121.4299618"/>
  <node id="4598314847" lat="24.6016262" lon="121.4303683"/>
  <node id="4598314848" lat="24.6019668" lon="121.4306458"/>
  <node id="4598314849" lat="24.6021289" lon="121.4305960"/>
  <node id="4598314850" lat="24.6022916" lon="121.4301732"/>
  <node id="4598314851" lat="24.6024690" lon="121.4295715"/>
  <node id="4598314852" lat="24.6026760" lon="121.4292788"/>
  <node id="4797473644" lat="24.6028901" lon="121.4291235"/>
  <node id="4797473643" lat="24.6031411" lon="121.4290990"/>
  <node id="4598314853" lat="24.6033561" lon="121.4289373"/>
  <node id="4598314854" lat="24.6040114" lon="121.4288001"/>
  <node id="4598314855" lat="24.6042285" lon="121.4289428"/>
  <node id="4598314856" lat="24.6044650" lon="121.4289536"/>
  <node id="4598314857" lat="24.6047189" lon="121.4288568"/>
  <node id="4598314858" lat="24.6049973" lon="121.4292138"/>
  <node id="4600855797" lat="24.6052251" lon="121.4295341"/>
  <node id="4600855798" lat="24.6053548" lon="121.4296170"/>
  <node id="4600855799" lat="24.6055935" lon="121.4297414"/>
  <node id="4600855800" lat="24.6057052" lon="121.4299275"/>
  <node id="4600855801" lat="24.6055072" lon="121.4303120"/>
  <node id="4600855802" lat="24.6054730" lon="121.4306518"/>
  <node id="4600855803" lat="24.6054304" lon="121.4307929"/>
  <node id="4600855804" lat="24.6054054" lon="121.4309375"/>
  <node id="4600855805" lat="24.6053244" lon="121.4310735"/>
  <node id="4600855806" lat="24.6054304" lon="121.4312301"/>
  <node id="4600855807" lat="24.6055619" lon="121.4315331"/>
  <node id="4797473642" lat="24.6056449" lon="121.4316216"/>
  <node id="4600855808" lat="24.6057278" lon="121.4316019"/>
  <node id="4600855809" lat="24.6059625" lon="121.4314883"/>
  <node id="4600855810" lat="24.6065478" lon="121.4310029"/>
  <node id="4600855811" lat="24.6068076" lon="121.4310511"/>
  <node id="4600855812" lat="24.6069891" lon="121.4311234"/>
  <node id="4600855813" lat="24.6073114" lon="121.4311544"/>
  <node id="4600855814" lat="24.6075681" lon="121.4310683"/>
  <node id="4600855815" lat="24.6079656" lon="121.4309203"/>
  <node id="4600855816" lat="24.6083599" lon="121.4309341"/>
  <node id="4600855817" lat="24.6087136" lon="121.4310029"/>
  <node id="4600855818" lat="24.6094929" lon="121.4312060"/>
  <node id="4797473641" lat="24.6098217" lon="121.4313390"/>
  <node id="4600855819" lat="24.6099126" lon="121.4315082"/>
  <node id="4600855820" lat="24.6101001" lon="121.4319358"/>
  <node id="4600855821" lat="24.6104194" lon="121.4329577"/>
  <node id="4600855822" lat="24.6106812" lon="121.4332858"/>
  <node id="4600855823" lat="24.6110770" lon="121.4333997"/>
  <node id="4600855824" lat="24.6116614" lon="121.4334466"/>
  <node id="4600855825" lat="24.6118684" lon="121.4334867"/>
  <node id="4600855826" lat="24.6123372" lon="121.4335403"/>
  <node id="4600855827" lat="24.6125747" lon="121.4334198"/>
  <node id="4600855828" lat="24.6128547" lon="121.4329778"/>
  <node id="4600855829" lat="24.6129521" lon="121.4329108"/>
  <node id="4600855830" lat="24.6134270" lon="121.4330180"/>
  <node id="4600855831" lat="24.6135244" lon="121.4329577"/>
  <node id="4600855832" lat="24.6136766" lon="121.4326564"/>
  <node id="4600855833" lat="24.6138288" lon="121.4326564"/>
  <node id="4600855834" lat="24.6141576" lon="121.4326765"/>
  <node id="4600855835" lat="24.6142732" lon="121.4330314"/>
  <node id="4600855836" lat="24.6142124" lon="121.4334332"/>
  <node id="4600855837" lat="24.6141697" lon="121.4339488"/>
  <node id="4600855838" lat="24.6147664" lon="121.4343707"/>
  <node id="4600855839" lat="24.6156309" lon="121.4346452"/>
  <node id="4600855840" lat="24.6160266" lon="121.4345716"/>
  <node id="4600855841" lat="24.6161301" lon="121.4345850"/>
  <node id="4600855842" lat="24.6165075" lon="121.4346586"/>
  <node id="4600855843" lat="24.6169337" lon="121.4345783"/>
  <node id="4600855844" lat="24.6172381" lon="121.4346653"/>
  <node id="4600855845" lat="24.6175181" lon="121.4348060"/>
  <node id="4600855846" lat="24.6177008" lon="121.4353283"/>
  <node id="4600855847" lat="24.6178956" lon="121.4356497"/>
  <node id="4600855848" lat="24.6182061" lon="121.4357837"/>
  <node id="4600855849" lat="24.6187418" lon="121.4359243"/>
  <node id="4600855850" lat="24.6189062" lon="121.4358975"/>
  <node id="4600855851" lat="24.6192349" lon="121.4358975"/>
  <node id="4600855852" lat="24.6194358" lon="121.4359310"/>
  <node id="4600855853" lat="24.6196671" lon="121.4360314"/>
  <node id="4600855854" lat="24.6197585" lon="121.4360381"/>
  <node id="4625557179" lat="24.6200810" lon="121.4362649"/>
  <node id="4625557180" lat="24.6205291" lon="121.4363697"/>
  <node id="4625557181" lat="24.6209717" lon="121.4367394"/>
  <node id="4625557182" lat="24.6214086" lon="121.4367333"/>
  <node id="4625557183" lat="24.6216607" lon="121.4369120"/>
  <node id="4625557184" lat="24.6222937" lon="121.4368195"/>
  <node id="4625557185" lat="24.6228035" lon="121.4369058"/>
  <node id="4625557186" lat="24.6228819" lon="121.4368442"/>
  <node id="4625641985" lat="24.6229116" lon="121.4367364"/>
  <node id="4625641984" lat="24.6228341" lon="121.4364140"/>
  <node id="4625641987" lat="24.6227110" lon="121.4361080"/>
  <node id="4625641986" lat="24.6227496" lon="121.4358762"/>
  <node id="4625641983" lat="24.6230557" lon="121.4358495"/>
  <node id="4625641982" lat="24.6233264" lon="121.4358112"/>
  <node id="4625641981" lat="24.6236010" lon="121.4358878"/>
  <node id="4625641980" lat="24.6238370" lon="121.4358580"/>
  <node id="4625641979" lat="24.6239762" lon="121.4357474"/>
  <node id="4625641978" lat="24.6242701" lon="121.4355858"/>
  <node id="4625641977" lat="24.6244364" lon="121.4357304"/>
  <node id="4625641976" lat="24.6246530" lon="121.4363005"/>
  <node id="4625641975" lat="24.6249701" lon="121.4368366"/>
  <node id="4625641974" lat="24.6252138" lon="121.4366536"/>
  <node id="4625641973" lat="24.6254613" lon="121.4362154"/>
  <node id="4625641972" lat="24.6255851" lon="121.4359729"/>
  <node id="4625641971" lat="24.6257475" lon="121.4353347"/>
  <node id="4625641968" lat="24.6257393" lon="121.4351546"/>
  <node id="4129486266" lat="24.6256417" lon="121.4348328"/>
  <node id="4129486265" lat="24.6252321" lon="121.4345753"/>
  <node id="4129486264" lat="24.6248420" lon="121.4340603"/>
  <node id="4129486263" lat="24.6243153" lon="121.4340603"/>
  <node id="4129486262" lat="24.6238472" lon="121.4343178"/>
  <node id="4129486261" lat="24.6235546" lon="121.4344251"/>
  <node id="4129486260" lat="24.6232815" lon="121.4342320"/>
  <node id="4129486259" lat="24.6229889" lon="121.4341676"/>
  <node id="4625641967" lat="24.6224210" lon="121.4341764"/>
  <node id="4129486258" lat="24.6221111" lon="121.4341247"/>
  <node id="4129486257" lat="24.6219550" lon="121.4339959"/>
  <node id="4129486256" lat="24.6221306" lon="121.4339316"/>
  <node id="4129486255" lat="24.6225090" lon="121.4340281"/>
  <node id="4129486254" lat="24.6228914" lon="121.4339530"/>
  <node id="4129486253" lat="24.6234375" lon="121.4339530"/>
  <node id="4129486252" lat="24.6237301" lon="121.4339959"/>
  <node id="4129486251" lat="24.6239642" lon="121.4339101"/>
  <node id="4129486250" lat="24.6243153" lon="121.4336526"/>
  <node id="4129486249" lat="24.6248615" lon="121.4336097"/>
  <node id="4129486248" lat="24.6253101" lon="121.4337170"/>
  <node id="4129486247" lat="24.6253882" lon="121.4334809"/>
  <node id="4129486246" lat="24.6252516" lon="121.4333307"/>
  <node id="4129486245" lat="24.6250175" lon="121.4332234"/>
  <node id="4129486244" lat="24.6249785" lon="121.4330303"/>
  <node id="4129486243" lat="24.6251346" lon="121.4328801"/>
  <node id="4129486242" lat="24.6254077" lon="121.4330732"/>
  <node id="4129486241" lat="24.6257003" lon="121.4335024"/>
  <node id="4129486240" lat="24.6258563" lon="121.4334595"/>
  <node id="4129486239" lat="24.6257588" lon="121.4329230"/>
  <node id="4129486238" lat="24.6254662" lon="121.4324295"/>
  <node id="4129486237" lat="24.6251151" lon="121.4319574"/>
  <node id="4129486236" lat="24.6248225" lon="121.4317214"/>
  <node id="4129486235" lat="24.6243933" lon="121.4317643"/>
  <node id="4129486234" lat="24.6241008" lon="121.4322579"/>
  <node id="4129486233" lat="24.6233985" lon="121.4332234"/>
  <node id="4129486232" lat="24.6216039" lon="121.4334809"/>
  <node id="4129486231" lat="24.6211553" lon="121.4334809"/>
  <node id="4725576593" lat="24.6210691" lon="121.4334522"/>
  <node id="4129486230" lat="24.6208822" lon="121.4333522"/>
  <node id="4129486229" lat="24.6207066" lon="121.4328587"/>
  <node id="4797475675" lat="24.6207946" lon="121.4327405"/>
  <node id="4113386381" lat="24.6209338" lon="121.4326633"/>
  <node id="4113386380" lat="24.6211291" lon="121.4325512"/>
  <node id="4113386379" lat="24.6212820" lon="121.4323364"/>
  <node id="4113386378" lat="24.6212989" lon="121.4320842"/>
  <node id="4113386377" lat="24.6212989" lon="121.4319161"/>
  <node id="4113386376" lat="24.6213074" lon="121.4317760"/>
  <node id="4113386375" lat="24.6214985" lon="121.4315425"/>
  <node id="4113386374" lat="24.6217532" lon="121.4312063"/>
  <node id="4113386373" lat="24.6217744" lon="121.4310241"/>
  <node id="4113386372" lat="24.6217617" lon="121.4307673"/>
  <node id="4113386371" lat="24.6217744" lon="121.4305571"/>
  <node id="4113386370" lat="24.6217702" lon="121.4299547"/>
  <node id="4113386369" lat="24.6217065" lon="121.4298613"/>
  <node id="4113386368" lat="24.6215749" lon="121.4298053"/>
  <node id="4113386367" lat="24.6214985" lon="121.4297165"/>
  <node id="4113386366" lat="24.6214688" lon="121.4296138"/>
  <node id="4113386365" lat="24.6214772" lon="121.4294690"/>
  <node id="4113386364" lat="24.6215112" lon="121.4293009"/>
  <node id="4113386363" lat="24.6214730" lon="121.4291234"/>
  <node id="4113386362" lat="24.6214730" lon="121.4289226"/>
  <node id="4113386361" lat="24.6214730" lon="121.4286611"/>
  <node id="4113386360" lat="24.6214857" lon="121.4285911"/>
  <node id="4113386359" lat="24.6214730" lon="121.4284229"/>
  <node id="4113386358" lat="24.6214815" lon="121.4282081"/>
  <node id="4113386357" lat="24.6214857" lon="121.4280400"/>
  <node id="4113386356" lat="24.6215112" lon="121.4278579"/>
  <node id="4113386355" lat="24.6214603" lon="121.4277224"/>
  <node id="4113386354" lat="24.6214008" lon="121.4274796"/>
  <node id="4113386353" lat="24.6214178" lon="121.4272274"/>
  <node id="4113386352" lat="24.6215537" lon="121.4268211"/>
  <node id="4113386351" lat="24.6215494" lon="121.4267417"/>
  <node id="4113386350" lat="24.6214730" lon="121.4266810"/>
  <node id="4113386349" lat="24.6213202" lon="121.4265830"/>
  <node id="4695588122" lat="24.6208845" lon="121.4264378"/>
  <node id="4695588123" lat="24.6203968" lon="121.4263520"/>
  <node id="4695588124" lat="24.6195970" lon="121.4266095"/>
  <node id="4695588125" lat="24.6189923" lon="121.4270815"/>
  <node id="4695588126" lat="24.6184656" lon="121.4277682"/>
  <node id="4695588127" lat="24.6180755" lon="121.4282402"/>
  <node id="4695588128" lat="24.6175878" lon="121.4285621"/>
  <node id="4695588129" lat="24.6175980" lon="121.4294078"/>
  <node id="4695588130" lat="24.6178414" lon="121.4298496"/>
  <node id="4695588131" lat="24.6175488" lon="121.4303860"/>
  <node id="4695588132" lat="24.6171391" lon="121.4307293"/>
  <node id="4695588133" lat="24.6166514" lon="121.4307723"/>
  <node id="4695588134" lat="24.6163783" lon="121.4304504"/>
  <node id="4695588135" lat="24.6160467" lon="121.4296565"/>
  <node id="4695588136" lat="24.6157541" lon="121.4293990"/>
  <node id="4695588137" lat="24.6149348" lon="121.4289483"/>
  <node id="4695588138" lat="24.6146031" lon="121.4288411"/>
  <node id="4695588139" lat="24.6144276" lon="121.4285621"/>
  <node id="4695588140" lat="24.6142910" lon="121.4282617"/>
  <node id="4695588148" lat="24.6141666" lon="121.4280547"/>
  <node id="4695588141" lat="24.6139204" lon="121.4281330"/>
  <node id="4695588142" lat="24.6136920" lon="121.4283601"/>
  <node id="4695588180" lat="24.6135266" lon="121.4282630"/>
  <node id="4695588143" lat="24.6134717" lon="121.4280900"/>
  <node id="4695588144" lat="24.6135302" lon="121.4276609"/>
  <node id="4695588145" lat="24.6135497" lon="121.4270386"/>
  <node id="4695588146" lat="24.6134131" lon="121.4266738"/>
  <node id="4695588147" lat="24.6127889" lon="121.4262447"/>
  <node id="4695588149" lat="24.6123894" lon="121.4258438"/>
  <node id="4695588179" lat="24.6122806" lon="121.4258232"/>
  <node id="4695588150" lat="24.6121748" lon="121.4259296"/>
  <node id="4695588151" lat="24.6121358" lon="121.4262730"/>
  <node id="4695588152" lat="24.6116481" lon="121.4269167"/>
  <node id="4695588153" lat="24.6112970" lon="121.4274317"/>
  <node id="4695588154" lat="24.6111604" lon="121.4275819"/>
  <node id="4695588178" lat="24.6110469" lon="121.4275288"/>
  <node id="4695588155" lat="24.6110043" lon="121.4273459"/>
  <node id="4695588156" lat="24.6112189" lon="121.4263159"/>
  <node id="4695588157" lat="24.6111214" lon="121.4253074"/>
  <node id="4695588158" lat="24.6109263" lon="121.4248353"/>
  <node id="4695588159" lat="24.6106922" lon="121.4243632"/>
  <node id="4695588160" lat="24.6100874" lon="121.4244491"/>
  <node id="4695588161" lat="24.6095217" lon="121.4248353"/>
  <node id="4695588162" lat="24.6090340" lon="121.4247924"/>
  <node id="4695588163" lat="24.6082341" lon="121.4248353"/>
  <node id="4695588164" lat="24.6075513" lon="121.4250070"/>
  <node id="4695588165" lat="24.6069465" lon="121.4250928"/>
  <node id="4695588166" lat="24.6062637" lon="121.4250713"/>
  <node id="4695588167" lat="24.6056980" lon="121.4251143"/>
  <node id="4695588176" lat="24.6056302" lon="121.4248492"/>
  <node id="4695588168" lat="24.6056589" lon="121.4245993"/>
  <node id="4695588169" lat="24.6061467" lon="121.4239341"/>
  <node id="4695588170" lat="24.6061467" lon="121.4234835"/>
  <node id="4695588177" lat="24.6061971" lon="121.4232349"/>
  <node id="4695588171" lat="24.6063027" lon="121.4229256"/>
  <node id="4695588172" lat="24.6071050" lon="121.4230114"/>
  <node id="4695588173" lat="24.6081171" lon="121.4229256"/>
  <node id="4695588174" lat="24.6090340" lon="121.4224106"/>
  <node id="4695588175" lat="24.6103947" lon="121.4213217"/>
  <node id="4797491788" lat="24.6105837" lon="121.4210927"/>
  <node id="4797491785" lat="24.6107579" lon="121.4209227"/>
  <node id="4797491786" lat="24.6108652" lon="121.4208261"/>
  <node id="4797491787" lat="24.6110067" lon="121.4204292"/>
  <node id="10213354856" lat="24.6540241" lon="121.4084124"/>
  <node id="3105423476" lat="24.6539767" lon="121.4085415"/>
  <node id="12032716785" lat="24.6539149" lon="121.4086246"/>
  <node id="3105423474" lat="24.6538295" lon="121.4086850"/>
  <node id="300590639" lat="24.6536303" lon="121.4087755"/>
  <node id="4443530530" lat="24.6535427" lon="121.4088709"/>
  <node id="3105423472" lat="24.6534541" lon="121.4090605"/>
  <node id="300590640" lat="24.6533434" lon="121.4092605"/>
  <node id="4443530529" lat="24.6533081" lon="121.4094430"/>
  <node id="3105423471" lat="24.6532744" lon="121.4097103"/>
  <node id="3105423468" lat="24.6532335" lon="121.4098403"/>
  <node id="9444475949" lat="24.6531805" lon="121.4099034"/>
  <node id="3105423466" lat="24.6531305" lon="121.4099316"/>
  <node id="12032716786" lat="24.6530452" lon="121.4099483"/>
  <node id="300590641" lat="24.6529369" lon="121.4099338"/>
  <node id="300590642" lat="24.6526840" lon="121.4098667"/>
  <node id="3105423453" lat="24.6524682" lon="121.4097722"/>
  <node id="4446676772" lat="24.6522751" lon="121.4097205"/>
  <node id="3105423450" lat="24.6522031" lon="121.4096729"/>
  <node id="12032716787" lat="24.6520604" lon="121.4095245"/>
  <node id="3105423449" lat="24.6519831" lon="121.4094751"/>
  <node id="300590643" lat="24.6518984" lon="121.4094577"/>
  <node id="3105423445" lat="24.6517235" lon="121.4094778"/>
  <node id="3105423442" lat="24.6515827" lon="121.4095221"/>
  <node id="3105423436" lat="24.6514358" lon="121.4095951"/>
  <node id="3105423430" lat="24.6513535" lon="121.4096300"/>
  <node id="3105423428" lat="24.6512848" lon="121.4096412"/>
  <node id="3105423422" lat="24.6510184" lon="121.4096070"/>
  <node id="300590644" lat="24.6507349" lon="121.4095989"/>
  <node id="3105423405" lat="24.6506027" lon="121.4096117"/>
  <node id="300590645" lat="24.6505003" lon="121.4096579"/>
  <node id="3105423400" lat="24.6503999" lon="121.4097058"/>
  <node id="3105423397" lat="24.6503052" lon="121.4097907"/>
  <node id="3105423395" lat="24.6502464" lon="121.4098967"/>
  <node id="3105423393" lat="24.6501097" lon="121.4104257"/>
  <node id="3105423392" lat="24.6500753" lon="121.4105022"/>
  <node id="3105423391" lat="24.6500530" lon="121.4105358"/>
  <node id="3105423388" lat="24.6499466" lon="121.4106095"/>
  <node id="12032716788" lat="24.6498718" lon="121.4106537"/>
  <node id="300590647" lat="24.6497613" lon="121.4106772"/>
  <node id="3105423372" lat="24.6494617" lon="121.4106967"/>
  <node id="3105423367" lat="24.6493863" lon="121.4107210"/>
  <node id="3105423353" lat="24.6491445" lon="121.4108610"/>
  <node id="300590649" lat="24.6490316" lon="121.4110086"/>
  <node id="12032716789" lat="24.6490034" lon="121.4111037"/>
  <node id="3105423345" lat="24.6489944" lon="121.4111770"/>
  <node id="3105423342" lat="24.6490213" lon="121.4114647"/>
  <node id="3105423343" lat="24.6490121" lon="121.4115820"/>
  <node id="3105423344" lat="24.6489597" lon="121.4118200"/>
  <node id="3105423341" lat="24.6489231" lon="121.4119145"/>
  <node id="300590653" lat="24.6487449" lon="121.4122563"/>
  <node id="300590659" lat="24.6482893" lon="121.4129372"/>
  <node id="3105423318" lat="24.6482582" lon="121.4130888"/>
  <node id="3105423314" lat="24.6481467" lon="121.4138826"/>
  <node id="4446676771" lat="24.6481150" lon="121.4139524"/>
  <node id="300590660" lat="24.6480513" lon="121.4140186"/>
  <node id="3105423308" lat="24.6478706" lon="121.4141154"/>
  <node id="3105423302" lat="24.6477847" lon="121.4141824"/>
  <node id="3105423290" lat="24.6476439" lon="121.4143393"/>
  <node id="3105423288" lat="24.6474732" lon="121.4146437"/>
  <node id="3105423252" lat="24.6470547" lon="121.4151049"/>
  <node id="3105423245" lat="24.6469688" lon="121.4151478"/>
  <node id="3105423243" lat="24.6469130" lon="121.4151605"/>
  <node id="4446851931" lat="24.6468206" lon="121.4151721"/>
  <node id="4446851929" lat="24.6467151" lon="121.4151668"/>
  <node id="300590663" lat="24.6465774" lon="121.4151574"/>
  <node id="4446851927" lat="24.6464713" lon="121.4151553"/>
  <node id="3105423216" lat="24.6463763" lon="121.4151640"/>
  <node id="3105423210" lat="24.6462921" lon="121.4152210"/>
  <node id="300590665" lat="24.6461727" lon="121.4153297"/>
  <node id="3105423202" lat="24.6461093" lon="121.4154323"/>
  <node id="4446851925" lat="24.6460423" lon="121.4157501"/>
  <node id="4446851924" lat="24.6460234" lon="121.4158514"/>
  <node id="300590666" lat="24.6458698" lon="121.4162967"/>
  <node id="3105423177" lat="24.6458217" lon="121.4163751"/>
  <node id="4446851922" lat="24.6457882" lon="121.4164099"/>
  <node id="3105423174" lat="24.6457243" lon="121.4164782"/>
  <node id="300590667" lat="24.6456656" lon="121.4165226"/>
  <node id="4446851921" lat="24.6456315" lon="121.4165421"/>
  <node id="4446851920" lat="24.6455779" lon="121.4165528"/>
  <node id="4446851919" lat="24.6454633" lon="121.4165669"/>
  <node id="4446851918" lat="24.6453694" lon="121.4165776"/>
  <node id="4446851917" lat="24.6453420" lon="121.4165803"/>
  <node id="3105423151" lat="24.6452823" lon="121.4166092"/>
  <node id="300590669" lat="24.6452384" lon="121.4166702"/>
  <node id="3105423138" lat="24.6451885" lon="121.4167988"/>
  <node id="4446851916" lat="24.6451573" lon="121.4168981"/>
  <node id="4446851915" lat="24.6451232" lon="121.4170188"/>
  <node id="4446851914" lat="24.6450866" lon="121.4171100"/>
  <node id="3105423131" lat="24.6450562" lon="121.4171811"/>
  <node id="3105423128" lat="24.6450245" lon="121.4172267"/>
  <node id="4446851913" lat="24.6449379" lon="121.4173259"/>
  <node id="300590671" lat="24.6448556" lon="121.4173917"/>
  <node id="4446851912" lat="24.6448033" lon="121.4174540"/>
  <node id="4446851911" lat="24.6446490" lon="121.4177430"/>
  <node id="3105423094" lat="24.6445466" lon="121.4179107"/>
  <node id="300590672" lat="24.6444576" lon="121.4180119"/>
  <node id="4446851909" lat="24.6443357" lon="121.4181226"/>
  <node id="4446851908" lat="24.6442523" lon="121.4181769"/>
  <node id="3105423066" lat="24.6440810" lon="121.4182587"/>
  <node id="3105423064" lat="24.6438994" lon="121.4183271"/>
  <node id="3105423061" lat="24.6437568" lon="121.4183284"/>
  <node id="300590673" lat="24.6436227" lon="121.4183264"/>
  <node id="4446851906" lat="24.6433649" lon="121.4183171"/>
  <node id="3105423037" lat="24.6432350" lon="121.4183223"/>
  <node id="4446851903" lat="24.6428998" lon="121.4182936"/>
  <node id="4446851902" lat="24.6428047" lon="121.4183002"/>
  <node id="4446851901" lat="24.6426719" lon="121.4183204"/>
  <node id="4446851900" lat="24.6425586" lon="121.4183358"/>
  <node id="300590689" lat="24.6424336" lon="121.4183291"/>
  <node id="3105422620" lat="24.6422483" lon="121.4182802"/>
  <node id="3105422619" lat="24.6421209" lon="121.4182754"/>
  <node id="3105422618" lat="24.6420721" lon="121.4182768"/>
  <node id="1984505627" lat="24.6419875" lon="121.4183036"/>
  <node id="3105422616" lat="24.6418960" lon="121.4183941"/>
  <node id="300590690" lat="24.6418278" lon="121.4184967"/>
  <node id="3105422612" lat="24.6417717" lon="121.4186188"/>
  <node id="3105422613" lat="24.6417518" lon="121.4187466"/>
  <node id="4446851897" lat="24.6417772" lon="121.4188447"/>
  <node id="300590691" lat="24.6418284" lon="121.4189131"/>
  <node id="300590692" lat="24.6418966" lon="121.4189795"/>
  <node id="3105422617" lat="24.6420167" lon="121.4190419"/>
  <node id="300590694" lat="24.6422429" lon="121.4190412"/>
  <node id="4446851898" lat="24.6423440" lon="121.4190198"/>
  <node id="4446851899" lat="24.6425025" lon="121.4189701"/>
  <node id="3105423029" lat="24.6426621" lon="121.4189513"/>
  <node id="300590695" lat="24.6427913" lon="121.4189620"/>
  <node id="4446851904" lat="24.6428871" lon="121.4189782"/>
  <node id="3105423047" lat="24.6429913" lon="121.4190258"/>
  <node id="4446851905" lat="24.6431619" lon="121.4191251"/>
  <node id="12032716790" lat="24.6434993" lon="121.4191959"/>
  <node id="12032716791" lat="24.6436279" lon="121.4192415"/>
  <node id="3105423063" lat="24.6438586" lon="121.4193678"/>
  <node id="4446851907" lat="24.6442139" lon="121.4194811"/>
  <node id="4446851910" lat="24.6443260" lon="121.4195139"/>
  <node id="300590699" lat="24.6448203" lon="121.4197238"/>
  <node id="3105423125" lat="24.6449684" lon="121.4197835"/>
  <node id="300590700" lat="24.6450677" lon="121.4197768"/>
  <node id="3105423143" lat="24.6451879" lon="121.4197183"/>
  <node id="3105423158" lat="24.6453317" lon="121.4196488"/>
  <node id="3105423166" lat="24.6455395" lon="121.4195897"/>
  <node id="300590701" lat="24.6457010" lon="121.4195636"/>
  <node id="3105423182" lat="24.6457936" lon="121.4195683"/>
  <node id="4446851926" lat="24.6461569" lon="121.4196950"/>
  <node id="3105423219" lat="24.6463368" lon="121.4197484"/>
  <node id="3105423224" lat="24.6464274" lon="121.4197853"/>
  <node id="4446851928" lat="24.6465067" lon="121.4198338"/>
  <node id="3105423229" lat="24.6465871" lon="121.4199223"/>
  <node id="300590702" lat="24.6466694" lon="121.4199645"/>
  <node id="4446851930" lat="24.6468730" lon="121.4200122"/>
  <node id="3105423244" lat="24.6469466" lon="121.4200381"/>
  <node id="3105423246" lat="24.6470115" lon="121.4200971"/>
  <node id="3105423250" lat="24.6470588" lon="121.4201896"/>
  <node id="3105423253" lat="24.6470978" lon="121.4204004"/>
  <node id="3105423255" lat="24.6471465" lon="121.4205135"/>
  <node id="3105423263" lat="24.6472072" lon="121.4206080"/>
  <node id="3105423268" lat="24.6473051" lon="121.4207160"/>
  <node id="300590703" lat="24.6473814" lon="121.4207770"/>
  <node id="3105423278" lat="24.6474580" lon="121.4208141"/>
  <node id="300590712" lat="24.6475993" lon="121.4208021"/>
  <node id="3105423303" lat="24.6480077" lon="121.4207290"/>
  <node id="300590722" lat="24.6481445" lon="121.4207194"/>
  <node id="3105423317" lat="24.6482664" lon="121.4207455"/>
  <node id="3105423319" lat="24.6483499" lon="121.4207776"/>
  <node id="300590724" lat="24.6484078" lon="121.4208601"/>
  <node id="3105423332" lat="24.6486104" lon="121.4211575"/>
  <node id="3105423333" lat="24.6487122" lon="121.4212849"/>
  <node id="300590727" lat="24.6488092" lon="121.4213875"/>
  <node id="3105423340" lat="24.6489030" lon="121.4214083"/>
  <node id="3105423363" lat="24.6492407" lon="121.4213795"/>
  <node id="1984505676" lat="24.6493534" lon="121.4213929"/>
  <node id="1984505684" lat="24.6494204" lon="121.4214472"/>
  <node id="3105423369" lat="24.6494460" lon="121.4215297"/>
  <node id="3105423370" lat="24.6494406" lon="121.4215900"/>
  <node id="3105423368" lat="24.6494107" lon="121.4216490"/>
  <node id="1984505673" lat="24.6492443" lon="121.4218481"/>
  <node id="3105423362" lat="24.6492131" lon="121.4219123"/>
  <node id="3105423358" lat="24.6491635" lon="121.4220169"/>
  <node id="3105423354" lat="24.6491432" lon="121.4221201"/>
  <node id="3105423355" lat="24.6491432" lon="121.4223858"/>
  <node id="300590728" lat="24.6491669" lon="121.4226924"/>
  <node id="3105423364" lat="24.6492102" lon="121.4227930"/>
  <node id="3105423366" lat="24.6493363" lon="121.4229043"/>
  <node id="300590729" lat="24.6495379" lon="121.4231193"/>
  <node id="3105423381" lat="24.6496622" lon="121.4232567"/>
  <node id="3105423384" lat="24.6497617" lon="121.4234213"/>
  <node id="1984505686" lat="24.6498439" lon="121.4234693"/>
  <node id="3105423403" lat="24.6503938" lon="121.4234029"/>
  <node id="1984505703" lat="24.6505538" lon="121.4233929"/>
  <node id="3105423410" lat="24.6507204" lon="121.4234357"/>
  <node id="3105423415" lat="24.6508750" lon="121.4235042"/>
  <node id="1984505722" lat="24.6508862" lon="121.4235760"/>
  <node id="3105423416" lat="24.6508647" lon="121.4236256"/>
  <node id="1984505709" lat="24.6506873" lon="121.4237382"/>
  <node id="1984505692" lat="24.6504656" lon="121.4237934"/>
  <node id="3105423389" lat="24.6500345" lon="121.4241117"/>
  <node id="1984505677" lat="24.6498787" lon="121.4241689"/>
  <node id="3105423365" lat="24.6493955" lon="121.4241901"/>
  <node id="3105423356" lat="24.6491725" lon="121.4242096"/>
  <node id="3105423348" lat="24.6490081" lon="121.4243638"/>
  <node id="1984505671" lat="24.6489587" lon="121.4244316"/>
  <node id="3105423336" lat="24.6489267" lon="121.4245369"/>
  <node id="3105423338" lat="24.6489244" lon="121.4246468"/>
  <node id="3105423346" lat="24.6489497" lon="121.4248051"/>
  <node id="3105423349" lat="24.6490203" lon="121.4250358"/>
  <node id="1984505675" lat="24.6490686" lon="121.4250981"/>
  <node id="9444475950" lat="24.6491302" lon="121.4251309"/>
  <node id="3105423385" lat="24.6496776" lon="121.4251748"/>
  <node id="4446660520" lat="24.6499104" lon="121.4251527"/>
  <node id="300590730" lat="24.6501231" lon="121.4252543"/>
  <node id="3105423408" lat="24.6506332" lon="121.4254215"/>
  <node id="3105423409" lat="24.6507350" lon="121.4254705"/>
  <node id="1984505715" lat="24.6508063" lon="121.4255483"/>
  <node id="4446660521" lat="24.6508319" lon="121.4256106"/>
  <node id="3105423413" lat="24.6508258" lon="121.4259526"/>
  <node id="12032716792" lat="24.6508396" lon="121.4260034"/>
  <node id="3105423417" lat="24.6508701" lon="121.4260375"/>
  <node id="300590731" lat="24.6509178" lon="121.4260805"/>
  <node id="1984505740" lat="24.6511999" lon="121.4261026"/>
  <node id="3105423433" lat="24.6512851" lon="121.4261335"/>
  <node id="300590732" lat="24.6513114" lon="121.4261858"/>
  <node id="3105423434" lat="24.6513114" lon="121.4262662"/>
  <node id="3105423432" lat="24.6512879" lon="121.4263372"/>
  <node id="4446660522" lat="24.6510708" lon="121.4265877"/>
  <node id="300590734" lat="24.6508971" lon="121.4267982"/>
  <node id="3105423421" lat="24.6508708" lon="121.4268697"/>
  <node id="12032716793" lat="24.6509097" lon="121.4270293"/>
  <node id="3105423419" lat="24.6508956" lon="121.4273277"/>
  <node id="3105423418" lat="24.6508491" lon="121.4275496"/>
  <node id="300590737" lat="24.6508308" lon="121.4277220"/>
  <node id="3105423420" lat="24.6508749" lon="121.4278320"/>
  <node id="3105423423" lat="24.6509220" lon="121.4279097"/>
  <node id="1984505727" lat="24.6509729" lon="121.4279433"/>
  <node id="3105423440" lat="24.6513605" lon="121.4280720"/>
  <node id="3105423446" lat="24.6515375" lon="121.4281766"/>
  <node id="12032716794" lat="24.6516021" lon="121.4282370"/>
  <node id="300590739" lat="24.6516511" lon="121.4283221"/>
  <node id="3105423448" lat="24.6516432" lon="121.4283999"/>
  <node id="3105423447" lat="24.6516065" lon="121.4284471"/>
  <node id="3105423443" lat="24.6515468" lon="121.4284820"/>
  <node id="3105423438" lat="24.6512504" lon="121.4285004"/>
  <node id="300590740" lat="24.6511902" lon="121.4285309"/>
  <node id="3105423426" lat="24.6510166" lon="121.4287426"/>
  <node id="3105423424" lat="24.6508994" lon="121.4288110"/>
  <node id="3105423412" lat="24.6507785" lon="121.4288465"/>
  <node id="300590741" lat="24.6505665" lon="121.4288391"/>
  <node id="3105423401" lat="24.6503553" lon="121.4288253"/>
  <node id="3105423399" lat="24.6502998" lon="121.4287910"/>
  <node id="3105423390" lat="24.6502130" lon="121.4287244"/>
  <node id="3105423387" lat="24.6500074" lon="121.4285990"/>
  <node id="3105423386" lat="24.6499383" lon="121.4285508"/>
  <node id="300590742" lat="24.6498625" lon="121.4284731"/>
  <node id="12032716795" lat="24.6498304" lon="121.4283590"/>
  <node id="300590743" lat="24.6497969" lon="121.4283007"/>
  <node id="3105423382" lat="24.6497266" lon="121.4282511"/>
  <node id="3105423378" lat="24.6496458" lon="121.4282316"/>
  <node id="300590753" lat="24.6495872" lon="121.4282477"/>
  <node id="3105423374" lat="24.6495282" lon="121.4283088"/>
  <node id="3105423371" lat="24.6493382" lon="121.4286883"/>
  <node id="300590752" lat="24.6492802" lon="121.4288726"/>
  <node id="3105423359" lat="24.6491653" lon="121.4291207"/>
  <node id="3105423350" lat="24.6490999" lon="121.4294989"/>
  <node id="3105423351" lat="24.6490731" lon="121.4296809"/>
  <node id="3105423361" lat="24.6491325" lon="121.4300589"/>
  <node id="3105423360" lat="24.6491647" lon="121.4302064"/>
  <node id="3105423352" lat="24.6491456" lon="121.4302627"/>
  <node id="300590754" lat="24.6490968" lon="121.4302958"/>
  <node id="300590755" lat="24.6489329" lon="121.4303072"/>
  <node id="12032716796" lat="24.6487413" lon="121.4302701"/>
  <node id="3105423335" lat="24.6486330" lon="121.4301684"/>
  <node id="12032716797" lat="24.6484049" lon="121.4298644"/>
  <node id="3105423312" lat="24.6483466" lon="121.4298249"/>
  <node id="12032716798" lat="24.6481306" lon="121.4297799"/>
  <node id="300590758" lat="24.6479640" lon="121.4296827"/>
  <node id="3105423285" lat="24.6475547" lon="121.4293387"/>
  <node id="3105423277" lat="24.6474683" lon="121.4292616"/>
  <node id="300590759" lat="24.6473952" lon="121.4292148"/>
  <node id="12032716799" lat="24.6473006" lon="121.4291838"/>
  <node id="3105423269" lat="24.6472314" lon="121.4292012"/>
  <node id="300590760" lat="24.6471444" lon="121.4292589"/>
  <node id="3105423256" lat="24.6470818" lon="121.4293728"/>
  <node id="3105423254" lat="24.6470787" lon="121.4294600"/>
  <node id="300590761" lat="24.6471324" lon="121.4295472"/>
  <node id="12032716800" lat="24.6471951" lon="121.4296693"/>
  <node id="3105423264" lat="24.6472018" lon="121.4297820"/>
  <node id="3105423265" lat="24.6471903" lon="121.4298590"/>
  <node id="3105423258" lat="24.6471326" lon="121.4300142"/>
  <node id="3105423259" lat="24.6471361" lon="121.4301556"/>
  <node id="300590763" lat="24.6471840" lon="121.4302970"/>
  <node id="3105423279" lat="24.6474512" lon="121.4308601"/>
  <node id="3105423282" lat="24.6474770" lon="121.4309976"/>
  <node id="3105423283" lat="24.6474770" lon="121.4311746"/>
  <node id="300590764" lat="24.6474567" lon="121.4313591"/>
  <node id="9444475951" lat="24.6473768" lon="121.4315475"/>
  <node id="3105423280" lat="24.6473751" lon="121.4316159"/>
  <node id="9444475952" lat="24.6474115" lon="121.4316752"/>
  <node id="3105423284" lat="24.6474551" lon="121.4317077"/>
  <node id="300590765" lat="24.6477656" lon="121.4317191"/>
  <node id="3105423292" lat="24.6478436" lon="121.4317574"/>
  <node id="3105423299" lat="24.6478826" lon="121.4318137"/>
  <node id="4446660518" lat="24.6479246" lon="121.4319170"/>
  <node id="12032716801" lat="24.6479393" lon="121.4320725"/>
  <node id="3105423306" lat="24.6479775" lon="121.4322045"/>
  <node id="3105423309" lat="24.6480271" lon="121.4322777"/>
  <node id="3105423315" lat="24.6481143" lon="121.4323501"/>
  <node id="300590767" lat="24.6483360" lon="121.4324748"/>
  <node id="3105423321" lat="24.6484280" lon="121.4325660"/>
  <node id="3105423324" lat="24.6484689" lon="121.4326345"/>
  <node id="3105423327" lat="24.6484817" lon="121.4327471"/>
  <node id="300590769" lat="24.6484587" lon="121.4328476"/>
  <node id="300590768" lat="24.6484075" lon="121.4329070"/>
  <node id="12032716802" lat="24.6479911" lon="121.4331789"/>
  <node id="3105423307" lat="24.6478931" lon="121.4332844"/>
  <node id="3105423296" lat="24.6478600" lon="121.4334679"/>
  <node id="3105423293" lat="24.6477907" lon="121.4335994"/>
  <node id="300590770" lat="24.6476395" lon="121.4336879"/>
  <node id="3105423281" lat="24.6474141" lon="121.4337451"/>
  <node id="3105423261" lat="24.6470923" lon="121.4339389"/>
  <node id="3105423251" lat="24.6469272" lon="121.4340932"/>
  <node id="300590771" lat="24.6468690" lon="121.4342129"/>
  <node id="3105423239" lat="24.6467976" lon="121.4342961"/>
  <node id="3105423230" lat="24.6464400" lon="121.4344120"/>
  <node id="3105423198" lat="24.6460802" lon="121.4344349"/>
  <node id="300590772" lat="24.6458442" lon="121.4345442"/>
  <node id="3105423171" lat="24.6456483" lon="121.4346420"/>
  <node id="3105423162" lat="24.6455347" lon="121.4348439"/>
  <node id="3105423154" lat="24.6453871" lon="121.4349633"/>
  <node id="4955852409" lat="24.6452988" lon="121.4350947"/>
  <node id="3105423152" lat="24.6452566" lon="121.4352657"/>
  <node id="300590774" lat="24.6452384" lon="121.4353904"/>
  <node id="3105423156" lat="24.6452999" lon="121.4355513"/>
  <node id="300590775" lat="24.6453818" lon="121.4356532"/>
  <node id="3105423170" lat="24.6454691" lon="121.4357096"/>
  <node id="3105423180" lat="24.6457528" lon="121.4357968"/>
  <node id="12032716803" lat="24.6458196" lon="121.4358605"/>
  <node id="12032716804" lat="24.6458915" lon="121.4359564"/>
  <node id="3105423203" lat="24.6461513" lon="121.4361763"/>
  <node id="3105423206" lat="24.6461870" lon="121.4362406"/>
  <node id="3105423207" lat="24.6461737" lon="121.4364117"/>
  <node id="300590778" lat="24.6461590" lon="121.4364727"/>
  <node id="12032716805" lat="24.6461213" lon="121.4365324"/>
  <node id="12032716806" lat="24.6460420" lon="121.4366001"/>
  <node id="300590779" lat="24.6459670" lon="121.4367161"/>
  <node id="300590781" lat="24.6458958" lon="121.4368878"/>
  <node id="3105423183" lat="24.6458530" lon="121.4370346"/>
  <node id="3105423184" lat="24.6458201" lon="121.4371633"/>
  <node id="3105423185" lat="24.6458282" lon="121.4372244"/>
  <node id="3105423190" lat="24.6458784" lon="121.4372633"/>
  <node id="300590782" lat="24.6460243" lon="121.4373438"/>
  <node id="300590783" lat="24.6461811" lon="121.4373726"/>
  <node id="3105423211" lat="24.6462751" lon="121.4373470"/>
  <node id="3105423220" lat="24.6463856" lon="121.4372727"/>
  <node id="3105423226" lat="24.6464629" lon="121.4372700"/>
  <node id="300590786" lat="24.6465318" lon="121.4373035"/>
  <node id="12032716807" lat="24.6466484" lon="121.4374061"/>
  <node id="3105423260" lat="24.6469594" lon="121.4375438"/>
  <node id="300590791" lat="24.6471862" lon="121.4376718"/>
  <node id="3105423276" lat="24.6473202" lon="121.4376994"/>
  <node id="3105423286" lat="24.6474817" lon="121.4376940"/>
  <node id="3105423294" lat="24.6476189" lon="121.4376584"/>
  <node id="1984505664" lat="24.6478231" lon="121.4375948"/>
  <node id="3105423310" lat="24.6479443" lon="121.4375806"/>
  <node id="3105423316" lat="24.6481053" lon="121.4375912"/>
  <node id="1984505667" lat="24.6482624" lon="121.4376397"/>
  <node id="3105423325" lat="24.6484263" lon="121.4377293"/>
  <node id="3105423328" lat="24.6485032" lon="121.4377899"/>
  <node id="1984505669" lat="24.6485396" lon="121.4378641"/>
  <node id="3105423329" lat="24.6485263" lon="121.4380112"/>
  <node id="3105423326" lat="24.6484758" lon="121.4380675"/>
  <node id="3105423322" lat="24.6483746" lon="121.4381084"/>
  <node id="1984505665" lat="24.6482783" lon="121.4381325"/>
  <node id="4446660519" lat="24.6480741" lon="121.4381178"/>
  <node id="3105423311" lat="24.6480351" lon="121.4381218"/>
  <node id="3105423301" lat="24.6479303" lon="121.4381225"/>
  <node id="3105423297" lat="24.6478815" lon="121.4381667"/>
  <node id="12032716808" lat="24.6477357" lon="121.4384562"/>
  <node id="3105423291" lat="24.6476701" lon="121.4385167"/>
  <node id="3105423289" lat="24.6475634" lon="121.4385456"/>
  <node id="1984505662" lat="24.6474890" lon="121.4385235"/>
  <node id="3105423287" lat="24.6474135" lon="121.4385094"/>
  <node id="3105423273" lat="24.6473160" lon="121.4385288"/>
  <node id="12032716809" lat="24.6472110" lon="121.4386024"/>
  <node id="3105423257" lat="24.6471131" lon="121.4386388"/>
  <node id="12032716810" lat="24.6470464" lon="121.4386258"/>
  <node id="3105423249" lat="24.6469260" lon="121.4385778"/>
  <node id="3105423241" lat="24.6468479" lon="121.4385534"/>
  <node id="3105423240" lat="24.6467916" lon="121.4385836"/>
  <node id="3105423235" lat="24.6467430" lon="121.4386345"/>
  <node id="300590792" lat="24.6467101" lon="121.4387351"/>
  <node id="300590793" lat="24.6466744" lon="121.4390543"/>
  <node id="3105423232" lat="24.6466616" lon="121.4391756"/>
  <node id="3105423237" lat="24.6467462" lon="121.4394177"/>
  <node id="3105423238" lat="24.6467633" lon="121.4395143"/>
  <node id="300590794" lat="24.6467497" lon="121.4395659"/>
  <node id="3105423231" lat="24.6466962" lon="121.4396249"/>
  <node id="3105423218" lat="24.6463610" lon="121.4398348"/>
  <node id="3105423217" lat="24.6462773" lon="121.4399086"/>
  <node id="3105423214" lat="24.6462510" lon="121.4399945"/>
  <node id="12032716811" lat="24.6462895" lon="121.4401118"/>
  <node id="3105423215" lat="24.6462979" lon="121.4401882"/>
  <node id="3105423213" lat="24.6462826" lon="121.4402486"/>
  <node id="3105423208" lat="24.6462554" lon="121.4403003"/>
  <node id="300590795" lat="24.6460337" lon="121.4405409"/>
  <node id="3105423191" lat="24.6459658" lon="121.4406026"/>
  <node id="3105423186" lat="24.6459087" lon="121.4406113"/>
  <node id="12032716812" lat="24.6458336" lon="121.4406073"/>
  <node id="3105423172" lat="24.6457345" lon="121.4405637"/>
  <node id="12032716813" lat="24.6456751" lon="121.4405624"/>
  <node id="300590796" lat="24.6456130" lon="121.4405952"/>
  <node id="3105423167" lat="24.6455754" lon="121.4406549"/>
  <node id="3105423165" lat="24.6455557" lon="121.4407797"/>
  <node id="12032716814" lat="24.6455575" lon="121.4408695"/>
  <node id="3105423163" lat="24.6455420" lon="121.4409661"/>
  <node id="3105423160" lat="24.6455119" lon="121.4410177"/>
  <node id="3105423159" lat="24.6454572" lon="121.4410736"/>
  <node id="12032716815" lat="24.6453826" lon="121.4411035"/>
  <node id="3105423153" lat="24.6453090" lon="121.4411518"/>
  <node id="3105423147" lat="24.6452440" lon="121.4412349"/>
  <node id="3105423148" lat="24.6452213" lon="121.4413049"/>
  <node id="3105423150" lat="24.6452622" lon="121.4414035"/>
  <node id="12032716816" lat="24.6452735" lon="121.4414710"/>
  <node id="3105423149" lat="24.6452646" lon="121.4415657"/>
  <node id="3105423140" lat="24.6452104" lon="121.4416751"/>
  <node id="300590797" lat="24.6451189" lon="121.4418038"/>
  <node id="3105423129" lat="24.6449343" lon="121.4419936"/>
  <node id="3105423109" lat="24.6447429" lon="121.4421123"/>
  <node id="300590799" lat="24.6446686" lon="121.4421746"/>
  <node id="3105423097" lat="24.6446052" lon="121.4422973"/>
  <node id="3105423098" lat="24.6445308" lon="121.4424422"/>
  <node id="3105423101" lat="24.6445203" lon="121.4425271"/>
  <node id="3105423104" lat="24.6445522" lon="121.4425547"/>
  <node id="300590802" lat="24.6446434" lon="121.4425660"/>
  <node id="300590803" lat="24.6448508" lon="121.4425240"/>
  <node id="3105423132" lat="24.6449971" lon="121.4424918"/>
  <node id="3105423139" lat="24.6451640" lon="121.4425374"/>
  <node id="300590804" lat="24.6453518" lon="121.4426192"/>
  <node id="3105423161" lat="24.6455321" lon="121.4427272"/>
  <node id="12032716817" lat="24.6456751" lon="121.4428724"/>
  <node id="1984505644" lat="24.6458521" lon="121.4430772"/>
  <node id="12032716818" lat="24.6459500" lon="121.4431494"/>
  <node id="1984505648" lat="24.6460935" lon="121.4432904"/>
  <node id="12032716819" lat="24.6462212" lon="121.4434397"/>
  <node id="4446641841" lat="24.6463513" lon="121.4435533"/>
  <node id="1984505652" lat="24.6464951" lon="121.4436579"/>
  <node id="3105423233" lat="24.6466207" lon="121.4436974"/>
  <node id="1984505654" lat="24.6467127" lon="121.4437162"/>
  <node id="1984505656" lat="24.6468995" lon="121.4437884"/>
  <node id="3105423271" lat="24.6473099" lon="121.4440163"/>
  <node id="3105423274" lat="24.6473551" lon="121.4440646"/>
  <node id="3105423275" lat="24.6473722" lon="121.4441364"/>
  <node id="1984505660" lat="24.6473586" lon="121.4442014"/>
  <node id="1984505658" lat="24.6473251" lon="121.4442404"/>
  <node id="12032716820" lat="24.6470610" lon="121.4443021"/>
  <node id="4446641842" lat="24.6468883" lon="121.4443720"/>
  <node id="12032716821" lat="24.6466935" lon="121.4444073"/>
  <node id="3105423227" lat="24.6465591" lon="121.4444787"/>
  <node id="3105423223" lat="24.6464324" lon="121.4444974"/>
  <node id="3105423209" lat="24.6462666" lon="121.4445115"/>
  <node id="4446641840" lat="24.6461752" lon="121.4445155"/>
  <node id="12032716822" lat="24.6461322" lon="121.4445106"/>
  <node id="3105423200" lat="24.6460911" lon="121.4444948"/>
  <node id="3105423181" lat="24.6458820" lon="121.4443593"/>
  <node id="1984505646" lat="24.6457694" lon="121.4443256"/>
  <node id="4446641839" lat="24.6456821" lon="121.4443406"/>
  <node id="12032716823" lat="24.6455971" lon="121.4444013"/>
  <node id="3105423164" lat="24.6455358" lon="121.4444163"/>
  <node id="3105423157" lat="24.6454517" lon="121.4443935"/>
  <node id="3105423141" lat="24.6453670" lon="121.4443532"/>
  <node id="3105423123" lat="24.6451671" lon="121.4442440"/>
  <node id="300590805" lat="24.6449045" lon="121.4441561"/>
  <node id="12032716824" lat="24.6448389" lon="121.4441465"/>
  <node id="3105423119" lat="24.6447818" lon="121.4441699"/>
  <node id="3105423112" lat="24.6446374" lon="121.4442936"/>
  <node id="3105423102" lat="24.6445893" lon="121.4443177"/>
  <node id="3105423083" lat="24.6443230" lon="121.4443225"/>
  <node id="300590806" lat="24.6441871" lon="121.4443667"/>
  <node id="3105423073" lat="24.6441456" lon="121.4444143"/>
  <node id="12032716825" lat="24.6441045" lon="121.4445468"/>
  <node id="3105423069" lat="24.6440733" lon="121.4445931"/>
  <node id="3105423067" lat="24.6439862" lon="121.4446521"/>
  <node id="4446641838" lat="24.6439286" lon="121.4446630"/>
  <node id="12032716826" lat="24.6437010" lon="121.4446601"/>
  <node id="12032716828" lat="24.6435371" lon="121.4447118"/>
  <node id="12032716827" lat="24.6434042" lon="121.4446755"/>
  <node id="300590808" lat="24.6433052" lon="121.4447074"/>
  <node id="12032716829" lat="24.6431775" lon="121.4446628"/>
  <node id="300590809" lat="24.6431290" lon="121.4446604"/>
  <node id="4443584630" lat="24.6429711" lon="121.4447395"/>
  <node id="3105423034" lat="24.6428838" lon="121.4447815"/>
  <node id="300590810" lat="24.6427548" lon="121.4448273"/>
  <node id="3105423030" lat="24.6426792" lon="121.4448662"/>
  <node id="3511679877" lat="24.6535766" lon="121.4719303"/>
  <node id="3511679878" lat="24.6536281" lon="121.4720872"/>
  <node id="3511680139" lat="24.6536730" lon="121.4721615"/>
  <node id="3511679879" lat="24.6537159" lon="121.4722277"/>
  <node id="3511679880" lat="24.6537746" lon="121.4722997"/>
  <node id="3511679881" lat="24.6538340" lon="121.4723557"/>
  <node id="3511679882" lat="24.6539147" lon="121.4723348"/>
  <node id="3511679883" lat="24.6539757" lon="121.4721864"/>
  <node id="3511679884" lat="24.6539646" lon="121.4719730"/>
  <node id="3511680144" lat="24.6539092" lon="121.4716918"/>
  <node id="3511679885" lat="24.6539051" lon="121.4716097"/>
  <node id="3511679886" lat="24.6539240" lon="121.4714933"/>
  <node id="9653049690" lat="24.6539697" lon="121.4714058"/>
  <node id="3511679887" lat="24.6540419" lon="121.4713710"/>
  <node id="3511679888" lat="24.6541046" lon="121.4713740"/>
  <node id="3511679889" lat="24.6541525" lon="121.4713953"/>
  <node id="3511679890" lat="24.6541900" lon="121.4714262"/>
  <node id="3511679891" lat="24.6543637" lon="121.4718023"/>
  <node id="3511679892" lat="24.6544246" lon="121.4719323"/>
  <node id="3511680093" lat="24.6544468" lon="121.4720685"/>
  <node id="3511680140" lat="24.6544367" lon="121.4721619"/>
  <node id="3511680141" lat="24.6544640" lon="121.4722410"/>
  <node id="8318420911" lat="24.6791121" lon="121.4208609"/>
  <node id="8318456800" lat="24.6791633" lon="121.4208944"/>
  <node id="8318456799" lat="24.6794241" lon="121.4211693"/>
  <node id="8318456798" lat="24.6794692" lon="121.4212377"/>
  <node id="8318456797" lat="24.6795240" lon="121.4214268"/>
  <node id="8318456796" lat="24.6795216" lon="121.4215127"/>
  <node id="8318456795" lat="24.6794046" lon="121.4216468"/>
  <node id="8318456794" lat="24.6794046" lon="121.4217997"/>
  <node id="8318456793" lat="24.6793644" lon="121.4219110"/>
  <node id="8318456792" lat="24.6792925" lon="121.4220089"/>
  <node id="8318456791" lat="24.6792084" lon="121.4223026"/>
  <node id="8318456790" lat="24.6792413" lon="121.4222838"/>
  <node id="8318456789" lat="24.6795021" lon="121.4219700"/>
  <node id="8318456788" lat="24.6796093" lon="121.4218895"/>
  <node id="8318456787" lat="24.6797324" lon="121.4217179"/>
  <node id="8318456786" lat="24.6797543" lon="121.4217111"/>
  <node id="8318456785" lat="24.6797946" lon="121.4217541"/>
  <node id="8318456784" lat="24.6797665" lon="121.4218681"/>
  <node id="8318456783" lat="24.6796556" lon="121.4220692"/>
  <node id="8318456782" lat="24.6796069" lon="121.4222261"/>
  <node id="8318456781" lat="24.6795228" lon="121.4223549"/>
  <node id="8318456780" lat="24.6794412" lon="121.4225547"/>
  <node id="8318456779" lat="24.6792632" lon="121.4227827"/>
  <node id="8318456778" lat="24.6792072" lon="121.4228739"/>
  <node id="8318457080" lat="24.6911112" lon="121.4223173"/>
  <node id="8318457079" lat="24.6911429" lon="121.4223817"/>
  <node id="8318457078" lat="24.6914426" lon="121.4225440"/>
  <node id="8318457077" lat="24.6914999" lon="121.4225480"/>
  <node id="8318457076" lat="24.6916729" lon="121.4224997"/>
  <node id="8318457075" lat="24.6917436" lon="121.4225185"/>
  <node id="8318457074" lat="24.6918484" lon="121.4226982"/>
  <node id="8318457073" lat="24.6918654" lon="121.4227572"/>
  <node id="8318457072" lat="24.6918398" lon="121.4228766"/>
  <node id="8318457071" lat="24.6918545" lon="121.4229222"/>
  <node id="8318457070" lat="24.6920153" lon="121.4229825"/>
  <node id="8318457069" lat="24.6920433" lon="121.4231113"/>
  <node id="8318457068" lat="24.6920982" lon="121.4232829"/>
  <node id="8318457067" lat="24.6921018" lon="121.4234143"/>
  <node id="8318457066" lat="24.6921664" lon="121.4235230"/>
  <node id="8318457065" lat="24.6921798" lon="121.4235806"/>
  <node id="8318457064" lat="24.6921104" lon="121.4235485"/>
  <node id="8318457063" lat="24.6919312" lon="121.4233325"/>
  <node id="8318457062" lat="24.6918191" lon="121.4231434"/>
  <node id="8318457061" lat="24.6916680" lon="121.4230831"/>
  <node id="8318457060" lat="24.6916461" lon="121.4230482"/>
  <node id="8318457059" lat="24.6916217" lon="121.4229114"/>
  <node id="8318457058" lat="24.6915888" lon="121.4228792"/>
  <node id="8318457057" lat="24.6914597" lon="121.4229047"/>
  <node id="8318457056" lat="24.6913488" lon="121.4228940"/>
  <node id="8318457055" lat="24.6911989" lon="121.4229678"/>
  <node id="8318457054" lat="24.6910771" lon="121.4229302"/>
  <node id="8318457053" lat="24.6908675" lon="121.4228041"/>
  <node id="8318457052" lat="24.6906762" lon="121.4228015"/>
  <node id="8318457051" lat="24.6902911" lon="121.4226861"/>
  <node id="8318457050" lat="24.6902558" lon="121.4227143"/>
  <node id="8318457049" lat="24.6902546" lon="121.4227411"/>
  <node id="8318457048" lat="24.6903728" lon="121.4227948"/>
  <node id="8318457047" lat="24.6905653" lon="121.4229825"/>
  <node id="8318457046" lat="24.6907432" lon="121.4231166"/>
  <node id="8318457045" lat="24.6908017" lon="121.4231890"/>
  <node id="8318457044" lat="24.6908504" lon="121.4233701"/>
  <node id="8318457043" lat="24.6910113" lon="121.4235431"/>
  <node id="8318457042" lat="24.6909991" lon="121.4235806"/>
  <node id="8318457041" lat="24.6908931" lon="121.4235954"/>
  <node id="8318457040" lat="24.6905787" lon="121.4234479"/>
  <node id="8318457039" lat="24.6902668" lon="121.4233969"/>
  <node id="8318457032" lat="24.6902561" lon="121.4233916"/>
  <node id="8318457038" lat="24.6900767" lon="121.4233030"/>
  <node id="8318457037" lat="24.6900231" lon="121.4233111"/>
  <node id="8318457036" lat="24.6899134" lon="121.4234291"/>
  <node id="8318458109" lat="24.6899043" lon="121.4234874"/>
  <node id="8318458110" lat="24.6896819" lon="121.4237362"/>
  <node id="8318458111" lat="24.6895284" lon="121.4238797"/>
  <node id="8318458112" lat="24.6890812" lon="121.4240862"/>
  <node id="8318458113" lat="24.6890105" lon="121.4241506"/>
  <node id="8318458114" lat="24.6887960" lon="121.4243102"/>
  <node id="8318458115" lat="24.6886998" lon="121.4243773"/>
  <node id="8318458116" lat="24.6885865" lon="121.4243209"/>
  <node id="8318458117" lat="24.6885791" lon="121.4242633"/>
  <node id="8318458118" lat="24.6886328" lon="121.4240339"/>
  <node id="8318458119" lat="24.6886864" lon="121.4239052"/>
  <node id="8318458120" lat="24.6886352" lon="121.4237443"/>
  <node id="8318418193" lat="24.6885060" lon="121.4235780"/>
  <node id="8318418194" lat="24.6883659" lon="121.4234895"/>
  <node id="8318418195" lat="24.6882806" lon="121.4235002"/>
  <node id="8318418196" lat="24.6882441" lon="121.4236021"/>
  <node id="8318418197" lat="24.6880503" lon="121.4237738"/>
  <node id="8318418198" lat="24.6878956" lon="121.4238408"/>
  <node id="8318418199" lat="24.6876055" lon="121.4238046"/>
  <node id="8318418200" lat="24.6873777" lon="121.4236061"/>
  <node id="8318418201" lat="24.6872059" lon="121.4235833"/>
  <node id="8318418202" lat="24.6870852" lon="121.4234908"/>
  <node id="8318418203" lat="24.6868013" lon="121.4235485"/>
  <node id="8318418204" lat="24.6866405" lon="121.4235954"/>
  <node id="8318418205" lat="24.6864029" lon="121.4236169"/>
  <node id="8318418206" lat="24.6862932" lon="121.4236987"/>
  <node id="8318418207" lat="24.6861738" lon="121.4239629"/>
  <node id="8318418208" lat="24.6860933" lon="121.4240246"/>
  <node id="8318418209" lat="24.6857461" lon="121.4239213"/>
  <node id="8318418210" lat="24.6856583" lon="121.4238448"/>
  <node id="8318418211" lat="24.6855803" lon="121.4238261"/>
  <node id="8318418212" lat="24.6853671" lon="121.4238650"/>
  <node id="8318418213" lat="24.6852538" lon="121.4239253"/>
  <node id="8318418214" lat="24.6849503" lon="121.4239977"/>
  <node id="8318418215" lat="24.6846676" lon="121.4239924"/>
  <node id="8318418216" lat="24.6843983" lon="121.4240648"/>
  <node id="8318458217" lat="24.6842058" lon="121.4240594"/>
  <node id="8318458218" lat="24.6837086" lon="121.4239334"/>
  <node id="8318458219" lat="24.6834698" lon="121.4236678"/>
  <node id="8318458220" lat="24.6834028" lon="121.4234935"/>
  <node id="8318458221" lat="24.6833029" lon="121.4234573"/>
  <node id="8318458222" lat="24.6829897" lon="121.4235283"/>
  <node id="8318458223" lat="24.6826960" lon="121.4235511"/>
  <node id="8318458224" lat="24.6825120" lon="121.4235967"/>
  <node id="8318458225" lat="24.6823182" lon="121.4235981"/>
  <node id="8318458226" lat="24.6818101" lon="121.4236584"/>
  <node id="8318458227" lat="24.6816005" lon="121.4235780"/>
  <node id="8318458228" lat="24.6814433" lon="121.4235444"/>
  <node id="8318458229" lat="24.6811959" lon="121.4235230"/>
  <node id="8318458230" lat="24.6810058" lon="121.4233929"/>
  <node id="8318458231" lat="24.6809205" lon="121.4233661"/>
  <node id="8318458232" lat="24.6807195" lon="121.4231676"/>
  <node id="8318458233" lat="24.6806220" lon="121.4230952"/>
  <node id="8318458234" lat="24.6804428" lon="121.4231019"/>
  <node id="8318458235" lat="24.6801589" lon="121.4230643"/>
  <node id="8318458236" lat="24.6800712" lon="121.4230911"/>
  <node id="8318458237" lat="24.6799859" lon="121.4230965"/>
  <node id="8318458238" lat="24.6800078" lon="121.4230013"/>
  <node id="8318458239" lat="24.6802332" lon="121.4227210"/>
  <node id="8318458240" lat="24.6803441" lon="121.4224890"/>
  <node id="8318458241" lat="24.6805355" lon="121.4222610"/>
  <node id="8318458242" lat="24.6805671" lon="121.4220612"/>
  <node id="8318458243" lat="24.6807548" lon="121.4217527"/>
  <node id="8318458244" lat="24.6807950" lon="121.4215945"/>
  <node id="8318458245" lat="24.6808450" lon="121.4215328"/>
  <node id="8318458246" lat="24.6810436" lon="121.4215167"/>
  <node id="8318458247" lat="24.6812483" lon="121.4214604"/>
  <node id="8318458248" lat="24.6814762" lon="121.4213115"/>
  <node id="8318458249" lat="24.6815006" lon="121.4212069"/>
  <node id="8318458250" lat="24.6814336" lon="121.4210728"/>
  <node id="8318458251" lat="24.6815664" lon="121.4208233"/>
  <node id="8318458252" lat="24.6817041" lon="121.4207174"/>
  <node id="8318458253" lat="24.6818211" lon="121.4205578"/>
  <node id="8318458254" lat="24.6819356" lon="121.4203365"/>
  <node id="8318458255" lat="24.6822439" lon="121.4201702"/>
  <node id="8318458256" lat="24.6824474" lon="121.4201045"/>
  <node id="8318458257" lat="24.6824072" lon="121.4197813"/>
  <node id="8318458258" lat="24.6824182" lon="121.4196552"/>
  <node id="8318458259" lat="24.6823853" lon="121.4194983"/>
  <node id="8318458260" lat="24.6821598" lon="121.4193763"/>
  <node id="8318458261" lat="24.6819515" lon="121.4191711"/>
  <node id="8318458262" lat="24.6819015" lon="121.4190464"/>
  <node id="8318458263" lat="24.6818503" lon="121.4188787"/>
  <node id="8318458264" lat="24.6818978" lon="121.4186373"/>
  <node id="8318458265" lat="24.6819283" lon="121.4184415"/>
  <node id="8318458266" lat="24.6820112" lon="121.4182618"/>
  <node id="8318458267" lat="24.6822671" lon="121.4181103"/>
  <node id="8318458268" lat="24.6827155" lon="121.4180794"/>
  <node id="8318458269" lat="24.6827801" lon="121.4181438"/>
  <node id="8318458270" lat="24.6829885" lon="121.4182243"/>
  <node id="8318458271" lat="24.6832054" lon="121.4184000"/>
  <node id="8318458272" lat="24.6833029" lon="121.4184616"/>
  <node id="8318458273" lat="24.6835003" lon="121.4185461"/>
  <node id="8318458274" lat="24.6836904" lon="121.4185502"/>
  <node id="8318458275" lat="24.6840827" lon="121.4182243"/>
  <node id="8318458276" lat="24.6842119" lon="121.4181237"/>
  <node id="8318458277" lat="24.6842960" lon="121.4181049"/>
  <node id="8318458278" lat="24.6845494" lon="121.4181572"/>
  <node id="8318458279" lat="24.6846579" lon="121.4182578"/>
  <node id="8318458280" lat="24.6847749" lon="121.4184120"/>
  <node id="8318458281" lat="24.6848809" lon="121.4184590"/>
  <node id="8318458282" lat="24.6850174" lon="121.4184335"/>
  <node id="8318458283" lat="24.6853951" lon="121.4182806"/>
  <node id="8318458284" lat="24.6855974" lon="121.4178555"/>
  <node id="8318458285" lat="24.6856425" lon="121.4175618"/>
  <node id="8318458286" lat="24.6856169" lon="121.4173727"/>
  <node id="8318458287" lat="24.6854378" lon="121.4171970"/>
  <node id="8318458288" lat="24.6853817" lon="121.4169918"/>
  <node id="8318458289" lat="24.6853756" lon="121.4168282"/>
  <node id="8318458290" lat="24.6854073" lon="121.4166337"/>
  <node id="8318458291" lat="24.6852270" lon="121.4162663"/>
  <node id="8318458292" lat="24.6851904" lon="121.4160463"/>
  <node id="8318458293" lat="24.6852781" lon="121.4158103"/>
  <node id="8318458294" lat="24.6854036" lon="121.4156936"/>
  <node id="8318458295" lat="24.6856047" lon="121.4154804"/>
  <node id="8318458296" lat="24.6858070" lon="121.4154133"/>
  <node id="8318458297" lat="24.6858509" lon="121.4152537"/>
  <node id="8318458298" lat="24.6858984" lon="121.4151692"/>
  <node id="8318458299" lat="24.6860227" lon="121.4151236"/>
  <node id="8318458300" lat="24.6862591" lon="121.4148246"/>
  <node id="8318458301" lat="24.6862981" lon="121.4147092"/>
  <node id="8318458302" lat="24.6862578" lon="121.4146046"/>
  <node id="8318458303" lat="24.6861153" lon="121.4145201"/>
  <node id="8318458304" lat="24.6854512" lon="121.4143364"/>
  <node id="8318458305" lat="24.6852769" lon="121.4141352"/>
  <node id="8318458306" lat="24.6853525" lon="121.4136431"/>
  <node id="8318458307" lat="24.6852867" lon="121.4133158"/>
  <node id="8318458308" lat="24.6852781" lon="121.4131308"/>
  <node id="8318458309" lat="24.6853622" lon="121.4127780"/>
  <node id="8318458310" lat="24.6853318" lon="121.4126319"/>
  <node id="8318458311" lat="24.6852270" lon="121.4123717"/>
  <node id="8318458312" lat="24.6852184" lon="121.4121491"/>
  <node id="8318458313" lat="24.6850917" lon="121.4120297"/>
  <node id="8318458314" lat="24.6850405" lon="121.4119104"/>
  <node id="8318458315" lat="24.6849796" lon="121.4117374"/>
  <node id="8318458316" lat="24.6849613" lon="121.4114329"/>
  <node id="8318458317" lat="24.6849650" lon="121.4112639"/>
  <node id="8318458318" lat="24.6849321" lon="121.4110400"/>
  <node id="4762217017" lat="24.6849516" lon="121.4105786"/>
  <node id="8318458319" lat="24.6850125" lon="121.4103305"/>
  <node id="8318458320" lat="24.6851136" lon="121.4102286"/>
  <node id="8318458321" lat="24.6852733" lon="121.4101347"/>
  <node id="8318458322" lat="24.6854792" lon="121.4100717"/>
  <node id="8318458323" lat="24.6856242" lon="121.4098853"/>
  <node id="8318458324" lat="24.6858594" lon="121.4097954"/>
  <node id="8318458325" lat="24.6860275" lon="121.4096841"/>
  <node id="8318458326" lat="24.6860361" lon="121.4096184"/>
  <node id="8318458327" lat="24.6859532" lon="121.4093743"/>
  <node id="8318458328" lat="24.6859349" lon="121.4091866"/>
  <node id="8318458329" lat="24.6858886" lon="121.4089452"/>
  <node id="8318458330" lat="24.6861543" lon="121.4086314"/>
  <node id="8318458331" lat="24.6862384" lon="121.4085791"/>
  <node id="8318458332" lat="24.6864455" lon="121.4082478"/>
  <node id="8318458333" lat="24.6864309" lon="121.4081472"/>
  <node id="8318458334" lat="24.6863188" lon="121.4080144"/>
  <node id="8318458335" lat="24.6862603" lon="121.4078012"/>
  <node id="8318458336" lat="24.6862310" lon="121.4074311"/>
  <node id="8318458337" lat="24.6861396" lon="121.4069617"/>
  <node id="8318458338" lat="24.6859934" lon="121.4066170"/>
  <node id="8318458339" lat="24.6858472" lon="121.4064534"/>
  <node id="8318458340" lat="24.6857387" lon="121.4062710"/>
  <node id="8318458341" lat="24.6856084" lon="121.4061436"/>
  <node id="8318458342" lat="24.6854560" lon="121.4061074"/>
  <node id="8318458343" lat="24.6852014" lon="121.4060028"/>
  <node id="8318458344" lat="24.6851185" lon="121.4058821"/>
  <node id="8318458345" lat="24.6850954" lon="121.4057533"/>
  <node id="8318458346" lat="24.6851319" lon="121.4056166"/>
  <node id="8318458347" lat="24.6852367" lon="121.4054288"/>
  <node id="8318458348" lat="24.6853184" lon="121.4053778"/>
  <node id="8318458349" lat="24.6854207" lon="121.4053309"/>
  <node id="8318458350" lat="24.6856888" lon="121.4052719"/>
  <node id="8318458351" lat="24.6858411" lon="121.4053215"/>
  <node id="8318458352" lat="24.6859398" lon="121.4052786"/>
  <node id="8318458353" lat="24.6860349" lon="121.4051177"/>
  <node id="8318458354" lat="24.6861470" lon="121.4050171"/>
  <node id="8318458355" lat="24.6864102" lon="121.4049500"/>
  <node id="8318458356" lat="24.6868232" lon="121.4046738"/>
  <node id="8318458357" lat="24.6868817" lon="121.4041172"/>
  <node id="8318458358" lat="24.6868306" lon="121.4039697"/>
  <node id="8318458359" lat="24.6867587" lon="121.4036907"/>
  <node id="8318458360" lat="24.6867209" lon="121.4033970"/>
  <node id="8318458361" lat="24.6866393" lon="121.4032441"/>
  <node id="8318458362" lat="24.6865978" lon="121.4029773"/>
  <node id="8318458363" lat="24.6864394" lon="121.4027050"/>
  <node id="8318458364" lat="24.6863639" lon="121.4023349"/>
  <node id="8318458365" lat="24.6863748" lon="121.4018024"/>
  <node id="8318458366" lat="24.6864382" lon="121.4015262"/>
  <node id="8318458367" lat="24.6863663" lon="121.4011373"/>
  <node id="8318458368" lat="24.6864321" lon="121.4009106"/>
  <node id="8318458369" lat="24.6863748" lon="121.4004211"/>
  <node id="3497223260" lat="24.6864297" lon="121.4003031"/>
  <node id="3716247158" lat="24.6864393" lon="121.4001166"/>
  <node id="8318420868" lat="24.6793059" lon="121.4257371"/>
  <node id="8318420847" lat="24.6796386" lon="121.4257492"/>
  <node id="8318457938" lat="24.6826668" lon="121.4180338"/>
  <node id="8318457937" lat="24.6823146" lon="121.4180191"/>
  <node id="8318457936" lat="24.6820404" lon="121.4179936"/>
  <node id="8318457935" lat="24.6816371" lon="121.4181532"/>
  <node id="8318457934" lat="24.6815030" lon="121.4184295"/>
  <node id="8318457933" lat="24.6814981" lon="121.4186494"/>
  <node id="8318457932" lat="24.6813933" lon="121.4188305"/>
  <node id="8318457931" lat="24.6814701" lon="121.4192113"/>
  <node id="8318457930" lat="24.6815079" lon="121.4193615"/>
  <node id="8318457929" lat="24.6814860" lon="121.4195037"/>
  <node id="8318457928" lat="24.6815786" lon="121.4198430"/>
  <node id="8318457927" lat="24.6815603" lon="121.4198926"/>
  <node id="8318457926" lat="24.6813458" lon="121.4199851"/>
  <node id="8318457925" lat="24.6812971" lon="121.4200898"/>
  <node id="8318457924" lat="24.6811703" lon="121.4201944"/>
  <node id="8318457923" lat="24.6810424" lon="121.4202547"/>
  <node id="8318457922" lat="24.6809364" lon="121.4203741"/>
  <node id="8318457921" lat="24.6803588" lon="121.4202829"/>
  <node id="8318457920" lat="24.6800895" lon="121.4204103"/>
  <node id="8318457919" lat="24.6799554" lon="121.4204411"/>
  <node id="8318457918" lat="24.6797422" lon="121.4203539"/>
  <node id="8318457917" lat="24.6796325" lon="121.4203446"/>
  <node id="8318420916" lat="24.6794680" lon="121.4204666"/>
  <node id="8318420915" lat="24.6793254" lon="121.4205162"/>
  <node id="8318420914" lat="24.6791889" lon="121.4205404"/>
  <node id="8318420913" lat="24.6791024" lon="121.4205913"/>
  <node id="8318420912" lat="24.6790707" lon="121.4206839"/>
  <node id="8318420910" lat="24.6792486" lon="121.4211036"/>
  <node id="8318420909" lat="24.6793242" lon="121.4213289"/>
  <node id="8318420908" lat="24.6792900" lon="121.4214040"/>
  <node id="8318420907" lat="24.6791243" lon="121.4215060"/>
  <node id="8318420906" lat="24.6791073" lon="121.4216025"/>
  <node id="8318420905" lat="24.6791572" lon="121.4217608"/>
  <node id="8318420904" lat="24.6790975" lon="121.4219740"/>
  <node id="8318420903" lat="24.6790707" lon="121.4221323"/>
  <node id="8318420902" lat="24.6790110" lon="121.4222717"/>
  <node id="8318420901" lat="24.6789549" lon="121.4223388"/>
  <node id="8318420900" lat="24.6787673" lon="121.4224716"/>
  <node id="8318420899" lat="24.6786076" lon="121.4226700"/>
  <node id="8318420898" lat="24.6785443" lon="121.4227425"/>
  <node id="8318420897" lat="24.6783724" lon="121.4227854"/>
  <node id="8318420896" lat="24.6782957" lon="121.4228404"/>
  <node id="8318420895" lat="24.6782689" lon="121.4229611"/>
  <node id="8318420894" lat="24.6783712" lon="121.4232722"/>
  <node id="8318420893" lat="24.6783773" lon="121.4233956"/>
  <node id="8318420892" lat="24.6782116" lon="121.4237577"/>
  <node id="8318420891" lat="24.6780276" lon="121.4239521"/>
  <node id="8318420890" lat="24.6780873" lon="121.4241332"/>
  <node id="8318420889" lat="24.6781080" lon="121.4242566"/>
  <node id="8318420888" lat="24.6780666" lon="121.4244403"/>
  <node id="8318420887" lat="24.6779825" lon="121.4247125"/>
  <node id="8318420886" lat="24.6780239" lon="121.4248681"/>
  <node id="8318420885" lat="24.6779739" lon="121.4250827"/>
  <node id="8318420884" lat="24.6778838" lon="121.4252503"/>
  <node id="8318420883" lat="24.6778765" lon="121.4253831"/>
  <node id="8318420882" lat="24.6779496" lon="121.4254569"/>
  <node id="8318420881" lat="24.6781299" lon="121.4254582"/>
  <node id="8318420880" lat="24.6784626" lon="121.4253536"/>
  <node id="8318420879" lat="24.6786113" lon="121.4252610"/>
  <node id="8318420878" lat="24.6788672" lon="121.4253147"/>
  <node id="8318420877" lat="24.6790683" lon="121.4252141"/>
  <node id="8318420876" lat="24.6794875" lon="121.4252128"/>
  <node id="8318420875" lat="24.6797324" lon="121.4252745"/>
  <node id="8318420874" lat="24.6801041" lon="121.4254662"/>
  <node id="8318420873" lat="24.6801309" lon="121.4255293"/>
  <node id="8318420872" lat="24.6800663" lon="121.4255400"/>
  <node id="8318420870" lat="24.6798019" lon="121.4255601"/>
  <node id="8318420871" lat="24.6794558" lon="121.4256258"/>
  <node id="8318420869" lat="24.6793376" lon="121.4256969"/>
  <node id="8318420867" lat="24.6791901" lon="121.4258753"/>
  <node id="8318420866" lat="24.6790354" lon="121.4259705"/>
  <node id="8318420865" lat="24.6789720" lon="121.4260080"/>
  <node id="8318420864" lat="24.6789379" lon="121.4260778"/>
  <node id="8318420863" lat="24.6789452" lon="121.4261207"/>
  <node id="8318420862" lat="24.6791938" lon="121.4261314"/>
  <node id="8318420861" lat="24.6793193" lon="121.4261945"/>
  <node id="8318420860" lat="24.6794667" lon="121.4263460"/>
  <node id="8318420859" lat="24.6795338" lon="121.4265150"/>
  <node id="8318420858" lat="24.6800639" lon="121.4266880"/>
  <node id="8318420857" lat="24.6802467" lon="121.4267792"/>
  <node id="8318420856" lat="24.6804684" lon="121.4268422"/>
  <node id="8318420855" lat="24.6805976" lon="121.4268878"/>
  <node id="8318420854" lat="24.6807853" lon="121.4269227"/>
  <node id="8318420853" lat="24.6810351" lon="121.4271051"/>
  <node id="8318420852" lat="24.6811996" lon="121.4271909"/>
  <node id="8318420851" lat="24.6813982" lon="121.4273773"/>
  <node id="8318420850" lat="24.6815213" lon="121.4275450"/>
  <node id="8318420849" lat="24.6817809" lon="121.4276174"/>
  <node id="8318420848" lat="24.6819137" lon="121.4276482"/>
  <node id="8318457945" lat="24.6798214" lon="121.4233983"/>
  <node id="8318457944" lat="24.6797214" lon="121.4234586"/>
  <node id="8318457943" lat="24.6793814" lon="121.4236088"/>
  <node id="8318457942" lat="24.6793559" lon="121.4235833"/>
  <node id="8318457941" lat="24.6793827" lon="121.4235471"/>
  <node id="8318457940" lat="24.6795837" lon="121.4234036"/>
  <node id="8318457939" lat="24.6796447" lon="121.4233540"/>
  <node id="8318456777" lat="24.6798628" lon="121.4228397"/>
  <node id="8318458970" lat="24.6761777" lon="121.4004345"/>
  <node id="8318458959" lat="24.6763739" lon="121.4004627"/>
  <node id="8318458958" lat="24.6767114" lon="121.4002293"/>
  <node id="8318458957" lat="24.6769381" lon="121.3999933"/>
  <node id="8318458956" lat="24.6772489" lon="121.3999276"/>
  <node id="8318458955" lat="24.6774438" lon="121.3998994"/>
  <node id="8318458954" lat="24.6776815" lon="121.3998176"/>
  <node id="8318458953" lat="24.6778716" lon="121.3998874"/>
  <node id="8318458952" lat="24.6779776" lon="121.4000121"/>
  <node id="8318458951" lat="24.6781129" lon="121.4001328"/>
  <node id="8318458950" lat="24.6782542" lon="121.4001676"/>
  <node id="8318458949" lat="24.6783420" lon="121.4001381"/>
  <node id="8318458948" lat="24.6785552" lon="121.3999423"/>
  <node id="8318458947" lat="24.6788465" lon="121.3999397"/>
  <node id="8318458946" lat="24.6789756" lon="121.4001153"/>
  <node id="8318458945" lat="24.6790573" lon="121.4001596"/>
  <node id="8318458944" lat="24.6792754" lon="121.4001408"/>
  <node id="8318458943" lat="24.6794607" lon="121.4001717"/>
  <node id="8318458942" lat="24.6799591" lon="121.4001073"/>
  <node id="8318458941" lat="24.6803953" lon="121.4001274"/>
  <node id="8318458940" lat="24.6804782" lon="121.4000536"/>
  <node id="8318458939" lat="24.6806390" lon="121.3999853"/>
  <node id="8318458924" lat="24.6808023" lon="121.3999222"/>
  <node id="8318458923" lat="24.6809278" lon="121.3998149"/>
  <node id="8318458922" lat="24.6810071" lon="121.3997653"/>
  <node id="8318458921" lat="24.6811423" lon="121.3999356"/>
  <node id="8318458920" lat="24.6812496" lon="121.3999182"/>
  <node id="8318458919" lat="24.6814750" lon="121.3997854"/>
  <node id="8318458918" lat="24.6815639" lon="121.3996755"/>
  <node id="8318458917" lat="24.6816578" lon="121.3994756"/>
  <node id="8318457916" lat="24.6817370" lon="121.3994408"/>
  <node id="8318457915" lat="24.6818186" lon="121.3994676"/>
  <node id="8318457914" lat="24.6819905" lon="121.3996983"/>
  <node id="8318457913" lat="24.6820063" lon="121.3997760"/>
  <node id="8318457912" lat="24.6819563" lon="121.3998364"/>
  <node id="8318457911" lat="24.6818174" lon="121.3999557"/>
  <node id="8318457910" lat="24.6817869" lon="121.4002052"/>
  <node id="8318457909" lat="24.6817163" lon="121.4003272"/>
  <node id="8318457908" lat="24.6816773" lon="121.4004077"/>
  <node id="8318457907" lat="24.6816675" lon="121.4005914"/>
  <node id="8318457906" lat="24.6815761" lon="121.4007014"/>
  <node id="8318457905" lat="24.6814494" lon="121.4007993"/>
  <node id="8318457904" lat="24.6813738" lon="121.4009683"/>
  <node id="8318458837" lat="24.6812666" lon="121.4013867"/>
  <node id="8318458836" lat="24.6811935" lon="121.4015195"/>
  <node id="8318458835" lat="24.6811764" lon="121.4017045"/>
  <node id="8318458834" lat="24.6812313" lon="121.4017944"/>
  <node id="8318458833" lat="24.6814116" lon="121.4018695"/>
  <node id="8318458832" lat="24.6815091" lon="121.4018682"/>
  <node id="8318458831" lat="24.6816858" lon="121.4019755"/>
  <node id="8318458830" lat="24.6818698" lon="121.4019433"/>
  <node id="8318458829" lat="24.6821976" lon="121.4019057"/>
  <node id="8318458828" lat="24.6825839" lon="121.4019017"/>
  <node id="8318458827" lat="24.6828751" lon="121.4021257"/>
  <node id="8318458826" lat="24.6829543" lon="121.4021726"/>
  <node id="8318458825" lat="24.6830116" lon="121.4022732"/>
  <node id="8318458824" lat="24.6832980" lon="121.4023295"/>
  <node id="8318458823" lat="24.6833699" lon="121.4024878"/>
  <node id="8318458822" lat="24.6833516" lon="121.4025830"/>
  <node id="8318458821" lat="24.6830823" lon="121.4027694"/>
  <node id="8318458820" lat="24.6829470" lon="121.4028445"/>
  <node id="8318458819" lat="24.6828800" lon="121.4029504"/>
  <node id="8318458818" lat="24.6827959" lon="121.4031731"/>
  <node id="8318458817" lat="24.6827204" lon="121.4032871"/>
  <node id="8318458816" lat="24.6826765" lon="121.4034332"/>
  <node id="8318458815" lat="24.6825961" lon="121.4035137"/>
  <node id="8318458814" lat="24.6823877" lon="121.4036344"/>
  <node id="8318458813" lat="24.6823438" lon="121.4038114"/>
  <node id="8318458812" lat="24.6821842" lon="121.4039643"/>
  <node id="8318458811" lat="24.6821830" lon="121.4040408"/>
  <node id="8318458810" lat="24.6823195" lon="121.4043425"/>
  <node id="8318458809" lat="24.6824023" lon="121.4044391"/>
  <node id="8318458808" lat="24.6824340" lon="121.4045088"/>
  <node id="8318458807" lat="24.6824133" lon="121.4045879"/>
  <node id="8318458806" lat="24.6822098" lon="121.4048414"/>
  <node id="8318458805" lat="24.6820331" lon="121.4049956"/>
  <node id="8318458804" lat="24.6819783" lon="121.4051163"/>
  <node id="8318458803" lat="24.6819978" lon="121.4053778"/>
  <node id="8318458802" lat="24.6820623" lon="121.4056729"/>
  <node id="8318458801" lat="24.6820758" lon="121.4058660"/>
  <node id="8318458800" lat="24.6822683" lon="121.4060940"/>
  <node id="8318458799" lat="24.6823487" lon="121.4063823"/>
  <node id="8318458798" lat="24.6823536" lon="121.4064950"/>
  <node id="8318458797" lat="24.6823341" lon="121.4066103"/>
  <node id="8318458796" lat="24.6822683" lon="121.4067230"/>
  <node id="8318458795" lat="24.6819807" lon="121.4069550"/>
  <node id="8318458794" lat="24.6817601" lon="121.4070542"/>
  <node id="8318458793" lat="24.6815761" lon="121.4070421"/>
  <node id="8318458792" lat="24.6813909" lon="121.4070542"/>
  <node id="8318458791" lat="24.6813117" lon="121.4071079"/>
  <node id="8318458790" lat="24.6812617" lon="121.4071561"/>
  <node id="8318458789" lat="24.6808438" lon="121.4074190"/>
  <node id="8318458788" lat="24.6808194" lon="121.4075156"/>
  <node id="8318458787" lat="24.6808035" lon="121.4077181"/>
  <node id="8318458786" lat="24.6808645" lon="121.4078213"/>
  <node id="8318458785" lat="24.6809717" lon="121.4078817"/>
  <node id="8318458784" lat="24.6817138" lon="121.4079045"/>
  <node id="8318458783" lat="24.6818820" lon="121.4079380"/>
  <node id="8318458782" lat="24.6819673" lon="121.4080185"/>
  <node id="8318458781" lat="24.6819381" lon="121.4080963"/>
  <node id="8318458780" lat="24.6816834" lon="121.4082438"/>
  <node id="8318458779" lat="24.6812691" lon="121.4085267"/>
  <node id="8318458778" lat="24.6812410" lon="121.4086314"/>
  <node id="8318458777" lat="24.6812337" lon="121.4088459"/>
  <node id="8318458776" lat="24.6811423" lon="121.4089827"/>
  <node id="8318458775" lat="24.6809997" lon="121.4091222"/>
  <node id="8318458774" lat="24.6808474" lon="121.4093877"/>
  <node id="8318458773" lat="24.6808316" lon="121.4096238"/>
  <node id="8318458772" lat="24.6807646" lon="121.4099202"/>
  <node id="8318458771" lat="24.6807390" lon="121.4104915"/>
  <node id="8318458770" lat="24.6807987" lon="121.4105719"/>
  <node id="8318458769" lat="24.6810144" lon="121.4106604"/>
  <node id="8318458768" lat="24.6810924" lon="121.4108187"/>
  <node id="8318458767" lat="24.6811959" lon="121.4109099"/>
  <node id="8318458766" lat="24.6812154" lon="121.4110279"/>
  <node id="8318458765" lat="24.6809278" lon="121.4114530"/>
  <node id="8318458764" lat="24.6808840" lon="121.4115724"/>
  <node id="8318458763" lat="24.6809096" lon="121.4116824"/>
  <node id="8318458762" lat="24.6807536" lon="121.4119305"/>
  <node id="8318458761" lat="24.6805294" lon="121.4122295"/>
  <node id="8318458760" lat="24.6805221" lon="121.4123771"/>
  <node id="8318458759" lat="24.6806061" lon="121.4125380"/>
  <node id="8318458758" lat="24.6807036" lon="121.4126413"/>
  <node id="8318458757" lat="24.6808316" lon="121.4127968"/>
  <node id="8318458756" lat="24.6808450" lon="121.4129108"/>
  <node id="8318458755" lat="24.6807841" lon="121.4130262"/>
  <node id="8318458754" lat="24.6806927" lon="121.4131549"/>
  <node id="8318458753" lat="24.6807792" lon="121.4134499"/>
  <node id="8318458752" lat="24.6807926" lon="121.4135961"/>
  <node id="8318458751" lat="24.6808645" lon="121.4137624"/>
  <node id="8318458750" lat="24.6808157" lon="121.4138871"/>
  <node id="8318458749" lat="24.6805684" lon="121.4140883"/>
  <node id="8318458748" lat="24.6804112" lon="121.4141969"/>
  <node id="8318458747" lat="24.6803904" lon="121.4143069"/>
  <node id="8318458746" lat="24.6804294" lon="121.4143874"/>
  <node id="8318458745" lat="24.6805757" lon="121.4144813"/>
  <node id="8318458744" lat="24.6808779" lon="121.4148621"/>
  <node id="8318458743" lat="24.6808803" lon="121.4150177"/>
  <node id="8318458742" lat="24.6807877" lon="121.4150606"/>
  <node id="8318458741" lat="24.6804745" lon="121.4150190"/>
  <node id="8318458740" lat="24.6802247" lon="121.4150324"/>
  <node id="8318458739" lat="24.6799859" lon="121.4150713"/>
  <node id="8318458738" lat="24.6798518" lon="121.4151719"/>
  <node id="8318458737" lat="24.6797799" lon="121.4152886"/>
  <node id="8318458736" lat="24.6797702" lon="121.4155917"/>
  <node id="8318458735" lat="24.6796898" lon="121.4157486"/>
  <node id="8318458734" lat="24.6796983" lon="121.4159766"/>
  <node id="8318458733" lat="24.6796434" lon="121.4160570"/>
  <node id="8318458732" lat="24.6792888" lon="121.4162529"/>
  <node id="8318458731" lat="24.6789306" lon="121.4166109"/>
  <node id="8318458730" lat="24.6788587" lon="121.4168376"/>
  <node id="8318458729" lat="24.6786174" lon="121.4171219"/>
  <node id="8318458728" lat="24.6785016" lon="121.4175376"/>
  <node id="8318458727" lat="24.6783834" lon="121.4177683"/>
  <node id="8318458726" lat="24.6783712" lon="121.4180781"/>
  <node id="8318458725" lat="24.6783176" lon="121.4181371"/>
  <node id="8318458723" lat="24.6781311" lon="121.4181787"/>
  <node id="8318458724" lat="24.6778655" lon="121.4182672"/>
  <node id="8318458722" lat="24.6774012" lon="121.4185917"/>
  <node id="8318458721" lat="24.6770137" lon="121.4186923"/>
  <node id="8318458720" lat="24.6767492" lon="121.4189659"/>
  <node id="8318458719" lat="24.6765079" lon="121.4193012"/>
  <node id="8318458718" lat="24.6765018" lon="121.4197263"/>
  <node id="8318458717" lat="24.6765518" lon="121.4202091"/>
  <node id="8318458716" lat="24.6765299" lon="121.4206235"/>
  <node id="8318458715" lat="24.6763922" lon="121.4207670"/>
  <node id="8318458714" lat="24.6762569" lon="121.4210111"/>
  <node id="8318458713" lat="24.6761899" lon="121.4212994"/>
  <node id="8318458712" lat="24.6761826" lon="121.4214617"/>
  <node id="8318458711" lat="24.6760302" lon="121.4219418"/>
  <node id="8318458710" lat="24.6758669" lon="121.4221403"/>
  <node id="8318458709" lat="24.6757414" lon="121.4224032"/>
  <node id="8318458708" lat="24.6756573" lon="121.4224930"/>
  <node id="8318458707" lat="24.6753441" lon="121.4227277"/>
  <node id="8318458706" lat="24.6752369" lon="121.4228162"/>
  <node id="8318458705" lat="24.6752174" lon="121.4229758"/>
  <node id="8318458704" lat="24.6752686" lon="121.4231113"/>
  <node id="8318458703" lat="24.6754124" lon="121.4231770"/>
  <node id="8318458702" lat="24.6755282" lon="121.4235672"/>
  <node id="8318458701" lat="24.6756086" lon="121.4242472"/>
  <node id="8318458700" lat="24.6755854" lon="121.4244363"/>
  <node id="8318458699" lat="24.6756866" lon="121.4247541"/>
  <node id="8318458698" lat="24.6757170" lon="121.4249714"/>
  <node id="8318458697" lat="24.6757317" lon="121.4250733"/>
  <node id="8318458696" lat="24.6757085" lon="121.4253576"/>
  <node id="8318458695" lat="24.6756293" lon="121.4256781"/>
  <node id="8318458694" lat="24.6755696" lon="121.4259450"/>
  <node id="8318458693" lat="24.6752710" lon="121.4262481"/>
  <node id="8318458692" lat="24.6752137" lon="121.4262897"/>
  <node id="8318458691" lat="24.6751126" lon="121.4262561"/>
  <node id="8318458690" lat="24.6746836" lon="121.4263165"/>
  <node id="8318458689" lat="24.6741096" lon="121.4263071"/>
  <node id="8318458688" lat="24.6739073" lon="121.4263380"/>
  <node id="8318458687" lat="24.6738220" lon="121.4264117"/>
  <node id="8318458686" lat="24.6737587" lon="121.4265391"/>
  <node id="8318458685" lat="24.6737830" lon="121.4269361"/>
  <node id="8318458684" lat="24.6738367" lon="121.4271721"/>
  <node id="8318458683" lat="24.6738830" lon="121.4272982"/>
  <node id="8318458682" lat="24.6740804" lon="121.4273894"/>
  <node id="8318458681" lat="24.6742010" lon="121.4273666"/>
  <node id="8318458680" lat="24.6745264" lon="121.4272164"/>
  <node id="8318458679" lat="24.6745788" lon="121.4271305"/>
  <node id="8318458678" lat="24.6745825" lon="121.4270675"/>
  <node id="8318458677" lat="24.6745240" lon="121.4269468"/>
  <node id="8318458676" lat="24.6743741" lon="121.4268154"/>
  <node id="8318458977" lat="24.6754087" lon="121.4004385"/>
  <node id="8318458972" lat="24.6757816" lon="121.4003581"/>
  <node id="8318458971" lat="24.6760290" lon="121.4003903"/>
  <node id="8318458969" lat="24.6761399" lon="121.4004707"/>
  <node id="8318458968" lat="24.6759376" lon="121.4004868"/>
  <node id="8318458967" lat="24.6757975" lon="121.4005794"/>
  <node id="8318458966" lat="24.6756988" lon="121.4007403"/>
  <node id="8318458965" lat="24.6756378" lon="121.4008784"/>
  <node id="8318458964" lat="24.6756488" lon="121.4009549"/>
  <node id="8318458963" lat="24.6755659" lon="121.4011453"/>
  <node id="8318458962" lat="24.6755038" lon="121.4012553"/>
  <node id="8318458961" lat="24.6753978" lon="121.4013156"/>
  <node id="8318458960" lat="24.6753234" lon="121.4013197"/>
  <node id="4762217496" lat="24.6763128" lon="121.4001351"/>
  <node id="8318458980" lat="24.6758072" lon="121.4001824"/>
  <node id="8318458979" lat="24.6756025" lon="121.4002696"/>
  <node id="8318458978" lat="24.6754502" lon="121.4003634"/>
  <node id="8318458976" lat="24.6753015" lon="121.4005096"/>
  <node id="8318458975" lat="24.6750968" lon="121.4005150"/>
  <node id="8318458974" lat="24.6750456" lon="121.4005606"/>
  <node id="8318458973" lat="24.6750687" lon="121.4006397"/>
  <node id="8318458986" lat="24.6762203" lon="121.3997318"/>
  <node id="8318458985" lat="24.6760826" lon="121.3997532"/>
  <node id="8318458984" lat="24.6758950" lon="121.3998874"/>
  <node id="8318458983" lat="24.6758755" lon="121.3999356"/>
  <node id="8318458982" lat="24.6759522" lon="121.3999920"/>
  <node id="8318458981" lat="24.6761484" lon="121.4000094"/>
  <node id="8318458990" lat="24.6756573" lon="121.4000228"/>
  <node id="4762217495" lat="24.6762307" lon="121.4000914"/>
  <node id="4762217497" lat="24.6764166" lon="121.4001291"/>
  <node id="8318458989" lat="24.6765920" lon="121.3999437"/>
  <node id="8318458988" lat="24.6767163" lon="121.3997385"/>
  <node id="8318458987" lat="24.6768735" lon="121.3996004"/>
  <node id="9196910823" lat="24.6664121" lon="121.4006548"/>
  <node id="9196910824" lat="24.6664706" lon="121.4006575"/>
  <node id="9196910825" lat="24.6665072" lon="121.4006843"/>
  <node id="9196910826" lat="24.6665194" lon="121.4007353"/>
  <node id="9196910837" lat="24.6665121" lon="121.4007715"/>
  <node id="9196910827" lat="24.6664974" lon="121.4007996"/>
  <node id="9196910828" lat="24.6664438" lon="121.4008265"/>
  <node id="9196910829" lat="24.6663414" lon="121.4008291"/>
  <node id="9196910830" lat="24.6663366" lon="121.4008493"/>
  <node id="9196910831" lat="24.6664292" lon="121.4009203"/>
  <node id="9196910832" lat="24.6665267" lon="121.4009311"/>
  <node id="9196910833" lat="24.6666217" lon="121.4009230"/>
  <node id="9196910834" lat="24.6666656" lon="121.4009257"/>
  <node id="9196910822" lat="24.6667010" lon="121.4009364"/>
  <node id="9196910835" lat="24.6667016" lon="121.4009525"/>
  <node id="9196910836" lat="24.6666211" lon="121.4010021"/>
  <node id="9196820079" lat="24.6659537" lon="121.3990036"/>
  <node id="9196910843" lat="24.6659813" lon="121.3990301"/>
  <node id="9196910844" lat="24.6659935" lon="121.3990756"/>
  <node id="9196910845" lat="24.6659521" lon="121.3994780"/>
  <node id="9196910846" lat="24.6659106" lon="121.4000332"/>
  <node id="9197838630" lat="24.6398692" lon="121.3999200"/>
  <node id="9197838631" lat="24.6398065" lon="121.3999075"/>
  <node id="9197838632" lat="24.6397114" lon="121.3998860"/>
  <node id="9197838633" lat="24.6396895" lon="121.3998619"/>
  <node id="9197838634" lat="24.6396871" lon="121.3998270"/>
  <node id="9197838635" lat="24.6397066" lon="121.3997975"/>
  <node id="9197838636" lat="24.6397456" lon="121.3997814"/>
  <node id="9197838637" lat="24.6398723" lon="121.3997224"/>
  <node id="9197838638" lat="24.6399820" lon="121.3996500"/>
  <node id="9197838639" lat="24.6400381" lon="121.3995937"/>
  <node id="9197838640" lat="24.6401356" lon="121.3995373"/>
  <node id="9197838641" lat="24.6401795" lon="121.3994944"/>
  <node id="9197838642" lat="24.6401868" lon="121.3994622"/>
  <node id="9197838643" lat="24.6401771" lon="121.3994327"/>
  <node id="9197838644" lat="24.6401454" lon="121.3994140"/>
  <node id="9197838645" lat="24.6400869" lon="121.3994032"/>
  <node id="9197838646" lat="24.6399942" lon="121.3994140"/>
  <node id="9197838647" lat="24.6399089" lon="121.3994461"/>
  <node id="9197838648" lat="24.6398236" lon="121.3994622"/>
  <node id="9197838649" lat="24.6397212" lon="121.3994649"/>
  <node id="9197838650" lat="24.6396042" lon="121.3994649"/>
  <node id="9197838651" lat="24.6395682" lon="121.3994596"/>
  <node id="9197838652" lat="24.6395524" lon="121.3994475"/>
  <node id="9197838653" lat="24.6395487" lon="121.3994287"/>
  <node id="9197838654" lat="24.6395548" lon="121.3994086"/>
  <node id="9197838655" lat="24.6395755" lon="121.3993992"/>
  <node id="9197838656" lat="24.6396413" lon="121.3993831"/>
  <node id="9197838657" lat="24.6396669" lon="121.3993630"/>
  <node id="9197838658" lat="24.6397608" lon="121.3991954"/>
  <node id="9197838659" lat="24.6397949" lon="121.3991605"/>
  <node id="9197838660" lat="24.6400107" lon="121.3990224"/>
  <node id="9197838661" lat="24.6400070" lon="121.3990089"/>
  <node id="9197838662" lat="24.6399571" lon="121.3990103"/>
  <node id="9197838663" lat="24.6397669" lon="121.3990465"/>
  <node id="9197838664" lat="24.6396487" lon="121.3990747"/>
  <node id="9197838665" lat="24.6395694" lon="121.3991095"/>
  <node id="9197838666" lat="24.6394902" lon="121.3991498"/>
  <node id="9197838667" lat="24.6394439" lon="121.3991605"/>
  <node id="9197838668" lat="24.6393439" lon="121.3991846"/>
  <node id="9197838669" lat="24.6391940" lon="121.3992074"/>
  <node id="9197838670" lat="24.6390672" lon="121.3992302"/>
  <node id="9197838671" lat="24.6389685" lon="121.3992584"/>
  <node id="9197838672" lat="24.6389063" lon="121.3992866"/>
  <node id="9197838673" lat="24.6388197" lon="121.3993456"/>
  <node id="9197838674" lat="24.6387442" lon="121.3993845"/>
  <node id="9197838675" lat="24.6386527" lon="121.3994287"/>
  <node id="9197838676" lat="24.6385004" lon="121.3995011"/>
  <node id="9197838677" lat="24.6384650" lon="121.3995132"/>
  <node id="9197838678" lat="24.6383894" lon="121.3995280"/>
  <node id="9197838679" lat="24.6383114" lon="121.3995494"/>
  <node id="9197838680" lat="24.6382724" lon="121.3995695"/>
  <node id="9197838681" lat="24.6382261" lon="121.3996151"/>
  <node id="9197838682" lat="24.6381676" lon="121.3996741"/>
  <node id="9197838683" lat="24.6381420" lon="121.3996862"/>
  <node id="9197838684" lat="24.6381103" lon="121.3996916"/>
  <node id="9197838685" lat="24.6379689" lon="121.3996902"/>
  <node id="9197838686" lat="24.6378592" lon="121.3996889"/>
  <node id="9197838687" lat="24.6377994" lon="121.3996862"/>
  <node id="9197838688" lat="24.6377763" lon="121.3996808"/>
  <node id="9197838689" lat="24.6377629" lon="121.3996661"/>
  <node id="9197838690" lat="24.6377592" lon="121.3996433"/>
  <node id="9197838691" lat="24.6377641" lon="121.3996191"/>
  <node id="9197838692" lat="24.6377799" lon="121.3995990"/>
  <node id="9197838693" lat="24.6378092" lon="121.3995856"/>
  <node id="9197838694" lat="24.6379091" lon="121.3995534"/>
  <node id="9197838695" lat="24.6380030" lon="121.3995038"/>
  <node id="9197838696" lat="24.6381700" lon="121.3993965"/>
  <node id="9197838697" lat="24.6383407" lon="121.3992342"/>
  <node id="9197838698" lat="24.6385016" lon="121.3990814"/>
  <node id="9197838699" lat="24.6386576" lon="121.3989298"/>
  <node id="9197838700" lat="24.6387990" lon="121.3987944"/>
  <node id="9197838701" lat="24.6389014" lon="121.3987179"/>
  <node id="9197838702" lat="24.6390318" lon="121.3986455"/>
  <node id="9197838703" lat="24.6391013" lon="121.3985972"/>
  <node id="9197838704" lat="24.6391342" lon="121.3985543"/>
  <node id="9197838705" lat="24.6391550" lon="121.3985047"/>
  <node id="9197838706" lat="24.6391867" lon="121.3984698"/>
  <node id="9197838707" lat="24.6392732" lon="121.3984108"/>
  <node id="9197838708" lat="24.6393427" lon="121.3983598"/>
  <node id="9197838709" lat="24.6394451" lon="121.3983196"/>
  <node id="9197838710" lat="24.6395048" lon="121.3982754"/>
  <node id="9197838711" lat="24.6395316" lon="121.3982445"/>
  <node id="9197838712" lat="24.6395377" lon="121.3982123"/>
  <node id="9197838713" lat="24.6395316" lon="121.3981855"/>
  <node id="9197838714" lat="24.6395146" lon="121.3981708"/>
  <node id="9197838715" lat="24.6394865" lon="121.3981734"/>
  <node id="9197838716" lat="24.6394536" lon="121.3982043"/>
  <node id="9197838717" lat="24.6394024" lon="121.3982445"/>
  <node id="9197838718" lat="24.6393012" lon="121.3982687"/>
  <node id="9197838719" lat="24.6392086" lon="121.3982968"/>
  <node id="9197838720" lat="24.6391842" lon="121.3983022"/>
  <node id="9197838721" lat="24.6391635" lon="121.3982915"/>
  <node id="9197838722" lat="24.6391598" lon="121.3982713"/>
  <node id="9197838723" lat="24.6391672" lon="121.3982539"/>
  <node id="9197838724" lat="24.6392720" lon="121.3982016"/>
  <node id="9197838725" lat="24.6393037" lon="121.3981761"/>
  <node id="9197838726" lat="24.6393134" lon="121.3981533"/>
  <node id="9197838727" lat="24.6393086" lon="121.3981305"/>
  <node id="9197838728" lat="24.6392903" lon="121.3981171"/>
  <node id="9197838729" lat="24.6392671" lon="121.3981198"/>
  <node id="9197838730" lat="24.6391976" lon="121.3981600"/>
  <node id="9197838731" lat="24.6391598" lon="121.3981681"/>
  <node id="9197838732" lat="24.6390623" lon="121.3981842"/>
  <node id="9197838733" lat="24.6390111" lon="121.3982043"/>
  <node id="9197838734" lat="24.6389819" lon="121.3982137"/>
  <node id="9197838735" lat="24.6389648" lon="121.3982137"/>
  <node id="9197838736" lat="24.6389538" lon="121.3982043"/>
  <node id="9197838737" lat="24.6389490" lon="121.3981882"/>
  <node id="9197838738" lat="24.6389563" lon="121.3981734"/>
  <node id="9197838739" lat="24.6390233" lon="121.3981359"/>
  <node id="9197838740" lat="24.6390611" lon="121.3981064"/>
  <node id="9197838741" lat="24.6391025" lon="121.3980648"/>
  <node id="9197838742" lat="24.6391086" lon="121.3980433"/>
  <node id="9197838743" lat="24.6391050" lon="121.3980259"/>
  <node id="9197838744" lat="24.6390867" lon="121.3980045"/>
  <node id="9197838745" lat="24.6390660" lon="121.3979977"/>
  <node id="9197838746" lat="24.6390440" lon="121.3980018"/>
  <node id="9197838747" lat="24.6390257" lon="121.3980205"/>
  <node id="9197838748" lat="24.6389843" lon="121.3980608"/>
  <node id="9197838749" lat="24.6389587" lon="121.3980729"/>
  <node id="9197838750" lat="24.6389087" lon="121.3980876"/>
  <node id="9197838751" lat="24.6388782" lon="121.3981037"/>
  <node id="9197838752" lat="24.6387234" lon="121.3982391"/>
  <node id="9197838753" lat="24.6386893" lon="121.3982633"/>
  <node id="9197838754" lat="24.6386637" lon="121.3982794"/>
  <node id="9197838755" lat="24.6386454" lon="121.3982807"/>
  <node id="9197838756" lat="24.6386235" lon="121.3982673"/>
  <node id="9197838757" lat="24.6386028" lon="121.3982391"/>
  <node id="9197838758" lat="24.6385979" lon="121.3982137"/>
  <node id="9197838759" lat="24.6386015" lon="121.3981842"/>
  <node id="9197838760" lat="24.6387198" lon="121.3978744"/>
  <node id="9197838761" lat="24.6387271" lon="121.3978341"/>
  <node id="9197838762" lat="24.6387259" lon="121.3978073"/>
  <node id="9197838763" lat="24.6387149" lon="121.3977899"/>
  <node id="9197838764" lat="24.6386149" lon="121.3977255"/>
  <node id="9197838765" lat="24.6385528" lon="121.3976585"/>
  <node id="9197838766" lat="24.6385308" lon="121.3976236"/>
  <node id="9197838767" lat="24.6385113" lon="121.3976196"/>
  <node id="9197838768" lat="24.6384991" lon="121.3976330"/>
  <node id="9197838769" lat="24.6385004" lon="121.3976598"/>
  <node id="9197838770" lat="24.6385223" lon="121.3977577"/>
  <node id="9197838771" lat="24.6385345" lon="121.3978207"/>
  <node id="9197838772" lat="24.6385296" lon="121.3978677"/>
  <node id="9197838773" lat="24.6385125" lon="121.3979468"/>
  <node id="9197838774" lat="24.6384796" lon="121.3980232"/>
  <node id="4720356307" lat="24.6384199" lon="121.3981091"/>
  <node id="9197838775" lat="24.6383736" lon="121.3981654"/>
  <node id="9197838776" lat="24.6382371" lon="121.3982847"/>
  <node id="9197838777" lat="24.6381103" lon="121.3983800"/>
  <node id="9197838778" lat="24.6380262" lon="121.3984269"/>
  <node id="9197838779" lat="24.6379603" lon="121.3984430"/>
  <node id="9197838780" lat="24.6378957" lon="121.3984403"/>
  <node id="9197838781" lat="24.6378445" lon="121.3984189"/>
  <node id="9197838782" lat="24.6377946" lon="121.3983987"/>
  <node id="9197838783" lat="24.6377385" lon="121.3983920"/>
  <node id="9197838784" lat="24.6376946" lon="121.3984041"/>
  <node id="9197838785" lat="24.6376592" lon="121.3984430"/>
  <node id="9197838786" lat="24.6376373" lon="121.3985101"/>
  <node id="9197838787" lat="24.6376215" lon="121.3986254"/>
  <node id="9197838788" lat="24.6376349" lon="121.3986951"/>
  <node id="9197838789" lat="24.6376678" lon="121.3987488"/>
  <node id="9197838790" lat="24.6376982" lon="121.3987836"/>
  <node id="9197838791" lat="24.6377068" lon="121.3988064"/>
  <node id="9197838792" lat="24.6377019" lon="121.3988306"/>
  <node id="9197838793" lat="24.6376836" lon="121.3988480"/>
  <node id="9197838794" lat="24.6376641" lon="121.3988507"/>
  <node id="9197838795" lat="24.6376458" lon="121.3988386"/>
  <node id="9197838796" lat="24.6375361" lon="121.3986871"/>
  <node id="9197838797" lat="24.6374922" lon="121.3986576"/>
  <node id="9197838798" lat="24.6373886" lon="121.3986066"/>
  <node id="9197838799" lat="24.6373106" lon="121.3985704"/>
  <node id="9197838800" lat="24.6372826" lon="121.3985624"/>
  <node id="9197838801" lat="24.6372618" lon="121.3985637"/>
  <node id="9197838802" lat="24.6372448" lon="121.3985852"/>
  <node id="9197838803" lat="24.6372387" lon="121.3986240"/>
  <node id="9197838804" lat="24.6372521" lon="121.3987313"/>
  <node id="9197838805" lat="24.6372570" lon="121.3988185"/>
  <node id="9197838806" lat="24.6372533" lon="121.3988829"/>
  <node id="9197838807" lat="24.6372155" lon="121.3989808"/>
  <node id="9197838808" lat="24.6371850" lon="121.3990183"/>
  <node id="9197838809" lat="24.6371180" lon="121.3990680"/>
  <node id="9197838810" lat="24.6370619" lon="121.3990854"/>
  <node id="9197838811" lat="24.6369985" lon="121.3990881"/>
  <node id="9197838812" lat="24.6369546" lon="121.3990800"/>
  <node id="9197838813" lat="24.6369035" lon="121.3990478"/>
  <node id="9197838814" lat="24.6368364" lon="121.3989432"/>
  <node id="9197838815" lat="24.6367742" lon="121.3988185"/>
  <node id="9197838816" lat="24.6367243" lon="121.3986763"/>
  <node id="9197838817" lat="24.6367121" lon="121.3986321"/>
  <node id="9197838818" lat="24.6367096" lon="121.3985798"/>
  <node id="9197838819" lat="24.6367157" lon="121.3985436"/>
  <node id="9197838820" lat="24.6367645" lon="121.3984189"/>
  <node id="9197838821" lat="24.6367706" lon="121.3983786"/>
  <node id="9197838822" lat="24.6367669" lon="121.3983102"/>
  <node id="9197838823" lat="24.6367547" lon="121.3982338"/>
  <node id="9197838824" lat="24.6367328" lon="121.3981882"/>
  <node id="9197838825" lat="24.6367145" lon="121.3981721"/>
  <node id="9197838826" lat="24.6366926" lon="121.3981667"/>
  <node id="9197838827" lat="24.6366731" lon="121.3981734"/>
  <node id="9197838828" lat="24.6366365" lon="121.3982190"/>
  <node id="9197838829" lat="24.6362964" lon="121.3986026"/>
  <node id="9197838830" lat="24.6362464" lon="121.3986509"/>
  <node id="9197838831" lat="24.6362208" lon="121.3986817"/>
  <node id="9197838832" lat="24.6362123" lon="121.3987059"/>
  <node id="9197838833" lat="24.6362098" lon="121.3987394"/>
  <node id="9197838834" lat="24.6362123" lon="121.3987823"/>
  <node id="9197838835" lat="24.6362269" lon="121.3988239"/>
  <node id="9197838836" lat="24.6362708" lon="121.3989352"/>
  <node id="9197838837" lat="24.6363037" lon="121.3990505"/>
  <node id="9197838838" lat="24.6363256" lon="121.3991296"/>
  <node id="9197838839" lat="24.6363646" lon="121.3991940"/>
  <node id="9197838840" lat="24.6363963" lon="121.3992369"/>
  <node id="9197838841" lat="24.6364000" lon="121.3992517"/>
  <node id="9197838842" lat="24.6363976" lon="121.3992691"/>
  <node id="9197838843" lat="24.6363902" lon="121.3992812"/>
  <node id="9197838844" lat="24.6363744" lon="121.3992852"/>
  <node id="9197838845" lat="24.6362208" lon="121.3992436"/>
  <node id="9197838846" lat="24.6359819" lon="121.3991444"/>
  <node id="9197838847" lat="24.6359514" lon="121.3991283"/>
  <node id="9197838848" lat="24.6359331" lon="121.3991256"/>
  <node id="9197838849" lat="24.6359173" lon="121.3991337"/>
  <node id="9197838850" lat="24.6359075" lon="121.3991551"/>
  <node id="9197838851" lat="24.6359087" lon="121.3991819"/>
  <node id="9197838852" lat="24.6359441" lon="121.3992423"/>
  <node id="9197838853" lat="24.6361720" lon="121.3996875"/>
  <node id="9197838854" lat="24.6362184" lon="121.3997519"/>
  <node id="9197838855" lat="24.6362866" lon="121.3998002"/>
  <node id="9197838856" lat="24.6363293" lon="121.3998217"/>
  <node id="9197838857" lat="24.6363415" lon="121.3998337"/>
  <node id="9197838858" lat="24.6363415" lon="121.3998525"/>
  <node id="9197838859" lat="24.6363305" lon="121.3998686"/>
  <node id="9197838860" lat="24.6363061" lon="121.3998807"/>
  <node id="9197838861" lat="24.6362379" lon="121.3998954"/>
  <node id="9197838862" lat="24.6361050" lon="121.3998968"/>
  <node id="9197838863" lat="24.6359234" lon="121.3998552"/>
  <node id="9197838864" lat="24.6358575" lon="121.3998337"/>
  <node id="9197838865" lat="24.6358197" lon="121.3998297"/>
  <node id="9197838866" lat="24.6357978" lon="121.3998337"/>
  <node id="9197838867" lat="24.6357844" lon="121.3998512"/>
  <node id="9197838868" lat="24.6357807" lon="121.3998766"/>
  <node id="9197838869" lat="24.6357941" lon="121.3999021"/>
  <node id="9197838870" lat="24.6361257" lon="121.4001636"/>
  <node id="9197838902" lat="24.6362643" lon="121.4002462"/>
  <node id="9197838871" lat="24.6363372" lon="121.4003047"/>
  <node id="9197830508" lat="24.6407049" lon="121.4032388"/>
  <node id="9197830509" lat="24.6406610" lon="121.4033514"/>
  <node id="9197830510" lat="24.6405586" lon="121.4034534"/>
  <node id="9197830511" lat="24.6403782" lon="121.4035499"/>
  <node id="9197830512" lat="24.6401393" lon="121.4035928"/>
  <node id="9197830513" lat="24.6398992" lon="121.4036143"/>
  <node id="9197830514" lat="24.6397285" lon="121.4036626"/>
  <node id="9197830515" lat="24.6396285" lon="121.4037109"/>
  <node id="9197830516" lat="24.6395676" lon="121.4037618"/>
  <node id="9197838517" lat="24.6395091" lon="121.4038745"/>
  <node id="9197838518" lat="24.6394628" lon="121.4039737"/>
  <node id="9197838519" lat="24.6394140" lon="121.4040274"/>
  <node id="9197838520" lat="24.6393555" lon="121.4040649"/>
  <node id="9197838521" lat="24.6392043" lon="121.4040810"/>
  <node id="9197838522" lat="24.6389459" lon="121.4040783"/>
  <node id="9197838523" lat="24.6387216" lon="121.4040890"/>
  <node id="9197838524" lat="24.6386412" lon="121.4040864"/>
  <node id="9197838525" lat="24.6385997" lon="121.4040810"/>
  <node id="9197838526" lat="24.6385851" lon="121.4040461"/>
  <node id="9197838527" lat="24.6385948" lon="121.4040113"/>
  <node id="9197838528" lat="24.6386241" lon="121.4039925"/>
  <node id="9197838529" lat="24.6387509" lon="121.4039496"/>
  <node id="9197838530" lat="24.6388825" lon="121.4038932"/>
  <node id="9197838531" lat="24.6389752" lon="121.4038316"/>
  <node id="9197838532" lat="24.6391726" lon="121.4036411"/>
  <node id="9197839120" lat="24.6392032" lon="121.4036144"/>
  <node id="9197838533" lat="24.6393262" lon="121.4035070"/>
  <node id="9197838534" lat="24.6394018" lon="121.4034051"/>
  <node id="9197838535" lat="24.6394628" lon="121.4033514"/>
  <node id="9197838536" lat="24.6395335" lon="121.4033085"/>
  <node id="9197838537" lat="24.6396871" lon="121.4032522"/>
  <node id="9197838538" lat="24.6398041" lon="121.4032093"/>
  <node id="9197838539" lat="24.6398894" lon="121.4031235"/>
  <node id="9197838540" lat="24.6399577" lon="121.4029920"/>
  <node id="9197838541" lat="24.6399699" lon="121.4028686"/>
  <node id="9197838542" lat="24.6399552" lon="121.4027238"/>
  <node id="9197838543" lat="24.6399138" lon="121.4026192"/>
  <node id="9197838544" lat="24.6397456" lon="121.4022464"/>
  <node id="9197838545" lat="24.6396895" lon="121.4020962"/>
  <node id="9197838546" lat="24.6396773" lon="121.4020157"/>
  <node id="9197838547" lat="24.6396822" lon="121.4019808"/>
  <node id="9197838548" lat="24.6397017" lon="121.4019540"/>
  <node id="9197838549" lat="24.6397456" lon="121.4019379"/>
  <node id="9197838550" lat="24.6400601" lon="121.4019326"/>
  <node id="9197838551" lat="24.6401722" lon="121.4019326"/>
  <node id="9197838552" lat="24.6402307" lon="121.4019218"/>
  <node id="9197838553" lat="24.6402770" lon="121.4018950"/>
  <node id="9197838554" lat="24.6404623" lon="121.4017689"/>
  <node id="9197838555" lat="24.6406110" lon="121.4017099"/>
  <node id="9197838556" lat="24.6407939" lon="121.4016724"/>
  <node id="9197838557" lat="24.6409668" lon="121.4016586"/>
  <node id="9197838558" lat="24.6411011" lon="121.4016348"/>
  <node id="9197838559" lat="24.6412766" lon="121.4016295"/>
  <node id="9197838560" lat="24.6414668" lon="121.4016429"/>
  <node id="9197838561" lat="24.6415399" lon="121.4016429"/>
  <node id="9197838562" lat="24.6416009" lon="121.4016295"/>
  <node id="9197838563" lat="24.6416911" lon="121.4015705"/>
  <node id="9197838564" lat="24.6418105" lon="121.4015088"/>
  <node id="9197838565" lat="24.6418910" lon="121.4014739"/>
  <node id="9197838566" lat="24.6419641" lon="121.4014658"/>
  <node id="9197838567" lat="24.6421153" lon="121.4014819"/>
  <node id="9197838568" lat="24.6422713" lon="121.4014819"/>
  <node id="9197838569" lat="24.6423883" lon="121.4014605"/>
  <node id="9197838570" lat="24.6424419" lon="121.4014390"/>
  <node id="9197838571" lat="24.6424907" lon="121.4013934"/>
  <node id="9197838572" lat="24.6425517" lon="121.4013022"/>
  <node id="9197838573" lat="24.6425907" lon="121.4012540"/>
  <node id="9197838574" lat="24.6426540" lon="121.4012030"/>
  <node id="9197838575" lat="24.6427881" lon="121.4010716"/>
  <node id="9197838576" lat="24.6428393" lon="121.4009482"/>
  <node id="9197838577" lat="24.6428735" lon="121.4008355"/>
  <node id="9197838578" lat="24.6428759" lon="121.4007551"/>
  <node id="9197838579" lat="24.6428491" lon="121.4006370"/>
  <node id="9197838580" lat="24.6427881" lon="121.4005056"/>
  <node id="9197838581" lat="24.6427589" lon="121.4003930"/>
  <node id="9197838582" lat="24.6427077" lon="121.4002535"/>
  <node id="9197838583" lat="24.6426394" lon="121.4001086"/>
  <node id="9197838584" lat="24.6425663" lon="121.4000067"/>
  <node id="9197838585" lat="24.6424322" lon="121.3998672"/>
  <node id="9197838586" lat="24.6423176" lon="121.3997385"/>
  <node id="9197838587" lat="24.6422323" lon="121.3996849"/>
  <node id="9197838588" lat="24.6421738" lon="121.3996714"/>
  <node id="9197838589" lat="24.6421421" lon="121.3996902"/>
  <node id="9197838590" lat="24.6421518" lon="121.3997412"/>
  <node id="9197838591" lat="24.6422518" lon="121.3999048"/>
  <node id="9197838592" lat="24.6423030" lon="121.4000228"/>
  <node id="9197838593" lat="24.6423103" lon="121.4000845"/>
  <node id="9197838594" lat="24.6422908" lon="121.4002267"/>
  <node id="9197838595" lat="24.6422469" lon="121.4003608"/>
  <node id="9197838596" lat="24.6422030" lon="121.4004681"/>
  <node id="9197838597" lat="24.6421006" lon="121.4005593"/>
  <node id="9197838598" lat="24.6420056" lon="121.4005968"/>
  <node id="9197838599" lat="24.6419422" lon="121.4005861"/>
  <node id="9197838600" lat="24.6417715" lon="121.4004600"/>
  <node id="9197838601" lat="24.6416959" lon="121.4004278"/>
  <node id="9197838602" lat="24.6416618" lon="121.4004037"/>
  <node id="9197838603" lat="24.6416594" lon="121.4003688"/>
  <node id="9197838604" lat="24.6416813" lon="121.4003393"/>
  <node id="9197838605" lat="24.6417447" lon="121.4003098"/>
  <node id="9197838606" lat="24.6417837" lon="121.4002696"/>
  <node id="9197838607" lat="24.6417959" lon="121.4002079"/>
  <node id="9197838608" lat="24.6417910" lon="121.4001569"/>
  <node id="9197838609" lat="24.6417374" lon="121.4000604"/>
  <node id="9197838610" lat="24.6415984" lon="121.3998672"/>
  <node id="9197838611" lat="24.6415692" lon="121.3998324"/>
  <node id="9197838612" lat="24.6415375" lon="121.3998190"/>
  <node id="9197838613" lat="24.6415033" lon="121.3998324"/>
  <node id="9197838614" lat="24.6414716" lon="121.3998807"/>
  <node id="9197838615" lat="24.6414351" lon="121.3999316"/>
  <node id="9197838616" lat="24.6413888" lon="121.3999531"/>
  <node id="9197838617" lat="24.6413376" lon="121.3999558"/>
  <node id="9197838618" lat="24.6411523" lon="121.3999102"/>
  <node id="9197838619" lat="24.6410743" lon="121.3999048"/>
  <node id="9197838620" lat="24.6409694" lon="121.3998860"/>
  <node id="9197838621" lat="24.6408865" lon="121.3998672"/>
  <node id="9197838622" lat="24.6408451" lon="121.3998726"/>
  <node id="9197838623" lat="24.6407793" lon="121.3998968"/>
  <node id="9197838624" lat="24.6407208" lon="121.3999102"/>
  <node id="9197838625" lat="24.6406232" lon="121.3999102"/>
  <node id="9197838626" lat="24.6404867" lon="121.3998968"/>
  <node id="9197838627" lat="24.6403673" lon="121.3998941"/>
  <node id="9197838628" lat="24.6401503" lon="121.3998941"/>
  <node id="9197838629" lat="24.6400357" lon="121.3999021"/>
  <node id="9197838872" lat="24.6397602" lon="121.3999343"/>
  <node id="9197838873" lat="24.6396432" lon="121.3999249"/>
  <node id="9197838874" lat="24.6395213" lon="121.3999276"/>
  <node id="9197838875" lat="24.6394140" lon="121.3999464"/>
  <node id="9197838876" lat="24.6393311" lon="121.3999652"/>
  <node id="9197838877" lat="24.6392531" lon="121.3999571"/>
  <node id="9197838878" lat="24.6391751" lon="121.3999598"/>
  <node id="9197838879" lat="24.6390971" lon="121.3999893"/>
  <node id="9197838880" lat="24.6389337" lon="121.4000832"/>
  <node id="9197838881" lat="24.6388216" lon="121.4001314"/>
  <node id="9197838882" lat="24.6386290" lon="121.4002146"/>
  <node id="9197838883" lat="24.6383535" lon="121.4003728"/>
  <node id="9197838884" lat="24.6381877" lon="121.4004587"/>
  <node id="9197838885" lat="24.6380268" lon="121.4005338"/>
  <node id="9197839241" lat="24.6379776" lon="121.4005536"/>
  <node id="9197838886" lat="24.6378805" lon="121.4005928"/>
  <node id="9197838887" lat="24.6377171" lon="121.4007162"/>
  <node id="9197838888" lat="24.6375514" lon="121.4008315"/>
  <node id="9197838889" lat="24.6374807" lon="121.4008717"/>
  <node id="9197838890" lat="24.6374026" lon="121.4008825"/>
  <node id="9197838891" lat="24.6373173" lon="121.4008744"/>
  <node id="9197838892" lat="24.6372125" lon="121.4008771"/>
  <node id="9197838893" lat="24.6371223" lon="121.4008691"/>
  <node id="9197838894" lat="24.6370516" lon="121.4008530"/>
  <node id="9197838895" lat="24.6369687" lon="121.4008047"/>
  <node id="9197839218" lat="24.6369089" lon="121.4007541"/>
  <node id="9197838896" lat="24.6367151" lon="121.4005901"/>
  <node id="9197838897" lat="24.6366444" lon="121.4005284"/>
  <node id="9197838898" lat="24.6365640" lon="121.4004479"/>
  <node id="9197838899" lat="24.6364152" lon="121.4003433"/>
  <node id="9197838900" lat="24.6362299" lon="121.4002790"/>
  <node id="9197838901" lat="24.6360593" lon="121.4002307"/>
  <node id="9197838903" lat="24.6359106" lon="121.4001824"/>
  <node id="9197838904" lat="24.6357862" lon="121.4001180"/>
  <node id="9197838905" lat="24.6356789" lon="121.4000000"/>
  <node id="9197838906" lat="24.6356009" lon="121.3999196"/>
  <node id="9197838907" lat="24.6355424" lon="121.3998740"/>
  <node id="9197838908" lat="24.6354717" lon="121.3998284"/>
  <node id="9197838909" lat="24.6354083" lon="121.3997720"/>
  <node id="9197838910" lat="24.6353108" lon="121.3996540"/>
  <node id="9197838911" lat="24.6352474" lon="121.3995682"/>
  <node id="9197838912" lat="24.6352303" lon="121.3995119"/>
  <node id="9197838913" lat="24.6352450" lon="121.3994368"/>
  <node id="9197838914" lat="24.6352986" lon="121.3991659"/>
  <node id="9197838915" lat="24.6353084" lon="121.3990371"/>
  <node id="9197838916" lat="24.6353376" lon="121.3989164"/>
  <node id="9197838917" lat="24.6353766" lon="121.3987716"/>
  <node id="9197838918" lat="24.6353791" lon="121.3986938"/>
  <node id="9197838919" lat="24.6353522" lon="121.3986321"/>
  <node id="9197838920" lat="24.6352718" lon="121.3985597"/>
  <node id="9197838921" lat="24.6351962" lon="121.3984926"/>
  <node id="9197838922" lat="24.6351621" lon="121.3984497"/>
  <node id="9197838923" lat="24.6350719" lon="121.3982432"/>
  <node id="9197838924" lat="24.6350645" lon="121.3981842"/>
  <node id="9197838925" lat="24.6350719" lon="121.3981439"/>
  <node id="9197838926" lat="24.6350987" lon="121.3981037"/>
  <node id="9197838927" lat="24.6352864" lon="121.3979294"/>
  <node id="9197838928" lat="24.6354254" lon="121.3978274"/>
  <node id="9197838929" lat="24.6354546" lon="121.3977818"/>
  <node id="9197838930" lat="24.6354693" lon="121.3977255"/>
  <node id="9197838931" lat="24.6354985" lon="121.3976585"/>
  <node id="9197838932" lat="24.6355400" lon="121.3975994"/>
  <node id="9197838933" lat="24.6356082" lon="121.3975324"/>
  <node id="9197838934" lat="24.6357033" lon="121.3974761"/>
  <node id="9197838935" lat="24.6359691" lon="121.3973366"/>
  <node id="9197838936" lat="24.6361202" lon="121.3972105"/>
  <node id="9197838937" lat="24.6362470" lon="121.3970898"/>
  <node id="9197838938" lat="24.6362763" lon="121.3970308"/>
  <node id="9197838939" lat="24.6362860" lon="121.3969718"/>
  <node id="9197838940" lat="24.6362689" lon="121.3969101"/>
  <node id="9197838941" lat="24.6361666" lon="121.3967304"/>
  <node id="9197838942" lat="24.6361032" lon="121.3966097"/>
  <node id="9197838943" lat="24.6360617" lon="121.3965748"/>
  <node id="9197838944" lat="24.6360130" lon="121.3965614"/>
  <node id="9197838945" lat="24.6359179" lon="121.3965748"/>
  <node id="9197838946" lat="24.6357935" lon="121.3965909"/>
  <node id="9197838947" lat="24.6357179" lon="121.3965829"/>
  <node id="9197838948" lat="24.6356643" lon="121.3965587"/>
  <node id="9197838949" lat="24.6355912" lon="121.3965158"/>
  <node id="9197838950" lat="24.6355643" lon="121.3964702"/>
  <node id="9197838951" lat="24.6355424" lon="121.3963710"/>
  <node id="9197838952" lat="24.6355351" lon="121.3962610"/>
  <node id="9197838953" lat="24.6355180" lon="121.3962208"/>
  <node id="9197838954" lat="24.6355010" lon="121.3961671"/>
  <node id="9197838955" lat="24.6354863" lon="121.3960411"/>
  <node id="9197838956" lat="24.6354619" lon="121.3959526"/>
  <node id="9197838957" lat="24.6354108" lon="121.3958506"/>
  <node id="9197838958" lat="24.6353425" lon="121.3957621"/>
  <node id="9197838959" lat="24.6352206" lon="121.3956817"/>
  <node id="9197838960" lat="24.6351328" lon="121.3956173"/>
  <node id="9197838961" lat="24.6350548" lon="121.3955154"/>
  <node id="9197838962" lat="24.6349841" lon="121.3954027"/>
  <node id="9197838963" lat="24.6349621" lon="121.3953383"/>
  <node id="9197838964" lat="24.6349451" lon="121.3952793"/>
  <node id="9197838965" lat="24.6349286" lon="121.3952552"/>
  <node id="9197838966" lat="24.6349103" lon="121.3952471"/>
  <node id="9197838967" lat="24.6348945" lon="121.3952525"/>
  <node id="9197838968" lat="24.6348823" lon="121.3952713"/>
  <node id="9197838969" lat="24.6348774" lon="121.3953383"/>
  <node id="9197838970" lat="24.6348884" lon="121.3954684"/>
  <node id="9197838971" lat="24.6348945" lon="121.3955596"/>
  <node id="9197838972" lat="24.6349030" lon="121.3956669"/>
  <node id="9197838973" lat="24.6349213" lon="121.3957340"/>
  <node id="9197838974" lat="24.6349920" lon="121.3958976"/>
  <node id="9197838975" lat="24.6350200" lon="121.3959445"/>
  <node id="9197838976" lat="24.6350517" lon="121.3960223"/>
  <node id="9197838977" lat="24.6350615" lon="121.3960572"/>
  <node id="9197838978" lat="24.6350591" lon="121.3960827"/>
  <node id="9197838979" lat="24.6350481" lon="121.3961055"/>
  <node id="9197838980" lat="24.6350298" lon="121.3961122"/>
  <node id="9197838981" lat="24.6350042" lon="121.3961014"/>
  <node id="9197838982" lat="24.6349640" lon="121.3960733"/>
  <node id="9197838983" lat="24.6349481" lon="121.3960679"/>
  <node id="9197838984" lat="24.6349323" lon="121.3960746"/>
  <node id="9197838985" lat="24.6349225" lon="121.3960987"/>
  <node id="9197838986" lat="24.6349262" lon="121.3961336"/>
  <node id="9197838987" lat="24.6349749" lon="121.3962825"/>
  <node id="9197838988" lat="24.6350176" lon="121.3964152"/>
  <node id="9197838989" lat="24.6350481" lon="121.3964675"/>
  <node id="9197838990" lat="24.6350895" lon="121.3965279"/>
  <node id="9197838991" lat="24.6351103" lon="121.3965762"/>
  <node id="9197838992" lat="24.6351176" lon="121.3966325"/>
  <node id="9197838993" lat="24.6351151" lon="121.3967116"/>
  <node id="9197838994" lat="24.6350993" lon="121.3968659"/>
  <node id="9197838995" lat="24.6350981" lon="121.3969396"/>
  <node id="9197838996" lat="24.6351066" lon="121.3971166"/>
  <node id="9197838997" lat="24.6351042" lon="121.3971555"/>
  <node id="9197838998" lat="24.6350932" lon="121.3972011"/>
  <node id="9197838999" lat="24.6350688" lon="121.3972280"/>
  <node id="9197839000" lat="24.6350225" lon="121.3972534"/>
  <node id="9197839001" lat="24.6349079" lon="121.3972923"/>
  <node id="9197839002" lat="24.6348128" lon="121.3973111"/>
  <node id="9197839003" lat="24.6346641" lon="121.3973393"/>
  <node id="9197839004" lat="24.6345282" lon="121.3973795"/>
  <node id="9197839005" lat="24.6344599" lon="121.3974090"/>
  <node id="9197839006" lat="24.6343941" lon="121.3974626"/>
  <node id="9197839007" lat="24.6342015" lon="121.3976343"/>
  <node id="9197839008" lat="24.6341429" lon="121.3977014"/>
  <node id="9197839009" lat="24.6340698" lon="121.3977845"/>
  <node id="9197839010" lat="24.6339991" lon="121.3978435"/>
  <node id="9197839011" lat="24.6339260" lon="121.3978918"/>
  <node id="9197839012" lat="24.6338748" lon="121.3979267"/>
  <node id="9197839013" lat="24.6338553" lon="121.3979642"/>
  <node id="9197839014" lat="24.6338455" lon="121.3980098"/>
  <node id="9197839015" lat="24.6338553" lon="121.3980715"/>
  <node id="9197839016" lat="24.6339186" lon="121.3982083"/>
  <node id="9197839017" lat="24.6340259" lon="121.3983907"/>
  <node id="9197839018" lat="24.6340844" lon="121.3984631"/>
  <node id="9197839019" lat="24.6341356" lon="121.3985060"/>
  <node id="9197839020" lat="24.6342039" lon="121.3985543"/>
  <node id="9197839021" lat="24.6342356" lon="121.3985972"/>
  <node id="9197839022" lat="24.6343087" lon="121.3987367"/>
  <node id="9197839023" lat="24.6343331" lon="121.3988145"/>
  <node id="9197839024" lat="24.6343331" lon="121.3989110"/>
  <node id="9197839025" lat="24.6342990" lon="121.3990452"/>
  <node id="9197839026" lat="24.6342405" lon="121.3991685"/>
  <node id="9197839027" lat="24.6341966" lon="121.3992275"/>
  <node id="9197839028" lat="24.6341186" lon="121.3992919"/>
  <node id="9197839029" lat="24.6340747" lon="121.3993348"/>
  <node id="9197839030" lat="24.6340259" lon="121.3994421"/>
  <node id="9197839031" lat="24.6339723" lon="121.3996486"/>
  <node id="9197839032" lat="24.6339601" lon="121.3997586"/>
  <node id="9197839033" lat="24.6339698" lon="121.3998203"/>
  <node id="9197839034" lat="24.6340113" lon="121.3998874"/>
  <node id="9197839035" lat="24.6340601" lon="121.3999652"/>
  <node id="9197839036" lat="24.6340942" lon="121.4000349"/>
  <node id="9197839037" lat="24.6341893" lon="121.4002065"/>
  <node id="9197839038" lat="24.6342965" lon="121.4003782"/>
  <node id="9197839039" lat="24.6343599" lon="121.4004721"/>
  <node id="9197839040" lat="24.6344136" lon="121.4005150"/>
  <node id="9197839041" lat="24.6345184" lon="121.4005794"/>
  <node id="9197839042" lat="24.6345672" lon="121.4006169"/>
  <node id="9197839043" lat="24.6346403" lon="121.4006920"/>
  <node id="9197839044" lat="24.6347281" lon="121.4007993"/>
  <node id="9197839045" lat="24.6348012" lon="121.4009254"/>
  <node id="9197839046" lat="24.6348646" lon="121.4010649"/>
  <node id="9197839047" lat="24.6349085" lon="121.4012204"/>
  <node id="9197839048" lat="24.6349329" lon="121.4012741"/>
  <node id="9197839049" lat="24.6350207" lon="121.4013358"/>
  <node id="9197839050" lat="24.6350889" lon="121.4014055"/>
  <node id="9197839051" lat="24.6351694" lon="121.4014833"/>
  <node id="9197839052" lat="24.6352303" lon="121.4015181"/>
  <node id="9197839053" lat="24.6353205" lon="121.4015262"/>
  <node id="9197839054" lat="24.6353986" lon="121.4015235"/>
  <node id="9197839055" lat="24.6354400" lon="121.4015369"/>
  <node id="9197839056" lat="24.6354717" lon="121.4015745"/>
  <node id="9197839057" lat="24.6354766" lon="121.4016362"/>
  <node id="9197839058" lat="24.6354400" lon="121.4017756"/>
  <node id="9197839059" lat="24.6354132" lon="121.4019205"/>
  <node id="9197839060" lat="24.6353864" lon="121.4020197"/>
  <node id="9197839061" lat="24.6352791" lon="121.4023094"/>
  <node id="9197839062" lat="24.6352401" lon="121.4024596"/>
  <node id="9197839063" lat="24.6352157" lon="121.4026018"/>
  <node id="9197839064" lat="24.6352060" lon="121.4026983"/>
  <node id="9197839065" lat="24.6352206" lon="121.4027788"/>
  <node id="9197839066" lat="24.6353035" lon="121.4029183"/>
  <node id="9197839067" lat="24.6353254" lon="121.4029934"/>
  <node id="9197839068" lat="24.6353352" lon="121.4031060"/>
  <node id="9197839069" lat="24.6353352" lon="121.4032267"/>
  <node id="9197839070" lat="24.6353522" lon="121.4032938"/>
  <node id="9197839071" lat="24.6354595" lon="121.4034145"/>
  <node id="9197839072" lat="24.6356521" lon="121.4035566"/>
  <node id="9197839073" lat="24.6357496" lon="121.4035969"/>
  <node id="9197839074" lat="24.6358642" lon="121.4036076"/>
  <node id="9197839075" lat="24.6361032" lon="121.4036103"/>
  <node id="9197839076" lat="24.6362689" lon="121.4036398"/>
  <node id="9197839077" lat="24.6363518" lon="121.4036612"/>
  <node id="9197839078" lat="24.6363768" lon="121.4036693"/>
  <node id="9197839079" lat="24.6363841" lon="121.4036854"/>
  <node id="9197839080" lat="24.6363817" lon="121.4037068"/>
  <node id="9197839081" lat="24.6363671" lon="121.4037216"/>
  <node id="9197830507" lat="24.6363403" lon="121.4037269"/>
  <node id="9197830506" lat="24.6361928" lon="121.4037551"/>
  <node id="9197830505" lat="24.6359733" lon="121.4037967"/>
  <node id="9197830504" lat="24.6359429" lon="121.4038155"/>
  <node id="9197830503" lat="24.6358673" lon="121.4038624"/>
  <node id="9197830502" lat="24.6357112" lon="121.4039549"/>
  <node id="9197830501" lat="24.6355735" lon="121.4039938"/>
  <node id="9197830500" lat="24.6354894" lon="121.4039992"/>
  <node id="9197830499" lat="24.6353998" lon="121.4039764"/>
  <node id="9197830498" lat="24.6352925" lon="121.4039308"/>
  <node id="9197830497" lat="24.6352706" lon="121.4039268"/>
  <node id="9197830496" lat="24.6352486" lon="121.4039375"/>
  <node id="9197830495" lat="24.6352462" lon="121.4039630"/>
  <node id="9197830494" lat="24.6352657" lon="121.4040032"/>
  <node id="9197830493" lat="24.6353266" lon="121.4040783"/>
  <node id="9197830492" lat="24.6354583" lon="121.4041749"/>
  <node id="9197830491" lat="24.6357289" lon="121.4043197"/>
  <node id="9197830490" lat="24.6358533" lon="121.4043787"/>
  <node id="9197830489" lat="24.6359898" lon="121.4044726"/>
  <node id="9197839268" lat="24.6360110" lon="121.4044900"/>
  <node id="9197830488" lat="24.6361702" lon="121.4046201"/>
  <node id="9197830487" lat="24.6363799" lon="121.4048025"/>
  <node id="9197830486" lat="24.6365579" lon="121.4049822"/>
  <node id="9197830485" lat="24.6366066" lon="121.4050332"/>
  <node id="9197830484" lat="24.6366529" lon="121.4050546"/>
  <node id="9197830483" lat="24.6367236" lon="121.4050546"/>
  <node id="9197830482" lat="24.6367943" lon="121.4050412"/>
  <node id="9197830481" lat="24.6369187" lon="121.4049983"/>
  <node id="9197830480" lat="24.6370479" lon="121.4049608"/>
  <node id="9197830479" lat="24.6371698" lon="121.4049339"/>
  <node id="3325086612" lat="24.6373002" lon="121.4048803"/>
  <node id="9197830478" lat="24.6374258" lon="121.4048038"/>
  <node id="9197839102" lat="24.6396374" lon="121.4019842"/>
  <node id="9197839103" lat="24.6396130" lon="121.4020164"/>
  <node id="9197839104" lat="24.6396155" lon="121.4020620"/>
  <node id="9197839105" lat="24.6396642" lon="121.4022444"/>
  <node id="9197839106" lat="24.6396618" lon="121.4023597"/>
  <node id="9197839107" lat="24.6396472" lon="121.4024938"/>
  <node id="9197839108" lat="24.6396277" lon="121.4025904"/>
  <node id="9197839109" lat="24.6395960" lon="121.4026333"/>
  <node id="9197839110" lat="24.6395643" lon="121.4026574"/>
  <node id="9197839111" lat="24.6395302" lon="121.4026601"/>
  <node id="9197839112" lat="24.6395106" lon="121.4026360"/>
  <node id="9197839113" lat="24.6395009" lon="121.4025421"/>
  <node id="9197839114" lat="24.6394936" lon="121.4024858"/>
  <node id="9197839115" lat="24.6394741" lon="121.4024858"/>
  <node id="9197839116" lat="24.6394521" lon="121.4026065"/>
  <node id="9197839117" lat="24.6394302" lon="121.4026413"/>
  <node id="9197839118" lat="24.6393887" lon="121.4026547"/>
  <node id="9197839119" lat="24.6392717" lon="121.4026574"/>
  <node id="9197839121" lat="24.6391456" lon="121.4036297"/>
  <node id="9197839122" lat="24.6391078" lon="121.4036498"/>
  <node id="9197839123" lat="24.6390761" lon="121.4036780"/>
  <node id="9197839124" lat="24.6390602" lon="121.4036941"/>
  <node id="9197839125" lat="24.6390468" lon="121.4036981"/>
  <node id="9197839126" lat="24.6390383" lon="121.4036901"/>
  <node id="9197839127" lat="24.6390383" lon="121.4036753"/>
  <node id="9197839128" lat="24.6390529" lon="121.4036485"/>
  <node id="9197839129" lat="24.6391126" lon="121.4035788"/>
  <node id="9197839130" lat="24.6392004" lon="121.4034862"/>
  <node id="9197839131" lat="24.6392589" lon="121.4034339"/>
  <node id="9197839132" lat="24.6392796" lon="121.4034058"/>
  <node id="9197839133" lat="24.6392979" lon="121.4033749"/>
  <node id="9197839134" lat="24.6392992" lon="121.4033534"/>
  <node id="9197839135" lat="24.6392931" lon="121.4033374"/>
  <node id="9197839136" lat="24.6392809" lon="121.4033280"/>
  <node id="9197839137" lat="24.6392614" lon="121.4033306"/>
  <node id="9197839138" lat="24.6392260" lon="121.4033494"/>
  <node id="9197839139" lat="24.6391517" lon="121.4033682"/>
  <node id="9197839140" lat="24.6390822" lon="121.4033776"/>
  <node id="9197839141" lat="24.6390310" lon="121.4033843"/>
  <node id="9197839142" lat="24.6389749" lon="121.4034058"/>
  <node id="9197839143" lat="24.6389225" lon="121.4034286"/>
  <node id="9197839144" lat="24.6388664" lon="121.4034527"/>
  <node id="9197839145" lat="24.6388286" lon="121.4034661"/>
  <node id="9197839146" lat="24.6387908" lon="121.4034648"/>
  <node id="9197839148" lat="24.6387354" lon="121.4034487"/>
  <node id="9197839147" lat="24.6386775" lon="121.4034218"/>
  <node id="9197839149" lat="24.6364016" lon="121.4037343"/>
  <node id="9197839150" lat="24.6365015" lon="121.4037464"/>
  <node id="9197839151" lat="24.6366234" lon="121.4037652"/>
  <node id="9197839152" lat="24.6367429" lon="121.4037692"/>
  <node id="9197839153" lat="24.6369294" lon="121.4037705"/>
  <node id="9197839157" lat="24.6369873" lon="121.4037752"/>
  <node id="9197839154" lat="24.6370476" lon="121.4037880"/>
  <node id="9197839155" lat="24.6371013" lon="121.4038108"/>
  <node id="9197839156" lat="24.6372793" lon="121.4039046"/>
  <node id="9197839158" lat="24.6352697" lon="121.4026145"/>
  <node id="9197839167" lat="24.6352916" lon="121.4026896"/>
  <node id="9197839159" lat="24.6353282" lon="121.4027593"/>
  <node id="9197839160" lat="24.6353989" lon="121.4028532"/>
  <node id="9197839161" lat="24.6354647" lon="121.4029525"/>
  <node id="9197839162" lat="24.6355501" lon="121.4030356"/>
  <node id="9197839163" lat="24.6356305" lon="121.4030785"/>
  <node id="9197839166" lat="24.6357280" lon="121.4031067"/>
  <node id="9197839164" lat="24.6358158" lon="121.4031161"/>
  <node id="9197839165" lat="24.6360840" lon="121.4031080"/>
  <node id="9197839168" lat="24.6365716" lon="121.4005063"/>
  <node id="9197839169" lat="24.6364936" lon="121.4004607"/>
  <node id="9197839170" lat="24.6364107" lon="121.4004285"/>
  <node id="9197839171" lat="24.6363254" lon="121.4004044"/>
  <node id="9197839172" lat="24.6361645" lon="121.4003963"/>
  <node id="9197839173" lat="24.6360352" lon="121.4003963"/>
  <node id="9197839174" lat="24.6359280" lon="121.4003883"/>
  <node id="9197839175" lat="24.6359158" lon="121.4004178"/>
  <node id="9197839176" lat="24.6359694" lon="121.4004795"/>
  <node id="9197839177" lat="24.6360718" lon="121.4005841"/>
  <node id="9197839178" lat="24.6361547" lon="121.4006404"/>
  <node id="9197839179" lat="24.6362912" lon="121.4007182"/>
  <node id="9197839180" lat="24.6363449" lon="121.4007691"/>
  <node id="9197839181" lat="24.6364034" lon="121.4008469"/>
  <node id="9197839182" lat="24.6364546" lon="121.4009435"/>
  <node id="9197839183" lat="24.6365009" lon="121.4010079"/>
  <node id="9197839184" lat="24.6366204" lon="121.4011473"/>
  <node id="9197839185" lat="24.6366618" lon="121.4012010"/>
  <node id="9197839186" lat="24.6366984" lon="121.4012814"/>
  <node id="9197839187" lat="24.6367155" lon="121.4013539"/>
  <node id="9197839188" lat="24.6367301" lon="121.4014451"/>
  <node id="9197839189" lat="24.6367545" lon="121.4015067"/>
  <node id="9197839190" lat="24.6368179" lon="121.4015818"/>
  <node id="9197839191" lat="24.6368081" lon="121.4016060"/>
  <node id="9197839192" lat="24.6367228" lon="121.4015818"/>
  <node id="9197839193" lat="24.6366009" lon="121.4015309"/>
  <node id="9197839194" lat="24.6365204" lon="121.4014960"/>
  <node id="9197839195" lat="24.6364765" lon="121.4014880"/>
  <node id="9197839196" lat="24.6363181" lon="121.4014746"/>
  <node id="9197839197" lat="24.6361279" lon="121.4014531"/>
  <node id="9197839198" lat="24.6361059" lon="121.4014638"/>
  <node id="9197839199" lat="24.6360944" lon="121.4014866"/>
  <node id="9197839200" lat="24.6360895" lon="121.4015161"/>
  <node id="9197839201" lat="24.6361066" lon="121.4015658"/>
  <node id="9197839202" lat="24.6361955" lon="121.4016757"/>
  <node id="9197839203" lat="24.6363394" lon="121.4018554"/>
  <node id="9197839207" lat="24.6363538" lon="121.4018822"/>
  <node id="9197839204" lat="24.6363784" lon="121.4019279"/>
  <node id="9197839205" lat="24.6364320" lon="121.4020030"/>
  <node id="9197839206" lat="24.6364893" lon="121.4020365"/>
  <node id="9197839208" lat="24.6362687" lon="121.4018930"/>
  <node id="9197839209" lat="24.6361334" lon="121.4019064"/>
  <node id="9197839210" lat="24.6360785" lon="121.4019118"/>
  <node id="9197839211" lat="24.6360554" lon="121.4019185"/>
  <node id="9197839212" lat="24.6360407" lon="121.4019319"/>
  <node id="9197839213" lat="24.6360371" lon="121.4019547"/>
  <node id="9197839214" lat="24.6360554" lon="121.4019815"/>
  <node id="9197839215" lat="24.6362114" lon="121.4021317"/>
  <node id="9197839216" lat="24.6362760" lon="121.4022511"/>
  <node id="9197839217" lat="24.6364223" lon="121.4025394"/>
  <node id="9197839219" lat="24.6370227" lon="121.4007651"/>
  <node id="9197839220" lat="24.6371031" lon="121.4007624"/>
  <node id="9197839221" lat="24.6371836" lon="121.4007276"/>
  <node id="9197839222" lat="24.6372616" lon="121.4006551"/>
  <node id="9197839223" lat="24.6374834" lon="121.4004674"/>
  <node id="9197839224" lat="24.6376370" lon="121.4003628"/>
  <node id="9197839225" lat="24.6377004" lon="121.4003038"/>
  <node id="9197839226" lat="24.6376907" lon="121.4002796"/>
  <node id="9197839227" lat="24.6376005" lon="121.4003038"/>
  <node id="9197839228" lat="24.6375078" lon="121.4003226"/>
  <node id="9197839229" lat="24.6374274" lon="121.4003145"/>
  <node id="9197839230" lat="24.6373469" lon="121.4002770"/>
  <node id="9197839231" lat="24.6372665" lon="121.4002448"/>
  <node id="9197839232" lat="24.6371763" lon="121.4002394"/>
  <node id="9197839233" lat="24.6370885" lon="121.4002448"/>
  <node id="9197839234" lat="24.6370348" lon="121.4002448"/>
  <node id="9197839235" lat="24.6370080" lon="121.4002260"/>
  <node id="9197839236" lat="24.6370032" lon="121.4001965"/>
  <node id="9197839237" lat="24.6370153" lon="121.4001670"/>
  <node id="9197839238" lat="24.6370495" lon="121.4001482"/>
  <node id="9197839239" lat="24.6372835" lon="121.4000946"/>
  <node id="9197839240" lat="24.6374664" lon="121.4000919"/>
  <node id="9197839242" lat="24.6377858" lon="121.4008885"/>
  <node id="9197839243" lat="24.6377979" lon="121.4009073"/>
  <node id="9197839244" lat="24.6378516" lon="121.4008858"/>
  <node id="9197839245" lat="24.6379320" lon="121.4008724"/>
  <node id="9197839246" lat="24.6379906" lon="121.4008563"/>
  <node id="9197839247" lat="24.6381710" lon="121.4007490"/>
  <node id="9197880928" lat="24.6381889" lon="121.4007590"/>
  <node id="9197880929" lat="24.6382133" lon="121.4009280"/>
  <node id="9197880930" lat="24.6382206" lon="121.4010085"/>
  <node id="9197839248" lat="24.6345517" lon="121.4005626"/>
  <node id="9197839249" lat="24.6345200" lon="121.4005277"/>
  <node id="9197839250" lat="24.6344151" lon="121.4004446"/>
  <node id="9197839251" lat="24.6343932" lon="121.4004097"/>
  <node id="9197839252" lat="24.6342591" lon="121.4001254"/>
  <node id="9197839253" lat="24.6341567" lon="121.3998384"/>
  <node id="9197839254" lat="24.6341786" lon="121.3998277"/>
  <node id="9197839255" lat="24.6342640" lon="121.3999296"/>
  <node id="9197839256" lat="24.6343688" lon="121.4000208"/>
  <node id="9197839257" lat="24.6345200" lon="121.4001147"/>
  <node id="9197839258" lat="24.6346492" lon="121.4001603"/>
  <node id="9197839259" lat="24.6347516" lon="121.4001710"/>
  <node id="9197839260" lat="24.6347589" lon="121.4001415"/>
  <node id="9197839261" lat="24.6347053" lon="121.4001040"/>
  <node id="9197839262" lat="24.6346370" lon="121.4000423"/>
  <node id="9197839263" lat="24.6345687" lon="121.3999645"/>
  <node id="9197839264" lat="24.6345175" lon="121.3998786"/>
  <node id="9197839265" lat="24.6345005" lon="121.3997821"/>
  <node id="9197839269" lat="24.6358829" lon="121.4045001"/>
  <node id="9197839270" lat="24.6357585" lon="121.4045135"/>
  <node id="9197839271" lat="24.6356415" lon="121.4045457"/>
  <node id="9197839272" lat="24.6355830" lon="121.4045725"/>
  <node id="9197839273" lat="24.6355684" lon="121.4045993"/>
  <node id="9197839274" lat="24.6355757" lon="121.4046315"/>
  <node id="9197839275" lat="24.6356074" lon="121.4046610"/>
  <node id="9197839276" lat="24.6356951" lon="121.4047495"/>
  <node id="9197839277" lat="24.6357366" lon="121.4048300"/>
  <node id="9197839278" lat="24.6357780" lon="121.4049856"/>
  <node id="9197839287" lat="24.6357637" lon="121.4055613"/>
  <node id="9197839280" lat="24.6357341" lon="121.4055193"/>
  <node id="9197839281" lat="24.6357220" lon="121.4054912"/>
  <node id="9197839282" lat="24.6357280" lon="121.4054684"/>
  <node id="9197839283" lat="24.6357445" lon="121.4054590"/>
  <node id="9197839284" lat="24.6357762" lon="121.4054590"/>
  <node id="9197839285" lat="24.6358920" lon="121.4054630"/>
  <node id="9197839286" lat="24.6359895" lon="121.4054536"/>
  <node id="9197839288" lat="24.6354497" lon="121.4056018"/>
  <node id="9197839289" lat="24.6354010" lon="121.4056850"/>
  <node id="9197839290" lat="24.6353620" lon="121.4057279"/>
  <node id="9197839291" lat="24.6352839" lon="121.4057628"/>
  <node id="9197839292" lat="24.6351255" lon="121.4057708"/>
  <node id="9197839293" lat="24.6350370" lon="121.4057883"/>
  <node id="9197839294" lat="24.6349382" lon="121.4058098"/>
  <node id="9197839295" lat="24.6348797" lon="121.4058205"/>
  <node id="9197839296" lat="24.6348297" lon="121.4058138"/>
  <node id="9197839297" lat="24.6347553" lon="121.4057990"/>
  <node id="9197839298" lat="24.6347016" lon="121.4057990"/>
  <node id="9197839299" lat="24.6346687" lon="121.4058071"/>
  <node id="9197839300" lat="24.6346565" lon="121.4058205"/>
  <node id="9197839301" lat="24.6346553" lon="121.4058393"/>
  <node id="9197839302" lat="24.6346626" lon="121.4058594"/>
  <node id="9197839303" lat="24.6348565" lon="121.4059976"/>
  <node id="9197839304" lat="24.6348809" lon="121.4060191"/>
  <node id="9197839305" lat="24.6348870" lon="121.4060419"/>
  <node id="9197839306" lat="24.6348797" lon="121.4060566"/>
  <node id="9197839307" lat="24.6348626" lon="121.4060660"/>
  <node id="9197839308" lat="24.6348236" lon="121.4060580"/>
  <node id="9197839309" lat="24.6346224" lon="121.4059761"/>
  <node id="9197839310" lat="24.6345772" lon="121.4059466"/>
  <node id="9197839311" lat="24.6345504" lon="121.4059359"/>
  <node id="9197839312" lat="24.6345321" lon="121.4059426"/>
  <node id="9197839313" lat="24.6345236" lon="121.4059668"/>
  <node id="9197839314" lat="24.6345297" lon="121.4060016"/>
  <node id="9197839315" lat="24.6345455" lon="121.4060325"/>
  <node id="9197839316" lat="24.6346785" lon="121.4061761"/>
  <node id="9197839317" lat="24.6346943" lon="121.4061989"/>
  <node id="9197839318" lat="24.6346992" lon="121.4062203"/>
  <node id="9197839319" lat="24.6346967" lon="121.4062405"/>
  <node id="9197839320" lat="24.6346833" lon="121.4062539"/>
  <node id="9197839321" lat="24.6346626" lon="121.4062579"/>
  <node id="9197839322" lat="24.6344358" lon="121.4061398"/>
  <node id="9197839323" lat="24.6344114" lon="121.4061278"/>
  <node id="9197839324" lat="24.6343919" lon="121.4061237"/>
  <node id="9197839325" lat="24.6343760" lon="121.4061304"/>
  <node id="9197839326" lat="24.6343687" lon="121.4061452"/>
  <node id="9197839327" lat="24.6343723" lon="121.4061667"/>
  <node id="9197839328" lat="24.6343906" lon="121.4061908"/>
  <node id="9197839329" lat="24.6346236" lon="121.4063867"/>
  <node id="9197839330" lat="24.6346431" lon="121.4064082"/>
  <node id="9197839331" lat="24.6346516" lon="121.4064296"/>
  <node id="9197839332" lat="24.6346480" lon="121.4064551"/>
  <node id="9197839333" lat="24.6346382" lon="121.4064726"/>
  <node id="9197839334" lat="24.6346236" lon="121.4064779"/>
  <node id="9197839335" lat="24.6346053" lon="121.4064779"/>
  <node id="9197839336" lat="24.6343089" lon="121.4063277"/>
  <node id="9197839337" lat="24.6342784" lon="121.4063075"/>
  <node id="9197839338" lat="24.6342626" lon="121.4063022"/>
  <node id="9197839339" lat="24.6342492" lon="121.4063075"/>
  <node id="9197839340" lat="24.6342418" lon="121.4063223"/>
  <node id="9197839341" lat="24.6342431" lon="121.4063424"/>
  <node id="9197839342" lat="24.6342601" lon="121.4063706"/>
  <node id="9197839343" lat="24.6342955" lon="121.4064216"/>
  <node id="9197839344" lat="24.6344443" lon="121.4065813"/>
  <node id="9197839345" lat="24.6344553" lon="121.4065974"/>
  <node id="9197839346" lat="24.6344577" lon="121.4066135"/>
  <node id="9197839347" lat="24.6344553" lon="121.4066269"/>
  <node id="9197839348" lat="24.6344467" lon="121.4066389"/>
  <node id="9197839349" lat="24.6344309" lon="121.4066443"/>
  <node id="9197839350" lat="24.6344101" lon="121.4066376"/>
  <node id="9197839351" lat="24.6343101" lon="121.4065732"/>
  <node id="9197839352" lat="24.6342906" lon="121.4065665"/>
  <node id="9197839353" lat="24.6342736" lon="121.4065719"/>
  <node id="9197839354" lat="24.6342650" lon="121.4065853"/>
  <node id="9197839355" lat="24.6342650" lon="121.4066054"/>
  <node id="9197839356" lat="24.6342699" lon="121.4066403"/>
  <node id="9197839357" lat="24.6342870" lon="121.4066698"/>
  <node id="9197839358" lat="24.6343638" lon="121.4067597"/>
  <node id="9197839359" lat="24.6343858" lon="121.4067932"/>
  <node id="9197839360" lat="24.6343919" lon="121.4068268"/>
  <node id="9197839361" lat="24.6343894" lon="121.4068670"/>
  <node id="9197839362" lat="24.6343943" lon="121.4069100"/>
  <node id="9197839363" lat="24.6344126" lon="121.4069462"/>
  <node id="9197839364" lat="24.6344443" lon="121.4069717"/>
  <node id="9197839365" lat="24.6345687" lon="121.4070388"/>
  <node id="9197839366" lat="24.6346577" lon="121.4071220"/>
  <node id="9197839367" lat="24.6347272" lon="121.4071864"/>
  <node id="9197839368" lat="24.6347419" lon="121.4072159"/>
  <node id="9197839369" lat="24.6347468" lon="121.4072481"/>
  <node id="9197839370" lat="24.6347455" lon="121.4072749"/>
  <node id="9197839371" lat="24.6347358" lon="121.4072950"/>
  <node id="9197839372" lat="24.6347126" lon="121.4073085"/>
  <node id="9197839373" lat="24.6345553" lon="121.4073259"/>
  <node id="9197839374" lat="24.6345114" lon="121.4073326"/>
  <node id="9197839375" lat="24.6344821" lon="121.4073433"/>
  <node id="9197839376" lat="24.6344675" lon="121.4073621"/>
  <node id="9197839377" lat="24.6344601" lon="121.4073863"/>
  <node id="9197839378" lat="24.6344662" lon="121.4074118"/>
  <node id="9197839379" lat="24.6344845" lon="121.4074373"/>
  <node id="9197839380" lat="24.6345955" lon="121.4075110"/>
  <node id="9197839381" lat="24.6346114" lon="121.4075285"/>
  <node id="9197839382" lat="24.6346224" lon="121.4075459"/>
  <node id="9197839383" lat="24.6346236" lon="121.4075634"/>
  <node id="9197839384" lat="24.6346199" lon="121.4075795"/>
  <node id="9197839385" lat="24.6346065" lon="121.4075915"/>
  <node id="9197839386" lat="24.6345833" lon="121.4075956"/>
  <node id="9197839387" lat="24.6344431" lon="121.4075902"/>
  <node id="9197839388" lat="24.6343894" lon="121.4075929"/>
  <node id="9197839389" lat="24.6343614" lon="121.4076023"/>
  <node id="9197839390" lat="24.6343431" lon="121.4076197"/>
  <node id="9197839391" lat="24.6343382" lon="121.4076452"/>
  <node id="9197839392" lat="24.6343443" lon="121.4076707"/>
  <node id="9197839393" lat="24.6343662" lon="121.4077002"/>
  <node id="9197839394" lat="24.6344431" lon="121.4077391"/>
  <node id="9197839395" lat="24.6348236" lon="121.4078840"/>
  <node id="9197839396" lat="24.6348541" lon="121.4079055"/>
  <node id="9197839397" lat="24.6348976" lon="121.4079169"/>
  <node id="9197839398" lat="24.6349443" lon="121.4079240"/>
  <node id="9197839399" lat="24.6350148" lon="121.4079319"/>
  <node id="10013839721" lat="24.6350542" lon="121.4079447"/>
  <node id="10013839723" lat="24.6350752" lon="121.4079519"/>
  <node id="10013839720" lat="24.6350912" lon="121.4079628"/>
  <node id="10013839724" lat="24.6350924" lon="121.4079895"/>
  <node id="10013839722" lat="24.6350745" lon="121.4080129"/>
  <node id="10013839719" lat="24.6350407" lon="121.4080268"/>
  <node id="9197839400" lat="24.6349820" lon="121.4080413"/>
  <node id="9197839401" lat="24.6349393" lon="121.4080496"/>
  <node id="9197839402" lat="24.6348596" lon="121.4080789"/>
  <node id="9197839403" lat="24.6346894" lon="121.4081054"/>
  <node id="9197839404" lat="24.6346419" lon="121.4081094"/>
  <node id="9197839405" lat="24.6345431" lon="121.4081162"/>
  <node id="9197839406" lat="24.6344260" lon="121.4081175"/>
  <node id="9197839407" lat="24.6343394" lon="121.4081188"/>
  <node id="9197839408" lat="24.6342016" lon="121.4081376"/>
  <node id="9197839409" lat="24.6341382" lon="121.4081416"/>
  <node id="4113386513" lat="24.6339903" lon="121.4081539"/>
  <node id="9197839412" lat="24.6353798" lon="121.4054889"/>
  <node id="9197839413" lat="24.6352359" lon="121.4054540"/>
  <node id="9197839414" lat="24.6351524" lon="121.4054567"/>
  <node id="9197839415" lat="24.6350427" lon="121.4054580"/>
  <node id="9197839416" lat="24.6349586" lon="121.4054526"/>
  <node id="9197839417" lat="24.6349025" lon="121.4054366"/>
  <node id="9197839418" lat="24.6348550" lon="121.4054097"/>
  <node id="9197839419" lat="24.6347635" lon="121.4053279"/>
  <node id="9197839420" lat="24.6346782" lon="121.4052635"/>
  <node id="9197839421" lat="24.6346160" lon="121.4052300"/>
  <node id="9197839422" lat="24.6345685" lon="121.4052260"/>
  <node id="9197839423" lat="24.6345295" lon="121.4052421"/>
  <node id="9197839424" lat="24.6344332" lon="121.4053118"/>
  <node id="9197839425" lat="24.6343734" lon="121.4053346"/>
  <node id="9197839426" lat="24.6343320" lon="121.4053360"/>
  <node id="9197839427" lat="24.6342905" lon="121.4053239"/>
  <node id="9197839428" lat="24.6341235" lon="121.4052314"/>
  <node id="9197839429" lat="24.6340614" lon="121.4052126"/>
  <node id="9197839430" lat="24.6340114" lon="121.4052072"/>
  <node id="9197839432" lat="24.6339756" lon="121.4051998"/>
  <node id="9197839431" lat="24.6337590" lon="121.4050919"/>
  <node id="9197839433" lat="24.6336871" lon="121.4050382"/>
  <node id="9197839434" lat="24.6336365" lon="121.4049605"/>
  <node id="9197839435" lat="24.6336048" lon="121.4048666"/>
  <node id="9197839436" lat="24.6335853" lon="121.4048129"/>
  <node id="9197839437" lat="24.6335414" lon="121.4047620"/>
  <node id="9197839438" lat="24.6334854" lon="121.4047217"/>
  <node id="9197839439" lat="24.6334220" lon="121.4046896"/>
  <node id="9197839440" lat="24.6333903" lon="121.4046547"/>
  <node id="9197839441" lat="24.6333440" lon="121.4045501"/>
  <node id="9197839442" lat="24.6332586" lon="121.4043489"/>
  <node id="9197839443" lat="24.6332318" lon="121.4043087"/>
  <node id="9197839444" lat="24.6332001" lon="121.4042497"/>
  <node id="9197839445" lat="24.6331733" lon="121.4041719"/>
  <node id="9197839446" lat="24.6331587" lon="121.4040646"/>
  <node id="9197839447" lat="24.6331635" lon="121.4039037"/>
  <node id="9197839448" lat="24.6331757" lon="121.4036784"/>
  <node id="9197839449" lat="24.6331635" lon="121.4035925"/>
  <node id="9197839450" lat="24.6331562" lon="121.4034745"/>
  <node id="9197839451" lat="24.6331587" lon="121.4033297"/>
  <node id="9197839452" lat="24.6331782" lon="121.4032170"/>
  <node id="9197839453" lat="24.6331977" lon="121.4031366"/>
  <node id="9197839454" lat="24.6331952" lon="121.4030615"/>
  <node id="9197839455" lat="24.6331684" lon="121.4029971"/>
  <node id="9197839456" lat="24.6331318" lon="121.4029542"/>
  <node id="9197839457" lat="24.6330636" lon="121.4029005"/>
  <node id="9197839458" lat="24.6330294" lon="121.4028442"/>
  <node id="9197839459" lat="24.6330051" lon="121.4027423"/>
  <node id="9197839460" lat="24.6329831" lon="121.4025813"/>
  <node id="9197839461" lat="24.6329880" lon="121.4025062"/>
  <node id="9197839462" lat="24.6330124" lon="121.4024445"/>
  <node id="9197839463" lat="24.6330611" lon="121.4024016"/>
  <node id="9197839464" lat="24.6331952" lon="121.4023185"/>
  <node id="9197839465" lat="24.6332537" lon="121.4022675"/>
  <node id="9197839466" lat="24.6332781" lon="121.4021978"/>
  <node id="9197839467" lat="24.6332708" lon="121.4021495"/>
  <node id="9197839468" lat="24.6332367" lon="121.4021039"/>
  <node id="9197839469" lat="24.6330928" lon="121.4019913"/>
  <node id="9197839478" lat="24.6329788" lon="121.4019041"/>
  <node id="9197839479" lat="24.6329033" lon="121.4018451"/>
  <node id="9197839480" lat="24.6328618" lon="121.4018183"/>
  <node id="9197839481" lat="24.6327375" lon="121.4017539"/>
  <node id="9197839482" lat="24.6326741" lon="121.4017029"/>
  <node id="9197839483" lat="24.6326107" lon="121.4016439"/>
  <node id="9197839484" lat="24.6325644" lon="121.4016171"/>
  <node id="9197839485" lat="24.6324376" lon="121.4015527"/>
  <node id="9197839486" lat="24.6323766" lon="121.4015125"/>
  <node id="9197839487" lat="24.6323206" lon="121.4014562"/>
  <node id="9197839488" lat="24.6322547" lon="121.4013623"/>
  <node id="9197839489" lat="24.6321913" lon="121.4012818"/>
  <node id="9197839490" lat="24.6321036" lon="121.4012094"/>
  <node id="9197839491" lat="24.6319475" lon="121.4011101"/>
  <node id="9197839492" lat="24.6317671" lon="121.4009975"/>
  <node id="9197839658" lat="24.6316946" lon="121.4009583"/>
  <node id="9197839493" lat="24.6316232" lon="121.4009197"/>
  <node id="9197839494" lat="24.6315501" lon="121.4008768"/>
  <node id="9197839495" lat="24.6315184" lon="121.4008473"/>
  <node id="9197839496" lat="24.6315038" lon="121.4008151"/>
  <node id="9197839497" lat="24.6314989" lon="121.4007695"/>
  <node id="9197839498" lat="24.6315135" lon="121.4006059"/>
  <node id="9197839499" lat="24.6315452" lon="121.4004584"/>
  <node id="9197839500" lat="24.6315842" lon="121.4003699"/>
  <node id="9197839501" lat="24.6316452" lon="121.4002813"/>
  <node id="9197839502" lat="24.6317086" lon="121.4002089"/>
  <node id="9197839503" lat="24.6317354" lon="121.4001338"/>
  <node id="9197839504" lat="24.6317525" lon="121.4000695"/>
  <node id="9197839505" lat="24.6317549" lon="121.4000078"/>
  <node id="9197839506" lat="24.6317330" lon="121.3999461"/>
  <node id="9197839507" lat="24.6317013" lon="121.3999058"/>
  <node id="9197839508" lat="24.6316184" lon="121.3998468"/>
  <node id="9197839509" lat="24.6314233" lon="121.3997395"/>
  <node id="9197839510" lat="24.6313526" lon="121.3996993"/>
  <node id="9197839511" lat="24.6312917" lon="121.3996403"/>
  <node id="9197839512" lat="24.6312088" lon="121.3995357"/>
  <node id="9197839513" lat="24.6311356" lon="121.3994499"/>
  <node id="9197839514" lat="24.6310698" lon="121.3994096"/>
  <node id="9197839515" lat="24.6310064" lon="121.3993774"/>
  <node id="9197839516" lat="24.6308650" lon="121.3993318"/>
  <node id="9197839517" lat="24.6306187" lon="121.3992836"/>
  <node id="9197839518" lat="24.6304432" lon="121.3992621"/>
  <node id="9197839519" lat="24.6303676" lon="121.3992460"/>
  <node id="9197839520" lat="24.6303213" lon="121.3992299"/>
  <node id="9197839521" lat="24.6302798" lon="121.3991951"/>
  <node id="9197839522" lat="24.6302164" lon="121.3990744"/>
  <node id="9197839523" lat="24.6301652" lon="121.3989268"/>
  <node id="9197839524" lat="24.6301482" lon="121.3987579"/>
  <node id="9197839525" lat="24.6301555" lon="121.3985299"/>
  <node id="9197839526" lat="24.6301750" lon="121.3984387"/>
  <node id="9197839527" lat="24.6301799" lon="121.3983636"/>
  <node id="9197839528" lat="24.6301872" lon="121.3982509"/>
  <node id="9197839529" lat="24.6302067" lon="121.3981946"/>
  <node id="9197839530" lat="24.6302384" lon="121.3981570"/>
  <node id="9197839531" lat="24.6303603" lon="121.3980658"/>
  <node id="9197839532" lat="24.6304042" lon="121.3980122"/>
  <node id="9197839533" lat="24.6304407" lon="121.3979156"/>
  <node id="9197839534" lat="24.6304798" lon="121.3978325"/>
  <node id="9197839535" lat="24.6305675" lon="121.3977198"/>
  <node id="9197839536" lat="24.6308406" lon="121.3974463"/>
  <node id="9197839537" lat="24.6309552" lon="121.3973175"/>
  <node id="9197839538" lat="24.6310357" lon="121.3972129"/>
  <node id="9197839539" lat="24.6310649" lon="121.3971995"/>
  <node id="9197839540" lat="24.6310966" lon="121.3972075"/>
  <node id="9197839541" lat="24.6311088" lon="121.3972344"/>
  <node id="9197839542" lat="24.6311039" lon="121.3972719"/>
  <node id="9197839543" lat="24.6309869" lon="121.3975026"/>
  <node id="9197839544" lat="24.6309381" lon="121.3976689"/>
  <node id="9197839545" lat="24.6309406" lon="121.3977413"/>
  <node id="9197839546" lat="24.6309771" lon="121.3979022"/>
  <node id="9197839547" lat="24.6310137" lon="121.3981490"/>
  <node id="9197839548" lat="24.6310381" lon="121.3983260"/>
  <node id="9197839790" lat="24.6310525" lon="121.3983577"/>
  <node id="9197839549" lat="24.6310698" lon="121.3983958"/>
  <node id="9197839550" lat="24.6311698" lon="121.3985111"/>
  <node id="9197839551" lat="24.6313185" lon="121.3986425"/>
  <node id="9197839552" lat="24.6315087" lon="121.3987632"/>
  <node id="9197839553" lat="24.6317061" lon="121.3988249"/>
  <node id="9197880921" lat="24.6318073" lon="121.3988578"/>
  <node id="9197880920" lat="24.6318292" lon="121.3988544"/>
  <node id="9197839554" lat="24.6318365" lon="121.3988356"/>
  <node id="9197839555" lat="24.6318293" lon="121.3988169"/>
  <node id="9197839556" lat="24.6317988" lon="121.3987900"/>
  <node id="9197839557" lat="24.6317208" lon="121.3987042"/>
  <node id="9197839558" lat="24.6316842" lon="121.3986345"/>
  <node id="9197839559" lat="24.6316671" lon="121.3985781"/>
  <node id="9197839560" lat="24.6316818" lon="121.3985165"/>
  <node id="9197839561" lat="24.6317037" lon="121.3984360"/>
  <node id="9197839562" lat="24.6317135" lon="121.3983448"/>
  <node id="9197839563" lat="24.6317183" lon="121.3982375"/>
  <node id="9197839564" lat="24.6316988" lon="121.3981517"/>
  <node id="9197839565" lat="24.6316525" lon="121.3980068"/>
  <node id="9197839566" lat="24.6316330" lon="121.3978915"/>
  <node id="9197839567" lat="24.6316306" lon="121.3977279"/>
  <node id="9197839568" lat="24.6316403" lon="121.3976206"/>
  <node id="9197839569" lat="24.6316744" lon="121.3975321"/>
  <node id="9197839570" lat="24.6317610" lon="121.3974336"/>
  <node id="9197880923" lat="24.6317714" lon="121.3974308"/>
  <node id="9197880924" lat="24.6317793" lon="121.3974378"/>
  <node id="9197839571" lat="24.6317787" lon="121.3974509"/>
  <node id="9197839572" lat="24.6317403" lon="121.3975240"/>
  <node id="9197839573" lat="24.6317208" lon="121.3975911"/>
  <node id="9197839574" lat="24.6317232" lon="121.3976903"/>
  <node id="9197839575" lat="24.6317549" lon="121.3977762"/>
  <node id="9197839576" lat="24.6318427" lon="121.3979451"/>
  <node id="9197839577" lat="24.6319548" lon="121.3980900"/>
  <node id="9197839604" lat="24.6320719" lon="121.3981659"/>
  <node id="9197839578" lat="24.6320914" lon="121.3981785"/>
  <node id="9197839592" lat="24.6321361" lon="121.3982105"/>
  <node id="9197839579" lat="24.6321889" lon="121.3982482"/>
  <node id="9197839580" lat="24.6322303" lon="121.3982965"/>
  <node id="9197839581" lat="24.6322669" lon="121.3983823"/>
  <node id="9197839582" lat="24.6323084" lon="121.3984494"/>
  <node id="9197839583" lat="24.6323644" lon="121.3984843"/>
  <node id="9197839584" lat="24.6324547" lon="121.3985004"/>
  <node id="9197839585" lat="24.6325546" lon="121.3985030"/>
  <node id="9197839586" lat="24.6326229" lon="121.3984816"/>
  <node id="9197880927" lat="24.6326446" lon="121.3984715"/>
  <node id="9197839587" lat="24.6326692" lon="121.3984601"/>
  <node id="9197839588" lat="24.6327350" lon="121.3984521"/>
  <node id="9197839589" lat="24.6328472" lon="121.3984682"/>
  <node id="9197839590" lat="24.6329788" lon="121.3985111"/>
  <node id="9197839591" lat="24.6330715" lon="121.3985781"/>
  <node id="9197839659" lat="24.6316208" lon="121.4009707"/>
  <node id="9197839660" lat="24.6315489" lon="121.4009693"/>
  <node id="9197839661" lat="24.6314861" lon="121.4009613"/>
  <node id="9197839662" lat="24.6314581" lon="121.4009439"/>
  <node id="9197839663" lat="24.6314337" lon="121.4009117"/>
  <node id="9197839664" lat="24.6314178" lon="121.4008634"/>
  <node id="9197839665" lat="24.6314191" lon="121.4007534"/>
  <node id="9197839666" lat="24.6314130" lon="121.4007145"/>
  <node id="9197839667" lat="24.6314020" lon="121.4006890"/>
  <node id="9197839668" lat="24.6313776" lon="121.4006421"/>
  <node id="9197839669" lat="24.6313703" lon="121.4005978"/>
  <node id="9197839670" lat="24.6313666" lon="121.4005429"/>
  <node id="9197839671" lat="24.6313764" lon="121.4004825"/>
  <node id="9197839672" lat="24.6314312" lon="121.4003484"/>
  <node id="9197839673" lat="24.6314507" lon="121.4002787"/>
  <node id="9197839674" lat="24.6314617" lon="121.4002170"/>
  <node id="9197839675" lat="24.6314593" lon="121.4001620"/>
  <node id="9197839676" lat="24.6314447" lon="121.4001177"/>
  <node id="9197839677" lat="24.6313898" lon="121.4000587"/>
  <node id="9197839678" lat="24.6313166" lon="121.4000051"/>
  <node id="9197839679" lat="24.6311935" lon="121.3999461"/>
  <node id="9197839680" lat="24.6311021" lon="121.3999179"/>
  <node id="9197839681" lat="24.6309887" lon="121.3998844"/>
  <node id="9197839682" lat="24.6309265" lon="121.3998643"/>
  <node id="9197839683" lat="24.6308717" lon="121.3998522"/>
  <node id="9197839684" lat="24.6308278" lon="121.3998549"/>
  <node id="9197839685" lat="24.6307681" lon="121.3998710"/>
  <node id="9197839686" lat="24.6307242" lon="121.3998737"/>
  <node id="9197839687" lat="24.6305889" lon="121.3998495"/>
  <node id="9197839688" lat="24.6303975" lon="121.3998187"/>
  <node id="9197839689" lat="24.6301805" lon="121.3997878"/>
  <node id="9197839690" lat="24.6300647" lon="121.3997690"/>
  <node id="9197839691" lat="24.6299501" lon="121.3997489"/>
  <node id="9197839692" lat="24.6298940" lon="121.3997302"/>
  <node id="9197839693" lat="24.6298513" lon="121.3997047"/>
  <node id="9197839694" lat="24.6298160" lon="121.3996698"/>
  <node id="9197839695" lat="24.6297904" lon="121.3996095"/>
  <node id="9197839696" lat="24.6297757" lon="121.3995437"/>
  <node id="9197839697" lat="24.6297574" lon="121.3994955"/>
  <node id="9197839698" lat="24.6297440" lon="121.3994525"/>
  <node id="9197839699" lat="24.6297318" lon="121.3993895"/>
  <node id="9197839700" lat="24.6296660" lon="121.3988088"/>
  <node id="9197839701" lat="24.6296051" lon="121.3983716"/>
  <node id="9197839702" lat="24.6295636" lon="121.3981476"/>
  <node id="9197839703" lat="24.6295551" lon="121.3980256"/>
  <node id="9197839704" lat="24.6295295" lon="121.3978969"/>
  <node id="9197839705" lat="24.6295100" lon="121.3978030"/>
  <node id="9197839706" lat="24.6295087" lon="121.3977547"/>
  <node id="9197839707" lat="24.6295173" lon="121.3977091"/>
  <node id="9197839708" lat="24.6295526" lon="121.3976635"/>
  <node id="9197839709" lat="24.6295843" lon="121.3976085"/>
  <node id="9197839710" lat="24.6296209" lon="121.3975026"/>
  <node id="9197839711" lat="24.6296343" lon="121.3974355"/>
  <node id="9197839712" lat="24.6296563" lon="121.3973792"/>
  <node id="9197839713" lat="24.6296855" lon="121.3973296"/>
  <node id="9197839714" lat="24.6297379" lon="121.3972773"/>
  <node id="9197839715" lat="24.6299866" lon="121.3971110"/>
  <node id="9197839716" lat="24.6300256" lon="121.3970640"/>
  <node id="9197839717" lat="24.6300372" lon="121.3970144"/>
  <node id="9197839718" lat="24.6300323" lon="121.3969366"/>
  <node id="9197839719" lat="24.6300153" lon="121.3968910"/>
  <node id="9197839720" lat="24.6299738" lon="121.3968508"/>
  <node id="9197839721" lat="24.6299031" lon="121.3968025"/>
  <node id="9197839722" lat="24.6295984" lon="121.3966335"/>
  <node id="9197839723" lat="24.6294228" lon="121.3965638"/>
  <node id="9197839724" lat="24.6292789" lon="121.3965075"/>
  <node id="9197839725" lat="24.6292009" lon="121.3964565"/>
  <node id="9197839726" lat="24.6291302" lon="121.3963948"/>
  <node id="9197839727" lat="24.6290863" lon="121.3963465"/>
  <node id="9197839728" lat="24.6290327" lon="121.3962983"/>
  <node id="9197839729" lat="24.6289864" lon="121.3962795"/>
  <node id="9197839730" lat="24.6287889" lon="121.3962554"/>
  <node id="9197839731" lat="24.6286865" lon="121.3962312"/>
  <node id="9197839732" lat="24.6285938" lon="121.3962044"/>
  <node id="9197839733" lat="24.6285134" lon="121.3961963"/>
  <node id="9197839734" lat="24.6284109" lon="121.3962205"/>
  <node id="9197839735" lat="24.6283329" lon="121.3962554"/>
  <node id="9197839736" lat="24.6282598" lon="121.3962875"/>
  <node id="9197839737" lat="24.6281964" lon="121.3962983"/>
  <node id="9197839738" lat="24.6281452" lon="121.3962849"/>
  <node id="9197839739" lat="24.6280696" lon="121.3962339"/>
  <node id="9197839740" lat="24.6280086" lon="121.3962098"/>
  <node id="9197839741" lat="24.6279233" lon="121.3962017"/>
  <node id="9197839742" lat="24.6276990" lon="121.3961963"/>
  <node id="9197839743" lat="24.6275917" lon="121.3961883"/>
  <node id="9197839744" lat="24.6275283" lon="121.3961802"/>
  <node id="9197839745" lat="24.6274308" lon="121.3961481"/>
  <node id="4113385844" lat="24.6273747" lon="121.3961347"/>
  <node id="9197839746" lat="24.6273040" lon="121.3961293"/>
  <node id="9197839747" lat="24.6272528" lon="121.3961212"/>
  <node id="9197839748" lat="24.6270992" lon="121.3960569"/>
  <node id="9197839749" lat="24.6269968" lon="121.3960113"/>
  <node id="9197839750" lat="24.6268432" lon="121.3959657"/>
  <node id="9197839751" lat="24.6267749" lon="121.3959388"/>
  <node id="9197839752" lat="24.6267237" lon="121.3959013"/>
  <node id="9197839753" lat="24.6266969" lon="121.3958584"/>
  <node id="9197839754" lat="24.6266457" lon="121.3957457"/>
  <node id="9197839755" lat="24.6265945" lon="121.3956840"/>
  <node id="9197839756" lat="24.6265213" lon="121.3956197"/>
  <node id="9197839757" lat="24.6263263" lon="121.3954990"/>
  <node id="9197839758" lat="24.6261483" lon="121.3953514"/>
  <node id="9197839759" lat="24.6260312" lon="121.3952495"/>
  <node id="9197839760" lat="24.6259800" lon="121.3951905"/>
  <node id="9197839761" lat="24.6259459" lon="121.3951664"/>
  <node id="9197839762" lat="24.6259044" lon="121.3951530"/>
  <node id="9197839763" lat="24.6258435" lon="121.3951476"/>
  <node id="9197839764" lat="24.6257874" lon="121.3951315"/>
  <node id="9197839765" lat="24.6257533" lon="121.3951020"/>
  <node id="9197839766" lat="24.6257265" lon="121.3950457"/>
  <node id="9197839767" lat="24.6257021" lon="121.3949974"/>
  <node id="9197839768" lat="24.6256606" lon="121.3949572"/>
  <node id="9197839769" lat="24.6255363" lon="121.3948767"/>
  <node id="9197839770" lat="24.6254534" lon="121.3948445"/>
  <node id="9197839771" lat="24.6253753" lon="121.3948284"/>
  <node id="9197839772" lat="24.6252461" lon="121.3947989"/>
  <node id="9197839773" lat="24.6251559" lon="121.3947721"/>
  <node id="9197839774" lat="24.6250876" lon="121.3947372"/>
  <node id="9197839775" lat="24.6249657" lon="121.3946675"/>
  <node id="9197839776" lat="24.6248340" lon="121.3946165"/>
  <node id="9197839777" lat="24.6247390" lon="121.3945843"/>
  <node id="9197839778" lat="24.6246731" lon="121.3945441"/>
  <node id="4113385855" lat="24.6246097" lon="121.3944905"/>
  <node id="9197880931" lat="24.6418995" lon="121.4006249"/>
  <node id="9197880932" lat="24.6418117" lon="121.4006410"/>
  <node id="9197880933" lat="24.6416898" lon="121.4006196"/>
  <node id="9197880934" lat="24.6415679" lon="121.4006088"/>
  <node id="9197880935" lat="24.6412949" lon="121.4006303"/>
  <node id="9197880936" lat="24.6409877" lon="121.4006947"/>
  <node id="9197880937" lat="24.6408707" lon="121.4007215"/>
  <node id="9197880938" lat="24.6407731" lon="121.4007268"/>
  <node id="9197880939" lat="24.6406659" lon="121.4007429"/>
  <node id="9197880940" lat="24.6405537" lon="121.4007751"/>
  <node id="9197880941" lat="24.6403928" lon="121.4008234"/>
  <node id="9197880942" lat="24.6402953" lon="121.4008771"/>
  <node id="9197880943" lat="24.6402270" lon="121.4009307"/>
  <node id="9197881059" lat="24.6410328" lon="121.4016764"/>
  <node id="9197881060" lat="24.6411157" lon="121.4016844"/>
  <node id="9197881061" lat="24.6411913" lon="121.4017112"/>
  <node id="9197881062" lat="24.6412741" lon="121.4017729"/>
  <node id="9197881063" lat="24.6413327" lon="121.4018105"/>
  <node id="9197881064" lat="24.6413936" lon="121.4018239"/>
  <node id="9197881065" lat="24.6416886" lon="121.4018695"/>
  <node id="9197881066" lat="24.6417666" lon="121.4018668"/>
  <node id="9197881067" lat="24.6418885" lon="121.4018587"/>
  <node id="9197881068" lat="24.6419763" lon="121.4018722"/>
  <node id="9197881101" lat="24.6420011" lon="121.4018775"/>
  <node id="9197881069" lat="24.6420762" lon="121.4018936"/>
  <node id="9197881070" lat="24.6421664" lon="121.4018936"/>
  <node id="9197881071" lat="24.6423858" lon="121.4018614"/>
  <node id="9197881072" lat="24.6424834" lon="121.4018534"/>
  <node id="9197881073" lat="24.6425711" lon="121.4018614"/>
  <node id="9197881074" lat="24.6427272" lon="121.4019043"/>
  <node id="9197881075" lat="24.6430563" lon="121.4020170"/>
  <node id="9197881076" lat="24.6431782" lon="121.4020760"/>
  <node id="9197881077" lat="24.6432830" lon="121.4021082"/>
  <node id="9197881078" lat="24.6433635" lon="121.4021162"/>
  <node id="9197881079" lat="24.6434293" lon="121.4021028"/>
  <node id="9197881080" lat="24.6434829" lon="121.4020626"/>
  <node id="9197881081" lat="24.6435414" lon="121.4019553"/>
  <node id="9197881082" lat="24.6435804" lon="121.4019258"/>
  <node id="9197881083" lat="24.6436584" lon="121.4018856"/>
  <node id="9197881084" lat="24.6438072" lon="121.4018346"/>
  <node id="9197881085" lat="24.6438925" lon="121.4017863"/>
  <node id="9197881086" lat="24.6439559" lon="121.4017300"/>
  <node id="9197881087" lat="24.6441460" lon="121.4015261"/>
  <node id="9197881088" lat="24.6442533" lon="121.4014296"/>
  <node id="9197881089" lat="24.6442777" lon="121.4013733"/>
  <node id="9197881090" lat="24.6442801" lon="121.4013196"/>
  <node id="9197881091" lat="24.6442582" lon="121.4012526"/>
  <node id="9197881092" lat="24.6442167" lon="121.4011533"/>
  <node id="9197881093" lat="24.6441923" lon="121.4010889"/>
  <node id="9197881094" lat="24.6441826" lon="121.4010165"/>
  <node id="9197881095" lat="24.6441850" lon="121.4009119"/>
  <node id="9197881096" lat="24.6441777" lon="121.4008529"/>
  <node id="9197881097" lat="24.6441558" lon="121.4008046"/>
  <node id="9197881098" lat="24.6441143" lon="121.4007644"/>
  <node id="9197881099" lat="24.6439681" lon="121.4007027"/>
  <node id="9197881100" lat="24.6435780" lon="121.4017139"/>
  <node id="9197881102" lat="24.6420348" lon="121.4019338"/>
  <node id="9197881103" lat="24.6420762" lon="121.4019660"/>
  <node id="9197881116" lat="24.6421128" lon="121.4019808"/>
  <node id="9197881104" lat="24.6421567" lon="121.4019821"/>
  <node id="9197881105" lat="24.6423225" lon="121.4019633"/>
  <node id="9197881106" lat="24.6424029" lon="121.4019473"/>
  <node id="9197881107" lat="24.6424334" lon="121.4019499"/>
  <node id="9197881108" lat="24.6424505" lon="121.4019607"/>
  <node id="9197881109" lat="24.6424559" lon="121.4019808"/>
  <node id="9197881110" lat="24.6424486" lon="121.4020009"/>
  <node id="9197881111" lat="24.6422950" lon="121.4021444"/>
  <node id="9197881112" lat="24.6422256" lon="121.4022155"/>
  <node id="9197881113" lat="24.6421780" lon="121.4022343"/>
  <node id="9197881114" lat="24.6421134" lon="121.4022477"/>
  <node id="9197881115" lat="24.6420451" lon="121.4022570"/>
  <node id="9197881117" lat="24.6417764" lon="121.4022812"/>
  <node id="9197881118" lat="24.6416374" lon="121.4023026"/>
  <node id="9197881119" lat="24.6415569" lon="121.4022892"/>
  <node id="9197881120" lat="24.6413327" lon="121.4022195"/>
  <node id="9197881121" lat="24.6428734" lon="121.4009937"/>
  <node id="9197881122" lat="24.6429393" lon="121.4008999"/>
  <node id="9197881123" lat="24.6429710" lon="121.4008435"/>
  <node id="9197881124" lat="24.6429758" lon="121.4007926"/>
  <node id="9197881125" lat="24.6429685" lon="121.4007255"/>
  <node id="9197881126" lat="24.6429514" lon="121.4006182"/>
  <node id="9197881127" lat="24.6429490" lon="121.4005485"/>
  <node id="9197881128" lat="24.6429490" lon="121.4004734"/>
  <node id="9197881129" lat="24.6429368" lon="121.4003580"/>
  <node id="9197881130" lat="24.6429124" lon="121.4002642"/>
  <node id="9197881131" lat="24.6428807" lon="121.4001810"/>
  <node id="9197881161" lat="24.6428673" lon="121.4001341"/>
  <node id="9197881132" lat="24.6428637" lon="121.4000845"/>
  <node id="9197881133" lat="24.6428539" lon="121.3999852"/>
  <node id="9197881134" lat="24.6428198" lon="121.3998940"/>
  <node id="9197881135" lat="24.6427613" lon="121.3997760"/>
  <node id="9197881136" lat="24.6427442" lon="121.3996848"/>
  <node id="9197881137" lat="24.6427589" lon="121.3995802"/>
  <node id="9197881138" lat="24.6428015" lon="121.3994528"/>
  <node id="9197881139" lat="24.6428082" lon="121.3993804"/>
  <node id="9197881140" lat="24.6428204" lon="121.3993603"/>
  <node id="9197881141" lat="24.6428387" lon="121.3993576"/>
  <node id="9197881142" lat="24.6428558" lon="121.3993777"/>
  <node id="9197881143" lat="24.6428619" lon="121.3994193"/>
  <node id="9197881144" lat="24.6428753" lon="121.3995869"/>
  <node id="9197881145" lat="24.6428838" lon="121.3996057"/>
  <node id="9197881146" lat="24.6429009" lon="121.3996097"/>
  <node id="9197881147" lat="24.6429167" lon="121.3995963"/>
  <node id="9197881148" lat="24.6429655" lon="121.3993670"/>
  <node id="9197881149" lat="24.6429728" lon="121.3992972"/>
  <node id="9197881150" lat="24.6429716" lon="121.3992436"/>
  <node id="9197881159" lat="24.6429780" lon="121.3992235"/>
  <node id="9197881151" lat="24.6429947" lon="121.3992221"/>
  <node id="9197881160" lat="24.6430093" lon="121.3992362"/>
  <node id="9197881152" lat="24.6430276" lon="121.3992825"/>
  <node id="9197881153" lat="24.6430971" lon="121.3994461"/>
  <node id="9197881154" lat="24.6431824" lon="121.3996969"/>
  <node id="9197881155" lat="24.6432190" lon="121.3997800"/>
  <node id="9197881156" lat="24.6432410" lon="121.3997773"/>
  <node id="9197881158" lat="24.6432495" lon="121.3996754"/>
  <node id="9197881157" lat="24.6432751" lon="121.3995681"/>
  <node id="12032716784" lat="24.6542037" lon="121.4083343"/>
  <node id="10213354857" lat="24.6544612" lon="121.4082632"/>
  <node id="10213354858" lat="24.6545356" lon="121.4081893"/>
  <node id="12032716783" lat="24.6545706" lon="121.4080781"/>
  <node id="10213354859" lat="24.6545871" lon="121.4079591"/>
  <node id="10213354860" lat="24.6545873" lon="121.4076420"/>
  <node id="10213354861" lat="24.6545228" lon="121.4073123"/>
  <node id="10213354862" lat="24.6544452" lon="121.4070539"/>
  <node id="12032716782" lat="24.6544457" lon="121.4069556"/>
  <node id="10213354863" lat="24.6544667" lon="121.4068930"/>
  <node id="10213354864" lat="24.6545188" lon="121.4068286"/>
  <node id="10213354865" lat="24.6546641" lon="121.4068376"/>
  <node id="10213354866" lat="24.6550497" lon="121.4069289"/>
  <node id="10213354867" lat="24.6553432" lon="121.4070040"/>
  <node id="10213354868" lat="24.6557349" lon="121.4071562"/>
  <node id="10213354869" lat="24.6559182" lon="121.4071757"/>
  <node id="10213354870" lat="24.6563511" lon="121.4072437"/>
  <node id="10213354871" lat="24.6569812" lon="121.4074512"/>
  <node id="10213354872" lat="24.6574763" lon="121.4075777"/>
  <node id="12032716781" lat="24.6576177" lon="121.4076074"/>
  <node id="10213354873" lat="24.6578327" lon="121.4077654"/>
  <node id="12032716780" lat="24.6580095" lon="121.4078575"/>
  <node id="10213354874" lat="24.6582219" lon="121.4080661"/>
  <node id="12032716779" lat="24.6583837" lon="121.4081157"/>
  <node id="10213354875" lat="24.6584951" lon="121.4082565"/>
  <node id="10213354876" lat="24.6587369" lon="121.4086431"/>
  <node id="12032716778" lat="24.6587579" lon="121.4087963"/>
  <node id="10213354877" lat="24.6587887" lon="121.4088743"/>
  <node id="10213354878" lat="24.6589701" lon="121.4090178"/>
  <node id="10213354879" lat="24.6591264" lon="121.4091169"/>
  <node id="10213354880" lat="24.6592789" lon="121.4091027"/>
  <node id="10213354881" lat="24.6594631" lon="121.4089369"/>
  <node id="12032716777" lat="24.6595343" lon="121.4089358"/>
  <node id="10213354882" lat="24.6597293" lon="121.4090585"/>
  <node id="10213354883" lat="24.6599020" lon="121.4092366"/>
  <node id="10213354884" lat="24.6603646" lon="121.4096199"/>
  <node id="10213361082" lat="24.6604315" lon="121.4096218"/>
  <node id="10213354885" lat="24.6606836" lon="121.4094740"/>
  <node id="10213354886" lat="24.6608795" lon="121.4092819"/>
  <node id="10213354887" lat="24.6609365" lon="121.4092541"/>
  <node id="10213354888" lat="24.6609972" lon="121.4092575"/>
  <node id="10213361080" lat="24.6610394" lon="121.4093136"/>
  <node id="10213354890" lat="24.6610914" lon="121.4094450"/>
  <node id="10213354891" lat="24.6611078" lon="121.4095803"/>
  <node id="10213361078" lat="24.6611256" lon="121.4096592"/>
  <node id="10213361079" lat="24.6611793" lon="121.4096983"/>
  <node id="10213354892" lat="24.6613490" lon="121.4097542"/>
  <node id="10213354893" lat="24.6614579" lon="121.4098707"/>
  <node id="12032716776" lat="24.6615739" lon="121.4101207"/>
  <node id="10213354894" lat="24.6616364" lon="121.4101832"/>
  <node id="12032716775" lat="24.6617457" lon="121.4101864"/>
  <node id="10213354895" lat="24.6620186" lon="121.4101158"/>
  <node id="10213354896" lat="24.6622513" lon="121.4100672"/>
  <node id="12032716774" lat="24.6624344" lon="121.4100422"/>
  <node id="10213354897" lat="24.6626681" lon="121.4101049"/>
  <node id="10213354898" lat="24.6628137" lon="121.4100970"/>
  <node id="10213354899" lat="24.6629594" lon="121.4100542"/>
  <node id="10213354900" lat="24.6630742" lon="121.4100604"/>
  <node id="10213361077" lat="24.6631683" lon="121.4101600"/>
  <node id="10213354901" lat="24.6632012" lon="121.4103117"/>
  <node id="10213354902" lat="24.6632630" lon="121.4104335"/>
  <node id="10213354903" lat="24.6633526" lon="121.4104873"/>
  <node id="10213354904" lat="24.6636584" lon="121.4104864"/>
  <node id="10213354905" lat="24.6638442" lon="121.4104455"/>
  <node id="10213354906" lat="24.6639107" lon="121.4104634"/>
  <node id="10213354907" lat="24.6639539" lon="121.4105308"/>
  <node id="10213354908" lat="24.6639482" lon="121.4108098"/>
  <node id="12032716772" lat="24.6639560" lon="121.4108643"/>
  <node id="10213354909" lat="24.6640002" lon="121.4109267"/>
  <node id="12032716773" lat="24.6640437" lon="121.4109474"/>
  <node id="10213354910" lat="24.6641330" lon="121.4109594"/>
  <node id="10213354911" lat="24.6644406" lon="121.4108830"/>
  <node id="10213354912" lat="24.6648347" lon="121.4108916"/>
  <node id="10213354913" lat="24.6651429" lon="121.4108855"/>
  <node id="10213354914" lat="24.6652445" lon="121.4109244"/>
  <node id="10213354915" lat="24.6655238" lon="121.4111378"/>
  <node id="12032716771" lat="24.6656507" lon="121.4112928"/>
  <node id="10213354916" lat="24.6657210" lon="121.4113939"/>
  <node id="12032716770" lat="24.6657677" lon="121.4114229"/>
  <node id="10213361017" lat="24.6658087" lon="121.4114180"/>
  <node id="10213361018" lat="24.6658489" lon="121.4113821"/>
  <node id="10213361019" lat="24.6659461" lon="121.4112425"/>
  <node id="10213361020" lat="24.6660505" lon="121.4111757"/>
  <node id="10213361021" lat="24.6661457" lon="121.4111665"/>
  <node id="10213361022" lat="24.6662195" lon="121.4112297"/>
  <node id="10213361023" lat="24.6663564" lon="121.4114507"/>
  <node id="10213361024" lat="24.6664812" lon="121.4121551"/>
  <node id="10213361025" lat="24.6666227" lon="121.4125625"/>
  <node id="10213361026" lat="24.6667069" lon="121.4128938"/>
  <node id="12032716769" lat="24.6669084" lon="121.4130241"/>
  <node id="10213361027" lat="24.6671117" lon="121.4131995"/>
  <node id="10213361028" lat="24.6672028" lon="121.4132291"/>
  <node id="10213361030" lat="24.6672965" lon="121.4132462"/>
  <node id="10213361031" lat="24.6674057" lon="121.4132400"/>
  <node id="10213361032" lat="24.6675035" lon="121.4132782"/>
  <node id="10213361033" lat="24.6675226" lon="121.4133542"/>
  <node id="10213361034" lat="24.6674986" lon="121.4134487"/>
  <node id="10213361035" lat="24.6674309" lon="121.4136436"/>
  <node id="10213361036" lat="24.6674000" lon="121.4137729"/>
  <node id="10213361037" lat="24.6674225" lon="121.4138500"/>
  <node id="10213361038" lat="24.6675404" lon="121.4139976"/>
  <node id="10213361039" lat="24.6676515" lon="121.4139995"/>
  <node id="10213361040" lat="24.6679164" lon="121.4138728"/>
  <node id="10213361041" lat="24.6680855" lon="121.4138823"/>
  <node id="10213361042" lat="24.6684948" lon="121.4140103"/>
  <node id="10213361043" lat="24.6687869" lon="121.4141639"/>
  <node id="10213361044" lat="24.6688728" lon="121.4141674"/>
  <node id="12032716268" lat="24.6690320" lon="121.4141238"/>
  <node id="10213361045" lat="24.6693250" lon="121.4141116"/>
  <node id="10213361046" lat="24.6693855" lon="121.4140798"/>
  <node id="10213361047" lat="24.6694160" lon="121.4139979"/>
  <node id="10213361048" lat="24.6694328" lon="121.4138901"/>
  <node id="10213361049" lat="24.6694489" lon="121.4138301"/>
  <node id="10213361050" lat="24.6695204" lon="121.4137411"/>
  <node id="10213361051" lat="24.6696484" lon="121.4137669"/>
  <node id="10213361052" lat="24.6697928" lon="121.4137742"/>
  <node id="10213361053" lat="24.6698668" lon="121.4136713"/>
  <node id="10213361054" lat="24.6699004" lon="121.4135512"/>
  <node id="10213361055" lat="24.6699158" lon="121.4133745"/>
  <node id="10213361056" lat="24.6699407" lon="121.4132686"/>
  <node id="10213361057" lat="24.6700359" lon="121.4131621"/>
  <node id="10213361058" lat="24.6701604" lon="121.4130770"/>
  <node id="12032716267" lat="24.6703433" lon="121.4131080"/>
  <node id="12032716266" lat="24.6704658" lon="121.4130858"/>
  <node id="10213361059" lat="24.6705830" lon="121.4130232"/>
  <node id="10213361060" lat="24.6708663" lon="121.4130089"/>
  <node id="10213361061" lat="24.6710037" lon="121.4129266"/>
  <node id="12032716265" lat="24.6711397" lon="121.4128116"/>
  <node id="10213361062" lat="24.6712583" lon="121.4127409"/>
  <node id="10213361063" lat="24.6714151" lon="121.4127039"/>
  <node id="10213361064" lat="24.6717187" lon="121.4125858"/>
  <node id="10213361065" lat="24.6718863" lon="121.4125056"/>
  <node id="10213361066" lat="24.6721231" lon="121.4124902"/>
  <node id="10213361067" lat="24.6722306" lon="121.4124380"/>
  <node id="10213361068" lat="24.6724706" lon="121.4122756"/>
  <node id="10213361069" lat="24.6726252" lon="121.4121552"/>
  <node id="10213361070" lat="24.6727383" lon="121.4121143"/>
  <node id="10213361071" lat="24.6729636" lon="121.4120728"/>
  <node id="10213361072" lat="24.6731901" lon="121.4120261"/>
  <node id="10213361073" lat="24.6733581" lon="121.4119644"/>
  <node id="10213361074" lat="24.6735633" lon="121.4119276"/>
  <node id="10213361075" lat="24.6737184" lon="121.4119275"/>
  <node id="10213361076" lat="24.6738385" lon="121.4119564"/>
  <node id="12032716264" lat="24.6739537" lon="121.4120324"/>
  <node id="12032716263" lat="24.6739634" lon="121.4121290"/>
  <node id="300590552" lat="24.6715523" lon="121.4076411"/>
  <node id="3105423550" lat="24.6714773" lon="121.4076694"/>
  <node id="4446856732" lat="24.6713816" lon="121.4076794"/>
  <node id="4446856731" lat="24.6712683" lon="121.4076579"/>
  <node id="4446856728" lat="24.6710867" lon="121.4076170"/>
  <node id="12032716259" lat="24.6752454" lon="121.4049098"/>
  <node id="3105423569" lat="24.6752985" lon="121.4049798"/>
  <node id="300590531" lat="24.6753307" lon="121.4050938"/>
  <node id="4446857000" lat="24.6753252" lon="121.4051970"/>
  <node id="300590535" lat="24.6752619" lon="121.4054733"/>
  <node id="3105423567" lat="24.6752290" lon="121.4055684"/>
  <node id="4446856997" lat="24.6751753" lon="121.4056597"/>
  <node id="3105423566" lat="24.6751278" lon="121.4057039"/>
  <node id="4446856995" lat="24.6750718" lon="121.4057401"/>
  <node id="4446856993" lat="24.6749864" lon="121.4057944"/>
  <node id="4446856992" lat="24.6749066" lon="121.4058870"/>
  <node id="4446856990" lat="24.6748146" lon="121.4060258"/>
  <node id="4446856989" lat="24.6747488" lon="121.4061076"/>
  <node id="4446856786" lat="24.6745782" lon="121.4062095"/>
  <node id="3105423565" lat="24.6743607" lon="121.4063845"/>
  <node id="3105423564" lat="24.6742101" lon="121.4065821"/>
  <node id="3105423563" lat="24.6741400" lon="121.4066445"/>
  <node id="4446856778" lat="24.6740853" lon="121.4066842"/>
  <node id="300590536" lat="24.6740133" lon="121.4067055"/>
  <node id="3105423562" lat="24.6739703" lon="121.4067055"/>
  <node id="3105423561" lat="24.6738636" lon="121.4066780"/>
  <node id="3105423560" lat="24.6736667" lon="121.4065180"/>
  <node id="4446856763" lat="24.6736045" lon="121.4064872"/>
  <node id="3105423559" lat="24.6735429" lon="121.4064616"/>
  <node id="4446856754" lat="24.6734637" lon="121.4064482"/>
  <node id="3105423558" lat="24.6732876" lon="121.4064187"/>
  <node id="4446856746" lat="24.6731865" lon="121.4063933"/>
  <node id="4446856743" lat="24.6730988" lon="121.4063584"/>
  <node id="3105423557" lat="24.6730336" lon="121.4063367"/>
  <node id="300590538" lat="24.6729604" lon="121.4063088"/>
  <node id="3105423556" lat="24.6728891" lon="121.4063067"/>
  <node id="3105423555" lat="24.6728514" lon="121.4063383"/>
  <node id="4446856742" lat="24.6728221" lon="121.4063933"/>
  <node id="4446856741" lat="24.6727782" lon="121.4065180"/>
  <node id="4446856740" lat="24.6727332" lon="121.4065918"/>
  <node id="3105423554" lat="24.6726820" lon="121.4066574"/>
  <node id="4446856739" lat="24.6726137" lon="121.4067064"/>
  <node id="4446856737" lat="24.6724602" lon="121.4067460"/>
  <node id="300590550" lat="24.6722976" lon="121.4069463"/>
  <node id="3105423552" lat="24.6720763" lon="121.4072087"/>
  <node id="4446856735" lat="24.6718575" lon="121.4074400"/>
  <node id="3105423551" lat="24.6717631" lon="121.4075196"/>
  <node id="4446856734" lat="24.6716668" lon="121.4075842"/>
  <node id="3105423549" lat="24.6709350" lon="121.4075956"/>
  <node id="3105423548" lat="24.6707881" lon="121.4075929"/>
  <node id="4446856727" lat="24.6706895" lon="121.4075627"/>
  <node id="4446856726" lat="24.6704146" lon="121.4074125"/>
  <node id="3105423547" lat="24.6702863" lon="121.4073740"/>
  <node id="3105423546" lat="24.6702086" lon="121.4073541"/>
  <node id="4446856725" lat="24.6701002" lon="121.4073407"/>
  <node id="3105423545" lat="24.6699967" lon="121.4073586"/>
  <node id="300590553" lat="24.6699077" lon="121.4074022"/>
  <node id="3105423544" lat="24.6698628" lon="121.4074685"/>
  <node id="4446856724" lat="24.6698400" lon="121.4075627"/>
  <node id="4446856723" lat="24.6698242" lon="121.4077102"/>
  <node id="4446856722" lat="24.6697956" lon="121.4078819"/>
  <node id="3105423541" lat="24.6697016" lon="121.4082473"/>
  <node id="3105423540" lat="24.6696511" lon="121.4083895"/>
  <node id="300590554" lat="24.6695975" lon="121.4084338"/>
  <node id="4446856721" lat="24.6695427" lon="121.4084452"/>
  <node id="4446856720" lat="24.6694859" lon="121.4084472"/>
  <node id="300590555" lat="24.6693861" lon="121.4083935"/>
  <node id="4446856718" lat="24.6692367" lon="121.4082822"/>
  <node id="3105423538" lat="24.6689743" lon="121.4080796"/>
  <node id="300590566" lat="24.6687586" lon="121.4078300"/>
  <node id="3105423537" lat="24.6685164" lon="121.4074579"/>
  <node id="3105423536" lat="24.6683927" lon="121.4073394"/>
  <node id="300590575" lat="24.6683312" lon="121.4073032"/>
  <node id="4446856716" lat="24.6682679" lon="121.4073012"/>
  <node id="4446856715" lat="24.6682069" lon="121.4073381"/>
  <node id="4446856714" lat="24.6681082" lon="121.4073857"/>
  <node id="3105423534" lat="24.6680227" lon="121.4073921"/>
  <node id="4446856713" lat="24.6679571" lon="121.4073689"/>
  <node id="3105423533" lat="24.6678888" lon="121.4073240"/>
  <node id="300590578" lat="24.6676652" lon="121.4070871"/>
  <node id="4446856710" lat="24.6676177" lon="121.4070518"/>
  <node id="4446856709" lat="24.6674623" lon="121.4070665"/>
  <node id="4446856708" lat="24.6673434" lon="121.4070833"/>
  <node id="4446856707" lat="24.6672491" lon="121.4070638"/>
  <node id="4446856704" lat="24.6670509" lon="121.4070182"/>
  <node id="3105423531" lat="24.6669542" lon="121.4070001"/>
  <node id="300590579" lat="24.6668732" lon="121.4070149"/>
  <node id="3105423530" lat="24.6663229" lon="121.4072716"/>
  <node id="3105423529" lat="24.6660335" lon="121.4073287"/>
  <node id="3105423528" lat="24.6658178" lon="121.4073347"/>
  <node id="3105423527" lat="24.6657173" lon="121.4073126"/>
  <node id="300590580" lat="24.6653632" lon="121.4071831"/>
  <node id="3105423526" lat="24.6652255" lon="121.4070564"/>
  <node id="3105423525" lat="24.6651609" lon="121.4070417"/>
  <node id="3105423524" lat="24.6650762" lon="121.4070779"/>
  <node id="300590581" lat="24.6650079" lon="121.4071442"/>
  <node id="3105423523" lat="24.6647667" lon="121.4074601"/>
  <node id="3105423522" lat="24.6646734" lon="121.4075051"/>
  <node id="300590582" lat="24.6645893" lon="121.4075091"/>
  <node id="3105423521" lat="24.6643907" lon="121.4074004"/>
  <node id="3105423520" lat="24.6642554" lon="121.4073817"/>
  <node id="3105423519" lat="24.6641644" lon="121.4073465"/>
  <node id="300590584" lat="24.6640756" lon="121.4072482"/>
  <node id="3105423518" lat="24.6639504" lon="121.4070260"/>
  <node id="3105423517" lat="24.6638854" lon="121.4069496"/>
  <node id="3105423516" lat="24.6637898" lon="121.4068700"/>
  <node id="300590585" lat="24.6636460" lon="121.4067963"/>
  <node id="3105423515" lat="24.6633900" lon="121.4067641"/>
  <node id="300590588" lat="24.6632682" lon="121.4067855"/>
  <node id="4446676785" lat="24.6630975" lon="121.4068667"/>
  <node id="4446676784" lat="24.6626436" lon="121.4071664"/>
  <node id="300590589" lat="24.6623687" lon="121.4072923"/>
  <node id="3105423514" lat="24.6622773" lon="121.4073159"/>
  <node id="3105423513" lat="24.6621721" lon="121.4073211"/>
  <node id="300590592" lat="24.6620888" lon="121.4072816"/>
  <node id="3105423512" lat="24.6618554" lon="121.4070803"/>
  <node id="4446676783" lat="24.6617454" lon="121.4069908"/>
  <node id="300590593" lat="24.6613201" lon="121.4067847"/>
  <node id="3105423511" lat="24.6610760" lon="121.4066653"/>
  <node id="300590598" lat="24.6609726" lon="121.4066452"/>
  <node id="3105423510" lat="24.6607507" lon="121.4067343"/>
  <node id="3105423509" lat="24.6605983" lon="121.4067243"/>
  <node id="12032716260" lat="24.6604599" lon="121.4067384"/>
  <node id="4446676782" lat="24.6602205" lon="121.4068584"/>
  <node id="4446676781" lat="24.6600278" lon="121.4068899"/>
  <node id="4446676780" lat="24.6598861" lon="121.4069391"/>
  <node id="3105423508" lat="24.6596524" lon="121.4070528"/>
  <node id="3105423507" lat="24.6595538" lon="121.4070877"/>
  <node id="3105423506" lat="24.6594677" lon="121.4071012"/>
  <node id="3105423505" lat="24.6593234" lon="121.4070958"/>
  <node id="300590600" lat="24.6592681" lon="121.4070582"/>
  <node id="3105423504" lat="24.6591365" lon="121.4068935"/>
  <node id="4446676779" lat="24.6588251" lon="121.4065951"/>
  <node id="4446676778" lat="24.6586685" lon="121.4065079"/>
  <node id="3105423503" lat="24.6585521" lon="121.4064033"/>
  <node id="3105423502" lat="24.6585001" lon="121.4062737"/>
  <node id="3105423501" lat="24.6584516" lon="121.4061939"/>
  <node id="300590605" lat="24.6583394" lon="121.4061512"/>
  <node id="4446676777" lat="24.6580888" lon="121.4061557"/>
  <node id="3105423500" lat="24.6579540" lon="121.4061409"/>
  <node id="3105423499" lat="24.6577700" lon="121.4060189"/>
  <node id="9444475948" lat="24.6576445" lon="121.4059920"/>
  <node id="300590606" lat="24.6573532" lon="121.4060236"/>
  <node id="3105423498" lat="24.6572151" lon="121.4060687"/>
  <node id="4446676776" lat="24.6568689" lon="121.4061558"/>
  <node id="300590616" lat="24.6563715" lon="121.4061643"/>
  <node id="3105423497" lat="24.6562015" lon="121.4061445"/>
  <node id="12032716261" lat="24.6560094" lon="121.4061409"/>
  <node id="12032716262" lat="24.6559022" lon="121.4061791"/>
  <node id="3105423496" lat="24.6558146" lon="121.4062364"/>
  <node id="3105423495" lat="24.6556885" lon="121.4062826"/>
  <node id="4446676775" lat="24.6555648" lon="121.4063141"/>
  <node id="3105423494" lat="24.6554770" lon="121.4063221"/>
  <node id="3105423493" lat="24.6553899" lon="121.4063168"/>
  <node id="3105423492" lat="24.6553045" lon="121.4062833"/>
  <node id="3105423491" lat="24.6551387" lon="121.4060834"/>
  <node id="4446676774" lat="24.6550370" lon="121.4059842"/>
  <node id="3105423490" lat="24.6549248" lon="121.4059601"/>
  <node id="300590631" lat="24.6548097" lon="121.4059755"/>
  <node id="3105423489" lat="24.6547226" lon="121.4060117"/>
  <node id="3105423488" lat="24.6545799" lon="121.4061378"/>
  <node id="300590633" lat="24.6544830" lon="121.4062967"/>
  <node id="3105423487" lat="24.6543867" lon="121.4064409"/>
  <node id="3105423483" lat="24.6543179" lon="121.4064677"/>
  <node id="3105423480" lat="24.6542240" lon="121.4064610"/>
  <node id="3105423479" lat="24.6540656" lon="121.4064140"/>
  <node id="3105423477" lat="24.6539876" lon="121.4064094"/>
  <node id="300590634" lat="24.6539376" lon="121.4064295"/>
  <node id="3105423475" lat="24.6538931" lon="121.4064970"/>
  <node id="300590635" lat="24.6538833" lon="121.4065864"/>
  <node id="3105423482" lat="24.6539150" lon="121.4067098"/>
  <node id="300590636" lat="24.6540869" lon="121.4070222"/>
  <node id="3105423485" lat="24.6543081" lon="121.4075567"/>
  <node id="4446676773" lat="24.6543737" lon="121.4077864"/>
  <node id="3105423484" lat="24.6543939" lon="121.4080185"/>
  <node id="300590638" lat="24.6543597" lon="121.4080775"/>
  <node id="3105423481" lat="24.6541239" lon="121.4082411"/>
  <way id="124907170">
    <nd ref="3105435851"/>
    <nd ref="3105435850"/>
    <nd ref="4446868756"/>
    <nd ref="3105435849"/>
    <nd ref="300590364"/>
    <nd ref="4446868755"/>
    <nd ref="4446868754"/>
    <nd ref="4446868753"/>
    <nd ref="4446868752"/>
    <nd ref="4446868751"/>
    <nd ref="4446868750"/>
    <nd ref="300590365"/>
    <nd ref="300590366"/>
    <nd ref="3105435848"/>
    <nd ref="2001312418"/>
    <nd ref="4446868749"/>
    <nd ref="4446868748"/>
    <nd ref="300590367"/>
    <nd ref="2001312416"/>
    <nd ref="2001312414"/>
    <nd ref="4446868747"/>
    <nd ref="4446868746"/>
    <nd ref="4446868745"/>
    <nd ref="4446868744"/>
    <nd ref="2001312412"/>
    <nd ref="4446868743"/>
    <nd ref="3716246623"/>
    <nd ref="4446868737"/>
    <nd ref="2001312410"/>
    <nd ref="4446868731"/>
    <nd ref="4446868729"/>
    <nd ref="3716246621"/>
    <nd ref="2001312396"/>
    <nd ref="4446868727"/>
    <nd ref="2001312368"/>
    <nd ref="4446868726"/>
    <nd ref="3105435839"/>
    <nd ref="4446868725"/>
    <nd ref="3105435838"/>
    <nd ref="300590370"/>
    <nd ref="9462162327"/>
    <nd ref="2001312394"/>
    <nd ref="4446868730"/>
    <nd ref="2001312398"/>
    <nd ref="2001312400"/>
    <nd ref="2001312402"/>
    <nd ref="11215722763"/>
    <nd ref="4446868733"/>
    <nd ref="4446868734"/>
    <nd ref="2001312404"/>
    <nd ref="4445311626"/>
    <nd ref="2001312406"/>
    <nd ref="9462162326"/>
    <nd ref="2001312408"/>
    <nd ref="4446868739"/>
    <nd ref="1388710988"/>
    <nd ref="4446868741"/>
    <nd ref="4446868742"/>
    <nd ref="3105435846"/>
    <nd ref="4446868740"/>
    <nd ref="4446868738"/>
    <nd ref="3105435845"/>
    <nd ref="3105435843"/>
    <nd ref="4446868735"/>
    <nd ref="4446868732"/>
    <nd ref="3105435842"/>
    <nd ref="4446868728"/>
    <nd ref="3105435841"/>
    <nd ref="3105435840"/>
    <nd ref="2368831463"/>
    <nd ref="2368831462"/>
    <nd ref="4446868724"/>
    <nd ref="4446868723"/>
    <nd ref="2368831460"/>
    <nd ref="300590373"/>
    <nd ref="2368831455"/>
    <nd ref="2368831454"/>
    <nd ref="4446868722"/>
    <nd ref="300590374"/>
    <nd ref="3105435837"/>
    <nd ref="4446868721"/>
    <nd ref="3105435834"/>
    <nd ref="4446868720"/>
    <nd ref="4446868719"/>
    <nd ref="2368831452"/>
    <nd ref="4446868718"/>
    <nd ref="2340772658"/>
    <nd ref="2368831446"/>
    <nd ref="4446868716"/>
    <nd ref="300590383"/>
    <nd ref="3105435830"/>
    <nd ref="2340772657"/>
    <nd ref="300590384"/>
    <nd ref="3105435828"/>
    <nd ref="300590385"/>
    <nd ref="3105435832"/>
    <nd ref="3105435833"/>
    <nd ref="9462162325"/>
    <nd ref="2368831444"/>
    <nd ref="3105435829"/>
    <nd ref="4446868713"/>
    <nd ref="2340772656"/>
    <nd ref="300590387"/>
    <nd ref="4446868712"/>
    <nd ref="4446868711"/>
    <nd ref="2368831440"/>
    <nd ref="4446868710"/>
    <nd ref="4446868709"/>
    <nd ref="2368831430"/>
    <nd ref="4446868708"/>
    <nd ref="300590388"/>
    <nd ref="4446868707"/>
    <nd ref="300590389"/>
    <nd ref="4446868706"/>
    <nd ref="4446868705"/>
    <nd ref="12032716256"/>
    <nd ref="2368831421"/>
    <nd ref="300590390"/>
    <nd ref="2368831415"/>
    <nd ref="300590391"/>
    <nd ref="300590392"/>
    <nd ref="3105435817"/>
    <nd ref="2368831419"/>
    <nd ref="2368831424"/>
    <nd ref="300590393"/>
    <nd ref="3105435822"/>
    <nd ref="3105435823"/>
    <nd ref="3105435826"/>
    <nd ref="12032716257"/>
    <nd ref="2368831427"/>
    <nd ref="3105435827"/>
    <nd ref="300590395"/>
    <nd ref="3105435824"/>
    <nd ref="3105435825"/>
    <nd ref="300590396"/>
    <nd ref="9462162324"/>
    <nd ref="300590397"/>
    <nd ref="3105435821"/>
    <nd ref="3105435820"/>
    <nd ref="12032716258"/>
    <nd ref="2340772654"/>
    <nd ref="3105435818"/>
    <nd ref="2368831412"/>
    <nd ref="3105435816"/>
    <nd ref="2368831410"/>
    <nd ref="3105435815"/>
    <nd ref="3105435813"/>
    <nd ref="300590398"/>
    <nd ref="3105435807"/>
    <nd ref="9462162323"/>
    <nd ref="2368831386"/>
    <nd ref="3105435797"/>
    <nd ref="300590399"/>
    <nd ref="3105435805"/>
    <nd ref="300590400"/>
    <nd ref="3105435810"/>
    <nd ref="3105435812"/>
    <nd ref="2368831400"/>
    <nd ref="300590401"/>
    <nd ref="3105435811"/>
    <nd ref="300590402"/>
    <nd ref="3105435796"/>
    <nd ref="4446856762"/>
    <nd ref="300590403"/>
    <nd ref="3105435793"/>
    <nd ref="4446856758"/>
    <nd ref="4446856761"/>
    <nd ref="300590404"/>
    <nd ref="3105435794"/>
    <nd ref="4446856753"/>
    <nd ref="2340772649"/>
    <nd ref="4446856751"/>
    <nd ref="4446856747"/>
    <nd ref="2340772648"/>
    <nd ref="2368831374"/>
    <nd ref="3105435790"/>
    <nd ref="3105435791"/>
    <nd ref="300590416"/>
    <nd ref="4446856748"/>
    <nd ref="4446856750"/>
    <nd ref="3105435792"/>
    <nd ref="300590448"/>
    <nd ref="4446856757"/>
    <nd ref="3105435795"/>
    <nd ref="2368831382"/>
    <nd ref="3105435799"/>
    <nd ref="300590450"/>
    <nd ref="3105435801"/>
    <nd ref="4446856767"/>
    <nd ref="4446856765"/>
    <nd ref="2340772650"/>
    <nd ref="3105435798"/>
    <nd ref="4446856764"/>
    <nd ref="2368831389"/>
    <nd ref="3105435806"/>
    <nd ref="4446856768"/>
    <nd ref="4446856769"/>
    <nd ref="2368831393"/>
    <nd ref="2368831390"/>
    <nd ref="3105435802"/>
    <nd ref="4446856771"/>
    <nd ref="4446856772"/>
    <nd ref="3105435808"/>
    <nd ref="2368831395"/>
    <nd ref="3105435809"/>
    <nd ref="4446856770"/>
    <nd ref="3105435800"/>
    <nd ref="9462162322"/>
    <nd ref="300590461"/>
    <nd ref="4446856766"/>
    <nd ref="3105435804"/>
    <nd ref="2340772651"/>
    <nd ref="4446856773"/>
    <nd ref="4446856774"/>
    <nd ref="4446856775"/>
    <nd ref="4446856776"/>
    <nd ref="4446856777"/>
    <nd ref="300590462"/>
    <nd ref="4446856779"/>
    <nd ref="4446856780"/>
    <nd ref="4446856781"/>
    <nd ref="4446856784"/>
    <nd ref="300590486"/>
    <tag k="alt_name" v="北橫公路"/>
    <tag k="alt_name:en" v="Northern Cross-Island Highway"/>
    <tag k="alt_name:nan" v="Pak-hûiⁿ Kong-lō͘"/>
    <tag k="alt_name:nan-Hant" v="北橫公路"/>
    <tag k="alt_name:nan-Latn-pehoeji" v="Pak-hûiⁿ Kong-lō͘"/>
    <tag k="alt_name:nan-Latn-tailo" v="Pak-huînn Kong-lōo"/>
    <tag k="alt_name:zh" v="北橫公路"/>
    <tag k="highway" v="primary"/>
    <tag k="name" v="復興路九段"/>
    <tag k="name:en" v="Section 9, Fuxing Road"/>
    <tag k="name:nan" v="Ho̍k-heng-lō͘ 9-tōaⁿ"/>
    <tag k="name:nan-Hant" v="復興路九段"/>
    <tag k="name:nan-Latn-pehoeji" v="Ho̍k-heng-lō͘ 9-tōaⁿ"/>
    <tag k="name:nan-Latn-tailo" v="Ho̍k-hing-lōo 9-tuānn"/>
    <tag k="name:zh" v="復興路九段"/>
    <tag k="oneway" v="no"/>
    <tag k="ref" v="7"/>
    <tag k="ref:en" v="Provincial Highway 7"/>
    <tag k="ref:zh" v="台7線"/>
    <tag k="surface" v="asphalt"/>
  </way>
  <way id="228250645">
    <nd ref="300590486"/>
    <nd ref="3105423568"/>
    <tag k="bridge" v="yes"/>
    <tag k="highway" v="primary"/>
    <tag k="name" v="大漢橋"/>
    <tag k="name:en" v="Dahan Brag."/>
    <tag k="name:nan" v="Tāi-hàn-kiô"/>
    <tag k="name:nan-Hant" v="大漢橋"/>
    <tag k="name:nan-Latn-pehoeji" v="Tāi-hàn-kiô"/>
    <tag k="name:nan-Latn-tailo" v="Tāi-hàn-kiô"/>
    <tag k="name:zh" v="大漢橋"/>
    <tag k="ref" v="7"/>
    <tag k="ref:en" v="Provincial Highway 7"/>
    <tag k="ref:zh" v="台7線"/>
  </way>
  <way id="325886567">
    <nd ref="9196052501"/>
    <nd ref="9196052731"/>
    <nd ref="9196052730"/>
    <nd ref="9196052729"/>
    <nd ref="9196052728"/>
    <nd ref="9196052727"/>
    <nd ref="9196052726"/>
    <nd ref="9196052725"/>
    <nd ref="9196052724"/>
    <nd ref="9196052723"/>
    <nd ref="9196052722"/>
    <nd ref="9196052721"/>
    <nd ref="9196052720"/>
    <nd ref="9196052719"/>
    <nd ref="9196052718"/>
    <nd ref="9196052717"/>
    <nd ref="9196052716"/>
    <nd ref="9196052715"/>
    <nd ref="9196052714"/>
    <nd ref="9196052713"/>
    <nd ref="9196052712"/>
    <nd ref="9196052711"/>
    <nd ref="9196052710"/>
    <nd ref="9196052709"/>
    <nd ref="9196052708"/>
    <nd ref="9196052707"/>
    <nd ref="9196052706"/>
    <nd ref="9196052705"/>
    <nd ref="9196052704"/>
    <nd ref="9196052703"/>
    <nd ref="9196052702"/>
    <nd ref="9196052701"/>
    <nd ref="9196052700"/>
    <nd ref="9196052699"/>
    <nd ref="9196052698"/>
    <nd ref="9196052697"/>
    <nd ref="9196052696"/>
    <nd ref="9196052695"/>
    <nd ref="9196052694"/>
    <nd ref="9196052693"/>
    <nd ref="9196052692"/>
    <nd ref="9196052691"/>
    <nd ref="9196052690"/>
    <nd ref="9196052689"/>
    <nd ref="9196052688"/>
    <nd ref="9196052687"/>
    <nd ref="9196052686"/>
    <nd ref="9196052685"/>
    <nd ref="9196052684"/>
    <nd ref="9196052683"/>
    <nd ref="9196052682"/>
    <nd ref="9196052681"/>
    <nd ref="9196052680"/>
    <nd ref="9196052679"/>
    <nd ref="9196052678"/>
    <nd ref="9196052677"/>
    <nd ref="9196052676"/>
    <nd ref="9196052675"/>
    <nd ref="9196052674"/>
    <nd ref="9196052673"/>
    <nd ref="9196052672"/>
    <nd ref="9196052671"/>
    <nd ref="9196052670"/>
    <nd ref="9196052669"/>
    <nd ref="9196052668"/>
    <nd ref="9196052667"/>
    <nd ref="9196052666"/>
    <nd ref="9196052665"/>
    <nd ref="9196052664"/>
    <nd ref="9196052663"/>
    <nd ref="9196052662"/>
    <nd ref="9196052661"/>
    <nd ref="9196052660"/>
    <nd ref="9196052659"/>
    <nd ref="9196052658"/>
    <nd ref="9196052657"/>
    <nd ref="9196052656"/>
    <nd ref="9196052655"/>
    <nd ref="9196052654"/>
    <nd ref="9196052653"/>
    <nd ref="9196052652"/>
    <nd ref="9196052651"/>
    <nd ref="9196052650"/>
    <nd ref="9196052649"/>
    <nd ref="9196052648"/>
    <nd ref="9196052647"/>
    <nd ref="9196052646"/>
    <nd ref="9196052645"/>
    <nd ref="9196052644"/>
    <nd ref="9196052643"/>
    <nd ref="9196052642"/>
    <nd ref="9196052641"/>
    <nd ref="9196052640"/>
    <nd ref="9196052639"/>
    <nd ref="9196052638"/>
    <nd ref="9196052637"/>
    <nd ref="9196052636"/>
    <nd ref="9196052635"/>
    <nd ref="9196052634"/>
    <nd ref="9196052633"/>
    <nd ref="9196052632"/>
    <nd ref="9196052631"/>
    <nd ref="9196052630"/>
    <nd ref="9196052629"/>
    <nd ref="9196052628"/>
    <nd ref="9196052627"/>
    <nd ref="9196052626"/>
    <nd ref="9196052625"/>
    <nd ref="9196052624"/>
    <nd ref="9196052623"/>
    <nd ref="9196052622"/>
    <nd ref="9196052621"/>
    <nd ref="9196052620"/>
    <nd ref="9196052619"/>
    <nd ref="9196052618"/>
    <nd ref="9196052617"/>
    <nd ref="9196052616"/>
    <nd ref="9196052615"/>
    <nd ref="9196052614"/>
    <nd ref="9196052613"/>
    <nd ref="9196052612"/>
    <nd ref="9196052611"/>
    <nd ref="9196052610"/>
    <nd ref="9196052609"/>
    <nd ref="9196052608"/>
    <nd ref="9196052607"/>
    <nd ref="9196052606"/>
    <nd ref="9196052605"/>
    <nd ref="9196052604"/>
    <nd ref="9196052603"/>
    <nd ref="9196052602"/>
    <nd ref="9196052601"/>
    <nd ref="9196052600"/>
    <nd ref="9196052599"/>
    <nd ref="9196052598"/>
    <nd ref="9196052597"/>
    <nd ref="9196052596"/>
    <nd ref="9196052595"/>
    <nd ref="9196052594"/>
    <nd ref="9196052593"/>
    <nd ref="9196052592"/>
    <nd ref="9196052591"/>
    <nd ref="9196052590"/>
    <nd ref="9196052589"/>
    <nd ref="9196052588"/>
    <nd ref="9196052587"/>
    <nd ref="9196052586"/>
    <nd ref="9196052585"/>
    <nd ref="9196052584"/>
    <nd ref="9196052583"/>
    <nd ref="9196052582"/>
    <nd ref="9196052581"/>
    <nd ref="9196052580"/>
    <nd ref="9196052579"/>
    <nd ref="9196052578"/>
    <nd ref="9196052577"/>
    <nd ref="9196052576"/>
    <nd ref="9196052575"/>
    <nd ref="9196052574"/>
    <nd ref="9196052573"/>
    <nd ref="9196052572"/>
    <nd ref="9196052571"/>
    <nd ref="9196052570"/>
    <nd ref="9196052569"/>
    <nd ref="9196052568"/>
    <nd ref="9196052567"/>
    <nd ref="9196052566"/>
    <nd ref="9196052565"/>
    <nd ref="9196052564"/>
    <nd ref="9196052563"/>
    <nd ref="9196052562"/>
    <nd ref="9196052561"/>
    <nd ref="9196052560"/>
    <nd ref="9196052559"/>
    <nd ref="9196052558"/>
    <nd ref="9196052557"/>
    <nd ref="9196052556"/>
    <nd ref="9196052555"/>
    <nd ref="9196052554"/>
    <nd ref="9196052553"/>
    <nd ref="9196052552"/>
    <nd ref="9196052551"/>
    <nd ref="9196052550"/>
    <nd ref="9196052549"/>
    <nd ref="9196052548"/>
    <nd ref="9196052547"/>
    <nd ref="9196052546"/>
    <nd ref="9196052545"/>
    <nd ref="9196052544"/>
    <nd ref="9196052543"/>
    <nd ref="9196052542"/>
    <nd ref="9196052541"/>
    <nd ref="9196052540"/>
    <nd ref="9196052539"/>
    <nd ref="9196052538"/>
    <nd ref="9196052537"/>
    <nd ref="9196052536"/>
    <nd ref="9196052535"/>
    <nd ref="9196052534"/>
    <nd ref="9196052533"/>
    <nd ref="9196052532"/>
    <nd ref="9196052531"/>
    <nd ref="9196052530"/>
    <nd ref="9196052529"/>
    <nd ref="9196052528"/>
    <nd ref="9196052527"/>
    <nd ref="9196052526"/>
    <nd ref="9196052525"/>
    <nd ref="9196052524"/>
    <nd ref="9196052523"/>
    <nd ref="9196052522"/>
    <nd ref="9196052521"/>
    <nd ref="9196052520"/>
    <nd ref="9196052519"/>
    <nd ref="9196052518"/>
    <nd ref="9196052517"/>
    <nd ref="9196052516"/>
    <nd ref="9196052515"/>
    <nd ref="9196052514"/>
    <nd ref="9196052513"/>
    <nd ref="9196052512"/>
    <nd ref="9196052511"/>
    <nd ref="9196052510"/>
    <nd ref="9196052509"/>
    <nd ref="9196052508"/>
    <nd ref="9196052507"/>
    <nd ref="9196052506"/>
    <nd ref="9196052505"/>
    <nd ref="9196052504"/>
    <nd ref="9196819942"/>
    <nd ref="9196052503"/>
    <nd ref="9196052502"/>
    <nd ref="3325086888"/>
    <nd ref="9196819941"/>
    <nd ref="9196819493"/>
    <nd ref="9196819494"/>
    <nd ref="9196819495"/>
    <nd ref="9196819496"/>
    <nd ref="9196819497"/>
    <nd ref="9196819498"/>
    <nd ref="9196819499"/>
    <nd ref="9196819500"/>
    <nd ref="9196819501"/>
    <nd ref="9196819502"/>
    <nd ref="9196819503"/>
    <nd ref="9196819504"/>
    <nd ref="9196819505"/>
    <nd ref="9196819506"/>
    <nd ref="9196819507"/>
    <nd ref="9196819508"/>
    <nd ref="9196819509"/>
    <nd ref="9196819510"/>
    <nd ref="9196819511"/>
    <nd ref="9196819512"/>
    <nd ref="9196819513"/>
    <nd ref="9196819514"/>
    <nd ref="9196819515"/>
    <nd ref="9196819516"/>
    <nd ref="9196819517"/>
    <nd ref="9196819518"/>
    <nd ref="9196819519"/>
    <nd ref="9196819520"/>
    <nd ref="9196819521"/>
    <nd ref="9196819522"/>
    <nd ref="9196819523"/>
    <nd ref="9196819524"/>
    <nd ref="9196819525"/>
    <nd ref="9196819526"/>
    <nd ref="9196819527"/>
    <nd ref="9196819528"/>
    <nd ref="9196819529"/>
    <nd ref="9196819530"/>
    <nd ref="9196819531"/>
    <nd ref="9196819532"/>
    <nd ref="9196819533"/>
    <nd ref="9196819534"/>
    <nd ref="9196918286"/>
    <nd ref="9196819535"/>
    <nd ref="9196819536"/>
    <nd ref="9196819537"/>
    <nd ref="9196819538"/>
    <nd ref="9196819539"/>
    <nd ref="9196819540"/>
    <nd ref="9196819541"/>
    <nd ref="9196819542"/>
    <nd ref="9196819543"/>
    <nd ref="9196819544"/>
    <nd ref="9196819545"/>
    <nd ref="9196819546"/>
    <nd ref="9196819547"/>
    <nd ref="9196819548"/>
    <nd ref="9196819549"/>
    <nd ref="9196919150"/>
    <nd ref="9196919146"/>
    <nd ref="9196819550"/>
    <nd ref="9196919151"/>
    <nd ref="9196819551"/>
    <nd ref="9196819552"/>
    <nd ref="9196819553"/>
    <nd ref="9196819554"/>
    <nd ref="9196819555"/>
    <nd ref="9196819556"/>
    <nd ref="9196819557"/>
    <nd ref="9196819558"/>
    <nd ref="9196819559"/>
    <nd ref="9196819560"/>
    <nd ref="9196819561"/>
    <nd ref="9196819562"/>
    <nd ref="9196819563"/>
    <nd ref="9196819564"/>
    <nd ref="9196819565"/>
    <nd ref="9196819566"/>
    <nd ref="9196819567"/>
    <nd ref="9196819568"/>
    <nd ref="9196819569"/>
    <nd ref="9196819570"/>
    <nd ref="9196819571"/>
    <nd ref="9196819572"/>
    <nd ref="9196819573"/>
    <nd ref="9196819574"/>
    <nd ref="9196819575"/>
    <nd ref="9196819576"/>
    <nd ref="9196819577"/>
    <nd ref="9196819578"/>
    <nd ref="9196819579"/>
    <nd ref="9196819580"/>
    <nd ref="9196819581"/>
    <nd ref="9196819582"/>
    <nd ref="9196819583"/>
    <nd ref="9196819584"/>
    <nd ref="9196819585"/>
    <nd ref="9196819586"/>
    <nd ref="9196819587"/>
    <nd ref="9196819588"/>
    <nd ref="9196819589"/>
    <nd ref="9196819590"/>
    <nd ref="9196819591"/>
    <nd ref="9196819592"/>
    <nd ref="9196819593"/>
    <nd ref="9196819594"/>
    <nd ref="9196819595"/>
    <nd ref="9196819596"/>
    <nd ref="9196819597"/>
    <nd ref="9196819598"/>
    <nd ref="9196819599"/>
    <nd ref="9196819600"/>
    <nd ref="9196819601"/>
    <nd ref="9196819602"/>
    <nd ref="9196819603"/>
    <nd ref="9196918767"/>
    <nd ref="9196819604"/>
    <nd ref="9196819605"/>
    <nd ref="9196819606"/>
    <nd ref="9196819607"/>
    <nd ref="9196819608"/>
    <nd ref="9196819609"/>
    <nd ref="9196819610"/>
    <nd ref="9196819611"/>
    <nd ref="9196819612"/>
    <nd ref="9196819613"/>
    <nd ref="9196819614"/>
    <nd ref="9196819615"/>
    <nd ref="9196819616"/>
    <nd ref="9196819617"/>
    <nd ref="9196819626"/>
    <nd ref="9196819627"/>
    <nd ref="9196819628"/>
    <nd ref="9196819629"/>
    <nd ref="9196819630"/>
    <nd ref="9196819631"/>
    <nd ref="9196819632"/>
    <nd ref="9196819633"/>
    <nd ref="9196819634"/>
    <nd ref="9196819635"/>
    <nd ref="9196819636"/>
    <nd ref="9196819637"/>
    <nd ref="9196819638"/>
    <nd ref="9196819639"/>
    <nd ref="9196819640"/>
    <nd ref="9196819641"/>
    <nd ref="9196819642"/>
    <nd ref="9196819643"/>
    <nd ref="9196819644"/>
    <nd ref="9196819645"/>
    <nd ref="9196819646"/>
    <nd ref="9196819647"/>
    <nd ref="9196819648"/>
    <nd ref="9196819649"/>
    <nd ref="9196819650"/>
    <nd ref="9196819651"/>
    <nd ref="9196819652"/>
    <nd ref="9196819653"/>
    <nd ref="9196819654"/>
    <nd ref="9196819655"/>
    <nd ref="9196819656"/>
    <nd ref="9196819657"/>
    <nd ref="9196819658"/>
    <nd ref="9196819659"/>
    <nd ref="9196918802"/>
    <nd ref="9196819660"/>
    <nd ref="9196819661"/>
    <nd ref="9196819662"/>
    <nd ref="9196819663"/>
    <nd ref="9196819664"/>
    <nd ref="9196819665"/>
    <nd ref="9196819666"/>
    <nd ref="9196819667"/>
    <nd ref="9196819668"/>
    <nd ref="9196819669"/>
    <nd ref="9196819670"/>
    <nd ref="9196819671"/>
    <nd ref="9196819672"/>
    <nd ref="9196819673"/>
    <nd ref="9196819674"/>
    <nd ref="9196819675"/>
    <nd ref="9196819676"/>
    <nd ref="9196819677"/>
    <nd ref="9196819678"/>
    <nd ref="9196819679"/>
    <nd ref="9196819680"/>
    <nd ref="9196819681"/>
    <nd ref="9196819682"/>
    <nd ref="9196819683"/>
    <nd ref="9196819684"/>
    <nd ref="9196819685"/>
    <nd ref="9196819686"/>
    <nd ref="9196819687"/>
    <nd ref="9196819688"/>
    <nd ref="9196819689"/>
    <nd ref="9196819690"/>
    <nd ref="9196819691"/>
    <nd ref="9196819692"/>
    <nd ref="9196819693"/>
    <nd ref="9196819694"/>
    <nd ref="9196819695"/>
    <nd ref="9196819696"/>
    <nd ref="9196819697"/>
    <nd ref="9196819698"/>
    <nd ref="9196819699"/>
    <nd ref="9196819700"/>
    <nd ref="9196819701"/>
    <nd ref="9196819702"/>
    <nd ref="9196819703"/>
    <nd ref="9196819704"/>
    <nd ref="9196819705"/>
    <nd ref="9196819706"/>
    <nd ref="9196819707"/>
    <nd ref="9196820790"/>
    <nd ref="9196819708"/>
    <nd ref="9196819709"/>
    <nd ref="9196819710"/>
    <nd ref="9196819711"/>
    <nd ref="9196819712"/>
    <nd ref="9196819713"/>
    <nd ref="9196819714"/>
    <nd ref="9196819715"/>
    <nd ref="9196819716"/>
    <nd ref="9196819717"/>
    <nd ref="9196819718"/>
    <nd ref="9196819719"/>
    <nd ref="9196819720"/>
    <nd ref="9196819721"/>
    <nd ref="9196819722"/>
    <nd ref="9196819723"/>
    <nd ref="9196819724"/>
    <nd ref="9196819725"/>
    <nd ref="9196819726"/>
    <nd ref="9196819727"/>
    <nd ref="9196819728"/>
    <nd ref="9196819729"/>
    <nd ref="9196819730"/>
    <nd ref="9196819731"/>
    <nd ref="9196819732"/>
    <nd ref="9196819733"/>
    <nd ref="9196819734"/>
    <nd ref="9196819735"/>
    <nd ref="9196819736"/>
    <nd ref="9196819737"/>
    <nd ref="9196819738"/>
    <nd ref="9196819739"/>
    <nd ref="9196819740"/>
    <nd ref="9196819741"/>
    <nd ref="9196819742"/>
    <nd ref="9196819743"/>
    <nd ref="9196819744"/>
    <nd ref="9196819745"/>
    <nd ref="9196819746"/>
    <nd ref="9196819747"/>
    <nd ref="9196819748"/>
    <nd ref="9196819749"/>
    <nd ref="9196819750"/>
    <nd ref="9196819763"/>
    <nd ref="9196819764"/>
    <nd ref="9196819765"/>
    <nd ref="9196819766"/>
    <nd ref="9196819767"/>
    <nd ref="9196819768"/>
    <nd ref="9196819769"/>
    <nd ref="9196819770"/>
    <nd ref="9196819771"/>
    <nd ref="9196819772"/>
    <nd ref="9196819773"/>
    <nd ref="9196819774"/>
    <nd ref="9196819775"/>
    <nd ref="9196819776"/>
    <nd ref="9196819777"/>
    <nd ref="9196819778"/>
    <nd ref="9196919035"/>
    <nd ref="9196819779"/>
    <nd ref="9196819780"/>
    <nd ref="9196819781"/>
    <nd ref="9196819782"/>
    <nd ref="9196819783"/>
    <nd ref="9196819784"/>
    <nd ref="9196819785"/>
    <nd ref="9196819786"/>
    <nd ref="9196819787"/>
    <nd ref="9196819788"/>
    <nd ref="9196819789"/>
    <nd ref="9196819790"/>
    <nd ref="9196819791"/>
    <nd ref="9196819792"/>
    <nd ref="9196819793"/>
    <nd ref="9196819794"/>
    <nd ref="9196819795"/>
    <nd ref="9196819796"/>
    <nd ref="9196819797"/>
    <nd ref="9196819798"/>
    <nd ref="9196819799"/>
    <nd ref="9196819800"/>
    <nd ref="9196819801"/>
    <nd ref="9196819802"/>
    <nd ref="9196819803"/>
    <nd ref="9196819804"/>
    <nd ref="9196819805"/>
    <nd ref="9196819806"/>
    <nd ref="9196819807"/>
    <nd ref="9196819808"/>
    <nd ref="9196819809"/>
    <nd ref="9196819810"/>
    <nd ref="9196819811"/>
    <nd ref="9196819812"/>
    <nd ref="9196819813"/>
    <nd ref="9196819814"/>
    <nd ref="9196819815"/>
    <nd ref="9196819816"/>
    <nd ref="9196819817"/>
    <nd ref="9196819818"/>
    <nd ref="9196819819"/>
    <nd ref="9196819820"/>
    <nd ref="9196819821"/>
    <nd ref="9196819822"/>
    <nd ref="9196819823"/>
    <nd ref="9196819824"/>
    <nd ref="9196819825"/>
    <nd ref="9196819826"/>
    <nd ref="9196819827"/>
    <nd ref="9196819828"/>
    <nd ref="9196819829"/>
    <nd ref="9196819830"/>
    <nd ref="9196819831"/>
    <nd ref="9196819832"/>
    <nd ref="9196819833"/>
    <nd ref="9196819834"/>
    <nd ref="9196819835"/>
    <nd ref="9196819836"/>
    <nd ref="9196819837"/>
    <nd ref="9196819838"/>
    <nd ref="9196819839"/>
    <nd ref="9196819840"/>
    <nd ref="9196819841"/>
    <nd ref="9196819842"/>
    <nd ref="9196819843"/>
    <nd ref="9196819844"/>
    <nd ref="9196819845"/>
    <nd ref="9196819846"/>
    <nd ref="9196819847"/>
    <nd ref="9196819848"/>
    <nd ref="9196819849"/>
    <nd ref="9196819850"/>
    <nd ref="9196819851"/>
    <nd ref="9196819852"/>
    <nd ref="9196819853"/>
    <nd ref="9196819854"/>
    <nd ref="9196819855"/>
    <nd ref="9196819856"/>
    <nd ref="9196819857"/>
    <nd ref="9196819858"/>
    <nd ref="9196819859"/>
    <nd ref="9196819860"/>
    <nd ref="9196819861"/>
    <nd ref="9196819862"/>
    <nd ref="9196819863"/>
    <nd ref="9196819864"/>
    <nd ref="9196819865"/>
    <nd ref="9196819866"/>
    <nd ref="9196819867"/>
    <nd ref="9196819868"/>
    <nd ref="9196819869"/>
    <nd ref="9196819870"/>
    <nd ref="9196819871"/>
    <nd ref="9196819872"/>
    <nd ref="9196819873"/>
    <nd ref="9196819874"/>
    <nd ref="9196819875"/>
    <nd ref="9196819876"/>
    <nd ref="9196819877"/>
    <nd ref="9196819878"/>
    <nd ref="9196819879"/>
    <nd ref="9196819880"/>
    <nd ref="9196819881"/>
    <nd ref="9196819882"/>
    <nd ref="9196819883"/>
    <nd ref="9196819884"/>
    <nd ref="9196819885"/>
    <nd ref="9196819886"/>
    <nd ref="9196819887"/>
    <nd ref="9196819888"/>
    <nd ref="9196819889"/>
    <nd ref="9196819890"/>
    <nd ref="9196819891"/>
    <nd ref="9196819892"/>
    <nd ref="9196819893"/>
    <nd ref="9196819894"/>
    <nd ref="9196819895"/>
    <nd ref="9196819896"/>
    <nd ref="9196819897"/>
    <nd ref="9196819898"/>
    <nd ref="9196819899"/>
    <nd ref="9196819900"/>
    <nd ref="9196819901"/>
    <nd ref="9196819902"/>
    <nd ref="9196819903"/>
    <nd ref="9196819904"/>
    <nd ref="9196819905"/>
    <nd ref="9196819906"/>
    <nd ref="9196819907"/>
    <nd ref="9196819908"/>
    <nd ref="9196819909"/>
    <nd ref="9196819910"/>
    <nd ref="9196819911"/>
    <nd ref="9196819912"/>
    <nd ref="9196819913"/>
    <nd ref="9196819914"/>
    <nd ref="9196819915"/>
    <nd ref="9196819916"/>
    <nd ref="9196819917"/>
    <nd ref="9196819918"/>
    <nd ref="9196819919"/>
    <nd ref="9196819920"/>
    <nd ref="9196819921"/>
    <nd ref="9196819922"/>
    <nd ref="9196819923"/>
    <nd ref="9196819924"/>
    <nd ref="9197839266"/>
    <nd ref="9196819925"/>
    <nd ref="9196819926"/>
    <nd ref="9197839267"/>
    <nd ref="9196819927"/>
    <nd ref="9196819928"/>
    <nd ref="9196819929"/>
    <nd ref="9196819930"/>
    <nd ref="9196819931"/>
    <nd ref="9196819932"/>
    <nd ref="9196819933"/>
    <nd ref="9196819934"/>
    <nd ref="9196819935"/>
    <nd ref="9196819936"/>
    <nd ref="9197839279"/>
    <nd ref="9196819937"/>
    <nd ref="9196819938"/>
    <nd ref="9196819939"/>
    <nd ref="3325086563"/>
    <tag k="highway" v="service"/>
    <tag k="name" v="光華道路"/>
  </way>
  <way id="327529164">
    <nd ref="3105422624"/>
    <nd ref="4446641835"/>
    <nd ref="3105422625"/>
    <nd ref="3105422627"/>
    <nd ref="300590812"/>
    <nd ref="3105423032"/>
    <nd ref="3105423035"/>
    <nd ref="300590824"/>
    <nd ref="3105423036"/>
    <nd ref="300590825"/>
    <nd ref="12032716897"/>
    <nd ref="300590826"/>
    <nd ref="3105423038"/>
    <nd ref="12032716830"/>
    <nd ref="1984505632"/>
    <nd ref="3105423042"/>
    <nd ref="4443584631"/>
    <nd ref="4446641836"/>
    <nd ref="300590828"/>
    <nd ref="12032716831"/>
    <nd ref="300590829"/>
    <nd ref="1984505636"/>
    <nd ref="3105423051"/>
    <nd ref="3105423054"/>
    <nd ref="12032716832"/>
    <nd ref="4446641837"/>
    <nd ref="3105423055"/>
    <nd ref="12032716833"/>
    <nd ref="300590830"/>
    <nd ref="3105423046"/>
    <nd ref="3105423041"/>
    <nd ref="1984505630"/>
    <nd ref="3105423031"/>
    <nd ref="12032716834"/>
    <nd ref="300590831"/>
    <nd ref="4446641834"/>
    <nd ref="300590832"/>
    <nd ref="3105422621"/>
    <nd ref="300590835"/>
    <nd ref="12032716835"/>
    <nd ref="12032716837"/>
    <nd ref="12032716836"/>
    <nd ref="300590836"/>
    <nd ref="4443584629"/>
    <nd ref="300590837"/>
    <nd ref="3105422609"/>
    <nd ref="3105422607"/>
    <nd ref="3105422606"/>
    <nd ref="1984505625"/>
    <nd ref="3105422604"/>
    <nd ref="3105422603"/>
    <nd ref="3105422602"/>
    <nd ref="1984505623"/>
    <nd ref="3105422599"/>
    <nd ref="1099068595"/>
    <nd ref="3105422590"/>
    <nd ref="300590846"/>
    <nd ref="3105422576"/>
    <nd ref="300590883"/>
    <nd ref="12032716838"/>
    <nd ref="3105422580"/>
    <nd ref="3105422585"/>
    <nd ref="3105422587"/>
    <nd ref="3105422588"/>
    <nd ref="3105422586"/>
    <nd ref="300590898"/>
    <nd ref="3105422589"/>
    <nd ref="3105422594"/>
    <nd ref="3105422595"/>
    <nd ref="3105422596"/>
    <nd ref="3105422592"/>
    <nd ref="3105422582"/>
    <nd ref="3105422581"/>
    <nd ref="3105422577"/>
    <nd ref="12032716840"/>
    <nd ref="12032716839"/>
    <nd ref="3105422574"/>
    <nd ref="12032716841"/>
    <nd ref="3105422573"/>
    <nd ref="12032716842"/>
    <nd ref="300590903"/>
    <nd ref="12032716844"/>
    <nd ref="12032716843"/>
    <nd ref="3105422571"/>
    <nd ref="3105422567"/>
    <nd ref="3105422568"/>
    <nd ref="1984505621"/>
    <nd ref="3105422564"/>
    <nd ref="3105422565"/>
    <nd ref="3105422566"/>
    <nd ref="300590911"/>
    <nd ref="3105422569"/>
    <nd ref="3105422572"/>
    <nd ref="3105422578"/>
    <nd ref="300590917"/>
    <nd ref="3105422583"/>
    <nd ref="3105422584"/>
    <nd ref="12032716845"/>
    <nd ref="12032716846"/>
    <nd ref="3105422593"/>
    <nd ref="3105422597"/>
    <nd ref="3105422598"/>
    <nd ref="12032716847"/>
    <nd ref="300590923"/>
    <nd ref="12032716848"/>
    <nd ref="3105422605"/>
    <nd ref="3105422610"/>
    <nd ref="300590929"/>
    <nd ref="300590934"/>
    <nd ref="3105422622"/>
    <nd ref="300590945"/>
    <nd ref="12032716849"/>
    <nd ref="3105423044"/>
    <nd ref="3105423052"/>
    <nd ref="3105423070"/>
    <nd ref="1984505639"/>
    <nd ref="3105423087"/>
    <nd ref="3105423093"/>
    <nd ref="3105423115"/>
    <nd ref="3105423121"/>
    <nd ref="12032716850"/>
    <nd ref="3105423130"/>
    <nd ref="3105423137"/>
    <nd ref="3105423144"/>
    <nd ref="300591037"/>
    <nd ref="12032716851"/>
    <nd ref="3105423145"/>
    <nd ref="300591040"/>
    <nd ref="3105423135"/>
    <nd ref="3105423105"/>
    <nd ref="300591042"/>
    <nd ref="5300755331"/>
    <nd ref="3105423079"/>
    <nd ref="300591043"/>
    <nd ref="4443584632"/>
    <nd ref="12032716852"/>
    <nd ref="3105423059"/>
    <nd ref="1984505637"/>
    <nd ref="3105423056"/>
    <nd ref="3105423050"/>
    <nd ref="3105423053"/>
    <nd ref="300591045"/>
    <nd ref="300591052"/>
    <nd ref="3105423057"/>
    <nd ref="1984505634"/>
    <nd ref="12032716853"/>
    <nd ref="3105423065"/>
    <nd ref="300591073"/>
    <nd ref="3105423095"/>
    <nd ref="3105423096"/>
    <nd ref="3105423099"/>
    <nd ref="3105423103"/>
    <nd ref="3105423107"/>
    <nd ref="3105423110"/>
    <nd ref="3105423117"/>
    <nd ref="12032716854"/>
    <nd ref="3105423122"/>
    <nd ref="3105423124"/>
    <nd ref="12032716855"/>
    <nd ref="300591077"/>
    <nd ref="3105423142"/>
    <nd ref="3105423178"/>
    <nd ref="3105423193"/>
    <nd ref="300591078"/>
    <nd ref="300591083"/>
    <nd ref="3105423204"/>
    <nd ref="1984505650"/>
    <nd ref="300591084"/>
    <nd ref="3105423199"/>
    <nd ref="3105423194"/>
    <nd ref="3105423188"/>
    <nd ref="300591086"/>
    <nd ref="3105423126"/>
    <nd ref="300591087"/>
    <nd ref="3105423084"/>
    <nd ref="300591088"/>
    <nd ref="3105423077"/>
    <nd ref="300591089"/>
    <nd ref="3105423080"/>
    <nd ref="12032716856"/>
    <nd ref="300591090"/>
    <nd ref="3105423133"/>
    <nd ref="3105423134"/>
    <nd ref="3105423136"/>
    <nd ref="3105423146"/>
    <nd ref="300591091"/>
    <nd ref="3105423168"/>
    <nd ref="3105423179"/>
    <nd ref="3105423187"/>
    <nd ref="300591092"/>
    <nd ref="3105423201"/>
    <nd ref="300591093"/>
    <nd ref="12032716857"/>
    <nd ref="3105423272"/>
    <nd ref="12032716858"/>
    <nd ref="300591097"/>
    <nd ref="3105423298"/>
    <nd ref="3105423304"/>
    <nd ref="3105423313"/>
    <nd ref="300591104"/>
    <nd ref="3105423331"/>
    <nd ref="3105423334"/>
    <nd ref="3105423347"/>
    <nd ref="3105423373"/>
    <nd ref="5464006252"/>
    <nd ref="3105423376"/>
    <nd ref="300591109"/>
    <nd ref="3105423394"/>
    <nd ref="3105423398"/>
    <nd ref="300591113"/>
    <nd ref="3105423406"/>
    <nd ref="3105423411"/>
    <nd ref="12032716859"/>
    <nd ref="3105423425"/>
    <nd ref="300591119"/>
    <nd ref="3105423435"/>
    <nd ref="300591125"/>
    <nd ref="3105423451"/>
    <nd ref="3105423452"/>
    <nd ref="3105423454"/>
    <nd ref="300591131"/>
    <nd ref="3105423457"/>
    <nd ref="3105423458"/>
    <nd ref="3105423459"/>
    <nd ref="300591133"/>
    <nd ref="3105423467"/>
    <nd ref="3105423469"/>
    <nd ref="3105423470"/>
    <nd ref="300591134"/>
    <nd ref="4446634735"/>
    <nd ref="3105423461"/>
    <nd ref="3105423460"/>
    <nd ref="3105423462"/>
    <nd ref="3105423464"/>
    <nd ref="3105423465"/>
    <nd ref="3105423463"/>
    <nd ref="300591135"/>
    <nd ref="3511680145"/>
    <nd ref="3105423456"/>
    <nd ref="3105423455"/>
    <nd ref="300591136"/>
    <nd ref="300591138"/>
    <nd ref="3105423444"/>
    <nd ref="300591139"/>
    <nd ref="3105423441"/>
    <nd ref="3105423439"/>
    <nd ref="300591140"/>
    <nd ref="3105423437"/>
    <nd ref="300591145"/>
    <nd ref="3105423431"/>
    <nd ref="3105423429"/>
    <nd ref="3105423427"/>
    <nd ref="3511680094"/>
    <nd ref="3105423414"/>
    <nd ref="3105423407"/>
    <nd ref="3105423404"/>
    <nd ref="4643972515"/>
    <nd ref="3105423402"/>
    <nd ref="300591148"/>
    <nd ref="3105423396"/>
    <nd ref="300591149"/>
    <nd ref="4446634734"/>
    <nd ref="3105423383"/>
    <nd ref="3105423379"/>
    <nd ref="300591150"/>
    <nd ref="3105423380"/>
    <nd ref="3105423377"/>
    <nd ref="300591151"/>
    <nd ref="3105423375"/>
    <nd ref="300591152"/>
    <nd ref="3105423357"/>
    <nd ref="3105423339"/>
    <nd ref="3105423330"/>
    <nd ref="300591153"/>
    <nd ref="6741818894"/>
    <nd ref="300591154"/>
    <nd ref="3105423270"/>
    <nd ref="3105423242"/>
    <nd ref="11034926730"/>
    <nd ref="300591164"/>
    <nd ref="4599377036"/>
    <nd ref="12032716860"/>
    <nd ref="3105423195"/>
    <nd ref="3105423173"/>
    <nd ref="3105423169"/>
    <nd ref="12032716861"/>
    <nd ref="300591166"/>
    <nd ref="3105423116"/>
    <nd ref="3105423113"/>
    <nd ref="3105423111"/>
    <nd ref="300591167"/>
    <nd ref="3105423114"/>
    <nd ref="3105423118"/>
    <nd ref="300591168"/>
    <nd ref="3105423127"/>
    <nd ref="12032716862"/>
    <nd ref="3105423155"/>
    <nd ref="300591172"/>
    <nd ref="3105423221"/>
    <nd ref="300591175"/>
    <nd ref="3105423236"/>
    <nd ref="3105423248"/>
    <nd ref="300591176"/>
    <nd ref="300591177"/>
    <nd ref="12032716863"/>
    <nd ref="3105423262"/>
    <nd ref="3105423266"/>
    <nd ref="300591178"/>
    <nd ref="3105423267"/>
    <nd ref="300591179"/>
    <nd ref="3105423247"/>
    <nd ref="3105423234"/>
    <nd ref="3105423228"/>
    <nd ref="3105423225"/>
    <nd ref="3105423205"/>
    <nd ref="11034926732"/>
    <nd ref="4446084600"/>
    <nd ref="4446084599"/>
    <nd ref="3105423192"/>
    <nd ref="3105423189"/>
    <nd ref="11034926733"/>
    <nd ref="3105423176"/>
    <nd ref="11034926734"/>
    <nd ref="300591187"/>
    <nd ref="12032716864"/>
    <nd ref="3105423108"/>
    <nd ref="300591188"/>
    <nd ref="11034926735"/>
    <nd ref="300591190"/>
    <nd ref="3105423106"/>
    <nd ref="11034926736"/>
    <nd ref="3105423100"/>
    <nd ref="300591191"/>
    <nd ref="3105423081"/>
    <nd ref="3105423078"/>
    <nd ref="11034926737"/>
    <nd ref="300591192"/>
    <nd ref="3105423074"/>
    <nd ref="3105423090"/>
    <nd ref="11034926738"/>
    <nd ref="3105423091"/>
    <nd ref="11034926739"/>
    <nd ref="300591193"/>
    <nd ref="3105423092"/>
    <nd ref="3105423075"/>
    <nd ref="3105423071"/>
    <nd ref="3105423076"/>
    <nd ref="300591194"/>
    <nd ref="3105423086"/>
    <nd ref="3105423088"/>
    <nd ref="3105423089"/>
    <nd ref="300591198"/>
    <nd ref="3105423085"/>
    <nd ref="3105423082"/>
    <nd ref="11034926740"/>
    <nd ref="300591199"/>
    <nd ref="300591200"/>
    <nd ref="11034926741"/>
    <nd ref="3105423062"/>
    <nd ref="3105423060"/>
    <nd ref="11034926742"/>
    <nd ref="3105423058"/>
    <nd ref="11034926743"/>
    <nd ref="3105423045"/>
    <nd ref="3105423043"/>
    <nd ref="300591202"/>
    <nd ref="300591203"/>
    <nd ref="3105423033"/>
    <nd ref="3105422628"/>
    <nd ref="11034926745"/>
    <nd ref="3105422626"/>
    <nd ref="300591204"/>
    <nd ref="11034926746"/>
    <nd ref="3105422623"/>
    <nd ref="300591212"/>
    <nd ref="11034926747"/>
    <nd ref="3105422615"/>
    <nd ref="3105422611"/>
    <nd ref="11034926748"/>
    <nd ref="300591213"/>
    <nd ref="12032716865"/>
    <nd ref="3105422608"/>
    <nd ref="11034926749"/>
    <nd ref="11034926750"/>
    <nd ref="3105422600"/>
    <nd ref="11034926751"/>
    <nd ref="4446084598"/>
    <nd ref="11034926752"/>
    <nd ref="4446084597"/>
    <nd ref="3105422591"/>
    <nd ref="300591217"/>
    <nd ref="3105422575"/>
    <nd ref="300591219"/>
    <nd ref="3105422570"/>
    <nd ref="300591228"/>
    <nd ref="11034926753"/>
    <nd ref="11034926754"/>
    <nd ref="3105422563"/>
    <nd ref="3105422562"/>
    <nd ref="3105422561"/>
    <nd ref="3105422560"/>
    <nd ref="3105422559"/>
    <nd ref="3105422558"/>
    <nd ref="300591232"/>
    <nd ref="3105422557"/>
    <nd ref="11034926755"/>
    <nd ref="300591238"/>
    <nd ref="4446084596"/>
    <nd ref="11034926756"/>
    <nd ref="3105422556"/>
    <nd ref="3105422555"/>
    <nd ref="300591246"/>
    <nd ref="300591254"/>
    <nd ref="300591258"/>
    <nd ref="300591261"/>
    <nd ref="3105422554"/>
    <nd ref="3105422553"/>
    <nd ref="11034926757"/>
    <nd ref="3105422552"/>
    <nd ref="3105422551"/>
    <nd ref="11034926758"/>
    <nd ref="3105422550"/>
    <nd ref="11034926759"/>
    <nd ref="11034926760"/>
    <nd ref="3105422549"/>
    <nd ref="11034926761"/>
    <nd ref="3105422548"/>
    <nd ref="300591265"/>
    <nd ref="11034926762"/>
    <nd ref="11034926763"/>
    <nd ref="300591294"/>
    <nd ref="4446084594"/>
    <nd ref="3105422547"/>
    <nd ref="3105422546"/>
    <nd ref="3105422545"/>
    <nd ref="3105422544"/>
    <nd ref="3105422543"/>
    <nd ref="3105422542"/>
    <nd ref="300591295"/>
    <nd ref="4446084593"/>
    <nd ref="3105422541"/>
    <nd ref="4446084592"/>
    <nd ref="11034926764"/>
    <nd ref="4446084591"/>
    <nd ref="3105422539"/>
    <nd ref="11034926765"/>
    <nd ref="300591308"/>
    <nd ref="11034926766"/>
    <nd ref="3105422538"/>
    <nd ref="4446084590"/>
    <nd ref="4446083682"/>
    <nd ref="4446083681"/>
    <nd ref="4446083683"/>
    <nd ref="4446083685"/>
    <nd ref="4446083686"/>
    <nd ref="4446084589"/>
    <nd ref="4446083687"/>
    <nd ref="4446083684"/>
    <nd ref="4446083680"/>
    <nd ref="4446083678"/>
    <nd ref="4446083674"/>
    <nd ref="4446083676"/>
    <nd ref="4446083677"/>
    <nd ref="4446083675"/>
    <nd ref="4446083673"/>
    <nd ref="4446083672"/>
    <nd ref="4446083671"/>
    <nd ref="12032716866"/>
    <nd ref="11034926767"/>
    <nd ref="300591336"/>
    <nd ref="1984505533"/>
    <nd ref="11034926768"/>
    <nd ref="11034926769"/>
    <nd ref="1984505520"/>
    <nd ref="1984505529"/>
    <nd ref="4446083670"/>
    <nd ref="11034926770"/>
    <nd ref="300591333"/>
    <nd ref="11034926771"/>
    <nd ref="300591325"/>
    <nd ref="4446083668"/>
    <nd ref="4446083667"/>
    <nd ref="4446083666"/>
    <nd ref="1984505518"/>
    <nd ref="1984505510"/>
    <nd ref="1984505519"/>
    <nd ref="300591342"/>
    <nd ref="4446083669"/>
    <nd ref="1984505281"/>
    <nd ref="300591453"/>
    <nd ref="300591345"/>
    <nd ref="300591449"/>
    <nd ref="1984505494"/>
    <nd ref="300591459"/>
    <nd ref="300591349"/>
    <nd ref="300591411"/>
    <nd ref="1984504855"/>
    <nd ref="1984504868"/>
    <nd ref="12032716867"/>
    <nd ref="300591353"/>
    <nd ref="1984504859"/>
    <nd ref="300591356"/>
    <nd ref="1984504822"/>
    <nd ref="12032716868"/>
    <nd ref="300591358"/>
    <nd ref="300591366"/>
    <nd ref="12032716869"/>
    <nd ref="1984504500"/>
    <nd ref="1984504472"/>
    <nd ref="1984504460"/>
    <nd ref="1984504310"/>
    <nd ref="1984504307"/>
    <nd ref="1984504303"/>
    <nd ref="1984504304"/>
    <nd ref="1984504267"/>
    <nd ref="300591376"/>
    <nd ref="1984504266"/>
    <nd ref="300591386"/>
    <nd ref="300591382"/>
    <nd ref="4443001301"/>
    <nd ref="1984504256"/>
    <nd ref="11034926772"/>
    <nd ref="1984504260"/>
    <nd ref="1984504265"/>
    <nd ref="11034926773"/>
    <nd ref="4443001300"/>
    <nd ref="1984504264"/>
    <nd ref="11034926774"/>
    <nd ref="1984504301"/>
    <nd ref="1984504305"/>
    <nd ref="1984504308"/>
    <nd ref="11034926775"/>
    <nd ref="1984504311"/>
    <nd ref="1984504341"/>
    <nd ref="300591390"/>
    <nd ref="1984504509"/>
    <nd ref="11034926776"/>
    <nd ref="1984504520"/>
    <nd ref="4443001299"/>
    <nd ref="1984504786"/>
    <nd ref="1984504753"/>
    <nd ref="1984504862"/>
    <nd ref="1984504860"/>
    <nd ref="1984504849"/>
    <nd ref="1984504831"/>
    <nd ref="1984504876"/>
    <nd ref="1984504887"/>
    <nd ref="300591417"/>
    <nd ref="1984504904"/>
    <nd ref="11034926777"/>
    <nd ref="11034926778"/>
    <nd ref="1984504908"/>
    <nd ref="1984504902"/>
    <nd ref="12032716870"/>
    <nd ref="11034926779"/>
    <nd ref="4443001298"/>
    <nd ref="12032716871"/>
    <nd ref="1984504720"/>
    <nd ref="300591468"/>
    <nd ref="300591423"/>
    <nd ref="1984505283"/>
    <nd ref="300591420"/>
    <nd ref="1984505280"/>
    <nd ref="1984505243"/>
    <nd ref="1984505289"/>
    <nd ref="11034926780"/>
    <nd ref="300591437"/>
    <nd ref="1984505193"/>
    <nd ref="11034926781"/>
    <nd ref="11034926782"/>
    <nd ref="300591465"/>
    <nd ref="12032716872"/>
    <nd ref="1984505324"/>
    <nd ref="300591462"/>
    <nd ref="11034926783"/>
    <nd ref="1984505290"/>
    <nd ref="1984505305"/>
    <nd ref="1984505274"/>
    <nd ref="11034926784"/>
    <nd ref="1984505277"/>
    <nd ref="11034926785"/>
    <nd ref="1984505270"/>
    <nd ref="11034926786"/>
    <nd ref="11034926787"/>
    <nd ref="1984505276"/>
    <nd ref="12032716873"/>
    <nd ref="1984505279"/>
    <nd ref="1984505214"/>
    <nd ref="1984505175"/>
    <nd ref="11034926788"/>
    <nd ref="1984505275"/>
    <nd ref="1984505231"/>
    <nd ref="12032716875"/>
    <nd ref="12032716874"/>
    <nd ref="1984505157"/>
    <nd ref="1984505273"/>
    <nd ref="1984505285"/>
    <nd ref="1984505483"/>
    <nd ref="1984505191"/>
    <nd ref="12032716876"/>
    <nd ref="1984505205"/>
    <nd ref="1984505294"/>
    <nd ref="1984505307"/>
    <nd ref="12032716877"/>
    <nd ref="1984505326"/>
    <nd ref="1984505490"/>
    <nd ref="1984505522"/>
    <nd ref="12032716878"/>
    <nd ref="1984505543"/>
    <nd ref="1984504810"/>
    <nd ref="1984505545"/>
    <nd ref="1984505547"/>
    <nd ref="12032716879"/>
    <nd ref="1984505606"/>
    <nd ref="1984505604"/>
    <nd ref="1984505598"/>
    <nd ref="300591476"/>
    <nd ref="1984505596"/>
    <nd ref="300591479"/>
    <nd ref="300591480"/>
    <nd ref="1984505590"/>
    <nd ref="1984505594"/>
    <nd ref="300591481"/>
    <nd ref="1984505597"/>
    <nd ref="11034926789"/>
    <nd ref="1984505599"/>
    <nd ref="300591487"/>
    <nd ref="1984505608"/>
    <nd ref="1984505550"/>
    <nd ref="1984504805"/>
    <nd ref="1984504808"/>
    <nd ref="300591491"/>
    <nd ref="1984505554"/>
    <nd ref="1984504771"/>
    <nd ref="11034926790"/>
    <nd ref="1984505552"/>
    <nd ref="11034926791"/>
    <nd ref="1984504749"/>
    <nd ref="1984504746"/>
    <nd ref="1984505619"/>
    <nd ref="1984505615"/>
    <nd ref="1984505617"/>
    <nd ref="11034926792"/>
    <nd ref="1984505556"/>
    <nd ref="11034926793"/>
    <nd ref="11034926794"/>
    <nd ref="1984505558"/>
    <nd ref="1984504434"/>
    <nd ref="11034926795"/>
    <nd ref="1984505559"/>
    <nd ref="1984505613"/>
    <nd ref="1984505611"/>
    <nd ref="11034926796"/>
    <nd ref="11034926797"/>
    <nd ref="1984504415"/>
    <nd ref="1984504451"/>
    <nd ref="1984505610"/>
    <nd ref="12032716880"/>
    <nd ref="1984505572"/>
    <nd ref="1984505576"/>
    <nd ref="1984505580"/>
    <nd ref="1984505582"/>
    <nd ref="1984505578"/>
    <nd ref="1984505570"/>
    <nd ref="1984505566"/>
    <nd ref="1984505584"/>
    <nd ref="1984505586"/>
    <nd ref="1984505592"/>
    <nd ref="11034926798"/>
    <nd ref="1984505588"/>
    <nd ref="4442925205"/>
    <nd ref="12032716881"/>
    <nd ref="1984505574"/>
    <nd ref="1984505561"/>
    <nd ref="1984505568"/>
    <nd ref="12032716882"/>
    <nd ref="1984504473"/>
    <nd ref="12032716883"/>
    <nd ref="1984504360"/>
    <nd ref="1984504387"/>
    <nd ref="1984504395"/>
    <nd ref="1984504418"/>
    <nd ref="12032716884"/>
    <nd ref="12032716885"/>
    <nd ref="12032716886"/>
    <nd ref="1984504449"/>
    <nd ref="12032716887"/>
    <nd ref="1984504428"/>
    <nd ref="12032716888"/>
    <nd ref="1984504711"/>
    <nd ref="1984504716"/>
    <nd ref="12032716889"/>
    <nd ref="1984504736"/>
    <nd ref="1984504797"/>
    <nd ref="1984505549"/>
    <nd ref="1984504803"/>
    <nd ref="1984504790"/>
    <nd ref="1984505541"/>
    <nd ref="1984505539"/>
    <nd ref="1984505531"/>
    <nd ref="1984505516"/>
    <nd ref="11034926799"/>
    <nd ref="11034926800"/>
    <nd ref="11034926801"/>
    <nd ref="1984505504"/>
    <nd ref="1984505502"/>
    <nd ref="1984505498"/>
    <nd ref="1984505496"/>
    <nd ref="11034926802"/>
    <nd ref="11034926803"/>
    <nd ref="1984505202"/>
    <nd ref="1984505319"/>
    <nd ref="1984505317"/>
    <nd ref="11034926804"/>
    <nd ref="1984505176"/>
    <nd ref="1984505282"/>
    <nd ref="11034987805"/>
    <nd ref="1984505278"/>
    <nd ref="1984505254"/>
    <nd ref="1984505389"/>
    <nd ref="1984505391"/>
    <nd ref="1984505506"/>
    <nd ref="1984505514"/>
    <nd ref="1984505463"/>
    <nd ref="1984505467"/>
    <nd ref="1984505508"/>
    <nd ref="1984505523"/>
    <nd ref="1984505478"/>
    <nd ref="1984505535"/>
    <nd ref="11034987806"/>
    <nd ref="11034987807"/>
    <nd ref="1984505537"/>
    <nd ref="1984505521"/>
    <nd ref="1984505500"/>
    <nd ref="11034987809"/>
    <nd ref="11034987810"/>
    <nd ref="11034987811"/>
    <nd ref="1984505361"/>
    <nd ref="11034987812"/>
    <nd ref="1984505440"/>
    <nd ref="1984505443"/>
    <nd ref="11034987813"/>
    <nd ref="1984505481"/>
    <nd ref="3489003560"/>
    <nd ref="11034987814"/>
    <nd ref="1984505480"/>
    <nd ref="1984505401"/>
    <nd ref="1984505433"/>
    <nd ref="12032716890"/>
    <nd ref="1984505423"/>
    <nd ref="1984505441"/>
    <nd ref="1984505439"/>
    <nd ref="1984505435"/>
    <nd ref="1984505431"/>
    <nd ref="1984505420"/>
    <nd ref="1984505406"/>
    <nd ref="1984505404"/>
    <nd ref="1984505398"/>
    <nd ref="1984505396"/>
    <nd ref="11034987815"/>
    <nd ref="1984505397"/>
    <nd ref="1984505399"/>
    <nd ref="1984505400"/>
    <nd ref="1984505403"/>
    <nd ref="1984505395"/>
    <nd ref="1984505405"/>
    <nd ref="1984505418"/>
    <nd ref="1984505442"/>
    <nd ref="1984505437"/>
    <nd ref="1984505429"/>
    <nd ref="11034987816"/>
    <nd ref="1984505421"/>
    <nd ref="1984505381"/>
    <nd ref="1984505357"/>
    <nd ref="11034987817"/>
    <nd ref="11034987818"/>
    <nd ref="1984505356"/>
    <nd ref="1984505362"/>
    <nd ref="1984505359"/>
    <nd ref="1984505355"/>
    <nd ref="11034987819"/>
    <nd ref="1984505348"/>
    <nd ref="11034987820"/>
    <nd ref="1984505350"/>
    <nd ref="1984505385"/>
    <nd ref="1984505383"/>
    <nd ref="1984505358"/>
    <nd ref="1984505368"/>
    <nd ref="1984505365"/>
    <nd ref="1984505364"/>
    <nd ref="1984505322"/>
    <nd ref="1984505360"/>
    <nd ref="11034987821"/>
    <nd ref="1984505346"/>
    <nd ref="1984505325"/>
    <nd ref="1984505321"/>
    <nd ref="1984505316"/>
    <nd ref="1984505315"/>
    <nd ref="1984505313"/>
    <nd ref="1984505318"/>
    <nd ref="1984505327"/>
    <nd ref="11034987822"/>
    <nd ref="1984505344"/>
    <nd ref="11034987823"/>
    <nd ref="1984505354"/>
    <nd ref="1984505366"/>
    <nd ref="1984505387"/>
    <nd ref="11034987825"/>
    <nd ref="1984505402"/>
    <nd ref="11034987826"/>
    <nd ref="1984505425"/>
    <nd ref="11034987828"/>
    <nd ref="1984505438"/>
    <nd ref="11034987829"/>
    <nd ref="1984505455"/>
    <nd ref="11034987830"/>
    <nd ref="1984505457"/>
    <nd ref="1984505461"/>
    <nd ref="1984505474"/>
    <nd ref="1984505477"/>
    <nd ref="11034987834"/>
    <nd ref="11034987835"/>
    <nd ref="1984505470"/>
    <nd ref="1984505453"/>
    <nd ref="11034987836"/>
    <nd ref="1984505459"/>
    <nd ref="1984505311"/>
    <nd ref="1984505329"/>
    <nd ref="1984505352"/>
    <nd ref="1984505379"/>
    <nd ref="11034987837"/>
    <nd ref="1984505363"/>
    <nd ref="1984505287"/>
    <nd ref="1984505207"/>
    <nd ref="12032716891"/>
    <nd ref="1984505248"/>
    <nd ref="1984505209"/>
    <nd ref="1984505250"/>
    <nd ref="1984505252"/>
    <nd ref="1984505272"/>
    <nd ref="1984505238"/>
    <nd ref="1984505159"/>
    <nd ref="1984505197"/>
    <nd ref="1984505292"/>
    <nd ref="1984505154"/>
    <nd ref="11034987841"/>
    <nd ref="1984505323"/>
    <nd ref="1984505241"/>
    <nd ref="11034987842"/>
    <nd ref="11034987843"/>
    <nd ref="1984505234"/>
    <nd ref="1984505237"/>
    <nd ref="1984505233"/>
    <nd ref="1984505230"/>
    <nd ref="1984505213"/>
    <nd ref="1984505156"/>
    <nd ref="11034987844"/>
    <nd ref="1984505195"/>
    <nd ref="1984505196"/>
    <nd ref="1984505245"/>
    <nd ref="1984505198"/>
    <nd ref="1984505089"/>
    <nd ref="1984505236"/>
    <nd ref="11034987847"/>
    <nd ref="1984505190"/>
    <nd ref="1984505229"/>
    <nd ref="1984505211"/>
    <nd ref="1984505216"/>
    <nd ref="1984505076"/>
    <nd ref="1984505079"/>
    <nd ref="11034987850"/>
    <nd ref="11034987851"/>
    <nd ref="11034987848"/>
    <nd ref="1984505164"/>
    <nd ref="1984505129"/>
    <nd ref="11034987852"/>
    <nd ref="1984505189"/>
    <nd ref="11034987853"/>
    <nd ref="11034987854"/>
    <nd ref="1984505192"/>
    <nd ref="1984505204"/>
    <nd ref="1984505155"/>
    <nd ref="1984505118"/>
    <nd ref="1984504959"/>
    <nd ref="1984504962"/>
    <nd ref="1984505116"/>
    <nd ref="11034987857"/>
    <nd ref="11034987856"/>
    <nd ref="11034987855"/>
    <nd ref="4446604168"/>
    <nd ref="1984505194"/>
    <nd ref="1984505200"/>
    <nd ref="1984505171"/>
    <nd ref="1984505169"/>
    <nd ref="11034987860"/>
    <nd ref="11034987862"/>
    <nd ref="1984505120"/>
    <nd ref="1984505137"/>
    <nd ref="11034987863"/>
    <nd ref="1984505125"/>
    <nd ref="1984505162"/>
    <nd ref="1984505166"/>
    <nd ref="1984505173"/>
    <nd ref="11034987864"/>
    <nd ref="1984505138"/>
    <nd ref="1984505135"/>
    <nd ref="1984505057"/>
    <nd ref="1984505140"/>
    <nd ref="1984505078"/>
    <nd ref="11034987865"/>
    <nd ref="11034987868"/>
    <nd ref="11034987869"/>
    <nd ref="11034987872"/>
    <nd ref="1984505121"/>
    <nd ref="1984505127"/>
    <nd ref="1984505037"/>
    <nd ref="1984505115"/>
    <nd ref="11034987873"/>
    <nd ref="1984505040"/>
    <nd ref="1984505087"/>
    <nd ref="1984505119"/>
    <nd ref="1984505093"/>
    <nd ref="1984505153"/>
    <nd ref="11034987874"/>
    <nd ref="1984505098"/>
    <nd ref="1984505100"/>
    <nd ref="1984505097"/>
    <nd ref="11034987875"/>
    <nd ref="1984505114"/>
    <nd ref="1984505095"/>
    <nd ref="1984505035"/>
    <nd ref="11034987876"/>
    <nd ref="1984505073"/>
    <nd ref="11034987877"/>
    <nd ref="11034987878"/>
    <nd ref="1984505075"/>
    <nd ref="1984505083"/>
    <nd ref="1984505081"/>
    <nd ref="1984505080"/>
    <nd ref="1984505018"/>
    <nd ref="1984504997"/>
    <nd ref="1984505024"/>
    <nd ref="1984505063"/>
    <nd ref="1984505043"/>
    <nd ref="1984505050"/>
    <nd ref="11034987879"/>
    <nd ref="11034987881"/>
    <nd ref="11034987880"/>
    <nd ref="1984505117"/>
    <nd ref="1984505005"/>
    <nd ref="1984504968"/>
    <nd ref="1984504964"/>
    <nd ref="1984505004"/>
    <nd ref="1984505056"/>
    <nd ref="11034987882"/>
    <nd ref="11034953767"/>
    <nd ref="1984505059"/>
    <nd ref="1984505045"/>
    <nd ref="4446604167"/>
    <nd ref="1984505046"/>
    <nd ref="11034953768"/>
    <nd ref="1984505041"/>
    <nd ref="11034953770"/>
    <nd ref="11034953769"/>
    <nd ref="1984505038"/>
    <nd ref="1984504920"/>
    <nd ref="1984505022"/>
    <nd ref="1984505020"/>
    <nd ref="1984505026"/>
    <nd ref="1984505048"/>
    <nd ref="1984505054"/>
    <nd ref="1984505052"/>
    <nd ref="1984505009"/>
    <nd ref="1984505007"/>
    <nd ref="1984505011"/>
    <nd ref="11034953773"/>
    <nd ref="11034953775"/>
    <nd ref="11034953776"/>
    <nd ref="1984505016"/>
    <nd ref="1984505036"/>
    <nd ref="1984505039"/>
    <nd ref="1984504999"/>
    <nd ref="1984505001"/>
    <nd ref="1984504950"/>
    <nd ref="1984504995"/>
    <nd ref="1984504977"/>
    <nd ref="1984504970"/>
    <nd ref="11034953777"/>
    <nd ref="1984504988"/>
    <nd ref="11034953778"/>
    <nd ref="1984505002"/>
    <nd ref="1984504979"/>
    <nd ref="1984504945"/>
    <nd ref="4446604166"/>
    <nd ref="1984504939"/>
    <nd ref="1984504935"/>
    <nd ref="1984504931"/>
    <nd ref="1984504960"/>
    <nd ref="1984504924"/>
    <nd ref="1984504948"/>
    <nd ref="1984504943"/>
    <nd ref="1984504937"/>
    <nd ref="1984504769"/>
    <nd ref="1984504701"/>
    <nd ref="1984504933"/>
    <nd ref="1984504929"/>
    <nd ref="1984504928"/>
    <nd ref="1984504864"/>
    <nd ref="1984504947"/>
    <nd ref="1984504952"/>
    <nd ref="1984504982"/>
    <nd ref="1984504941"/>
    <nd ref="1984504966"/>
    <nd ref="1984504998"/>
    <nd ref="1984504981"/>
    <nd ref="11034953781"/>
    <nd ref="11034953780"/>
    <nd ref="11034953779"/>
    <nd ref="1984504986"/>
    <nd ref="1984504996"/>
    <nd ref="1984504894"/>
    <nd ref="1984504911"/>
    <nd ref="1984504975"/>
    <nd ref="11034953782"/>
    <nd ref="11034953783"/>
    <nd ref="1984504926"/>
    <nd ref="1984504851"/>
    <nd ref="1984504839"/>
    <nd ref="1984504738"/>
    <nd ref="11034953784"/>
    <nd ref="11034953785"/>
    <nd ref="11034953786"/>
    <nd ref="1984504744"/>
    <nd ref="1984504833"/>
    <nd ref="1984504853"/>
    <nd ref="11034953787"/>
    <nd ref="1984504892"/>
    <nd ref="11034953788"/>
    <nd ref="1984504845"/>
    <nd ref="1984504915"/>
    <nd ref="4446604165"/>
    <nd ref="1984504890"/>
    <nd ref="1984504913"/>
    <nd ref="1984504881"/>
    <nd ref="1984504922"/>
    <nd ref="1984504918"/>
    <nd ref="1984504910"/>
    <nd ref="11034953794"/>
    <nd ref="11034953793"/>
    <nd ref="11034953791"/>
    <nd ref="11034953790"/>
    <nd ref="11034953789"/>
    <nd ref="1984504906"/>
    <nd ref="1984504879"/>
    <nd ref="1984504883"/>
    <nd ref="1984504896"/>
    <nd ref="1984504885"/>
    <nd ref="11034953795"/>
    <nd ref="1984504870"/>
    <nd ref="1984504857"/>
    <nd ref="11034953796"/>
    <nd ref="1984504824"/>
    <nd ref="1984504816"/>
    <nd ref="1984504792"/>
    <nd ref="1984504782"/>
    <nd ref="1984504775"/>
    <nd ref="1984504760"/>
    <nd ref="1984504751"/>
    <nd ref="11034953798"/>
    <nd ref="1984504732"/>
    <nd ref="1984504723"/>
    <nd ref="1984504717"/>
    <nd ref="11034953799"/>
    <nd ref="1984504709"/>
    <nd ref="11034953800"/>
    <nd ref="1984504707"/>
    <nd ref="1984504681"/>
    <nd ref="4442783417"/>
    <nd ref="1984504673"/>
    <nd ref="11034953801"/>
    <nd ref="1984504663"/>
    <nd ref="1984504657"/>
    <nd ref="1984504671"/>
    <nd ref="11034953802"/>
    <nd ref="1984504699"/>
    <nd ref="1984504715"/>
    <nd ref="1984504740"/>
    <nd ref="11034953804"/>
    <nd ref="1984504761"/>
    <nd ref="4446588840"/>
    <nd ref="1984504776"/>
    <nd ref="11035007206"/>
    <nd ref="1984504784"/>
    <nd ref="1984504798"/>
    <nd ref="11035007207"/>
    <nd ref="1984504714"/>
    <nd ref="11035007208"/>
    <nd ref="1984504706"/>
    <nd ref="11035007209"/>
    <nd ref="1984504704"/>
    <nd ref="1984504687"/>
    <nd ref="4446588836"/>
    <nd ref="11035007210"/>
    <nd ref="1984504677"/>
    <nd ref="11035007211"/>
    <nd ref="1984504659"/>
    <nd ref="1984504624"/>
    <nd ref="11035007213"/>
    <nd ref="1984504582"/>
    <nd ref="11035007214"/>
    <nd ref="4446588828"/>
    <nd ref="1984504468"/>
    <nd ref="11035007216"/>
    <nd ref="1984504522"/>
    <nd ref="1984504458"/>
    <nd ref="1984504459"/>
    <nd ref="1984504512"/>
    <nd ref="1984504457"/>
    <nd ref="1984504470"/>
    <nd ref="11035007217"/>
    <nd ref="1984504497"/>
    <nd ref="11035007218"/>
    <nd ref="1984504580"/>
    <nd ref="11035007219"/>
    <nd ref="11035007220"/>
    <nd ref="1984504612"/>
    <nd ref="1984504655"/>
    <nd ref="11035007221"/>
    <nd ref="1984504679"/>
    <nd ref="4446588834"/>
    <nd ref="1984504697"/>
    <nd ref="11035007223"/>
    <nd ref="11035007224"/>
    <nd ref="1984504718"/>
    <nd ref="1984504722"/>
    <nd ref="1984504742"/>
    <nd ref="1984504756"/>
    <nd ref="1984504767"/>
    <nd ref="11035007226"/>
    <nd ref="1984504799"/>
    <nd ref="1984504812"/>
    <nd ref="11035007227"/>
    <nd ref="1984504788"/>
    <nd ref="1984504778"/>
    <nd ref="11035007228"/>
    <nd ref="1984504758"/>
    <nd ref="1984504755"/>
    <nd ref="4442783418"/>
    <nd ref="11035007229"/>
    <nd ref="1984504721"/>
    <nd ref="11035007230"/>
    <nd ref="4446588837"/>
    <nd ref="1984504712"/>
    <nd ref="4446588835"/>
    <nd ref="11035007231"/>
    <nd ref="11035007232"/>
    <nd ref="1984504684"/>
    <nd ref="1984504669"/>
    <nd ref="1984504633"/>
    <nd ref="1984504626"/>
    <nd ref="11035007235"/>
    <nd ref="11035007236"/>
    <nd ref="1984504595"/>
    <nd ref="11035007238"/>
    <nd ref="1984504567"/>
    <nd ref="1984504465"/>
    <nd ref="11035007239"/>
    <nd ref="1984504430"/>
    <nd ref="1984504524"/>
    <nd ref="1984504516"/>
    <nd ref="4446588819"/>
    <nd ref="1984504438"/>
    <nd ref="1984504433"/>
    <nd ref="11035007240"/>
    <nd ref="1984504426"/>
    <nd ref="1984504399"/>
    <nd ref="11035007247"/>
    <nd ref="11035007246"/>
    <nd ref="11035007245"/>
    <nd ref="11035007243"/>
    <nd ref="11035007241"/>
    <nd ref="1984504450"/>
    <nd ref="1984504439"/>
    <nd ref="1984504425"/>
    <nd ref="1984504338"/>
    <nd ref="1984504331"/>
    <nd ref="1984504381"/>
    <nd ref="1984504347"/>
    <nd ref="1984504368"/>
    <nd ref="11035007248"/>
    <nd ref="1984504373"/>
    <nd ref="1984504392"/>
    <nd ref="1984504379"/>
    <nd ref="1984504356"/>
    <nd ref="1984504352"/>
    <nd ref="1984504349"/>
    <nd ref="1984504348"/>
    <nd ref="11035007249"/>
    <nd ref="11035007250"/>
    <nd ref="11035007251"/>
    <nd ref="4442783413"/>
    <nd ref="1984504337"/>
    <nd ref="11035007252"/>
    <nd ref="1984504333"/>
    <nd ref="11035007253"/>
    <nd ref="1984504332"/>
    <nd ref="11035007254"/>
    <nd ref="1984504340"/>
    <nd ref="1984504343"/>
    <nd ref="1984504350"/>
    <nd ref="1984504362"/>
    <nd ref="11035007255"/>
    <nd ref="1984504389"/>
    <nd ref="1984504402"/>
    <nd ref="1984504407"/>
    <nd ref="11035007256"/>
    <nd ref="1984504410"/>
    <nd ref="1984504404"/>
    <nd ref="1984504367"/>
    <nd ref="1984504361"/>
    <nd ref="1984504359"/>
    <nd ref="1984504355"/>
    <nd ref="4446588807"/>
    <nd ref="4442783416"/>
    <nd ref="4442783415"/>
    <nd ref="4446588806"/>
    <nd ref="1984504357"/>
    <nd ref="1984504363"/>
    <nd ref="4446588808"/>
    <nd ref="1984504413"/>
    <nd ref="1984504420"/>
    <nd ref="1984504431"/>
    <nd ref="1984504453"/>
    <nd ref="4446588821"/>
    <nd ref="11035007258"/>
    <nd ref="4446588826"/>
    <nd ref="1984504553"/>
    <nd ref="1984504570"/>
    <nd ref="1984504618"/>
    <nd ref="1984504610"/>
    <nd ref="1984504607"/>
    <nd ref="1984504583"/>
    <nd ref="11035007259"/>
    <nd ref="1984504577"/>
    <nd ref="1984504573"/>
    <nd ref="1984504564"/>
    <nd ref="1984504518"/>
    <nd ref="1984504551"/>
    <nd ref="1984504525"/>
    <nd ref="1984504515"/>
    <nd ref="1984504462"/>
    <nd ref="1984504454"/>
    <nd ref="12032716892"/>
    <nd ref="12032716893"/>
    <nd ref="12032716894"/>
    <nd ref="1984504416"/>
    <nd ref="11035007260"/>
    <nd ref="11035007261"/>
    <nd ref="1984504400"/>
    <nd ref="11035007263"/>
    <nd ref="1984504339"/>
    <nd ref="1984504330"/>
    <nd ref="11035007264"/>
    <nd ref="11035007265"/>
    <nd ref="11035007267"/>
    <nd ref="11035007268"/>
    <nd ref="11035007269"/>
    <nd ref="1984504394"/>
    <nd ref="1984504378"/>
    <nd ref="1984504318"/>
    <nd ref="1984504325"/>
    <nd ref="1984504327"/>
    <nd ref="1984504317"/>
    <nd ref="1984504326"/>
    <nd ref="1984504328"/>
    <nd ref="11035007270"/>
    <nd ref="1984504397"/>
    <nd ref="1984504366"/>
    <nd ref="11035007271"/>
    <nd ref="4446588809"/>
    <nd ref="4446588811"/>
    <nd ref="4446588812"/>
    <nd ref="4446588813"/>
    <nd ref="11035007272"/>
    <nd ref="4446588815"/>
    <nd ref="1984504421"/>
    <nd ref="4446588816"/>
    <nd ref="4446588818"/>
    <nd ref="1984504202"/>
    <nd ref="11035007273"/>
    <nd ref="1984504467"/>
    <nd ref="4446588822"/>
    <nd ref="1984504494"/>
    <nd ref="4446588827"/>
    <nd ref="1984504572"/>
    <nd ref="1984504599"/>
    <nd ref="11035007274"/>
    <nd ref="1984504604"/>
    <nd ref="1984504615"/>
    <nd ref="1984504619"/>
    <nd ref="1984504629"/>
    <nd ref="1984504631"/>
    <nd ref="4446588832"/>
    <nd ref="4446588833"/>
    <nd ref="1984504634"/>
    <nd ref="1984504702"/>
    <nd ref="1984504636"/>
    <nd ref="11035007275"/>
    <nd ref="1984504661"/>
    <nd ref="4446588830"/>
    <nd ref="4446588831"/>
    <nd ref="1984504667"/>
    <nd ref="1984504674"/>
    <nd ref="1984504685"/>
    <nd ref="4446588838"/>
    <nd ref="1984504747"/>
    <nd ref="1984504759"/>
    <nd ref="1984504780"/>
    <nd ref="4446588841"/>
    <nd ref="1984504796"/>
    <nd ref="1984504814"/>
    <nd ref="1984504820"/>
    <nd ref="1984504828"/>
    <nd ref="1984504866"/>
    <nd ref="1984504898"/>
    <nd ref="11035007276"/>
    <nd ref="1984504843"/>
    <nd ref="11035007277"/>
    <nd ref="4446588842"/>
    <nd ref="1984504829"/>
    <nd ref="1984504826"/>
    <nd ref="1984504837"/>
    <nd ref="12032716895"/>
    <nd ref="1984504874"/>
    <nd ref="1984504682"/>
    <nd ref="11035007278"/>
    <nd ref="1984504872"/>
    <nd ref="1984504773"/>
    <nd ref="1984504847"/>
    <nd ref="1984504835"/>
    <nd ref="1984504818"/>
    <nd ref="11035007279"/>
    <nd ref="1984504806"/>
    <nd ref="1984504676"/>
    <nd ref="1984504665"/>
    <nd ref="1984504559"/>
    <nd ref="1984504628"/>
    <nd ref="1984504521"/>
    <nd ref="1984504622"/>
    <nd ref="4446588829"/>
    <nd ref="1984504578"/>
    <nd ref="11035007280"/>
    <nd ref="1984504568"/>
    <nd ref="1984504561"/>
    <nd ref="1984504556"/>
    <nd ref="1984504527"/>
    <nd ref="1984504545"/>
    <nd ref="1984504548"/>
    <nd ref="1984504526"/>
    <nd ref="4446588825"/>
    <nd ref="1984504523"/>
    <nd ref="1984504519"/>
    <nd ref="4446588823"/>
    <nd ref="1984504411"/>
    <nd ref="1984504448"/>
    <nd ref="1984504423"/>
    <nd ref="4446588817"/>
    <nd ref="1984504345"/>
    <nd ref="4442783414"/>
    <nd ref="1984504282"/>
    <nd ref="1984504335"/>
    <nd ref="1984504329"/>
    <nd ref="11035007281"/>
    <nd ref="1984504314"/>
    <nd ref="12032716896"/>
    <nd ref="1984504283"/>
    <nd ref="1984504274"/>
    <nd ref="1984504284"/>
    <nd ref="1984504273"/>
    <nd ref="1984504290"/>
    <nd ref="11035007284"/>
    <nd ref="1984504295"/>
    <nd ref="11035007283"/>
    <nd ref="1984504298"/>
    <nd ref="1984504300"/>
    <nd ref="11035007282"/>
    <nd ref="4446599880"/>
    <nd ref="11034995675"/>
    <nd ref="4332364746"/>
    <nd ref="1984504291"/>
    <nd ref="4446599878"/>
    <nd ref="11035007285"/>
    <nd ref="11034995677"/>
    <nd ref="11034995676"/>
    <nd ref="1984504272"/>
    <nd ref="1984504281"/>
    <nd ref="11034995678"/>
    <nd ref="1984504277"/>
    <nd ref="1984504280"/>
    <nd ref="1984504278"/>
    <nd ref="11034995679"/>
    <nd ref="11034995680"/>
    <nd ref="1984504276"/>
    <nd ref="1984504275"/>
    <nd ref="1984504236"/>
    <nd ref="1984504241"/>
    <nd ref="1984504244"/>
    <nd ref="1984504271"/>
    <nd ref="1984504269"/>
    <nd ref="1984504268"/>
    <nd ref="1984504245"/>
    <nd ref="1984504247"/>
    <nd ref="11034995681"/>
    <nd ref="1984504262"/>
    <nd ref="1984504259"/>
    <nd ref="11034995683"/>
    <nd ref="1984504258"/>
    <nd ref="1984504257"/>
    <nd ref="11034995684"/>
    <nd ref="1984504255"/>
    <nd ref="1984504254"/>
    <nd ref="11034995685"/>
    <nd ref="1984504252"/>
    <nd ref="11034995686"/>
    <nd ref="1984504239"/>
    <nd ref="1984504227"/>
    <nd ref="1984504221"/>
    <nd ref="11034995687"/>
    <nd ref="4446599873"/>
    <nd ref="300592583"/>
    <nd ref="1984504211"/>
    <nd ref="11034995688"/>
    <nd ref="11034995689"/>
    <nd ref="2178261582"/>
    <nd ref="11034995690"/>
    <nd ref="1984504206"/>
    <nd ref="1984504209"/>
    <nd ref="1984504214"/>
    <nd ref="4446599874"/>
    <nd ref="1984504223"/>
    <nd ref="1984504219"/>
    <nd ref="1984504217"/>
    <nd ref="1984504237"/>
    <nd ref="1984504242"/>
    <nd ref="1984504251"/>
    <nd ref="1984504248"/>
    <nd ref="4446599876"/>
    <nd ref="1984504226"/>
    <nd ref="1984504224"/>
    <nd ref="1984504220"/>
    <nd ref="3210187267"/>
    <nd ref="9049852454"/>
    <nd ref="1984504216"/>
    <nd ref="11034995691"/>
    <nd ref="1984504212"/>
    <nd ref="1984504205"/>
    <nd ref="1984504188"/>
    <nd ref="1984504194"/>
    <nd ref="11034995693"/>
    <nd ref="11034995695"/>
    <nd ref="1984504203"/>
    <nd ref="1984504195"/>
    <nd ref="11034995696"/>
    <nd ref="11034995697"/>
    <nd ref="1984504197"/>
    <nd ref="1984504196"/>
    <nd ref="1984504193"/>
    <nd ref="1984504191"/>
    <nd ref="11017051722"/>
    <nd ref="1984504189"/>
    <nd ref="11017051721"/>
    <nd ref="11017051719"/>
    <nd ref="4446599869"/>
    <nd ref="1984504187"/>
    <nd ref="6551870642"/>
    <tag k="highway" v="primary"/>
    <tag k="name" v="北部橫貫公路"/>
    <tag k="name:en" v="Northern Cross-Island Highway"/>
    <tag k="name:nan" v="Pak-pō͘ Hûiⁿ-koàn Kong-lō͘"/>
    <tag k="name:nan-Hant" v="北部橫貫公路"/>
    <tag k="name:nan-Latn-pehoeji" v="Pak-pō͘ Hûiⁿ-koàn Kong-lō͘"/>
    <tag k="name:nan-Latn-tailo" v="Pak-pōo Huînn-kuàn Kong-lōo"/>
    <tag k="name:zh" v="北部橫貫公路"/>
    <tag k="ref" v="7"/>
    <tag k="ref:en" v="Provincial Highway 7"/>
    <tag k="ref:zh" v="台7線"/>
  </way>
  <way id="341820727">
    <nd ref="1388710988"/>
    <nd ref="1388710993"/>
    <nd ref="8318460356"/>
    <nd ref="1388710994"/>
    <nd ref="1388710992"/>
    <nd ref="3716247125"/>
    <nd ref="1388711000"/>
    <nd ref="3716247126"/>
    <nd ref="3714692899"/>
    <nd ref="1388711014"/>
    <nd ref="1388711015"/>
    <nd ref="3324632976"/>
    <nd ref="1388711005"/>
    <nd ref="8318460355"/>
    <nd ref="3324632975"/>
    <nd ref="1388711006"/>
    <nd ref="3714692900"/>
    <nd ref="3716247128"/>
    <nd ref="3324632977"/>
    <nd ref="3716247129"/>
    <nd ref="3716247130"/>
    <nd ref="1388711027"/>
    <nd ref="3716247132"/>
    <nd ref="1388711026"/>
    <nd ref="8318460354"/>
    <nd ref="1388711032"/>
    <nd ref="3714692901"/>
    <nd ref="1388711035"/>
    <nd ref="2518657629"/>
    <nd ref="3716247133"/>
    <nd ref="1388711033"/>
    <nd ref="1388711036"/>
    <nd ref="1388711044"/>
    <nd ref="3714692902"/>
    <nd ref="4446865266"/>
    <nd ref="1388711055"/>
    <nd ref="1388711054"/>
    <nd ref="4446865267"/>
    <nd ref="1388711063"/>
    <nd ref="1388711079"/>
    <nd ref="3714692905"/>
    <nd ref="1388711087"/>
    <nd ref="2518657634"/>
    <nd ref="1388711076"/>
    <nd ref="3716247142"/>
    <nd ref="1388711060"/>
    <nd ref="3716247138"/>
    <nd ref="2518657631"/>
    <nd ref="1388711058"/>
    <nd ref="1388711071"/>
    <nd ref="1388711082"/>
    <nd ref="1388711084"/>
    <nd ref="3716247145"/>
    <nd ref="1388711078"/>
    <nd ref="3716247141"/>
    <nd ref="1388711062"/>
    <nd ref="1388711056"/>
    <nd ref="1388711045"/>
    <nd ref="1388711042"/>
    <nd ref="1388711046"/>
    <nd ref="1388711053"/>
    <nd ref="1388711066"/>
    <nd ref="1388711081"/>
    <nd ref="1388711085"/>
    <nd ref="1388711089"/>
    <nd ref="3714692906"/>
    <nd ref="1388711092"/>
    <nd ref="3716247149"/>
    <nd ref="1388711090"/>
    <nd ref="1388711088"/>
    <nd ref="3716247146"/>
    <nd ref="1388711075"/>
    <nd ref="3716247140"/>
    <nd ref="1388711073"/>
    <nd ref="1388711080"/>
    <nd ref="1388711091"/>
    <nd ref="3714692907"/>
    <nd ref="3716247148"/>
    <nd ref="1388711093"/>
    <nd ref="3716247150"/>
    <nd ref="1388711096"/>
    <nd ref="1388711097"/>
    <nd ref="3714692908"/>
    <nd ref="3716247151"/>
    <nd ref="3714692909"/>
    <nd ref="3716247152"/>
    <nd ref="1388711099"/>
    <nd ref="1388711094"/>
    <nd ref="8318460346"/>
    <nd ref="1388711077"/>
    <nd ref="1388711072"/>
    <nd ref="3716247139"/>
    <nd ref="1388711068"/>
    <nd ref="3714692903"/>
    <nd ref="1388711048"/>
    <nd ref="1388711043"/>
    <nd ref="4762217768"/>
    <nd ref="1388711052"/>
    <nd ref="3716247137"/>
    <nd ref="1388711047"/>
    <nd ref="2518657630"/>
    <nd ref="4446865268"/>
    <nd ref="4446865269"/>
    <nd ref="4446865271"/>
    <nd ref="4446865270"/>
    <nd ref="1388711061"/>
    <nd ref="1388711050"/>
    <nd ref="1388711041"/>
    <nd ref="1388711037"/>
    <nd ref="1388711021"/>
    <nd ref="1388711009"/>
    <nd ref="1388711004"/>
    <nd ref="1388710998"/>
    <nd ref="3716247127"/>
    <nd ref="1388710990"/>
    <nd ref="1388710987"/>
    <nd ref="3716246622"/>
    <nd ref="1388710982"/>
    <nd ref="1388710974"/>
    <nd ref="8318459051"/>
    <nd ref="4446865265"/>
    <nd ref="1388710967"/>
    <nd ref="1388710947"/>
    <nd ref="1388710930"/>
    <nd ref="1388710923"/>
    <nd ref="1388710919"/>
    <nd ref="1388710916"/>
    <nd ref="3714692890"/>
    <nd ref="4446865262"/>
    <nd ref="4446865264"/>
    <nd ref="1388710918"/>
    <nd ref="1388710915"/>
    <nd ref="1388710911"/>
    <nd ref="3714692889"/>
    <nd ref="4446865261"/>
    <nd ref="3714692888"/>
    <nd ref="1388710906"/>
    <nd ref="1388710905"/>
    <nd ref="1388710901"/>
    <nd ref="1388710900"/>
    <nd ref="1388710897"/>
    <nd ref="1388710895"/>
    <nd ref="3714692884"/>
    <nd ref="8318459050"/>
    <nd ref="1388710889"/>
    <nd ref="8318458991"/>
    <nd ref="8318459049"/>
    <nd ref="1388710885"/>
    <nd ref="1388710886"/>
    <nd ref="1388710883"/>
    <nd ref="4446857505"/>
    <nd ref="1388710880"/>
    <nd ref="1388710881"/>
    <nd ref="3716246612"/>
    <nd ref="4446857502"/>
    <nd ref="4446857504"/>
    <nd ref="4446857507"/>
    <nd ref="1388710892"/>
    <nd ref="4446857511"/>
    <nd ref="4446857514"/>
    <nd ref="4446857516"/>
    <nd ref="4446857521"/>
    <nd ref="1388710903"/>
    <nd ref="4446857522"/>
    <nd ref="4446857523"/>
    <nd ref="1388710910"/>
    <nd ref="4446857525"/>
    <nd ref="4446857529"/>
    <nd ref="1388710913"/>
    <nd ref="4446857530"/>
    <nd ref="1388710912"/>
    <nd ref="4446857526"/>
    <nd ref="1388710909"/>
    <nd ref="1388710907"/>
    <nd ref="3714692885"/>
    <nd ref="1388710899"/>
    <nd ref="4446857518"/>
    <nd ref="4446857515"/>
    <nd ref="3716246613"/>
    <nd ref="1388710894"/>
    <nd ref="4446857512"/>
    <nd ref="4446857513"/>
    <nd ref="3324632972"/>
    <nd ref="1388710891"/>
    <nd ref="4446857517"/>
    <nd ref="4446857519"/>
    <nd ref="1388710896"/>
    <nd ref="1388710902"/>
    <nd ref="3714692886"/>
    <nd ref="4446857524"/>
    <nd ref="4446857527"/>
    <nd ref="1388710914"/>
    <nd ref="1388710927"/>
    <nd ref="4446857541"/>
    <nd ref="3716246615"/>
    <nd ref="1388710933"/>
    <nd ref="1388710940"/>
    <nd ref="4446857545"/>
    <nd ref="4446857547"/>
    <nd ref="1388710956"/>
    <nd ref="3716246620"/>
    <nd ref="4446857552"/>
    <nd ref="1388710962"/>
    <nd ref="4446857553"/>
    <nd ref="3324632974"/>
    <nd ref="1388710968"/>
    <nd ref="1388710973"/>
    <nd ref="4446857554"/>
    <nd ref="4446857555"/>
    <nd ref="4446857556"/>
    <nd ref="1388710979"/>
    <nd ref="4446857558"/>
    <nd ref="4446857557"/>
    <nd ref="1388710978"/>
    <nd ref="1388710970"/>
    <nd ref="1388710959"/>
    <nd ref="1388710955"/>
    <nd ref="4446857550"/>
    <nd ref="1388710935"/>
    <nd ref="1388710931"/>
    <nd ref="1388710929"/>
    <nd ref="4446857542"/>
    <nd ref="4446857539"/>
    <nd ref="3714692891"/>
    <nd ref="4446857535"/>
    <nd ref="1388710921"/>
    <nd ref="1388710920"/>
    <nd ref="4446857536"/>
    <nd ref="3714692892"/>
    <nd ref="4446857538"/>
    <nd ref="1388710926"/>
    <nd ref="1388710934"/>
    <nd ref="1388710941"/>
    <nd ref="4446857546"/>
    <nd ref="1388710951"/>
    <nd ref="3714692895"/>
    <nd ref="1388710957"/>
    <nd ref="1388710958"/>
    <nd ref="3714692894"/>
    <nd ref="1388710943"/>
    <nd ref="1388710937"/>
    <nd ref="1388710936"/>
    <nd ref="1388710938"/>
    <nd ref="1388710942"/>
    <nd ref="4446861292"/>
    <nd ref="1388710945"/>
    <nd ref="3716246617"/>
    <nd ref="1388710949"/>
    <nd ref="3716246618"/>
    <nd ref="1388710953"/>
    <nd ref="3714692896"/>
    <nd ref="4446861293"/>
    <nd ref="1388710960"/>
    <nd ref="4446861295"/>
    <nd ref="1388710961"/>
    <nd ref="1388710963"/>
    <nd ref="1388710977"/>
    <nd ref="4446861297"/>
    <nd ref="1388710983"/>
    <nd ref="1388710985"/>
    <nd ref="1388710984"/>
    <nd ref="1388710971"/>
    <nd ref="3714692897"/>
    <nd ref="1388710972"/>
    <nd ref="1388710980"/>
    <nd ref="3714692898"/>
    <nd ref="1388710986"/>
    <nd ref="4446861298"/>
    <nd ref="4446861300"/>
    <nd ref="1388710991"/>
    <nd ref="1388711003"/>
    <nd ref="1388711010"/>
    <nd ref="4446861307"/>
    <nd ref="4446861308"/>
    <nd ref="1388711023"/>
    <nd ref="3716247131"/>
    <nd ref="1388711028"/>
    <nd ref="4446861313"/>
    <nd ref="1388711029"/>
    <nd ref="1388711022"/>
    <nd ref="4446861306"/>
    <nd ref="1388711012"/>
    <nd ref="1388711001"/>
    <nd ref="1388710997"/>
    <nd ref="1388710995"/>
    <nd ref="4446861302"/>
    <nd ref="1388710999"/>
    <nd ref="1388711002"/>
    <nd ref="4446861305"/>
    <nd ref="1388711008"/>
    <nd ref="1388711019"/>
    <nd ref="1388711031"/>
    <nd ref="4446861311"/>
    <nd ref="1388711040"/>
    <nd ref="4446861314"/>
    <nd ref="4446861316"/>
    <nd ref="3716247136"/>
    <nd ref="1388711051"/>
    <nd ref="4446861319"/>
    <nd ref="1388711067"/>
    <nd ref="4446861324"/>
    <nd ref="1388711070"/>
    <nd ref="4446861325"/>
    <nd ref="4446861323"/>
    <nd ref="1388711064"/>
    <nd ref="4446861320"/>
    <nd ref="1388711049"/>
    <nd ref="1388711039"/>
    <nd ref="4446861317"/>
    <nd ref="1388711030"/>
    <nd ref="1388711024"/>
    <nd ref="1388711017"/>
    <nd ref="1388711018"/>
    <nd ref="4446861309"/>
    <nd ref="4446861310"/>
    <nd ref="1388711025"/>
    <nd ref="4446861315"/>
    <nd ref="1388711038"/>
    <nd ref="1388711059"/>
    <nd ref="4446861318"/>
    <nd ref="4446861321"/>
    <nd ref="4446861322"/>
    <nd ref="1388711065"/>
    <nd ref="1388711069"/>
    <nd ref="4446861101"/>
    <nd ref="1388711086"/>
    <nd ref="4446861104"/>
    <nd ref="1388711098"/>
    <nd ref="4446861106"/>
    <nd ref="4446861107"/>
    <nd ref="4446861108"/>
    <nd ref="1388711101"/>
    <nd ref="1388711102"/>
    <nd ref="4446861110"/>
    <nd ref="4446861111"/>
    <nd ref="1388711104"/>
    <nd ref="4446861112"/>
    <nd ref="1388711105"/>
    <nd ref="4446861113"/>
    <nd ref="3716247153"/>
    <nd ref="4446863434"/>
    <nd ref="1388711111"/>
    <nd ref="4446863436"/>
    <nd ref="1388711115"/>
    <nd ref="4446863438"/>
    <nd ref="4446863440"/>
    <nd ref="4446863442"/>
    <nd ref="4446863444"/>
    <nd ref="4446863445"/>
    <nd ref="4446863446"/>
    <nd ref="4446863447"/>
    <nd ref="1388711127"/>
    <nd ref="4446863449"/>
    <nd ref="1388711128"/>
    <nd ref="4446863451"/>
    <nd ref="4446863454"/>
    <nd ref="1388711134"/>
    <nd ref="4446863460"/>
    <nd ref="4446863462"/>
    <nd ref="1388711140"/>
    <nd ref="1388711142"/>
    <nd ref="1388711152"/>
    <nd ref="1388711156"/>
    <nd ref="1388711154"/>
    <nd ref="4446863461"/>
    <nd ref="4446863459"/>
    <nd ref="4446863455"/>
    <nd ref="4446863452"/>
    <nd ref="4446863450"/>
    <nd ref="1388711130"/>
    <nd ref="1388711123"/>
    <nd ref="4446863441"/>
    <nd ref="1388711117"/>
    <nd ref="1388711112"/>
    <nd ref="4446863432"/>
    <nd ref="4446863431"/>
    <nd ref="1388711106"/>
    <nd ref="3714692910"/>
    <nd ref="1388711107"/>
    <nd ref="4446863435"/>
    <nd ref="4446863437"/>
    <nd ref="4446863439"/>
    <nd ref="4446863443"/>
    <nd ref="1388711126"/>
    <nd ref="4446863448"/>
    <nd ref="1388711132"/>
    <nd ref="4446863453"/>
    <nd ref="4446863457"/>
    <nd ref="4446863463"/>
    <nd ref="1388711150"/>
    <nd ref="1388711158"/>
    <nd ref="4446863465"/>
    <nd ref="1388711160"/>
    <nd ref="4446863466"/>
    <nd ref="1388711164"/>
    <nd ref="4446863467"/>
    <nd ref="4446863468"/>
    <nd ref="1388711169"/>
    <nd ref="4446863469"/>
    <nd ref="1388711173"/>
    <nd ref="1388711179"/>
    <nd ref="1388711181"/>
    <nd ref="1388711182"/>
    <nd ref="1388711187"/>
    <nd ref="4446863486"/>
    <nd ref="4446863487"/>
    <nd ref="1388711192"/>
    <nd ref="1388711200"/>
    <nd ref="1388711201"/>
    <nd ref="1388711202"/>
    <nd ref="1388711204"/>
    <nd ref="2340772804"/>
    <nd ref="2340772809"/>
    <nd ref="3716247162"/>
    <nd ref="3716247163"/>
    <nd ref="3716247164"/>
    <nd ref="2518657635"/>
    <nd ref="3489055296"/>
    <nd ref="3716247181"/>
    <nd ref="3716247185"/>
    <nd ref="2518657636"/>
    <nd ref="3716247190"/>
    <nd ref="3716247191"/>
    <nd ref="3716247192"/>
    <nd ref="2518657637"/>
    <nd ref="2518657638"/>
    <nd ref="3716247194"/>
    <nd ref="10300469603"/>
    <nd ref="2518657639"/>
    <nd ref="3716247203"/>
    <nd ref="3716247206"/>
    <nd ref="2340772869"/>
    <nd ref="3716247207"/>
    <nd ref="3716247201"/>
    <nd ref="2340772866"/>
    <nd ref="3716247205"/>
    <nd ref="2340772868"/>
    <nd ref="3716247200"/>
    <nd ref="8318454672"/>
    <nd ref="3716247204"/>
    <nd ref="3716247202"/>
    <nd ref="2340772867"/>
    <nd ref="3716247197"/>
    <nd ref="3716247195"/>
    <nd ref="2340772864"/>
    <nd ref="3716247199"/>
    <nd ref="2340772865"/>
    <nd ref="3716247208"/>
    <nd ref="2340772870"/>
    <nd ref="3716247210"/>
    <nd ref="2340772871"/>
    <nd ref="3716247211"/>
    <nd ref="2340772872"/>
    <nd ref="2340772873"/>
    <nd ref="2340772874"/>
    <nd ref="2340772875"/>
    <nd ref="2340772876"/>
    <nd ref="3716247212"/>
    <nd ref="2340772877"/>
    <nd ref="3716247214"/>
    <nd ref="2340772878"/>
    <nd ref="8318454671"/>
    <nd ref="2340772880"/>
    <nd ref="2340772881"/>
    <nd ref="3716247215"/>
    <nd ref="8318454670"/>
    <nd ref="2340772879"/>
    <nd ref="2340772882"/>
    <nd ref="3716247217"/>
    <nd ref="2340772883"/>
    <nd ref="8318454669"/>
    <nd ref="2340772885"/>
    <nd ref="3716247218"/>
    <nd ref="3716247219"/>
    <nd ref="8318454667"/>
    <nd ref="2340772884"/>
    <nd ref="2340772886"/>
    <nd ref="3716247220"/>
    <nd ref="2340772887"/>
    <nd ref="2340772888"/>
    <nd ref="2340772889"/>
    <nd ref="3716247221"/>
    <nd ref="8318454605"/>
    <nd ref="2340772890"/>
    <nd ref="2340772891"/>
    <nd ref="2340772892"/>
    <nd ref="3716247222"/>
    <nd ref="2340772893"/>
    <nd ref="2340772894"/>
    <nd ref="3716247223"/>
    <nd ref="2340772895"/>
    <nd ref="3716247224"/>
    <nd ref="3716247225"/>
    <nd ref="2340772896"/>
    <nd ref="2340772897"/>
    <nd ref="3716247226"/>
    <nd ref="2340772898"/>
    <nd ref="2340772899"/>
    <nd ref="3716247227"/>
    <nd ref="2340772900"/>
    <nd ref="2340772901"/>
    <nd ref="3716247230"/>
    <nd ref="3716247231"/>
    <nd ref="2340772902"/>
    <nd ref="3716247232"/>
    <nd ref="2340772903"/>
    <nd ref="3716247233"/>
    <nd ref="3716247234"/>
    <nd ref="3716247235"/>
    <nd ref="2340772904"/>
    <nd ref="2340772905"/>
    <nd ref="3716247236"/>
    <nd ref="3716247237"/>
    <nd ref="2340772906"/>
    <nd ref="2340772907"/>
    <nd ref="3716247238"/>
    <nd ref="2340772908"/>
    <nd ref="3716247239"/>
    <nd ref="2340772909"/>
    <nd ref="3716247240"/>
    <nd ref="2340772910"/>
    <nd ref="4762217445"/>
    <nd ref="8318454404"/>
    <nd ref="2340772911"/>
    <nd ref="2340772912"/>
    <nd ref="3716247249"/>
    <nd ref="2340772913"/>
    <nd ref="2340772914"/>
    <nd ref="2340772915"/>
    <nd ref="2340772916"/>
    <nd ref="2340772917"/>
    <nd ref="2340772918"/>
    <nd ref="3716247253"/>
    <nd ref="3716247254"/>
    <nd ref="3716247255"/>
    <nd ref="2340772919"/>
    <nd ref="2340772921"/>
    <tag k="highway" v="tertiary"/>
    <tag k="name" v="巴陵道路"/>
    <tag k="oneway" v="no"/>
    <tag k="ref" v="桃116"/>
    <tag k="ref:en" v="TY116"/>
    <tag k="ref:zh" v="桃116"/>
    <tag k="surface" v="asphalt"/>
  </way>
  <way id="344420980">
    <nd ref="3105423460"/>
    <nd ref="3511679868"/>
    <nd ref="3511679874"/>
    <nd ref="3511679869"/>
    <nd ref="3511679870"/>
    <nd ref="3511679871"/>
    <nd ref="3511679872"/>
    <nd ref="3511679873"/>
    <nd ref="3511680143"/>
    <tag k="highway" v="service"/>
  </way>
  <way id="344420982">
    <nd ref="3511680094"/>
    <nd ref="3511680095"/>
    <nd ref="3511680096"/>
    <nd ref="3511680097"/>
    <nd ref="3511680098"/>
    <nd ref="3511680099"/>
    <nd ref="3511680100"/>
    <nd ref="3511680101"/>
    <nd ref="3511680102"/>
    <nd ref="3511680103"/>
    <nd ref="3511680129"/>
    <nd ref="3511680104"/>
    <nd ref="3511680105"/>
    <nd ref="3511680106"/>
    <nd ref="3511680107"/>
    <nd ref="3511680108"/>
    <nd ref="3511680109"/>
    <nd ref="3511680110"/>
    <nd ref="3511680111"/>
    <nd ref="3511680112"/>
    <nd ref="3511680113"/>
    <nd ref="3511680114"/>
    <nd ref="3511680115"/>
    <nd ref="3511680116"/>
    <nd ref="3511680117"/>
    <nd ref="3511680118"/>
    <nd ref="3511680119"/>
    <nd ref="3511680120"/>
    <nd ref="3511680121"/>
    <nd ref="3511680122"/>
    <nd ref="3511680123"/>
    <nd ref="3511680124"/>
    <nd ref="3511680125"/>
    <nd ref="3511680126"/>
    <nd ref="3511680127"/>
    <nd ref="3511680128"/>
    <nd ref="2604701537"/>
    <tag k="foot" v="yes"/>
    <tag k="highway" v="track"/>
    <tag k="motor_vehicle" v="private"/>
  </way>
  <way id="430296005">
    <nd ref="2604701537"/>
    <nd ref="2604701527"/>
    <nd ref="2604701525"/>
    <nd ref="2604701529"/>
    <nd ref="2604701531"/>
    <nd ref="2604701532"/>
    <nd ref="2604701534"/>
    <nd ref="2604701539"/>
    <nd ref="2604701544"/>
    <nd ref="2604701542"/>
    <nd ref="2604701548"/>
    <nd ref="2604701546"/>
    <nd ref="2604701551"/>
    <nd ref="2604701552"/>
    <nd ref="2604701549"/>
    <nd ref="2604701554"/>
    <nd ref="2604701561"/>
    <nd ref="2604701564"/>
    <nd ref="2604701566"/>
    <nd ref="2604701579"/>
    <nd ref="2604701584"/>
    <nd ref="2604701598"/>
    <nd ref="2604701613"/>
    <nd ref="2604701605"/>
    <nd ref="2604701595"/>
    <nd ref="2604701597"/>
    <nd ref="7331783496"/>
    <nd ref="6244739480"/>
    <nd ref="2604701581"/>
    <nd ref="2604701574"/>
    <nd ref="2604701578"/>
    <nd ref="2604701576"/>
    <nd ref="2604701582"/>
    <nd ref="2604701586"/>
    <nd ref="2604701600"/>
    <nd ref="2604701608"/>
    <nd ref="2604701612"/>
    <nd ref="2604701615"/>
    <nd ref="2604701618"/>
    <nd ref="2604701621"/>
    <nd ref="2604701624"/>
    <nd ref="2604701639"/>
    <tag k="bicycle" v="yes"/>
    <tag k="foot" v="yes"/>
    <tag k="highway" v="track"/>
    <tag k="motor_vehicle" v="no"/>
    <tag k="name" v="110線林道"/>
    <tag k="note" v="南稜路線為山嶽界前輩林蒼淯先生在 2010 年開發"/>
    <tag k="surface" v="ground"/>
  </way>
  <way id="475873951">
    <nd ref="3489004727"/>
    <nd ref="3489005097"/>
    <nd ref="5174798598"/>
    <nd ref="5174798599"/>
    <nd ref="3489005098"/>
    <nd ref="3489005099"/>
    <nd ref="3489005100"/>
    <nd ref="3489005101"/>
    <nd ref="3489005102"/>
    <nd ref="3489005103"/>
    <nd ref="3489005104"/>
    <nd ref="4598314861"/>
    <nd ref="4598314860"/>
    <nd ref="3489005105"/>
    <nd ref="3489005106"/>
    <nd ref="3489005107"/>
    <nd ref="3489005108"/>
    <nd ref="3489005109"/>
    <nd ref="8682648959"/>
    <nd ref="3489005110"/>
    <nd ref="3489005111"/>
    <nd ref="3489005112"/>
    <nd ref="4598314821"/>
    <nd ref="4598314822"/>
    <nd ref="4797473645"/>
    <nd ref="4598314823"/>
    <nd ref="4797473646"/>
    <nd ref="4598314824"/>
    <nd ref="4797473650"/>
    <nd ref="4797473649"/>
    <nd ref="4797473647"/>
    <nd ref="4797473648"/>
    <nd ref="4598314825"/>
    <nd ref="4598314826"/>
    <nd ref="4598314827"/>
    <nd ref="4598314828"/>
    <nd ref="4598314829"/>
    <nd ref="4598314830"/>
    <nd ref="4598314831"/>
    <nd ref="4598314832"/>
    <nd ref="4725576592"/>
    <nd ref="4598314833"/>
    <nd ref="4598314834"/>
    <nd ref="4598314835"/>
    <nd ref="4598314836"/>
    <nd ref="4598314837"/>
    <nd ref="4598314838"/>
    <nd ref="4598314839"/>
    <nd ref="4598314840"/>
    <nd ref="4598314841"/>
    <nd ref="4598314842"/>
    <nd ref="4598314843"/>
    <nd ref="4598314844"/>
    <nd ref="4598314845"/>
    <nd ref="4598314846"/>
    <nd ref="4598314847"/>
    <nd ref="4598314848"/>
    <nd ref="4598314849"/>
    <nd ref="4598314850"/>
    <nd ref="4598314851"/>
    <nd ref="4598314852"/>
    <nd ref="4797473644"/>
    <nd ref="4797473643"/>
    <nd ref="4598314853"/>
    <nd ref="4598314854"/>
    <nd ref="4598314855"/>
    <nd ref="4598314856"/>
    <nd ref="4598314857"/>
    <nd ref="4598314858"/>
    <nd ref="4600855797"/>
    <nd ref="4600855798"/>
    <nd ref="4600855799"/>
    <nd ref="4600855800"/>
    <nd ref="4600855801"/>
    <nd ref="4600855802"/>
    <nd ref="4600855803"/>
    <nd ref="4600855804"/>
    <nd ref="4600855805"/>
    <nd ref="4600855806"/>
    <nd ref="4600855807"/>
    <nd ref="4797473642"/>
    <nd ref="4600855808"/>
    <nd ref="4600855809"/>
    <nd ref="4600855810"/>
    <nd ref="4600855811"/>
    <nd ref="4600855812"/>
    <nd ref="4600855813"/>
    <nd ref="4600855814"/>
    <nd ref="4600855815"/>
    <nd ref="4600855816"/>
    <nd ref="4600855817"/>
    <nd ref="4600855818"/>
    <nd ref="4797473641"/>
    <nd ref="4600855819"/>
    <nd ref="4600855820"/>
    <nd ref="4600855821"/>
    <nd ref="4600855822"/>
    <nd ref="4600855823"/>
    <nd ref="4600855824"/>
    <nd ref="4600855825"/>
    <nd ref="4600855826"/>
    <nd ref="4600855827"/>
    <nd ref="4600855828"/>
    <nd ref="4600855829"/>
    <nd ref="4600855830"/>
    <nd ref="4600855831"/>
    <nd ref="4600855832"/>
    <nd ref="4600855833"/>
    <nd ref="4600855834"/>
    <nd ref="4600855835"/>
    <nd ref="4600855836"/>
    <nd ref="4600855837"/>
    <nd ref="4600855838"/>
    <nd ref="4600855839"/>
    <nd ref="4600855840"/>
    <nd ref="4600855841"/>
    <nd ref="4600855842"/>
    <nd ref="4600855843"/>
    <nd ref="4600855844"/>
    <nd ref="4600855845"/>
    <nd ref="4600855846"/>
    <nd ref="4600855847"/>
    <nd ref="4600855848"/>
    <nd ref="4600855849"/>
    <nd ref="4600855850"/>
    <nd ref="4600855851"/>
    <nd ref="4600855852"/>
    <nd ref="4600855853"/>
    <nd ref="4600855854"/>
    <nd ref="4625557179"/>
    <nd ref="4625557180"/>
    <nd ref="4625557181"/>
    <nd ref="4625557182"/>
    <nd ref="4625557183"/>
    <nd ref="4625557184"/>
    <nd ref="4625557185"/>
    <nd ref="4625557186"/>
    <nd ref="4625641985"/>
    <nd ref="4625641984"/>
    <nd ref="4625641987"/>
    <nd ref="4625641986"/>
    <nd ref="4625641983"/>
    <nd ref="4625641982"/>
    <nd ref="4625641981"/>
    <nd ref="4625641980"/>
    <nd ref="4625641979"/>
    <nd ref="4625641978"/>
    <nd ref="4625641977"/>
    <nd ref="4625641976"/>
    <nd ref="4625641975"/>
    <nd ref="4625641974"/>
    <nd ref="4625641973"/>
    <nd ref="4625641972"/>
    <nd ref="4625641971"/>
    <nd ref="4625641968"/>
    <nd ref="4129486266"/>
    <nd ref="4129486265"/>
    <nd ref="4129486264"/>
    <nd ref="4129486263"/>
    <nd ref="4129486262"/>
    <nd ref="4129486261"/>
    <nd ref="4129486260"/>
    <nd ref="4129486259"/>
    <nd ref="4625641967"/>
    <nd ref="4129486258"/>
    <nd ref="4129486257"/>
    <nd ref="4129486256"/>
    <nd ref="4129486255"/>
    <nd ref="4129486254"/>
    <nd ref="4129486253"/>
    <nd ref="4129486252"/>
    <nd ref="4129486251"/>
    <nd ref="4129486250"/>
    <nd ref="4129486249"/>
    <nd ref="4129486248"/>
    <nd ref="4129486247"/>
    <nd ref="4129486246"/>
    <nd ref="4129486245"/>
    <nd ref="4129486244"/>
    <nd ref="4129486243"/>
    <nd ref="4129486242"/>
    <nd ref="4129486241"/>
    <nd ref="4129486240"/>
    <nd ref="4129486239"/>
    <nd ref="4129486238"/>
    <nd ref="4129486237"/>
    <nd ref="4129486236"/>
    <nd ref="4129486235"/>
    <nd ref="4129486234"/>
    <nd ref="4129486233"/>
    <nd ref="4129486232"/>
    <nd ref="4129486231"/>
    <nd ref="4725576593"/>
    <nd ref="4129486230"/>
    <nd ref="4129486229"/>
    <nd ref="4797475675"/>
    <nd ref="4113386381"/>
    <nd ref="4113386380"/>
    <nd ref="4113386379"/>
    <nd ref="4113386378"/>
    <nd ref="4113386377"/>
    <nd ref="4113386376"/>
    <nd ref="4113386375"/>
    <nd ref="4113386374"/>
    <nd ref="4113386373"/>
    <nd ref="4113386372"/>
    <nd ref="4113386371"/>
    <nd ref="4113386370"/>
    <nd ref="4113386369"/>
    <nd ref="4113386368"/>
    <nd ref="4113386367"/>
    <nd ref="4113386366"/>
    <nd ref="4113386365"/>
    <nd ref="4113386364"/>
    <nd ref="4113386363"/>
    <nd ref="4113386362"/>
    <nd ref="4113386361"/>
    <nd ref="4113386360"/>
    <nd ref="4113386359"/>
    <nd ref="4113386358"/>
    <nd ref="4113386357"/>
    <nd ref="4113386356"/>
    <nd ref="4113386355"/>
    <nd ref="4113386354"/>
    <nd ref="4113386353"/>
    <nd ref="4113386352"/>
    <nd ref="4113386351"/>
    <nd ref="4113386350"/>
    <nd ref="4113386349"/>
    <nd ref="4695588122"/>
    <nd ref="4695588123"/>
    <nd ref="4695588124"/>
    <nd ref="4695588125"/>
    <nd ref="4695588126"/>
    <nd ref="4695588127"/>
    <nd ref="4695588128"/>
    <nd ref="4695588129"/>
    <nd ref="4695588130"/>
    <nd ref="4695588131"/>
    <nd ref="4695588132"/>
    <nd ref="4695588133"/>
    <nd ref="4695588134"/>
    <nd ref="4695588135"/>
    <nd ref="4695588136"/>
    <nd ref="4695588137"/>
    <nd ref="4695588138"/>
    <nd ref="4695588139"/>
    <nd ref="4695588140"/>
    <nd ref="4695588148"/>
    <nd ref="4695588141"/>
    <nd ref="4695588142"/>
    <nd ref="4695588180"/>
    <nd ref="4695588143"/>
    <nd ref="4695588144"/>
    <nd ref="4695588145"/>
    <nd ref="4695588146"/>
    <nd ref="4695588147"/>
    <nd ref="4695588149"/>
    <nd ref="4695588179"/>
    <nd ref="4695588150"/>
    <nd ref="4695588151"/>
    <nd ref="4695588152"/>
    <nd ref="4695588153"/>
    <nd ref="4695588154"/>
    <nd ref="4695588178"/>
    <nd ref="4695588155"/>
    <nd ref="4695588156"/>
    <nd ref="4695588157"/>
    <nd ref="4695588158"/>
    <nd ref="4695588159"/>
    <nd ref="4695588160"/>
    <nd ref="4695588161"/>
    <nd ref="4695588162"/>
    <nd ref="4695588163"/>
    <nd ref="4695588164"/>
    <nd ref="4695588165"/>
    <nd ref="4695588166"/>
    <nd ref="4695588167"/>
    <nd ref="4695588176"/>
    <nd ref="4695588168"/>
    <nd ref="4695588169"/>
    <nd ref="4695588170"/>
    <nd ref="4695588177"/>
    <nd ref="4695588171"/>
    <nd ref="4695588172"/>
    <nd ref="4695588173"/>
    <nd ref="4695588174"/>
    <nd ref="4695588175"/>
    <nd ref="4797491788"/>
    <nd ref="4797491785"/>
    <nd ref="4797491786"/>
    <nd ref="4797491787"/>
    <tag k="abandoned" v="yes"/>
    <tag k="access" v="unknown"/>
    <tag k="foot" v="yes"/>
    <tag k="highway" v="track"/>
    <tag k="motor_vehicle" v="unknown"/>
    <tag k="name" v="130線林道"/>
  </way>
  <way id="505703683">
    <nd ref="10213354856"/>
    <nd ref="3105423476"/>
    <nd ref="12032716785"/>
    <nd ref="3105423474"/>
    <nd ref="300590639"/>
    <nd ref="4443530530"/>
    <nd ref="3105423472"/>
    <nd ref="300590640"/>
    <nd ref="4443530529"/>
    <nd ref="3105423471"/>
    <nd ref="3105423468"/>
    <nd ref="9444475949"/>
    <nd ref="3105423466"/>
    <nd ref="12032716786"/>
    <nd ref="300590641"/>
    <nd ref="300590642"/>
    <nd ref="3105423453"/>
    <nd ref="4446676772"/>
    <nd ref="3105423450"/>
    <nd ref="12032716787"/>
    <nd ref="3105423449"/>
    <nd ref="300590643"/>
    <nd ref="3105423445"/>
    <nd ref="3105423442"/>
    <nd ref="3105423436"/>
    <nd ref="3105423430"/>
    <nd ref="3105423428"/>
    <nd ref="3105423422"/>
    <nd ref="300590644"/>
    <nd ref="3105423405"/>
    <nd ref="300590645"/>
    <nd ref="3105423400"/>
    <nd ref="3105423397"/>
    <nd ref="3105423395"/>
    <nd ref="3105423393"/>
    <nd ref="3105423392"/>
    <nd ref="3105423391"/>
    <nd ref="3105423388"/>
    <nd ref="12032716788"/>
    <nd ref="300590647"/>
    <nd ref="3105423372"/>
    <nd ref="3105423367"/>
    <nd ref="3105423353"/>
    <nd ref="300590649"/>
    <nd ref="12032716789"/>
    <nd ref="3105423345"/>
    <nd ref="3105423342"/>
    <nd ref="3105423343"/>
    <nd ref="3105423344"/>
    <nd ref="3105423341"/>
    <nd ref="300590653"/>
    <nd ref="300590659"/>
    <nd ref="3105423318"/>
    <nd ref="3105423314"/>
    <nd ref="4446676771"/>
    <nd ref="300590660"/>
    <nd ref="3105423308"/>
    <nd ref="3105423302"/>
    <nd ref="3105423290"/>
    <nd ref="3105423288"/>
    <nd ref="3105423252"/>
    <nd ref="3105423245"/>
    <nd ref="3105423243"/>
    <nd ref="4446851931"/>
    <nd ref="4446851929"/>
    <nd ref="300590663"/>
    <nd ref="4446851927"/>
    <nd ref="3105423216"/>
    <nd ref="3105423210"/>
    <nd ref="300590665"/>
    <nd ref="3105423202"/>
    <nd ref="4446851925"/>
    <nd ref="4446851924"/>
    <nd ref="300590666"/>
    <nd ref="3105423177"/>
    <nd ref="4446851922"/>
    <nd ref="3105423174"/>
    <nd ref="300590667"/>
    <nd ref="4446851921"/>
    <nd ref="4446851920"/>
    <nd ref="4446851919"/>
    <nd ref="4446851918"/>
    <nd ref="4446851917"/>
    <nd ref="3105423151"/>
    <nd ref="300590669"/>
    <nd ref="3105423138"/>
    <nd ref="4446851916"/>
    <nd ref="4446851915"/>
    <nd ref="4446851914"/>
    <nd ref="3105423131"/>
    <nd ref="3105423128"/>
    <nd ref="4446851913"/>
    <nd ref="300590671"/>
    <nd ref="4446851912"/>
    <nd ref="4446851911"/>
    <nd ref="3105423094"/>
    <nd ref="300590672"/>
    <nd ref="4446851909"/>
    <nd ref="4446851908"/>
    <nd ref="3105423066"/>
    <nd ref="3105423064"/>
    <nd ref="3105423061"/>
    <nd ref="300590673"/>
    <nd ref="4446851906"/>
    <nd ref="3105423037"/>
    <nd ref="4446851903"/>
    <nd ref="4446851902"/>
    <nd ref="4446851901"/>
    <nd ref="4446851900"/>
    <nd ref="300590689"/>
    <nd ref="3105422620"/>
    <nd ref="3105422619"/>
    <nd ref="3105422618"/>
    <nd ref="1984505627"/>
    <nd ref="3105422616"/>
    <nd ref="300590690"/>
    <nd ref="3105422612"/>
    <nd ref="3105422613"/>
    <nd ref="4446851897"/>
    <nd ref="300590691"/>
    <nd ref="300590692"/>
    <nd ref="3105422617"/>
    <nd ref="300590694"/>
    <nd ref="4446851898"/>
    <nd ref="4446851899"/>
    <nd ref="3105423029"/>
    <nd ref="300590695"/>
    <nd ref="4446851904"/>
    <nd ref="3105423047"/>
    <nd ref="4446851905"/>
    <nd ref="12032716790"/>
    <nd ref="12032716791"/>
    <nd ref="3105423063"/>
    <nd ref="4446851907"/>
    <nd ref="4446851910"/>
    <nd ref="300590699"/>
    <nd ref="3105423125"/>
    <nd ref="300590700"/>
    <nd ref="3105423143"/>
    <nd ref="3105423158"/>
    <nd ref="3105423166"/>
    <nd ref="300590701"/>
    <nd ref="3105423182"/>
    <nd ref="4446851926"/>
    <nd ref="3105423219"/>
    <nd ref="3105423224"/>
    <nd ref="4446851928"/>
    <nd ref="3105423229"/>
    <nd ref="300590702"/>
    <nd ref="4446851930"/>
    <nd ref="3105423244"/>
    <nd ref="3105423246"/>
    <nd ref="3105423250"/>
    <nd ref="3105423253"/>
    <nd ref="3105423255"/>
    <nd ref="3105423263"/>
    <nd ref="3105423268"/>
    <nd ref="300590703"/>
    <nd ref="3105423278"/>
    <nd ref="300590712"/>
    <nd ref="3105423303"/>
    <nd ref="300590722"/>
    <nd ref="3105423317"/>
    <nd ref="3105423319"/>
    <nd ref="300590724"/>
    <nd ref="3105423332"/>
    <nd ref="3105423333"/>
    <nd ref="300590727"/>
    <nd ref="3105423340"/>
    <nd ref="3105423363"/>
    <nd ref="1984505676"/>
    <nd ref="1984505684"/>
    <nd ref="3105423369"/>
    <nd ref="3105423370"/>
    <nd ref="3105423368"/>
    <nd ref="1984505673"/>
    <nd ref="3105423362"/>
    <nd ref="3105423358"/>
    <nd ref="3105423354"/>
    <nd ref="3105423355"/>
    <nd ref="300590728"/>
    <nd ref="3105423364"/>
    <nd ref="3105423366"/>
    <nd ref="300590729"/>
    <nd ref="3105423381"/>
    <nd ref="3105423384"/>
    <nd ref="1984505686"/>
    <nd ref="3105423403"/>
    <nd ref="1984505703"/>
    <nd ref="3105423410"/>
    <nd ref="3105423415"/>
    <nd ref="1984505722"/>
    <nd ref="3105423416"/>
    <nd ref="1984505709"/>
    <nd ref="1984505692"/>
    <nd ref="3105423389"/>
    <nd ref="1984505677"/>
    <nd ref="3105423365"/>
    <nd ref="3105423356"/>
    <nd ref="3105423348"/>
    <nd ref="1984505671"/>
    <nd ref="3105423336"/>
    <nd ref="3105423338"/>
    <nd ref="3105423346"/>
    <nd ref="3105423349"/>
    <nd ref="1984505675"/>
    <nd ref="9444475950"/>
    <nd ref="3105423385"/>
    <nd ref="4446660520"/>
    <nd ref="300590730"/>
    <nd ref="3105423408"/>
    <nd ref="3105423409"/>
    <nd ref="1984505715"/>
    <nd ref="4446660521"/>
    <nd ref="3105423413"/>
    <nd ref="12032716792"/>
    <nd ref="3105423417"/>
    <nd ref="300590731"/>
    <nd ref="1984505740"/>
    <nd ref="3105423433"/>
    <nd ref="300590732"/>
    <nd ref="3105423434"/>
    <nd ref="3105423432"/>
    <nd ref="4446660522"/>
    <nd ref="300590734"/>
    <nd ref="3105423421"/>
    <nd ref="12032716793"/>
    <nd ref="3105423419"/>
    <nd ref="3105423418"/>
    <nd ref="300590737"/>
    <nd ref="3105423420"/>
    <nd ref="3105423423"/>
    <nd ref="1984505727"/>
    <nd ref="3105423440"/>
    <nd ref="3105423446"/>
    <nd ref="12032716794"/>
    <nd ref="300590739"/>
    <nd ref="3105423448"/>
    <nd ref="3105423447"/>
    <nd ref="3105423443"/>
    <nd ref="3105423438"/>
    <nd ref="300590740"/>
    <nd ref="3105423426"/>
    <nd ref="3105423424"/>
    <nd ref="3105423412"/>
    <nd ref="300590741"/>
    <nd ref="3105423401"/>
    <nd ref="3105423399"/>
    <nd ref="3105423390"/>
    <nd ref="3105423387"/>
    <nd ref="3105423386"/>
    <nd ref="300590742"/>
    <nd ref="12032716795"/>
    <nd ref="300590743"/>
    <nd ref="3105423382"/>
    <nd ref="3105423378"/>
    <nd ref="300590753"/>
    <nd ref="3105423374"/>
    <nd ref="3105423371"/>
    <nd ref="300590752"/>
    <nd ref="3105423359"/>
    <nd ref="3105423350"/>
    <nd ref="3105423351"/>
    <nd ref="3105423361"/>
    <nd ref="3105423360"/>
    <nd ref="3105423352"/>
    <nd ref="300590754"/>
    <nd ref="300590755"/>
    <nd ref="12032716796"/>
    <nd ref="3105423335"/>
    <nd ref="12032716797"/>
    <nd ref="3105423312"/>
    <nd ref="12032716798"/>
    <nd ref="300590758"/>
    <nd ref="3105423285"/>
    <nd ref="3105423277"/>
    <nd ref="300590759"/>
    <nd ref="12032716799"/>
    <nd ref="3105423269"/>
    <nd ref="300590760"/>
    <nd ref="3105423256"/>
    <nd ref="3105423254"/>
    <nd ref="300590761"/>
    <nd ref="12032716800"/>
    <nd ref="3105423264"/>
    <nd ref="3105423265"/>
    <nd ref="3105423258"/>
    <nd ref="3105423259"/>
    <nd ref="300590763"/>
    <nd ref="3105423279"/>
    <nd ref="3105423282"/>
    <nd ref="3105423283"/>
    <nd ref="300590764"/>
    <nd ref="9444475951"/>
    <nd ref="3105423280"/>
    <nd ref="9444475952"/>
    <nd ref="3105423284"/>
    <nd ref="300590765"/>
    <nd ref="3105423292"/>
    <nd ref="3105423299"/>
    <nd ref="4446660518"/>
    <nd ref="12032716801"/>
    <nd ref="3105423306"/>
    <nd ref="3105423309"/>
    <nd ref="3105423315"/>
    <nd ref="300590767"/>
    <nd ref="3105423321"/>
    <nd ref="3105423324"/>
    <nd ref="3105423327"/>
    <nd ref="300590769"/>
    <nd ref="300590768"/>
    <nd ref="12032716802"/>
    <nd ref="3105423307"/>
    <nd ref="3105423296"/>
    <nd ref="3105423293"/>
    <nd ref="300590770"/>
    <nd ref="3105423281"/>
    <nd ref="3105423261"/>
    <nd ref="3105423251"/>
    <nd ref="300590771"/>
    <nd ref="3105423239"/>
    <nd ref="3105423230"/>
    <nd ref="3105423198"/>
    <nd ref="300590772"/>
    <nd ref="3105423171"/>
    <nd ref="3105423162"/>
    <nd ref="3105423154"/>
    <nd ref="4955852409"/>
    <nd ref="3105423152"/>
    <nd ref="300590774"/>
    <nd ref="3105423156"/>
    <nd ref="300590775"/>
    <nd ref="3105423170"/>
    <nd ref="3105423180"/>
    <nd ref="12032716803"/>
    <nd ref="12032716804"/>
    <nd ref="3105423203"/>
    <nd ref="3105423206"/>
    <nd ref="3105423207"/>
    <nd ref="300590778"/>
    <nd ref="12032716805"/>
    <nd ref="12032716806"/>
    <nd ref="300590779"/>
    <nd ref="300590781"/>
    <nd ref="3105423183"/>
    <nd ref="3105423184"/>
    <nd ref="3105423185"/>
    <nd ref="3105423190"/>
    <nd ref="300590782"/>
    <nd ref="300590783"/>
    <nd ref="3105423211"/>
    <nd ref="3105423220"/>
    <nd ref="3105423226"/>
    <nd ref="300590786"/>
    <nd ref="12032716807"/>
    <nd ref="3105423260"/>
    <nd ref="300590791"/>
    <nd ref="3105423276"/>
    <nd ref="3105423286"/>
    <nd ref="3105423294"/>
    <nd ref="1984505664"/>
    <nd ref="3105423310"/>
    <nd ref="3105423316"/>
    <nd ref="1984505667"/>
    <nd ref="3105423325"/>
    <nd ref="3105423328"/>
    <nd ref="1984505669"/>
    <nd ref="3105423329"/>
    <nd ref="3105423326"/>
    <nd ref="3105423322"/>
    <nd ref="1984505665"/>
    <nd ref="4446660519"/>
    <nd ref="3105423311"/>
    <nd ref="3105423301"/>
    <nd ref="3105423297"/>
    <nd ref="12032716808"/>
    <nd ref="3105423291"/>
    <nd ref="3105423289"/>
    <nd ref="1984505662"/>
    <nd ref="3105423287"/>
    <nd ref="3105423273"/>
    <nd ref="12032716809"/>
    <nd ref="3105423257"/>
    <nd ref="12032716810"/>
    <nd ref="3105423249"/>
    <nd ref="3105423241"/>
    <nd ref="3105423240"/>
    <nd ref="3105423235"/>
    <nd ref="300590792"/>
    <nd ref="300590793"/>
    <nd ref="3105423232"/>
    <nd ref="3105423237"/>
    <nd ref="3105423238"/>
    <nd ref="300590794"/>
    <nd ref="3105423231"/>
    <nd ref="3105423218"/>
    <nd ref="3105423217"/>
    <nd ref="3105423214"/>
    <nd ref="12032716811"/>
    <nd ref="3105423215"/>
    <nd ref="3105423213"/>
    <nd ref="3105423208"/>
    <nd ref="300590795"/>
    <nd ref="3105423191"/>
    <nd ref="3105423186"/>
    <nd ref="12032716812"/>
    <nd ref="3105423172"/>
    <nd ref="12032716813"/>
    <nd ref="300590796"/>
    <nd ref="3105423167"/>
    <nd ref="3105423165"/>
    <nd ref="12032716814"/>
    <nd ref="3105423163"/>
    <nd ref="3105423160"/>
    <nd ref="3105423159"/>
    <nd ref="12032716815"/>
    <nd ref="3105423153"/>
    <nd ref="3105423147"/>
    <nd ref="3105423148"/>
    <nd ref="3105423150"/>
    <nd ref="12032716816"/>
    <nd ref="3105423149"/>
    <nd ref="3105423140"/>
    <nd ref="300590797"/>
    <nd ref="3105423129"/>
    <nd ref="3105423109"/>
    <nd ref="300590799"/>
    <nd ref="3105423097"/>
    <nd ref="3105423098"/>
    <nd ref="3105423101"/>
    <nd ref="3105423104"/>
    <nd ref="300590802"/>
    <nd ref="300590803"/>
    <nd ref="3105423132"/>
    <nd ref="3105423139"/>
    <nd ref="300590804"/>
    <nd ref="3105423161"/>
    <nd ref="12032716817"/>
    <nd ref="1984505644"/>
    <nd ref="12032716818"/>
    <nd ref="1984505648"/>
    <nd ref="12032716819"/>
    <nd ref="4446641841"/>
    <nd ref="1984505652"/>
    <nd ref="3105423233"/>
    <nd ref="1984505654"/>
    <nd ref="1984505656"/>
    <nd ref="3105423271"/>
    <nd ref="3105423274"/>
    <nd ref="3105423275"/>
    <nd ref="1984505660"/>
    <nd ref="1984505658"/>
    <nd ref="12032716820"/>
    <nd ref="4446641842"/>
    <nd ref="12032716821"/>
    <nd ref="3105423227"/>
    <nd ref="3105423223"/>
    <nd ref="3105423209"/>
    <nd ref="4446641840"/>
    <nd ref="12032716822"/>
    <nd ref="3105423200"/>
    <nd ref="3105423181"/>
    <nd ref="1984505646"/>
    <nd ref="4446641839"/>
    <nd ref="12032716823"/>
    <nd ref="3105423164"/>
    <nd ref="3105423157"/>
    <nd ref="3105423141"/>
    <nd ref="3105423123"/>
    <nd ref="300590805"/>
    <nd ref="12032716824"/>
    <nd ref="3105423119"/>
    <nd ref="3105423112"/>
    <nd ref="3105423102"/>
    <nd ref="3105423083"/>
    <nd ref="300590806"/>
    <nd ref="3105423073"/>
    <nd ref="12032716825"/>
    <nd ref="3105423069"/>
    <nd ref="3105423067"/>
    <nd ref="4446641838"/>
    <nd ref="12032716826"/>
    <nd ref="12032716828"/>
    <nd ref="12032716827"/>
    <nd ref="300590808"/>
    <nd ref="12032716829"/>
    <nd ref="300590809"/>
    <nd ref="4443584630"/>
    <nd ref="3105423034"/>
    <nd ref="300590810"/>
    <nd ref="3105423030"/>
    <nd ref="3105422624"/>
    <tag k="alt_name" v="北橫公路"/>
    <tag k="alt_name:en" v="Northern Cross-Island Highway"/>
    <tag k="alt_name:nan" v="Pak-hûiⁿ Kong-lō͘"/>
    <tag k="alt_name:nan-Hant" v="北橫公路"/>
    <tag k="alt_name:nan-Latn-pehoeji" v="Pak-hûiⁿ Kong-lō͘"/>
    <tag k="alt_name:nan-Latn-tailo" v="Pak-huînn Kong-lōo"/>
    <tag k="alt_name:zh" v="北橫公路"/>
    <tag k="highway" v="primary"/>
    <tag k="name" v="復興路十段"/>
    <tag k="name:en" v="Section 10, Fuxing Road"/>
    <tag k="name:nan" v="Ho̍k-heng-lō͘ 10-tōaⁿ"/>
    <tag k="name:nan-Hant" v="復興路十段"/>
    <tag k="name:nan-Latn-pehoeji" v="Ho̍k-heng-lō͘ 10-tōaⁿ"/>
    <tag k="name:nan-Latn-tailo" v="Ho̍k-hing-lōo 10-tuānn"/>
    <tag k="name:zh" v="復興路十段"/>
    <tag k="ref" v="7"/>
    <tag k="ref:en" v="Provincial Highway 7"/>
    <tag k="ref:zh" v="台7線"/>
  </way>
  <way id="691541602">
    <nd ref="3511680143"/>
    <nd ref="3511679877"/>
    <nd ref="3511679878"/>
    <nd ref="3511680139"/>
    <nd ref="3511679879"/>
    <nd ref="3511679880"/>
    <nd ref="3511679881"/>
    <nd ref="3511679882"/>
    <nd ref="3511679883"/>
    <nd ref="3511679884"/>
    <nd ref="3511680144"/>
    <nd ref="3511679885"/>
    <nd ref="3511679886"/>
    <nd ref="9653049690"/>
    <nd ref="3511679887"/>
    <nd ref="3511679888"/>
    <nd ref="3511679889"/>
    <nd ref="3511679890"/>
    <nd ref="3511679891"/>
    <nd ref="3511679892"/>
    <nd ref="3511680093"/>
    <nd ref="3511680140"/>
    <nd ref="3511680141"/>
    <tag k="highway" v="service"/>
  </way>
  <way id="894906120">
    <nd ref="8318420911"/>
    <nd ref="8318456800"/>
    <nd ref="8318456799"/>
    <nd ref="8318456798"/>
    <nd ref="8318456797"/>
    <nd ref="8318456796"/>
    <nd ref="8318456795"/>
    <nd ref="8318456794"/>
    <nd ref="8318456793"/>
    <nd ref="8318456792"/>
    <nd ref="8318456791"/>
    <nd ref="8318456790"/>
    <nd ref="8318456789"/>
    <nd ref="8318456788"/>
    <nd ref="8318456787"/>
    <nd ref="8318456786"/>
    <nd ref="8318456785"/>
    <nd ref="8318456784"/>
    <nd ref="8318456783"/>
    <nd ref="8318456782"/>
    <nd ref="8318456781"/>
    <nd ref="8318456780"/>
    <nd ref="8318456779"/>
    <nd ref="8318456778"/>
    <tag k="highway" v="track"/>
  </way>
  <way id="894906147">
    <nd ref="8318457080"/>
    <nd ref="8318457079"/>
    <nd ref="8318457078"/>
    <nd ref="8318457077"/>
    <nd ref="8318457076"/>
    <nd ref="8318457075"/>
    <nd ref="8318457074"/>
    <nd ref="8318457073"/>
    <nd ref="8318457072"/>
    <nd ref="8318457071"/>
    <nd ref="8318457070"/>
    <nd ref="8318457069"/>
    <nd ref="8318457068"/>
    <nd ref="8318457067"/>
    <nd ref="8318457066"/>
    <nd ref="8318457065"/>
    <nd ref="8318457064"/>
    <nd ref="8318457063"/>
    <nd ref="8318457062"/>
    <nd ref="8318457061"/>
    <nd ref="8318457060"/>
    <nd ref="8318457059"/>
    <nd ref="8318457058"/>
    <nd ref="8318457057"/>
    <nd ref="8318457056"/>
    <nd ref="8318457055"/>
    <nd ref="8318457054"/>
    <nd ref="8318457053"/>
    <nd ref="8318457052"/>
    <nd ref="8318457051"/>
    <nd ref="8318457050"/>
    <nd ref="8318457049"/>
    <nd ref="8318457048"/>
    <nd ref="8318457047"/>
    <nd ref="8318457046"/>
    <nd ref="8318457045"/>
    <nd ref="8318457044"/>
    <nd ref="8318457043"/>
    <nd ref="8318457042"/>
    <nd ref="8318457041"/>
    <nd ref="8318457040"/>
    <nd ref="8318457039"/>
    <nd ref="8318457032"/>
    <nd ref="8318457038"/>
    <nd ref="8318457037"/>
    <nd ref="8318457036"/>
    <nd ref="8318458109"/>
    <nd ref="8318458110"/>
    <nd ref="8318458111"/>
    <nd ref="8318458112"/>
    <nd ref="8318458113"/>
    <nd ref="8318458114"/>
    <nd ref="8318458115"/>
    <nd ref="8318458116"/>
    <nd ref="8318458117"/>
    <nd ref="8318458118"/>
    <nd ref="8318458119"/>
    <nd ref="8318458120"/>
    <nd ref="8318418193"/>
    <nd ref="8318418194"/>
    <nd ref="8318418195"/>
    <nd ref="8318418196"/>
    <nd ref="8318418197"/>
    <nd ref="8318418198"/>
    <nd ref="8318418199"/>
    <nd ref="8318418200"/>
    <nd ref="8318418201"/>
    <nd ref="8318418202"/>
    <nd ref="8318418203"/>
    <nd ref="8318418204"/>
    <nd ref="8318418205"/>
    <nd ref="8318418206"/>
    <nd ref="8318418207"/>
    <nd ref="8318418208"/>
    <nd ref="8318418209"/>
    <nd ref="8318418210"/>
    <nd ref="8318418211"/>
    <nd ref="8318418212"/>
    <nd ref="8318418213"/>
    <nd ref="8318418214"/>
    <nd ref="8318418215"/>
    <nd ref="8318418216"/>
    <nd ref="8318458217"/>
    <nd ref="8318458218"/>
    <nd ref="8318458219"/>
    <nd ref="8318458220"/>
    <nd ref="8318458221"/>
    <nd ref="8318458222"/>
    <nd ref="8318458223"/>
    <nd ref="8318458224"/>
    <nd ref="8318458225"/>
    <nd ref="8318458226"/>
    <nd ref="8318458227"/>
    <nd ref="8318458228"/>
    <nd ref="8318458229"/>
    <nd ref="8318458230"/>
    <nd ref="8318458231"/>
    <nd ref="8318458232"/>
    <nd ref="8318458233"/>
    <nd ref="8318458234"/>
    <nd ref="8318458235"/>
    <nd ref="8318458236"/>
    <nd ref="8318458237"/>
    <nd ref="8318458238"/>
    <nd ref="8318458239"/>
    <nd ref="8318458240"/>
    <nd ref="8318458241"/>
    <nd ref="8318458242"/>
    <nd ref="8318458243"/>
    <nd ref="8318458244"/>
    <nd ref="8318458245"/>
    <nd ref="8318458246"/>
    <nd ref="8318458247"/>
    <nd ref="8318458248"/>
    <nd ref="8318458249"/>
    <nd ref="8318458250"/>
    <nd ref="8318458251"/>
    <nd ref="8318458252"/>
    <nd ref="8318458253"/>
    <nd ref="8318458254"/>
    <nd ref="8318458255"/>
    <nd ref="8318458256"/>
    <nd ref="8318458257"/>
    <nd ref="8318458258"/>
    <nd ref="8318458259"/>
    <nd ref="8318458260"/>
    <nd ref="8318458261"/>
    <nd ref="8318458262"/>
    <nd ref="8318458263"/>
    <nd ref="8318458264"/>
    <nd ref="8318458265"/>
    <nd ref="8318458266"/>
    <nd ref="8318458267"/>
    <nd ref="8318458268"/>
    <nd ref="8318458269"/>
    <nd ref="8318458270"/>
    <nd ref="8318458271"/>
    <nd ref="8318458272"/>
    <nd ref="8318458273"/>
    <nd ref="8318458274"/>
    <nd ref="8318458275"/>
    <nd ref="8318458276"/>
    <nd ref="8318458277"/>
    <nd ref="8318458278"/>
    <nd ref="8318458279"/>
    <nd ref="8318458280"/>
    <nd ref="8318458281"/>
    <nd ref="8318458282"/>
    <nd ref="8318458283"/>
    <nd ref="8318458284"/>
    <nd ref="8318458285"/>
    <nd ref="8318458286"/>
    <nd ref="8318458287"/>
    <nd ref="8318458288"/>
    <nd ref="8318458289"/>
    <nd ref="8318458290"/>
    <nd ref="8318458291"/>
    <nd ref="8318458292"/>
    <nd ref="8318458293"/>
    <nd ref="8318458294"/>
    <nd ref="8318458295"/>
    <nd ref="8318458296"/>
    <nd ref="8318458297"/>
    <nd ref="8318458298"/>
    <nd ref="8318458299"/>
    <nd ref="8318458300"/>
    <nd ref="8318458301"/>
    <nd ref="8318458302"/>
    <nd ref="8318458303"/>
    <nd ref="8318458304"/>
    <nd ref="8318458305"/>
    <nd ref="8318458306"/>
    <nd ref="8318458307"/>
    <nd ref="8318458308"/>
    <nd ref="8318458309"/>
    <nd ref="8318458310"/>
    <nd ref="8318458311"/>
    <nd ref="8318458312"/>
    <nd ref="8318458313"/>
    <nd ref="8318458314"/>
    <nd ref="8318458315"/>
    <nd ref="8318458316"/>
    <nd ref="8318458317"/>
    <nd ref="8318458318"/>
    <nd ref="4762217017"/>
    <nd ref="8318458319"/>
    <nd ref="8318458320"/>
    <nd ref="8318458321"/>
    <nd ref="8318458322"/>
    <nd ref="8318458323"/>
    <nd ref="8318458324"/>
    <nd ref="8318458325"/>
    <nd ref="8318458326"/>
    <nd ref="8318458327"/>
    <nd ref="8318458328"/>
    <nd ref="8318458329"/>
    <nd ref="8318458330"/>
    <nd ref="8318458331"/>
    <nd ref="8318458332"/>
    <nd ref="8318458333"/>
    <nd ref="8318458334"/>
    <nd ref="8318458335"/>
    <nd ref="8318458336"/>
    <nd ref="8318458337"/>
    <nd ref="8318458338"/>
    <nd ref="8318458339"/>
    <nd ref="8318458340"/>
    <nd ref="8318458341"/>
    <nd ref="8318458342"/>
    <nd ref="8318458343"/>
    <nd ref="8318458344"/>
    <nd ref="8318458345"/>
    <nd ref="8318458346"/>
    <nd ref="8318458347"/>
    <nd ref="8318458348"/>
    <nd ref="8318458349"/>
    <nd ref="8318458350"/>
    <nd ref="8318458351"/>
    <nd ref="8318458352"/>
    <nd ref="8318458353"/>
    <nd ref="8318458354"/>
    <nd ref="8318458355"/>
    <nd ref="8318458356"/>
    <nd ref="8318458357"/>
    <nd ref="8318458358"/>
    <nd ref="8318458359"/>
    <nd ref="8318458360"/>
    <nd ref="8318458361"/>
    <nd ref="8318458362"/>
    <nd ref="8318458363"/>
    <nd ref="8318458364"/>
    <nd ref="8318458365"/>
    <nd ref="8318458366"/>
    <nd ref="8318458367"/>
    <nd ref="8318458368"/>
    <nd ref="8318458369"/>
    <nd ref="3497223260"/>
    <nd ref="3716247158"/>
    <nd ref="1388711204"/>
    <tag k="highway" v="unclassified"/>
  </way>
  <way id="894906205">
    <nd ref="8318420868"/>
    <nd ref="8318420847"/>
    <tag k="highway" v="track"/>
  </way>
  <way id="894906206">
    <nd ref="8318458268"/>
    <nd ref="8318457938"/>
    <nd ref="8318457937"/>
    <nd ref="8318457936"/>
    <nd ref="8318457935"/>
    <nd ref="8318457934"/>
    <nd ref="8318457933"/>
    <nd ref="8318457932"/>
    <nd ref="8318457931"/>
    <nd ref="8318457930"/>
    <nd ref="8318457929"/>
    <nd ref="8318457928"/>
    <nd ref="8318457927"/>
    <nd ref="8318457926"/>
    <nd ref="8318457925"/>
    <nd ref="8318457924"/>
    <nd ref="8318457923"/>
    <nd ref="8318457922"/>
    <nd ref="8318457921"/>
    <nd ref="8318457920"/>
    <nd ref="8318457919"/>
    <nd ref="8318457918"/>
    <nd ref="8318457917"/>
    <nd ref="8318420916"/>
    <nd ref="8318420915"/>
    <nd ref="8318420914"/>
    <nd ref="8318420913"/>
    <nd ref="8318420912"/>
    <nd ref="8318420911"/>
    <nd ref="8318420910"/>
    <nd ref="8318420909"/>
    <nd ref="8318420908"/>
    <nd ref="8318420907"/>
    <nd ref="8318420906"/>
    <nd ref="8318420905"/>
    <nd ref="8318420904"/>
    <nd ref="8318420903"/>
    <nd ref="8318420902"/>
    <nd ref="8318420901"/>
    <nd ref="8318420900"/>
    <nd ref="8318420899"/>
    <nd ref="8318420898"/>
    <nd ref="8318420897"/>
    <nd ref="8318420896"/>
    <nd ref="8318420895"/>
    <nd ref="8318420894"/>
    <nd ref="8318420893"/>
    <nd ref="8318420892"/>
    <nd ref="8318420891"/>
    <nd ref="8318420890"/>
    <nd ref="8318420889"/>
    <nd ref="8318420888"/>
    <nd ref="8318420887"/>
    <nd ref="8318420886"/>
    <nd ref="8318420885"/>
    <nd ref="8318420884"/>
    <nd ref="8318420883"/>
    <nd ref="8318420882"/>
    <nd ref="8318420881"/>
    <nd ref="8318420880"/>
    <nd ref="8318420879"/>
    <nd ref="8318420878"/>
    <nd ref="8318420877"/>
    <nd ref="8318420876"/>
    <nd ref="8318420875"/>
    <nd ref="8318420874"/>
    <nd ref="8318420873"/>
    <nd ref="8318420872"/>
    <nd ref="8318420870"/>
    <nd ref="8318420871"/>
    <nd ref="8318420869"/>
    <nd ref="8318420868"/>
    <nd ref="8318420867"/>
    <nd ref="8318420866"/>
    <nd ref="8318420865"/>
    <nd ref="8318420864"/>
    <nd ref="8318420863"/>
    <nd ref="8318420862"/>
    <nd ref="8318420861"/>
    <nd ref="8318420860"/>
    <nd ref="8318420859"/>
    <nd ref="8318420858"/>
    <nd ref="8318420857"/>
    <nd ref="8318420856"/>
    <nd ref="8318420855"/>
    <nd ref="8318420854"/>
    <nd ref="8318420853"/>
    <nd ref="8318420852"/>
    <nd ref="8318420851"/>
    <nd ref="8318420850"/>
    <nd ref="8318420849"/>
    <nd ref="8318420848"/>
    <tag k="highway" v="unclassified"/>
  </way>
  <way id="894906207">
    <nd ref="8318458237"/>
    <nd ref="8318457945"/>
    <nd ref="8318457944"/>
    <nd ref="8318457943"/>
    <nd ref="8318457942"/>
    <nd ref="8318457941"/>
    <nd ref="8318457940"/>
    <nd ref="8318457939"/>
    <nd ref="8318456777"/>
    <tag k="highway" v="track"/>
  </way>
  <way id="894906254">
    <nd ref="8318458970"/>
    <nd ref="8318458959"/>
    <nd ref="8318458958"/>
    <nd ref="8318458957"/>
    <nd ref="8318458956"/>
    <nd ref="8318458955"/>
    <nd ref="8318458954"/>
    <nd ref="8318458953"/>
    <nd ref="8318458952"/>
    <nd ref="8318458951"/>
    <nd ref="8318458950"/>
    <nd ref="8318458949"/>
    <nd ref="8318458948"/>
    <nd ref="8318458947"/>
    <nd ref="8318458946"/>
    <nd ref="8318458945"/>
    <nd ref="8318458944"/>
    <nd ref="8318458943"/>
    <nd ref="8318458942"/>
    <nd ref="8318458941"/>
    <nd ref="8318458940"/>
    <nd ref="8318458939"/>
    <nd ref="8318458924"/>
    <nd ref="8318458923"/>
    <nd ref="8318458922"/>
    <nd ref="8318458921"/>
    <nd ref="8318458920"/>
    <nd ref="8318458919"/>
    <nd ref="8318458918"/>
    <nd ref="8318458917"/>
    <nd ref="8318457916"/>
    <nd ref="8318457915"/>
    <nd ref="8318457914"/>
    <nd ref="8318457913"/>
    <nd ref="8318457912"/>
    <nd ref="8318457911"/>
    <nd ref="8318457910"/>
    <nd ref="8318457909"/>
    <nd ref="8318457908"/>
    <nd ref="8318457907"/>
    <nd ref="8318457906"/>
    <nd ref="8318457905"/>
    <nd ref="8318457904"/>
    <nd ref="8318458837"/>
    <nd ref="8318458836"/>
    <nd ref="8318458835"/>
    <nd ref="8318458834"/>
    <nd ref="8318458833"/>
    <nd ref="8318458832"/>
    <nd ref="8318458831"/>
    <nd ref="8318458830"/>
    <nd ref="8318458829"/>
    <nd ref="8318458828"/>
    <nd ref="8318458827"/>
    <nd ref="8318458826"/>
    <nd ref="8318458825"/>
    <nd ref="8318458824"/>
    <nd ref="8318458823"/>
    <nd ref="8318458822"/>
    <nd ref="8318458821"/>
    <nd ref="8318458820"/>
    <nd ref="8318458819"/>
    <nd ref="8318458818"/>
    <nd ref="8318458817"/>
    <nd ref="8318458816"/>
    <nd ref="8318458815"/>
    <nd ref="8318458814"/>
    <nd ref="8318458813"/>
    <nd ref="8318458812"/>
    <nd ref="8318458811"/>
    <nd ref="8318458810"/>
    <nd ref="8318458809"/>
    <nd ref="8318458808"/>
    <nd ref="8318458807"/>
    <nd ref="8318458806"/>
    <nd ref="8318458805"/>
    <nd ref="8318458804"/>
    <nd ref="8318458803"/>
    <nd ref="8318458802"/>
    <nd ref="8318458801"/>
    <nd ref="8318458800"/>
    <nd ref="8318458799"/>
    <nd ref="8318458798"/>
    <nd ref="8318458797"/>
    <nd ref="8318458796"/>
    <nd ref="8318458795"/>
    <nd ref="8318458794"/>
    <nd ref="8318458793"/>
    <nd ref="8318458792"/>
    <nd ref="8318458791"/>
    <nd ref="8318458790"/>
    <nd ref="8318458789"/>
    <nd ref="8318458788"/>
    <nd ref="8318458787"/>
    <nd ref="8318458786"/>
    <nd ref="8318458785"/>
    <nd ref="8318458784"/>
    <nd ref="8318458783"/>
    <nd ref="8318458782"/>
    <nd ref="8318458781"/>
    <nd ref="8318458780"/>
    <nd ref="8318458779"/>
    <nd ref="8318458778"/>
    <nd ref="8318458777"/>
    <nd ref="8318458776"/>
    <nd ref="8318458775"/>
    <nd ref="8318458774"/>
    <nd ref="8318458773"/>
    <nd ref="8318458772"/>
    <nd ref="8318458771"/>
    <nd ref="8318458770"/>
    <nd ref="8318458769"/>
    <nd ref="8318458768"/>
    <nd ref="8318458767"/>
    <nd ref="8318458766"/>
    <nd ref="8318458765"/>
    <nd ref="8318458764"/>
    <nd ref="8318458763"/>
    <nd ref="8318458762"/>
    <nd ref="8318458761"/>
    <nd ref="8318458760"/>
    <nd ref="8318458759"/>
    <nd ref="8318458758"/>
    <nd ref="8318458757"/>
    <nd ref="8318458756"/>
    <nd ref="8318458755"/>
    <nd ref="8318458754"/>
    <nd ref="8318458753"/>
    <nd ref="8318458752"/>
    <nd ref="8318458751"/>
    <nd ref="8318458750"/>
    <nd ref="8318458749"/>
    <nd ref="8318458748"/>
    <nd ref="8318458747"/>
    <nd ref="8318458746"/>
    <nd ref="8318458745"/>
    <nd ref="8318458744"/>
    <nd ref="8318458743"/>
    <nd ref="8318458742"/>
    <nd ref="8318458741"/>
    <nd ref="8318458740"/>
    <nd ref="8318458739"/>
    <nd ref="8318458738"/>
    <nd ref="8318458737"/>
    <nd ref="8318458736"/>
    <nd ref="8318458735"/>
    <nd ref="8318458734"/>
    <nd ref="8318458733"/>
    <nd ref="8318458732"/>
    <nd ref="8318458731"/>
    <nd ref="8318458730"/>
    <nd ref="8318458729"/>
    <nd ref="8318458728"/>
    <nd ref="8318458727"/>
    <nd ref="8318458726"/>
    <nd ref="8318458725"/>
    <nd ref="8318458723"/>
    <nd ref="8318458724"/>
    <nd ref="8318458722"/>
    <nd ref="8318458721"/>
    <nd ref="8318458720"/>
    <nd ref="8318458719"/>
    <nd ref="8318458718"/>
    <nd ref="8318458717"/>
    <nd ref="8318458716"/>
    <nd ref="8318458715"/>
    <nd ref="8318458714"/>
    <nd ref="8318458713"/>
    <nd ref="8318458712"/>
    <nd ref="8318458711"/>
    <nd ref="8318458710"/>
    <nd ref="8318458709"/>
    <nd ref="8318458708"/>
    <nd ref="8318458707"/>
    <nd ref="8318458706"/>
    <nd ref="8318458705"/>
    <nd ref="8318458704"/>
    <nd ref="8318458703"/>
    <nd ref="8318458702"/>
    <nd ref="8318458701"/>
    <nd ref="8318458700"/>
    <nd ref="8318458699"/>
    <nd ref="8318458698"/>
    <nd ref="8318458697"/>
    <nd ref="8318458696"/>
    <nd ref="8318458695"/>
    <nd ref="8318458694"/>
    <nd ref="8318458693"/>
    <nd ref="8318458692"/>
    <nd ref="8318458691"/>
    <nd ref="8318458690"/>
    <nd ref="8318458689"/>
    <nd ref="8318458688"/>
    <nd ref="8318458687"/>
    <nd ref="8318458686"/>
    <nd ref="8318458685"/>
    <nd ref="8318458684"/>
    <nd ref="8318458683"/>
    <nd ref="8318458682"/>
    <nd ref="8318458681"/>
    <nd ref="8318458680"/>
    <nd ref="8318458679"/>
    <nd ref="8318458678"/>
    <nd ref="8318458677"/>
    <nd ref="8318458676"/>
    <tag k="highway" v="unclassified"/>
  </way>
  <way id="894906255">
    <nd ref="8318458977"/>
    <nd ref="8318458972"/>
    <nd ref="8318458971"/>
    <nd ref="8318458970"/>
    <nd ref="8318458969"/>
    <nd ref="8318458968"/>
    <nd ref="8318458967"/>
    <nd ref="8318458966"/>
    <nd ref="8318458965"/>
    <nd ref="8318458964"/>
    <nd ref="8318458963"/>
    <nd ref="8318458962"/>
    <nd ref="8318458961"/>
    <nd ref="8318458960"/>
    <tag k="highway" v="residential"/>
  </way>
  <way id="894906256">
    <nd ref="4762217496"/>
    <nd ref="8318458980"/>
    <nd ref="8318458979"/>
    <nd ref="8318458978"/>
    <nd ref="8318458977"/>
    <nd ref="8318458976"/>
    <nd ref="8318458975"/>
    <nd ref="8318458974"/>
    <nd ref="8318458973"/>
    <tag k="highway" v="residential"/>
  </way>
  <way id="894906257">
    <nd ref="4446857523"/>
    <nd ref="8318458986"/>
    <nd ref="8318458985"/>
    <nd ref="8318458984"/>
    <nd ref="8318458983"/>
    <nd ref="8318458982"/>
    <nd ref="8318458981"/>
    <tag k="highway" v="residential"/>
  </way>
  <way id="894906258">
    <nd ref="4446857507"/>
    <nd ref="8318458990"/>
    <nd ref="4762217495"/>
    <nd ref="4762217496"/>
    <nd ref="4762217497"/>
    <nd ref="8318458989"/>
    <nd ref="8318458988"/>
    <nd ref="8318458987"/>
    <tag k="highway" v="residential"/>
  </way>
  <way id="995995521">
    <nd ref="9196052530"/>
    <nd ref="9196910823"/>
    <nd ref="9196910824"/>
    <nd ref="9196910825"/>
    <nd ref="9196910826"/>
    <nd ref="9196910837"/>
    <nd ref="9196910827"/>
    <nd ref="9196910828"/>
    <nd ref="9196910829"/>
    <nd ref="9196910830"/>
    <nd ref="9196910831"/>
    <nd ref="9196910832"/>
    <nd ref="9196910833"/>
    <nd ref="9196910834"/>
    <nd ref="9196910822"/>
    <nd ref="9196910835"/>
    <nd ref="9196910836"/>
    <tag k="highway" v="track"/>
  </way>
  <way id="995995522">
    <nd ref="9196820079"/>
    <nd ref="9196910843"/>
    <nd ref="9196910844"/>
    <nd ref="9196910845"/>
    <nd ref="9196910846"/>
    <tag k="highway" v="track"/>
  </way>
  <way id="996090180">
    <nd ref="9197838630"/>
    <nd ref="9197838631"/>
    <nd ref="9197838632"/>
    <nd ref="9197838633"/>
    <nd ref="9197838634"/>
    <nd ref="9197838635"/>
    <nd ref="9197838636"/>
    <nd ref="9197838637"/>
    <nd ref="9197838638"/>
    <nd ref="9197838639"/>
    <nd ref="9197838640"/>
    <nd ref="9197838641"/>
    <nd ref="9197838642"/>
    <nd ref="9197838643"/>
    <nd ref="9197838644"/>
    <nd ref="9197838645"/>
    <nd ref="9197838646"/>
    <nd ref="9197838647"/>
    <nd ref="9197838648"/>
    <nd ref="9197838649"/>
    <nd ref="9197838650"/>
    <nd ref="9197838651"/>
    <nd ref="9197838652"/>
    <nd ref="9197838653"/>
    <nd ref="9197838654"/>
    <nd ref="9197838655"/>
    <nd ref="9197838656"/>
    <nd ref="9197838657"/>
    <nd ref="9197838658"/>
    <nd ref="9197838659"/>
    <nd ref="9197838660"/>
    <nd ref="9197838661"/>
    <nd ref="9197838662"/>
    <nd ref="9197838663"/>
    <nd ref="9197838664"/>
    <nd ref="9197838665"/>
    <nd ref="9197838666"/>
    <nd ref="9197838667"/>
    <nd ref="9197838668"/>
    <nd ref="9197838669"/>
    <nd ref="9197838670"/>
    <nd ref="9197838671"/>
    <nd ref="9197838672"/>
    <nd ref="9197838673"/>
    <nd ref="9197838674"/>
    <nd ref="9197838675"/>
    <nd ref="9197838676"/>
    <nd ref="9197838677"/>
    <nd ref="9197838678"/>
    <nd ref="9197838679"/>
    <nd ref="9197838680"/>
    <nd ref="9197838681"/>
    <nd ref="9197838682"/>
    <nd ref="9197838683"/>
    <nd ref="9197838684"/>
    <nd ref="9197838685"/>
    <nd ref="9197838686"/>
    <nd ref="9197838687"/>
    <nd ref="9197838688"/>
    <nd ref="9197838689"/>
    <nd ref="9197838690"/>
    <nd ref="9197838691"/>
    <nd ref="9197838692"/>
    <nd ref="9197838693"/>
    <nd ref="9197838694"/>
    <nd ref="9197838695"/>
    <nd ref="9197838696"/>
    <nd ref="9197838697"/>
    <nd ref="9197838698"/>
    <nd ref="9197838699"/>
    <nd ref="9197838700"/>
    <nd ref="9197838701"/>
    <nd ref="9197838702"/>
    <nd ref="9197838703"/>
    <nd ref="9197838704"/>
    <nd ref="9197838705"/>
    <nd ref="9197838706"/>
    <nd ref="9197838707"/>
    <nd ref="9197838708"/>
    <nd ref="9197838709"/>
    <nd ref="9197838710"/>
    <nd ref="9197838711"/>
    <nd ref="9197838712"/>
    <nd ref="9197838713"/>
    <nd ref="9197838714"/>
    <nd ref="9197838715"/>
    <nd ref="9197838716"/>
    <nd ref="9197838717"/>
    <nd ref="9197838718"/>
    <nd ref="9197838719"/>
    <nd ref="9197838720"/>
    <nd ref="9197838721"/>
    <nd ref="9197838722"/>
    <nd ref="9197838723"/>
    <nd ref="9197838724"/>
    <nd ref="9197838725"/>
    <nd ref="9197838726"/>
    <nd ref="9197838727"/>
    <nd ref="9197838728"/>
    <nd ref="9197838729"/>
    <nd ref="9197838730"/>
    <nd ref="9197838731"/>
    <nd ref="9197838732"/>
    <nd ref="9197838733"/>
    <nd ref="9197838734"/>
    <nd ref="9197838735"/>
    <nd ref="9197838736"/>
    <nd ref="9197838737"/>
    <nd ref="9197838738"/>
    <nd ref="9197838739"/>
    <nd ref="9197838740"/>
    <nd ref="9197838741"/>
    <nd ref="9197838742"/>
    <nd ref="9197838743"/>
    <nd ref="9197838744"/>
    <nd ref="9197838745"/>
    <nd ref="9197838746"/>
    <nd ref="9197838747"/>
    <nd ref="9197838748"/>
    <nd ref="9197838749"/>
    <nd ref="9197838750"/>
    <nd ref="9197838751"/>
    <nd ref="9197838752"/>
    <nd ref="9197838753"/>
    <nd ref="9197838754"/>
    <nd ref="9197838755"/>
    <nd ref="9197838756"/>
    <nd ref="9197838757"/>
    <nd ref="9197838758"/>
    <nd ref="9197838759"/>
    <nd ref="9197838760"/>
    <nd ref="9197838761"/>
    <nd ref="9197838762"/>
    <nd ref="9197838763"/>
    <nd ref="9197838764"/>
    <nd ref="9197838765"/>
    <nd ref="9197838766"/>
    <nd ref="9197838767"/>
    <nd ref="9197838768"/>
    <nd ref="9197838769"/>
    <nd ref="9197838770"/>
    <nd ref="9197838771"/>
    <nd ref="9197838772"/>
    <nd ref="9197838773"/>
    <nd ref="9197838774"/>
    <nd ref="4720356307"/>
    <nd ref="9197838775"/>
    <nd ref="9197838776"/>
    <nd ref="9197838777"/>
    <nd ref="9197838778"/>
    <nd ref="9197838779"/>
    <nd ref="9197838780"/>
    <nd ref="9197838781"/>
    <nd ref="9197838782"/>
    <nd ref="9197838783"/>
    <nd ref="9197838784"/>
    <nd ref="9197838785"/>
    <nd ref="9197838786"/>
    <nd ref="9197838787"/>
    <nd ref="9197838788"/>
    <nd ref="9197838789"/>
    <nd ref="9197838790"/>
    <nd ref="9197838791"/>
    <nd ref="9197838792"/>
    <nd ref="9197838793"/>
    <nd ref="9197838794"/>
    <nd ref="9197838795"/>
    <nd ref="9197838796"/>
    <nd ref="9197838797"/>
    <nd ref="9197838798"/>
    <nd ref="9197838799"/>
    <nd ref="9197838800"/>
    <nd ref="9197838801"/>
    <nd ref="9197838802"/>
    <nd ref="9197838803"/>
    <nd ref="9197838804"/>
    <nd ref="9197838805"/>
    <nd ref="9197838806"/>
    <nd ref="9197838807"/>
    <nd ref="9197838808"/>
    <nd ref="9197838809"/>
    <nd ref="9197838810"/>
    <nd ref="9197838811"/>
    <nd ref="9197838812"/>
    <nd ref="9197838813"/>
    <nd ref="9197838814"/>
    <nd ref="9197838815"/>
    <nd ref="9197838816"/>
    <nd ref="9197838817"/>
    <nd ref="9197838818"/>
    <nd ref="9197838819"/>
    <nd ref="9197838820"/>
    <nd ref="9197838821"/>
    <nd ref="9197838822"/>
    <nd ref="9197838823"/>
    <nd ref="9197838824"/>
    <nd ref="9197838825"/>
    <nd ref="9197838826"/>
    <nd ref="9197838827"/>
    <nd ref="9197838828"/>
    <nd ref="9197838829"/>
    <nd ref="9197838830"/>
    <nd ref="9197838831"/>
    <nd ref="9197838832"/>
    <nd ref="9197838833"/>
    <nd ref="9197838834"/>
    <nd ref="9197838835"/>
    <nd ref="9197838836"/>
    <nd ref="9197838837"/>
    <nd ref="9197838838"/>
    <nd ref="9197838839"/>
    <nd ref="9197838840"/>
    <nd ref="9197838841"/>
    <nd ref="9197838842"/>
    <nd ref="9197838843"/>
    <nd ref="9197838844"/>
    <nd ref="9197838845"/>
    <nd ref="9197838846"/>
    <nd ref="9197838847"/>
    <nd ref="9197838848"/>
    <nd ref="9197838849"/>
    <nd ref="9197838850"/>
    <nd ref="9197838851"/>
    <nd ref="9197838852"/>
    <nd ref="9197838853"/>
    <nd ref="9197838854"/>
    <nd ref="9197838855"/>
    <nd ref="9197838856"/>
    <nd ref="9197838857"/>
    <nd ref="9197838858"/>
    <nd ref="9197838859"/>
    <nd ref="9197838860"/>
    <nd ref="9197838861"/>
    <nd ref="9197838862"/>
    <nd ref="9197838863"/>
    <nd ref="9197838864"/>
    <nd ref="9197838865"/>
    <nd ref="9197838866"/>
    <nd ref="9197838867"/>
    <nd ref="9197838868"/>
    <nd ref="9197838869"/>
    <nd ref="9197838870"/>
    <nd ref="9197838902"/>
    <nd ref="9197838871"/>
    <tag k="highway" v="track"/>
  </way>
  <way id="996090181">
    <nd ref="9196819888"/>
    <nd ref="9197830508"/>
    <nd ref="9197830509"/>
    <nd ref="9197830510"/>
    <nd ref="9197830511"/>
    <nd ref="9197830512"/>
    <nd ref="9197830513"/>
    <nd ref="9197830514"/>
    <nd ref="9197830515"/>
    <nd ref="9197830516"/>
    <nd ref="9197838517"/>
    <nd ref="9197838518"/>
    <nd ref="9197838519"/>
    <nd ref="9197838520"/>
    <nd ref="9197838521"/>
    <nd ref="9197838522"/>
    <nd ref="9197838523"/>
    <nd ref="9197838524"/>
    <nd ref="9197838525"/>
    <nd ref="9197838526"/>
    <nd ref="9197838527"/>
    <nd ref="9197838528"/>
    <nd ref="9197838529"/>
    <nd ref="9197838530"/>
    <nd ref="9197838531"/>
    <nd ref="9197838532"/>
    <nd ref="9197839120"/>
    <nd ref="9197838533"/>
    <nd ref="9197838534"/>
    <nd ref="9197838535"/>
    <nd ref="9197838536"/>
    <nd ref="9197838537"/>
    <nd ref="9197838538"/>
    <nd ref="9197838539"/>
    <nd ref="9197838540"/>
    <nd ref="9197838541"/>
    <nd ref="9197838542"/>
    <nd ref="9197838543"/>
    <nd ref="9197838544"/>
    <nd ref="9197838545"/>
    <nd ref="9197838546"/>
    <nd ref="9197838547"/>
    <nd ref="9197838548"/>
    <nd ref="9197838549"/>
    <nd ref="9197838550"/>
    <nd ref="9197838551"/>
    <nd ref="9197838552"/>
    <nd ref="9197838553"/>
    <nd ref="9197838554"/>
    <nd ref="9197838555"/>
    <nd ref="9197838556"/>
    <nd ref="9197838557"/>
    <nd ref="9197838558"/>
    <nd ref="9197838559"/>
    <nd ref="9197838560"/>
    <nd ref="9197838561"/>
    <nd ref="9197838562"/>
    <nd ref="9197838563"/>
    <nd ref="9197838564"/>
    <nd ref="9197838565"/>
    <nd ref="9197838566"/>
    <nd ref="9197838567"/>
    <nd ref="9197838568"/>
    <nd ref="9197838569"/>
    <nd ref="9197838570"/>
    <nd ref="9197838571"/>
    <nd ref="9197838572"/>
    <nd ref="9197838573"/>
    <nd ref="9197838574"/>
    <nd ref="9197838575"/>
    <nd ref="9197838576"/>
    <nd ref="9197838577"/>
    <nd ref="9197838578"/>
    <nd ref="9197838579"/>
    <nd ref="9197838580"/>
    <nd ref="9197838581"/>
    <nd ref="9197838582"/>
    <nd ref="9197838583"/>
    <nd ref="9197838584"/>
    <nd ref="9197838585"/>
    <nd ref="9197838586"/>
    <nd ref="9197838587"/>
    <nd ref="9197838588"/>
    <nd ref="9197838589"/>
    <nd ref="9197838590"/>
    <nd ref="9197838591"/>
    <nd ref="9197838592"/>
    <nd ref="9197838593"/>
    <nd ref="9197838594"/>
    <nd ref="9197838595"/>
    <nd ref="9197838596"/>
    <nd ref="9197838597"/>
    <nd ref="9197838598"/>
    <nd ref="9197838599"/>
    <nd ref="9197838600"/>
    <nd ref="9197838601"/>
    <nd ref="9197838602"/>
    <nd ref="9197838603"/>
    <nd ref="9197838604"/>
    <nd ref="9197838605"/>
    <nd ref="9197838606"/>
    <nd ref="9197838607"/>
    <nd ref="9197838608"/>
    <nd ref="9197838609"/>
    <nd ref="9197838610"/>
    <nd ref="9197838611"/>
    <nd ref="9197838612"/>
    <nd ref="9197838613"/>
    <nd ref="9197838614"/>
    <nd ref="9197838615"/>
    <nd ref="9197838616"/>
    <nd ref="9197838617"/>
    <nd ref="9197838618"/>
    <nd ref="9197838619"/>
    <nd ref="9197838620"/>
    <nd ref="9197838621"/>
    <nd ref="9197838622"/>
    <nd ref="9197838623"/>
    <nd ref="9197838624"/>
    <nd ref="9197838625"/>
    <nd ref="9197838626"/>
    <nd ref="9197838627"/>
    <nd ref="9197838628"/>
    <nd ref="9197838629"/>
    <nd ref="9197838630"/>
    <nd ref="9197838872"/>
    <nd ref="9197838873"/>
    <nd ref="9197838874"/>
    <nd ref="9197838875"/>
    <nd ref="9197838876"/>
    <nd ref="9197838877"/>
    <nd ref="9197838878"/>
    <nd ref="9197838879"/>
    <nd ref="9197838880"/>
    <nd ref="9197838881"/>
    <nd ref="9197838882"/>
    <nd ref="9197838883"/>
    <nd ref="9197838884"/>
    <nd ref="9197838885"/>
    <nd ref="9197839241"/>
    <nd ref="9197838886"/>
    <nd ref="9197838887"/>
    <nd ref="9197838888"/>
    <nd ref="9197838889"/>
    <nd ref="9197838890"/>
    <nd ref="9197838891"/>
    <nd ref="9197838892"/>
    <nd ref="9197838893"/>
    <nd ref="9197838894"/>
    <nd ref="9197838895"/>
    <nd ref="9197839218"/>
    <nd ref="9197838896"/>
    <nd ref="9197838897"/>
    <nd ref="9197838898"/>
    <nd ref="9197838899"/>
    <nd ref="9197838871"/>
    <nd ref="9197838900"/>
    <nd ref="9197838901"/>
    <nd ref="9197838903"/>
    <nd ref="9197838904"/>
    <nd ref="9197838905"/>
    <nd ref="9197838906"/>
    <nd ref="9197838907"/>
    <nd ref="9197838908"/>
    <nd ref="9197838909"/>
    <nd ref="9197838910"/>
    <nd ref="9197838911"/>
    <nd ref="9197838912"/>
    <nd ref="9197838913"/>
    <nd ref="9197838914"/>
    <nd ref="9197838915"/>
    <nd ref="9197838916"/>
    <nd ref="9197838917"/>
    <nd ref="9197838918"/>
    <nd ref="9197838919"/>
    <nd ref="9197838920"/>
    <nd ref="9197838921"/>
    <nd ref="9197838922"/>
    <nd ref="9197838923"/>
    <nd ref="9197838924"/>
    <nd ref="9197838925"/>
    <nd ref="9197838926"/>
    <nd ref="9197838927"/>
    <nd ref="9197838928"/>
    <nd ref="9197838929"/>
    <nd ref="9197838930"/>
    <nd ref="9197838931"/>
    <nd ref="9197838932"/>
    <nd ref="9197838933"/>
    <nd ref="9197838934"/>
    <nd ref="9197838935"/>
    <nd ref="9197838936"/>
    <nd ref="9197838937"/>
    <nd ref="9197838938"/>
    <nd ref="9197838939"/>
    <nd ref="9197838940"/>
    <nd ref="9197838941"/>
    <nd ref="9197838942"/>
    <nd ref="9197838943"/>
    <nd ref="9197838944"/>
    <nd ref="9197838945"/>
    <nd ref="9197838946"/>
    <nd ref="9197838947"/>
    <nd ref="9197838948"/>
    <nd ref="9197838949"/>
    <nd ref="9197838950"/>
    <nd ref="9197838951"/>
    <nd ref="9197838952"/>
    <nd ref="9197838953"/>
    <nd ref="9197838954"/>
    <nd ref="9197838955"/>
    <nd ref="9197838956"/>
    <nd ref="9197838957"/>
    <nd ref="9197838958"/>
    <nd ref="9197838959"/>
    <nd ref="9197838960"/>
    <nd ref="9197838961"/>
    <nd ref="9197838962"/>
    <nd ref="9197838963"/>
    <nd ref="9197838964"/>
    <nd ref="9197838965"/>
    <nd ref="9197838966"/>
    <nd ref="9197838967"/>
    <nd ref="9197838968"/>
    <nd ref="9197838969"/>
    <nd ref="9197838970"/>
    <nd ref="9197838971"/>
    <nd ref="9197838972"/>
    <nd ref="9197838973"/>
    <nd ref="9197838974"/>
    <nd ref="9197838975"/>
    <nd ref="9197838976"/>
    <nd ref="9197838977"/>
    <nd ref="9197838978"/>
    <nd ref="9197838979"/>
    <nd ref="9197838980"/>
    <nd ref="9197838981"/>
    <nd ref="9197838982"/>
    <nd ref="9197838983"/>
    <nd ref="9197838984"/>
    <nd ref="9197838985"/>
    <nd ref="9197838986"/>
    <nd ref="9197838987"/>
    <nd ref="9197838988"/>
    <nd ref="9197838989"/>
    <nd ref="9197838990"/>
    <nd ref="9197838991"/>
    <nd ref="9197838992"/>
    <nd ref="9197838993"/>
    <nd ref="9197838994"/>
    <nd ref="9197838995"/>
    <nd ref="9197838996"/>
    <nd ref="9197838997"/>
    <nd ref="9197838998"/>
    <nd ref="9197838999"/>
    <nd ref="9197839000"/>
    <nd ref="9197839001"/>
    <nd ref="9197839002"/>
    <nd ref="9197839003"/>
    <nd ref="9197839004"/>
    <nd ref="9197839005"/>
    <nd ref="9197839006"/>
    <nd ref="9197839007"/>
    <nd ref="9197839008"/>
    <nd ref="9197839009"/>
    <nd ref="9197839010"/>
    <nd ref="9197839011"/>
    <nd ref="9197839012"/>
    <nd ref="9197839013"/>
    <nd ref="9197839014"/>
    <nd ref="9197839015"/>
    <nd ref="9197839016"/>
    <nd ref="9197839017"/>
    <nd ref="9197839018"/>
    <nd ref="9197839019"/>
    <nd ref="9197839020"/>
    <nd ref="9197839021"/>
    <nd ref="9197839022"/>
    <nd ref="9197839023"/>
    <nd ref="9197839024"/>
    <nd ref="9197839025"/>
    <nd ref="9197839026"/>
    <nd ref="9197839027"/>
    <nd ref="9197839028"/>
    <nd ref="9197839029"/>
    <nd ref="9197839030"/>
    <nd ref="9197839031"/>
    <nd ref="9197839032"/>
    <nd ref="9197839033"/>
    <nd ref="9197839034"/>
    <nd ref="9197839035"/>
    <nd ref="9197839036"/>
    <nd ref="9197839037"/>
    <nd ref="9197839038"/>
    <nd ref="9197839039"/>
    <nd ref="9197839040"/>
    <nd ref="9197839041"/>
    <nd ref="9197839042"/>
    <nd ref="9197839043"/>
    <nd ref="9197839044"/>
    <nd ref="9197839045"/>
    <nd ref="9197839046"/>
    <nd ref="9197839047"/>
    <nd ref="9197839048"/>
    <nd ref="9197839049"/>
    <nd ref="9197839050"/>
    <nd ref="9197839051"/>
    <nd ref="9197839052"/>
    <nd ref="9197839053"/>
    <nd ref="9197839054"/>
    <nd ref="9197839055"/>
    <nd ref="9197839056"/>
    <nd ref="9197839057"/>
    <nd ref="9197839058"/>
    <nd ref="9197839059"/>
    <nd ref="9197839060"/>
    <nd ref="9197839061"/>
    <nd ref="9197839062"/>
    <nd ref="9197839063"/>
    <nd ref="9197839064"/>
    <nd ref="9197839065"/>
    <nd ref="9197839066"/>
    <nd ref="9197839067"/>
    <nd ref="9197839068"/>
    <nd ref="9197839069"/>
    <nd ref="9197839070"/>
    <nd ref="9197839071"/>
    <nd ref="9197839072"/>
    <nd ref="9197839073"/>
    <nd ref="9197839074"/>
    <nd ref="9197839075"/>
    <nd ref="9197839076"/>
    <nd ref="9197839077"/>
    <nd ref="9197839078"/>
    <nd ref="9197839079"/>
    <nd ref="9197839080"/>
    <nd ref="9197839081"/>
    <nd ref="9197830507"/>
    <nd ref="9197830506"/>
    <nd ref="9197830505"/>
    <nd ref="9197830504"/>
    <nd ref="9197830503"/>
    <nd ref="9197830502"/>
    <nd ref="9197830501"/>
    <nd ref="9197830500"/>
    <nd ref="9197830499"/>
    <nd ref="9197830498"/>
    <nd ref="9197830497"/>
    <nd ref="9197830496"/>
    <nd ref="9197830495"/>
    <nd ref="9197830494"/>
    <nd ref="9197830493"/>
    <nd ref="9197830492"/>
    <nd ref="9197830491"/>
    <nd ref="9197830490"/>
    <nd ref="9197830489"/>
    <nd ref="9197839268"/>
    <nd ref="9197830488"/>
    <nd ref="9197830487"/>
    <nd ref="9197830486"/>
    <nd ref="9197830485"/>
    <nd ref="9197830484"/>
    <nd ref="9197830483"/>
    <nd ref="9197830482"/>
    <nd ref="9197830481"/>
    <nd ref="9197830480"/>
    <nd ref="9197830479"/>
    <nd ref="3325086612"/>
    <nd ref="9197830478"/>
    <nd ref="9196819921"/>
    <tag k="bicycle" v="yes"/>
    <tag k="foot" v="yes"/>
    <tag k="highway" v="track"/>
    <tag k="horse" v="yes"/>
    <tag k="motor_vehicle" v="yes"/>
    <tag k="tracktype" v="grade1"/>
  </way>
  <way id="996090184">
    <nd ref="9197838547"/>
    <nd ref="9197839102"/>
    <nd ref="9197839103"/>
    <nd ref="9197839104"/>
    <nd ref="9197839105"/>
    <nd ref="9197839106"/>
    <nd ref="9197839107"/>
    <nd ref="9197839108"/>
    <nd ref="9197839109"/>
    <nd ref="9197839110"/>
    <nd ref="9197839111"/>
    <nd ref="9197839112"/>
    <nd ref="9197839113"/>
    <nd ref="9197839114"/>
    <nd ref="9197839115"/>
    <nd ref="9197839116"/>
    <nd ref="9197839117"/>
    <nd ref="9197839118"/>
    <nd ref="9197839119"/>
    <tag k="highway" v="track"/>
  </way>
  <way id="996090185">
    <nd ref="9197839120"/>
    <nd ref="9197839121"/>
    <nd ref="9197839122"/>
    <nd ref="9197839123"/>
    <nd ref="9197839124"/>
    <nd ref="9197839125"/>
    <nd ref="9197839126"/>
    <nd ref="9197839127"/>
    <nd ref="9197839128"/>
    <nd ref="9197839129"/>
    <nd ref="9197839130"/>
    <nd ref="9197839131"/>
    <nd ref="9197839132"/>
    <nd ref="9197839133"/>
    <nd ref="9197839134"/>
    <nd ref="9197839135"/>
    <nd ref="9197839136"/>
    <nd ref="9197839137"/>
    <nd ref="9197839138"/>
    <nd ref="9197839139"/>
    <nd ref="9197839140"/>
    <nd ref="9197839141"/>
    <nd ref="9197839142"/>
    <nd ref="9197839143"/>
    <nd ref="9197839144"/>
    <nd ref="9197839145"/>
    <nd ref="9197839146"/>
    <nd ref="9197839148"/>
    <nd ref="9197839147"/>
    <tag k="highway" v="track"/>
  </way>
  <way id="996090186">
    <nd ref="9197839081"/>
    <nd ref="9197839149"/>
    <nd ref="9197839150"/>
    <nd ref="9197839151"/>
    <nd ref="9197839152"/>
    <nd ref="9197839153"/>
    <nd ref="9197839157"/>
    <nd ref="9197839154"/>
    <nd ref="9197839155"/>
    <nd ref="9197839156"/>
    <tag k="highway" v="track"/>
  </way>
  <way id="996090187">
    <nd ref="9197839062"/>
    <nd ref="9197839158"/>
    <nd ref="9197839167"/>
    <nd ref="9197839159"/>
    <nd ref="9197839160"/>
    <nd ref="9197839161"/>
    <nd ref="9197839162"/>
    <nd ref="9197839163"/>
    <nd ref="9197839166"/>
    <nd ref="9197839164"/>
    <nd ref="9197839165"/>
    <tag k="highway" v="track"/>
  </way>
  <way id="996090188">
    <nd ref="9197838897"/>
    <nd ref="9197839168"/>
    <nd ref="9197839169"/>
    <nd ref="9197839170"/>
    <nd ref="9197839171"/>
    <nd ref="9197839172"/>
    <nd ref="9197839173"/>
    <nd ref="9197839174"/>
    <nd ref="9197839175"/>
    <nd ref="9197839176"/>
    <nd ref="9197839177"/>
    <nd ref="9197839178"/>
    <nd ref="9197839179"/>
    <nd ref="9197839180"/>
    <nd ref="9197839181"/>
    <nd ref="9197839182"/>
    <nd ref="9197839183"/>
    <nd ref="9197839184"/>
    <nd ref="9197839185"/>
    <nd ref="9197839186"/>
    <nd ref="9197839187"/>
    <nd ref="9197839188"/>
    <nd ref="9197839189"/>
    <nd ref="9197839190"/>
    <nd ref="9197839191"/>
    <nd ref="9197839192"/>
    <nd ref="9197839193"/>
    <nd ref="9197839194"/>
    <nd ref="9197839195"/>
    <nd ref="9197839196"/>
    <nd ref="9197839197"/>
    <nd ref="9197839198"/>
    <nd ref="9197839199"/>
    <nd ref="9197839200"/>
    <nd ref="9197839201"/>
    <nd ref="9197839202"/>
    <nd ref="9197839203"/>
    <nd ref="9197839207"/>
    <nd ref="9197839204"/>
    <nd ref="9197839205"/>
    <nd ref="9197839206"/>
    <tag k="highway" v="track"/>
  </way>
  <way id="996090189">
    <nd ref="9197839207"/>
    <nd ref="9197839208"/>
    <nd ref="9197839209"/>
    <nd ref="9197839210"/>
    <nd ref="9197839211"/>
    <nd ref="9197839212"/>
    <nd ref="9197839213"/>
    <nd ref="9197839214"/>
    <nd ref="9197839215"/>
    <nd ref="9197839216"/>
    <nd ref="9197839217"/>
    <tag k="highway" v="track"/>
  </way>
  <way id="996090190">
    <nd ref="9197839218"/>
    <nd ref="9197839219"/>
    <nd ref="9197839220"/>
    <nd ref="9197839221"/>
    <nd ref="9197839222"/>
    <nd ref="9197839223"/>
    <nd ref="9197839224"/>
    <nd ref="9197839225"/>
    <nd ref="9197839226"/>
    <nd ref="9197839227"/>
    <nd ref="9197839228"/>
    <nd ref="9197839229"/>
    <nd ref="9197839230"/>
    <nd ref="9197839231"/>
    <nd ref="9197839232"/>
    <nd ref="9197839233"/>
    <nd ref="9197839234"/>
    <nd ref="9197839235"/>
    <nd ref="9197839236"/>
    <nd ref="9197839237"/>
    <nd ref="9197839238"/>
    <nd ref="9197839239"/>
    <nd ref="9197839240"/>
    <tag k="highway" v="track"/>
  </way>
  <way id="996090191">
    <nd ref="9197839241"/>
    <nd ref="9197839242"/>
    <nd ref="9197839243"/>
    <nd ref="9197839244"/>
    <nd ref="9197839245"/>
    <nd ref="9197839246"/>
    <nd ref="9197839247"/>
    <nd ref="9197880928"/>
    <nd ref="9197880929"/>
    <nd ref="9197880930"/>
    <tag k="highway" v="track"/>
  </way>
  <way id="996090192">
    <nd ref="9197839042"/>
    <nd ref="9197839248"/>
    <nd ref="9197839249"/>
    <nd ref="9197839250"/>
    <nd ref="9197839251"/>
    <nd ref="9197839252"/>
    <nd ref="9197839253"/>
    <nd ref="9197839254"/>
    <nd ref="9197839255"/>
    <nd ref="9197839256"/>
    <nd ref="9197839257"/>
    <nd ref="9197839258"/>
    <nd ref="9197839259"/>
    <nd ref="9197839260"/>
    <nd ref="9197839261"/>
    <nd ref="9197839262"/>
    <nd ref="9197839263"/>
    <nd ref="9197839264"/>
    <nd ref="9197839265"/>
    <tag k="highway" v="track"/>
  </way>
  <way id="996090193">
    <nd ref="9197839268"/>
    <nd ref="9197839269"/>
    <nd ref="9197839270"/>
    <nd ref="9197839271"/>
    <nd ref="9197839272"/>
    <nd ref="9197839273"/>
    <nd ref="9197839274"/>
    <nd ref="9197839275"/>
    <nd ref="9197839276"/>
    <nd ref="9197839277"/>
    <nd ref="9197839278"/>
    <tag k="highway" v="track"/>
  </way>
  <way id="996090194">
    <nd ref="9197839279"/>
    <nd ref="9197839287"/>
    <nd ref="9197839280"/>
    <nd ref="9197839281"/>
    <nd ref="9197839282"/>
    <nd ref="9197839283"/>
    <nd ref="9197839284"/>
    <nd ref="9197839285"/>
    <nd ref="9197839286"/>
    <tag k="highway" v="service"/>
    <tag k="service" v="alley"/>
  </way>
  <way id="996090195">
    <nd ref="3325086563"/>
    <nd ref="9197839288"/>
    <nd ref="9197839289"/>
    <nd ref="9197839290"/>
    <nd ref="9197839291"/>
    <nd ref="9197839292"/>
    <nd ref="9197839293"/>
    <nd ref="9197839294"/>
    <nd ref="9197839295"/>
    <nd ref="9197839296"/>
    <nd ref="9197839297"/>
    <nd ref="9197839298"/>
    <nd ref="9197839299"/>
    <nd ref="9197839300"/>
    <nd ref="9197839301"/>
    <nd ref="9197839302"/>
    <nd ref="9197839303"/>
    <nd ref="9197839304"/>
    <nd ref="9197839305"/>
    <nd ref="9197839306"/>
    <nd ref="9197839307"/>
    <nd ref="9197839308"/>
    <nd ref="9197839309"/>
    <nd ref="9197839310"/>
    <nd ref="9197839311"/>
    <nd ref="9197839312"/>
    <nd ref="9197839313"/>
    <nd ref="9197839314"/>
    <nd ref="9197839315"/>
    <nd ref="9197839316"/>
    <nd ref="9197839317"/>
    <nd ref="9197839318"/>
    <nd ref="9197839319"/>
    <nd ref="9197839320"/>
    <nd ref="9197839321"/>
    <nd ref="9197839322"/>
    <nd ref="9197839323"/>
    <nd ref="9197839324"/>
    <nd ref="9197839325"/>
    <nd ref="9197839326"/>
    <nd ref="9197839327"/>
    <nd ref="9197839328"/>
    <nd ref="9197839329"/>
    <nd ref="9197839330"/>
    <nd ref="9197839331"/>
    <nd ref="9197839332"/>
    <nd ref="9197839333"/>
    <nd ref="9197839334"/>
    <nd ref="9197839335"/>
    <nd ref="9197839336"/>
    <nd ref="9197839337"/>
    <nd ref="9197839338"/>
    <nd ref="9197839339"/>
    <nd ref="9197839340"/>
    <nd ref="9197839341"/>
    <nd ref="9197839342"/>
    <nd ref="9197839343"/>
    <nd ref="9197839344"/>
    <nd ref="9197839345"/>
    <nd ref="9197839346"/>
    <nd ref="9197839347"/>
    <nd ref="9197839348"/>
    <nd ref="9197839349"/>
    <nd ref="9197839350"/>
    <nd ref="9197839351"/>
    <nd ref="9197839352"/>
    <nd ref="9197839353"/>
    <nd ref="9197839354"/>
    <nd ref="9197839355"/>
    <nd ref="9197839356"/>
    <nd ref="9197839357"/>
    <nd ref="9197839358"/>
    <nd ref="9197839359"/>
    <nd ref="9197839360"/>
    <nd ref="9197839361"/>
    <nd ref="9197839362"/>
    <nd ref="9197839363"/>
    <nd ref="9197839364"/>
    <nd ref="9197839365"/>
    <nd ref="9197839366"/>
    <nd ref="9197839367"/>
    <nd ref="9197839368"/>
    <nd ref="9197839369"/>
    <nd ref="9197839370"/>
    <nd ref="9197839371"/>
    <nd ref="9197839372"/>
    <nd ref="9197839373"/>
    <nd ref="9197839374"/>
    <nd ref="9197839375"/>
    <nd ref="9197839376"/>
    <nd ref="9197839377"/>
    <nd ref="9197839378"/>
    <nd ref="9197839379"/>
    <nd ref="9197839380"/>
    <nd ref="9197839381"/>
    <nd ref="9197839382"/>
    <nd ref="9197839383"/>
    <nd ref="9197839384"/>
    <nd ref="9197839385"/>
    <nd ref="9197839386"/>
    <nd ref="9197839387"/>
    <nd ref="9197839388"/>
    <nd ref="9197839389"/>
    <nd ref="9197839390"/>
    <nd ref="9197839391"/>
    <nd ref="9197839392"/>
    <nd ref="9197839393"/>
    <nd ref="9197839394"/>
    <nd ref="9197839395"/>
    <nd ref="9197839396"/>
    <nd ref="9197839397"/>
    <nd ref="9197839398"/>
    <nd ref="9197839399"/>
    <nd ref="10013839721"/>
    <nd ref="10013839723"/>
    <nd ref="10013839720"/>
    <nd ref="10013839724"/>
    <nd ref="10013839722"/>
    <nd ref="10013839719"/>
    <nd ref="9197839400"/>
    <nd ref="9197839401"/>
    <nd ref="9197839402"/>
    <nd ref="9197839403"/>
    <nd ref="9197839404"/>
    <nd ref="9197839405"/>
    <nd ref="9197839406"/>
    <nd ref="9197839407"/>
    <nd ref="9197839408"/>
    <nd ref="9197839409"/>
    <nd ref="4113386513"/>
    <tag k="highway" v="track"/>
  </way>
  <way id="996090196">
    <nd ref="3325086563"/>
    <nd ref="9197839412"/>
    <nd ref="9197839413"/>
    <nd ref="9197839414"/>
    <nd ref="9197839415"/>
    <nd ref="9197839416"/>
    <nd ref="9197839417"/>
    <nd ref="9197839418"/>
    <nd ref="9197839419"/>
    <nd ref="9197839420"/>
    <nd ref="9197839421"/>
    <nd ref="9197839422"/>
    <nd ref="9197839423"/>
    <nd ref="9197839424"/>
    <nd ref="9197839425"/>
    <nd ref="9197839426"/>
    <nd ref="9197839427"/>
    <nd ref="9197839428"/>
    <nd ref="9197839429"/>
    <nd ref="9197839430"/>
    <nd ref="9197839432"/>
    <nd ref="9197839431"/>
    <nd ref="9197839433"/>
    <nd ref="9197839434"/>
    <nd ref="9197839435"/>
    <nd ref="9197839436"/>
    <nd ref="9197839437"/>
    <nd ref="9197839438"/>
    <nd ref="9197839439"/>
    <nd ref="9197839440"/>
    <nd ref="9197839441"/>
    <nd ref="9197839442"/>
    <nd ref="9197839443"/>
    <nd ref="9197839444"/>
    <nd ref="9197839445"/>
    <nd ref="9197839446"/>
    <nd ref="9197839447"/>
    <nd ref="9197839448"/>
    <nd ref="9197839449"/>
    <nd ref="9197839450"/>
    <nd ref="9197839451"/>
    <nd ref="9197839452"/>
    <nd ref="9197839453"/>
    <nd ref="9197839454"/>
    <nd ref="9197839455"/>
    <nd ref="9197839456"/>
    <nd ref="9197839457"/>
    <nd ref="9197839458"/>
    <nd ref="9197839459"/>
    <nd ref="9197839460"/>
    <nd ref="9197839461"/>
    <nd ref="9197839462"/>
    <nd ref="9197839463"/>
    <nd ref="9197839464"/>
    <nd ref="9197839465"/>
    <nd ref="9197839466"/>
    <nd ref="9197839467"/>
    <nd ref="9197839468"/>
    <nd ref="9197839469"/>
    <nd ref="9197839478"/>
    <nd ref="9197839479"/>
    <nd ref="9197839480"/>
    <nd ref="9197839481"/>
    <nd ref="9197839482"/>
    <nd ref="9197839483"/>
    <nd ref="9197839484"/>
    <nd ref="9197839485"/>
    <nd ref="9197839486"/>
    <nd ref="9197839487"/>
    <nd ref="9197839488"/>
    <nd ref="9197839489"/>
    <nd ref="9197839490"/>
    <nd ref="9197839491"/>
    <nd ref="9197839492"/>
    <nd ref="9197839658"/>
    <nd ref="9197839493"/>
    <nd ref="9197839494"/>
    <nd ref="9197839495"/>
    <nd ref="9197839496"/>
    <nd ref="9197839497"/>
    <nd ref="9197839498"/>
    <nd ref="9197839499"/>
    <nd ref="9197839500"/>
    <nd ref="9197839501"/>
    <nd ref="9197839502"/>
    <nd ref="9197839503"/>
    <nd ref="9197839504"/>
    <nd ref="9197839505"/>
    <nd ref="9197839506"/>
    <nd ref="9197839507"/>
    <nd ref="9197839508"/>
    <nd ref="9197839509"/>
    <nd ref="9197839510"/>
    <nd ref="9197839511"/>
    <nd ref="9197839512"/>
    <nd ref="9197839513"/>
    <nd ref="9197839514"/>
    <nd ref="9197839515"/>
    <nd ref="9197839516"/>
    <nd ref="9197839517"/>
    <nd ref="9197839518"/>
    <nd ref="9197839519"/>
    <nd ref="9197839520"/>
    <nd ref="9197839521"/>
    <nd ref="9197839522"/>
    <nd ref="9197839523"/>
    <nd ref="9197839524"/>
    <nd ref="9197839525"/>
    <nd ref="9197839526"/>
    <nd ref="9197839527"/>
    <nd ref="9197839528"/>
    <nd ref="9197839529"/>
    <nd ref="9197839530"/>
    <nd ref="9197839531"/>
    <nd ref="9197839532"/>
    <nd ref="9197839533"/>
    <nd ref="9197839534"/>
    <nd ref="9197839535"/>
    <nd ref="9197839536"/>
    <nd ref="9197839537"/>
    <nd ref="9197839538"/>
    <nd ref="9197839539"/>
    <nd ref="9197839540"/>
    <nd ref="9197839541"/>
    <nd ref="9197839542"/>
    <nd ref="9197839543"/>
    <nd ref="9197839544"/>
    <nd ref="9197839545"/>
    <nd ref="9197839546"/>
    <nd ref="9197839547"/>
    <nd ref="9197839548"/>
    <nd ref="9197839790"/>
    <nd ref="9197839549"/>
    <nd ref="9197839550"/>
    <nd ref="9197839551"/>
    <nd ref="9197839552"/>
    <nd ref="9197839553"/>
    <nd ref="9197880921"/>
    <nd ref="9197880920"/>
    <nd ref="9197839554"/>
    <nd ref="9197839555"/>
    <nd ref="9197839556"/>
    <nd ref="9197839557"/>
    <nd ref="9197839558"/>
    <nd ref="9197839559"/>
    <nd ref="9197839560"/>
    <nd ref="9197839561"/>
    <nd ref="9197839562"/>
    <nd ref="9197839563"/>
    <nd ref="9197839564"/>
    <nd ref="9197839565"/>
    <nd ref="9197839566"/>
    <nd ref="9197839567"/>
    <nd ref="9197839568"/>
    <nd ref="9197839569"/>
    <nd ref="9197839570"/>
    <nd ref="9197880923"/>
    <nd ref="9197880924"/>
    <nd ref="9197839571"/>
    <nd ref="9197839572"/>
    <nd ref="9197839573"/>
    <nd ref="9197839574"/>
    <nd ref="9197839575"/>
    <nd ref="9197839576"/>
    <nd ref="9197839577"/>
    <nd ref="9197839604"/>
    <nd ref="9197839578"/>
    <nd ref="9197839592"/>
    <nd ref="9197839579"/>
    <nd ref="9197839580"/>
    <nd ref="9197839581"/>
    <nd ref="9197839582"/>
    <nd ref="9197839583"/>
    <nd ref="9197839584"/>
    <nd ref="9197839585"/>
    <nd ref="9197839586"/>
    <nd ref="9197880927"/>
    <nd ref="9197839587"/>
    <nd ref="9197839588"/>
    <nd ref="9197839589"/>
    <nd ref="9197839590"/>
    <nd ref="9197839591"/>
    <tag k="highway" v="track"/>
  </way>
  <way id="996090202">
    <nd ref="9197839658"/>
    <nd ref="9197839659"/>
    <nd ref="9197839660"/>
    <nd ref="9197839661"/>
    <nd ref="9197839662"/>
    <nd ref="9197839663"/>
    <nd ref="9197839664"/>
    <nd ref="9197839665"/>
    <nd ref="9197839666"/>
    <nd ref="9197839667"/>
    <nd ref="9197839668"/>
    <nd ref="9197839669"/>
    <nd ref="9197839670"/>
    <nd ref="9197839671"/>
    <nd ref="9197839672"/>
    <nd ref="9197839673"/>
    <nd ref="9197839674"/>
    <nd ref="9197839675"/>
    <nd ref="9197839676"/>
    <nd ref="9197839677"/>
    <nd ref="9197839678"/>
    <nd ref="9197839679"/>
    <nd ref="9197839680"/>
    <nd ref="9197839681"/>
    <nd ref="9197839682"/>
    <nd ref="9197839683"/>
    <nd ref="9197839684"/>
    <nd ref="9197839685"/>
    <nd ref="9197839686"/>
    <nd ref="9197839687"/>
    <nd ref="9197839688"/>
    <nd ref="9197839689"/>
    <nd ref="9197839690"/>
    <nd ref="9197839691"/>
    <nd ref="9197839692"/>
    <nd ref="9197839693"/>
    <nd ref="9197839694"/>
    <nd ref="9197839695"/>
    <nd ref="9197839696"/>
    <nd ref="9197839697"/>
    <nd ref="9197839698"/>
    <nd ref="9197839699"/>
    <nd ref="9197839700"/>
    <nd ref="9197839701"/>
    <nd ref="9197839702"/>
    <nd ref="9197839703"/>
    <nd ref="9197839704"/>
    <nd ref="9197839705"/>
    <nd ref="9197839706"/>
    <nd ref="9197839707"/>
    <nd ref="9197839708"/>
    <nd ref="9197839709"/>
    <nd ref="9197839710"/>
    <nd ref="9197839711"/>
    <nd ref="9197839712"/>
    <nd ref="9197839713"/>
    <nd ref="9197839714"/>
    <nd ref="9197839715"/>
    <nd ref="9197839716"/>
    <nd ref="9197839717"/>
    <nd ref="9197839718"/>
    <nd ref="9197839719"/>
    <nd ref="9197839720"/>
    <nd ref="9197839721"/>
    <nd ref="9197839722"/>
    <nd ref="9197839723"/>
    <nd ref="9197839724"/>
    <nd ref="9197839725"/>
    <nd ref="9197839726"/>
    <nd ref="9197839727"/>
    <nd ref="9197839728"/>
    <nd ref="9197839729"/>
    <nd ref="9197839730"/>
    <nd ref="9197839731"/>
    <nd ref="9197839732"/>
    <nd ref="9197839733"/>
    <nd ref="9197839734"/>
    <nd ref="9197839735"/>
    <nd ref="9197839736"/>
    <nd ref="9197839737"/>
    <nd ref="9197839738"/>
    <nd ref="9197839739"/>
    <nd ref="9197839740"/>
    <nd ref="9197839741"/>
    <nd ref="9197839742"/>
    <nd ref="9197839743"/>
    <nd ref="9197839744"/>
    <nd ref="9197839745"/>
    <nd ref="4113385844"/>
    <nd ref="9197839746"/>
    <nd ref="9197839747"/>
    <nd ref="9197839748"/>
    <nd ref="9197839749"/>
    <nd ref="9197839750"/>
    <nd ref="9197839751"/>
    <nd ref="9197839752"/>
    <nd ref="9197839753"/>
    <nd ref="9197839754"/>
    <nd ref="9197839755"/>
    <nd ref="9197839756"/>
    <nd ref="9197839757"/>
    <nd ref="9197839758"/>
    <nd ref="9197839759"/>
    <nd ref="9197839760"/>
    <nd ref="9197839761"/>
    <nd ref="9197839762"/>
    <nd ref="9197839763"/>
    <nd ref="9197839764"/>
    <nd ref="9197839765"/>
    <nd ref="9197839766"/>
    <nd ref="9197839767"/>
    <nd ref="9197839768"/>
    <nd ref="9197839769"/>
    <nd ref="9197839770"/>
    <nd ref="9197839771"/>
    <nd ref="9197839772"/>
    <nd ref="9197839773"/>
    <nd ref="9197839774"/>
    <nd ref="9197839775"/>
    <nd ref="9197839776"/>
    <nd ref="9197839777"/>
    <nd ref="9197839778"/>
    <nd ref="4113385855"/>
    <tag k="highway" v="track"/>
  </way>
  <way id="996095978">
    <nd ref="9197838599"/>
    <nd ref="9197880931"/>
    <nd ref="9197880932"/>
    <nd ref="9197880933"/>
    <nd ref="9197880934"/>
    <nd ref="9197880935"/>
    <nd ref="9197880936"/>
    <nd ref="9197880937"/>
    <nd ref="9197880938"/>
    <nd ref="9197880939"/>
    <nd ref="9197880940"/>
    <nd ref="9197880941"/>
    <nd ref="9197880942"/>
    <nd ref="9197880943"/>
    <tag k="highway" v="track"/>
  </way>
  <way id="996095982">
    <nd ref="9197838557"/>
    <nd ref="9197881059"/>
    <nd ref="9197881060"/>
    <nd ref="9197881061"/>
    <nd ref="9197881062"/>
    <nd ref="9197881063"/>
    <nd ref="9197881064"/>
    <nd ref="9197881065"/>
    <nd ref="9197881066"/>
    <nd ref="9197881067"/>
    <nd ref="9197881068"/>
    <nd ref="9197881101"/>
    <nd ref="9197881069"/>
    <nd ref="9197881070"/>
    <nd ref="9197881071"/>
    <nd ref="9197881072"/>
    <nd ref="9197881073"/>
    <nd ref="9197881074"/>
    <nd ref="9197881075"/>
    <nd ref="9197881076"/>
    <nd ref="9197881077"/>
    <nd ref="9197881078"/>
    <nd ref="9197881079"/>
    <nd ref="9197881080"/>
    <nd ref="9197881081"/>
    <nd ref="9197881082"/>
    <nd ref="9197881083"/>
    <nd ref="9197881084"/>
    <nd ref="9197881085"/>
    <nd ref="9197881086"/>
    <nd ref="9197881087"/>
    <nd ref="9197881088"/>
    <nd ref="9197881089"/>
    <nd ref="9197881090"/>
    <nd ref="9197881091"/>
    <nd ref="9197881092"/>
    <nd ref="9197881093"/>
    <nd ref="9197881094"/>
    <nd ref="9197881095"/>
    <nd ref="9197881096"/>
    <nd ref="9197881097"/>
    <nd ref="9197881098"/>
    <nd ref="9197881099"/>
    <tag k="highway" v="track"/>
  </way>
  <way id="996095983">
    <nd ref="9197881081"/>
    <nd ref="9197881100"/>
    <tag k="highway" v="track"/>
  </way>
  <way id="996095984">
    <nd ref="9197881101"/>
    <nd ref="9197881102"/>
    <nd ref="9197881103"/>
    <nd ref="9197881116"/>
    <nd ref="9197881104"/>
    <nd ref="9197881105"/>
    <nd ref="9197881106"/>
    <nd ref="9197881107"/>
    <nd ref="9197881108"/>
    <nd ref="9197881109"/>
    <nd ref="9197881110"/>
    <nd ref="9197881111"/>
    <nd ref="9197881112"/>
    <nd ref="9197881113"/>
    <nd ref="9197881114"/>
    <nd ref="9197881115"/>
    <nd ref="9197881117"/>
    <nd ref="9197881118"/>
    <nd ref="9197881119"/>
    <nd ref="9197881120"/>
    <tag k="highway" v="track"/>
  </way>
  <way id="996095985">
    <nd ref="9197838575"/>
    <nd ref="9197881121"/>
    <nd ref="9197881122"/>
    <nd ref="9197881123"/>
    <nd ref="9197881124"/>
    <nd ref="9197881125"/>
    <nd ref="9197881126"/>
    <nd ref="9197881127"/>
    <nd ref="9197881128"/>
    <nd ref="9197881129"/>
    <nd ref="9197881130"/>
    <nd ref="9197881131"/>
    <nd ref="9197881161"/>
    <nd ref="9197881132"/>
    <nd ref="9197881133"/>
    <nd ref="9197881134"/>
    <nd ref="9197881135"/>
    <nd ref="9197881136"/>
    <nd ref="9197881137"/>
    <nd ref="9197881138"/>
    <nd ref="9197881139"/>
    <nd ref="9197881140"/>
    <nd ref="9197881141"/>
    <nd ref="9197881142"/>
    <nd ref="9197881143"/>
    <nd ref="9197881144"/>
    <nd ref="9197881145"/>
    <nd ref="9197881146"/>
    <nd ref="9197881147"/>
    <nd ref="9197881148"/>
    <nd ref="9197881149"/>
    <nd ref="9197881150"/>
    <nd ref="9197881159"/>
    <nd ref="9197881151"/>
    <nd ref="9197881160"/>
    <nd ref="9197881152"/>
    <nd ref="9197881153"/>
    <nd ref="9197881154"/>
    <nd ref="9197881155"/>
    <nd ref="9197881156"/>
    <nd ref="9197881158"/>
    <nd ref="9197881157"/>
    <tag k="highway" v="track"/>
  </way>
  <way id="1116706486">
    <nd ref="10213354856"/>
    <nd ref="12032716784"/>
    <nd ref="10213354857"/>
    <nd ref="10213354858"/>
    <nd ref="12032716783"/>
    <nd ref="10213354859"/>
    <nd ref="10213354860"/>
    <nd ref="10213354861"/>
    <nd ref="10213354862"/>
    <nd ref="12032716782"/>
    <nd ref="10213354863"/>
    <nd ref="10213354864"/>
    <nd ref="10213354865"/>
    <nd ref="10213354866"/>
    <nd ref="10213354867"/>
    <nd ref="10213354868"/>
    <nd ref="10213354869"/>
    <nd ref="10213354870"/>
    <nd ref="10213354871"/>
    <nd ref="10213354872"/>
    <nd ref="12032716781"/>
    <nd ref="10213354873"/>
    <nd ref="12032716780"/>
    <nd ref="10213354874"/>
    <nd ref="12032716779"/>
    <nd ref="10213354875"/>
    <nd ref="10213354876"/>
    <nd ref="12032716778"/>
    <nd ref="10213354877"/>
    <nd ref="10213354878"/>
    <nd ref="10213354879"/>
    <nd ref="10213354880"/>
    <nd ref="10213354881"/>
    <nd ref="12032716777"/>
    <nd ref="10213354882"/>
    <nd ref="10213354883"/>
    <nd ref="10213354884"/>
    <nd ref="10213361082"/>
    <nd ref="10213354885"/>
    <nd ref="10213354886"/>
    <nd ref="10213354887"/>
    <nd ref="10213354888"/>
    <nd ref="10213361080"/>
    <nd ref="10213354890"/>
    <nd ref="10213354891"/>
    <nd ref="10213361078"/>
    <nd ref="10213361079"/>
    <nd ref="10213354892"/>
    <nd ref="10213354893"/>
    <nd ref="12032716776"/>
    <nd ref="10213354894"/>
    <nd ref="12032716775"/>
    <nd ref="10213354895"/>
    <nd ref="10213354896"/>
    <nd ref="12032716774"/>
    <nd ref="10213354897"/>
    <nd ref="10213354898"/>
    <nd ref="10213354899"/>
    <nd ref="10213354900"/>
    <nd ref="10213361077"/>
    <nd ref="10213354901"/>
    <nd ref="10213354902"/>
    <nd ref="10213354903"/>
    <nd ref="10213354904"/>
    <nd ref="10213354905"/>
    <nd ref="10213354906"/>
    <nd ref="10213354907"/>
    <nd ref="10213354908"/>
    <nd ref="12032716772"/>
    <nd ref="10213354909"/>
    <nd ref="12032716773"/>
    <nd ref="10213354910"/>
    <nd ref="10213354911"/>
    <nd ref="10213354912"/>
    <nd ref="10213354913"/>
    <nd ref="10213354914"/>
    <nd ref="10213354915"/>
    <nd ref="12032716771"/>
    <nd ref="10213354916"/>
    <nd ref="12032716770"/>
    <nd ref="10213361017"/>
    <nd ref="10213361018"/>
    <nd ref="10213361019"/>
    <nd ref="10213361020"/>
    <nd ref="10213361021"/>
    <nd ref="10213361022"/>
    <nd ref="10213361023"/>
    <nd ref="10213361024"/>
    <nd ref="10213361025"/>
    <nd ref="10213361026"/>
    <nd ref="12032716769"/>
    <nd ref="10213361027"/>
    <nd ref="10213361028"/>
    <nd ref="10213361030"/>
    <nd ref="10213361031"/>
    <nd ref="10213361032"/>
    <nd ref="10213361033"/>
    <nd ref="10213361034"/>
    <nd ref="10213361035"/>
    <nd ref="10213361036"/>
    <nd ref="10213361037"/>
    <nd ref="10213361038"/>
    <nd ref="10213361039"/>
    <nd ref="10213361040"/>
    <nd ref="10213361041"/>
    <nd ref="10213361042"/>
    <nd ref="10213361043"/>
    <nd ref="10213361044"/>
    <nd ref="12032716268"/>
    <nd ref="10213361045"/>
    <nd ref="10213361046"/>
    <nd ref="10213361047"/>
    <nd ref="10213361048"/>
    <nd ref="10213361049"/>
    <nd ref="10213361050"/>
    <nd ref="10213361051"/>
    <nd ref="10213361052"/>
    <nd ref="10213361053"/>
    <nd ref="10213361054"/>
    <nd ref="10213361055"/>
    <nd ref="10213361056"/>
    <nd ref="10213361057"/>
    <nd ref="10213361058"/>
    <nd ref="12032716267"/>
    <nd ref="12032716266"/>
    <nd ref="10213361059"/>
    <nd ref="10213361060"/>
    <nd ref="10213361061"/>
    <nd ref="12032716265"/>
    <nd ref="10213361062"/>
    <nd ref="10213361063"/>
    <nd ref="10213361064"/>
    <nd ref="10213361065"/>
    <nd ref="10213361066"/>
    <nd ref="10213361067"/>
    <nd ref="10213361068"/>
    <nd ref="10213361069"/>
    <nd ref="10213361070"/>
    <nd ref="10213361071"/>
    <nd ref="10213361072"/>
    <nd ref="10213361073"/>
    <nd ref="10213361074"/>
    <nd ref="10213361075"/>
    <nd ref="10213361076"/>
    <nd ref="12032716264"/>
    <nd ref="12032716263"/>
    <tag k="highway" v="track"/>
  </way>
  <way id="1298947234">
    <nd ref="300590552"/>
    <nd ref="3105423550"/>
    <nd ref="4446856732"/>
    <nd ref="4446856731"/>
    <nd ref="4446856728"/>
    <tag k="highway" v="primary"/>
    <tag k="name:zh" v="北部橫貫公路"/>
    <tag k="ref" v="7"/>
    <tag k="ref:en" v="Provincial Highway 7"/>
    <tag k="ref:zh" v="台7線"/>
    <tag k="tunnel" v="avalanche_protector"/>
  </way>
  <way id="1298947235">
    <nd ref="3105423568"/>
    <nd ref="12032716259"/>
    <nd ref="3105423569"/>
    <nd ref="300590531"/>
    <nd ref="4446857000"/>
    <nd ref="300590535"/>
    <nd ref="3105423567"/>
    <nd ref="4446856997"/>
    <nd ref="3105423566"/>
    <nd ref="4446856995"/>
    <nd ref="4446856993"/>
    <nd ref="4446856992"/>
    <nd ref="4446856990"/>
    <nd ref="4446856989"/>
    <nd ref="4446856786"/>
    <nd ref="3105423565"/>
    <nd ref="3105423564"/>
    <nd ref="3105423563"/>
    <nd ref="4446856778"/>
    <nd ref="300590536"/>
    <nd ref="3105423562"/>
    <nd ref="3105423561"/>
    <nd ref="3105423560"/>
    <nd ref="4446856763"/>
    <nd ref="3105423559"/>
    <nd ref="4446856754"/>
    <nd ref="3105423558"/>
    <nd ref="4446856746"/>
    <nd ref="4446856743"/>
    <nd ref="3105423557"/>
    <nd ref="300590538"/>
    <nd ref="3105423556"/>
    <nd ref="3105423555"/>
    <nd ref="4446856742"/>
    <nd ref="4446856741"/>
    <nd ref="4446856740"/>
    <nd ref="3105423554"/>
    <nd ref="4446856739"/>
    <nd ref="4446856737"/>
    <nd ref="300590550"/>
    <nd ref="3105423552"/>
    <nd ref="4446856735"/>
    <nd ref="3105423551"/>
    <nd ref="4446856734"/>
    <nd ref="300590552"/>
    <tag k="alt_name" v="北橫公路"/>
    <tag k="alt_name:en" v="Northern Cross-Island Highway"/>
    <tag k="alt_name:nan" v="Pak-hûiⁿ Kong-lō͘"/>
    <tag k="alt_name:nan-Hant" v="北橫公路"/>
    <tag k="alt_name:nan-Latn-pehoeji" v="Pak-hûiⁿ Kong-lō͘"/>
    <tag k="alt_name:nan-Latn-tailo" v="Pak-huînn Kong-lōo"/>
    <tag k="alt_name:zh" v="北橫公路"/>
    <tag k="highway" v="primary"/>
    <tag k="name" v="復興路九段"/>
    <tag k="name:en" v="Section 9, Fuxing Road"/>
    <tag k="name:nan" v="Ho̍k-heng-lō͘ 9-tōaⁿ"/>
    <tag k="name:nan-Hant" v="復興路九段"/>
    <tag k="name:nan-Latn-pehoeji" v="Ho̍k-heng-lō͘ 9-tōaⁿ"/>
    <tag k="name:nan-Latn-tailo" v="Ho̍k-hing-lōo 9-tuānn"/>
    <tag k="name:zh" v="復興路九段"/>
    <tag k="ref" v="7"/>
    <tag k="ref:en" v="Provincial Highway 7"/>
    <tag k="ref:zh" v="台7線"/>
  </way>
  <way id="1347922592">
    <nd ref="4446856728"/>
    <nd ref="3105423549"/>
    <nd ref="3105423548"/>
    <nd ref="4446856727"/>
    <nd ref="4446856726"/>
    <nd ref="3105423547"/>
    <nd ref="3105423546"/>
    <nd ref="4446856725"/>
    <nd ref="3105423545"/>
    <nd ref="300590553"/>
    <nd ref="3105423544"/>
    <nd ref="4446856724"/>
    <nd ref="4446856723"/>
    <nd ref="4446856722"/>
    <nd ref="3105423541"/>
    <nd ref="3105423540"/>
    <nd ref="300590554"/>
    <nd ref="4446856721"/>
    <nd ref="4446856720"/>
    <nd ref="300590555"/>
    <nd ref="4446856718"/>
    <nd ref="3105423538"/>
    <nd ref="300590566"/>
    <nd ref="3105423537"/>
    <nd ref="3105423536"/>
    <nd ref="300590575"/>
    <nd ref="4446856716"/>
    <nd ref="4446856715"/>
    <nd ref="4446856714"/>
    <nd ref="3105423534"/>
    <nd ref="4446856713"/>
    <nd ref="3105423533"/>
    <nd ref="300590578"/>
    <nd ref="4446856710"/>
    <nd ref="4446856709"/>
    <nd ref="4446856708"/>
    <nd ref="4446856707"/>
    <nd ref="4446856704"/>
    <nd ref="3105423531"/>
    <nd ref="300590579"/>
    <nd ref="3105423530"/>
    <nd ref="3105423529"/>
    <nd ref="3105423528"/>
    <nd ref="3105423527"/>
    <nd ref="300590580"/>
    <nd ref="3105423526"/>
    <nd ref="3105423525"/>
    <nd ref="3105423524"/>
    <nd ref="300590581"/>
    <nd ref="3105423523"/>
    <nd ref="3105423522"/>
    <nd ref="300590582"/>
    <nd ref="3105423521"/>
    <nd ref="3105423520"/>
    <nd ref="3105423519"/>
    <nd ref="300590584"/>
    <nd ref="3105423518"/>
    <nd ref="3105423517"/>
    <nd ref="3105423516"/>
    <nd ref="300590585"/>
    <nd ref="3105423515"/>
    <nd ref="300590588"/>
    <nd ref="4446676785"/>
    <nd ref="4446676784"/>
    <nd ref="300590589"/>
    <nd ref="3105423514"/>
    <nd ref="3105423513"/>
    <nd ref="300590592"/>
    <nd ref="3105423512"/>
    <nd ref="4446676783"/>
    <nd ref="300590593"/>
    <nd ref="3105423511"/>
    <nd ref="300590598"/>
    <nd ref="3105423510"/>
    <nd ref="3105423509"/>
    <nd ref="12032716260"/>
    <nd ref="4446676782"/>
    <nd ref="4446676781"/>
    <nd ref="4446676780"/>
    <nd ref="3105423508"/>
    <nd ref="3105423507"/>
    <nd ref="3105423506"/>
    <nd ref="3105423505"/>
    <nd ref="300590600"/>
    <nd ref="3105423504"/>
    <nd ref="4446676779"/>
    <nd ref="4446676778"/>
    <nd ref="3105423503"/>
    <nd ref="3105423502"/>
    <nd ref="3105423501"/>
    <nd ref="300590605"/>
    <nd ref="4446676777"/>
    <nd ref="3105423500"/>
    <nd ref="3105423499"/>
    <nd ref="9444475948"/>
    <nd ref="300590606"/>
    <nd ref="3105423498"/>
    <nd ref="4446676776"/>
    <nd ref="300590616"/>
    <nd ref="3105423497"/>
    <nd ref="12032716261"/>
    <nd ref="12032716262"/>
    <nd ref="3105423496"/>
    <nd ref="3105423495"/>
    <nd ref="4446676775"/>
    <nd ref="3105423494"/>
    <nd ref="3105423493"/>
    <nd ref="3105423492"/>
    <nd ref="3105423491"/>
    <nd ref="4446676774"/>
    <nd ref="3105423490"/>
    <nd ref="300590631"/>
    <nd ref="3105423489"/>
    <nd ref="3105423488"/>
    <nd ref="300590633"/>
    <nd ref="3105423487"/>
    <nd ref="3105423483"/>
    <nd ref="3105423480"/>
    <nd ref="3105423479"/>
    <nd ref="3105423477"/>
    <nd ref="300590634"/>
    <nd ref="3105423475"/>
    <nd ref="300590635"/>
    <nd ref="3105423482"/>
    <nd ref="300590636"/>
    <nd ref="3105423485"/>
    <nd ref="4446676773"/>
    <nd ref="3105423484"/>
    <nd ref="300590638"/>
    <nd ref="3105423481"/>
    <nd ref="10213354856"/>
    <tag k="alt_name" v="北橫公路"/>
    <tag k="alt_name:en" v="Northern Cross-Island Highway"/>
    <tag k="alt_name:nan" v="Pak-hûiⁿ Kong-lō͘"/>
    <tag k="alt_name:nan-Hant" v="北橫公路"/>
    <tag k="alt_name:nan-Latn-pehoeji" v="Pak-hûiⁿ Kong-lō͘"/>
    <tag k="alt_name:nan-Latn-tailo" v="Pak-huînn Kong-lōo"/>
    <tag k="alt_name:zh" v="北橫公路"/>
    <tag k="highway" v="primary"/>
    <tag k="name" v="復興路九段"/>
    <tag k="name:en" v="Section 9, Fuxing Road"/>
    <tag k="name:nan" v="Ho̍k-heng-lō͘ 9-tōaⁿ"/>
    <tag k="name:nan-Hant" v="復興路九段"/>
    <tag k="name:nan-Latn-pehoeji" v="Ho̍k-heng-lō͘ 9-tōaⁿ"/>
    <tag k="name:nan-Latn-tailo" v="Ho̍k-hing-lōo 9-tuānn"/>
    <tag k="name:zh" v="復興路九段"/>
    <tag k="ref" v="7"/>
    <tag k="ref:en" v="Provincial Highway 7"/>
    <tag k="ref:zh" v="台7線"/>
  </way>
</osm>
