<?xml version="1.0" encoding="UTF-8"?>
<osm version="0.6" generator="region-download">
  <node id="300592953" lat="24.6105530" lon="121.5256612"/>
  <node id="11017007927" lat="24.6106275" lon="121.5257454"/>
  <node id="11017007928" lat="24.6106935" lon="121.5257941"/>
  <node id="6551024686" lat="24.6107290" lon="121.5258362"/>
  <node id="11017007929" lat="24.6107617" lon="121.5258886"/>
  <node id="2178262070" lat="24.6107910" lon="121.5259563"/>
  <node id="11017007933" lat="24.6109098" lon="121.5273548"/>
  <node id="6551020482" lat="24.6107257" lon="121.5274533"/>
  <node id="4446606614" lat="24.6104572" lon="121.5276037"/>
  <node id="300592983" lat="24.6102625" lon="121.5277213"/>
  <node id="11017007924" lat="24.6102002" lon="121.5277760"/>
  <node id="11017007923" lat="24.6101776" lon="121.5278253"/>
  <node id="2178261937" lat="24.6101711" lon="121.5278711"/>
  <node id="2178261760" lat="24.6101754" lon="121.5279149"/>
  <node id="300592990" lat="24.6101913" lon="121.5279672"/>
  <node id="300592996" lat="24.6102167" lon="121.5280112"/>
  <node id="11017007910" lat="24.6102644" lon="121.5280440"/>
  <node id="11017007909" lat="24.6103101" lon="121.5280608"/>
  <node id="4446606612" lat="24.6103701" lon="121.5280830"/>
  <node id="300593003" lat="24.6107190" lon="121.5282065"/>
  <node id="11017007908" lat="24.6108375" lon="121.5282436"/>
  <node id="4446606613" lat="24.6109247" lon="121.5282669"/>
  <node id="11017007907" lat="24.6111383" lon="121.5282963"/>
  <node id="2178261832" lat="24.6112788" lon="121.5283211"/>
  <node id="4446606615" lat="24.6113984" lon="121.5283612"/>
  <node id="11017007906" lat="24.6116385" lon="121.5284941"/>
  <node id="2178261917" lat="24.6117453" lon="121.5285306"/>
  <node id="4446606616" lat="24.6119247" lon="121.5285621"/>
  <node id="11017007905" lat="24.6122861" lon="121.5286090"/>
  <node id="300593016" lat="24.6126235" lon="121.5286624"/>
  <node id="11017007904" lat="24.6127968" lon="121.5286943"/>
  <node id="11017007903" lat="24.6130876" lon="121.5287675"/>
  <node id="300593023" lat="24.6133904" lon="121.5288623"/>
  <node id="300593029" lat="24.6142487" lon="121.5291828"/>
  <node id="11017007902" lat="24.6144415" lon="121.5292577"/>
  <node id="2178261945" lat="24.6145873" lon="121.5293231"/>
  <node id="2178262144" lat="24.6147265" lon="121.5294024"/>
  <node id="300593035" lat="24.6148939" lon="121.5295123"/>
  <node id="11017007901" lat="24.6150371" lon="121.5296077"/>
  <node id="2178261948" lat="24.6151464" lon="121.5297041"/>
  <node id="11017007900" lat="24.6152785" lon="121.5298394"/>
  <node id="2178262253" lat="24.6154331" lon="121.5300130"/>
  <node id="2178261756" lat="24.6157289" lon="121.5303903"/>
  <node id="2178262150" lat="24.6292526" lon="121.5455001"/>
  <node id="2178262153" lat="24.6294100" lon="121.5455707"/>
  <node id="2178262158" lat="24.6294669" lon="121.5456156"/>
  <node id="11016906330" lat="24.6295389" lon="121.5457083"/>
  <node id="2178262161" lat="24.6296182" lon="121.5458389"/>
  <node id="2178262163" lat="24.6297234" lon="121.5460121"/>
  <node id="11016906329" lat="24.6298240" lon="121.5461130"/>
  <node id="300593185" lat="24.6299184" lon="121.5461864"/>
  <node id="300593218" lat="24.6304834" lon="121.5466470"/>
  <node id="11016906328" lat="24.6306282" lon="121.5467698"/>
  <node id="300593190" lat="24.6307436" lon="121.5468822"/>
  <node id="4443442377" lat="24.6310302" lon="121.5471631"/>
  <node id="11016906327" lat="24.6311620" lon="121.5472982"/>
  <node id="2178262167" lat="24.6312959" lon="121.5474102"/>
  <node id="2178262251" lat="24.6313994" lon="121.5474723"/>
  <node id="300593196" lat="24.6314764" lon="121.5474992"/>
  <node id="2178261667" lat="24.6315889" lon="121.5475107"/>
  <node id="2178262233" lat="24.6321048" lon="121.5475132"/>
  <node id="4443442378" lat="24.6323679" lon="121.5475090"/>
  <node id="300593201" lat="24.6327228" lon="121.5475146"/>
  <node id="5108858057" lat="24.6330628" lon="121.5475339"/>
  <node id="11016906325" lat="24.6331380" lon="121.5475417"/>
  <node id="2178262193" lat="24.6331903" lon="121.5475609"/>
  <node id="300593206" lat="24.6332636" lon="121.5476217"/>
  <node id="2178262217" lat="24.6333678" lon="121.5477413"/>
  <node id="2178262220" lat="24.6334133" lon="121.5478097"/>
  <node id="300593212" lat="24.6334463" lon="121.5478883"/>
  <node id="4443442379" lat="24.6334810" lon="121.5481497"/>
  <node id="2178262224" lat="24.6335161" lon="121.5484730"/>
  <node id="11016906323" lat="24.6335333" lon="121.5486250"/>
  <node id="2178261692" lat="24.6335421" lon="121.5487585"/>
  <node id="11016906322" lat="24.6335425" lon="121.5489334"/>
  <node id="2178262235" lat="24.6335252" lon="121.5491048"/>
  <node id="11016906321" lat="24.6335302" lon="121.5492433"/>
  <node id="2178262241" lat="24.6335655" lon="121.5494382"/>
  <node id="4443442380" lat="24.6336181" lon="121.5496211"/>
  <node id="2178261668" lat="24.6336561" lon="121.5497754"/>
  <node id="11016906320" lat="24.6336747" lon="121.5498853"/>
  <node id="11016906319" lat="24.6336787" lon="121.5499711"/>
  <node id="2178261670" lat="24.6336657" lon="121.5500578"/>
  <node id="11016906318" lat="24.6336296" lon="121.5501477"/>
  <node id="2178261683" lat="24.6336039" lon="121.5502525"/>
  <node id="11016906317" lat="24.6335918" lon="121.5503759"/>
  <node id="2178261672" lat="24.6336047" lon="121.5505074"/>
  <node id="11016906316" lat="24.6336522" lon="121.5507650"/>
  <node id="4430919449" lat="24.6336903" lon="121.5509892"/>
  <node id="11016906315" lat="24.6337292" lon="121.5511258"/>
  <node id="2178261678" lat="24.6337849" lon="121.5512337"/>
  <node id="300593223" lat="24.6338448" lon="121.5513334"/>
  <node id="11016906314" lat="24.6340281" lon="121.5515447"/>
  <node id="2178261680" lat="24.6341332" lon="121.5516791"/>
  <node id="2178261681" lat="24.6341843" lon="121.5517766"/>
  <node id="11016906313" lat="24.6342559" lon="121.5519468"/>
  <node id="2178261682" lat="24.6342910" lon="121.5520459"/>
  <node id="11016906312" lat="24.6343477" lon="121.5521620"/>
  <node id="300593229" lat="24.6344566" lon="121.5522977"/>
  <node id="4443442381" lat="24.6345808" lon="121.5524436"/>
  <node id="4430919450" lat="24.6347582" lon="121.5526184"/>
  <node id="11016906311" lat="24.6349927" lon="121.5528266"/>
  <node id="300593235" lat="24.6351228" lon="121.5529337"/>
  <node id="11016906310" lat="24.6352402" lon="121.5530055"/>
  <node id="2178261685" lat="24.6353211" lon="121.5530371"/>
  <node id="2178261684" lat="24.6354108" lon="121.5530641"/>
  <node id="300593241" lat="24.6357282" lon="121.5531242"/>
  <node id="2178261686" lat="24.6358117" lon="121.5531326"/>
  <node id="2178261689" lat="24.6359059" lon="121.5531119"/>
  <node id="2178261687" lat="24.6360412" lon="121.5530688"/>
  <node id="300593246" lat="24.6361347" lon="121.5530368"/>
  <node id="3104018230" lat="24.6362268" lon="121.5530100"/>
  <node id="11016906309" lat="24.6363048" lon="121.5530054"/>
  <node id="4446632374" lat="24.6363828" lon="121.5530158"/>
  <node id="2178261690" lat="24.6369686" lon="121.5531778"/>
  <node id="3104018229" lat="24.6370584" lon="121.5531821"/>
  <node id="300593251" lat="24.6371430" lon="121.5531644"/>
  <node id="300593255" lat="24.6373936" lon="121.5530463"/>
  <node id="2178261972" lat="24.6256005" lon="121.5398921"/>
  <node id="11016906344" lat="24.6258249" lon="121.5401946"/>
  <node id="11016900492" lat="24.6376657" lon="121.5530718"/>
  <node id="3104018232" lat="24.6379270" lon="121.5531697"/>
  <node id="300593260" lat="24.6382115" lon="121.5532780"/>
  <node id="11016900491" lat="24.6383367" lon="121.5533330"/>
  <node id="11016900490" lat="24.6384779" lon="121.5534022"/>
  <node id="11016900489" lat="24.6385951" lon="121.5534652"/>
  <node id="11016900488" lat="24.6386957" lon="121.5535265"/>
  <node id="3104018235" lat="24.6389209" lon="121.5536800"/>
  <node id="11016900480" lat="24.6390844" lon="121.5539547"/>
  <node id="300593270" lat="24.6390719" lon="121.5540626"/>
  <node id="2178261698" lat="24.6390148" lon="121.5542200"/>
  <node id="11016900479" lat="24.6389540" lon="121.5544272"/>
  <node id="11016900478" lat="24.6388973" lon="121.5545966"/>
  <node id="2178261700" lat="24.6388028" lon="121.5547722"/>
  <node id="2178261701" lat="24.6387017" lon="121.5549379"/>
  <node id="11016900477" lat="24.6386825" lon="121.5549999"/>
  <node id="300593276" lat="24.6386831" lon="121.5550618"/>
  <node id="11016900476" lat="24.6386934" lon="121.5551259"/>
  <node id="2178261714" lat="24.6387339" lon="121.5552348"/>
  <node id="11016900475" lat="24.6387799" lon="121.5553278"/>
  <node id="11016900474" lat="24.6388562" lon="121.5554575"/>
  <node id="300593283" lat="24.6390359" lon="121.5557398"/>
  <node id="300593292" lat="24.6392137" lon="121.5560585"/>
  <node id="11016900473" lat="24.6394435" lon="121.5564280"/>
  <node id="4430919453" lat="24.6396608" lon="121.5567356"/>
  <node id="11016900470" lat="24.6401551" lon="121.5573901"/>
  <node id="11016900471" lat="24.6402802" lon="121.5575543"/>
  <node id="300593305" lat="24.6403927" lon="121.5576795"/>
  <node id="11016900472" lat="24.6404379" lon="121.5577439"/>
  <node id="2178261716" lat="24.6404727" lon="121.5578153"/>
  <node id="4446632375" lat="24.6405366" lon="121.5579493"/>
  <node id="300593315" lat="24.6406103" lon="121.5581436"/>
  <node id="2178261718" lat="24.6409191" lon="121.5590329"/>
  <node id="300593321" lat="24.6409714" lon="121.5591775"/>
  <node id="11016900469" lat="24.6410171" lon="121.5592598"/>
  <node id="3104018238" lat="24.6410928" lon="121.5593793"/>
  <node id="2178261720" lat="24.6412609" lon="121.5595804"/>
  <node id="2178261726" lat="24.6413653" lon="121.5597226"/>
  <node id="2178261724" lat="24.6414319" lon="121.5598390"/>
  <node id="300593330" lat="24.6414889" lon="121.5599644"/>
  <node id="11016900468" lat="24.6415266" lon="121.5600661"/>
  <node id="2178261728" lat="24.6415617" lon="121.5602257"/>
  <node id="2178261730" lat="24.6415820" lon="121.5603741"/>
  <node id="300593337" lat="24.6415870" lon="121.5604745"/>
  <node id="2178261736" lat="24.6415626" lon="121.5617191"/>
  <node id="11016900467" lat="24.6415518" lon="121.5618799"/>
  <node id="300593347" lat="24.6415334" lon="121.5620463"/>
  <node id="3104018240" lat="24.6414505" lon="121.5623682"/>
  <node id="300593353" lat="24.6412061" lon="121.5633386"/>
  <node id="2178261747" lat="24.6412006" lon="121.5634684"/>
  <node id="11016900466" lat="24.6412115" lon="121.5635566"/>
  <node id="3104018239" lat="24.6412426" lon="121.5636201"/>
  <node id="11016900465" lat="24.6412891" lon="121.5637009"/>
  <node id="300593360" lat="24.6413607" lon="121.5637734"/>
  <node id="300593372" lat="24.6414489" lon="121.5638363"/>
  <node id="11016900464" lat="24.6416789" lon="121.5639691"/>
  <node id="9107347606" lat="24.6424056" lon="121.5643018"/>
  <node id="2178261435" lat="24.6426512" lon="121.5644174"/>
  <node id="2178261438" lat="24.6427853" lon="121.5644442"/>
  <node id="2178261452" lat="24.6429104" lon="121.5644261"/>
  <node id="300593377" lat="24.6431042" lon="121.5643405"/>
  <node id="2178261444" lat="24.6433204" lon="121.5642230"/>
  <node id="11019651808" lat="24.6433893" lon="121.5642042"/>
  <node id="2178261462" lat="24.6434557" lon="121.5641966"/>
  <node id="2178261502" lat="24.6435868" lon="121.5641944"/>
  <node id="300593383" lat="24.6437007" lon="121.5642123"/>
  <node id="2178261496" lat="24.6438019" lon="121.5642445"/>
  <node id="2178261505" lat="24.6439729" lon="121.5643521"/>
  <node id="1984505638" lat="24.6441320" lon="121.5644462"/>
  <node id="11017096835" lat="24.6035698" lon="121.5299510"/>
  <node id="3110882511" lat="24.6013977" lon="121.5293035"/>
  <node id="2345938554" lat="24.6152544" lon="121.5485287"/>
  <node id="3110882541" lat="24.6150122" lon="121.5484009"/>
  <node id="3110882814" lat="24.6380822" lon="121.5672062"/>
  <node id="2345990534" lat="24.6385366" lon="121.5671743"/>
  <node id="11017263790" lat="24.6386208" lon="121.5671773"/>
  <node id="2345990780" lat="24.6386892" lon="121.5671919"/>
  <node id="11017263789" lat="24.6387240" lon="121.5672057"/>
  <node id="11017263788" lat="24.6388558" lon="121.5672816"/>
  <node id="3110882816" lat="24.6389431" lon="121.5673169"/>
  <node id="3110882818" lat="24.6389908" lon="121.5673218"/>
  <node id="2345990773" lat="24.6390284" lon="121.5673138"/>
  <node id="3110882822" lat="24.6390643" lon="121.5672989"/>
  <node id="11017263787" lat="24.6390975" lon="121.5672709"/>
  <node id="11017263786" lat="24.6391218" lon="121.5672235"/>
  <node id="11017263785" lat="24.6391317" lon="121.5671577"/>
  <node id="11017263784" lat="24.6391269" lon="121.5670922"/>
  <node id="2345990605" lat="24.6391084" lon="121.5670407"/>
  <node id="3110882821" lat="24.6390705" lon="121.5669947"/>
  <node id="3110882820" lat="24.6390390" lon="121.5669797"/>
  <node id="2345990682" lat="24.6389165" lon="121.5669669"/>
  <node id="3110882817" lat="24.6387490" lon="121.5669648"/>
  <node id="11017263783" lat="24.6385840" lon="121.5669560"/>
  <node id="11017263782" lat="24.6384570" lon="121.5669365"/>
  <node id="2345990684" lat="24.6383403" lon="121.5669073"/>
  <node id="2345990678" lat="24.6382442" lon="121.5668770"/>
  <node id="2345933037" lat="24.6381601" lon="121.5668380"/>
  <node id="2345990656" lat="24.6376474" lon="121.5665155"/>
  <node id="11017263781" lat="24.6376194" lon="121.5664800"/>
  <node id="11017263780" lat="24.6376019" lon="121.5664405"/>
  <node id="11017263779" lat="24.6375925" lon="121.5663675"/>
  <node id="2345990602" lat="24.6375913" lon="121.5662932"/>
  <node id="3110882810" lat="24.6376183" lon="121.5660860"/>
  <node id="3110882812" lat="24.6376206" lon="121.5659801"/>
  <node id="2345990709" lat="24.6376092" lon="121.5658787"/>
  <node id="11017263778" lat="24.6375833" lon="121.5657788"/>
  <node id="11017263777" lat="24.6375591" lon="121.5657147"/>
  <node id="11017263776" lat="24.6375126" lon="121.5656428"/>
  <node id="3110882811" lat="24.6374635" lon="121.5655921"/>
  <node id="3110882809" lat="24.6374242" lon="121.5655633"/>
  <node id="3110882808" lat="24.6373644" lon="121.5655280"/>
  <node id="2345990736" lat="24.6373045" lon="121.5655034"/>
  <node id="3110882806" lat="24.6371924" lon="121.5654765"/>
  <node id="3110882804" lat="24.6371251" lon="121.5654695"/>
  <node id="2345990664" lat="24.6370607" lon="121.5654695"/>
  <node id="11017263775" lat="24.6369383" lon="121.5654982"/>
  <node id="9107309833" lat="24.6368300" lon="121.5655173"/>
  <node id="11017263774" lat="24.6367653" lon="121.5655165"/>
  <node id="2345990791" lat="24.6367007" lon="121.5655060"/>
  <node id="3110882799" lat="24.6366292" lon="121.5654793"/>
  <node id="3110882797" lat="24.6365345" lon="121.5654370"/>
  <node id="2345990744" lat="24.6362742" lon="121.5652910"/>
  <node id="11017263773" lat="24.6361906" lon="121.5652542"/>
  <node id="11017263772" lat="24.6361000" lon="121.5652330"/>
  <node id="11017263771" lat="24.6359989" lon="121.5652235"/>
  <node id="3110882787" lat="24.6358584" lon="121.5652026"/>
  <node id="3110882781" lat="24.6357889" lon="121.5651852"/>
  <node id="2345990666" lat="24.6357127" lon="121.5651406"/>
  <node id="3110882780" lat="24.6356383" lon="121.5650850"/>
  <node id="3110882778" lat="24.6355905" lon="121.5650279"/>
  <node id="3110882777" lat="24.6355574" lon="121.5649760"/>
  <node id="3110882775" lat="24.6355359" lon="121.5649152"/>
  <node id="2345990586" lat="24.6355278" lon="121.5648169"/>
  <node id="2345990765" lat="24.6355566" lon="121.5642754"/>
  <node id="3110882779" lat="24.6355557" lon="121.5641720"/>
  <node id="2345990781" lat="24.6355484" lon="121.5640933"/>
  <node id="11017263769" lat="24.6355331" lon="121.5640174"/>
  <node id="11017263770" lat="24.6355123" lon="121.5639504"/>
  <node id="3110882776" lat="24.6354791" lon="121.5638795"/>
  <node id="2345990711" lat="24.6352346" lon="121.5634761"/>
  <node id="11017263768" lat="24.6351950" lon="121.5633899"/>
  <node id="3110882772" lat="24.6351695" lon="121.5633018"/>
  <node id="11017263767" lat="24.6351575" lon="121.5632261"/>
  <node id="9107309832" lat="24.6351507" lon="121.5631475"/>
  <node id="11017263766" lat="24.6351451" lon="121.5630605"/>
  <node id="2345990568" lat="24.6351333" lon="121.5629939"/>
  <node id="11017263765" lat="24.6351041" lon="121.5629229"/>
  <node id="3110882771" lat="24.6350802" lon="121.5628789"/>
  <node id="2345990628" lat="24.6350246" lon="121.5628304"/>
  <node id="3110882770" lat="24.6349429" lon="121.5627863"/>
  <node id="3110882769" lat="24.6348365" lon="121.5627398"/>
  <node id="2345990799" lat="24.6344580" lon="121.5625995"/>
  <node id="11017263764" lat="24.6343819" lon="121.5625544"/>
  <node id="3110882766" lat="24.6343058" lon="121.5624976"/>
  <node id="2345990697" lat="24.6342096" lon="121.5623491"/>
  <node id="9107309831" lat="24.6341083" lon="121.5622320"/>
  <node id="3110882764" lat="24.6340005" lon="121.5621328"/>
  <node id="2345990712" lat="24.6339478" lon="121.5620988"/>
  <node id="9107309830" lat="24.6338469" lon="121.5620618"/>
  <node id="11017263763" lat="24.6337589" lon="121.5620342"/>
  <node id="3110882763" lat="24.6336823" lon="121.5620211"/>
  <node id="11017263762" lat="24.6335743" lon="121.5620164"/>
  <node id="2345990692" lat="24.6334117" lon="121.5620175"/>
  <node id="3110882760" lat="24.6333517" lon="121.5620124"/>
  <node id="11017263761" lat="24.6332955" lon="121.5619958"/>
  <node id="3110882758" lat="24.6332631" lon="121.5619656"/>
  <node id="2345990724" lat="24.6332348" lon="121.5619191"/>
  <node id="3110882755" lat="24.6332101" lon="121.5618548"/>
  <node id="3110882756" lat="24.6332051" lon="121.5618046"/>
  <node id="3110882757" lat="24.6332140" lon="121.5617547"/>
  <node id="3110882759" lat="24.6332273" lon="121.5617189"/>
  <node id="11017263760" lat="24.6332621" lon="121.5616839"/>
  <node id="2345990680" lat="24.6332934" lon="121.5616741"/>
  <node id="11017263759" lat="24.6333675" lon="121.5616734"/>
  <node id="2345990674" lat="24.6334539" lon="121.5616920"/>
  <node id="2345990676" lat="24.6349903" lon="121.5622213"/>
  <node id="11017263758" lat="24.6351374" lon="121.5622690"/>
  <node id="3110882774" lat="24.6352431" lon="121.5623148"/>
  <node id="9107309829" lat="24.6353016" lon="121.5623511"/>
  <node id="11017263757" lat="24.6353670" lon="121.5624083"/>
  <node id="2345990625" lat="24.6354183" lon="121.5624712"/>
  <node id="3110882786" lat="24.6360614" lon="121.5633965"/>
  <node id="2345990539" lat="24.6361145" lon="121.5634579"/>
  <node id="3110882790" lat="24.6361701" lon="121.5634972"/>
  <node id="3110882791" lat="24.6362082" lon="121.5635141"/>
  <node id="2345990603" lat="24.6362625" lon="121.5635177"/>
  <node id="3110882793" lat="24.6363010" lon="121.5635014"/>
  <node id="2345990562" lat="24.6363397" lon="121.5634685"/>
  <node id="3110882795" lat="24.6363775" lon="121.5634185"/>
  <node id="9107301048" lat="24.6363940" lon="121.5633591"/>
  <node id="3110882794" lat="24.6363942" lon="121.5633032"/>
  <node id="11017263756" lat="24.6363818" lon="121.5632700"/>
  <node id="9107301049" lat="24.6363658" lon="121.5632369"/>
  <node id="2345990789" lat="24.6363353" lon="121.5632019"/>
  <node id="3110882792" lat="24.6362511" lon="121.5631494"/>
  <node id="2345990740" lat="24.6360677" lon="121.5630489"/>
  <node id="11017263755" lat="24.6359899" lon="121.5629864"/>
  <node id="9107309823" lat="24.6359544" lon="121.5629403"/>
  <node id="11017263754" lat="24.6358965" lon="121.5628476"/>
  <node id="2345990672" lat="24.6358316" lon="121.5627462"/>
  <node id="9107309824" lat="24.6355942" lon="121.5624317"/>
  <node id="11017263753" lat="24.6355055" lon="121.5623085"/>
  <node id="2345990550" lat="24.6353957" lon="121.5621601"/>
  <node id="9107309825" lat="24.6353259" lon="121.5620863"/>
  <node id="11017263752" lat="24.6352581" lon="121.5620311"/>
  <node id="3110882773" lat="24.6351781" lon="121.5619739"/>
  <node id="3110882768" lat="24.6348701" lon="121.5618074"/>
  <node id="3110882767" lat="24.6346678" lon="121.5616635"/>
  <node id="3110882765" lat="24.6341785" lon="121.5612718"/>
  <node id="2345990694" lat="24.6340131" lon="121.5611301"/>
  <node id="3110882762" lat="24.6336149" lon="121.5606836"/>
  <node id="3110882761" lat="24.6333463" lon="121.5604323"/>
  <node id="2345990609" lat="24.6332037" lon="121.5603203"/>
  <node id="11017263751" lat="24.6331496" lon="121.5602921"/>
  <node id="11017263750" lat="24.6330911" lon="121.5602737"/>
  <node id="3110882754" lat="24.6330146" lon="121.5602543"/>
  <node id="2345990745" lat="24.6326177" lon="121.5601077"/>
  <node id="11017263749" lat="24.6325520" lon="121.5600776"/>
  <node id="3110882753" lat="24.6324982" lon="121.5600402"/>
  <node id="3110882752" lat="24.6324268" lon="121.5599671"/>
  <node id="11017263748" lat="24.6323681" lon="121.5599066"/>
  <node id="3110882751" lat="24.6323219" lon="121.5598512"/>
  <node id="2345990733" lat="24.6321236" lon="121.5596227"/>
  <node id="11017263747" lat="24.6320651" lon="121.5595584"/>
  <node id="11017263746" lat="24.6319826" lon="121.5594853"/>
  <node id="3110882746" lat="24.6319293" lon="121.5594502"/>
  <node id="3110882740" lat="24.6315559" lon="121.5592727"/>
  <node id="11017263745" lat="24.6315063" lon="121.5592375"/>
  <node id="4430919448" lat="24.6314687" lon="121.5591979"/>
  <node id="3110882739" lat="24.6314447" lon="121.5591598"/>
  <node id="11017263744" lat="24.6314330" lon="121.5591061"/>
  <node id="2345990660" lat="24.6314406" lon="121.5590671"/>
  <node id="3110882741" lat="24.6314589" lon="121.5590316"/>
  <node id="11017263743" lat="24.6314881" lon="121.5590007"/>
  <node id="2345990596" lat="24.6315214" lon="121.5589830"/>
  <node id="3110882743" lat="24.6315599" lon="121.5589772"/>
  <node id="11017263742" lat="24.6315990" lon="121.5589815"/>
  <node id="11017263741" lat="24.6316447" lon="121.5589939"/>
  <node id="2345990701" lat="24.6316917" lon="121.5590113"/>
  <node id="11017263740" lat="24.6317277" lon="121.5590338"/>
  <node id="11017263739" lat="24.6317717" lon="121.5590687"/>
  <node id="9107309826" lat="24.6318490" lon="121.5591401"/>
  <node id="2345990718" lat="24.6319762" lon="121.5592664"/>
  <node id="2345990533" lat="24.6320491" lon="121.5593113"/>
  <node id="3110882747" lat="24.6321005" lon="121.5593343"/>
  <node id="11017263738" lat="24.6321478" lon="121.5593396"/>
  <node id="3110882748" lat="24.6321778" lon="121.5593346"/>
  <node id="2345990727" lat="24.6322038" lon="121.5593172"/>
  <node id="11017263737" lat="24.6322297" lon="121.5592813"/>
  <node id="3110882750" lat="24.6322469" lon="121.5592388"/>
  <node id="11017263736" lat="24.6322469" lon="121.5591866"/>
  <node id="11017263735" lat="24.6322376" lon="121.5591395"/>
  <node id="11017263734" lat="24.6322149" lon="121.5590892"/>
  <node id="11017263733" lat="24.6321630" lon="121.5590178"/>
  <node id="3110882749" lat="24.6320990" lon="121.5589582"/>
  <node id="2345990571" lat="24.6320220" lon="121.5589083"/>
  <node id="3110882745" lat="24.6319299" lon="121.5588621"/>
  <node id="3110882744" lat="24.6316972" lon="121.5587606"/>
  <node id="2345990804" lat="24.6309809" lon="121.5583661"/>
  <node id="11017263732" lat="24.6308573" lon="121.5583031"/>
  <node id="9107309827" lat="24.6307399" lon="121.5582488"/>
  <node id="11017263731" lat="24.6306765" lon="121.5582265"/>
  <node id="11017263730" lat="24.6305867" lon="121.5582014"/>
  <node id="3110882738" lat="24.6304918" lon="121.5581723"/>
  <node id="11017263729" lat="24.6303005" lon="121.5581234"/>
  <node id="4430919447" lat="24.6300828" lon="121.5580765"/>
  <node id="11017263728" lat="24.6299213" lon="121.5580473"/>
  <node id="9107309828" lat="24.6297758" lon="121.5580261"/>
  <node id="2345990695" lat="24.6295414" lon="121.5580023"/>
  <node id="2345990738" lat="24.6293991" lon="121.5579984"/>
  <node id="11017263727" lat="24.6293282" lon="121.5580043"/>
  <node id="11017263726" lat="24.6292851" lon="121.5580183"/>
  <node id="3110882737" lat="24.6292388" lon="121.5580434"/>
  <node id="11017263725" lat="24.6291950" lon="121.5580828"/>
  <node id="3110882736" lat="24.6291486" lon="121.5581296"/>
  <node id="3110882735" lat="24.6288975" lon="121.5583348"/>
  <node id="11017263724" lat="24.6288328" lon="121.5583684"/>
  <node id="2345990670" lat="24.6287682" lon="121.5583918"/>
  <node id="11017263723" lat="24.6286928" lon="121.5584149"/>
  <node id="11017263722" lat="24.6285019" lon="121.5584548"/>
  <node id="2345990530" lat="24.6283354" lon="121.5584878"/>
  <node id="11017263721" lat="24.6282510" lon="121.5585151"/>
  <node id="3110882734" lat="24.6281501" lon="121.5585548"/>
  <node id="3110882733" lat="24.6280401" lon="121.5586348"/>
  <node id="11017263720" lat="24.6279739" lon="121.5587054"/>
  <node id="2345990722" lat="24.6279356" lon="121.5587535"/>
  <node id="11017263719" lat="24.6277780" lon="121.5589612"/>
  <node id="2345990686" lat="24.6276137" lon="121.5591931"/>
  <node id="11017263718" lat="24.6274959" lon="121.5593261"/>
  <node id="3110882732" lat="24.6274325" lon="121.5593759"/>
  <node id="11017263717" lat="24.6273864" lon="121.5594017"/>
  <node id="11017263716" lat="24.6273291" lon="121.5594267"/>
  <node id="2345990777" lat="24.6272582" lon="121.5594505"/>
  <node id="11017263715" lat="24.6271349" lon="121.5594860"/>
  <node id="3110882731" lat="24.6270314" lon="121.5595071"/>
  <node id="3110882730" lat="24.6269315" lon="121.5595160"/>
  <node id="3110882729" lat="24.6268640" lon="121.5595142"/>
  <node id="2345990621" lat="24.6268100" lon="121.5595057"/>
  <node id="11017263714" lat="24.6267814" lon="121.5594959"/>
  <node id="11017263713" lat="24.6267431" lon="121.5594702"/>
  <node id="3110882628" lat="24.6266918" lon="121.5594188"/>
  <node id="11017263712" lat="24.6266578" lon="121.5593749"/>
  <node id="11017263711" lat="24.6266329" lon="121.5593234"/>
  <node id="2345990749" lat="24.6266039" lon="121.5592470"/>
  <node id="11017263710" lat="24.6265737" lon="121.5591561"/>
  <node id="2345990735" lat="24.6265186" lon="121.5589446"/>
  <node id="11017263709" lat="24.6264780" lon="121.5588449"/>
  <node id="3110882627" lat="24.6264260" lon="121.5587516"/>
  <node id="3110882626" lat="24.6263240" lon="121.5586148"/>
  <node id="3110882625" lat="24.6262467" lon="121.5585209"/>
  <node id="11017263708" lat="24.6261632" lon="121.5584429"/>
  <node id="3110882620" lat="24.6261126" lon="121.5583985"/>
  <node id="11017263707" lat="24.6260112" lon="121.5583203"/>
  <node id="2345990662" lat="24.6258672" lon="121.5582282"/>
  <node id="3110882617" lat="24.6258012" lon="121.5581718"/>
  <node id="11017263706" lat="24.6257202" lon="121.5581080"/>
  <node id="11017263705" lat="24.6256765" lon="121.5580672"/>
  <node id="2345990515" lat="24.6256432" lon="121.5580209"/>
  <node id="3110882615" lat="24.6256006" lon="121.5579398"/>
  <node id="9050325251" lat="24.6255924" lon="121.5578687"/>
  <node id="3110882614" lat="24.6255925" lon="121.5578105"/>
  <node id="11017263704" lat="24.6255940" lon="121.5577641"/>
  <node id="2345990699" lat="24.6256006" lon="121.5577092"/>
  <node id="3110882616" lat="24.6256504" lon="121.5575744"/>
  <node id="2345990584" lat="24.6261339" lon="121.5565987"/>
  <node id="3110882621" lat="24.6262205" lon="121.5564432"/>
  <node id="3110882624" lat="24.6262485" lon="121.5563198"/>
  <node id="3110882623" lat="24.6262510" lon="121.5561977"/>
  <node id="3110882622" lat="24.6262473" lon="121.5561213"/>
  <node id="2345990783" lat="24.6262364" lon="121.5560408"/>
  <node id="3110882619" lat="24.6261803" lon="121.5558424"/>
  <node id="2345990787" lat="24.6260035" lon="121.5555460"/>
  <node id="3110882618" lat="24.6259072" lon="121.5554622"/>
  <node id="2345990703" lat="24.6258214" lon="121.5554192"/>
  <node id="3110882613" lat="24.6254137" lon="121.5553120"/>
  <node id="2345990771" lat="24.6252849" lon="121.5552476"/>
  <node id="3110882612" lat="24.6250883" lon="121.5550404"/>
  <node id="2345990716" lat="24.6250493" lon="121.5549572"/>
  <node id="3110882611" lat="24.6250371" lon="121.5548902"/>
  <node id="3110882610" lat="24.6250224" lon="121.5547829"/>
  <node id="2345990613" lat="24.6250102" lon="121.5544583"/>
  <node id="3110882609" lat="24.6249907" lon="121.5543591"/>
  <node id="3110882608" lat="24.6249469" lon="121.5542840"/>
  <node id="2345990714" lat="24.6248956" lon="121.5542276"/>
  <node id="3110882607" lat="24.6246627" lon="121.5541747"/>
  <node id="3110882606" lat="24.6241262" lon="121.5540460"/>
  <node id="3110882599" lat="24.6238902" lon="121.5539816"/>
  <node id="2345990548" lat="24.6237887" lon="121.5539406"/>
  <node id="3110882597" lat="24.6232474" lon="121.5534498"/>
  <node id="2345990590" lat="24.6231474" lon="121.5533506"/>
  <node id="3110882593" lat="24.6227938" lon="121.5531682"/>
  <node id="2345990575" lat="24.6227109" lon="121.5530958"/>
  <node id="3110882589" lat="24.6226378" lon="121.5529965"/>
  <node id="2345990731" lat="24.6224452" lon="121.5525781"/>
  <node id="3110882588" lat="24.6224135" lon="121.5524708"/>
  <node id="3110882587" lat="24.6224086" lon="121.5523394"/>
  <node id="2345990801" lat="24.6224500" lon="121.5522321"/>
  <node id="2345990619" lat="24.6226161" lon="121.5519843"/>
  <node id="3110882595" lat="24.6226795" lon="121.5518636"/>
  <node id="2345990577" lat="24.6227051" lon="121.5517282"/>
  <node id="3110882594" lat="24.6227002" lon="121.5516249"/>
  <node id="3110882590" lat="24.6226430" lon="121.5512929"/>
  <node id="2345990797" lat="24.6226309" lon="121.5510635"/>
  <node id="2345990752" lat="24.6226337" lon="121.5505812"/>
  <node id="2345990756" lat="24.6226560" lon="121.5503136"/>
  <node id="3110882591" lat="24.6226854" lon="121.5502159"/>
  <node id="3110882592" lat="24.6227389" lon="121.5501375"/>
  <node id="2345990519" lat="24.6228127" lon="121.5500730"/>
  <node id="4446620599" lat="24.6228687" lon="121.5500413"/>
  <node id="4446620600" lat="24.6230486" lon="121.5499936"/>
  <node id="2345990782" lat="24.6237814" lon="121.5498517"/>
  <node id="2345990785" lat="24.6238633" lon="121.5498125"/>
  <node id="3110882601" lat="24.6239330" lon="121.5497443"/>
  <node id="3110882604" lat="24.6239584" lon="121.5496993"/>
  <node id="3110882605" lat="24.6239748" lon="121.5496476"/>
  <node id="3110882603" lat="24.6239675" lon="121.5492823"/>
  <node id="3110882602" lat="24.6239411" lon="121.5489118"/>
  <node id="11017263703" lat="24.6239151" lon="121.5487895"/>
  <node id="11017263702" lat="24.6238660" lon="121.5486712"/>
  <node id="3110882600" lat="24.6237856" lon="121.5485800"/>
  <node id="11017263701" lat="24.6236859" lon="121.5485073"/>
  <node id="11017263700" lat="24.6234790" lon="121.5484091"/>
  <node id="2345990786" lat="24.6234048" lon="121.5483975"/>
  <node id="3110882598" lat="24.6233224" lon="121.5484024"/>
  <node id="2345990767" lat="24.6232294" lon="121.5484380"/>
  <node id="11017263699" lat="24.6231553" lon="121.5484803"/>
  <node id="11017263698" lat="24.6229256" lon="121.5485954"/>
  <node id="3110882596" lat="24.6226986" lon="121.5486485"/>
  <node id="2345990705" lat="24.6225840" lon="121.5486574"/>
  <node id="2345990769" lat="24.6224123" lon="121.5486145"/>
  <node id="2345990779" lat="24.6220446" lon="121.5483597"/>
  <node id="3110882586" lat="24.6219802" lon="121.5483168"/>
  <node id="2345990720" lat="24.6218300" lon="121.5482953"/>
  <node id="3110882585" lat="24.6214859" lon="121.5483758"/>
  <node id="2345990614" lat="24.6214001" lon="121.5483544"/>
  <node id="3110882584" lat="24.6213143" lon="121.5483329"/>
  <node id="3110882583" lat="24.6212499" lon="121.5482900"/>
  <node id="3110882582" lat="24.6211426" lon="121.5481398"/>
  <node id="2345990806" lat="24.6209334" lon="121.5477219"/>
  <node id="3110882581" lat="24.6208846" lon="121.5476401"/>
  <node id="2345990543" lat="24.6208212" lon="121.5475838"/>
  <node id="3110882580" lat="24.6201566" lon="121.5472653"/>
  <node id="3110882579" lat="24.6200922" lon="121.5472439"/>
  <node id="3110882578" lat="24.6200278" lon="121.5472010"/>
  <node id="2345990729" lat="24.6199849" lon="121.5471366"/>
  <node id="2345990707" lat="24.6196511" lon="121.5466870"/>
  <node id="3110882577" lat="24.6193482" lon="121.5463614"/>
  <node id="3110882576" lat="24.6191724" lon="121.5461214"/>
  <node id="2345990594" lat="24.6191081" lon="121.5460570"/>
  <node id="3110882575" lat="24.6190437" lon="121.5459926"/>
  <node id="3110882574" lat="24.6187559" lon="121.5457472"/>
  <node id="2345990573" lat="24.6186272" lon="121.5455970"/>
  <node id="11017263697" lat="24.6185759" lon="121.5455066"/>
  <node id="11017263696" lat="24.6185383" lon="121.5454112"/>
  <node id="11017263695" lat="24.6184954" lon="121.5452792"/>
  <node id="3110882573" lat="24.6184645" lon="121.5452021"/>
  <node id="11017263693" lat="24.6183787" lon="121.5450560"/>
  <node id="11017263694" lat="24.6182929" lon="121.5449518"/>
  <node id="11017263692" lat="24.6181811" lon="121.5448391"/>
  <node id="2345990688" lat="24.6181088" lon="121.5447767"/>
  <node id="11017263691" lat="24.6180492" lon="121.5447351"/>
  <node id="11017263690" lat="24.6179957" lon="121.5447119"/>
  <node id="11017263689" lat="24.6179621" lon="121.5447078"/>
  <node id="11017263688" lat="24.6179393" lon="121.5447096"/>
  <node id="3110882570" lat="24.6178937" lon="121.5447232"/>
  <node id="3110882569" lat="24.6178652" lon="121.5447384"/>
  <node id="2345990623" lat="24.6178338" lon="121.5447773"/>
  <node id="3110882567" lat="24.6178172" lon="121.5448147"/>
  <node id="3110882564" lat="24.6178062" lon="121.5448652"/>
  <node id="2345990788" lat="24.6178031" lon="121.5449191"/>
  <node id="11017263687" lat="24.6178066" lon="121.5449695"/>
  <node id="3110882565" lat="24.6178706" lon="121.5451394"/>
  <node id="3110882568" lat="24.6179435" lon="121.5452982"/>
  <node id="11017263686" lat="24.6179749" lon="121.5453812"/>
  <node id="11017263685" lat="24.6180017" lon="121.5454794"/>
  <node id="2345990592" lat="24.6181410" lon="121.5460730"/>
  <node id="11017263684" lat="24.6181603" lon="121.5461816"/>
  <node id="3110882571" lat="24.6181734" lon="121.5462944"/>
  <node id="11017263683" lat="24.6181733" lon="121.5463799"/>
  <node id="11017263682" lat="24.6181641" lon="121.5464737"/>
  <node id="2345990510" lat="24.6181501" lon="121.5465385"/>
  <node id="3110882572" lat="24.6181340" lon="121.5465822"/>
  <node id="11017263681" lat="24.6181047" lon="121.5466127"/>
  <node id="11017263680" lat="24.6180656" lon="121.5466448"/>
  <node id="11017263679" lat="24.6180270" lon="121.5466670"/>
  <node id="2345990795" lat="24.6179254" lon="121.5467030"/>
  <node id="11017263678" lat="24.6178704" lon="121.5467282"/>
  <node id="3110882566" lat="24.6178177" lon="121.5467601"/>
  <node id="11017263677" lat="24.6177782" lon="121.5468102"/>
  <node id="11017263676" lat="24.6177486" lon="121.5468805"/>
  <node id="11017263675" lat="24.6177110" lon="121.5470010"/>
  <node id="2345990725" lat="24.6176709" lon="121.5472184"/>
  <node id="3110882563" lat="24.6176535" lon="121.5473099"/>
  <node id="3110882562" lat="24.6176318" lon="121.5473480"/>
  <node id="11017263674" lat="24.6175726" lon="121.5473948"/>
  <node id="3110882561" lat="24.6174895" lon="121.5474439"/>
  <node id="2345990617" lat="24.6174018" lon="121.5475054"/>
  <node id="2345990535" lat="24.6171903" lon="121.5476777"/>
  <node id="11017263673" lat="24.6171622" lon="121.5477136"/>
  <node id="11017263672" lat="24.6171386" lon="121.5477562"/>
  <node id="11017263671" lat="24.6171145" lon="121.5478381"/>
  <node id="3110882557" lat="24.6171137" lon="121.5479210"/>
  <node id="3110882554" lat="24.6171274" lon="121.5479938"/>
  <node id="3110882555" lat="24.6171550" lon="121.5480807"/>
  <node id="11017263670" lat="24.6171830" lon="121.5481525"/>
  <node id="11017263669" lat="24.6172484" lon="121.5482597"/>
  <node id="11017263668" lat="24.6172906" lon="121.5483527"/>
  <node id="2345990808" lat="24.6172952" lon="121.5484025"/>
  <node id="3110882560" lat="24.6172816" lon="121.5484408"/>
  <node id="11017263667" lat="24.6172489" lon="121.5484701"/>
  <node id="2345990668" lat="24.6172132" lon="121.5484876"/>
  <node id="3110882559" lat="24.6171711" lon="121.5484971"/>
  <node id="3110882558" lat="24.6171202" lon="121.5484979"/>
  <node id="3110882556" lat="24.6170439" lon="121.5484837"/>
  <node id="2345990570" lat="24.6170132" lon="121.5484658"/>
  <node id="3110882553" lat="24.6168356" lon="121.5482632"/>
  <node id="3110882552" lat="24.6167908" lon="121.5482199"/>
  <node id="3110882551" lat="24.6165324" lon="121.5480093"/>
  <node id="11017263664" lat="24.6164824" lon="121.5479887"/>
  <node id="3110882550" lat="24.6164324" lon="121.5479798"/>
  <node id="2345990754" lat="24.6163226" lon="121.5480066"/>
  <node id="3110882549" lat="24.6162410" lon="121.5480442"/>
  <node id="11017263663" lat="24.6160598" lon="121.5481875"/>
  <node id="3110882540" lat="24.6149732" lon="121.5483570"/>
  <node id="3110882539" lat="24.6149540" lon="121.5483141"/>
  <node id="2345938561" lat="24.6149540" lon="121.5481853"/>
  <node id="2345990607" lat="24.6150461" lon="121.5476700"/>
  <node id="2345990600" lat="24.6150949" lon="121.5475077"/>
  <node id="11017263627" lat="24.6151328" lon="121.5474506"/>
  <node id="2345990759" lat="24.6151778" lon="121.5474031"/>
  <node id="2345990761" lat="24.6158338" lon="121.5468979"/>
  <node id="3110882545" lat="24.6159166" lon="121.5468184"/>
  <node id="2345990556" lat="24.6159784" lon="121.5467252"/>
  <node id="3110882548" lat="24.6160054" lon="121.5466431"/>
  <node id="11017263626" lat="24.6160098" lon="121.5465740"/>
  <node id="3110882547" lat="24.6160054" lon="121.5465117"/>
  <node id="2345990541" lat="24.6159840" lon="121.5464044"/>
  <node id="3110882546" lat="24.6159533" lon="121.5463389"/>
  <node id="11017263625" lat="24.6159087" lon="121.5462814"/>
  <node id="3110882544" lat="24.6158552" lon="121.5462327"/>
  <node id="11017263624" lat="24.6157845" lon="121.5461966"/>
  <node id="3110882543" lat="24.6157156" lon="121.5461702"/>
  <node id="2345990747" lat="24.6155763" lon="121.5461254"/>
  <node id="11017263623" lat="24.6154541" lon="121.5460955"/>
  <node id="11017263622" lat="24.6153055" lon="121.5460733"/>
  <node id="2345990564" lat="24.6149061" lon="121.5460523"/>
  <node id="11017263621" lat="24.6148348" lon="121.5460415"/>
  <node id="3110882538" lat="24.6147370" lon="121.5459986"/>
  <node id="11017263620" lat="24.6145903" lon="121.5459196"/>
  <node id="11017263619" lat="24.6144736" lon="121.5458502"/>
  <node id="2345990690" lat="24.6143141" lon="121.5457851"/>
  <node id="11017263618" lat="24.6141881" lon="121.5457450"/>
  <node id="11017263617" lat="24.6140111" lon="121.5457040"/>
  <node id="2345990742" lat="24.6138120" lon="121.5456569"/>
  <node id="11017263615" lat="24.6137052" lon="121.5456124"/>
  <node id="11017263616" lat="24.6136244" lon="121.5455610"/>
  <node id="3110882537" lat="24.6135560" lon="121.5455000"/>
  <node id="11017263614" lat="24.6134793" lon="121.5454257"/>
  <node id="11017263613" lat="24.6134079" lon="121.5453417"/>
  <node id="3110882536" lat="24.6133532" lon="121.5452445"/>
  <node id="2345990758" lat="24.6133115" lon="121.5451335"/>
  <node id="3110882535" lat="24.6132834" lon="121.5450351"/>
  <node id="3110882534" lat="24.6132720" lon="121.5449512"/>
  <node id="11017263612" lat="24.6132671" lon="121.5447945"/>
  <node id="11017263611" lat="24.6132692" lon="121.5446486"/>
  <node id="2345990763" lat="24.6132629" lon="121.5445312"/>
  <node id="3110882533" lat="24.6131502" lon="121.5438863"/>
  <node id="11017263610" lat="24.6131261" lon="121.5438011"/>
  <node id="3110882532" lat="24.6130959" lon="121.5437392"/>
  <node id="11017263609" lat="24.6130506" lon="121.5436792"/>
  <node id="2345990544" lat="24.6130053" lon="121.5436357"/>
  <node id="2345990611" lat="24.6125681" lon="121.5433090"/>
  <node id="11017263608" lat="24.6124851" lon="121.5432331"/>
  <node id="3110882531" lat="24.6124144" lon="121.5431494"/>
  <node id="3110882530" lat="24.6123277" lon="121.5429886"/>
  <node id="2345990566" lat="24.6122757" lon="121.5428861"/>
  <node id="11017263607" lat="24.6122091" lon="121.5427351"/>
  <node id="3110882529" lat="24.6121663" lon="121.5426151"/>
  <node id="11017263606" lat="24.6120430" lon="121.5422031"/>
  <node id="2345990525" lat="24.6119805" lon="121.5420093"/>
  <node id="3110882528" lat="24.6119508" lon="121.5419556"/>
  <node id="11017263605" lat="24.6119203" lon="121.5419191"/>
  <node id="3110882527" lat="24.6118820" lon="121.5418933"/>
  <node id="11017263604" lat="24.6118354" lon="121.5418741"/>
  <node id="11017263603" lat="24.6117641" lon="121.5418597"/>
  <node id="3110882526" lat="24.6116710" lon="121.5418466"/>
  <node id="2345990552" lat="24.6113193" lon="121.5418192"/>
  <node id="3110882525" lat="24.6112432" lon="121.5418211"/>
  <node id="11017263602" lat="24.6111636" lon="121.5418297"/>
  <node id="11017263601" lat="24.6110901" lon="121.5418421"/>
  <node id="11017263600" lat="24.6109783" lon="121.5418632"/>
  <node id="2345990527" lat="24.6107285" lon="121.5419149"/>
  <node id="11017263599" lat="24.6106712" lon="121.5419221"/>
  <node id="2345990529" lat="24.6106218" lon="121.5419197"/>
  <node id="11017263598" lat="24.6105591" lon="121.5419082"/>
  <node id="11017263597" lat="24.6105122" lon="121.5418918"/>
  <node id="3110882524" lat="24.6104731" lon="121.5418648"/>
  <node id="11017263596" lat="24.6104416" lon="121.5418353"/>
  <node id="11017263595" lat="24.6103951" lon="121.5417854"/>
  <node id="11017263594" lat="24.6103480" lon="121.5417283"/>
  <node id="3110882523" lat="24.6102539" lon="121.5415965"/>
  <node id="11017263593" lat="24.6101883" lon="121.5415194"/>
  <node id="2345990581" lat="24.6101422" lon="121.5414782"/>
  <node id="11017263592" lat="24.6100877" lon="121.5414437"/>
  <node id="11017263591" lat="24.6100315" lon="121.5414160"/>
  <node id="11017263590" lat="24.6099631" lon="121.5413917"/>
  <node id="2345990517" lat="24.6098158" lon="121.5413450"/>
  <node id="11017263589" lat="24.6096983" lon="121.5413069"/>
  <node id="3110882522" lat="24.6095966" lon="121.5412532"/>
  <node id="11017263588" lat="24.6095062" lon="121.5411799"/>
  <node id="2345990598" lat="24.6091229" lon="121.5407928"/>
  <node id="4293200396" lat="24.6089880" lon="121.5406619"/>
  <node id="3110882521" lat="24.6085398" lon="121.5402389"/>
  <node id="11017108498" lat="24.6084236" lon="121.5401079"/>
  <node id="11017108497" lat="24.6083058" lon="121.5399698"/>
  <node id="4446629133" lat="24.6081109" lon="121.5396971"/>
  <node id="11034692034" lat="24.6077297" lon="121.5391893"/>
  <node id="2345990583" lat="24.6076751" lon="121.5391165"/>
  <node id="11017096819" lat="24.6001462" lon="121.5281406"/>
  <node id="3110882507" lat="24.5999765" lon="121.5279722"/>
  <node id="3110882506" lat="24.5992255" lon="121.5272856"/>
  <node id="3110882505" lat="24.5968587" lon="121.5251380"/>
  <node id="11017096818" lat="24.5965581" lon="121.5248571"/>
  <node id="3110882504" lat="24.5947149" lon="121.5231630"/>
  <node id="3210187028" lat="24.5945504" lon="121.5229951"/>
  <node id="2345967782" lat="24.5944598" lon="121.5228888"/>
  <node id="3110882503" lat="24.5933247" lon="121.5214491"/>
  <node id="3110882502" lat="24.5928857" lon="121.5209180"/>
  <node id="3110882501" lat="24.5917847" lon="121.5195581"/>
  <node id="3110882500" lat="24.5916020" lon="121.5192997"/>
  <node id="11040297403" lat="24.5913547" lon="121.5189146"/>
  <node id="2345967732" lat="24.5912442" lon="121.5187261"/>
  <node id="11017096629" lat="24.5910297" lon="121.5182244"/>
  <node id="11017096628" lat="24.5909535" lon="121.5180732"/>
  <node id="11017096650" lat="24.5909122" lon="121.5180120"/>
  <node id="2833180646" lat="24.5908677" lon="121.5179632"/>
  <node id="2345967793" lat="24.5908137" lon="121.5179081"/>
  <node id="11017096649" lat="24.5907618" lon="121.5178798"/>
  <node id="2833180647" lat="24.5907214" lon="121.5178614"/>
  <node id="2345967792" lat="24.5904416" lon="121.5177971"/>
  <node id="11017096612" lat="24.5902031" lon="121.5177628"/>
  <node id="2833180648" lat="24.5901049" lon="121.5177453"/>
  <node id="11017096613" lat="24.5900327" lon="121.5177135"/>
  <node id="11017096614" lat="24.5899661" lon="121.5176589"/>
  <node id="2833180652" lat="24.5899065" lon="121.5176043"/>
  <node id="2833180653" lat="24.5898501" lon="121.5175451"/>
  <node id="2833180651" lat="24.5897904" lon="121.5174619"/>
  <node id="2833180650" lat="24.5894185" lon="121.5168538"/>
  <node id="10042481058" lat="24.5887405" lon="121.5159512"/>
  <node id="11017096611" lat="24.5886859" lon="121.5158637"/>
  <node id="2833180649" lat="24.5886118" lon="121.5157816"/>
  <node id="2833180643" lat="24.5885342" lon="121.5157184"/>
  <node id="11017096610" lat="24.5884030" lon="121.5156428"/>
  <node id="11017096609" lat="24.5883563" lon="121.5155844"/>
  <node id="2833180642" lat="24.5883222" lon="121.5154953"/>
  <node id="11017096608" lat="24.5882720" lon="121.5153978"/>
  <node id="2833180644" lat="24.5881980" lon="121.5153158"/>
  <node id="11017096607" lat="24.5881195" lon="121.5152601"/>
  <node id="11017096606" lat="24.5880044" lon="121.5152199"/>
  <node id="2833180641" lat="24.5879067" lon="121.5151487"/>
  <node id="11017096605" lat="24.5878388" lon="121.5150687"/>
  <node id="11017058104" lat="24.5877766" lon="121.5149840"/>
  <node id="11017058103" lat="24.5877142" lon="121.5149231"/>
  <node id="2833180640" lat="24.5876457" lon="121.5148817"/>
  <node id="2345967762" lat="24.5875577" lon="121.5148602"/>
  <node id="11017058102" lat="24.5869185" lon="121.5147999"/>
  <node id="2345967790" lat="24.5867739" lon="121.5147494"/>
  <node id="2833180645" lat="24.5866716" lon="121.5146921"/>
  <node id="3110882499" lat="24.5866112" lon="121.5146615"/>
  <node id="3110882498" lat="24.5865617" lon="121.5146604"/>
  <node id="2345967758" lat="24.5864819" lon="121.5146902"/>
  <node id="3110882497" lat="24.5864187" lon="121.5147245"/>
  <node id="3110882496" lat="24.5862271" lon="121.5148535"/>
  <node id="2345967752" lat="24.5860133" lon="121.5150171"/>
  <node id="11017058096" lat="24.5858960" lon="121.5150846"/>
  <node id="11017058095" lat="24.5857619" lon="121.5151366"/>
  <node id="3110882491" lat="24.5856119" lon="121.5151724"/>
  <node id="2833180654" lat="24.5854843" lon="121.5152361"/>
  <node id="3110882488" lat="24.5853228" lon="121.5153494"/>
  <node id="3110882486" lat="24.5852116" lon="121.5154408"/>
  <node id="2345967826" lat="24.5851558" lon="121.5155117"/>
  <node id="11017058100" lat="24.5851186" lon="121.5155532"/>
  <node id="11017058099" lat="24.5850814" lon="121.5155741"/>
  <node id="2833180655" lat="24.5850359" lon="121.5155770"/>
  <node id="2178261953" lat="24.6104290" lon="121.5256152"/>
  <node id="4446606611" lat="24.6103158" lon="121.5255771"/>
  <node id="11017007940" lat="24.6102466" lon="121.5255587"/>
  <node id="300592948" lat="24.6101788" lon="121.5255498"/>
  <node id="11017007941" lat="24.6100884" lon="121.5255446"/>
  <node id="2178261722" lat="24.6099712" lon="121.5255458"/>
  <node id="11017007943" lat="24.6098898" lon="121.5255553"/>
  <node id="11017007942" lat="24.6098026" lon="121.5255728"/>
  <node id="2178262178" lat="24.6097208" lon="121.5256077"/>
  <node id="2178262222" lat="24.6094562" lon="121.5257817"/>
  <node id="2178262173" lat="24.6093722" lon="121.5258313"/>
  <node id="11017007944" lat="24.6093085" lon="121.5258585"/>
  <node id="11017007945" lat="24.6092506" lon="121.5258713"/>
  <node id="300592942" lat="24.6091884" lon="121.5258761"/>
  <node id="11017007946" lat="24.6091441" lon="121.5258686"/>
  <node id="2178262170" lat="24.6091026" lon="121.5258547"/>
  <node id="300592936" lat="24.6090520" lon="121.5258292"/>
  <node id="11017007948" lat="24.6089810" lon="121.5257701"/>
  <node id="11017007947" lat="24.6089101" lon="121.5256982"/>
  <node id="2178262181" lat="24.6085554" lon="121.5252717"/>
  <node id="11017007949" lat="24.6084274" lon="121.5251078"/>
  <node id="4446606610" lat="24.6083176" lon="121.5249519"/>
  <node id="11017007950" lat="24.6081555" lon="121.5246932"/>
  <node id="300592930" lat="24.6079969" lon="121.5244368"/>
  <node id="11017007951" lat="24.6079349" lon="121.5243396"/>
  <node id="2178262176" lat="24.6078577" lon="121.5242447"/>
  <node id="4443590370" lat="24.6077271" lon="121.5241116"/>
  <node id="4443590369" lat="24.6075355" lon="121.5239404"/>
  <node id="2178262168" lat="24.6074208" lon="121.5238379"/>
  <node id="4443590368" lat="24.6073503" lon="121.5237514"/>
  <node id="11017007952" lat="24.6072654" lon="121.5236373"/>
  <node id="4443590367" lat="24.6071667" lon="121.5235136"/>
  <node id="11017007953" lat="24.6068122" lon="121.5230535"/>
  <node id="2178261663" lat="24.6065388" lon="121.5226882"/>
  <node id="2178261665" lat="24.6063551" lon="121.5224866"/>
  <node id="11017050357" lat="24.6062258" lon="121.5223540"/>
  <node id="300592925" lat="24.6060161" lon="121.5221697"/>
  <node id="11017050358" lat="24.6059198" lon="121.5220911"/>
  <node id="2178261645" lat="24.6058026" lon="121.5220183"/>
  <node id="4446599882" lat="24.6055709" lon="121.5218899"/>
  <node id="2178261654" lat="24.6054588" lon="121.5218158"/>
  <node id="300592920" lat="24.6053870" lon="121.5217544"/>
  <node id="11017050359" lat="24.6052742" lon="121.5216068"/>
  <node id="4442912045" lat="24.6051092" lon="121.5213500"/>
  <node id="11017050360" lat="24.6046321" lon="121.5206781"/>
  <node id="11017050361" lat="24.6045731" lon="121.5205862"/>
  <node id="300592885" lat="24.6045100" lon="121.5204782"/>
  <node id="2178261661" lat="24.6040412" lon="121.5196201"/>
  <node id="11017050362" lat="24.6039206" lon="121.5194185"/>
  <node id="11017050363" lat="24.6037423" lon="121.5191569"/>
  <node id="300592871" lat="24.6036590" lon="121.5190297"/>
  <node id="2178261659" lat="24.6036071" lon="121.5189170"/>
  <node id="11017050364" lat="24.6035856" lon="121.5188333"/>
  <node id="2178261639" lat="24.6035672" lon="121.5187026"/>
  <node id="2178261634" lat="24.6035199" lon="121.5183575"/>
  <node id="11017050365" lat="24.6034930" lon="121.5182363"/>
  <node id="300592844" lat="24.6034514" lon="121.5180990"/>
  <node id="11017050366" lat="24.6034074" lon="121.5179784"/>
  <node id="2178261624" lat="24.6033414" lon="121.5178372"/>
  <node id="11017050367" lat="24.6031136" lon="121.5174031"/>
  <node id="2178261620" lat="24.6030216" lon="121.5172113"/>
  <node id="300592811" lat="24.6029858" lon="121.5171058"/>
  <node id="11017050368" lat="24.6029579" lon="121.5169965"/>
  <node id="2178261626" lat="24.6029426" lon="121.5168849"/>
  <node id="2178261622" lat="24.6029124" lon="121.5163945"/>
  <node id="11017050369" lat="24.6028960" lon="121.5162763"/>
  <node id="300592786" lat="24.6028661" lon="121.5161604"/>
  <node id="11017050370" lat="24.6028229" lon="121.5160438"/>
  <node id="2178261616" lat="24.6027828" lon="121.5159743"/>
  <node id="11017050371" lat="24.6027340" lon="121.5159060"/>
  <node id="4446599879" lat="24.6026705" lon="121.5158388"/>
  <node id="300592754" lat="24.6025836" lon="121.5157492"/>
  <node id="2178261608" lat="24.6024951" lon="121.5156528"/>
  <node id="11017050372" lat="24.6024156" lon="121.5155783"/>
  <node id="2178261618" lat="24.6023110" lon="121.5154992"/>
  <node id="300592736" lat="24.6019774" lon="121.5152627"/>
  <node id="11017051707" lat="24.6016153" lon="121.5150399"/>
  <node id="2178261611" lat="24.6011281" lon="121.5147478"/>
  <node id="11017051708" lat="24.6010514" lon="121.5147058"/>
  <node id="11017051709" lat="24.6010155" lon="121.5146928"/>
  <node id="300592720" lat="24.6009725" lon="121.5146798"/>
  <node id="2178261606" lat="24.6007398" lon="121.5146687"/>
  <node id="11017051710" lat="24.6006198" lon="121.5146550"/>
  <node id="2178261602" lat="24.6005302" lon="121.5146404"/>
  <node id="4446599877" lat="24.6004331" lon="121.5146158"/>
  <node id="2178261593" lat="24.6000039" lon="121.5144763"/>
  <node id="11017051711" lat="24.5999242" lon="121.5144601"/>
  <node id="4446599875" lat="24.5998503" lon="121.5144455"/>
  <node id="11017051712" lat="24.5997613" lon="121.5144325"/>
  <node id="4446599872" lat="24.5995098" lon="121.5144204"/>
  <node id="11017051713" lat="24.5993600" lon="121.5144086"/>
  <node id="2178261586" lat="24.5992074" lon="121.5143884"/>
  <node id="2178261599" lat="24.5991109" lon="121.5143673"/>
  <node id="11017051714" lat="24.5990331" lon="121.5143425"/>
  <node id="4446599871" lat="24.5989054" lon="121.5142683"/>
  <node id="11017051715" lat="24.5986837" lon="121.5141128"/>
  <node id="6551870644" lat="24.5986090" lon="121.5140694"/>
  <node id="300592574" lat="24.5985293" lon="121.5140307"/>
  <node id="6551870643" lat="24.5984776" lon="121.5140112"/>
  <node id="2178261569" lat="24.5983832" lon="121.5139877"/>
  <node id="4442912044" lat="24.5980588" lon="121.5139352"/>
  <node id="11017051716" lat="24.5979723" lon="121.5139184"/>
  <node id="2178261568" lat="24.5978951" lon="121.5138983"/>
  <node id="11017051717" lat="24.5977929" lon="121.5138587"/>
  <node id="300592563" lat="24.5976819" lon="121.5137960"/>
  <node id="2178261563" lat="24.5975942" lon="121.5137287"/>
  <node id="4446599868" lat="24.5975325" lon="121.5136658"/>
  <node id="6551870645" lat="24.5974664" lon="121.5135752"/>
  <node id="6551870642" lat="24.5973380" lon="121.5133994"/>
  <node id="300592550" lat="24.5973283" lon="121.5133723"/>
  <node id="3104018237" lat="24.6389448" lon="121.5536004"/>
  <node id="11016900495" lat="24.6388521" lon="121.5535265"/>
  <node id="3104018236" lat="24.6387073" lon="121.5534333"/>
  <node id="3104018234" lat="24.6385922" lon="121.5533640"/>
  <node id="4430919452" lat="24.6384952" lon="121.5533067"/>
  <node id="4430919451" lat="24.6383519" lon="121.5532414"/>
  <node id="3104018233" lat="24.6381985" lon="121.5531769"/>
  <node id="3104018231" lat="24.6379408" lon="121.5530773"/>
  <node id="11016900496" lat="24.6377005" lon="121.5529834"/>
  <node id="2345967795" lat="24.6009431" lon="121.5290826"/>
  <node id="3210187293" lat="24.6010423" lon="121.5292519"/>
  <node id="11017096829" lat="24.6011175" lon="121.5293215"/>
  <node id="11017096831" lat="24.6011454" lon="121.5293590"/>
  <node id="11017263587" lat="24.6011630" lon="121.5293983"/>
  <node id="11017096830" lat="24.6011698" lon="121.5294460"/>
  <node id="3210187295" lat="24.6011624" lon="121.5295051"/>
  <node id="11017096832" lat="24.6011222" lon="121.5296360"/>
  <node id="3210187294" lat="24.6010934" lon="121.5296866"/>
  <node id="3210187292" lat="24.6009364" lon="121.5298157"/>
  <node id="11017096833" lat="24.6005784" lon="121.5300544"/>
  <node id="3210187283" lat="24.6002337" lon="121.5302448"/>
  <node id="11017263586" lat="24.6001907" lon="121.5302818"/>
  <node id="11017263585" lat="24.6001645" lon="121.5303357"/>
  <node id="11017263584" lat="24.6001596" lon="121.5303844"/>
  <node id="3210187282" lat="24.6001682" lon="121.5304599"/>
  <node id="11017263583" lat="24.6002039" lon="121.5305982"/>
  <node id="11017263582" lat="24.6002457" lon="121.5308005"/>
  <node id="11017263581" lat="24.6002560" lon="121.5309105"/>
  <node id="11017263580" lat="24.6002566" lon="121.5310917"/>
  <node id="3210187284" lat="24.6002470" lon="121.5311815"/>
  <node id="11017263579" lat="24.6001707" lon="121.5313986"/>
  <node id="11017263578" lat="24.6001387" lon="121.5314372"/>
  <node id="3210187278" lat="24.6000963" lon="121.5314556"/>
  <node id="3210187276" lat="24.6000668" lon="121.5314568"/>
  <node id="3210187273" lat="24.6000408" lon="121.5314363"/>
  <node id="11017263577" lat="24.6000190" lon="121.5314032"/>
  <node id="11017263576" lat="24.6000080" lon="121.5313559"/>
  <node id="11017263575" lat="24.6000074" lon="121.5312830"/>
  <node id="11017263574" lat="24.6000612" lon="121.5310111"/>
  <node id="3210187277" lat="24.6000679" lon="121.5309116"/>
  <node id="11017263573" lat="24.6000617" lon="121.5308125"/>
  <node id="3210187275" lat="24.6000433" lon="121.5307201"/>
  <node id="11017263571" lat="24.5999348" lon="121.5304461"/>
  <node id="11017263572" lat="24.5999166" lon="121.5304260"/>
  <node id="3210187271" lat="24.5998937" lon="121.5304178"/>
  <node id="3210187417" lat="24.6183020" lon="121.5284275"/>
  <node id="11017007783" lat="24.6182265" lon="121.5283397"/>
  <node id="4443594840" lat="24.6182025" lon="121.5282963"/>
  <node id="3210187412" lat="24.6181311" lon="121.5281406"/>
  <node id="4443560800" lat="24.6179915" lon="121.5280245"/>
  <node id="4443560796" lat="24.6179044" lon="121.5279642"/>
  <node id="3210187403" lat="24.6177633" lon="121.5278821"/>
  <node id="4443560792" lat="24.6177291" lon="121.5278541"/>
  <node id="11017007782" lat="24.6177022" lon="121.5278205"/>
  <node id="3210187400" lat="24.6176856" lon="121.5277841"/>
  <node id="11017007781" lat="24.6176740" lon="121.5277086"/>
  <node id="4443560793" lat="24.6176746" lon="121.5276302"/>
  <node id="11017007780" lat="24.6176656" lon="121.5275806"/>
  <node id="4443560791" lat="24.6176488" lon="121.5275510"/>
  <node id="3210187397" lat="24.6173958" lon="121.5273806"/>
  <node id="4443560790" lat="24.6172380" lon="121.5272265"/>
  <node id="4443560788" lat="24.6172087" lon="121.5271541"/>
  <node id="4443560789" lat="24.6171819" lon="121.5270951"/>
  <node id="4443560787" lat="24.6171588" lon="121.5270173"/>
  <node id="3210187389" lat="24.6169079" lon="121.5268044"/>
  <node id="9161720279" lat="24.6168306" lon="121.5266928"/>
  <node id="11017007761" lat="24.6167987" lon="121.5266167"/>
  <node id="3210187387" lat="24.6167792" lon="121.5265200"/>
  <node id="11017007760" lat="24.6167714" lon="121.5263592"/>
  <node id="3210187385" lat="24.6167593" lon="121.5262352"/>
  <node id="11017007759" lat="24.6167207" lon="121.5260703"/>
  <node id="4443560781" lat="24.6167060" lon="121.5258973"/>
  <node id="3210187388" lat="24.6167172" lon="121.5257804"/>
  <node id="11017007758" lat="24.6167604" lon="121.5256233"/>
  <node id="4443560783" lat="24.6168391" lon="121.5254845"/>
  <node id="4443560785" lat="24.6169015" lon="121.5254214"/>
  <node id="4443560786" lat="24.6169661" lon="121.5253838"/>
  <node id="3210187392" lat="24.6171856" lon="121.5253087"/>
  <node id="3210187405" lat="24.6178226" lon="121.5252397"/>
  <node id="9161720280" lat="24.6179144" lon="121.5251787"/>
  <node id="4295748402" lat="24.6180321" lon="121.5250852"/>
  <node id="4295748401" lat="24.6185759" lon="121.5250062"/>
  <node id="4295748400" lat="24.6187727" lon="121.5249368"/>
  <node id="11017007757" lat="24.6187956" lon="121.5249028"/>
  <node id="4443560812" lat="24.6188144" lon="121.5248528"/>
  <node id="4443560806" lat="24.6187828" lon="121.5247562"/>
  <node id="4295748399" lat="24.6187523" lon="121.5246958"/>
  <node id="4443560805" lat="24.6187310" lon="121.5246307"/>
  <node id="11017007756" lat="24.6187317" lon="121.5245753"/>
  <node id="4443560807" lat="24.6187596" lon="121.5245336"/>
  <node id="4443560810" lat="24.6187925" lon="121.5244921"/>
  <node id="4295748398" lat="24.6189083" lon="121.5244617"/>
  <node id="4295748397" lat="24.6191447" lon="121.5244271"/>
  <node id="9161720281" lat="24.6192653" lon="121.5243472"/>
  <node id="4295748396" lat="24.6193774" lon="121.5242082"/>
  <node id="4295748395" lat="24.6196117" lon="121.5238667"/>
  <node id="9161720282" lat="24.6197164" lon="121.5237303"/>
  <node id="4295748394" lat="24.6198977" lon="121.5236133"/>
  <node id="4295748393" lat="24.6200832" lon="121.5234737"/>
  <node id="4295748392" lat="24.6201806" lon="121.5229234"/>
  <node id="4295748391" lat="24.6204098" lon="121.5223256"/>
  <node id="9161720283" lat="24.6204211" lon="121.5222216"/>
  <node id="9161720284" lat="24.6203626" lon="121.5221156"/>
  <node id="4295748390" lat="24.6203174" lon="121.5219882"/>
  <node id="9161720285" lat="24.6203394" lon="121.5219077"/>
  <node id="4295748389" lat="24.6204881" lon="121.5216881"/>
  <node id="4295748388" lat="24.6207749" lon="121.5215131"/>
  <node id="9161720286" lat="24.6208649" lon="121.5214357"/>
  <node id="4295748387" lat="24.6209278" lon="121.5211862"/>
  <node id="9161720287" lat="24.6209807" lon="121.5211138"/>
  <node id="9161720288" lat="24.6211587" lon="121.5210253"/>
  <node id="9161720289" lat="24.6212684" lon="121.5209153"/>
  <node id="9161720290" lat="24.6213733" lon="121.5207021"/>
  <node id="4295748386" lat="24.6215030" lon="121.5205710"/>
  <node id="11017007755" lat="24.6215116" lon="121.5205456"/>
  <node id="9161720291" lat="24.6215071" lon="121.5205179"/>
  <node id="9161720292" lat="24.6214937" lon="121.5204979"/>
  <node id="9161720293" lat="24.6213087" lon="121.5204540"/>
  <node id="9161720294" lat="24.6212343" lon="121.5204124"/>
  <node id="11017007754" lat="24.6212293" lon="121.5203798"/>
  <node id="9161720295" lat="24.6212353" lon="121.5203473"/>
  <node id="11017007753" lat="24.6212563" lon="121.5203084"/>
  <node id="4295748385" lat="24.6213271" lon="121.5202281"/>
  <node id="9161720296" lat="24.6213452" lon="121.5201308"/>
  <node id="9161720297" lat="24.6213587" lon="121.5197512"/>
  <node id="4295748384" lat="24.6214016" lon="121.5196891"/>
  <node id="9161720298" lat="24.6216061" lon="121.5196976"/>
  <node id="4295748383" lat="24.6217950" lon="121.5196493"/>
  <node id="9161720299" lat="24.6219500" lon="121.5195434"/>
  <node id="4295748382" lat="24.6220265" lon="121.5195184"/>
  <node id="9161720300" lat="24.6221779" lon="121.5195662"/>
  <node id="9161720303" lat="24.6222718" lon="121.5195528"/>
  <node id="9161720302" lat="24.6224791" lon="121.5195608"/>
  <node id="9161720301" lat="24.6227071" lon="121.5196292"/>
  <node id="11017007752" lat="24.6229346" lon="121.5196082"/>
  <node id="9161720305" lat="24.6229899" lon="121.5196158"/>
  <node id="9161720304" lat="24.6231247" lon="121.5196868"/>
  <node id="11017007751" lat="24.6231845" lon="121.5196981"/>
  <node id="4295748381" lat="24.6232486" lon="121.5196966"/>
  <node id="11017007750" lat="24.6232941" lon="121.5196837"/>
  <node id="11017007749" lat="24.6233295" lon="121.5196629"/>
  <node id="11017007748" lat="24.6233887" lon="121.5196118"/>
  <node id="4443560836" lat="24.6234521" lon="121.5195414"/>
  <node id="11017007747" lat="24.6235422" lon="121.5194277"/>
  <node id="4295748380" lat="24.6235873" lon="121.5193873"/>
  <node id="4443560850" lat="24.6236456" lon="121.5193569"/>
  <node id="4443560852" lat="24.6236965" lon="121.5193391"/>
  <node id="4443560853" lat="24.6237551" lon="121.5193294"/>
  <node id="11017007746" lat="24.6237938" lon="121.5193327"/>
  <node id="4295748379" lat="24.6238282" lon="121.5193488"/>
  <node id="4443560858" lat="24.6238807" lon="121.5194072"/>
  <node id="11017007745" lat="24.6239254" lon="121.5194282"/>
  <node id="4443560862" lat="24.6239745" lon="121.5194381"/>
  <node id="4443560637" lat="24.6240840" lon="121.5194607"/>
  <node id="11017007744" lat="24.6242036" lon="121.5195069"/>
  <node id="11017007743" lat="24.6243451" lon="121.5195508"/>
  <node id="4295748378" lat="24.6244110" lon="121.5195628"/>
  <node id="11017007742" lat="24.6244978" lon="121.5195666"/>
  <node id="4295748377" lat="24.6245472" lon="121.5195770"/>
  <node id="11017007741" lat="24.6245706" lon="121.5195925"/>
  <node id="11017007740" lat="24.6245856" lon="121.5196266"/>
  <node id="4443560650" lat="24.6245889" lon="121.5196577"/>
  <node id="4443560651" lat="24.6245749" lon="121.5196821"/>
  <node id="4443560648" lat="24.6245391" lon="121.5197036"/>
  <node id="4443560647" lat="24.6244662" lon="121.5197197"/>
  <node id="11017007739" lat="24.6244018" lon="121.5197258"/>
  <node id="4443560646" lat="24.6243574" lon="121.5197358"/>
  <node id="4443560645" lat="24.6242885" lon="121.5197816"/>
  <node id="11017007738" lat="24.6242570" lon="121.5198252"/>
  <node id="11017007737" lat="24.6242322" lon="121.5198767"/>
  <node id="4443560643" lat="24.6242234" lon="121.5199241"/>
  <node id="11017007736" lat="24.6242245" lon="121.5199858"/>
  <node id="4443560642" lat="24.6242190" lon="121.5200463"/>
  <node id="4443560640" lat="24.6241878" lon="121.5201001"/>
  <node id="11017007735" lat="24.6241538" lon="121.5201175"/>
  <node id="4443560638" lat="24.6241179" lon="121.5201216"/>
  <node id="11017007734" lat="24.6240455" lon="121.5201073"/>
  <node id="4443560636" lat="24.6239887" lon="121.5201011"/>
  <node id="11017007733" lat="24.6239479" lon="121.5201059"/>
  <node id="4443560861" lat="24.6239142" lon="121.5201253"/>
  <node id="4443560859" lat="24.6238362" lon="121.5202434"/>
  <node id="4443560855" lat="24.6237698" lon="121.5203528"/>
  <node id="4443560854" lat="24.6237347" lon="121.5203917"/>
  <node id="11017007732" lat="24.6237052" lon="121.5204083"/>
  <node id="4443560847" lat="24.6236618" lon="121.5204150"/>
  <node id="11017007731" lat="24.6236192" lon="121.5204063"/>
  <node id="4443560843" lat="24.6235826" lon="121.5203909"/>
  <node id="11017007730" lat="24.6235259" lon="121.5203628"/>
  <node id="4295748375" lat="24.6234753" lon="121.5203480"/>
  <node id="11017007729" lat="24.6234325" lon="121.5203524"/>
  <node id="11017007728" lat="24.6233897" lon="121.5203661"/>
  <node id="4443560831" lat="24.6233595" lon="121.5203869"/>
  <node id="4443560830" lat="24.6233180" lon="121.5204700"/>
  <node id="11017007727" lat="24.6232936" lon="121.5205224"/>
  <node id="11017007726" lat="24.6232595" lon="121.5205642"/>
  <node id="4443560826" lat="24.6231950" lon="121.5206318"/>
  <node id="4443560824" lat="24.6231443" lon="121.5206968"/>
  <node id="4443560823" lat="24.6230820" lon="121.5208170"/>
  <node id="4443560821" lat="24.6230431" lon="121.5209412"/>
  <node id="4443560819" lat="24.6230356" lon="121.5209902"/>
  <node id="4443560818" lat="24.6230372" lon="121.5210293"/>
  <node id="4443560817" lat="24.6230438" lon="121.5210720"/>
  <node id="4443560820" lat="24.6230615" lon="121.5211146"/>
  <node id="11017007725" lat="24.6230914" lon="121.5211580"/>
  <node id="4443560822" lat="24.6231339" lon="121.5211902"/>
  <node id="11017007724" lat="24.6232034" lon="121.5212261"/>
  <node id="4443560825" lat="24.6232525" lon="121.5212684"/>
  <node id="4443560827" lat="24.6232870" lon="121.5213101"/>
  <node id="4443560829" lat="24.6233449" lon="121.5214128"/>
  <node id="4443560835" lat="24.6234405" lon="121.5216089"/>
  <node id="4295748372" lat="24.6234572" lon="121.5216320"/>
  <node id="4443560844" lat="24.6234841" lon="121.5216447"/>
  <node id="11017007680" lat="24.6235152" lon="121.5216398"/>
  <node id="9161720386" lat="24.6235478" lon="121.5216221"/>
  <node id="4443560848" lat="24.6235801" lon="121.5215822"/>
  <node id="11017007679" lat="24.6235975" lon="121.5215353"/>
  <node id="4443560846" lat="24.6235997" lon="121.5214812"/>
  <node id="4443560838" lat="24.6235008" lon="121.5212359"/>
  <node id="11017007678" lat="24.6234821" lon="121.5211599"/>
  <node id="4443560837" lat="24.6234778" lon="121.5211030"/>
  <node id="11017007677" lat="24.6234990" lon="121.5210603"/>
  <node id="4443560839" lat="24.6235476" lon="121.5210366"/>
  <node id="11017007676" lat="24.6236197" lon="121.5210155"/>
  <node id="4295748369" lat="24.6236911" lon="121.5210078"/>
  <node id="4443560857" lat="24.6238788" lon="121.5210266"/>
  <node id="11017007675" lat="24.6239866" lon="121.5210233"/>
  <node id="4295748368" lat="24.6240814" lon="121.5209962"/>
  <node id="4443560639" lat="24.6241799" lon="121.5209147"/>
  <node id="11017007674" lat="24.6242668" lon="121.5208835"/>
  <node id="9161720387" lat="24.6243596" lon="121.5208731"/>
  <node id="11017007673" lat="24.6247350" lon="121.5208654"/>
  <node id="4295748367" lat="24.6248462" lon="121.5208831"/>
  <node id="11017007672" lat="24.6250702" lon="121.5209314"/>
  <node id="4295748366" lat="24.6251511" lon="121.5209176"/>
  <node id="11017007671" lat="24.6252165" lon="121.5208735"/>
  <node id="9161720388" lat="24.6252536" lon="121.5208313"/>
  <node id="9161720389" lat="24.6253550" lon="121.5207665"/>
  <node id="9161720390" lat="24.6255941" lon="121.5206722"/>
  <node id="9161720392" lat="24.6257817" lon="121.5205009"/>
  <node id="9161720391" lat="24.6259280" lon="121.5204848"/>
  <node id="9161720394" lat="24.6259841" lon="121.5204620"/>
  <node id="9161720393" lat="24.6260560" lon="121.5202971"/>
  <node id="4295748365" lat="24.6261445" lon="121.5202036"/>
  <node id="9161720395" lat="24.6262499" lon="121.5201831"/>
  <node id="11017007670" lat="24.6265887" lon="121.5201573"/>
  <node id="4295748364" lat="24.6266279" lon="121.5201617"/>
  <node id="11017007669" lat="24.6269378" lon="121.5203954"/>
  <node id="9161720396" lat="24.6270305" lon="121.5204508"/>
  <node id="11017007668" lat="24.6271356" lon="121.5204832"/>
  <node id="9161720398" lat="24.6272069" lon="121.5204964"/>
  <node id="11017007667" lat="24.6273560" lon="121.5205043"/>
  <node id="11017007666" lat="24.6273954" lon="121.5205135"/>
  <node id="11017007665" lat="24.6274115" lon="121.5205299"/>
  <node id="4295748363" lat="24.6274196" lon="121.5205548"/>
  <node id="9161720397" lat="24.6274089" lon="121.5205899"/>
  <node id="9161720399" lat="24.6273869" lon="121.5206135"/>
  <node id="4295748362" lat="24.6273498" lon="121.5206298"/>
  <node id="11017007664" lat="24.6272520" lon="121.5206441"/>
  <node id="11017007663" lat="24.6271783" lon="121.5206438"/>
  <node id="9161720400" lat="24.6270441" lon="121.5206259"/>
  <node id="11017007662" lat="24.6269586" lon="121.5206010"/>
  <node id="11017007661" lat="24.6268183" lon="121.5205258"/>
  <node id="4295748361" lat="24.6267559" lon="121.5205131"/>
  <node id="4443560656" lat="24.6266736" lon="121.5205110"/>
  <node id="11017007660" lat="24.6266248" lon="121.5205191"/>
  <node id="4443560655" lat="24.6265641" lon="121.5205425"/>
  <node id="11017007659" lat="24.6265303" lon="121.5205649"/>
  <node id="4295748360" lat="24.6264995" lon="121.5206165"/>
  <node id="9161720403" lat="24.6263391" lon="121.5210524"/>
  <node id="11017007658" lat="24.6262672" lon="121.5211428"/>
  <node id="9161720402" lat="24.6262121" lon="121.5212372"/>
  <node id="9161720401" lat="24.6261475" lon="121.5215242"/>
  <node id="9161720404" lat="24.6261597" lon="121.5217240"/>
  <node id="9161720405" lat="24.6261328" lon="121.5218461"/>
  <node id="4295748359" lat="24.6260207" lon="121.5221239"/>
  <node id="11017007657" lat="24.6260174" lon="121.5221634"/>
  <node id="11017007656" lat="24.6260249" lon="121.5222069"/>
  <node id="4295748358" lat="24.6260412" lon="121.5222952"/>
  <node id="4443591989" lat="24.6260389" lon="121.5223533"/>
  <node id="11016969383" lat="24.6260183" lon="121.5223959"/>
  <node id="11016969382" lat="24.6259790" lon="121.5224379"/>
  <node id="9161720406" lat="24.6259270" lon="121.5225045"/>
  <node id="4295748357" lat="24.6257915" lon="121.5228104"/>
  <node id="9161720407" lat="24.6257184" lon="121.5229382"/>
  <node id="11016969381" lat="24.6257000" lon="121.5229916"/>
  <node id="4443590382" lat="24.6256998" lon="121.5230608"/>
  <node id="11016969380" lat="24.6257117" lon="121.5231368"/>
  <node id="9161720408" lat="24.6257338" lon="121.5232273"/>
  <node id="11016969379" lat="24.6257645" lon="121.5233210"/>
  <node id="4443590384" lat="24.6257808" lon="121.5234040"/>
  <node id="9161720410" lat="24.6257917" lon="121.5236007"/>
  <node id="11016969378" lat="24.6257924" lon="121.5236433"/>
  <node id="4295748356" lat="24.6257774" lon="121.5236812"/>
  <node id="11016969377" lat="24.6257236" lon="121.5237827"/>
  <node id="9161720409" lat="24.6256601" lon="121.5238981"/>
  <node id="4295748355" lat="24.6255732" lon="121.5240971"/>
  <node id="9161720411" lat="24.6253328" lon="121.5244590"/>
  <node id="4295748354" lat="24.6250107" lon="121.5250554"/>
  <node id="11016969376" lat="24.6249860" lon="121.5251277"/>
  <node id="4443590376" lat="24.6249847" lon="121.5251608"/>
  <node id="11016969375" lat="24.6250043" lon="121.5252137"/>
  <node id="4443590377" lat="24.6250408" lon="121.5252692"/>
  <node id="11016969374" lat="24.6250826" lon="121.5253279"/>
  <node id="4443590378" lat="24.6251244" lon="121.5253622"/>
  <node id="11016969373" lat="24.6251717" lon="121.5253948"/>
  <node id="4295748353" lat="24.6252425" lon="121.5254340"/>
  <node id="11016969372" lat="24.6253169" lon="121.5254731"/>
  <node id="4443590379" lat="24.6253968" lon="121.5255009"/>
  <node id="4443590380" lat="24.6254723" lon="121.5255151"/>
  <node id="11016969371" lat="24.6255368" lon="121.5255225"/>
  <node id="4295748352" lat="24.6256219" lon="121.5255192"/>
  <node id="11016969370" lat="24.6256628" lon="121.5255128"/>
  <node id="4443590381" lat="24.6257020" lon="121.5254971"/>
  <node id="11016969369" lat="24.6257311" lon="121.5254711"/>
  <node id="4443590383" lat="24.6257752" lon="121.5254139"/>
  <node id="4443590385" lat="24.6258427" lon="121.5253513"/>
  <node id="11016969368" lat="24.6258754" lon="121.5253391"/>
  <node id="4295748351" lat="24.6259117" lon="121.5253388"/>
  <node id="11016969367" lat="24.6259435" lon="121.5253503"/>
  <node id="4443590386" lat="24.6259692" lon="121.5253730"/>
  <node id="11016969366" lat="24.6260288" lon="121.5255333"/>
  <node id="4443591992" lat="24.6260607" lon="121.5255769"/>
  <node id="4295748350" lat="24.6263174" lon="121.5257230"/>
  <node id="11016969365" lat="24.6263484" lon="121.5257331"/>
  <node id="4443591995" lat="24.6263807" lon="121.5257313"/>
  <node id="4295748349" lat="24.6264060" lon="121.5257132"/>
  <node id="11016969364" lat="24.6264196" lon="121.5256859"/>
  <node id="4295748348" lat="24.6264199" lon="121.5256507"/>
  <node id="11016969363" lat="24.6264110" lon="121.5256159"/>
  <node id="4443591996" lat="24.6263834" lon="121.5255864"/>
  <node id="4295748347" lat="24.6261858" lon="121.5254727"/>
  <node id="11016969362" lat="24.6261506" lon="121.5254329"/>
  <node id="11016969361" lat="24.6261310" lon="121.5253819"/>
  <node id="9161720416" lat="24.6261244" lon="121.5253282"/>
  <node id="11016969360" lat="24.6261256" lon="121.5252742"/>
  <node id="4295748346" lat="24.6261400" lon="121.5252168"/>
  <node id="11016969359" lat="24.6261913" lon="121.5250739"/>
  <node id="4443591993" lat="24.6262523" lon="121.5249462"/>
  <node id="11016969358" lat="24.6263047" lon="121.5248859"/>
  <node id="11016969357" lat="24.6263318" lon="121.5248628"/>
  <node id="4443591994" lat="24.6263861" lon="121.5248297"/>
  <node id="11016969356" lat="24.6264366" lon="121.5247894"/>
  <node id="4443591998" lat="24.6264716" lon="121.5247497"/>
  <node id="9161720421" lat="24.6266414" lon="121.5244963"/>
  <node id="11016969355" lat="24.6266915" lon="121.5244469"/>
  <node id="4295748345" lat="24.6267140" lon="121.5244373"/>
  <node id="11016969354" lat="24.6267557" lon="121.5244398"/>
  <node id="4295748344" lat="24.6267890" lon="121.5244550"/>
  <node id="11016969353" lat="24.6268677" lon="121.5244975"/>
  <node id="4443560657" lat="24.6269379" lon="121.5245500"/>
  <node id="11016969352" lat="24.6270089" lon="121.5246107"/>
  <node id="11016969351" lat="24.6270665" lon="121.5246806"/>
  <node id="9161720420" lat="24.6271312" lon="121.5247767"/>
  <node id="11016969350" lat="24.6271695" lon="121.5248569"/>
  <node id="11016969349" lat="24.6271945" lon="121.5248807"/>
  <node id="4295748343" lat="24.6272205" lon="121.5248886"/>
  <node id="9161720419" lat="24.6273007" lon="121.5248874"/>
  <node id="11016969348" lat="24.6273614" lon="121.5248819"/>
  <node id="4295748342" lat="24.6274221" lon="121.5248664"/>
  <node id="11016969347" lat="24.6274511" lon="121.5248507"/>
  <node id="11016969346" lat="24.6274752" lon="121.5248177"/>
  <node id="11016969345" lat="24.6275041" lon="121.5247598"/>
  <node id="9161720417" lat="24.6275596" lon="121.5246757"/>
  <node id="11016969344" lat="24.6276031" lon="121.5246342"/>
  <node id="11016969343" lat="24.6276467" lon="121.5246047"/>
  <node id="11016969340" lat="24.6277060" lon="121.5245816"/>
  <node id="11016969341" lat="24.6277381" lon="121.5245665"/>
  <node id="11016969342" lat="24.6277764" lon="121.5245424"/>
  <node id="9161720418" lat="24.6278148" lon="121.5245116"/>
  <node id="4295748341" lat="24.6279133" lon="121.5243864"/>
  <node id="11016969339" lat="24.6281228" lon="121.5241622"/>
  <node id="9161712326" lat="24.6281550" lon="121.5241158"/>
  <node id="11016969338" lat="24.6281964" lon="121.5240192"/>
  <node id="9161712325" lat="24.6282349" lon="121.5239313"/>
  <node id="4295748340" lat="24.6283791" lon="121.5237743"/>
  <node id="11016969337" lat="24.6283938" lon="121.5237383"/>
  <node id="11016969336" lat="24.6283915" lon="121.5237017"/>
  <node id="9161712324" lat="24.6283715" lon="121.5236443"/>
  <node id="11016969335" lat="24.6283446" lon="121.5235929"/>
  <node id="11016969334" lat="24.6283335" lon="121.5235567"/>
  <node id="4295748339" lat="24.6283340" lon="121.5235322"/>
  <node id="11016969333" lat="24.6283453" lon="121.5235184"/>
  <node id="11016969332" lat="24.6283703" lon="121.5235132"/>
  <node id="9161692789" lat="24.6284241" lon="121.5235189"/>
  <node id="9161712323" lat="24.6284671" lon="121.5235359"/>
  <node id="11016969330" lat="24.6285073" lon="121.5235685"/>
  <node id="9161692790" lat="24.6285371" lon="121.5236012"/>
  <node id="9161692791" lat="24.6285793" lon="121.5236823"/>
  <node id="11016969329" lat="24.6286110" lon="121.5237487"/>
  <node id="4295748338" lat="24.6286402" lon="121.5237845"/>
  <node id="11016969328" lat="24.6286884" lon="121.5238096"/>
  <node id="9161692788" lat="24.6287174" lon="121.5238108"/>
  <node id="11016969327" lat="24.6287538" lon="121.5237968"/>
  <node id="4295748337" lat="24.6287816" lon="121.5237733"/>
  <node id="3105374333" lat="24.6111280" lon="121.5272008"/>
  <node id="4443590371" lat="24.6111953" lon="121.5271462"/>
  <node id="11017007867" lat="24.6112331" lon="121.5270981"/>
  <node id="4394333796" lat="24.6112985" lon="121.5270517"/>
  <node id="11017007866" lat="24.6114096" lon="121.5270087"/>
  <node id="4394333797" lat="24.6115452" lon="121.5269785"/>
  <node id="3210187326" lat="24.6117168" lon="121.5269821"/>
  <node id="4394333798" lat="24.6119151" lon="121.5269731"/>
  <node id="4394333799" lat="24.6121218" lon="121.5269514"/>
  <node id="3210187327" lat="24.6123681" lon="121.5268946"/>
  <node id="3210187330" lat="24.6127918" lon="121.5267266"/>
  <node id="3210187322" lat="24.6100471" lon="121.5280427"/>
  <node id="11017007911" lat="24.6099190" lon="121.5280800"/>
  <node id="3210187321" lat="24.6097825" lon="121.5281289"/>
  <node id="11017007912" lat="24.6097298" lon="121.5281835"/>
  <node id="11017007913" lat="24.6096815" lon="121.5282866"/>
  <node id="11017007914" lat="24.6096407" lon="121.5284507"/>
  <node id="3210187319" lat="24.6096270" lon="121.5285734"/>
  <node id="3210187320" lat="24.6096316" lon="121.5287023"/>
  <node id="3210187324" lat="24.6096489" lon="121.5287969"/>
  <node id="3210187331" lat="24.6096827" lon="121.5288725"/>
  <node id="11017007915" lat="24.6097585" lon="121.5289448"/>
  <node id="11017007916" lat="24.6104266" lon="121.5293763"/>
  <node id="11017007917" lat="24.6112051" lon="121.5299665"/>
  <node id="11017007918" lat="24.6114996" lon="121.5301622"/>
  <node id="11017007919" lat="24.6118784" lon="121.5303629"/>
  <node id="3210187333" lat="24.6128563" lon="121.5266188"/>
  <node id="11017007865" lat="24.6129236" lon="121.5264842"/>
  <node id="12989732386" lat="24.6129978" lon="121.5263492"/>
  <node id="3210187334" lat="24.6130590" lon="121.5262282"/>
  <node id="3210187335" lat="24.6132366" lon="121.5258838"/>
  <node id="3210187336" lat="24.6133577" lon="121.5256380"/>
  <node id="8916961956" lat="24.6133580" lon="121.5255595"/>
  <node id="3210187337" lat="24.6133373" lon="121.5254921"/>
  <node id="8916961955" lat="24.6131762" lon="121.5254200"/>
  <node id="3210187329" lat="24.6128916" lon="121.5252969"/>
  <node id="3210187332" lat="24.6129525" lon="121.5251228"/>
  <node id="11017263545" lat="24.5998844" lon="121.5303645"/>
  <node id="11017263546" lat="24.5998850" lon="121.5303038"/>
  <node id="3210187272" lat="24.5999051" lon="121.5302355"/>
  <node id="11017263547" lat="24.5999372" lon="121.5301789"/>
  <node id="11017263548" lat="24.6000097" lon="121.5301012"/>
  <node id="3210187279" lat="24.6001457" lon="121.5299866"/>
  <node id="11017263570" lat="24.6001919" lon="121.5299291"/>
  <node id="11017263569" lat="24.6002151" lon="121.5298732"/>
  <node id="11017263549" lat="24.6002233" lon="121.5298271"/>
  <node id="3210187281" lat="24.6002154" lon="121.5297139"/>
  <node id="3210187280" lat="24.6002054" lon="121.5296645"/>
  <node id="3210187274" lat="24.6001750" lon="121.5296312"/>
  <node id="11017263566" lat="24.6001339" lon="121.5296174"/>
  <node id="11017263568" lat="24.5999948" lon="121.5295958"/>
  <node id="4312155985" lat="24.5999062" lon="121.5295960"/>
  <node id="3210187269" lat="24.5998506" lon="121.5296144"/>
  <node id="4312155983" lat="24.5997828" lon="121.5296377"/>
  <node id="11017263567" lat="24.5996814" lon="121.5296887"/>
  <node id="4312155981" lat="24.5995663" lon="121.5297716"/>
  <node id="4312155978" lat="24.5993855" lon="121.5298991"/>
  <node id="3210187264" lat="24.5993408" lon="121.5299374"/>
  <node id="4312155971" lat="24.5993114" lon="121.5299611"/>
  <node id="4312155972" lat="24.5991727" lon="121.5300551"/>
  <node id="9049852454" lat="24.5996803" lon="121.5116185"/>
  <node id="3210187285" lat="24.5998614" lon="121.5116337"/>
  <node id="3210187287" lat="24.5999202" lon="121.5116450"/>
  <node id="3210187288" lat="24.5999628" lon="121.5116566"/>
  <node id="3210187290" lat="24.6000104" lon="121.5116750"/>
  <node id="3210187291" lat="24.6001781" lon="121.5117506"/>
  <node id="9049852455" lat="24.6002110" lon="121.5117568"/>
  <node id="9049852456" lat="24.6002406" lon="121.5117554"/>
  <node id="3210187296" lat="24.6002873" lon="121.5117377"/>
  <node id="9049852458" lat="24.6003214" lon="121.5117087"/>
  <node id="3210187299" lat="24.6003403" lon="121.5116796"/>
  <node id="9049852459" lat="24.6003796" lon="121.5115951"/>
  <node id="9049852460" lat="24.6004563" lon="121.5113613"/>
  <node id="9049852466" lat="24.6004912" lon="121.5112215"/>
  <node id="9049852461" lat="24.6005070" lon="121.5111014"/>
  <node id="9049852462" lat="24.6005129" lon="121.5109221"/>
  <node id="9526949840" lat="24.6005095" lon="121.5108266"/>
  <node id="9526949841" lat="24.6005143" lon="121.5107769"/>
  <node id="9526949842" lat="24.6005499" lon="121.5107695"/>
  <node id="9526949843" lat="24.6005758" lon="121.5107526"/>
  <node id="9526949844" lat="24.6006075" lon="121.5107188"/>
  <node id="9526949845" lat="24.6006536" lon="121.5106290"/>
  <node id="9526949846" lat="24.6007094" lon="121.5105476"/>
  <node id="9526949847" lat="24.6007564" lon="121.5105138"/>
  <node id="9526949862" lat="24.6009332" lon="121.5104092"/>
  <node id="9526949863" lat="24.6009889" lon="121.5103691"/>
  <node id="9526949864" lat="24.6011628" lon="121.5102317"/>
  <node id="9526949865" lat="24.6012752" lon="121.5101166"/>
  <node id="9526949866" lat="24.6013636" lon="121.5100130"/>
  <node id="9526949867" lat="24.6014068" lon="121.5099464"/>
  <node id="9526949868" lat="24.6014702" lon="121.5098323"/>
  <node id="9526949869" lat="24.6015115" lon="121.5097531"/>
  <node id="9526949870" lat="24.6015557" lon="121.5096812"/>
  <node id="9526949871" lat="24.6016009" lon="121.5096136"/>
  <node id="9526949872" lat="24.6016364" lon="121.5095830"/>
  <node id="9526949873" lat="24.6017094" lon="121.5095154"/>
  <node id="9526949874" lat="24.6017162" lon="121.5094963"/>
  <node id="9526949875" lat="24.6017162" lon="121.5094741"/>
  <node id="9526949876" lat="24.6017114" lon="121.5094604"/>
  <node id="9526949877" lat="24.6016998" lon="121.5094467"/>
  <node id="9526949878" lat="24.6016768" lon="121.5094414"/>
  <node id="9526949879" lat="24.6016480" lon="121.5094435"/>
  <node id="9526949880" lat="24.6016307" lon="121.5094414"/>
  <node id="9526949881" lat="24.6016018" lon="121.5094203"/>
  <node id="9526949882" lat="24.6015759" lon="121.5093791"/>
  <node id="9049852463" lat="24.6015171" lon="121.5092229"/>
  <node id="3105422624" lat="24.6426310" lon="121.4449380"/>
  <node id="4446641835" lat="24.6425634" lon="121.4450915"/>
  <node id="3105422625" lat="24.6425543" lon="121.4451948"/>
  <node id="3105422627" lat="24.6425616" lon="121.4452531"/>
  <node id="300590812" lat="24.6426000" lon="121.4452961"/>
  <node id="3105423032" lat="24.6427999" lon="121.4453424"/>
  <node id="3105423035" lat="24.6428752" lon="121.4453977"/>
  <node id="300590824" lat="24.6428967" lon="121.4454406"/>
  <node id="3105423036" lat="24.6429189" lon="121.4455117"/>
  <node id="300590825" lat="24.6429510" lon="121.4457265"/>
  <node id="12032716897" lat="24.6430428" lon="121.4459871"/>
  <node id="300590826" lat="24.6430449" lon="121.4461410"/>
  <node id="3105423038" lat="24.6430199" lon="121.4462838"/>
  <node id="12032716830" lat="24.6430751" lon="121.4464974"/>
  <node id="1984505632" lat="24.6431241" lon="121.4467585"/>
  <node id="3105423042" lat="24.6431169" lon="121.4468517"/>
  <node id="4443584631" lat="24.6430267" lon="121.4469926"/>
  <node id="4446641836" lat="24.6430029" lon="121.4471602"/>
  <node id="300590828" lat="24.6430431" lon="121.4472252"/>
  <node id="12032716831" lat="24.6432226" lon="121.4474557"/>
  <node id="300590829" lat="24.6433344" lon="121.4475545"/>
  <node id="1984505636" lat="24.6433875" lon="121.4476296"/>
  <node id="3105423051" lat="24.6433722" lon="121.4480393"/>
  <node id="3105423054" lat="24.6433832" lon="121.4482391"/>
  <node id="12032716832" lat="24.6434134" lon="121.4483321"/>
  <node id="4446641837" lat="24.6434221" lon="121.4484242"/>
  <node id="3105423055" lat="24.6434008" lon="121.4485080"/>
  <node id="12032716833" lat="24.6433567" lon="121.4485916"/>
  <node id="300590830" lat="24.6432405" lon="121.4486837"/>
  <node id="3105423046" lat="24.6430907" lon="121.4487527"/>
  <node id="3105423041" lat="24.6429778" lon="121.4487877"/>
  <node id="1984505630" lat="24.6428377" lon="121.4488077"/>
  <node id="3105423031" lat="24.6426585" lon="121.4488151"/>
  <node id="12032716834" lat="24.6425790" lon="121.4487659"/>
  <node id="300590831" lat="24.6423672" lon="121.4487374"/>
  <node id="4446641834" lat="24.6422849" lon="121.4487447"/>
  <node id="300590832" lat="24.6422124" lon="121.4488105"/>
  <node id="3105422621" lat="24.6421502" lon="121.4489063"/>
  <node id="300590835" lat="24.6420886" lon="121.4490907"/>
  <node id="12032716835" lat="24.6419817" lon="121.4492568"/>
  <node id="12032716837" lat="24.6418769" lon="121.4493627"/>
  <node id="12032716836" lat="24.6417934" lon="121.4494257"/>
  <node id="300590836" lat="24.6417369" lon="121.4494856"/>
  <node id="4443584629" lat="24.6415955" lon="121.4498062"/>
  <node id="300590837" lat="24.6414969" lon="121.4500329"/>
  <node id="3105422609" lat="24.6414553" lon="121.4500811"/>
  <node id="3105422607" lat="24.6414127" lon="121.4501046"/>
  <node id="3105422606" lat="24.6413499" lon="121.4501059"/>
  <node id="1984505625" lat="24.6411238" lon="121.4500073"/>
  <node id="3105422604" lat="24.6409623" lon="121.4499652"/>
  <node id="3105422603" lat="24.6408441" lon="121.4499350"/>
  <node id="3105422602" lat="24.6407892" lon="121.4499490"/>
  <node id="1984505623" lat="24.6407496" lon="121.4499946"/>
  <node id="3105422599" lat="24.6407075" lon="121.4501937"/>
  <node id="1099068595" lat="24.6406746" lon="121.4502743"/>
  <node id="3105422590" lat="24.6403491" lon="121.4506417"/>
  <node id="300590846" lat="24.6401193" lon="121.4509461"/>
  <node id="3105422576" lat="24.6400206" lon="121.4510790"/>
  <node id="300590883" lat="24.6400017" lon="121.4512057"/>
  <node id="12032716838" lat="24.6400978" lon="121.4514139"/>
  <node id="3105422580" lat="24.6401349" lon="121.4514575"/>
  <node id="3105422585" lat="24.6402619" lon="121.4515154"/>
  <node id="3105422587" lat="24.6402967" lon="121.4515523"/>
  <node id="3105422588" lat="24.6403217" lon="121.4516314"/>
  <node id="3105422586" lat="24.6403213" lon="121.4518773"/>
  <node id="300590898" lat="24.6402857" lon="121.4521988"/>
  <node id="3105422589" lat="24.6402990" lon="121.4522843"/>
  <node id="3105422594" lat="24.6404723" lon="121.4524885"/>
  <node id="3105422595" lat="24.6404913" lon="121.4525479"/>
  <node id="3105422596" lat="24.6404704" lon="121.4526098"/>
  <node id="3105422592" lat="24.6404150" lon="121.4526500"/>
  <node id="3105422582" lat="24.6402802" lon="121.4526768"/>
  <node id="3105422581" lat="24.6401803" lon="121.4527009"/>
  <node id="3105422577" lat="24.6400779" lon="121.4527787"/>
  <node id="12032716840" lat="24.6399667" lon="121.4528932"/>
  <node id="12032716839" lat="24.6398668" lon="121.4529240"/>
  <node id="3105422574" lat="24.6397927" lon="121.4529557"/>
  <node id="12032716841" lat="24.6397278" lon="121.4530212"/>
  <node id="3105422573" lat="24.6397067" lon="121.4531241"/>
  <node id="12032716842" lat="24.6397345" lon="121.4532707"/>
  <node id="300590903" lat="24.6397366" lon="121.4533354"/>
  <node id="12032716844" lat="24.6396675" lon="121.4535590"/>
  <node id="12032716843" lat="24.6396589" lon="121.4537287"/>
  <node id="3105422571" lat="24.6396451" lon="121.4538389"/>
  <node id="3105422567" lat="24.6395732" lon="121.4541614"/>
  <node id="3105422568" lat="24.6395720" lon="121.4544967"/>
  <node id="1984505621" lat="24.6395239" lon="121.4546382"/>
  <node id="3105422564" lat="24.6394459" lon="121.4548193"/>
  <node id="3105422565" lat="24.6394632" lon="121.4552401"/>
  <node id="3105422566" lat="24.6394980" lon="121.4554694"/>
  <node id="300590911" lat="24.6395337" lon="121.4555435"/>
  <node id="3105422569" lat="24.6395806" lon="121.4556058"/>
  <node id="3105422572" lat="24.6396232" lon="121.4556340"/>
  <node id="3105422578" lat="24.6400371" lon="121.4555790"/>
  <node id="300590917" lat="24.6401041" lon="121.4555260"/>
  <node id="3105422583" lat="24.6401907" lon="121.4554617"/>
  <node id="3105422584" lat="24.6402760" lon="121.4554100"/>
  <node id="12032716845" lat="24.6403038" lon="121.4553306"/>
  <node id="12032716846" lat="24.6403135" lon="121.4552334"/>
  <node id="3105422593" lat="24.6403815" lon="121.4551156"/>
  <node id="3105422597" lat="24.6404655" lon="121.4550331"/>
  <node id="3105422598" lat="24.6405722" lon="121.4549594"/>
  <node id="12032716847" lat="24.6407182" lon="121.4549008"/>
  <node id="300590923" lat="24.6408623" lon="121.4548056"/>
  <node id="12032716848" lat="24.6410096" lon="121.4546420"/>
  <node id="3105422605" lat="24.6411829" lon="121.4544860"/>
  <node id="3105422610" lat="24.6416364" lon="121.4542969"/>
  <node id="300590929" lat="24.6417904" lon="121.4542551"/>
  <node id="300590934" lat="24.6420922" lon="121.4542747"/>
  <node id="3105422622" lat="24.6425979" lon="121.4543047"/>
  <node id="300590945" lat="24.6427475" lon="121.4544039"/>
  <node id="12032716849" lat="24.6429538" lon="121.4544965"/>
  <node id="3105423044" lat="24.6432430" lon="121.4546436"/>
  <node id="3105423052" lat="24.6434692" lon="121.4547667"/>
  <node id="3105423070" lat="24.6440478" lon="121.4549410"/>
  <node id="1984505639" lat="24.6441746" lon="121.4549518"/>
  <node id="3105423087" lat="24.6443077" lon="121.4549506"/>
  <node id="3105423093" lat="24.6444228" lon="121.4549350"/>
  <node id="3105423115" lat="24.6446807" lon="121.4548856"/>
  <node id="3105423121" lat="24.6449300" lon="121.4548695"/>
  <node id="12032716850" lat="24.6450254" lon="121.4548974"/>
  <node id="3105423130" lat="24.6451276" lon="121.4549638"/>
  <node id="3105423137" lat="24.6453027" lon="121.4551348"/>
  <node id="3105423144" lat="24.6453342" lon="121.4551999"/>
  <node id="300591037" lat="24.6453397" lon="121.4552817"/>
  <node id="12032716851" lat="24.6452784" lon="121.4557450"/>
  <node id="3105423145" lat="24.6452798" lon="121.4558982"/>
  <node id="300591040" lat="24.6452638" lon="121.4559757"/>
  <node id="3105423135" lat="24.6452285" lon="121.4560233"/>
  <node id="3105423105" lat="24.6447661" lon="121.4564236"/>
  <node id="300591042" lat="24.6445887" lon="121.4566309"/>
  <node id="5300755331" lat="24.6444697" lon="121.4568868"/>
  <node id="3105423079" lat="24.6443772" lon="121.4571325"/>
  <node id="300591043" lat="24.6443013" lon="121.4573161"/>
  <node id="4443584632" lat="24.6440609" lon="121.4576235"/>
  <node id="12032716852" lat="24.6437455" lon="121.4579270"/>
  <node id="3105423059" lat="24.6436358" lon="121.4580518"/>
  <node id="1984505637" lat="24.6434471" lon="121.4584085"/>
  <node id="3105423056" lat="24.6433829" lon="121.4585607"/>
  <node id="3105423050" lat="24.6433192" lon="121.4587834"/>
  <node id="3105423053" lat="24.6432944" lon="121.4590830"/>
  <node id="300591045" lat="24.6432927" lon="121.4592869"/>
  <node id="300591052" lat="24.6433054" lon="121.4593580"/>
  <node id="3105423057" lat="24.6433332" lon="121.4593922"/>
  <node id="1984505634" lat="24.6437095" lon="121.4595029"/>
  <node id="12032716853" lat="24.6438455" lon="121.4595638"/>
  <node id="3105423065" lat="24.6439375" lon="121.4595833"/>
  <node id="300591073" lat="24.6442976" lon="121.4595645"/>
  <node id="3105423095" lat="24.6443931" lon="121.4596114"/>
  <node id="3105423096" lat="24.6444659" lon="121.4596745"/>
  <node id="3105423099" lat="24.6444923" lon="121.4597368"/>
  <node id="3105423103" lat="24.6445210" lon="121.4600480"/>
  <node id="3105423107" lat="24.6445669" lon="121.4601701"/>
  <node id="3105423110" lat="24.6446276" lon="121.4602733"/>
  <node id="3105423117" lat="24.6447561" lon="121.4603785"/>
  <node id="12032716854" lat="24.6448042" lon="121.4604020"/>
  <node id="3105423122" lat="24.6448508" lon="121.4604050"/>
  <node id="3105423124" lat="24.6449107" lon="121.4603866"/>
  <node id="12032716855" lat="24.6449931" lon="121.4602967"/>
  <node id="300591077" lat="24.6450671" lon="121.4602568"/>
  <node id="3105423142" lat="24.6451634" lon="121.4602451"/>
  <node id="3105423178" lat="24.6457887" lon="121.4603806"/>
  <node id="3105423193" lat="24.6459597" lon="121.4604523"/>
  <node id="300591078" lat="24.6460576" lon="121.4605851"/>
  <node id="300591083" lat="24.6461135" lon="121.4608030"/>
  <node id="3105423204" lat="24.6461221" lon="121.4610645"/>
  <node id="1984505650" lat="24.6461092" lon="121.4616674"/>
  <node id="300591084" lat="24.6460891" lon="121.4617753"/>
  <node id="3105423199" lat="24.6460535" lon="121.4618671"/>
  <node id="3105423194" lat="24.6460086" lon="121.4619202"/>
  <node id="3105423188" lat="24.6458899" lon="121.4620086"/>
  <node id="300591086" lat="24.6453341" lon="121.4623761"/>
  <node id="3105423126" lat="24.6451974" lon="121.4624673"/>
  <node id="300591087" lat="24.6443819" lon="121.4626457"/>
  <node id="3105423084" lat="24.6442750" lon="121.4626685"/>
  <node id="300591088" lat="24.6442302" lon="121.4627100"/>
  <node id="3105423077" lat="24.6442026" lon="121.4627670"/>
  <node id="300591089" lat="24.6442081" lon="121.4628368"/>
  <node id="3105423080" lat="24.6442547" lon="121.4629381"/>
  <node id="12032716856" lat="24.6446719" lon="121.4635871"/>
  <node id="300591090" lat="24.6449774" lon="121.4639344"/>
  <node id="3105423133" lat="24.6450241" lon="121.4641021"/>
  <node id="3105423134" lat="24.6450731" lon="121.4643321"/>
  <node id="3105423136" lat="24.6451239" lon="121.4644595"/>
  <node id="3105423146" lat="24.6452142" lon="121.4645863"/>
  <node id="300591091" lat="24.6453382" lon="121.4647110"/>
  <node id="3105423168" lat="24.6455956" lon="121.4649296"/>
  <node id="3105423179" lat="24.6457887" lon="121.4651656"/>
  <node id="3105423187" lat="24.6458745" lon="121.4652514"/>
  <node id="300591092" lat="24.6459676" lon="121.4652810"/>
  <node id="3105423201" lat="24.6460713" lon="121.4653017"/>
  <node id="300591093" lat="24.6470273" lon="121.4654204"/>
  <node id="12032716857" lat="24.6472463" lon="121.4653916"/>
  <node id="3105423272" lat="24.6473775" lon="121.4653908"/>
  <node id="12032716858" lat="24.6475017" lon="121.4654271"/>
  <node id="300591097" lat="24.6476189" lon="121.4654391"/>
  <node id="3105423298" lat="24.6478822" lon="121.4653996"/>
  <node id="3105423304" lat="24.6479596" lon="121.4654029"/>
  <node id="3105423313" lat="24.6480364" lon="121.4654311"/>
  <node id="300591104" lat="24.6483337" lon="121.4656913"/>
  <node id="3105423331" lat="24.6485824" lon="121.4658408"/>
  <node id="3105423334" lat="24.6487354" lon="121.4659916"/>
  <node id="3105423347" lat="24.6489767" lon="121.4663430"/>
  <node id="3105423373" lat="24.6494759" lon="121.4668935"/>
  <node id="5464006252" lat="24.6495722" lon="121.4670481"/>
  <node id="3105423376" lat="24.6496191" lon="121.4671041"/>
  <node id="300591109" lat="24.6496629" lon="121.4671518"/>
  <node id="3105423394" lat="24.6501913" lon="121.4674346"/>
  <node id="3105423398" lat="24.6502956" lon="121.4674870"/>
  <node id="300591113" lat="24.6504235" lon="121.4675045"/>
  <node id="3105423406" lat="24.6505401" lon="121.4674911"/>
  <node id="3105423411" lat="24.6507624" lon="121.4674159"/>
  <node id="12032716859" lat="24.6508963" lon="121.4673878"/>
  <node id="3105423425" lat="24.6510110" lon="121.4673831"/>
  <node id="300591119" lat="24.6512024" lon="121.4674193"/>
  <node id="3105423435" lat="24.6513255" lon="121.4674783"/>
  <node id="300591125" lat="24.6517266" lon="121.4677472"/>
  <node id="3105423451" lat="24.6520337" lon="121.4680060"/>
  <node id="3105423452" lat="24.6521616" lon="121.4680839"/>
  <node id="3105423454" lat="24.6523118" lon="121.4681697"/>
  <node id="300591131" lat="24.6526675" lon="121.4684191"/>
  <node id="3105423457" lat="24.6527809" lon="121.4685143"/>
  <node id="3105423458" lat="24.6528638" lon="121.4686055"/>
  <node id="3105423459" lat="24.6529436" lon="121.4687483"/>
  <node id="300591133" lat="24.6530825" lon="121.4689910"/>
  <node id="3105423467" lat="24.6531441" lon="121.4691312"/>
  <node id="3105423469" lat="24.6531795" lon="121.4692613"/>
  <node id="3105423470" lat="24.6531837" lon="121.4693853"/>
  <node id="300591134" lat="24.6531496" lon="121.4695436"/>
  <node id="4446634735" lat="24.6530344" lon="121.4698856"/>
  <node id="3105423461" lat="24.6530051" lon="121.4700203"/>
  <node id="3105423460" lat="24.6530058" lon="121.4701290"/>
  <node id="3105423462" lat="24.6530295" lon="121.4703596"/>
  <node id="3105423464" lat="24.6530661" lon="121.4707325"/>
  <node id="3105423465" lat="24.6530789" lon="121.4708820"/>
  <node id="3105423463" lat="24.6530643" lon="121.4709799"/>
  <node id="300591135" lat="24.6528394" lon="121.4714466"/>
  <node id="3511680145" lat="24.6527522" lon="121.4715780"/>
  <node id="3105423456" lat="24.6524944" lon="121.4718697"/>
  <node id="3105423455" lat="24.6523817" lon="121.4720039"/>
  <node id="300591136" lat="24.6523098" lon="121.4720373"/>
  <node id="300591138" lat="24.6522623" lon="121.4720408"/>
  <node id="3105423444" lat="24.6516077" lon="121.4717691"/>
  <node id="300591139" lat="24.6514882" lon="121.4717437"/>
  <node id="3105423441" lat="24.6514298" lon="121.4717577"/>
  <node id="3105423439" lat="24.6513768" lon="121.4718000"/>
  <node id="300591140" lat="24.6513365" lon="121.4719032"/>
  <node id="3105423437" lat="24.6512408" lon="121.4725349"/>
  <node id="300591145" lat="24.6512013" lon="121.4727012"/>
  <node id="3105423431" lat="24.6511390" lon="121.4729366"/>
  <node id="3105423429" lat="24.6510958" lon="121.4730164"/>
  <node id="3105423427" lat="24.6510318" lon="121.4730773"/>
  <node id="3511680094" lat="24.6508747" lon="121.4731482"/>
  <node id="3105423414" lat="24.6508116" lon="121.4731707"/>
  <node id="3105423407" lat="24.6506717" lon="121.4732349"/>
  <node id="3105423404" lat="24.6504972" lon="121.4733498"/>
  <node id="4643972515" lat="24.6504382" lon="121.4734506"/>
  <node id="3105423402" lat="24.6504021" lon="121.4735770"/>
  <node id="300591148" lat="24.6503064" lon="121.4738815"/>
  <node id="3105423396" lat="24.6502635" lon="121.4739673"/>
  <node id="300591149" lat="24.6502206" lon="121.4740102"/>
  <node id="4446634734" lat="24.6498586" lon="121.4742596"/>
  <node id="3105423383" lat="24.6496794" lon="121.4743930"/>
  <node id="3105423379" lat="24.6495847" lon="121.4744944"/>
  <node id="300591150" lat="24.6495802" lon="121.4745903"/>
  <node id="3105423380" lat="24.6496701" lon="121.4750520"/>
  <node id="3105423377" lat="24.6496841" lon="121.4751730"/>
  <node id="300591151" lat="24.6496372" lon="121.4752445"/>
  <node id="3105423375" lat="24.6495629" lon="121.4752630"/>
  <node id="300591152" lat="24.6492108" lon="121.4753164"/>
  <node id="3105423357" lat="24.6490750" lon="121.4753071"/>
  <node id="3105423339" lat="24.6488263" lon="121.4752172"/>
  <node id="3105423330" lat="24.6486324" lon="121.4752414"/>
  <node id="300591153" lat="24.6484598" lon="121.4753024"/>
  <node id="6741818894" lat="24.6479813" lon="121.4755573"/>
  <node id="300591154" lat="24.6475474" lon="121.4756249"/>
  <node id="3105423270" lat="24.6473554" lon="121.4756228"/>
  <node id="3105423242" lat="24.6471492" lon="121.4755833"/>
  <node id="11034926730" lat="24.6468914" lon="121.4755379"/>
  <node id="300591164" lat="24.6467993" lon="121.4755425"/>
  <node id="4599377036" lat="24.6461325" lon="121.4758937"/>
  <node id="12032716860" lat="24.6460317" lon="121.4759716"/>
  <node id="3105423195" lat="24.6459269" lon="121.4760165"/>
  <node id="3105423173" lat="24.6457339" lon="121.4760487"/>
  <node id="3105423169" lat="24.6455956" lon="121.4761090"/>
  <node id="12032716861" lat="24.6451351" lon="121.4763565"/>
  <node id="300591166" lat="24.6447900" lon="121.4766019"/>
  <node id="3105423116" lat="24.6447338" lon="121.4766626"/>
  <node id="3105423113" lat="24.6446729" lon="121.4767528"/>
  <node id="3105423111" lat="24.6446489" lon="121.4768332"/>
  <node id="300591167" lat="24.6446520" lon="121.4769546"/>
  <node id="3105423114" lat="24.6446815" lon="121.4770418"/>
  <node id="3105423118" lat="24.6447329" lon="121.4771027"/>
  <node id="300591168" lat="24.6448639" lon="121.4771464"/>
  <node id="3105423127" lat="24.6449999" lon="121.4771276"/>
  <node id="12032716862" lat="24.6451912" lon="121.4770069"/>
  <node id="3105423155" lat="24.6453010" lon="121.4769720"/>
  <node id="300591172" lat="24.6455514" lon="121.4769761"/>
  <node id="3105423221" lat="24.6463344" lon="121.4771069"/>
  <node id="300591175" lat="24.6466415" lon="121.4771357"/>
  <node id="3105423236" lat="24.6467259" lon="121.4771524"/>
  <node id="3105423248" lat="24.6469903" lon="121.4772892"/>
  <node id="300591176" lat="24.6470950" lon="121.4773570"/>
  <node id="300591177" lat="24.6471466" lon="121.4774226"/>
  <node id="12032716863" lat="24.6471799" lon="121.4776057"/>
  <node id="3105423262" lat="24.6471827" lon="121.4777700"/>
  <node id="3105423266" lat="24.6472495" lon="121.4780617"/>
  <node id="300591178" lat="24.6472478" lon="121.4781904"/>
  <node id="3105423267" lat="24.6472263" lon="121.4782548"/>
  <node id="300591179" lat="24.6471120" lon="121.4784177"/>
  <node id="3105423247" lat="24.6470383" lon="121.4784727"/>
  <node id="3105423234" lat="24.6466899" lon="121.4786839"/>
  <node id="3105423228" lat="24.6465267" lon="121.4788201"/>
  <node id="3105423225" lat="24.6464452" lon="121.4788729"/>
  <node id="3105423205" lat="24.6461502" lon="121.4789374"/>
  <node id="11034926732" lat="24.6460895" lon="121.4789604"/>
  <node id="4446084600" lat="24.6460240" lon="121.4790205"/>
  <node id="4446084599" lat="24.6459955" lon="121.4790901"/>
  <node id="3105423192" lat="24.6459796" lon="121.4791996"/>
  <node id="3105423189" lat="24.6459542" lon="121.4793709"/>
  <node id="11034926733" lat="24.6459044" lon="121.4794776"/>
  <node id="3105423176" lat="24.6458539" lon="121.4795571"/>
  <node id="11034926734" lat="24.6457616" lon="121.4796604"/>
  <node id="300591187" lat="24.6456843" lon="121.4797228"/>
  <node id="12032716864" lat="24.6453131" lon="121.4798695"/>
  <node id="3105423108" lat="24.6446938" lon="121.4802027"/>
  <node id="300591188" lat="24.6445826" lon="121.4802804"/>
  <node id="11034926735" lat="24.6445474" lon="121.4803372"/>
  <node id="300591190" lat="24.6445511" lon="121.4804109"/>
  <node id="3105423106" lat="24.6445961" lon="121.4805896"/>
  <node id="11034926736" lat="24.6445895" lon="121.4806628"/>
  <node id="3105423100" lat="24.6445398" lon="121.4807231"/>
  <node id="300591191" lat="24.6444583" lon="121.4807868"/>
  <node id="3105423081" lat="24.6442437" lon="121.4809155"/>
  <node id="3105423078" lat="24.6442008" lon="121.4809585"/>
  <node id="11034926737" lat="24.6441579" lon="121.4810149"/>
  <node id="300591192" lat="24.6441490" lon="121.4811092"/>
  <node id="3105423074" lat="24.6441792" lon="121.4812180"/>
  <node id="3105423090" lat="24.6443675" lon="121.4815384"/>
  <node id="11034926738" lat="24.6444099" lon="121.4817047"/>
  <node id="3105423091" lat="24.6444364" lon="121.4819473"/>
  <node id="11034926739" lat="24.6444333" lon="121.4821663"/>
  <node id="300591193" lat="24.6444089" lon="121.4822841"/>
  <node id="3105423092" lat="24.6442553" lon="121.4825670"/>
  <node id="3105423075" lat="24.6441920" lon="121.4827307"/>
  <node id="3105423071" lat="24.6441730" lon="121.4828548"/>
  <node id="3105423076" lat="24.6441787" lon="121.4829681"/>
  <node id="300591194" lat="24.6442302" lon="121.4831291"/>
  <node id="3105423086" lat="24.6442929" lon="121.4832739"/>
  <node id="3105423088" lat="24.6443559" lon="121.4833858"/>
  <node id="3105423089" lat="24.6443727" lon="121.4834563"/>
  <node id="300591198" lat="24.6443650" lon="121.4835376"/>
  <node id="3105423085" lat="24.6443374" lon="121.4836417"/>
  <node id="3105423082" lat="24.6442964" lon="121.4837034"/>
  <node id="11034926740" lat="24.6442566" lon="121.4837542"/>
  <node id="300591199" lat="24.6442062" lon="121.4837786"/>
  <node id="300591200" lat="24.6440774" lon="121.4837851"/>
  <node id="11034926741" lat="24.6439389" lon="121.4837819"/>
  <node id="3105423062" lat="24.6438309" lon="121.4837627"/>
  <node id="3105423060" lat="24.6437490" lon="121.4837168"/>
  <node id="11034926742" lat="24.6435545" lon="121.4835242"/>
  <node id="3105423058" lat="24.6434242" lon="121.4834913"/>
  <node id="11034926743" lat="24.6433537" lon="121.4834549"/>
  <node id="3105423045" lat="24.6431174" lon="121.4832634"/>
  <node id="3105423043" lat="24.6430292" lon="121.4832379"/>
  <node id="300591202" lat="24.6429566" lon="121.4832650"/>
  <node id="300591203" lat="24.6428292" lon="121.4834184"/>
  <node id="3105423033" lat="24.6427027" lon="121.4836122"/>
  <node id="3105422628" lat="24.6426186" lon="121.4837986"/>
  <node id="11034926745" lat="24.6425526" lon="121.4839509"/>
  <node id="3105422626" lat="24.6425142" lon="121.4839902"/>
  <node id="300591204" lat="24.6424764" lon="121.4840208"/>
  <node id="11034926746" lat="24.6424302" lon="121.4840371"/>
  <node id="3105422623" lat="24.6423762" lon="121.4840362"/>
  <node id="300591212" lat="24.6423272" lon="121.4840184"/>
  <node id="11034926747" lat="24.6421677" lon="121.4838912"/>
  <node id="3105422615" lat="24.6419637" lon="121.4837198"/>
  <node id="3105422611" lat="24.6416377" lon="121.4835458"/>
  <node id="11034926748" lat="24.6415117" lon="121.4834583"/>
  <node id="300591213" lat="24.6414423" lon="121.4833509"/>
  <node id="12032716865" lat="24.6414167" lon="121.4832256"/>
  <node id="3105422608" lat="24.6413526" lon="121.4830586"/>
  <node id="11034926749" lat="24.6409317" lon="121.4823383"/>
  <node id="11034926750" lat="24.6408344" lon="121.4821063"/>
  <node id="3105422600" lat="24.6407868" lon="121.4820181"/>
  <node id="11034926751" lat="24.6407293" lon="121.4819577"/>
  <node id="4446084598" lat="24.6406699" lon="121.4819414"/>
  <node id="11034926752" lat="24.6405492" lon="121.4819363"/>
  <node id="4446084597" lat="24.6404964" lon="121.4819108"/>
  <node id="3105422591" lat="24.6404484" lon="121.4818510"/>
  <node id="300591217" lat="24.6403199" lon="121.4817053"/>
  <node id="3105422575" lat="24.6402682" lon="121.4816811"/>
  <node id="300591219" lat="24.6399494" lon="121.4816299"/>
  <node id="3105422570" lat="24.6399034" lon="121.4815989"/>
  <node id="300591228" lat="24.6397612" lon="121.4814125"/>
  <node id="11034926753" lat="24.6396663" lon="121.4813079"/>
  <node id="11034926754" lat="24.6395508" lon="121.4812433"/>
  <node id="3105422563" lat="24.6393053" lon="121.4811706"/>
  <node id="3105422562" lat="24.6391298" lon="121.4811363"/>
  <node id="3105422561" lat="24.6389466" lon="121.4811442"/>
  <node id="3105422560" lat="24.6386450" lon="121.4812246"/>
  <node id="3105422559" lat="24.6385785" lon="121.4812239"/>
  <node id="3105422558" lat="24.6384024" lon="121.4811743"/>
  <node id="300591232" lat="24.6383030" lon="121.4811630"/>
  <node id="3105422557" lat="24.6382403" lon="121.4811428"/>
  <node id="11034926755" lat="24.6382164" lon="121.4810950"/>
  <node id="300591238" lat="24.6381836" lon="121.4808404"/>
  <node id="4446084596" lat="24.6381671" lon="121.4807203"/>
  <node id="11034926756" lat="24.6381070" lon="121.4804162"/>
  <node id="3105422556" lat="24.6380755" lon="121.4802439"/>
  <node id="3105422555" lat="24.6380264" lon="121.4801649"/>
  <node id="300591246" lat="24.6379714" lon="121.4801356"/>
  <node id="300591254" lat="24.6379195" lon="121.4801359"/>
  <node id="300591258" lat="24.6377637" lon="121.4802191"/>
  <node id="300591261" lat="24.6376126" lon="121.4803355"/>
  <node id="3105422554" lat="24.6375391" lon="121.4803762"/>
  <node id="3105422553" lat="24.6374715" lon="121.4803798"/>
  <node id="11034926757" lat="24.6374156" lon="121.4803501"/>
  <node id="3105422552" lat="24.6373627" lon="121.4802889"/>
  <node id="3105422551" lat="24.6373335" lon="121.4802342"/>
  <node id="11034926758" lat="24.6372960" lon="121.4801452"/>
  <node id="3105422550" lat="24.6372431" lon="121.4800787"/>
  <node id="11034926759" lat="24.6372010" lon="121.4800477"/>
  <node id="11034926760" lat="24.6371182" lon="121.4799863"/>
  <node id="3105422549" lat="24.6369586" lon="121.4798080"/>
  <node id="11034926761" lat="24.6368785" lon="121.4797574"/>
  <node id="3105422548" lat="24.6367917" lon="121.4797042"/>
  <node id="300591265" lat="24.6367025" lon="121.4796731"/>
  <node id="11034926762" lat="24.6361778" lon="121.4796012"/>
  <node id="11034926763" lat="24.6359002" lon="121.4795357"/>
  <node id="300591294" lat="24.6356863" lon="121.4794318"/>
  <node id="4446084594" lat="24.6355642" lon="121.4794288"/>
  <node id="3105422547" lat="24.6354916" lon="121.4794533"/>
  <node id="3105422546" lat="24.6354196" lon="121.4795059"/>
  <node id="3105422545" lat="24.6352738" lon="121.4795690"/>
  <node id="3105422544" lat="24.6352159" lon="121.4795650"/>
  <node id="3105422543" lat="24.6351414" lon="121.4795351"/>
  <node id="3105422542" lat="24.6350221" lon="121.4794869"/>
  <node id="300591295" lat="24.6346727" lon="121.4793900"/>
  <node id="4446084593" lat="24.6344081" lon="121.4793752"/>
  <node id="3105422541" lat="24.6342853" lon="121.4793970"/>
  <node id="4446084592" lat="24.6342173" lon="121.4794373"/>
  <node id="11034926764" lat="24.6341749" lon="121.4795118"/>
  <node id="4446084591" lat="24.6341595" lon="121.4796602"/>
  <node id="3105422539" lat="24.6341206" lon="121.4797519"/>
  <node id="11034926765" lat="24.6340477" lon="121.4798223"/>
  <node id="300591308" lat="24.6339840" lon="121.4798621"/>
  <node id="11034926766" lat="24.6338440" lon="121.4798634"/>
  <node id="3105422538" lat="24.6337030" lon="121.4798882"/>
  <node id="4446084590" lat="24.6335800" lon="121.4799184"/>
  <node id="4446083682" lat="24.6333495" lon="121.4800833"/>
  <node id="4446083681" lat="24.6332977" lon="121.4801470"/>
  <node id="4446083683" lat="24.6332776" lon="121.4802094"/>
  <node id="4446083685" lat="24.6332892" lon="121.4803073"/>
  <node id="4446083686" lat="24.6334050" lon="121.4805989"/>
  <node id="4446084589" lat="24.6334287" lon="121.4807022"/>
  <node id="4446083687" lat="24.6334226" lon="121.4807807"/>
  <node id="4446083684" lat="24.6333945" lon="121.4808532"/>
  <node id="4446083680" lat="24.6332797" lon="121.4809226"/>
  <node id="4446083678" lat="24.6330753" lon="121.4810622"/>
  <node id="4446083674" lat="24.6330064" lon="121.4811294"/>
  <node id="4446083676" lat="24.6329884" lon="121.4812228"/>
  <node id="4446083677" lat="24.6330007" lon="121.4813350"/>
  <node id="4446083675" lat="24.6330262" lon="121.4815069"/>
  <node id="4446083673" lat="24.6330161" lon="121.4816004"/>
  <node id="4446083672" lat="24.6329818" lon="121.4816833"/>
  <node id="4446083671" lat="24.6329268" lon="121.4817167"/>
  <node id="12032716866" lat="24.6328129" lon="121.4817423"/>
  <node id="11034926767" lat="24.6327227" lon="121.4817965"/>
  <node id="300591336" lat="24.6326278" lon="121.4818341"/>
  <node id="1984505533" lat="24.6324291" lon="121.4818367"/>
  <node id="11034926768" lat="24.6322012" lon="121.4818513"/>
  <node id="11034926769" lat="24.6320889" lon="121.4818863"/>
  <node id="1984505520" lat="24.6319465" lon="121.4819129"/>
  <node id="1984505529" lat="24.6318300" lon="121.4819057"/>
  <node id="4446083670" lat="24.6317276" lon="121.4818817"/>
  <node id="11034926770" lat="24.6316084" lon="121.4818306"/>
  <node id="300591333" lat="24.6315016" lon="121.4817987"/>
  <node id="11034926771" lat="24.6311149" lon="121.4817602"/>
  <node id="300591325" lat="24.6308627" lon="121.4817211"/>
  <node id="4446083668" lat="24.6307829" lon="121.4817319"/>
  <node id="4446083667" lat="24.6307444" lon="121.4817687"/>
  <node id="4446083666" lat="24.6307050" lon="121.4818252"/>
  <node id="1984505518" lat="24.6306779" lon="121.4819696"/>
  <node id="1984505510" lat="24.6306357" lon="121.4822953"/>
  <node id="1984505519" lat="24.6306572" lon="121.4823974"/>
  <node id="300591342" lat="24.6308132" lon="121.4827085"/>
  <node id="4446083669" lat="24.6310717" lon="121.4832087"/>
  <node id="1984505281" lat="24.6311156" lon="121.4833825"/>
  <node id="300591453" lat="24.6311540" lon="121.4835789"/>
  <node id="300591345" lat="24.6312978" lon="121.4838719"/>
  <node id="300591449" lat="24.6315746" lon="121.4841723"/>
  <node id="1984505494" lat="24.6321122" lon="121.4844988"/>
  <node id="300591459" lat="24.6321743" lon="121.4845559"/>
  <node id="300591349" lat="24.6322451" lon="121.4847188"/>
  <node id="300591411" lat="24.6323645" lon="121.4848972"/>
  <node id="1984504855" lat="24.6324820" lon="121.4849999"/>
  <node id="1984504868" lat="24.6326792" lon="121.4851615"/>
  <node id="12032716867" lat="24.6328476" lon="121.4854639"/>
  <node id="300591353" lat="24.6330003" lon="121.4857307"/>
  <node id="1984504859" lat="24.6330265" lon="121.4858307"/>
  <node id="300591356" lat="24.6330210" lon="121.4860519"/>
  <node id="1984504822" lat="24.6330027" lon="121.4862028"/>
  <node id="12032716868" lat="24.6328452" lon="121.4866233"/>
  <node id="300591358" lat="24.6326879" lon="121.4871014"/>
  <node id="300591366" lat="24.6326448" lon="121.4871518"/>
  <node id="12032716869" lat="24.6324825" lon="121.4872268"/>
  <node id="1984504500" lat="24.6324212" lon="121.4872603"/>
  <node id="1984504472" lat="24.6323771" lon="121.4873315"/>
  <node id="1984504460" lat="24.6322086" lon="121.4877297"/>
  <node id="1984504310" lat="24.6321408" lon="121.4879322"/>
  <node id="1984504307" lat="24.6321121" lon="121.4881749"/>
  <node id="1984504303" lat="24.6321453" lon="121.4883468"/>
  <node id="1984504304" lat="24.6321606" lon="121.4884440"/>
  <node id="1984504267" lat="24.6321222" lon="121.4887692"/>
  <node id="300591376" lat="24.6320716" lon="121.4890260"/>
  <node id="1984504266" lat="24.6319948" lon="121.4892600"/>
  <node id="300591386" lat="24.6319942" lon="121.4893382"/>
  <node id="300591382" lat="24.6320094" lon="121.4895141"/>
  <node id="4443001301" lat="24.6319320" lon="121.4898066"/>
  <node id="1984504256" lat="24.6319021" lon="121.4900235"/>
  <node id="11034926772" lat="24.6318714" lon="121.4900579"/>
  <node id="1984504260" lat="24.6317928" lon="121.4900766"/>
  <node id="1984504265" lat="24.6317245" lon="121.4900655"/>
  <node id="11034926773" lat="24.6316894" lon="121.4900218"/>
  <node id="4443001300" lat="24.6314977" lon="121.4897928"/>
  <node id="1984504264" lat="24.6312067" lon="121.4895655"/>
  <node id="11034926774" lat="24.6309390" lon="121.4893323"/>
  <node id="1984504301" lat="24.6309076" lon="121.4892590"/>
  <node id="1984504305" lat="24.6308995" lon="121.4891218"/>
  <node id="1984504308" lat="24.6308738" lon="121.4890327"/>
  <node id="11034926775" lat="24.6308413" lon="121.4889702"/>
  <node id="1984504311" lat="24.6307679" lon="121.4888763"/>
  <node id="1984504341" lat="24.6306326" lon="121.4887795"/>
  <node id="300591390" lat="24.6304930" lon="121.4887123"/>
  <node id="1984504509" lat="24.6304361" lon="121.4886632"/>
  <node id="11034926776" lat="24.6303611" lon="121.4885598"/>
  <node id="1984504520" lat="24.6303045" lon="121.4884613"/>
  <node id="4443001299" lat="24.6302765" lon="121.4881858"/>
  <node id="1984504786" lat="24.6301437" lon="121.4877842"/>
  <node id="1984504753" lat="24.6300790" lon="121.4875360"/>
  <node id="1984504862" lat="24.6300375" lon="121.4873966"/>
  <node id="1984504860" lat="24.6299267" lon="121.4872228"/>
  <node id="1984504849" lat="24.6298650" lon="121.4870941"/>
  <node id="1984504831" lat="24.6298213" lon="121.4868646"/>
  <node id="1984504876" lat="24.6297920" lon="121.4867854"/>
  <node id="1984504887" lat="24.6297121" lon="121.4866904"/>
  <node id="300591417" lat="24.6296225" lon="121.4866314"/>
  <node id="1984504904" lat="24.6294934" lon="121.4865998"/>
  <node id="11034926777" lat="24.6294315" lon="121.4866137"/>
  <node id="11034926778" lat="24.6293763" lon="121.4866482"/>
  <node id="1984504908" lat="24.6292895" lon="121.4867187"/>
  <node id="1984504902" lat="24.6292176" lon="121.4867576"/>
  <node id="12032716870" lat="24.6291453" lon="121.4867695"/>
  <node id="11034926779" lat="24.6290002" lon="121.4867847"/>
  <node id="4443001298" lat="24.6287905" lon="121.4867613"/>
  <node id="12032716871" lat="24.6285010" lon="121.4866836"/>
  <node id="1984504720" lat="24.6284509" lon="121.4866704"/>
  <node id="300591468" lat="24.6283802" lon="121.4866240"/>
  <node id="300591423" lat="24.6282400" lon="121.4865074"/>
  <node id="1984505283" lat="24.6278755" lon="121.4860519"/>
  <node id="300591420" lat="24.6278153" lon="121.4859692"/>
  <node id="1984505280" lat="24.6277494" lon="121.4859205"/>
  <node id="1984505243" lat="24.6276903" lon="121.4858913"/>
  <node id="1984505289" lat="24.6276266" lon="121.4859038"/>
  <node id="11034926780" lat="24.6275683" lon="121.4859738"/>
  <node id="300591437" lat="24.6275277" lon="121.4860614"/>
  <node id="1984505193" lat="24.6274735" lon="121.4861298"/>
  <node id="11034926781" lat="24.6273977" lon="121.4861928"/>
  <node id="11034926782" lat="24.6265165" lon="121.4865963"/>
  <node id="300591465" lat="24.6264295" lon="121.4866259"/>
  <node id="12032716872" lat="24.6263706" lon="121.4866421"/>
  <node id="1984505324" lat="24.6262882" lon="121.4866385"/>
  <node id="300591462" lat="24.6262122" lon="121.4866046"/>
  <node id="11034926783" lat="24.6259961" lon="121.4864359"/>
  <node id="1984505290" lat="24.6258347" lon="121.4862813"/>
  <node id="1984505305" lat="24.6257758" lon="121.4861687"/>
  <node id="1984505274" lat="24.6257525" lon="121.4860584"/>
  <node id="11034926784" lat="24.6257358" lon="121.4856556"/>
  <node id="1984505277" lat="24.6257256" lon="121.4854919"/>
  <node id="11034926785" lat="24.6257179" lon="121.4853842"/>
  <node id="1984505270" lat="24.6256884" lon="121.4853109"/>
  <node id="11034926786" lat="24.6255864" lon="121.4851657"/>
  <node id="11034926787" lat="24.6254541" lon="121.4849970"/>
  <node id="1984505276" lat="24.6252988" lon="121.4848185"/>
  <node id="12032716873" lat="24.6252490" lon="121.4848021"/>
  <node id="1984505279" lat="24.6252147" lon="121.4848068"/>
  <node id="1984505214" lat="24.6251606" lon="121.4848366"/>
  <node id="1984505175" lat="24.6251216" lon="121.4849615"/>
  <node id="11034926788" lat="24.6251000" lon="121.4850443"/>
  <node id="1984505275" lat="24.6249581" lon="121.4852342"/>
  <node id="1984505231" lat="24.6248066" lon="121.4854867"/>
  <node id="12032716875" lat="24.6247631" lon="121.4855303"/>
  <node id="12032716874" lat="24.6246668" lon="121.4855933"/>
  <node id="1984505157" lat="24.6245944" lon="121.4856543"/>
  <node id="1984505273" lat="24.6245472" lon="121.4857328"/>
  <node id="1984505285" lat="24.6245158" lon="121.4858461"/>
  <node id="1984505483" lat="24.6244714" lon="121.4861699"/>
  <node id="1984505191" lat="24.6244186" lon="121.4863470"/>
  <node id="12032716876" lat="24.6242871" lon="121.4865556"/>
  <node id="1984505205" lat="24.6241597" lon="121.4866252"/>
  <node id="1984505294" lat="24.6240602" lon="121.4867224"/>
  <node id="1984505307" lat="24.6240340" lon="121.4867979"/>
  <node id="12032716877" lat="24.6240542" lon="121.4868962"/>
  <node id="1984505326" lat="24.6241254" lon="121.4870098"/>
  <node id="1984505490" lat="24.6241699" lon="121.4870930"/>
  <node id="1984505522" lat="24.6241973" lon="121.4872169"/>
  <node id="12032716878" lat="24.6241774" lon="121.4875037"/>
  <node id="1984505543" lat="24.6241949" lon="121.4878138"/>
  <node id="1984504810" lat="24.6241922" lon="121.4879246"/>
  <node id="1984505545" lat="24.6241571" lon="121.4879908"/>
  <node id="1984505547" lat="24.6240858" lon="121.4880465"/>
  <node id="12032716879" lat="24.6238982" lon="121.4880951"/>
  <node id="1984505606" lat="24.6238255" lon="121.4881463"/>
  <node id="1984505604" lat="24.6237682" lon="121.4882268"/>
  <node id="1984505598" lat="24.6237319" lon="121.4884230"/>
  <node id="300591476" lat="24.6237300" lon="121.4886651"/>
  <node id="1984505596" lat="24.6237134" lon="121.4887174"/>
  <node id="300591479" lat="24.6236871" lon="121.4887623"/>
  <node id="300591480" lat="24.6236319" lon="121.4887978"/>
  <node id="1984505590" lat="24.6235122" lon="121.4888414"/>
  <node id="1984505594" lat="24.6234110" lon="121.4888750"/>
  <node id="300591481" lat="24.6231740" lon="121.4889044"/>
  <node id="1984505597" lat="24.6230339" lon="121.4888965"/>
  <node id="11034926789" lat="24.6228556" lon="121.4888570"/>
  <node id="1984505599" lat="24.6227190" lon="121.4887922"/>
  <node id="300591487" lat="24.6225593" lon="121.4886574"/>
  <node id="1984505608" lat="24.6224846" lon="121.4885924"/>
  <node id="1984505550" lat="24.6224266" lon="121.4885677"/>
  <node id="1984504805" lat="24.6223540" lon="121.4885590"/>
  <node id="1984504808" lat="24.6222424" lon="121.4885609"/>
  <node id="300591491" lat="24.6221469" lon="121.4885993"/>
  <node id="1984505554" lat="24.6219000" lon="121.4887344"/>
  <node id="1984504771" lat="24.6217869" lon="121.4887530"/>
  <node id="11034926790" lat="24.6216926" lon="121.4887434"/>
  <node id="1984505552" lat="24.6215830" lon="121.4887381"/>
  <node id="11034926791" lat="24.6213296" lon="121.4888306"/>
  <node id="1984504749" lat="24.6210323" lon="121.4889395"/>
  <node id="1984504746" lat="24.6209277" lon="121.4889864"/>
  <node id="1984505619" lat="24.6207338" lon="121.4891636"/>
  <node id="1984505615" lat="24.6206364" lon="121.4892391"/>
  <node id="1984505617" lat="24.6201617" lon="121.4894636"/>
  <node id="11034926792" lat="24.6200669" lon="121.4894933"/>
  <node id="1984505556" lat="24.6199602" lon="121.4895159"/>
  <node id="11034926793" lat="24.6198251" lon="121.4895212"/>
  <node id="11034926794" lat="24.6197361" lon="121.4895398"/>
  <node id="1984505558" lat="24.6196188" lon="121.4896145"/>
  <node id="1984504434" lat="24.6195495" lon="121.4896542"/>
  <node id="11034926795" lat="24.6194213" lon="121.4896991"/>
  <node id="1984505559" lat="24.6193298" lon="121.4897633"/>
  <node id="1984505613" lat="24.6192575" lon="121.4898747"/>
  <node id="1984505611" lat="24.6191836" lon="121.4899552"/>
  <node id="11034926796" lat="24.6190989" lon="121.4900079"/>
  <node id="11034926797" lat="24.6188830" lon="121.4901027"/>
  <node id="1984504415" lat="24.6187858" lon="121.4901585"/>
  <node id="1984504451" lat="24.6187225" lon="121.4902226"/>
  <node id="1984505610" lat="24.6186949" lon="121.4903079"/>
  <node id="12032716880" lat="24.6186807" lon="121.4904213"/>
  <node id="1984505572" lat="24.6186698" lon="121.4907767"/>
  <node id="1984505576" lat="24.6186449" lon="121.4908926"/>
  <node id="1984505580" lat="24.6186034" lon="121.4909919"/>
  <node id="1984505582" lat="24.6185089" lon="121.4911757"/>
  <node id="1984505578" lat="24.6183858" lon="121.4913480"/>
  <node id="1984505570" lat="24.6183315" lon="121.4914338"/>
  <node id="1984505566" lat="24.6183090" lon="121.4915384"/>
  <node id="1984505584" lat="24.6182791" lon="121.4917812"/>
  <node id="1984505586" lat="24.6182651" lon="121.4918575"/>
  <node id="1984505592" lat="24.6182294" lon="121.4919534"/>
  <node id="11034926798" lat="24.6181715" lon="121.4920163"/>
  <node id="1984505588" lat="24.6180902" lon="121.4920728"/>
  <node id="4442925205" lat="24.6180012" lon="121.4921204"/>
  <node id="12032716881" lat="24.6175895" lon="121.4921862"/>
  <node id="1984505574" lat="24.6173989" lon="121.4922706"/>
  <node id="1984505561" lat="24.6172458" lon="121.4923129"/>
  <node id="1984505568" lat="24.6170111" lon="121.4923296"/>
  <node id="12032716882" lat="24.6169177" lon="121.4923076"/>
  <node id="1984504473" lat="24.6168806" lon="121.4922559"/>
  <node id="12032716883" lat="24.6168665" lon="121.4922056"/>
  <node id="1984504360" lat="24.6168759" lon="121.4921346"/>
  <node id="1984504387" lat="24.6169429" lon="121.4919300"/>
  <node id="1984504395" lat="24.6169647" lon="121.4917376"/>
  <node id="1984504418" lat="24.6170153" lon="121.4914453"/>
  <node id="12032716884" lat="24.6170104" lon="121.4913802"/>
  <node id="12032716885" lat="24.6169659" lon="121.4912588"/>
  <node id="12032716886" lat="24.6169074" lon="121.4910369"/>
  <node id="1984504449" lat="24.6169012" lon="121.4907441"/>
  <node id="12032716887" lat="24.6168824" lon="121.4906647"/>
  <node id="1984504428" lat="24.6168482" lon="121.4905832"/>
  <node id="12032716888" lat="24.6167836" lon="121.4904897"/>
  <node id="1984504711" lat="24.6167110" lon="121.4904061"/>
  <node id="1984504716" lat="24.6165580" lon="121.4903002"/>
  <node id="12032716889" lat="24.6165178" lon="121.4902590"/>
  <node id="1984504736" lat="24.6164863" lon="121.4902027"/>
  <node id="1984504797" lat="24.6163883" lon="121.4899164"/>
  <node id="1984505549" lat="24.6162440" lon="121.4896108"/>
  <node id="1984504803" lat="24.6162397" lon="121.4895149"/>
  <node id="1984504790" lat="24.6162833" lon="121.4890569"/>
  <node id="1984505541" lat="24.6162804" lon="121.4889524"/>
  <node id="1984505539" lat="24.6162691" lon="121.4888596"/>
  <node id="1984505531" lat="24.6162410" lon="121.4887933"/>
  <node id="1984505516" lat="24.6161876" lon="121.4887449"/>
  <node id="11034926799" lat="24.6161219" lon="121.4887241"/>
  <node id="11034926800" lat="24.6158698" lon="121.4887417"/>
  <node id="11034926801" lat="24.6157686" lon="121.4887365"/>
  <node id="1984505504" lat="24.6157042" lon="121.4887252"/>
  <node id="1984505502" lat="24.6156371" lon="121.4886568"/>
  <node id="1984505498" lat="24.6156017" lon="121.4885815"/>
  <node id="1984505496" lat="24.6155460" lon="121.4883609"/>
  <node id="11034926802" lat="24.6154752" lon="121.4881464"/>
  <node id="11034926803" lat="24.6153637" lon="121.4876398"/>
  <node id="1984505202" lat="24.6153420" lon="121.4874710"/>
  <node id="1984505319" lat="24.6153139" lon="121.4871574"/>
  <node id="1984505317" lat="24.6153272" lon="121.4871058"/>
  <node id="11034926804" lat="24.6154049" lon="121.4870207"/>
  <node id="1984505176" lat="24.6155543" lon="121.4868856"/>
  <node id="1984505282" lat="24.6157007" lon="121.4867592"/>
  <node id="11034987805" lat="24.6158118" lon="121.4866127"/>
  <node id="1984505278" lat="24.6158351" lon="121.4865515"/>
  <node id="1984505254" lat="24.6158866" lon="121.4860288"/>
  <node id="1984505389" lat="24.6159354" lon="121.4858215"/>
  <node id="1984505391" lat="24.6159427" lon="121.4857529"/>
  <node id="1984505506" lat="24.6159230" lon="121.4856850"/>
  <node id="1984505514" lat="24.6158423" lon="121.4855698"/>
  <node id="1984505463" lat="24.6157679" lon="121.4854640"/>
  <node id="1984505467" lat="24.6157507" lon="121.4853935"/>
  <node id="1984505508" lat="24.6157623" lon="121.4853050"/>
  <node id="1984505523" lat="24.6158205" lon="121.4851340"/>
  <node id="1984505478" lat="24.6158812" lon="121.4850092"/>
  <node id="1984505535" lat="24.6160269" lon="121.4848062"/>
  <node id="11034987806" lat="24.6160758" lon="121.4847167"/>
  <node id="11034987807" lat="24.6160926" lon="121.4846298"/>
  <node id="1984505537" lat="24.6160790" lon="121.4845677"/>
  <node id="1984505521" lat="24.6160382" lon="121.4845293"/>
  <node id="1984505500" lat="24.6159883" lon="121.4845088"/>
  <node id="11034987809" lat="24.6157426" lon="121.4844838"/>
  <node id="11034987810" lat="24.6156182" lon="121.4844516"/>
  <node id="11034987811" lat="24.6153926" lon="121.4843178"/>
  <node id="1984505361" lat="24.6152842" lon="121.4842879"/>
  <node id="11034987812" lat="24.6152053" lon="121.4842551"/>
  <node id="1984505440" lat="24.6151563" lon="121.4841686"/>
  <node id="1984505443" lat="24.6151128" lon="121.4840529"/>
  <node id="11034987813" lat="24.6150801" lon="121.4839722"/>
  <node id="1984505481" lat="24.6150374" lon="121.4839089"/>
  <node id="3489003560" lat="24.6150011" lon="121.4838663"/>
  <node id="11034987814" lat="24.6149657" lon="121.4838304"/>
  <node id="1984505480" lat="24.6148823" lon="121.4837742"/>
  <node id="1984505401" lat="24.6144376" lon="121.4836681"/>
  <node id="1984505433" lat="24.6143494" lon="121.4836105"/>
  <node id="12032716890" lat="24.6142812" lon="121.4834442"/>
  <node id="1984505423" lat="24.6142000" lon="121.4833389"/>
  <node id="1984505441" lat="24.6139374" lon="121.4830526"/>
  <node id="1984505439" lat="24.6138444" lon="121.4829137"/>
  <node id="1984505435" lat="24.6137715" lon="121.4827481"/>
  <node id="1984505431" lat="24.6137067" lon="121.4825276"/>
  <node id="1984505420" lat="24.6136464" lon="121.4822351"/>
  <node id="1984505406" lat="24.6136031" lon="121.4821589"/>
  <node id="1984505404" lat="24.6135512" lon="121.4821248"/>
  <node id="1984505398" lat="24.6135053" lon="121.4821284"/>
  <node id="1984505396" lat="24.6134720" lon="121.4821454"/>
  <node id="11034987815" lat="24.6134363" lon="121.4822137"/>
  <node id="1984505397" lat="24.6134228" lon="121.4822948"/>
  <node id="1984505399" lat="24.6134149" lon="121.4824832"/>
  <node id="1984505400" lat="24.6134437" lon="121.4826831"/>
  <node id="1984505403" lat="24.6136144" lon="121.4832873"/>
  <node id="1984505395" lat="24.6136716" lon="121.4834388"/>
  <node id="1984505405" lat="24.6138331" lon="121.4837366"/>
  <node id="1984505418" lat="24.6138741" lon="121.4838651"/>
  <node id="1984505442" lat="24.6138629" lon="121.4839343"/>
  <node id="1984505437" lat="24.6138382" lon="121.4839625"/>
  <node id="1984505429" lat="24.6138006" lon="121.4839772"/>
  <node id="11034987816" lat="24.6137529" lon="121.4839714"/>
  <node id="1984505421" lat="24.6136928" lon="121.4839498"/>
  <node id="1984505381" lat="24.6136340" lon="121.4839146"/>
  <node id="1984505357" lat="24.6134841" lon="121.4837199"/>
  <node id="11034987817" lat="24.6133169" lon="121.4834574"/>
  <node id="11034987818" lat="24.6131963" lon="121.4832378"/>
  <node id="1984505356" lat="24.6131064" lon="121.4830045"/>
  <node id="1984505362" lat="24.6130697" lon="121.4828843"/>
  <node id="1984505359" lat="24.6130383" lon="121.4828390"/>
  <node id="1984505355" lat="24.6129801" lon="121.4828046"/>
  <node id="11034987819" lat="24.6129344" lon="121.4828083"/>
  <node id="1984505348" lat="24.6129031" lon="121.4828395"/>
  <node id="11034987820" lat="24.6128822" lon="121.4829195"/>
  <node id="1984505350" lat="24.6129069" lon="121.4831049"/>
  <node id="1984505385" lat="24.6131401" lon="121.4838573"/>
  <node id="1984505383" lat="24.6131596" lon="121.4839377"/>
  <node id="1984505358" lat="24.6131592" lon="121.4840056"/>
  <node id="1984505368" lat="24.6131327" lon="121.4840457"/>
  <node id="1984505365" lat="24.6130770" lon="121.4840776"/>
  <node id="1984505364" lat="24.6130140" lon="121.4840718"/>
  <node id="1984505322" lat="24.6129718" lon="121.4840468"/>
  <node id="1984505360" lat="24.6129208" lon="121.4839470"/>
  <node id="11034987821" lat="24.6128950" lon="121.4837217"/>
  <node id="1984505346" lat="24.6128567" lon="121.4835267"/>
  <node id="1984505325" lat="24.6128253" lon="121.4834629"/>
  <node id="1984505321" lat="24.6127757" lon="121.4834147"/>
  <node id="1984505316" lat="24.6127052" lon="121.4834020"/>
  <node id="1984505315" lat="24.6126403" lon="121.4834435"/>
  <node id="1984505313" lat="24.6126104" lon="121.4835066"/>
  <node id="1984505318" lat="24.6126043" lon="121.4835997"/>
  <node id="1984505327" lat="24.6126908" lon="121.4839654"/>
  <node id="11034987822" lat="24.6127551" lon="121.4840789"/>
  <node id="1984505344" lat="24.6128137" lon="121.4841620"/>
  <node id="11034987823" lat="24.6128899" lon="121.4842319"/>
  <node id="1984505354" lat="24.6129781" lon="121.4842842"/>
  <node id="1984505366" lat="24.6132420" lon="121.4843407"/>
  <node id="1984505387" lat="24.6133394" lon="121.4843957"/>
  <node id="11034987825" lat="24.6134519" lon="121.4844878"/>
  <node id="1984505402" lat="24.6135256" lon="121.4845911"/>
  <node id="11034987826" lat="24.6135932" lon="121.4846707"/>
  <node id="1984505425" lat="24.6137477" lon="121.4847107"/>
  <node id="11034987828" lat="24.6138012" lon="121.4847398"/>
  <node id="1984505438" lat="24.6138372" lon="121.4847847"/>
  <node id="11034987829" lat="24.6138670" lon="121.4849293"/>
  <node id="1984505455" lat="24.6138997" lon="121.4850044"/>
  <node id="11034987830" lat="24.6139468" lon="121.4850312"/>
  <node id="1984505457" lat="24.6140442" lon="121.4850567"/>
  <node id="1984505461" lat="24.6142176" lon="121.4850791"/>
  <node id="1984505474" lat="24.6142668" lon="121.4851133"/>
  <node id="1984505477" lat="24.6142963" lon="121.4851672"/>
  <node id="11034987834" lat="24.6143133" lon="121.4852413"/>
  <node id="11034987835" lat="24.6143218" lon="121.4853461"/>
  <node id="1984505470" lat="24.6142819" lon="121.4855004"/>
  <node id="1984505453" lat="24.6142460" lon="121.4855762"/>
  <node id="11034987836" lat="24.6142048" lon="121.4856231"/>
  <node id="1984505459" lat="24.6141417" lon="121.4856622"/>
  <node id="1984505311" lat="24.6139171" lon="121.4857113"/>
  <node id="1984505329" lat="24.6138045" lon="121.4857837"/>
  <node id="1984505352" lat="24.6135028" lon="121.4860400"/>
  <node id="1984505379" lat="24.6133671" lon="121.4861727"/>
  <node id="11034987837" lat="24.6133042" lon="121.4862206"/>
  <node id="1984505363" lat="24.6131236" lon="121.4862498"/>
  <node id="1984505287" lat="24.6127822" lon="121.4862336"/>
  <node id="1984505207" lat="24.6126924" lon="121.4862511"/>
  <node id="12032716891" lat="24.6125004" lon="121.4863591"/>
  <node id="1984505248" lat="24.6124279" lon="121.4864067"/>
  <node id="1984505209" lat="24.6123767" lon="121.4864731"/>
  <node id="1984505250" lat="24.6123648" lon="121.4865770"/>
  <node id="1984505252" lat="24.6123720" lon="121.4867192"/>
  <node id="1984505272" lat="24.6124373" lon="121.4869585"/>
  <node id="1984505238" lat="24.6124889" lon="121.4870350"/>
  <node id="1984505159" lat="24.6126850" lon="121.4871678"/>
  <node id="1984505197" lat="24.6127209" lon="121.4872167"/>
  <node id="1984505292" lat="24.6127399" lon="121.4872731"/>
  <node id="1984505154" lat="24.6127264" lon="121.4877440"/>
  <node id="11034987841" lat="24.6128112" lon="121.4879331"/>
  <node id="1984505323" lat="24.6128265" lon="121.4879981"/>
  <node id="1984505241" lat="24.6128197" lon="121.4880535"/>
  <node id="11034987842" lat="24.6127901" lon="121.4880894"/>
  <node id="11034987843" lat="24.6127509" lon="121.4881016"/>
  <node id="1984505234" lat="24.6127221" lon="121.4881066"/>
  <node id="1984505237" lat="24.6126862" lon="121.4881065"/>
  <node id="1984505233" lat="24.6126621" lon="121.4880953"/>
  <node id="1984505230" lat="24.6126201" lon="121.4880661"/>
  <node id="1984505213" lat="24.6125646" lon="121.4879681"/>
  <node id="1984505156" lat="24.6125437" lon="121.4878647"/>
  <node id="11034987844" lat="24.6125583" lon="121.4877755"/>
  <node id="1984505195" lat="24.6126061" lon="121.4876724"/>
  <node id="1984505196" lat="24.6126135" lon="121.4875299"/>
  <node id="1984505245" lat="24.6125977" lon="121.4874811"/>
  <node id="1984505198" lat="24.6124621" lon="121.4872713"/>
  <node id="1984505089" lat="24.6123005" lon="121.4871450"/>
  <node id="1984505236" lat="24.6122324" lon="121.4870880"/>
  <node id="11034987847" lat="24.6121967" lon="121.4870308"/>
  <node id="1984505190" lat="24.6120722" lon="121.4867437"/>
  <node id="1984505229" lat="24.6120735" lon="121.4866722"/>
  <node id="1984505211" lat="24.6121426" lon="121.4864208"/>
  <node id="1984505216" lat="24.6121275" lon="121.4862860"/>
  <node id="1984505076" lat="24.6120677" lon="121.4862179"/>
  <node id="1984505079" lat="24.6119779" lon="121.4862058"/>
  <node id="11034987850" lat="24.6119337" lon="121.4862328"/>
  <node id="11034987851" lat="24.6119164" lon="121.4863133"/>
  <node id="11034987848" lat="24.6119581" lon="121.4865349"/>
  <node id="1984505164" lat="24.6119799" lon="121.4869212"/>
  <node id="1984505129" lat="24.6120020" lon="121.4870019"/>
  <node id="11034987852" lat="24.6120527" lon="121.4871243"/>
  <node id="1984505189" lat="24.6121707" lon="121.4872813"/>
  <node id="11034987853" lat="24.6121988" lon="121.4873488"/>
  <node id="11034987854" lat="24.6122039" lon="121.4874284"/>
  <node id="1984505192" lat="24.6121595" lon="121.4876462"/>
  <node id="1984505204" lat="24.6121445" lon="121.4879845"/>
  <node id="1984505155" lat="24.6121775" lon="121.4882085"/>
  <node id="1984505118" lat="24.6121839" lon="121.4882948"/>
  <node id="1984504959" lat="24.6121710" lon="121.4883639"/>
  <node id="1984504962" lat="24.6121517" lon="121.4883805"/>
  <node id="1984505116" lat="24.6120996" lon="121.4883972"/>
  <node id="11034987857" lat="24.6120409" lon="121.4883851"/>
  <node id="11034987856" lat="24.6119940" lon="121.4883392"/>
  <node id="11034987855" lat="24.6119725" lon="121.4882648"/>
  <node id="4446604168" lat="24.6119828" lon="121.4877601"/>
  <node id="1984505194" lat="24.6119267" lon="121.4875676"/>
  <node id="1984505200" lat="24.6118688" lon="121.4874436"/>
  <node id="1984505171" lat="24.6116647" lon="121.4870920"/>
  <node id="1984505169" lat="24.6116066" lon="121.4869881"/>
  <node id="11034987860" lat="24.6114857" lon="121.4867736"/>
  <node id="11034987862" lat="24.6114293" lon="121.4867136"/>
  <node id="1984505120" lat="24.6113996" lon="121.4866978"/>
  <node id="1984505137" lat="24.6113269" lon="121.4867145"/>
  <node id="11034987863" lat="24.6112681" lon="121.4867482"/>
  <node id="1984505125" lat="24.6112476" lon="121.4868119"/>
  <node id="1984505162" lat="24.6112512" lon="121.4868898"/>
  <node id="1984505166" lat="24.6115085" lon="121.4875040"/>
  <node id="1984505173" lat="24.6115274" lon="121.4875992"/>
  <node id="11034987864" lat="24.6115176" lon="121.4876592"/>
  <node id="1984505138" lat="24.6114829" lon="121.4876917"/>
  <node id="1984505135" lat="24.6114274" lon="121.4877018"/>
  <node id="1984505057" lat="24.6113634" lon="121.4876931"/>
  <node id="1984505140" lat="24.6112360" lon="121.4875985"/>
  <node id="1984505078" lat="24.6111542" lon="121.4875080"/>
  <node id="11034987865" lat="24.6110323" lon="121.4871668"/>
  <node id="11034987868" lat="24.6109771" lon="121.4869440"/>
  <node id="11034987869" lat="24.6109504" lon="121.4868621"/>
  <node id="11034987872" lat="24.6109129" lon="121.4868102"/>
  <node id="1984505121" lat="24.6108769" lon="121.4867802"/>
  <node id="1984505127" lat="24.6108250" lon="121.4867624"/>
  <node id="1984505037" lat="24.6107541" lon="121.4867886"/>
  <node id="1984505115" lat="24.6107212" lon="121.4868361"/>
  <node id="11034987873" lat="24.6107181" lon="121.4869182"/>
  <node id="1984505040" lat="24.6108031" lon="121.4871640"/>
  <node id="1984505087" lat="24.6108781" lon="121.4874457"/>
  <node id="1984505119" lat="24.6109574" lon="121.4876247"/>
  <node id="1984505093" lat="24.6111177" lon="121.4878232"/>
  <node id="1984505153" lat="24.6111493" lon="121.4879043"/>
  <node id="11034987874" lat="24.6111577" lon="121.4879858"/>
  <node id="1984505098" lat="24.6111504" lon="121.4880288"/>
  <node id="1984505100" lat="24.6111207" lon="121.4880636"/>
  <node id="1984505097" lat="24.6110703" lon="121.4880851"/>
  <node id="11034987875" lat="24.6110221" lon="121.4880810"/>
  <node id="1984505114" lat="24.6109397" lon="121.4880578"/>
  <node id="1984505095" lat="24.6108800" lon="121.4879841"/>
  <node id="1984505035" lat="24.6106278" lon="121.4874306"/>
  <node id="11034987876" lat="24.6104519" lon="121.4871332"/>
  <node id="1984505073" lat="24.6103975" lon="121.4870111"/>
  <node id="11034987877" lat="24.6103750" lon="121.4869206"/>
  <node id="11034987878" lat="24.6103877" lon="121.4867254"/>
  <node id="1984505075" lat="24.6103940" lon="121.4865670"/>
  <node id="1984505083" lat="24.6103682" lon="121.4864732"/>
  <node id="1984505081" lat="24.6103249" lon="121.4864295"/>
  <node id="1984505080" lat="24.6102712" lon="121.4864054"/>
  <node id="1984505018" lat="24.6101996" lon="121.4864101"/>
  <node id="1984504997" lat="24.6101678" lon="121.4864382"/>
  <node id="1984505024" lat="24.6101434" lon="121.4865281"/>
  <node id="1984505063" lat="24.6102059" lon="121.4868929"/>
  <node id="1984505043" lat="24.6103075" lon="121.4873267"/>
  <node id="1984505050" lat="24.6103295" lon="121.4877177"/>
  <node id="11034987879" lat="24.6104757" lon="121.4881572"/>
  <node id="11034987881" lat="24.6104812" lon="121.4882440"/>
  <node id="11034987880" lat="24.6104671" lon="121.4883153"/>
  <node id="1984505117" lat="24.6104379" lon="121.4883515"/>
  <node id="1984505005" lat="24.6103903" lon="121.4883732"/>
  <node id="1984504968" lat="24.6103264" lon="121.4883734"/>
  <node id="1984504964" lat="24.6102759" lon="121.4883288"/>
  <node id="1984505004" lat="24.6102460" lon="121.4882675"/>
  <node id="1984505056" lat="24.6102299" lon="121.4880905"/>
  <node id="11034987882" lat="24.6101675" lon="121.4876571"/>
  <node id="11034953767" lat="24.6101408" lon="121.4875461"/>
  <node id="1984505059" lat="24.6100016" lon="121.4873790"/>
  <node id="1984505045" lat="24.6099503" lon="121.4872662"/>
  <node id="4446604167" lat="24.6098265" lon="121.4868287"/>
  <node id="1984505046" lat="24.6097820" lon="121.4865410"/>
  <node id="11034953768" lat="24.6097673" lon="121.4864605"/>
  <node id="1984505041" lat="24.6097295" lon="121.4863979"/>
  <node id="11034953770" lat="24.6096883" lon="121.4863736"/>
  <node id="11034953769" lat="24.6096491" lon="121.4863616"/>
  <node id="1984505038" lat="24.6096254" lon="121.4863760"/>
  <node id="1984504920" lat="24.6096047" lon="121.4863933"/>
  <node id="1984505022" lat="24.6095771" lon="121.4864562"/>
  <node id="1984505020" lat="24.6095790" lon="121.4865314"/>
  <node id="1984505026" lat="24.6097753" lon="121.4875737"/>
  <node id="1984505048" lat="24.6098380" lon="121.4877871"/>
  <node id="1984505054" lat="24.6098595" lon="121.4878950"/>
  <node id="1984505052" lat="24.6098598" lon="121.4879514"/>
  <node id="1984505009" lat="24.6098536" lon="121.4879965"/>
  <node id="1984505007" lat="24.6098387" lon="121.4880270"/>
  <node id="1984505011" lat="24.6098187" lon="121.4880416"/>
  <node id="11034953773" lat="24.6097383" lon="121.4880541"/>
  <node id="11034953775" lat="24.6096869" lon="121.4880211"/>
  <node id="11034953776" lat="24.6096530" lon="121.4879329"/>
  <node id="1984505016" lat="24.6096366" lon="121.4877974"/>
  <node id="1984505036" lat="24.6096325" lon="121.4876841"/>
  <node id="1984505039" lat="24.6096128" lon="121.4875178"/>
  <node id="1984504999" lat="24.6095839" lon="121.4874521"/>
  <node id="1984505001" lat="24.6095343" lon="121.4874052"/>
  <node id="1984504950" lat="24.6094695" lon="121.4873992"/>
  <node id="1984504995" lat="24.6094217" lon="121.4874239"/>
  <node id="1984504977" lat="24.6094016" lon="121.4874675"/>
  <node id="1984504970" lat="24.6094650" lon="121.4878721"/>
  <node id="11034953777" lat="24.6094720" lon="121.4879840"/>
  <node id="1984504988" lat="24.6094489" lon="121.4880388"/>
  <node id="11034953778" lat="24.6094052" lon="121.4880840"/>
  <node id="1984505002" lat="24.6093437" lon="121.4881306"/>
  <node id="1984504979" lat="24.6091326" lon="121.4882013"/>
  <node id="1984504945" lat="24.6085316" lon="121.4882403"/>
  <node id="4446604166" lat="24.6083395" lon="121.4882664"/>
  <node id="1984504939" lat="24.6082690" lon="121.4883074"/>
  <node id="1984504935" lat="24.6081969" lon="121.4883827"/>
  <node id="1984504931" lat="24.6081560" lon="121.4884565"/>
  <node id="1984504960" lat="24.6081228" lon="121.4885739"/>
  <node id="1984504924" lat="24.6080945" lon="121.4887269"/>
  <node id="1984504948" lat="24.6081079" lon="121.4891850"/>
  <node id="1984504943" lat="24.6080848" lon="121.4892329"/>
  <node id="1984504937" lat="24.6080408" lon="121.4892486"/>
  <node id="1984504769" lat="24.6079159" lon="121.4891783"/>
  <node id="1984504701" lat="24.6078669" lon="121.4890641"/>
  <node id="1984504933" lat="24.6078482" lon="121.4889343"/>
  <node id="1984504929" lat="24.6078579" lon="121.4887251"/>
  <node id="1984504928" lat="24.6079085" lon="121.4884421"/>
  <node id="1984504864" lat="24.6080153" lon="121.4881863"/>
  <node id="1984504947" lat="24.6080923" lon="121.4880756"/>
  <node id="1984504952" lat="24.6082076" lon="121.4879939"/>
  <node id="1984504982" lat="24.6084662" lon="121.4878524"/>
  <node id="1984504941" lat="24.6086867" lon="121.4876794"/>
  <node id="1984504966" lat="24.6087163" lon="121.4876367"/>
  <node id="1984504998" lat="24.6087295" lon="121.4875776"/>
  <node id="1984504981" lat="24.6087303" lon="121.4874837"/>
  <node id="11034953781" lat="24.6086667" lon="121.4873431"/>
  <node id="11034953780" lat="24.6086240" lon="121.4872783"/>
  <node id="11034953779" lat="24.6085792" lon="121.4872366"/>
  <node id="1984504986" lat="24.6085350" lon="121.4872325"/>
  <node id="1984504996" lat="24.6084972" lon="121.4872279"/>
  <node id="1984504894" lat="24.6084499" lon="121.4872469"/>
  <node id="1984504911" lat="24.6084130" lon="121.4873169"/>
  <node id="1984504975" lat="24.6083812" lon="121.4875359"/>
  <node id="11034953782" lat="24.6083560" lon="121.4876195"/>
  <node id="11034953783" lat="24.6083046" lon="121.4876714"/>
  <node id="1984504926" lat="24.6080646" lon="121.4877735"/>
  <node id="1984504851" lat="24.6076040" lon="121.4880206"/>
  <node id="1984504839" lat="24.6074877" lon="121.4880943"/>
  <node id="1984504738" lat="24.6074288" lon="121.4881132"/>
  <node id="11034953784" lat="24.6073765" lon="121.4881068"/>
  <node id="11034953785" lat="24.6073400" lon="121.4880716"/>
  <node id="11034953786" lat="24.6073222" lon="121.4880225"/>
  <node id="1984504744" lat="24.6073291" lon="121.4879636"/>
  <node id="1984504833" lat="24.6073653" lon="121.4878970"/>
  <node id="1984504853" lat="24.6074312" lon="121.4878439"/>
  <node id="11034953787" lat="24.6077303" lon="121.4877758"/>
  <node id="1984504892" lat="24.6078142" lon="121.4877291"/>
  <node id="11034953788" lat="24.6078703" lon="121.4876846"/>
  <node id="1984504845" lat="24.6079159" lon="121.4875889"/>
  <node id="1984504915" lat="24.6079323" lon="121.4874778"/>
  <node id="4446604165" lat="24.6079213" lon="121.4873987"/>
  <node id="1984504890" lat="24.6078506" lon="121.4870305"/>
  <node id="1984504913" lat="24.6078445" lon="121.4869326"/>
  <node id="1984504881" lat="24.6078890" lon="121.4867885"/>
  <node id="1984504922" lat="24.6079256" lon="121.4867007"/>
  <node id="1984504918" lat="24.6079309" lon="121.4866612"/>
  <node id="1984504910" lat="24.6079250" lon="121.4866119"/>
  <node id="11034953794" lat="24.6079049" lon="121.4865613"/>
  <node id="11034953793" lat="24.6078648" lon="121.4865354"/>
  <node id="11034953791" lat="24.6078113" lon="121.4865237"/>
  <node id="11034953790" lat="24.6077634" lon="121.4865348"/>
  <node id="11034953789" lat="24.6077225" lon="121.4865600"/>
  <node id="1984504906" lat="24.6076726" lon="121.4866526"/>
  <node id="1984504879" lat="24.6076555" lon="121.4867777"/>
  <node id="1984504883" lat="24.6076779" lon="121.4869951"/>
  <node id="1984504896" lat="24.6077339" lon="121.4871426"/>
  <node id="1984504885" lat="24.6077397" lon="121.4872329"/>
  <node id="11034953795" lat="24.6077245" lon="121.4873384"/>
  <node id="1984504870" lat="24.6076939" lon="121.4874235"/>
  <node id="1984504857" lat="24.6076590" lon="121.4874702"/>
  <node id="11034953796" lat="24.6076073" lon="121.4875179"/>
  <node id="1984504824" lat="24.6075384" lon="121.4875469"/>
  <node id="1984504816" lat="24.6072897" lon="121.4875409"/>
  <node id="1984504792" lat="24.6072050" lon="121.4875630"/>
  <node id="1984504782" lat="24.6070576" lon="121.4876533"/>
  <node id="1984504775" lat="24.6069541" lon="121.4877524"/>
  <node id="1984504760" lat="24.6068862" lon="121.4878273"/>
  <node id="1984504751" lat="24.6068447" lon="121.4879238"/>
  <node id="11034953798" lat="24.6068299" lon="121.4881000"/>
  <node id="1984504732" lat="24.6068286" lon="121.4884156"/>
  <node id="1984504723" lat="24.6068828" lon="121.4888031"/>
  <node id="1984504717" lat="24.6068932" lon="121.4893209"/>
  <node id="11034953799" lat="24.6068555" lon="121.4894948"/>
  <node id="1984504709" lat="24.6068238" lon="121.4895661"/>
  <node id="11034953800" lat="24.6067854" lon="121.4896211"/>
  <node id="1984504707" lat="24.6067464" lon="121.4896775"/>
  <node id="1984504681" lat="24.6066536" lon="121.4897792"/>
  <node id="4442783417" lat="24.6065524" lon="121.4898563"/>
  <node id="1984504673" lat="24.6064625" lon="121.4899139"/>
  <node id="11034953801" lat="24.6064174" lon="121.4899606"/>
  <node id="1984504663" lat="24.6063979" lon="121.4900319"/>
  <node id="1984504657" lat="24.6064070" lon="121.4901156"/>
  <node id="1984504671" lat="24.6064380" lon="121.4901733"/>
  <node id="11034953802" lat="24.6065164" lon="121.4902317"/>
  <node id="1984504699" lat="24.6067310" lon="121.4902515"/>
  <node id="1984504715" lat="24.6068295" lon="121.4902713"/>
  <node id="1984504740" lat="24.6069336" lon="121.4903062"/>
  <node id="11034953804" lat="24.6070225" lon="121.4904095"/>
  <node id="1984504761" lat="24.6071810" lon="121.4906509"/>
  <node id="4446588840" lat="24.6072657" lon="121.4907679"/>
  <node id="1984504776" lat="24.6072821" lon="121.4908290"/>
  <node id="11035007206" lat="24.6072778" lon="121.4908735"/>
  <node id="1984504784" lat="24.6072656" lon="121.4909148"/>
  <node id="1984504798" lat="24.6072442" lon="121.4909427"/>
  <node id="11035007207" lat="24.6072223" lon="121.4909719"/>
  <node id="1984504714" lat="24.6071586" lon="121.4909924"/>
  <node id="11035007208" lat="24.6070890" lon="121.4909754"/>
  <node id="1984504706" lat="24.6070245" lon="121.4909051"/>
  <node id="11035007209" lat="24.6068319" lon="121.4905744"/>
  <node id="1984504704" lat="24.6067823" lon="121.4905090"/>
  <node id="1984504687" lat="24.6067267" lon="121.4904815"/>
  <node id="4446588836" lat="24.6066182" lon="121.4904869"/>
  <node id="11035007210" lat="24.6064638" lon="121.4905254"/>
  <node id="1984504677" lat="24.6063510" lon="121.4905406"/>
  <node id="11035007211" lat="24.6062770" lon="121.4905256"/>
  <node id="1984504659" lat="24.6061634" lon="121.4904775"/>
  <node id="1984504624" lat="24.6060758" lon="121.4904731"/>
  <node id="11035007213" lat="24.6059526" lon="121.4905092"/>
  <node id="1984504582" lat="24.6057578" lon="121.4905904"/>
  <node id="11035007214" lat="24.6056217" lon="121.4906143"/>
  <node id="4446588828" lat="24.6053720" lon="121.4906628"/>
  <node id="1984504468" lat="24.6052262" lon="121.4906910"/>
  <node id="11035007216" lat="24.6050617" lon="121.4906989"/>
  <node id="1984504522" lat="24.6049337" lon="121.4907176"/>
  <node id="1984504458" lat="24.6048880" lon="121.4907520"/>
  <node id="1984504459" lat="24.6048717" lon="121.4908059"/>
  <node id="1984504512" lat="24.6048746" lon="121.4908873"/>
  <node id="1984504457" lat="24.6048985" lon="121.4909381"/>
  <node id="1984504470" lat="24.6049448" lon="121.4909575"/>
  <node id="11035007217" lat="24.6049792" lon="121.4909606"/>
  <node id="1984504497" lat="24.6051179" lon="121.4909387"/>
  <node id="11035007218" lat="24.6053662" lon="121.4908873"/>
  <node id="1984504580" lat="24.6055083" lon="121.4908805"/>
  <node id="11035007219" lat="24.6056048" lon="121.4908954"/>
  <node id="11035007220" lat="24.6057731" lon="121.4909261"/>
  <node id="1984504612" lat="24.6059073" lon="121.4909331"/>
  <node id="1984504655" lat="24.6062738" lon="121.4908852"/>
  <node id="11035007221" lat="24.6063613" lon="121.4908974"/>
  <node id="1984504679" lat="24.6064457" lon="121.4909114"/>
  <node id="4446588834" lat="24.6065180" lon="121.4909466"/>
  <node id="1984504697" lat="24.6065536" lon="121.4909898"/>
  <node id="11035007223" lat="24.6066096" lon="121.4911102"/>
  <node id="11035007224" lat="24.6066658" lon="121.4912456"/>
  <node id="1984504718" lat="24.6067102" lon="121.4914013"/>
  <node id="1984504722" lat="24.6067542" lon="121.4914935"/>
  <node id="1984504742" lat="24.6068195" lon="121.4915142"/>
  <node id="1984504756" lat="24.6070876" lon="121.4915651"/>
  <node id="1984504767" lat="24.6071571" lon="121.4916097"/>
  <node id="11035007226" lat="24.6072120" lon="121.4916830"/>
  <node id="1984504799" lat="24.6072205" lon="121.4917517"/>
  <node id="1984504812" lat="24.6072106" lon="121.4918192"/>
  <node id="11035007227" lat="24.6071968" lon="121.4918572"/>
  <node id="1984504788" lat="24.6071758" lon="121.4918889"/>
  <node id="1984504778" lat="24.6070285" lon="121.4919729"/>
  <node id="11035007228" lat="24.6069476" lon="121.4920418"/>
  <node id="1984504758" lat="24.6068909" lon="121.4921277"/>
  <node id="1984504755" lat="24.6067712" lon="121.4923265"/>
  <node id="4442783418" lat="24.6067392" lon="121.4924166"/>
  <node id="11035007229" lat="24.6067319" lon="121.4925233"/>
  <node id="1984504721" lat="24.6067310" lon="121.4926997"/>
  <node id="11035007230" lat="24.6067224" lon="121.4927645"/>
  <node id="4446588837" lat="24.6066951" lon="121.4928104"/>
  <node id="1984504712" lat="24.6065987" lon="121.4929029"/>
  <node id="4446588835" lat="24.6065601" lon="121.4929877"/>
  <node id="11035007231" lat="24.6065707" lon="121.4930692"/>
  <node id="11035007232" lat="24.6066132" lon="121.4932478"/>
  <node id="1984504684" lat="24.6066072" lon="121.4933265"/>
  <node id="1984504669" lat="24.6065849" lon="121.4933888"/>
  <node id="1984504633" lat="24.6065170" lon="121.4934643"/>
  <node id="1984504626" lat="24.6063872" lon="121.4935439"/>
  <node id="11035007235" lat="24.6062708" lon="121.4935781"/>
  <node id="11035007236" lat="24.6061649" lon="121.4935780"/>
  <node id="1984504595" lat="24.6059559" lon="121.4935876"/>
  <node id="11035007238" lat="24.6057934" lon="121.4936328"/>
  <node id="1984504567" lat="24.6055837" lon="121.4937294"/>
  <node id="1984504465" lat="24.6055103" lon="121.4938055"/>
  <node id="11035007239" lat="24.6054643" lon="121.4939233"/>
  <node id="1984504430" lat="24.6054227" lon="121.4940214"/>
  <node id="1984504524" lat="24.6053883" lon="121.4940987"/>
  <node id="1984504516" lat="24.6053358" lon="121.4941613"/>
  <node id="4446588819" lat="24.6051644" lon="121.4943172"/>
  <node id="1984504438" lat="24.6048728" lon="121.4945346"/>
  <node id="1984504433" lat="24.6048256" lon="121.4946076"/>
  <node id="11035007240" lat="24.6047834" lon="121.4946607"/>
  <node id="1984504426" lat="24.6047636" lon="121.4947252"/>
  <node id="1984504399" lat="24.6047667" lon="121.4947969"/>
  <node id="11035007247" lat="24.6047814" lon="121.4948948"/>
  <node id="11035007246" lat="24.6048837" lon="121.4951271"/>
  <node id="11035007245" lat="24.6049242" lon="121.4951989"/>
  <node id="11035007243" lat="24.6049298" lon="121.4952768"/>
  <node id="11035007241" lat="24.6048842" lon="121.4953305"/>
  <node id="1984504450" lat="24.6048374" lon="121.4953382"/>
  <node id="1984504439" lat="24.6047906" lon="121.4953208"/>
  <node id="1984504425" lat="24.6047414" lon="121.4952742"/>
  <node id="1984504338" lat="24.6046965" lon="121.4952114"/>
  <node id="1984504331" lat="24.6045312" lon="121.4949182"/>
  <node id="1984504381" lat="24.6044982" lon="121.4948240"/>
  <node id="1984504347" lat="24.6044785" lon="121.4947283"/>
  <node id="1984504368" lat="24.6044945" lon="121.4946546"/>
  <node id="11035007248" lat="24.6045842" lon="121.4944982"/>
  <node id="1984504373" lat="24.6045915" lon="121.4944014"/>
  <node id="1984504392" lat="24.6045660" lon="121.4943454"/>
  <node id="1984504379" lat="24.6045076" lon="121.4943015"/>
  <node id="1984504356" lat="24.6044402" lon="121.4942967"/>
  <node id="1984504352" lat="24.6043699" lon="121.4943571"/>
  <node id="1984504349" lat="24.6043337" lon="121.4944331"/>
  <node id="1984504348" lat="24.6043290" lon="121.4945175"/>
  <node id="11035007249" lat="24.6043537" lon="121.4947327"/>
  <node id="11035007250" lat="24.6043255" lon="121.4948496"/>
  <node id="11035007251" lat="24.6042586" lon="121.4950095"/>
  <node id="4442783413" lat="24.6041941" lon="121.4951347"/>
  <node id="1984504337" lat="24.6040948" lon="121.4953159"/>
  <node id="11035007252" lat="24.6040488" lon="121.4954392"/>
  <node id="1984504333" lat="24.6040191" lon="121.4955135"/>
  <node id="11035007253" lat="24.6040040" lon="121.4955976"/>
  <node id="1984504332" lat="24.6040274" lon="121.4957188"/>
  <node id="11035007254" lat="24.6041821" lon="121.4961573"/>
  <node id="1984504340" lat="24.6042357" lon="121.4963642"/>
  <node id="1984504343" lat="24.6042573" lon="121.4964183"/>
  <node id="1984504350" lat="24.6043010" lon="121.4964604"/>
  <node id="1984504362" lat="24.6043664" lon="121.4964790"/>
  <node id="11035007255" lat="24.6044560" lon="121.4964790"/>
  <node id="1984504389" lat="24.6045706" lon="121.4964835"/>
  <node id="1984504402" lat="24.6046229" lon="121.4965048"/>
  <node id="1984504407" lat="24.6046520" lon="121.4965562"/>
  <node id="11035007256" lat="24.6046484" lon="121.4966181"/>
  <node id="1984504410" lat="24.6046427" lon="121.4966617"/>
  <node id="1984504404" lat="24.6045473" lon="121.4967877"/>
  <node id="1984504367" lat="24.6044074" lon="121.4969008"/>
  <node id="1984504361" lat="24.6043681" lon="121.4969582"/>
  <node id="1984504359" lat="24.6043476" lon="121.4970521"/>
  <node id="1984504355" lat="24.6044045" lon="121.4973467"/>
  <node id="4446588807" lat="24.6043883" lon="121.4974043"/>
  <node id="4442783416" lat="24.6043168" lon="121.4975918"/>
  <node id="4442783415" lat="24.6043106" lon="121.4978425"/>
  <node id="4446588806" lat="24.6043252" lon="121.4981426"/>
  <node id="1984504357" lat="24.6043640" lon="121.4983031"/>
  <node id="1984504363" lat="24.6044124" lon="121.4984771"/>
  <node id="4446588808" lat="24.6044880" lon="121.4986089"/>
  <node id="1984504413" lat="24.6046441" lon="121.4988367"/>
  <node id="1984504420" lat="24.6047265" lon="121.4988960"/>
  <node id="1984504431" lat="24.6048939" lon="121.4989607"/>
  <node id="1984504453" lat="24.6049456" lon="121.4990023"/>
  <node id="4446588821" lat="24.6050447" lon="121.4991645"/>
  <node id="11035007258" lat="24.6052200" lon="121.4994853"/>
  <node id="4446588826" lat="24.6054202" lon="121.4996226"/>
  <node id="1984504553" lat="24.6056830" lon="121.4998686"/>
  <node id="1984504570" lat="24.6057714" lon="121.4999793"/>
  <node id="1984504618" lat="24.6058696" lon="121.5001134"/>
  <node id="1984504610" lat="24.6058946" lon="121.5001711"/>
  <node id="1984504607" lat="24.6058950" lon="121.5002295"/>
  <node id="1984504583" lat="24.6058561" lon="121.5003087"/>
  <node id="11035007259" lat="24.6058067" lon="121.5003324"/>
  <node id="1984504577" lat="24.6057593" lon="121.5003310"/>
  <node id="1984504573" lat="24.6057147" lon="121.5003105"/>
  <node id="1984504564" lat="24.6056171" lon="121.5001885"/>
  <node id="1984504518" lat="24.6055647" lon="121.5001100"/>
  <node id="1984504551" lat="24.6055113" lon="121.4998768"/>
  <node id="1984504525" lat="24.6054495" lon="121.4998103"/>
  <node id="1984504515" lat="24.6053199" lon="121.4997064"/>
  <node id="1984504462" lat="24.6051449" lon="121.4996360"/>
  <node id="1984504454" lat="24.6049793" lon="121.4995696"/>
  <node id="12032716892" lat="24.6049201" lon="121.4995066"/>
  <node id="12032716893" lat="24.6048603" lon="121.4994315"/>
  <node id="12032716894" lat="24.6047994" lon="121.4992806"/>
  <node id="1984504416" lat="24.6047354" lon="121.4992024"/>
  <node id="11035007260" lat="24.6046306" lon="121.4991406"/>
  <node id="11035007261" lat="24.6044855" lon="121.4990865"/>
  <node id="1984504400" lat="24.6043999" lon="121.4990266"/>
  <node id="11035007263" lat="24.6041896" lon="121.4988619"/>
  <node id="1984504339" lat="24.6040011" lon="121.4987153"/>
  <node id="1984504330" lat="24.6038721" lon="121.4985912"/>
  <node id="11035007264" lat="24.6038429" lon="121.4985144"/>
  <node id="11035007265" lat="24.6038303" lon="121.4984086"/>
  <node id="11035007267" lat="24.6038181" lon="121.4982634"/>
  <node id="11035007268" lat="24.6038113" lon="121.4982139"/>
  <node id="11035007269" lat="24.6037962" lon="121.4981812"/>
  <node id="1984504394" lat="24.6037722" lon="121.4981584"/>
  <node id="1984504378" lat="24.6037289" lon="121.4981504"/>
  <node id="1984504318" lat="24.6036674" lon="121.4981684"/>
  <node id="1984504325" lat="24.6036324" lon="121.4982174"/>
  <node id="1984504327" lat="24.6036275" lon="121.4982945"/>
  <node id="1984504317" lat="24.6036919" lon="121.4985573"/>
  <node id="1984504326" lat="24.6037383" lon="121.4986617"/>
  <node id="1984504328" lat="24.6038962" lon="121.4988595"/>
  <node id="11035007270" lat="24.6043840" lon="121.4993360"/>
  <node id="1984504397" lat="24.6044540" lon="121.4994127"/>
  <node id="1984504366" lat="24.6045060" lon="121.4995223"/>
  <node id="11035007271" lat="24.6045212" lon="121.4995992"/>
  <node id="4446588809" lat="24.6045343" lon="121.4997528"/>
  <node id="4446588811" lat="24.6045539" lon="121.4998311"/>
  <node id="4446588812" lat="24.6046393" lon="121.4999383"/>
  <node id="4446588813" lat="24.6047197" lon="121.5000423"/>
  <node id="11035007272" lat="24.6047317" lon="121.5001576"/>
  <node id="4446588815" lat="24.6047417" lon="121.5004462"/>
  <node id="1984504421" lat="24.6047655" lon="121.5005344"/>
  <node id="4446588816" lat="24.6048575" lon="121.5007550"/>
  <node id="4446588818" lat="24.6048959" lon="121.5008550"/>
  <node id="1984504202" lat="24.6049569" lon="121.5010931"/>
  <node id="11035007273" lat="24.6050151" lon="121.5012668"/>
  <node id="1984504467" lat="24.6050565" lon="121.5012949"/>
  <node id="4446588822" lat="24.6052544" lon="121.5014270"/>
  <node id="1984504494" lat="24.6053629" lon="121.5015054"/>
  <node id="4446588827" lat="24.6055489" lon="121.5017109"/>
  <node id="1984504572" lat="24.6056168" lon="121.5018022"/>
  <node id="1984504599" lat="24.6057066" lon="121.5018618"/>
  <node id="11035007274" lat="24.6057751" lon="121.5018643"/>
  <node id="1984504604" lat="24.6058326" lon="121.5018702"/>
  <node id="1984504615" lat="24.6059050" lon="121.5018448"/>
  <node id="1984504619" lat="24.6062195" lon="121.5016885"/>
  <node id="1984504629" lat="24.6063085" lon="121.5016597"/>
  <node id="1984504631" lat="24.6063848" lon="121.5016633"/>
  <node id="4446588832" lat="24.6064233" lon="121.5017043"/>
  <node id="4446588833" lat="24.6064411" lon="121.5017667"/>
  <node id="1984504634" lat="24.6064372" lon="121.5018738"/>
  <node id="1984504702" lat="24.6064165" lon="121.5020144"/>
  <node id="1984504636" lat="24.6063555" lon="121.5022980"/>
  <node id="11035007275" lat="24.6063277" lon="121.5024318"/>
  <node id="1984504661" lat="24.6063188" lon="121.5025369"/>
  <node id="4446588830" lat="24.6063347" lon="121.5026608"/>
  <node id="4446588831" lat="24.6063774" lon="121.5028372"/>
  <node id="1984504667" lat="24.6064293" lon="121.5029525"/>
  <node id="1984504674" lat="24.6065348" lon="121.5030606"/>
  <node id="1984504685" lat="24.6066406" lon="121.5031484"/>
  <node id="4446588838" lat="24.6068596" lon="121.5033172"/>
  <node id="1984504747" lat="24.6070267" lon="121.5034030"/>
  <node id="1984504759" lat="24.6071029" lon="121.5034118"/>
  <node id="1984504780" lat="24.6071968" lon="121.5034015"/>
  <node id="4446588841" lat="24.6073057" lon="121.5033694"/>
  <node id="1984504796" lat="24.6075897" lon="121.5032174"/>
  <node id="1984504814" lat="24.6076795" lon="121.5032172"/>
  <node id="1984504820" lat="24.6077299" lon="121.5032396"/>
  <node id="1984504828" lat="24.6077562" lon="121.5032801"/>
  <node id="1984504866" lat="24.6077675" lon="121.5033475"/>
  <node id="1984504898" lat="24.6077495" lon="121.5034675"/>
  <node id="11035007276" lat="24.6076299" lon="121.5037703"/>
  <node id="1984504843" lat="24.6075516" lon="121.5039000"/>
  <node id="11035007277" lat="24.6074717" lon="121.5040400"/>
  <node id="4446588842" lat="24.6074669" lon="121.5041158"/>
  <node id="1984504829" lat="24.6074821" lon="121.5042164"/>
  <node id="1984504826" lat="24.6075077" lon="121.5042984"/>
  <node id="1984504837" lat="24.6075659" lon="121.5043728"/>
  <node id="12032716895" lat="24.6077001" lon="121.5044935"/>
  <node id="1984504874" lat="24.6077823" lon="121.5046028"/>
  <node id="1984504682" lat="24.6077996" lon="121.5046687"/>
  <node id="11035007278" lat="24.6077867" lon="121.5047515"/>
  <node id="1984504872" lat="24.6077556" lon="121.5048537"/>
  <node id="1984504773" lat="24.6076694" lon="121.5050406"/>
  <node id="1984504847" lat="24.6076300" lon="121.5053036"/>
  <node id="1984504835" lat="24.6075958" lon="121.5053619"/>
  <node id="1984504818" lat="24.6075447" lon="121.5054036"/>
  <node id="11035007279" lat="24.6074909" lon="121.5054353"/>
  <node id="1984504806" lat="24.6071253" lon="121.5055135"/>
  <node id="1984504676" lat="24.6065546" lon="121.5055758"/>
  <node id="1984504665" lat="24.6064902" lon="121.5055972"/>
  <node id="1984504559" lat="24.6064473" lon="121.5056220"/>
  <node id="1984504628" lat="24.6063666" lon="121.5057474"/>
  <node id="1984504521" lat="24.6063280" lon="121.5058111"/>
  <node id="1984504622" lat="24.6062575" lon="121.5058500"/>
  <node id="4446588829" lat="24.6061128" lon="121.5058519"/>
  <node id="1984504578" lat="24.6056481" lon="121.5058460"/>
  <node id="11035007280" lat="24.6055677" lon="121.5058602"/>
  <node id="1984504568" lat="24.6055010" lon="121.5058896"/>
  <node id="1984504561" lat="24.6054146" lon="121.5059492"/>
  <node id="1984504556" lat="24.6053587" lon="121.5060233"/>
  <node id="1984504527" lat="24.6053405" lon="121.5060832"/>
  <node id="1984504545" lat="24.6053562" lon="121.5062717"/>
  <node id="1984504548" lat="24.6054166" lon="121.5065165"/>
  <node id="1984504526" lat="24.6054178" lon="121.5066203"/>
  <node id="4446588825" lat="24.6053782" lon="121.5067310"/>
  <node id="1984504523" lat="24.6053001" lon="121.5069791"/>
  <node id="1984504519" lat="24.6053142" lon="121.5072487"/>
  <node id="4446588823" lat="24.6053008" lon="121.5073781"/>
  <node id="1984504411" lat="24.6052307" lon="121.5074726"/>
  <node id="1984504448" lat="24.6051367" lon="121.5076021"/>
  <node id="1984504423" lat="24.6050239" lon="121.5077368"/>
  <node id="4446588817" lat="24.6049124" lon="121.5078193"/>
  <node id="1984504345" lat="24.6044473" lon="121.5080812"/>
  <node id="4442783414" lat="24.6043363" lon="121.5081704"/>
  <node id="1984504282" lat="24.6042568" lon="121.5082854"/>
  <node id="1984504335" lat="24.6041943" lon="121.5084152"/>
  <node id="1984504329" lat="24.6040911" lon="121.5086958"/>
  <node id="11035007281" lat="24.6040442" lon="121.5087801"/>
  <node id="1984504314" lat="24.6039882" lon="121.5088560"/>
  <node id="12032716896" lat="24.6038032" lon="121.5089721"/>
  <node id="1984504283" lat="24.6036846" lon="121.5090877"/>
  <node id="1984504274" lat="24.6034700" lon="121.5093727"/>
  <node id="1984504284" lat="24.6033065" lon="121.5095906"/>
  <node id="1984504273" lat="24.6032277" lon="121.5096910"/>
  <node id="1984504290" lat="24.6031910" lon="121.5097855"/>
  <node id="11035007284" lat="24.6031892" lon="121.5098616"/>
  <node id="1984504295" lat="24.6032498" lon="121.5102100"/>
  <node id="11035007283" lat="24.6032557" lon="121.5102995"/>
  <node id="1984504298" lat="24.6032417" lon="121.5103474"/>
  <node id="1984504300" lat="24.6032121" lon="121.5103924"/>
  <node id="11035007282" lat="24.6031460" lon="121.5104098"/>
  <node id="4446599880" lat="24.6029006" lon="121.5104127"/>
  <node id="11034995675" lat="24.6028378" lon="121.5104408"/>
  <node id="4332364746" lat="24.6027810" lon="121.5104852"/>
  <node id="1984504291" lat="24.6027486" lon="121.5105121"/>
  <node id="4446599878" lat="24.6027019" lon="121.5105525"/>
  <node id="11035007285" lat="24.6026512" lon="121.5105733"/>
  <node id="11034995677" lat="24.6025993" lon="121.5105782"/>
  <node id="11034995676" lat="24.6025539" lon="121.5105680"/>
  <node id="1984504272" lat="24.6024762" lon="121.5105367"/>
  <node id="1984504281" lat="24.6022982" lon="121.5104429"/>
  <node id="11034995678" lat="24.6022600" lon="121.5104200"/>
  <node id="1984504277" lat="24.6022065" lon="121.5104110"/>
  <node id="1984504280" lat="24.6021268" lon="121.5104254"/>
  <node id="1984504278" lat="24.6020366" lon="121.5104838"/>
  <node id="11034995679" lat="24.6019340" lon="121.5105933"/>
  <node id="11034995680" lat="24.6018447" lon="121.5106627"/>
  <node id="1984504276" lat="24.6017254" lon="121.5107398"/>
  <node id="1984504275" lat="24.6016299" lon="121.5108272"/>
  <node id="1984504236" lat="24.6014890" lon="121.5109834"/>
  <node id="1984504241" lat="24.6013665" lon="121.5112107"/>
  <node id="1984504244" lat="24.6013098" lon="121.5113690"/>
  <node id="1984504271" lat="24.6012781" lon="121.5116244"/>
  <node id="1984504269" lat="24.6012377" lon="121.5117787"/>
  <node id="1984504268" lat="24.6011841" lon="121.5118941"/>
  <node id="1984504245" lat="24.6010231" lon="121.5121771"/>
  <node id="1984504247" lat="24.6009573" lon="121.5123125"/>
  <node id="11034995681" lat="24.6009171" lon="121.5124023"/>
  <node id="1984504262" lat="24.6009057" lon="121.5125008"/>
  <node id="1984504259" lat="24.6009541" lon="121.5129736"/>
  <node id="11034995683" lat="24.6009493" lon="121.5132809"/>
  <node id="1984504258" lat="24.6009221" lon="121.5133869"/>
  <node id="1984504257" lat="24.6008659" lon="121.5134880"/>
  <node id="11034995684" lat="24.6007978" lon="121.5135562"/>
  <node id="1984504255" lat="24.6007024" lon="121.5136334"/>
  <node id="1984504254" lat="24.6004158" lon="121.5138333"/>
  <node id="11034995685" lat="24.6002850" lon="121.5139672"/>
  <node id="1984504252" lat="24.6002394" lon="121.5139883"/>
  <node id="11034995686" lat="24.6001830" lon="121.5139991"/>
  <node id="1984504239" lat="24.6001216" lon="121.5139961"/>
  <node id="1984504227" lat="24.6000409" lon="121.5139682"/>
  <node id="1984504221" lat="24.5998399" lon="121.5138842"/>
  <node id="11034995687" lat="24.5997529" lon="121.5138451"/>
  <node id="4446599873" lat="24.5997036" lon="121.5138388"/>
  <node id="300592583" lat="24.5996442" lon="121.5138337"/>
  <node id="1984504211" lat="24.5995866" lon="121.5138315"/>
  <node id="11034995688" lat="24.5995507" lon="121.5138259"/>
  <node id="11034995689" lat="24.5995078" lon="121.5138096"/>
  <node id="2178261582" lat="24.5994457" lon="121.5137180"/>
  <node id="11034995690" lat="24.5994175" lon="121.5136514"/>
  <node id="1984504206" lat="24.5994237" lon="121.5135627"/>
  <node id="1984504209" lat="24.5994565" lon="121.5134841"/>
  <node id="1984504214" lat="24.5995221" lon="121.5134172"/>
  <node id="4446599874" lat="24.5997018" lon="121.5132862"/>
  <node id="1984504223" lat="24.5999255" lon="121.5131280"/>
  <node id="1984504219" lat="24.6000178" lon="121.5130461"/>
  <node id="1984504217" lat="24.6000686" lon="121.5129788"/>
  <node id="1984504237" lat="24.6001014" lon="121.5129049"/>
  <node id="1984504242" lat="24.6001405" lon="121.5128260"/>
  <node id="1984504251" lat="24.6001527" lon="121.5127033"/>
  <node id="1984504248" lat="24.6001423" lon="121.5125277"/>
  <node id="4446599876" lat="24.6000837" lon="121.5123594"/>
  <node id="1984504226" lat="24.6000176" lon="121.5121610"/>
  <node id="1984504224" lat="24.5998895" lon="121.5118478"/>
  <node id="1984504220" lat="24.5998449" lon="121.5117719"/>
  <node id="3210187267" lat="24.5997885" lon="121.5117101"/>
  <node id="1984504216" lat="24.5996239" lon="121.5115874"/>
  <node id="11034995691" lat="24.5995800" lon="121.5115735"/>
  <node id="1984504212" lat="24.5995277" lon="121.5115694"/>
  <node id="1984504205" lat="24.5994205" lon="121.5115929"/>
  <node id="1984504188" lat="24.5991850" lon="121.5117418"/>
  <node id="1984504194" lat="24.5991013" lon="121.5117861"/>
  <node id="11034995693" lat="24.5989100" lon="121.5118777"/>
  <node id="11034995695" lat="24.5987299" lon="121.5119418"/>
  <node id="1984504203" lat="24.5986120" lon="121.5119471"/>
  <node id="1984504195" lat="24.5983159" lon="121.5119393"/>
  <node id="11034995696" lat="24.5981174" lon="121.5118703"/>
  <node id="11034995697" lat="24.5980360" lon="121.5118687"/>
  <node id="1984504197" lat="24.5979423" lon="121.5118983"/>
  <node id="1984504196" lat="24.5978776" lon="121.5119410"/>
  <node id="1984504193" lat="24.5977772" lon="121.5121678"/>
  <node id="1984504191" lat="24.5976961" lon="121.5125459"/>
  <node id="11017051722" lat="24.5976906" lon="121.5126655"/>
  <node id="1984504189" lat="24.5977332" lon="121.5128772"/>
  <node id="11017051721" lat="24.5977514" lon="121.5129862"/>
  <node id="11017051719" lat="24.5977387" lon="121.5130817"/>
  <node id="4446599869" lat="24.5977057" lon="121.5131256"/>
  <node id="1984504187" lat="24.5975575" lon="121.5132274"/>
  <node id="11017108488" lat="24.6069057" lon="121.5395129"/>
  <node id="4312156125" lat="24.6065610" lon="121.5390713"/>
  <node id="4293200400" lat="24.6051139" lon="121.5372942"/>
  <node id="4293200401" lat="24.6048888" lon="121.5365591"/>
  <node id="4293200402" lat="24.6043307" lon="121.5348391"/>
  <node id="4293200403" lat="24.6042666" lon="121.5336850"/>
  <node id="11017094380" lat="24.6042586" lon="121.5334857"/>
  <node id="11017094379" lat="24.6042676" lon="121.5332407"/>
  <node id="4293200404" lat="24.6043183" lon="121.5329387"/>
  <node id="11017094378" lat="24.6043211" lon="121.5328073"/>
  <node id="4293200412" lat="24.6042622" lon="121.5324880"/>
  <node id="11017094377" lat="24.6041998" lon="121.5319597"/>
  <node id="4293200405" lat="24.6041960" lon="121.5318537"/>
  <node id="11017094376" lat="24.6042193" lon="121.5317646"/>
  <node id="11017094375" lat="24.6042750" lon="121.5316772"/>
  <node id="4293200447" lat="24.6043532" lon="121.5315892"/>
  <node id="4293200411" lat="24.6045543" lon="121.5313821"/>
  <node id="4293200406" lat="24.6045855" lon="121.5313178"/>
  <node id="11017094371" lat="24.6045948" lon="121.5312320"/>
  <node id="4293200409" lat="24.6045870" lon="121.5311490"/>
  <node id="11017094373" lat="24.6045448" lon="121.5310613"/>
  <node id="11017094372" lat="24.6044887" lon="121.5309656"/>
  <node id="4293200407" lat="24.6041473" lon="121.5305558"/>
  <node id="11017094374" lat="24.6040467" lon="121.5304317"/>
  <node id="4293200408" lat="24.6039526" lon="121.5303166"/>
  <node id="3110882512" lat="24.6037745" lon="121.5300322"/>
  <node id="4293200410" lat="24.6038737" lon="121.5304131"/>
  <node id="4293200413" lat="24.6042249" lon="121.5324459"/>
  <node id="4293200414" lat="24.6041472" lon="121.5318767"/>
  <node id="9064174306" lat="24.6041600" lon="121.5317431"/>
  <node id="4293200415" lat="24.6042175" lon="121.5315108"/>
  <node id="4293200416" lat="24.6040216" lon="121.5312547"/>
  <node id="4293200417" lat="24.6036817" lon="121.5305735"/>
  <node id="4293200418" lat="24.6036584" lon="121.5305439"/>
  <node id="11017096853" lat="24.6035909" lon="121.5304977"/>
  <node id="11017096854" lat="24.6034927" lon="121.5304952"/>
  <node id="4293200419" lat="24.6033597" lon="121.5305798"/>
  <node id="4293200420" lat="24.6032489" lon="121.5311188"/>
  <node id="4293200421" lat="24.6029385" lon="121.5313585"/>
  <node id="11017096855" lat="24.6028730" lon="121.5317244"/>
  <node id="11017096856" lat="24.6028387" lon="121.5319892"/>
  <node id="4293200422" lat="24.6028108" lon="121.5321748"/>
  <node id="11017096857" lat="24.6027488" lon="121.5323377"/>
  <node id="4293200423" lat="24.6026489" lon="121.5324944"/>
  <node id="11017096858" lat="24.6025250" lon="121.5325407"/>
  <node id="11017096859" lat="24.6021520" lon="121.5326669"/>
  <node id="4293200424" lat="24.6020366" lon="121.5327885"/>
  <node id="11017096860" lat="24.6019594" lon="121.5328369"/>
  <node id="4293200425" lat="24.6018788" lon="121.5328939"/>
  <node id="11017096861" lat="24.6016223" lon="121.5329566"/>
  <node id="4293200426" lat="24.6014815" lon="121.5329780"/>
  <node id="11017096862" lat="24.6013532" lon="121.5330484"/>
  <node id="4293200427" lat="24.6011138" lon="121.5332412"/>
  <node id="11036490922" lat="24.6009921" lon="121.5333684"/>
  <node id="4293200428" lat="24.6007836" lon="121.5336652"/>
  <node id="11017096863" lat="24.6007212" lon="121.5338149"/>
  <node id="4293200446" lat="24.6006967" lon="121.5339652"/>
  <node id="4293200429" lat="24.6006802" lon="121.5340228"/>
  <node id="4293200430" lat="24.6006289" lon="121.5340846"/>
  <node id="4293200445" lat="24.6005726" lon="121.5341374"/>
  <node id="11017096866" lat="24.6004753" lon="121.5344269"/>
  <node id="11017096865" lat="24.6004134" lon="121.5345246"/>
  <node id="11017096864" lat="24.6003719" lon="121.5345727"/>
  <node id="4293200431" lat="24.6002552" lon="121.5346086"/>
  <node id="11017096867" lat="24.6001075" lon="121.5345956"/>
  <node id="4293200432" lat="24.5998787" lon="121.5345237"/>
  <node id="11017096868" lat="24.5997001" lon="121.5345187"/>
  <node id="11017096869" lat="24.5994749" lon="121.5346003"/>
  <node id="11017096870" lat="24.5992521" lon="121.5347547"/>
  <node id="11017096871" lat="24.5991589" lon="121.5348745"/>
  <node id="11017096872" lat="24.5990934" lon="121.5350065"/>
  <node id="4293200433" lat="24.5990493" lon="121.5351690"/>
  <node id="11017096873" lat="24.5989825" lon="121.5352732"/>
  <node id="4293200434" lat="24.5986949" lon="121.5354561"/>
  <node id="11017096874" lat="24.5985758" lon="121.5356796"/>
  <node id="11017096875" lat="24.5985104" lon="121.5357586"/>
  <node id="4293200435" lat="24.5983592" lon="121.5357938"/>
  <node id="11017096876" lat="24.5982474" lon="121.5357075"/>
  <node id="4293200436" lat="24.5981512" lon="121.5356436"/>
  <node id="11017096877" lat="24.5980249" lon="121.5356992"/>
  <node id="4293200437" lat="24.5976531" lon="121.5359932"/>
  <node id="4293200438" lat="24.5972348" lon="121.5363017"/>
  <node id="11017096878" lat="24.5970876" lon="121.5365745"/>
  <node id="4293200439" lat="24.5969662" lon="121.5368381"/>
  <node id="4293200440" lat="24.5965612" lon="121.5369491"/>
  <node id="11017096879" lat="24.5962029" lon="121.5371011"/>
  <node id="4293200441" lat="24.5959412" lon="121.5371369"/>
  <node id="11017096880" lat="24.5955238" lon="121.5371828"/>
  <node id="4293200442" lat="24.5952721" lon="121.5372790"/>
  <node id="11017096881" lat="24.5950697" lon="121.5373233"/>
  <node id="4293200443" lat="24.5948370" lon="121.5373703"/>
  <node id="4293200444" lat="24.5946735" lon="121.5373476"/>
  <node id="4293200448" lat="24.6043537" lon="121.5314716"/>
  <node id="11017094370" lat="24.6043442" lon="121.5314170"/>
  <node id="4293200449" lat="24.6043191" lon="121.5313427"/>
  <node id="11017094367" lat="24.6042660" lon="121.5312235"/>
  <node id="11017094368" lat="24.6041984" lon="121.5311215"/>
  <node id="11017094369" lat="24.6040976" lon="121.5310303"/>
  <node id="2604701537" lat="24.6521730" lon="121.4725156"/>
  <node id="2604701527" lat="24.6519483" lon="121.4729001"/>
  <node id="2604701525" lat="24.6518983" lon="121.4731373"/>
  <node id="2604701529" lat="24.6519746" lon="121.4734840"/>
  <node id="2604701531" lat="24.6520795" lon="121.4737001"/>
  <node id="2604701532" lat="24.6521629" lon="121.4740826"/>
  <node id="2604701534" lat="24.6521931" lon="121.4744754"/>
  <node id="2604701539" lat="24.6522757" lon="121.4746479"/>
  <node id="2604701544" lat="24.6524247" lon="121.4747288"/>
  <node id="2604701542" lat="24.6523947" lon="121.4744091"/>
  <node id="2604701548" lat="24.6525096" lon="121.4738186"/>
  <node id="2604701546" lat="24.6524281" lon="121.4734606"/>
  <node id="2604701551" lat="24.6526000" lon="121.4730672"/>
  <node id="2604701552" lat="24.6527121" lon="121.4731046"/>
  <node id="2604701549" lat="24.6525973" lon="121.4734817"/>
  <node id="2604701554" lat="24.6528363" lon="121.4744234"/>
  <node id="2604701561" lat="24.6534576" lon="121.4748265"/>
  <node id="2604701564" lat="24.6536667" lon="121.4749056"/>
  <node id="2604701566" lat="24.6539531" lon="121.4749108"/>
  <node id="2604701579" lat="24.6543428" lon="121.4750116"/>
  <node id="2604701584" lat="24.6544849" lon="121.4751387"/>
  <node id="2604701598" lat="24.6547621" lon="121.4756171"/>
  <node id="2604701613" lat="24.6551849" lon="121.4758421"/>
  <node id="2604701605" lat="24.6549325" lon="121.4759611"/>
  <node id="2604701595" lat="24.6547146" lon="121.4763258"/>
  <node id="2604701597" lat="24.6547261" lon="121.4764606"/>
  <node id="7331783496" lat="24.6546692" lon="121.4766803"/>
  <node id="6244739480" lat="24.6546171" lon="121.4768571"/>
  <node id="2604701581" lat="24.6543636" lon="121.4775068"/>
  <node id="2604701574" lat="24.6542616" lon="121.4783554"/>
  <node id="2604701578" lat="24.6542971" lon="121.4785093"/>
  <node id="2604701576" lat="24.6542841" lon="121.4792804"/>
  <node id="2604701582" lat="24.6543655" lon="121.4796595"/>
  <node id="2604701586" lat="24.6544887" lon="121.4798510"/>
  <node id="2604701600" lat="24.6548143" lon="121.4799481"/>
  <node id="2604701608" lat="24.6549988" lon="121.4804682"/>
  <node id="2604701612" lat="24.6551655" lon="121.4806748"/>
  <node id="2604701615" lat="24.6553175" lon="121.4807259"/>
  <node id="2604701618" lat="24.6554741" lon="121.4806967"/>
  <node id="2604701621" lat="24.6558138" lon="121.4810023"/>
  <node id="2604701624" lat="24.6559901" lon="121.4810790"/>
  <node id="2604701639" lat="24.6573306" lon="121.4811582"/>
  <node id="11017263565" lat="24.6002341" lon="121.5295665"/>
  <node id="11017263564" lat="24.6002398" lon="121.5294871"/>
  <node id="11017263563" lat="24.6002329" lon="121.5294125"/>
  <node id="4312155973" lat="24.6002113" lon="121.5293474"/>
  <node id="4312155974" lat="24.6001540" lon="121.5292706"/>
  <node id="4312155975" lat="24.5996610" lon="121.5288744"/>
  <node id="11017263562" lat="24.5996328" lon="121.5288710"/>
  <node id="11017263561" lat="24.5995970" lon="121.5288895"/>
  <node id="11017263560" lat="24.5995513" lon="121.5289348"/>
  <node id="4312155976" lat="24.5994891" lon="121.5290172"/>
  <node id="11017263555" lat="24.5993916" lon="121.5291428"/>
  <node id="11017263556" lat="24.5992794" lon="121.5292772"/>
  <node id="11017263557" lat="24.5991919" lon="121.5293663"/>
  <node id="11017263558" lat="24.5991566" lon="121.5294015"/>
  <node id="11017263559" lat="24.5991408" lon="121.5294276"/>
  <node id="4312155977" lat="24.5991373" lon="121.5294553"/>
  <node id="11017263554" lat="24.5991479" lon="121.5294894"/>
  <node id="4312155979" lat="24.5995909" lon="121.5303853"/>
  <node id="4312155989" lat="24.6145912" lon="121.5492191"/>
  <node id="11017263647" lat="24.6148154" lon="121.5493300"/>
  <node id="4312155990" lat="24.6148494" lon="121.5493370"/>
  <node id="11017263645" lat="24.6148819" lon="121.5493285"/>
  <node id="11017263646" lat="24.6149104" lon="121.5493040"/>
  <node id="11017263644" lat="24.6149297" lon="121.5492577"/>
  <node id="11017263643" lat="24.6149404" lon="121.5492029"/>
  <node id="4312155991" lat="24.6149618" lon="121.5491184"/>
  <node id="11017263642" lat="24.6149805" lon="121.5490760"/>
  <node id="11017263641" lat="24.6150069" lon="121.5490446"/>
  <node id="11017263640" lat="24.6150612" lon="121.5490087"/>
  <node id="11017263639" lat="24.6151146" lon="121.5489891"/>
  <node id="4312155992" lat="24.6151710" lon="121.5489835"/>
  <node id="11017263638" lat="24.6152064" lon="121.5489896"/>
  <node id="4312155993" lat="24.6152495" lon="121.5490454"/>
  <node id="11017263637" lat="24.6152672" lon="121.5492587"/>
  <node id="4312155994" lat="24.6152865" lon="121.5492852"/>
  <node id="11017263636" lat="24.6153302" lon="121.5492931"/>
  <node id="11017263635" lat="24.6153740" lon="121.5492774"/>
  <node id="4312155995" lat="24.6154048" lon="121.5492527"/>
  <node id="11017263634" lat="24.6154158" lon="121.5491803"/>
  <node id="4312155996" lat="24.6154085" lon="121.5491062"/>
  <node id="11017263648" lat="24.6153274" lon="121.5488739"/>
  <node id="11017263649" lat="24.6153075" lon="121.5487847"/>
  <node id="4312155997" lat="24.6152976" lon="121.5487022"/>
  <node id="11017263628" lat="24.6152868" lon="121.5485458"/>
  <node id="11017108487" lat="24.6146695" lon="121.5483641"/>
  <node id="11017108486" lat="24.6145939" lon="121.5483900"/>
  <node id="4312155998" lat="24.6145056" lon="121.5484589"/>
  <node id="4312155999" lat="24.6142777" lon="121.5488585"/>
  <node id="11017108485" lat="24.6141346" lon="121.5493399"/>
  <node id="11017108484" lat="24.6139465" lon="121.5498717"/>
  <node id="4312156000" lat="24.6137609" lon="121.5502578"/>
  <node id="11017108483" lat="24.6137073" lon="121.5503432"/>
  <node id="11017108482" lat="24.6136505" lon="121.5504099"/>
  <node id="11017108481" lat="24.6135645" lon="121.5504878"/>
  <node id="4312156001" lat="24.6134902" lon="121.5505415"/>
  <node id="11017108480" lat="24.6134180" lon="121.5505867"/>
  <node id="4312156002" lat="24.6133686" lon="121.5506300"/>
  <node id="11017108479" lat="24.6133260" lon="121.5506979"/>
  <node id="11017108478" lat="24.6132736" lon="121.5508043"/>
  <node id="4312156003" lat="24.6131834" lon="121.5509562"/>
  <node id="11034609672" lat="24.6128771" lon="121.5511991"/>
  <node id="4312156004" lat="24.6126771" lon="121.5513139"/>
  <node id="11017108467" lat="24.6125421" lon="121.5513386"/>
  <node id="4312156005" lat="24.6124184" lon="121.5513261"/>
  <node id="4312156006" lat="24.6121338" lon="121.5511228"/>
  <node id="11034609671" lat="24.6120728" lon="121.5510898"/>
  <node id="4312156007" lat="24.6120118" lon="121.5510659"/>
  <node id="11017108466" lat="24.6119309" lon="121.5510668"/>
  <node id="11017108465" lat="24.6118499" lon="121.5510833"/>
  <node id="4312156008" lat="24.6117810" lon="121.5511161"/>
  <node id="4312156009" lat="24.6116675" lon="121.5512276"/>
  <node id="4312156010" lat="24.6116132" lon="121.5512687"/>
  <node id="11017108464" lat="24.6113756" lon="121.5513504"/>
  <node id="4312156011" lat="24.6112859" lon="121.5513685"/>
  <node id="11017108463" lat="24.6111925" lon="121.5513680"/>
  <node id="11017108462" lat="24.6111104" lon="121.5513613"/>
  <node id="11017108461" lat="24.6110095" lon="121.5513400"/>
  <node id="11034609735" lat="24.6109778" lon="121.5513354"/>
  <node id="4312156012" lat="24.6109198" lon="121.5513378"/>
  <node id="11017108460" lat="24.6107170" lon="121.5513908"/>
  <node id="11017108459" lat="24.6104728" lon="121.5514562"/>
  <node id="4312156013" lat="24.6103843" lon="121.5515032"/>
  <node id="11017108458" lat="24.6103046" lon="121.5515768"/>
  <node id="4312156014" lat="24.6101940" lon="121.5516643"/>
  <node id="11017108457" lat="24.6100600" lon="121.5517126"/>
  <node id="11017108456" lat="24.6099570" lon="121.5517252"/>
  <node id="4312156015" lat="24.6098384" lon="121.5517164"/>
  <node id="11017108452" lat="24.6095106" lon="121.5516368"/>
  <node id="4312156016" lat="24.6092729" lon="121.5515944"/>
  <node id="4312156017" lat="24.6087296" lon="121.5516270"/>
  <node id="11017108451" lat="24.6085724" lon="121.5516158"/>
  <node id="4312156018" lat="24.6084362" lon="121.5516227"/>
  <node id="11017108450" lat="24.6082667" lon="121.5516911"/>
  <node id="4312156019" lat="24.6080901" lon="121.5518099"/>
  <node id="4312156020" lat="24.6078382" lon="121.5519263"/>
  <node id="11017108449" lat="24.6077651" lon="121.5519329"/>
  <node id="11017108448" lat="24.6077155" lon="121.5519059"/>
  <node id="11017108447" lat="24.6077088" lon="121.5518558"/>
  <node id="4312156021" lat="24.6077377" lon="121.5517712"/>
  <node id="11017108446" lat="24.6077859" lon="121.5516920"/>
  <node id="11017108445" lat="24.6078540" lon="121.5516297"/>
  <node id="11017108444" lat="24.6080371" lon="121.5515153"/>
  <node id="4312156022" lat="24.6083753" lon="121.5512788"/>
  <node id="11017108443" lat="24.6085506" lon="121.5511558"/>
  <node id="11017108442" lat="24.6086074" lon="121.5510960"/>
  <node id="11017108441" lat="24.6086671" lon="121.5509816"/>
  <node id="4312156023" lat="24.6087162" lon="121.5508457"/>
  <node id="11017108440" lat="24.6087331" lon="121.5507631"/>
  <node id="11017108439" lat="24.6087337" lon="121.5507128"/>
  <node id="11017108438" lat="24.6087113" lon="121.5506251"/>
  <node id="11017108437" lat="24.6086643" lon="121.5505141"/>
  <node id="11017108436" lat="24.6085421" lon="121.5503335"/>
  <node id="4312156024" lat="24.6083352" lon="121.5499515"/>
  <node id="4312156025" lat="24.6082417" lon="121.5496674"/>
  <node id="4312156026" lat="24.6081961" lon="121.5495144"/>
  <node id="11017108435" lat="24.6081502" lon="121.5493666"/>
  <node id="11034609834" lat="24.6081319" lon="121.5493184"/>
  <node id="4312156027" lat="24.6080960" lon="121.5492574"/>
  <node id="11017108434" lat="24.6080649" lon="121.5492331"/>
  <node id="11017108433" lat="24.6080197" lon="121.5492179"/>
  <node id="11017108432" lat="24.6079470" lon="121.5492145"/>
  <node id="11017108431" lat="24.6078884" lon="121.5491948"/>
  <node id="11017108430" lat="24.6078532" lon="121.5491451"/>
  <node id="4312156028" lat="24.6078533" lon="121.5490871"/>
  <node id="4312156029" lat="24.6078715" lon="121.5490219"/>
  <node id="11017108429" lat="24.6078928" lon="121.5489751"/>
  <node id="11017108428" lat="24.6079516" lon="121.5489155"/>
  <node id="11017108427" lat="24.6080105" lon="121.5488348"/>
  <node id="4312156030" lat="24.6080391" lon="121.5487637"/>
  <node id="11017108426" lat="24.6080451" lon="121.5487080"/>
  <node id="11017108425" lat="24.6080359" lon="121.5486523"/>
  <node id="11017108424" lat="24.6080057" lon="121.5485898"/>
  <node id="4312156031" lat="24.6079336" lon="121.5485113"/>
  <node id="11017108423" lat="24.6078844" lon="121.5484111"/>
  <node id="11017108422" lat="24.6078258" lon="121.5482089"/>
  <node id="4312156032" lat="24.6077484" lon="121.5478149"/>
  <node id="11017108421" lat="24.6077054" lon="121.5476795"/>
  <node id="11017108420" lat="24.6076965" lon="121.5475828"/>
  <node id="11017108419" lat="24.6077044" lon="121.5475134"/>
  <node id="4312156033" lat="24.6077391" lon="121.5474260"/>
  <node id="11017108418" lat="24.6077715" lon="121.5473831"/>
  <node id="11017108417" lat="24.6078122" lon="121.5473558"/>
  <node id="11017108416" lat="24.6079147" lon="121.5473140"/>
  <node id="4312156034" lat="24.6080727" lon="121.5472613"/>
  <node id="11017108414" lat="24.6081434" lon="121.5472198"/>
  <node id="11017108415" lat="24.6081787" lon="121.5471849"/>
  <node id="11017108413" lat="24.6082071" lon="121.5471422"/>
  <node id="11017108412" lat="24.6082171" lon="121.5470593"/>
  <node id="4312156035" lat="24.6082067" lon="121.5469759"/>
  <node id="11017108411" lat="24.6081840" lon="121.5468858"/>
  <node id="11017108410" lat="24.6081496" lon="121.5467970"/>
  <node id="4312156036" lat="24.6081160" lon="121.5467484"/>
  <node id="11017108409" lat="24.6080147" lon="121.5466763"/>
  <node id="11017108408" lat="24.6079205" lon="121.5465809"/>
  <node id="4312156037" lat="24.6077954" lon="121.5464032"/>
  <node id="4312156038" lat="24.6077251" lon="121.5463191"/>
  <node id="11034660986" lat="24.6076271" lon="121.5462679"/>
  <node id="11017108407" lat="24.6075115" lon="121.5462076"/>
  <node id="4312156039" lat="24.6074433" lon="121.5461426"/>
  <node id="11017108406" lat="24.6073846" lon="121.5459925"/>
  <node id="4312156040" lat="24.6073117" lon="121.5458734"/>
  <node id="11017108405" lat="24.6072344" lon="121.5457957"/>
  <node id="11017108404" lat="24.6071583" lon="121.5457400"/>
  <node id="11017108403" lat="24.6070084" lon="121.5456054"/>
  <node id="11017108402" lat="24.6069010" lon="121.5455399"/>
  <node id="4312156041" lat="24.6068289" lon="121.5455301"/>
  <node id="11017108401" lat="24.6067868" lon="121.5455391"/>
  <node id="11017108400" lat="24.6067411" lon="121.5455895"/>
  <node id="4312156042" lat="24.6066897" lon="121.5456695"/>
  <node id="11017108399" lat="24.6066188" lon="121.5457209"/>
  <node id="11017108398" lat="24.6065551" lon="121.5457464"/>
  <node id="11017108397" lat="24.6064744" lon="121.5457537"/>
  <node id="4312156043" lat="24.6064046" lon="121.5457450"/>
  <node id="4312156044" lat="24.6063338" lon="121.5457198"/>
  <node id="11017108395" lat="24.6062924" lon="121.5456806"/>
  <node id="4312156045" lat="24.6062605" lon="121.5456182"/>
  <node id="11017108396" lat="24.6061814" lon="121.5455276"/>
  <node id="4312156046" lat="24.6060365" lon="121.5454137"/>
  <node id="11017108394" lat="24.6059623" lon="121.5453618"/>
  <node id="11034661128" lat="24.6059023" lon="121.5453411"/>
  <node id="11017108393" lat="24.6058589" lon="121.5453410"/>
  <node id="4312156047" lat="24.6057259" lon="121.5453715"/>
  <node id="11017108392" lat="24.6056434" lon="121.5453587"/>
  <node id="4312156048" lat="24.6055997" lon="121.5453279"/>
  <node id="4312156049" lat="24.6055558" lon="121.5452552"/>
  <node id="11017108391" lat="24.6055310" lon="121.5451514"/>
  <node id="4312156050" lat="24.6055050" lon="121.5450681"/>
  <node id="4312156051" lat="24.6054729" lon="121.5450164"/>
  <node id="11017108390" lat="24.6053725" lon="121.5449311"/>
  <node id="4312156052" lat="24.6052810" lon="121.5448376"/>
  <node id="11017108389" lat="24.6052242" lon="121.5447408"/>
  <node id="11017108372" lat="24.6051909" lon="121.5446233"/>
  <node id="4312156053" lat="24.6051689" lon="121.5444478"/>
  <node id="11017108371" lat="24.6051527" lon="121.5441732"/>
  <node id="4312156054" lat="24.6051294" lon="121.5441180"/>
  <node id="11017108370" lat="24.6050934" lon="121.5440837"/>
  <node id="4312156055" lat="24.6050386" lon="121.5440675"/>
  <node id="4312156056" lat="24.6049442" lon="121.5440654"/>
  <node id="11017108369" lat="24.6048372" lon="121.5440721"/>
  <node id="4312156057" lat="24.6047619" lon="121.5440865"/>
  <node id="11017108368" lat="24.6047205" lon="121.5440808"/>
  <node id="11017108367" lat="24.6046920" lon="121.5440556"/>
  <node id="4312156058" lat="24.6046795" lon="121.5440105"/>
  <node id="4312156059" lat="24.6046996" lon="121.5439423"/>
  <node id="11017108366" lat="24.6047700" lon="121.5437529"/>
  <node id="4312156060" lat="24.6047924" lon="121.5436397"/>
  <node id="11017108365" lat="24.6048014" lon="121.5435229"/>
  <node id="11017108364" lat="24.6047963" lon="121.5434500"/>
  <node id="4312156061" lat="24.6047745" lon="121.5433868"/>
  <node id="11017108363" lat="24.6046658" lon="121.5432610"/>
  <node id="11017108362" lat="24.6045877" lon="121.5431893"/>
  <node id="4312156062" lat="24.6043915" lon="121.5430745"/>
  <node id="11017108361" lat="24.6041827" lon="121.5429670"/>
  <node id="4312156063" lat="24.6041393" lon="121.5429266"/>
  <node id="11017108360" lat="24.6041221" lon="121.5428707"/>
  <node id="4312156064" lat="24.6041213" lon="121.5428291"/>
  <node id="11017108359" lat="24.6041535" lon="121.5427888"/>
  <node id="4312156065" lat="24.6042186" lon="121.5427601"/>
  <node id="4312156066" lat="24.6043226" lon="121.5427493"/>
  <node id="11017108358" lat="24.6046451" lon="121.5427372"/>
  <node id="4312156067" lat="24.6048409" lon="121.5427148"/>
  <node id="4312156068" lat="24.6051265" lon="121.5426987"/>
  <node id="4312156069" lat="24.6052083" lon="121.5426859"/>
  <node id="11017108357" lat="24.6052606" lon="121.5426668"/>
  <node id="11017108356" lat="24.6053177" lon="121.5426219"/>
  <node id="11017108355" lat="24.6053755" lon="121.5425372"/>
  <node id="4312156070" lat="24.6055240" lon="121.5423652"/>
  <node id="11017108354" lat="24.6055740" lon="121.5423343"/>
  <node id="11017108353" lat="24.6056522" lon="121.5423059"/>
  <node id="4312156071" lat="24.6060373" lon="121.5421990"/>
  <node id="11017108351" lat="24.6060789" lon="121.5421669"/>
  <node id="11017108352" lat="24.6060974" lon="121.5421342"/>
  <node id="11017108350" lat="24.6061041" lon="121.5420859"/>
  <node id="11017108349" lat="24.6061099" lon="121.5419870"/>
  <node id="4312156072" lat="24.6061379" lon="121.5419002"/>
  <node id="4312156073" lat="24.6062046" lon="121.5417675"/>
  <node id="11017108348" lat="24.6061941" lon="121.5415414"/>
  <node id="4312156074" lat="24.6061835" lon="121.5414934"/>
  <node id="11017108347" lat="24.6061506" lon="121.5414596"/>
  <node id="4312156075" lat="24.6061106" lon="121.5414464"/>
  <node id="11017108346" lat="24.6060805" lon="121.5414583"/>
  <node id="11017108345" lat="24.6060457" lon="121.5414985"/>
  <node id="4312156076" lat="24.6060230" lon="121.5415661"/>
  <node id="4312156077" lat="24.6059706" lon="121.5417284"/>
  <node id="4312156078" lat="24.6059159" lon="121.5418199"/>
  <node id="11017108344" lat="24.6058678" lon="121.5418635"/>
  <node id="4312156079" lat="24.6058021" lon="121.5418942"/>
  <node id="4312156080" lat="24.6054376" lon="121.5420190"/>
  <node id="4312156081" lat="24.6052698" lon="121.5420588"/>
  <node id="4312156082" lat="24.6049232" lon="121.5420339"/>
  <node id="4312156083" lat="24.6044296" lon="121.5420459"/>
  <node id="4312156084" lat="24.6043488" lon="121.5420437"/>
  <node id="11017108341" lat="24.6042934" lon="121.5420203"/>
  <node id="11017108342" lat="24.6042530" lon="121.5419549"/>
  <node id="11017108343" lat="24.6042406" lon="121.5418535"/>
  <node id="4312156085" lat="24.6042576" lon="121.5417391"/>
  <node id="11017108340" lat="24.6042603" lon="121.5415314"/>
  <node id="4312156086" lat="24.6042386" lon="121.5413291"/>
  <node id="11017108339" lat="24.6041946" lon="121.5411306"/>
  <node id="4312156087" lat="24.6041799" lon="121.5409857"/>
  <node id="11017108338" lat="24.6041838" lon="121.5408960"/>
  <node id="11017108337" lat="24.6041877" lon="121.5407848"/>
  <node id="11017108336" lat="24.6041661" lon="121.5406998"/>
  <node id="4312156088" lat="24.6041405" lon="121.5406460"/>
  <node id="11017108335" lat="24.6040872" lon="121.5406019"/>
  <node id="11017108334" lat="24.6040221" lon="121.5405600"/>
  <node id="11017108333" lat="24.6039407" lon="121.5405171"/>
  <node id="11017108332" lat="24.6037663" lon="121.5404420"/>
  <node id="11017108331" lat="24.6036577" lon="121.5403713"/>
  <node id="4312156089" lat="24.6035929" lon="121.5402921"/>
  <node id="11017108330" lat="24.6034854" lon="121.5400092"/>
  <node id="4312156090" lat="24.6034522" lon="121.5399713"/>
  <node id="4312156091" lat="24.6033204" lon="121.5398983"/>
  <node id="4312156092" lat="24.6032577" lon="121.5398507"/>
  <node id="11017108329" lat="24.6032408" lon="121.5397920"/>
  <node id="4312156093" lat="24.6032591" lon="121.5397311"/>
  <node id="11017108328" lat="24.6033037" lon="121.5397053"/>
  <node id="4312156094" lat="24.6033913" lon="121.5396881"/>
  <node id="11017108327" lat="24.6034583" lon="121.5396765"/>
  <node id="11017108326" lat="24.6035106" lon="121.5396617"/>
  <node id="11017108325" lat="24.6035489" lon="121.5396427"/>
  <node id="4312156095" lat="24.6036040" lon="121.5395941"/>
  <node id="11017108324" lat="24.6037733" lon="121.5394760"/>
  <node id="4312156096" lat="24.6039729" lon="121.5393686"/>
  <node id="11017108323" lat="24.6040311" lon="121.5393567"/>
  <node id="11017108322" lat="24.6040824" lon="121.5393717"/>
  <node id="11017108321" lat="24.6041188" lon="121.5394123"/>
  <node id="4312156097" lat="24.6041368" lon="121.5394657"/>
  <node id="11017108320" lat="24.6041307" lon="121.5395246"/>
  <node id="11017108319" lat="24.6041129" lon="121.5395878"/>
  <node id="4312156098" lat="24.6040559" lon="121.5397078"/>
  <node id="11017108318" lat="24.6039251" lon="121.5399660"/>
  <node id="4312156099" lat="24.6039164" lon="121.5400062"/>
  <node id="4312156100" lat="24.6039317" lon="121.5400484"/>
  <node id="11017108317" lat="24.6039534" lon="121.5400690"/>
  <node id="11017108316" lat="24.6040297" lon="121.5400982"/>
  <node id="11017108315" lat="24.6041394" lon="121.5401329"/>
  <node id="4312156101" lat="24.6041830" lon="121.5401293"/>
  <node id="4312156102" lat="24.6044430" lon="121.5400340"/>
  <node id="11017108314" lat="24.6044855" lon="121.5400330"/>
  <node id="11017108313" lat="24.6045329" lon="121.5400534"/>
  <node id="4312156103" lat="24.6046004" lon="121.5401137"/>
  <node id="11017108312" lat="24.6047730" lon="121.5403044"/>
  <node id="11017108311" lat="24.6048265" lon="121.5403297"/>
  <node id="4312156104" lat="24.6048613" lon="121.5403330"/>
  <node id="11017108310" lat="24.6048880" lon="121.5403256"/>
  <node id="11017108309" lat="24.6049225" lon="121.5402988"/>
  <node id="11017108308" lat="24.6049388" lon="121.5402668"/>
  <node id="11017108307" lat="24.6049422" lon="121.5402072"/>
  <node id="4312156105" lat="24.6049333" lon="121.5401545"/>
  <node id="11017108306" lat="24.6049142" lon="121.5401039"/>
  <node id="11017108305" lat="24.6048756" lon="121.5400673"/>
  <node id="4312156106" lat="24.6048101" lon="121.5400306"/>
  <node id="4312156107" lat="24.6045627" lon="121.5398771"/>
  <node id="11017094404" lat="24.6044840" lon="121.5398078"/>
  <node id="4312156108" lat="24.6044454" lon="121.5397568"/>
  <node id="11017094403" lat="24.6044367" lon="121.5396818"/>
  <node id="11017094402" lat="24.6044398" lon="121.5396079"/>
  <node id="4312156109" lat="24.6044791" lon="121.5395030"/>
  <node id="4312156110" lat="24.6044889" lon="121.5394016"/>
  <node id="4312156111" lat="24.6044826" lon="121.5393248"/>
  <node id="11017094401" lat="24.6044267" lon="121.5391823"/>
  <node id="4312156112" lat="24.6043259" lon="121.5389818"/>
  <node id="11017094400" lat="24.6042718" lon="121.5389187"/>
  <node id="4312156113" lat="24.6042412" lon="121.5388450"/>
  <node id="4312156114" lat="24.6042348" lon="121.5387549"/>
  <node id="11017094395" lat="24.6042557" lon="121.5387130"/>
  <node id="11017094396" lat="24.6043121" lon="121.5386663"/>
  <node id="11017094397" lat="24.6043735" lon="121.5386301"/>
  <node id="11017094398" lat="24.6044530" lon="121.5386034"/>
  <node id="11017094399" lat="24.6045338" lon="121.5385900"/>
  <node id="4312156115" lat="24.6046166" lon="121.5385938"/>
  <node id="11017094392" lat="24.6046933" lon="121.5386295"/>
  <node id="4312156116" lat="24.6048108" lon="121.5387457"/>
  <node id="11017094391" lat="24.6049270" lon="121.5388288"/>
  <node id="11017094390" lat="24.6050868" lon="121.5388979"/>
  <node id="4312156117" lat="24.6051812" lon="121.5389185"/>
  <node id="4312156118" lat="24.6052567" lon="121.5389145"/>
  <node id="11017094388" lat="24.6053718" lon="121.5388913"/>
  <node id="11017094387" lat="24.6055363" lon="121.5388464"/>
  <node id="4312156119" lat="24.6056144" lon="121.5388403"/>
  <node id="11017094385" lat="24.6057187" lon="121.5388660"/>
  <node id="11017094381" lat="24.6057737" lon="121.5388794"/>
  <node id="11017094386" lat="24.6058230" lon="121.5389052"/>
  <node id="4312156120" lat="24.6058696" lon="121.5389371"/>
  <node id="4312156121" lat="24.6059537" lon="121.5390890"/>
  <node id="4312156122" lat="24.6060942" lon="121.5392801"/>
  <node id="4312156123" lat="24.6061940" lon="121.5392720"/>
  <node id="4312156124" lat="24.6064083" lon="121.5391622"/>
  <node id="4312156184" lat="24.6070065" lon="121.5388889"/>
  <node id="4312156185" lat="24.6071449" lon="121.5384819"/>
  <node id="4312156186" lat="24.6073287" lon="121.5383329"/>
  <node id="4312156187" lat="24.6071535" lon="121.5374467"/>
  <node id="11034692055" lat="24.6072314" lon="121.5375887"/>
  <node id="11034904658" lat="24.6072398" lon="121.5376032"/>
  <node id="11034692054" lat="24.6073262" lon="121.5377521"/>
  <node id="4312156188" lat="24.6077227" lon="121.5383278"/>
  <node id="4312156189" lat="24.6077573" lon="121.5383502"/>
  <node id="4312156190" lat="24.6078041" lon="121.5383473"/>
  <node id="11017096843" lat="24.6078798" lon="121.5382920"/>
  <node id="11017096844" lat="24.6081026" lon="121.5380089"/>
  <node id="12162467177" lat="24.6091046" lon="121.5374499"/>
  <node id="12162441448" lat="24.6093116" lon="121.5372583"/>
  <node id="12162467631" lat="24.6098289" lon="121.5367785"/>
  <node id="4293200399" lat="24.6069938" lon="121.5396063"/>
  <node id="4312156191" lat="24.6070387" lon="121.5397030"/>
  <node id="4312156192" lat="24.6071932" lon="121.5397858"/>
  <node id="11017108490" lat="24.6072648" lon="121.5398763"/>
  <node id="4312156193" lat="24.6072916" lon="121.5400992"/>
  <node id="11034661065" lat="24.6077511" lon="121.5405298"/>
  <node id="11034661066" lat="24.6078118" lon="121.5406134"/>
  <node id="4312156194" lat="24.6078644" lon="121.5407831"/>
  <node id="11034661067" lat="24.6078730" lon="121.5409280"/>
  <node id="4312156195" lat="24.6077955" lon="121.5411449"/>
  <node id="4312156196" lat="24.6077048" lon="121.5413133"/>
  <node id="11017108492" lat="24.6076032" lon="121.5414212"/>
  <node id="11017108491" lat="24.6074819" lon="121.5414889"/>
  <node id="4312156197" lat="24.6072561" lon="121.5415374"/>
  <node id="4312156198" lat="24.6071501" lon="121.5416193"/>
  <node id="4312156199" lat="24.6134763" lon="121.5509798"/>
  <node id="4312156200" lat="24.6134654" lon="121.5511716"/>
  <node id="4312156201" lat="24.6134617" lon="121.5512886"/>
  <node id="11017263650" lat="24.6159062" lon="121.5480979"/>
  <node id="11017263659" lat="24.6160158" lon="121.5479285"/>
  <node id="11017263660" lat="24.6160808" lon="121.5478281"/>
  <node id="4312164181" lat="24.6161783" lon="121.5477255"/>
  <node id="11017263661" lat="24.6162587" lon="121.5476550"/>
  <node id="11017263662" lat="24.6163096" lon="121.5476130"/>
  <node id="4312164182" lat="24.6163443" lon="121.5476061"/>
  <node id="11017263665" lat="24.6164256" lon="121.5476250"/>
  <node id="4312164183" lat="24.6165984" lon="121.5477625"/>
  <node id="11017263666" lat="24.6167216" lon="121.5479446"/>
  <node id="4312164184" lat="24.6167721" lon="121.5480644"/>
  <node id="4332364745" lat="24.6027774" lon="121.5107969"/>
  <node id="11035007287" lat="24.6027549" lon="121.5109467"/>
  <node id="11035007286" lat="24.6027327" lon="121.5110068"/>
  <node id="4332364744" lat="24.6026864" lon="121.5110534"/>
  <node id="4332364743" lat="24.6025624" lon="121.5110956"/>
  <node id="11035007288" lat="24.6024119" lon="121.5111435"/>
  <node id="11035007289" lat="24.6023443" lon="121.5111853"/>
  <node id="11035007290" lat="24.6023143" lon="121.5112273"/>
  <node id="4334984379" lat="24.6023054" lon="121.5112914"/>
  <node id="4334984377" lat="24.6023120" lon="121.5114418"/>
  <node id="4334984378" lat="24.6023255" lon="121.5118223"/>
  <node id="4334984380" lat="24.6024180" lon="121.5120186"/>
  <node id="4334984381" lat="24.6025969" lon="121.5123272"/>
  <node id="4334984382" lat="24.6026506" lon="121.5125797"/>
  <node id="11035007291" lat="24.6027588" lon="121.5127247"/>
  <node id="11035007292" lat="24.6028292" lon="121.5127909"/>
  <node id="11035007294" lat="24.6028822" lon="121.5128198"/>
  <node id="4334984385" lat="24.6029188" lon="121.5128318"/>
  <node id="11035007293" lat="24.6029510" lon="121.5128889"/>
  <node id="11035007295" lat="24.6029733" lon="121.5129596"/>
  <node id="11035007296" lat="24.6029701" lon="121.5130034"/>
  <node id="4334984386" lat="24.6029497" lon="121.5130387"/>
  <node id="11035007297" lat="24.6028145" lon="121.5131308"/>
  <node id="11035007298" lat="24.6027574" lon="121.5132105"/>
  <node id="4334984384" lat="24.6027099" lon="121.5134029"/>
  <node id="4334984383" lat="24.6027042" lon="121.5135318"/>
  <node id="11035007299" lat="24.6027741" lon="121.5136570"/>
  <node id="11035007300" lat="24.6029067" lon="121.5138059"/>
  <node id="4334984387" lat="24.6030834" lon="121.5140444"/>
  <node id="4334984388" lat="24.6032351" lon="121.5141739"/>
  <node id="11035007301" lat="24.6033981" lon="121.5142983"/>
  <node id="4334984389" lat="24.6035310" lon="121.5143662"/>
  <node id="11035007302" lat="24.6036421" lon="121.5144061"/>
  <node id="11035007303" lat="24.6037158" lon="121.5144387"/>
  <node id="11035007304" lat="24.6037996" lon="121.5144877"/>
  <node id="11035007305" lat="24.6038587" lon="121.5145164"/>
  <node id="4334984390" lat="24.6039246" lon="121.5145303"/>
  <node id="11035007306" lat="24.6040289" lon="121.5145218"/>
  <node id="11035007307" lat="24.6041002" lon="121.5145250"/>
  <node id="4334984391" lat="24.6041715" lon="121.5145481"/>
  <node id="11035007308" lat="24.6042651" lon="121.5146021"/>
  <node id="11035007309" lat="24.6043282" lon="121.5146123"/>
  <node id="11035007310" lat="24.6043961" lon="121.5145995"/>
  <node id="11035007311" lat="24.6044842" lon="121.5145904"/>
  <node id="4334984392" lat="24.6045608" lon="121.5146003"/>
  <node id="11035007312" lat="24.6046438" lon="121.5146501"/>
  <node id="11035007313" lat="24.6046862" lon="121.5147013"/>
  <node id="4334984393" lat="24.6047200" lon="121.5147725"/>
  <node id="11035007314" lat="24.6047881" lon="121.5148763"/>
  <node id="11035007315" lat="24.6048949" lon="121.5149894"/>
  <node id="4334984394" lat="24.6049577" lon="121.5150782"/>
  <node id="11035007316" lat="24.6050256" lon="121.5152213"/>
  <node id="11035007317" lat="24.6050816" lon="121.5153118"/>
  <node id="4334984395" lat="24.6051989" lon="121.5153992"/>
  <node id="11035007318" lat="24.6053156" lon="121.5154920"/>
  <node id="11035007319" lat="24.6053681" lon="121.5155616"/>
  <node id="4334984396" lat="24.6054225" lon="121.5156068"/>
  <node id="4334984398" lat="24.6054778" lon="121.5156361"/>
  <node id="4334984397" lat="24.6055156" lon="121.5156415"/>
  <node id="4334984399" lat="24.6055363" lon="121.5156348"/>
  <node id="4334984400" lat="24.6055554" lon="121.5155971"/>
  <node id="4334984401" lat="24.6055491" lon="121.5155501"/>
  <node id="4334984402" lat="24.6055203" lon="121.5154911"/>
  <node id="4334984403" lat="24.6055041" lon="121.5154244"/>
  <node id="4334984407" lat="24.6055137" lon="121.5151425"/>
  <node id="4334984404" lat="24.6055304" lon="121.5150922"/>
  <node id="4334984408" lat="24.6055657" lon="121.5150648"/>
  <node id="4334984409" lat="24.6055967" lon="121.5150667"/>
  <node id="4334984406" lat="24.6056285" lon="121.5150835"/>
  <node id="4334984405" lat="24.6056545" lon="121.5151175"/>
  <node id="11035007320" lat="24.6056563" lon="121.5151722"/>
  <node id="11035007321" lat="24.6056739" lon="121.5152559"/>
  <node id="11035007322" lat="24.6056938" lon="121.5153251"/>
  <node id="11035007323" lat="24.6057224" lon="121.5153688"/>
  <node id="11035007324" lat="24.6058824" lon="121.5155119"/>
  <node id="11035007325" lat="24.6059828" lon="121.5156090"/>
  <node id="11035007326" lat="24.6060446" lon="121.5157024"/>
  <node id="11035007327" lat="24.6060743" lon="121.5158153"/>
  <node id="11035007328" lat="24.6061207" lon="121.5159584"/>
  <node id="11035007329" lat="24.6061858" lon="121.5160203"/>
  <node id="11035007330" lat="24.6062376" lon="121.5160385"/>
  <node id="11035007331" lat="24.6063336" lon="121.5160421"/>
  <node id="11035007332" lat="24.6064472" lon="121.5159936"/>
  <node id="11035007333" lat="24.6065520" lon="121.5159220"/>
  <node id="11035007334" lat="24.6066171" lon="121.5158844"/>
  <node id="11035007335" lat="24.6066546" lon="121.5158856"/>
  <node id="11035007336" lat="24.6066899" lon="121.5159196"/>
  <node id="11035007337" lat="24.6066965" lon="121.5159681"/>
  <node id="11035007338" lat="24.6066943" lon="121.5160215"/>
  <node id="11035007339" lat="24.6066722" lon="121.5161574"/>
  <node id="11035007340" lat="24.6066877" lon="121.5162836"/>
  <node id="11035007341" lat="24.6067351" lon="121.5165238"/>
  <node id="11035007342" lat="24.6067450" lon="121.5166634"/>
  <node id="11035007343" lat="24.6067461" lon="121.5169351"/>
  <node id="11035007344" lat="24.6067781" lon="121.5170625"/>
  <node id="11035007345" lat="24.6068035" lon="121.5171390"/>
  <node id="11035007346" lat="24.6068123" lon="121.5172530"/>
  <node id="11035007347" lat="24.6067980" lon="121.5173477"/>
  <node id="11035007348" lat="24.6067737" lon="121.5173877"/>
  <node id="11035007349" lat="24.6067296" lon="121.5175321"/>
  <node id="11035007350" lat="24.6066877" lon="121.5176340"/>
  <node id="11035007351" lat="24.6066281" lon="121.5177978"/>
  <node id="11035007352" lat="24.6066027" lon="121.5179567"/>
  <node id="11035007353" lat="24.6066016" lon="121.5180441"/>
  <node id="11035007354" lat="24.6066160" lon="121.5181848"/>
  <node id="11035007355" lat="24.6066916" lon="121.5184024"/>
  <node id="11035007356" lat="24.6067208" lon="121.5185176"/>
  <node id="11035007357" lat="24.6067351" lon="121.5186544"/>
  <node id="11036271121" lat="24.6067685" lon="121.5187500"/>
  <node id="11035007358" lat="24.6068056" lon="121.5188659"/>
  <node id="11035007359" lat="24.6068624" lon="121.5189824"/>
  <node id="4334984410" lat="24.6069512" lon="121.5190909"/>
  <node id="4334984411" lat="24.6073767" lon="121.5194086"/>
  <node id="11035007360" lat="24.6074920" lon="121.5194773"/>
  <node id="11035007361" lat="24.6075628" lon="121.5195032"/>
  <node id="4334984412" lat="24.6076359" lon="121.5195108"/>
  <node id="11035007362" lat="24.6077351" lon="121.5194841"/>
  <node id="11035007363" lat="24.6078905" lon="121.5194331"/>
  <node id="4334984413" lat="24.6080085" lon="121.5193639"/>
  <node id="11035007364" lat="24.6080838" lon="121.5192783"/>
  <node id="11035007365" lat="24.6081347" lon="121.5192464"/>
  <node id="4334984414" lat="24.6082165" lon="121.5192364"/>
  <node id="11035007366" lat="24.6083897" lon="121.5192633"/>
  <node id="11035007367" lat="24.6084764" lon="121.5192694"/>
  <node id="11035007368" lat="24.6085164" lon="121.5192640"/>
  <node id="4334984415" lat="24.6085553" lon="121.5192453"/>
  <node id="11036228191" lat="24.6085923" lon="121.5192161"/>
  <node id="11035007369" lat="24.6086411" lon="121.5191810"/>
  <node id="4334984416" lat="24.6087407" lon="121.5191091"/>
  <node id="11035007457" lat="24.6088182" lon="121.5190862"/>
  <node id="11035007458" lat="24.6089022" lon="121.5190833"/>
  <node id="4334984417" lat="24.6089697" lon="121.5190585"/>
  <node id="11035007459" lat="24.6090376" lon="121.5189608"/>
  <node id="4334984418" lat="24.6092897" lon="121.5185343"/>
  <node id="11035007462" lat="24.6093207" lon="121.5185019"/>
  <node id="11035007461" lat="24.6093715" lon="121.5184792"/>
  <node id="11035007460" lat="24.6094455" lon="121.5184666"/>
  <node id="11035007463" lat="24.6096132" lon="121.5184345"/>
  <node id="11035007464" lat="24.6098240" lon="121.5183881"/>
  <node id="11035007465" lat="24.6099315" lon="121.5183492"/>
  <node id="4334984419" lat="24.6100347" lon="121.5182981"/>
  <node id="11035007466" lat="24.6101523" lon="121.5182008"/>
  <node id="4334984420" lat="24.6102014" lon="121.5181071"/>
  <node id="11035007467" lat="24.6102753" lon="121.5179892"/>
  <node id="11035007468" lat="24.6103741" lon="121.5178825"/>
  <node id="11035007469" lat="24.6104507" lon="121.5178406"/>
  <node id="4334984421" lat="24.6105438" lon="121.5178060"/>
  <node id="11035007474" lat="24.6108302" lon="121.5177763"/>
  <node id="11035007475" lat="24.6110051" lon="121.5177549"/>
  <node id="11035007476" lat="24.6111288" lon="121.5177637"/>
  <node id="4334984422" lat="24.6112103" lon="121.5177454"/>
  <node id="4334984423" lat="24.6112838" lon="121.5176944"/>
  <node id="11035835395" lat="24.6113556" lon="121.5176066"/>
  <node id="4334984424" lat="24.6113855" lon="121.5175700"/>
  <node id="4334984425" lat="24.6114601" lon="121.5174696"/>
  <node id="11035007477" lat="24.6114700" lon="121.5174235"/>
  <node id="11035007478" lat="24.6114590" lon="121.5172597"/>
  <node id="11035007479" lat="24.6114767" lon="121.5172015"/>
  <node id="11035007480" lat="24.6115285" lon="121.5171481"/>
  <node id="11035007481" lat="24.6116134" lon="121.5170923"/>
  <node id="11035007482" lat="24.6116476" lon="121.5170899"/>
  <node id="11035007483" lat="24.6116774" lon="121.5171105"/>
  <node id="11035007484" lat="24.6117447" lon="121.5172076"/>
  <node id="11035007485" lat="24.6118230" lon="121.5172925"/>
  <node id="11035007486" lat="24.6119344" lon="121.5173920"/>
  <node id="11035007487" lat="24.6120271" lon="121.5174539"/>
  <node id="11035007488" lat="24.6121164" lon="121.5174939"/>
  <node id="11035835384" lat="24.6122251" lon="121.5175326"/>
  <node id="11035007489" lat="24.6123481" lon="121.5175764"/>
  <node id="11035007490" lat="24.6124352" lon="121.5175837"/>
  <node id="11035007491" lat="24.6124948" lon="121.5175691"/>
  <node id="11035007492" lat="24.6125599" lon="121.5175412"/>
  <node id="11035007493" lat="24.6126205" lon="121.5174709"/>
  <node id="11035007494" lat="24.6126889" lon="121.5173277"/>
  <node id="11035007495" lat="24.6127871" lon="121.5172112"/>
  <node id="11035007496" lat="24.6128669" lon="121.5170917"/>
  <node id="11035007497" lat="24.6129196" lon="121.5169832"/>
  <node id="11035007498" lat="24.6129569" lon="121.5169316"/>
  <node id="11035007499" lat="24.6129866" lon="121.5169137"/>
  <node id="11035007500" lat="24.6130288" lon="121.5169063"/>
  <node id="11035007501" lat="24.6131724" lon="121.5169010"/>
  <node id="11035007502" lat="24.6132844" lon="121.5169232"/>
  <node id="11035007503" lat="24.6133438" lon="121.5169263"/>
  <node id="4334984426" lat="24.6134220" lon="121.5169175"/>
  <node id="4334984427" lat="24.6135189" lon="121.5168687"/>
  <node id="4334984428" lat="24.6135952" lon="121.5168147"/>
  <node id="4334984429" lat="24.6136521" lon="121.5167621"/>
  <node id="4334984430" lat="24.6137074" lon="121.5167445"/>
  <node id="4334984431" lat="24.6137687" lon="121.5167575"/>
  <node id="4334984432" lat="24.6138360" lon="121.5167918"/>
  <node id="4334984433" lat="24.6140095" lon="121.5169838"/>
  <node id="11035007504" lat="24.6140972" lon="121.5171059"/>
  <node id="11035007505" lat="24.6141783" lon="121.5171407"/>
  <node id="4334984434" lat="24.6142729" lon="121.5171501"/>
  <node id="11035007506" lat="24.6143950" lon="121.5171703"/>
  <node id="11035007507" lat="24.6144666" lon="121.5172110"/>
  <node id="4334984435" lat="24.6145363" lon="121.5172896"/>
  <node id="11035007508" lat="24.6145724" lon="121.5173563"/>
  <node id="4334984437" lat="24.6145952" lon="121.5174146"/>
  <node id="4334984438" lat="24.6148435" lon="121.5178958"/>
  <node id="11035007541" lat="24.6148748" lon="121.5179768"/>
  <node id="4334984441" lat="24.6149252" lon="121.5180156"/>
  <node id="11035007542" lat="24.6149844" lon="121.5180300"/>
  <node id="11035007543" lat="24.6150514" lon="121.5180298"/>
  <node id="11035007544" lat="24.6151012" lon="121.5180160"/>
  <node id="4334984447" lat="24.6151471" lon="121.5180233"/>
  <node id="11035007545" lat="24.6151802" lon="121.5180738"/>
  <node id="11035007546" lat="24.6151939" lon="121.5181907"/>
  <node id="11035007547" lat="24.6152295" lon="121.5183397"/>
  <node id="4334984450" lat="24.6152727" lon="121.5184698"/>
  <node id="11035007548" lat="24.6153630" lon="121.5186186"/>
  <node id="11035007549" lat="24.6154206" lon="121.5187699"/>
  <node id="11035007550" lat="24.6154398" lon="121.5188782"/>
  <node id="4334984457" lat="24.6154485" lon="121.5189844"/>
  <node id="11035007551" lat="24.6154354" lon="121.5190910"/>
  <node id="11035007552" lat="24.6154498" lon="121.5192033"/>
  <node id="4334984461" lat="24.6155141" lon="121.5193430"/>
  <node id="11035007553" lat="24.6156184" lon="121.5195370"/>
  <node id="4334984465" lat="24.6157419" lon="121.5196804"/>
  <node id="11035007554" lat="24.6158200" lon="121.5197408"/>
  <node id="11035007555" lat="24.6158658" lon="121.5197510"/>
  <node id="11035007556" lat="24.6159270" lon="121.5197467"/>
  <node id="11035007557" lat="24.6159757" lon="121.5197571"/>
  <node id="11035007558" lat="24.6159982" lon="121.5197981"/>
  <node id="11035007559" lat="24.6159941" lon="121.5198429"/>
  <node id="4334984472" lat="24.6159613" lon="121.5198729"/>
  <node id="4334984470" lat="24.6158869" lon="121.5198919"/>
  <node id="4334984466" lat="24.6157927" lon="121.5198835"/>
  <node id="4334984464" lat="24.6155799" lon="121.5197519"/>
  <node id="4334984455" lat="24.6154190" lon="121.5196607"/>
  <node id="11035007560" lat="24.6152964" lon="121.5196873"/>
  <node id="4334984445" lat="24.6152618" lon="121.5197349"/>
  <node id="4334984443" lat="24.6152490" lon="121.5197893"/>
  <node id="11035007561" lat="24.6152316" lon="121.5198957"/>
  <node id="4334984449" lat="24.6151998" lon="121.5199526"/>
  <node id="4334984451" lat="24.6151367" lon="121.5200462"/>
  <node id="4334984448" lat="24.6151243" lon="121.5201117"/>
  <node id="4334984442" lat="24.6151351" lon="121.5201616"/>
  <node id="4334984439" lat="24.6151634" lon="121.5202203"/>
  <node id="4334984444" lat="24.6152061" lon="121.5202978"/>
  <node id="4334984453" lat="24.6152615" lon="121.5204065"/>
  <node id="11035007562" lat="24.6152887" lon="121.5204633"/>
  <node id="11035007563" lat="24.6152897" lon="121.5205160"/>
  <node id="11035007564" lat="24.6152762" lon="121.5205560"/>
  <node id="11035007565" lat="24.6152504" lon="121.5205750"/>
  <node id="11035007566" lat="24.6151872" lon="121.5205845"/>
  <node id="11035007567" lat="24.6151087" lon="121.5205718"/>
  <node id="11035007568" lat="24.6149545" lon="121.5204918"/>
  <node id="11035007569" lat="24.6149047" lon="121.5204918"/>
  <node id="11035007570" lat="24.6148865" lon="121.5205097"/>
  <node id="11035007571" lat="24.6148865" lon="121.5205423"/>
  <node id="11035007572" lat="24.6149028" lon="121.5205992"/>
  <node id="11035007573" lat="24.6149689" lon="121.5206730"/>
  <node id="11035007574" lat="24.6153605" lon="121.5210332"/>
  <node id="11035007575" lat="24.6155855" lon="121.5212354"/>
  <node id="11035007576" lat="24.6156325" lon="121.5212449"/>
  <node id="11035007577" lat="24.6156938" lon="121.5212765"/>
  <node id="11035007578" lat="24.6157531" lon="121.5213302"/>
  <node id="11035007579" lat="24.6158391" lon="121.5214659"/>
  <node id="4443560763" lat="24.6132585" lon="121.5275853"/>
  <node id="11017007821" lat="24.6132666" lon="121.5276144"/>
  <node id="4443560764" lat="24.6132834" lon="121.5276420"/>
  <node id="4443560765" lat="24.6133227" lon="121.5276715"/>
  <node id="4443560766" lat="24.6133683" lon="121.5276929"/>
  <node id="4333450732" lat="24.6134188" lon="121.5277021"/>
  <node id="4333450733" lat="24.6134653" lon="121.5276966"/>
  <node id="4333450734" lat="24.6135726" lon="121.5276617"/>
  <node id="4333450735" lat="24.6138134" lon="121.5276083"/>
  <node id="4333450736" lat="24.6139896" lon="121.5275249"/>
  <node id="4333450737" lat="24.6141384" lon="121.5274892"/>
  <node id="11017007820" lat="24.6143059" lon="121.5274356"/>
  <node id="4333450738" lat="24.6143750" lon="121.5274185"/>
  <node id="11017007819" lat="24.6144126" lon="121.5274158"/>
  <node id="11017007818" lat="24.6144589" lon="121.5274298"/>
  <node id="4443560767" lat="24.6145037" lon="121.5274546"/>
  <node id="4333450739" lat="24.6145582" lon="121.5274713"/>
  <node id="11017007817" lat="24.6146416" lon="121.5274814"/>
  <node id="4333450740" lat="24.6146918" lon="121.5274780"/>
  <node id="4333450741" lat="24.6147953" lon="121.5274348"/>
  <node id="11017007816" lat="24.6148538" lon="121.5274199"/>
  <node id="11017007815" lat="24.6149167" lon="121.5274186"/>
  <node id="4333450742" lat="24.6149744" lon="121.5274318"/>
  <node id="4443560768" lat="24.6150654" lon="121.5275103"/>
  <node id="4333450743" lat="24.6151654" lon="121.5275774"/>
  <node id="4333450744" lat="24.6152639" lon="121.5276086"/>
  <node id="4333450745" lat="24.6153724" lon="121.5276348"/>
  <node id="11017007814" lat="24.6154119" lon="121.5276480"/>
  <node id="11017007813" lat="24.6154354" lon="121.5276397"/>
  <node id="11017007812" lat="24.6154579" lon="121.5276071"/>
  <node id="11017007811" lat="24.6154927" lon="121.5275101"/>
  <node id="11017007810" lat="24.6155493" lon="121.5274307"/>
  <node id="4333450746" lat="24.6156003" lon="121.5274106"/>
  <node id="11017007809" lat="24.6156911" lon="121.5274104"/>
  <node id="4333450747" lat="24.6157291" lon="121.5274030"/>
  <node id="3210187376" lat="24.6159021" lon="121.5273284"/>
  <node id="4333481724" lat="24.6236043" lon="121.5349415"/>
  <node id="4333481723" lat="24.6236018" lon="121.5343361"/>
  <node id="4333481722" lat="24.6234627" lon="121.5341898"/>
  <node id="11016906386" lat="24.6236416" lon="121.5338676"/>
  <node id="11016906387" lat="24.6236694" lon="121.5337467"/>
  <node id="4333481721" lat="24.6236493" lon="121.5336338"/>
  <node id="11016906388" lat="24.6236122" lon="121.5335474"/>
  <node id="11016906389" lat="24.6235394" lon="121.5334995"/>
  <node id="4333481720" lat="24.6234499" lon="121.5334678"/>
  <node id="4333481719" lat="24.6230766" lon="121.5335740"/>
  <node id="11016906390" lat="24.6226682" lon="121.5334848"/>
  <node id="4333481718" lat="24.6225812" lon="121.5334324"/>
  <node id="10804552731" lat="24.6224783" lon="121.5332731"/>
  <node id="4333481717" lat="24.6223719" lon="121.5331852"/>
  <node id="11016906391" lat="24.6223280" lon="121.5331719"/>
  <node id="11016906392" lat="24.6222403" lon="121.5331928"/>
  <node id="11016906393" lat="24.6221631" lon="121.5332033"/>
  <node id="11016906394" lat="24.6221125" lon="121.5331758"/>
  <node id="11016906395" lat="24.6220892" lon="121.5331103"/>
  <node id="4333481716" lat="24.6221161" lon="121.5329255"/>
  <node id="4333481715" lat="24.6223559" lon="121.5322645"/>
  <node id="11016906396" lat="24.6222221" lon="121.5316402"/>
  <node id="4333481714" lat="24.6221630" lon="121.5315132"/>
  <node id="11016906397" lat="24.6220619" lon="121.5314089"/>
  <node id="4333481713" lat="24.6219502" lon="121.5313631"/>
  <node id="11016906398" lat="24.6218400" lon="121.5313055"/>
  <node id="11016906399" lat="24.6217892" lon="121.5312309"/>
  <node id="4333481712" lat="24.6217184" lon="121.5311667"/>
  <node id="11016906400" lat="24.6216721" lon="121.5311689"/>
  <node id="11016906401" lat="24.6216359" lon="121.5311871"/>
  <node id="11016906402" lat="24.6215943" lon="121.5312450"/>
  <node id="11016906403" lat="24.6215744" lon="121.5312979"/>
  <node id="4333481711" lat="24.6215832" lon="121.5314062"/>
  <node id="11016906404" lat="24.6216130" lon="121.5315050"/>
  <node id="9161720268" lat="24.6217159" lon="121.5317166"/>
  <node id="11016969105" lat="24.6217090" lon="121.5317914"/>
  <node id="4333481710" lat="24.6216777" lon="121.5318432"/>
  <node id="9161720269" lat="24.6215623" lon="121.5319245"/>
  <node id="11016969106" lat="24.6214928" lon="121.5320236"/>
  <node id="9161720270" lat="24.6214025" lon="121.5321390"/>
  <node id="11016969107" lat="24.6213536" lon="121.5321815"/>
  <node id="11016969108" lat="24.6212856" lon="121.5322094"/>
  <node id="4333481709" lat="24.6212143" lon="121.5322144"/>
  <node id="11016969109" lat="24.6211420" lon="121.5321877"/>
  <node id="9161720271" lat="24.6210828" lon="121.5321476"/>
  <node id="4333481708" lat="24.6210186" lon="121.5321302"/>
  <node id="11016969110" lat="24.6209848" lon="121.5321507"/>
  <node id="4333481707" lat="24.6209518" lon="121.5322172"/>
  <node id="9161720272" lat="24.6209137" lon="121.5324126"/>
  <node id="11016969111" lat="24.6208905" lon="121.5324800"/>
  <node id="11016969112" lat="24.6208581" lon="121.5325271"/>
  <node id="4333481706" lat="24.6208273" lon="121.5325474"/>
  <node id="11016969113" lat="24.6207727" lon="121.5325619"/>
  <node id="4333481705" lat="24.6207050" lon="121.5325592"/>
  <node id="9161720273" lat="24.6206014" lon="121.5325376"/>
  <node id="11016969114" lat="24.6204802" lon="121.5324901"/>
  <node id="9161720274" lat="24.6203720" lon="121.5324349"/>
  <node id="4333481704" lat="24.6202489" lon="121.5323839"/>
  <node id="11016969115" lat="24.6201786" lon="121.5323126"/>
  <node id="4333481703" lat="24.6201161" lon="121.5321965"/>
  <node id="4333481702" lat="24.6198921" lon="121.5318162"/>
  <node id="9161720275" lat="24.6197493" lon="121.5316037"/>
  <node id="11016969116" lat="24.6196869" lon="121.5315155"/>
  <node id="11016969117" lat="24.6196153" lon="121.5314542"/>
  <node id="4333481701" lat="24.6195020" lon="121.5313890"/>
  <node id="9161720276" lat="24.6192221" lon="121.5312821"/>
  <node id="11016969118" lat="24.6191802" lon="121.5312579"/>
  <node id="4333481700" lat="24.6191521" lon="121.5312184"/>
  <node id="9161720277" lat="24.6190642" lon="121.5310407"/>
  <node id="9161720278" lat="24.6190402" lon="121.5309302"/>
  <node id="11016969119" lat="24.6190268" lon="121.5307853"/>
  <node id="4333481699" lat="24.6190264" lon="121.5306289"/>
  <node id="11016969120" lat="24.6190637" lon="121.5305166"/>
  <node id="4443594843" lat="24.6190827" lon="121.5303976"/>
  <node id="11016969121" lat="24.6190873" lon="121.5303423"/>
  <node id="4443594842" lat="24.6190744" lon="121.5302880"/>
  <node id="11016969122" lat="24.6190387" lon="121.5302277"/>
  <node id="4333481697" lat="24.6190204" lon="121.5301635"/>
  <node id="4443560816" lat="24.6190045" lon="121.5300777"/>
  <node id="4443560815" lat="24.6189724" lon="121.5298474"/>
  <node id="4333481696" lat="24.6189180" lon="121.5296553"/>
  <node id="4443560811" lat="24.6188325" lon="121.5294034"/>
  <node id="4333481695" lat="24.6186754" lon="121.5290222"/>
  <node id="11016969157" lat="24.6186157" lon="121.5289549"/>
  <node id="4333481694" lat="24.6185705" lon="121.5288828"/>
  <node id="4443594841" lat="24.6185276" lon="121.5287712"/>
  <node id="11016969158" lat="24.6185227" lon="121.5287061"/>
  <node id="4443560802" lat="24.6185338" lon="121.5286401"/>
  <node id="4443560803" lat="24.6185206" lon="121.5285595"/>
  <node id="11016969159" lat="24.6184919" lon="121.5285306"/>
  <node id="4333481693" lat="24.6184617" lon="121.5285097"/>
  <node id="4333481748" lat="24.6209401" lon="121.5360284"/>
  <node id="11017007876" lat="24.6210152" lon="121.5360187"/>
  <node id="6551870635" lat="24.6210955" lon="121.5360262"/>
  <node id="11017007875" lat="24.6212204" lon="121.5361087"/>
  <node id="4333481749" lat="24.6213140" lon="121.5361989"/>
  <node id="11017007874" lat="24.6213757" lon="121.5362868"/>
  <node id="6551870634" lat="24.6214183" lon="121.5364377"/>
  <node id="11017007873" lat="24.6214309" lon="121.5365987"/>
  <node id="4333481750" lat="24.6214218" lon="121.5367883"/>
  <node id="4333481751" lat="24.6214210" lon="121.5369278"/>
  <node id="11017007872" lat="24.6214530" lon="121.5370137"/>
  <node id="6551870633" lat="24.6215006" lon="121.5370920"/>
  <node id="11017007871" lat="24.6215754" lon="121.5371619"/>
  <node id="4333481752" lat="24.6216867" lon="121.5372547"/>
  <node id="11017007870" lat="24.6218576" lon="121.5373564"/>
  <node id="4333481753" lat="24.6221867" lon="121.5375213"/>
  <node id="11017007869" lat="24.6222616" lon="121.5376120"/>
  <node id="4333481754" lat="24.6222800" lon="121.5376799"/>
  <node id="11017007868" lat="24.6222866" lon="121.5377729"/>
  <node id="4333481755" lat="24.6222671" lon="121.5378553"/>
  <node id="4333481756" lat="24.6222068" lon="121.5379613"/>
  <node id="4333481757" lat="24.6220756" lon="121.5380365"/>
  <node id="11016906383" lat="24.6236644" lon="121.5349392"/>
  <node id="6551870617" lat="24.6237141" lon="121.5349576"/>
  <node id="4333481905" lat="24.6237692" lon="121.5350013"/>
  <node id="4333481904" lat="24.6238141" lon="121.5350407"/>
  <node id="4333481903" lat="24.6238340" lon="121.5350943"/>
  <node id="4333481902" lat="24.6238396" lon="121.5351720"/>
  <node id="6551870620" lat="24.6238348" lon="121.5352380"/>
  <node id="4333481901" lat="24.6238201" lon="121.5352864"/>
  <node id="4333481900" lat="24.6236685" lon="121.5356345"/>
  <node id="4333481899" lat="24.6236178" lon="121.5356977"/>
  <node id="11016969161" lat="24.6235517" lon="121.5357631"/>
  <node id="11016969166" lat="24.6235354" lon="121.5358153"/>
  <node id="11016969162" lat="24.6235374" lon="121.5358742"/>
  <node id="11016969167" lat="24.6235645" lon="121.5359460"/>
  <node id="4333481898" lat="24.6235931" lon="121.5359922"/>
  <node id="11016969168" lat="24.6236486" lon="121.5360226"/>
  <node id="11016969169" lat="24.6237145" lon="121.5360396"/>
  <node id="4333481897" lat="24.6237718" lon="121.5360347"/>
  <node id="11016969170" lat="24.6238461" lon="121.5360115"/>
  <node id="4333481896" lat="24.6241221" lon="121.5358640"/>
  <node id="11016969171" lat="24.6242302" lon="121.5358433"/>
  <node id="4333481895" lat="24.6243349" lon="121.5358456"/>
  <node id="11016969172" lat="24.6244469" lon="121.5358928"/>
  <node id="4333481894" lat="24.6245058" lon="121.5359581"/>
  <node id="11016969173" lat="24.6245306" lon="121.5360634"/>
  <node id="11016969174" lat="24.6245395" lon="121.5361973"/>
  <node id="4333481893" lat="24.6245762" lon="121.5362825"/>
  <node id="11016969175" lat="24.6246488" lon="121.5363270"/>
  <node id="4333481892" lat="24.6247719" lon="121.5363447"/>
  <node id="4333481891" lat="24.6254049" lon="121.5362399"/>
  <node id="11016969176" lat="24.6254977" lon="121.5361828"/>
  <node id="11016969177" lat="24.6255587" lon="121.5361279"/>
  <node id="4333481890" lat="24.6256051" lon="121.5361131"/>
  <node id="11016969178" lat="24.6256480" lon="121.5361194"/>
  <node id="11016969179" lat="24.6256893" lon="121.5361541"/>
  <node id="4333481889" lat="24.6257337" lon="121.5362061"/>
  <node id="4333481888" lat="24.6258698" lon="121.5364926"/>
  <node id="4333481887" lat="24.6260995" lon="121.5366528"/>
  <node id="4333481886" lat="24.6262787" lon="121.5370348"/>
  <node id="11016969180" lat="24.6263790" lon="121.5370559"/>
  <node id="4333481885" lat="24.6264187" lon="121.5370472"/>
  <node id="11016969181" lat="24.6264566" lon="121.5370107"/>
  <node id="4333481884" lat="24.6264699" lon="121.5369456"/>
  <node id="11016969182" lat="24.6264504" lon="121.5368753"/>
  <node id="11016969183" lat="24.6264103" lon="121.5368250"/>
  <node id="4333481883" lat="24.6263571" lon="121.5367699"/>
  <node id="11016969184" lat="24.6263053" lon="121.5366689"/>
  <node id="4333481882" lat="24.6262115" lon="121.5363600"/>
  <node id="11016969185" lat="24.6261627" lon="121.5362783"/>
  <node id="11016969186" lat="24.6261245" lon="121.5362513"/>
  <node id="11016969187" lat="24.6260844" lon="121.5362363"/>
  <node id="11016969188" lat="24.6260456" lon="121.5362072"/>
  <node id="4333481881" lat="24.6260089" lon="121.5361559"/>
  <node id="11016969189" lat="24.6259866" lon="121.5360716"/>
  <node id="11016969190" lat="24.6259819" lon="121.5359650"/>
  <node id="4333481880" lat="24.6259816" lon="121.5358902"/>
  <node id="11016969191" lat="24.6259701" lon="121.5358381"/>
  <node id="11016969192" lat="24.6259462" lon="121.5357890"/>
  <node id="11016969193" lat="24.6259147" lon="121.5357580"/>
  <node id="4333481879" lat="24.6258181" lon="121.5357263"/>
  <node id="11016969194" lat="24.6257271" lon="121.5357276"/>
  <node id="4333481878" lat="24.6255463" lon="121.5357688"/>
  <node id="11016969195" lat="24.6253927" lon="121.5357540"/>
  <node id="11016969196" lat="24.6251873" lon="121.5357017"/>
  <node id="4333481877" lat="24.6250682" lon="121.5356395"/>
  <node id="11016969197" lat="24.6250017" lon="121.5355677"/>
  <node id="11016969198" lat="24.6249286" lon="121.5354402"/>
  <node id="4333481876" lat="24.6249026" lon="121.5353166"/>
  <node id="11016969199" lat="24.6249158" lon="121.5352088"/>
  <node id="4333481875" lat="24.6249623" lon="121.5350691"/>
  <node id="11016969200" lat="24.6249572" lon="121.5350136"/>
  <node id="11016969201" lat="24.6249242" lon="121.5349533"/>
  <node id="4333481874" lat="24.6248391" lon="121.5348658"/>
  <node id="11016969202" lat="24.6248021" lon="121.5347874"/>
  <node id="4333481873" lat="24.6247607" lon="121.5345084"/>
  <node id="4333481872" lat="24.6245926" lon="121.5342434"/>
  <node id="4333481871" lat="24.6245814" lon="121.5340339"/>
  <node id="11016969203" lat="24.6246167" lon="121.5340141"/>
  <node id="11016969204" lat="24.6246611" lon="121.5340034"/>
  <node id="11016969205" lat="24.6246956" lon="121.5340131"/>
  <node id="4333481870" lat="24.6247243" lon="121.5340651"/>
  <node id="4333481869" lat="24.6247551" lon="121.5341941"/>
  <node id="4333481868" lat="24.6249679" lon="121.5347733"/>
  <node id="11016969206" lat="24.6250367" lon="121.5348388"/>
  <node id="4333481867" lat="24.6251416" lon="121.5349028"/>
  <node id="4333481866" lat="24.6258642" lon="121.5351369"/>
  <node id="4333481865" lat="24.6261891" lon="121.5350815"/>
  <node id="4333481864" lat="24.6263291" lon="121.5351924"/>
  <node id="4333481863" lat="24.6264916" lon="121.5356237"/>
  <node id="11016969207" lat="24.6265685" lon="121.5356506"/>
  <node id="11016969208" lat="24.6266316" lon="121.5356489"/>
  <node id="4333481862" lat="24.6266867" lon="121.5356233"/>
  <node id="4333481861" lat="24.6269005" lon="121.5353095"/>
  <node id="4333481860" lat="24.6271189" lon="121.5352478"/>
  <node id="4333481859" lat="24.6273430" lon="121.5350506"/>
  <node id="9161712336" lat="24.6275690" lon="121.5350278"/>
  <node id="4333481858" lat="24.6277918" lon="121.5350581"/>
  <node id="4333481857" lat="24.6279392" lon="121.5353601"/>
  <node id="11016969209" lat="24.6279735" lon="121.5353642"/>
  <node id="11016969210" lat="24.6280074" lon="121.5353607"/>
  <node id="9161712337" lat="24.6280383" lon="121.5353349"/>
  <node id="11016969211" lat="24.6280541" lon="121.5352852"/>
  <node id="4333481856" lat="24.6280554" lon="121.5352371"/>
  <node id="9161712338" lat="24.6279615" lon="121.5349983"/>
  <node id="11016969212" lat="24.6279412" lon="121.5348865"/>
  <node id="4333481855" lat="24.6279115" lon="121.5347930"/>
  <node id="11016969213" lat="24.6278850" lon="121.5347571"/>
  <node id="11016969214" lat="24.6278594" lon="121.5347359"/>
  <node id="4333481854" lat="24.6277984" lon="121.5347235"/>
  <node id="9161712339" lat="24.6271520" lon="121.5348145"/>
  <node id="4333481853" lat="24.6269148" lon="121.5347722"/>
  <node id="11016969216" lat="24.6268743" lon="121.5347454"/>
  <node id="11016969215" lat="24.6268525" lon="121.5347074"/>
  <node id="9161712340" lat="24.6268314" lon="121.5346187"/>
  <node id="11016969217" lat="24.6267860" lon="121.5345466"/>
  <node id="4333481852" lat="24.6267233" lon="121.5344793"/>
  <node id="4333481851" lat="24.6261331" lon="121.5342742"/>
  <node id="4333481850" lat="24.6260266" lon="121.5340585"/>
  <node id="4333481849" lat="24.6258895" lon="121.5339689"/>
  <node id="11016969218" lat="24.6258413" lon="121.5339156"/>
  <node id="11016969219" lat="24.6258346" lon="121.5338785"/>
  <node id="11016969220" lat="24.6258573" lon="121.5338516"/>
  <node id="4333481848" lat="24.6258959" lon="121.5338471"/>
  <node id="4333481847" lat="24.6260266" lon="121.5339045"/>
  <node id="4333481846" lat="24.6263571" lon="121.5340832"/>
  <node id="4333481845" lat="24.6268053" lon="121.5341818"/>
  <node id="4333481844" lat="24.6271974" lon="121.5343605"/>
  <node id="4333481843" lat="24.6273318" lon="121.5343420"/>
  <node id="4333481842" lat="24.6275447" lon="121.5341448"/>
  <node id="4333481841" lat="24.6277911" lon="121.5337381"/>
  <node id="4333481840" lat="24.6279312" lon="121.5335348"/>
  <node id="4333481839" lat="24.6282393" lon="121.5332944"/>
  <node id="4333481838" lat="24.6289451" lon="121.5330172"/>
  <node id="4333481837" lat="24.6294161" lon="121.5330900"/>
  <node id="11016969221" lat="24.6295392" lon="121.5330824"/>
  <node id="11016969222" lat="24.6296052" lon="121.5330700"/>
  <node id="4333481836" lat="24.6296372" lon="121.5330518"/>
  <node id="11016969223" lat="24.6296528" lon="121.5330185"/>
  <node id="11016969224" lat="24.6296528" lon="121.5329809"/>
  <node id="4333481835" lat="24.6296388" lon="121.5329537"/>
  <node id="11016969225" lat="24.6296011" lon="121.5329298"/>
  <node id="4333481834" lat="24.6293148" lon="121.5329001"/>
  <node id="11016969226" lat="24.6292020" lon="121.5328567"/>
  <node id="4333481833" lat="24.6288666" lon="121.5326105"/>
  <node id="4333481832" lat="24.6283961" lon="121.5325612"/>
  <node id="4333481831" lat="24.6282337" lon="121.5327953"/>
  <node id="11016969228" lat="24.6280950" lon="121.5329204"/>
  <node id="11016969227" lat="24.6279664" lon="121.5330068"/>
  <node id="4333481830" lat="24.6278696" lon="121.5330418"/>
  <node id="4333481829" lat="24.6274845" lon="121.5330686"/>
  <node id="11016969229" lat="24.6273159" lon="121.5330011"/>
  <node id="4333481828" lat="24.6271735" lon="121.5329101"/>
  <node id="9161712327" lat="24.6269041" lon="121.5326577"/>
  <node id="11016969230" lat="24.6268054" lon="121.5325530"/>
  <node id="4333481827" lat="24.6267306" lon="121.5324268"/>
  <node id="4333481826" lat="24.6266842" lon="121.5323016"/>
  <node id="11016969231" lat="24.6266808" lon="121.5322382"/>
  <node id="4333481825" lat="24.6267014" lon="121.5321963"/>
  <node id="11016969232" lat="24.6267294" lon="121.5321808"/>
  <node id="4333481824" lat="24.6267530" lon="121.5321852"/>
  <node id="11016969233" lat="24.6267745" lon="121.5322165"/>
  <node id="4333481823" lat="24.6268221" lon="121.5323578"/>
  <node id="4333481822" lat="24.6268677" lon="121.5324379"/>
  <node id="11016969234" lat="24.6269071" lon="121.5324829"/>
  <node id="9161712328" lat="24.6269783" lon="121.5325208"/>
  <node id="4333481821" lat="24.6270439" lon="121.5325306"/>
  <node id="9161712329" lat="24.6270794" lon="121.5325261"/>
  <node id="11016969235" lat="24.6270983" lon="121.5325047"/>
  <node id="11016969236" lat="24.6271042" lon="121.5324733"/>
  <node id="11016969237" lat="24.6270934" lon="121.5324433"/>
  <node id="4333481820" lat="24.6270558" lon="121.5324077"/>
  <node id="9161712330" lat="24.6269719" lon="121.5323452"/>
  <node id="11016969238" lat="24.6269264" lon="121.5323056"/>
  <node id="4333481819" lat="24.6268940" lon="121.5322453"/>
  <node id="11016969239" lat="24.6268656" lon="121.5321000"/>
  <node id="4333481818" lat="24.6268024" lon="121.5315104"/>
  <node id="9161712335" lat="24.6268424" lon="121.5313813"/>
  <node id="11016969240" lat="24.6268730" lon="121.5313667"/>
  <node id="11016969241" lat="24.6269006" lon="121.5313697"/>
  <node id="4333481817" lat="24.6269246" lon="121.5313942"/>
  <node id="9161712334" lat="24.6269375" lon="121.5314752"/>
  <node id="4333481816" lat="24.6269314" lon="121.5317053"/>
  <node id="11016969242" lat="24.6269633" lon="121.5318052"/>
  <node id="4333481815" lat="24.6270112" lon="121.5318988"/>
  <node id="4333481814" lat="24.6272422" lon="121.5322161"/>
  <node id="4333481813" lat="24.6273009" lon="121.5322316"/>
  <node id="11016969244" lat="24.6273308" lon="121.5322201"/>
  <node id="11016969243" lat="24.6273455" lon="121.5321919"/>
  <node id="9161712331" lat="24.6273459" lon="121.5321578"/>
  <node id="4333481812" lat="24.6273094" lon="121.5320990"/>
  <node id="11016969245" lat="24.6272242" lon="121.5320302"/>
  <node id="9161712332" lat="24.6271593" lon="121.5319566"/>
  <node id="11016969246" lat="24.6271173" lon="121.5318661"/>
  <node id="4333481811" lat="24.6270955" lon="121.5317549"/>
  <node id="11016969247" lat="24.6270787" lon="121.5316435"/>
  <node id="4333481810" lat="24.6270829" lon="121.5315114"/>
  <node id="11016969248" lat="24.6271101" lon="121.5313874"/>
  <node id="9161712333" lat="24.6271532" lon="121.5312713"/>
  <node id="4333481809" lat="24.6272894" lon="121.5311057"/>
  <node id="11016969249" lat="24.6273781" lon="121.5310403"/>
  <node id="4333481808" lat="24.6274719" lon="121.5309646"/>
  <node id="4333481807" lat="24.6276679" lon="121.5302997"/>
  <node id="4333481806" lat="24.6279088" lon="121.5299484"/>
  <node id="4333481805" lat="24.6282057" lon="121.5297328"/>
  <node id="4333481804" lat="24.6283681" lon="121.5295048"/>
  <node id="4333481803" lat="24.6285698" lon="121.5293076"/>
  <node id="4333481802" lat="24.6288162" lon="121.5292090"/>
  <node id="4333481801" lat="24.6289507" lon="121.5289933"/>
  <node id="11016969250" lat="24.6290099" lon="121.5289809"/>
  <node id="11016969251" lat="24.6290369" lon="121.5289995"/>
  <node id="4333481800" lat="24.6290517" lon="121.5290478"/>
  <node id="4333481799" lat="24.6289955" lon="121.5292644"/>
  <node id="4333481798" lat="24.6285641" lon="121.5294924"/>
  <node id="4333481797" lat="24.6284409" lon="121.5298190"/>
  <node id="4333481796" lat="24.6281104" lon="121.5301949"/>
  <node id="4333481795" lat="24.6280040" lon="121.5307988"/>
  <node id="4333481794" lat="24.6280208" lon="121.5311685"/>
  <node id="11016969252" lat="24.6280643" lon="121.5312905"/>
  <node id="4333481793" lat="24.6281261" lon="121.5313560"/>
  <node id="11016969253" lat="24.6281791" lon="121.5314236"/>
  <node id="11016969254" lat="24.6282073" lon="121.5314392"/>
  <node id="4333481792" lat="24.6282285" lon="121.5314280"/>
  <node id="11016969255" lat="24.6282387" lon="121.5313981"/>
  <node id="11016969256" lat="24.6282289" lon="121.5312923"/>
  <node id="4333481791" lat="24.6282157" lon="121.5310986"/>
  <node id="11016969257" lat="24.6282281" lon="121.5309991"/>
  <node id="4333481790" lat="24.6282631" lon="121.5309072"/>
  <node id="4333481789" lat="24.6284296" lon="121.5306002"/>
  <node id="11016969258" lat="24.6285476" lon="121.5304950"/>
  <node id="11016969259" lat="24.6286631" lon="121.5304156"/>
  <node id="4333481788" lat="24.6287620" lon="121.5303506"/>
  <node id="11016969260" lat="24.6288052" lon="121.5303046"/>
  <node id="4333481787" lat="24.6288796" lon="121.5300903"/>
  <node id="11016969261" lat="24.6289484" lon="121.5300138"/>
  <node id="4333481786" lat="24.6296508" lon="121.5296218"/>
  <node id="4333481785" lat="24.6299029" lon="121.5292521"/>
  <node id="4333481784" lat="24.6301550" lon="121.5292151"/>
  <node id="4333481783" lat="24.6302502" lon="121.5290981"/>
  <node id="8205580854" lat="24.6251572" lon="121.5451704"/>
  <node id="8205580853" lat="24.6252026" lon="121.5446317"/>
  <node id="8205580852" lat="24.6253279" lon="121.5445603"/>
  <node id="8205580851" lat="24.6255598" lon="121.5444250"/>
  <node id="8205580850" lat="24.6257188" lon="121.5443214"/>
  <node id="8205580849" lat="24.6258307" lon="121.5440576"/>
  <node id="4333481906" lat="24.6258948" lon="121.5435891"/>
  <node id="11018952340" lat="24.6258687" lon="121.5434107"/>
  <node id="11018952339" lat="24.6257890" lon="121.5431549"/>
  <node id="4333481907" lat="24.6256255" lon="121.5427743"/>
  <node id="8205580848" lat="24.6255434" lon="121.5425356"/>
  <node id="4333481908" lat="24.6253847" lon="121.5422827"/>
  <node id="4394329865" lat="24.6102284" lon="121.5256327"/>
  <node id="4394329866" lat="24.6100743" lon="121.5256492"/>
  <node id="11034957668" lat="24.6099281" lon="121.5256744"/>
  <node id="4394329867" lat="24.6098433" lon="121.5257070"/>
  <node id="4394329868" lat="24.6097687" lon="121.5257447"/>
  <node id="4394329869" lat="24.6096633" lon="121.5258156"/>
  <node id="4394329870" lat="24.6095243" lon="121.5259251"/>
  <node id="4394329871" lat="24.6094110" lon="121.5260288"/>
  <node id="12989716355" lat="24.6093332" lon="121.5260967"/>
  <node id="4394329878" lat="24.6096344" lon="121.5267425"/>
  <node id="4394329879" lat="24.6096865" lon="121.5267230"/>
  <node id="4394329880" lat="24.6097499" lon="121.5267067"/>
  <node id="4394329881" lat="24.6098786" lon="121.5266359"/>
  <node id="4394329882" lat="24.6099711" lon="121.5266005"/>
  <node id="4394329883" lat="24.6100608" lon="121.5265821"/>
  <node id="4394329884" lat="24.6101408" lon="121.5265546"/>
  <node id="4394329885" lat="24.6102381" lon="121.5264950"/>
  <node id="4394329886" lat="24.6104034" lon="121.5264197"/>
  <node id="4394329887" lat="24.6104965" lon="121.5263642"/>
  <node id="4394329888" lat="24.6106066" lon="121.5263004"/>
  <node id="11034957671" lat="24.6106825" lon="121.5262381"/>
  <node id="13399576413" lat="24.6107322" lon="121.5261684"/>
  <node id="11034957672" lat="24.6107435" lon="121.5261581"/>
  <node id="11034957673" lat="24.6108484" lon="121.5261108"/>
  <node id="4394331089" lat="24.6110000" lon="121.5260359"/>
  <node id="4394331090" lat="24.6110648" lon="121.5259829"/>
  <node id="4394331091" lat="24.6112458" lon="121.5257865"/>
  <node id="11034957674" lat="24.6114586" lon="121.5254949"/>
  <node id="11034957675" lat="24.6115601" lon="121.5252062"/>
  <node id="11034957676" lat="24.6116399" lon="121.5250325"/>
  <node id="4394331092" lat="24.6116861" lon="121.5248594"/>
  <node id="11034957677" lat="24.6117417" lon="121.5247240"/>
  <node id="4394331093" lat="24.6117792" lon="121.5246164"/>
  <node id="11034957679" lat="24.6118344" lon="121.5244533"/>
  <node id="4394331094" lat="24.6119028" lon="121.5242696"/>
  <node id="13399576414" lat="24.6119433" lon="121.5241338"/>
  <node id="4394331095" lat="24.6119867" lon="121.5240054"/>
  <node id="12989716360" lat="24.6120421" lon="121.5238985"/>
  <node id="12989716359" lat="24.6120756" lon="121.5238175"/>
  <node id="4394331096" lat="24.6120803" lon="121.5236331"/>
  <node id="4394331097" lat="24.6120904" lon="121.5234552"/>
  <node id="13399576415" lat="24.6120372" lon="121.5233356"/>
  <node id="4394331098" lat="24.6120327" lon="121.5229789"/>
  <node id="4394331099" lat="24.6122010" lon="121.5227473"/>
  <node id="11034957680" lat="24.6124021" lon="121.5226253"/>
  <node id="4394331100" lat="24.6125679" lon="121.5225598"/>
  <node id="4394331101" lat="24.6127889" lon="121.5224446"/>
  <node id="11034957682" lat="24.6130890" lon="121.5224126"/>
  <node id="4394331102" lat="24.6133920" lon="121.5224709"/>
  <node id="11034957683" lat="24.6136524" lon="121.5225132"/>
  <node id="4394331103" lat="24.6137063" lon="121.5225559"/>
  <node id="12989716364" lat="24.6137815" lon="121.5226054"/>
  <node id="11034957684" lat="24.6138362" lon="121.5226229"/>
  <node id="4394331104" lat="24.6139232" lon="121.5226716"/>
  <node id="4394331105" lat="24.6139485" lon="121.5226978"/>
  <node id="4394331106" lat="24.6140595" lon="121.5227814"/>
  <node id="4394331107" lat="24.6142449" lon="121.5229420"/>
  <node id="4394331108" lat="24.6143341" lon="121.5230381"/>
  <node id="4394331187" lat="24.6144755" lon="121.5231581"/>
  <node id="4394331109" lat="24.6145703" lon="121.5232913"/>
  <node id="4394331110" lat="24.6146330" lon="121.5233743"/>
  <node id="4394331111" lat="24.6146884" lon="121.5235134"/>
  <node id="4394331112" lat="24.6147427" lon="121.5236602"/>
  <node id="4394331113" lat="24.6147909" lon="121.5237588"/>
  <node id="4394331114" lat="24.6148152" lon="121.5238089"/>
  <node id="12989732378" lat="24.6129462" lon="121.5250484"/>
  <node id="8916981411" lat="24.6129420" lon="121.5249995"/>
  <node id="8916981410" lat="24.6129920" lon="121.5249041"/>
  <node id="4394331174" lat="24.6130741" lon="121.5248402"/>
  <node id="4394331175" lat="24.6131167" lon="121.5247240"/>
  <node id="4394331176" lat="24.6131488" lon="121.5245884"/>
  <node id="4394331177" lat="24.6131084" lon="121.5244010"/>
  <node id="4394331120" lat="24.6151273" lon="121.5239499"/>
  <node id="4394331123" lat="24.6150938" lon="121.5238609"/>
  <node id="4394331124" lat="24.6150321" lon="121.5236071"/>
  <node id="4394331125" lat="24.6149737" lon="121.5232858"/>
  <node id="4394331126" lat="24.6149618" lon="121.5231274"/>
  <node id="4394331127" lat="24.6149267" lon="121.5230766"/>
  <node id="4394331128" lat="24.6148750" lon="121.5230461"/>
  <node id="4394331129" lat="24.6148436" lon="121.5230095"/>
  <node id="4394331130" lat="24.6148306" lon="121.5229668"/>
  <node id="4394331131" lat="24.6148269" lon="121.5229018"/>
  <node id="11034957687" lat="24.6148325" lon="121.5226438"/>
  <node id="11034957686" lat="24.6148197" lon="121.5225486"/>
  <node id="4394331132" lat="24.6147992" lon="121.5224734"/>
  <node id="4394331133" lat="24.6147722" lon="121.5224135"/>
  <node id="4394331134" lat="24.6147388" lon="121.5223679"/>
  <node id="4394331135" lat="24.6146824" lon="121.5223081"/>
  <node id="4394331136" lat="24.6146624" lon="121.5222676"/>
  <node id="4394331137" lat="24.6146642" lon="121.5222284"/>
  <node id="4394331138" lat="24.6146749" lon="121.5222088"/>
  <node id="4394331139" lat="24.6146913" lon="121.5221984"/>
  <node id="4394331140" lat="24.6147120" lon="121.5221949"/>
  <node id="4394331141" lat="24.6147396" lon="121.5222042"/>
  <node id="4394331142" lat="24.6147682" lon="121.5222283"/>
  <node id="4394331143" lat="24.6147965" lon="121.5222605"/>
  <node id="4394331144" lat="24.6148540" lon="121.5223039"/>
  <node id="4394331145" lat="24.6148875" lon="121.5223345"/>
  <node id="12162467698" lat="24.6150980" lon="121.5224522"/>
  <node id="12162467127" lat="24.6151334" lon="121.5224750"/>
  <node id="12162467729" lat="24.6151529" lon="121.5225314"/>
  <node id="12162441462" lat="24.6151773" lon="121.5227124"/>
  <node id="12162467763" lat="24.6151956" lon="121.5227419"/>
  <node id="12162467144" lat="24.6152431" lon="121.5227473"/>
  <node id="12162467217" lat="24.6152785" lon="121.5227339"/>
  <node id="12162441491" lat="24.6152968" lon="121.5226896"/>
  <node id="12162467804" lat="24.6153163" lon="121.5223087"/>
  <node id="12162467124" lat="24.6153078" lon="121.5222685"/>
  <node id="12162467667" lat="24.6150651" lon="121.5221263"/>
  <node id="12162467843" lat="24.6150432" lon="121.5220807"/>
  <node id="12162441432" lat="24.6149908" lon="121.5218876"/>
  <node id="12162467133" lat="24.6149676" lon="121.5218340"/>
  <node id="12162467076" lat="24.6149432" lon="121.5217991"/>
  <node id="12162467605" lat="24.6147396" lon="121.5217052"/>
  <node id="12162467160" lat="24.6144982" lon="121.5214893"/>
  <node id="12162467182" lat="24.6143555" lon="121.5213485"/>
  <node id="12162467796" lat="24.6143299" lon="121.5212680"/>
  <node id="12162467627" lat="24.6143116" lon="121.5211715"/>
  <node id="12162467816" lat="24.6143251" lon="121.5210964"/>
  <node id="12162467620" lat="24.6143604" lon="121.5210575"/>
  <node id="12162467681" lat="24.6144336" lon="121.5210763"/>
  <node id="12162441473" lat="24.6146469" lon="121.5211795"/>
  <node id="12162467211" lat="24.6147774" lon="121.5212841"/>
  <node id="12162467794" lat="24.6149188" lon="121.5214089"/>
  <node id="12162467610" lat="24.6151554" lon="121.5214960"/>
  <node id="12162467075" lat="24.6154175" lon="121.5215510"/>
  <node id="12162467114" lat="24.6157247" lon="121.5218112"/>
  <node id="12162467724" lat="24.6158284" lon="121.5218675"/>
  <node id="12162441460" lat="24.6158954" lon="121.5218823"/>
  <node id="12162441487" lat="24.6159466" lon="121.5218648"/>
  <node id="12162467089" lat="24.6159515" lon="121.5217964"/>
  <node id="12162467783" lat="24.6159222" lon="121.5216811"/>
  <node id="12162467836" lat="24.6158771" lon="121.5215188"/>
  <node id="12162441433" lat="24.6157528" lon="121.5214236"/>
  <node id="12162467750" lat="24.6156735" lon="121.5214008"/>
  <node id="12162441457" lat="24.6154650" lon="121.5213646"/>
  <node id="12162467209" lat="24.6152090" lon="121.5212560"/>
  <node id="11016906326" lat="24.6325165" lon="121.5476805"/>
  <node id="5108858060" lat="24.6326287" lon="121.5476940"/>
  <node id="5108858059" lat="24.6327054" lon="121.5476836"/>
  <node id="5108858058" lat="24.6328093" lon="121.5476576"/>
  <node id="2178261676" lat="24.6283509" lon="121.5450638"/>
  <node id="5108858061" lat="24.6284310" lon="121.5451193"/>
  <node id="2178261674" lat="24.6285881" lon="121.5452201"/>
  <node id="300593179" lat="24.6287290" lon="121.5452916"/>
  <node id="3105367127" lat="24.6258602" lon="121.5402457"/>
  <node id="11016906343" lat="24.6259651" lon="121.5403757"/>
  <node id="300593138" lat="24.6260724" lon="121.5404991"/>
  <node id="3105367128" lat="24.6262066" lon="121.5406406"/>
  <node id="2178262257" lat="24.6263117" lon="121.5407287"/>
  <node id="8205580841" lat="24.6264862" lon="121.5408508"/>
  <node id="3105369529" lat="24.6265796" lon="121.5409050"/>
  <node id="2178262258" lat="24.6269661" lon="121.5411300"/>
  <node id="2178262059" lat="24.6270331" lon="121.5411710"/>
  <node id="11016906342" lat="24.6270769" lon="121.5411994"/>
  <node id="11016906341" lat="24.6271196" lon="121.5412370"/>
  <node id="2178262102" lat="24.6271807" lon="121.5413071"/>
  <node id="11016906340" lat="24.6272514" lon="121.5414073"/>
  <node id="11016906339" lat="24.6273136" lon="121.5415148"/>
  <node id="300593144" lat="24.6273946" lon="121.5416383"/>
  <node id="11016906338" lat="24.6276035" lon="121.5418852"/>
  <node id="4443442376" lat="24.6278047" lon="121.5421156"/>
  <node id="11016906337" lat="24.6280222" lon="121.5423528"/>
  <node id="2178262093" lat="24.6281990" lon="121.5425732"/>
  <node id="11016906336" lat="24.6283430" lon="121.5427673"/>
  <node id="300593150" lat="24.6284959" lon="121.5429997"/>
  <node id="2178262089" lat="24.6285486" lon="121.5431096"/>
  <node id="11016906335" lat="24.6285773" lon="121.5431862"/>
  <node id="3105369532" lat="24.6285939" lon="121.5432914"/>
  <node id="11016906334" lat="24.6285956" lon="121.5433567"/>
  <node id="300593155" lat="24.6285882" lon="121.5434419"/>
  <node id="2178262129" lat="24.6285331" lon="121.5438405"/>
  <node id="11016906333" lat="24.6284867" lon="121.5440803"/>
  <node id="4430919446" lat="24.6284525" lon="121.5441982"/>
  <node id="11016906332" lat="24.6284193" lon="121.5442710"/>
  <node id="4430919445" lat="24.6283680" lon="121.5443372"/>
  <node id="2178262124" lat="24.6282175" lon="121.5445187"/>
  <node id="2178262126" lat="24.6281763" lon="121.5445791"/>
  <node id="2178262147" lat="24.6281480" lon="121.5446381"/>
  <node id="2178262138" lat="24.6281285" lon="121.5447239"/>
  <node id="2178262141" lat="24.6281348" lon="121.5447729"/>
  <node id="11016906331" lat="24.6281553" lon="121.5448331"/>
  <node id="300593165" lat="24.6281884" lon="121.5448864"/>
  <node id="11019026579" lat="24.6282416" lon="121.5449565"/>
  <node id="300593170" lat="24.6282902" lon="121.5450071"/>
  <node id="2178261813" lat="24.6209856" lon="121.5359033"/>
  <node id="11017007884" lat="24.6210730" lon="121.5359221"/>
  <node id="2178261816" lat="24.6211577" lon="121.5359524"/>
  <node id="11017007885" lat="24.6212279" lon="121.5359876"/>
  <node id="11017007886" lat="24.6212925" lon="121.5360358"/>
  <node id="300593084" lat="24.6213520" lon="121.5360916"/>
  <node id="2178262045" lat="24.6213865" lon="121.5361444"/>
  <node id="2178262047" lat="24.6214240" lon="121.5362087"/>
  <node id="4446620594" lat="24.6214504" lon="121.5362670"/>
  <node id="2178262049" lat="24.6214809" lon="121.5363655"/>
  <node id="4443449606" lat="24.6215253" lon="121.5365327"/>
  <node id="300593088" lat="24.6215679" lon="121.5367096"/>
  <node id="2178262050" lat="24.6216135" lon="121.5368337"/>
  <node id="4446620595" lat="24.6216556" lon="121.5368989"/>
  <node id="300593093" lat="24.6217110" lon="121.5369485"/>
  <node id="11016906363" lat="24.6217580" lon="121.5369800"/>
  <node id="300593100" lat="24.6218188" lon="121.5370122"/>
  <node id="11016906362" lat="24.6218786" lon="121.5370347"/>
  <node id="4446620596" lat="24.6219468" lon="121.5370572"/>
  <node id="4446620597" lat="24.6221004" lon="121.5370854"/>
  <node id="4446620598" lat="24.6222032" lon="121.5370935"/>
  <node id="11016906361" lat="24.6222879" lon="121.5370946"/>
  <node id="11016906360" lat="24.6223596" lon="121.5370928"/>
  <node id="300593111" lat="24.6224595" lon="121.5370911"/>
  <node id="2178262051" lat="24.6227963" lon="121.5370584"/>
  <node id="11016906359" lat="24.6228545" lon="121.5370636"/>
  <node id="11016906358" lat="24.6229014" lon="121.5370745"/>
  <node id="2178262057" lat="24.6229866" lon="121.5371079"/>
  <node id="300593116" lat="24.6230641" lon="121.5371452"/>
  <node id="11016906357" lat="24.6231593" lon="121.5371954"/>
  <node id="11016906356" lat="24.6232726" lon="121.5372590"/>
  <node id="11016906355" lat="24.6235463" lon="121.5373861"/>
  <node id="2178261969" lat="24.6236329" lon="121.5374454"/>
  <node id="11016906354" lat="24.6238863" lon="121.5376530"/>
  <node id="4446620601" lat="24.6240267" lon="121.5377592"/>
  <node id="11016906353" lat="24.6242089" lon="121.5378826"/>
  <node id="2178261975" lat="24.6242827" lon="121.5379242"/>
  <node id="2178261977" lat="24.6245373" lon="121.5380446"/>
  <node id="11016906352" lat="24.6246143" lon="121.5380952"/>
  <node id="11016906351" lat="24.6246793" lon="121.5381469"/>
  <node id="2178261980" lat="24.6247364" lon="121.5382128"/>
  <node id="11016906350" lat="24.6247943" lon="121.5382830"/>
  <node id="300593127" lat="24.6248553" lon="121.5383698"/>
  <node id="11016906349" lat="24.6249226" lon="121.5384719"/>
  <node id="300593121" lat="24.6249763" lon="121.5385696"/>
  <node id="11016906348" lat="24.6250708" lon="121.5387732"/>
  <node id="4443449607" lat="24.6251698" lon="121.5390132"/>
  <node id="11016906347" lat="24.6252719" lon="121.5392607"/>
  <node id="300593132" lat="24.6253795" lon="121.5395187"/>
  <node id="11016906346" lat="24.6254268" lon="121.5396238"/>
  <node id="11016906345" lat="24.6254877" lon="121.5397283"/>
  <node id="4446620593" lat="24.6208266" lon="121.5358852"/>
  <node id="2604701641" lat="24.6575160" lon="121.4812973"/>
  <node id="2604701646" lat="24.6579135" lon="121.4814014"/>
  <node id="2604701649" lat="24.6581214" lon="121.4813515"/>
  <node id="2604701652" lat="24.6583074" lon="121.4812452"/>
  <node id="2604701654" lat="24.6589174" lon="121.4812993"/>
  <node id="2604701657" lat="24.6591529" lon="121.4812160"/>
  <node id="2604701659" lat="24.6593549" lon="121.4812367"/>
  <node id="2604701660" lat="24.6594776" lon="121.4812013"/>
  <node id="2604701665" lat="24.6597286" lon="121.4813991"/>
  <node id="2604701668" lat="24.6599853" lon="121.4818340"/>
  <node id="2604701673" lat="24.6604148" lon="121.4822464"/>
  <node id="2604701675" lat="24.6605910" lon="121.4822760"/>
  <node id="2604701678" lat="24.6607390" lon="121.4822344"/>
  <node id="2604701694" lat="24.6610623" lon="121.4823669"/>
  <node id="2604701703" lat="24.6614052" lon="121.4823828"/>
  <node id="2604701709" lat="24.6615850" lon="121.4824668"/>
  <node id="2604701735" lat="24.6624245" lon="121.4837611"/>
  <node id="2604701714" lat="24.6617335" lon="121.4840195"/>
  <node id="2604701706" lat="24.6615120" lon="121.4842960"/>
  <node id="2604701685" lat="24.6608623" lon="121.4846885"/>
  <node id="2604701683" lat="24.6608027" lon="121.4847441"/>
  <node id="2604701681" lat="24.6607806" lon="121.4847887"/>
  <node id="2604701680" lat="24.6607607" lon="121.4848407"/>
  <node id="4134686863" lat="24.6603443" lon="121.4849005"/>
  <node id="4134686862" lat="24.6599738" lon="121.4850722"/>
  <node id="4134686861" lat="24.6588233" lon="121.4860163"/>
  <node id="4625634285" lat="24.6586831" lon="121.4863238"/>
  <node id="4134686860" lat="24.6584918" lon="121.4865527"/>
  <node id="4625634284" lat="24.6583698" lon="121.4867282"/>
  <node id="4134686859" lat="24.6583397" lon="121.4869373"/>
  <node id="4625634283" lat="24.6585746" lon="121.4870530"/>
  <node id="4134686858" lat="24.6589013" lon="121.4870677"/>
  <node id="4134686857" lat="24.6594626" lon="121.4869654"/>
  <node id="4134686856" lat="24.6597296" lon="121.4870661"/>
  <node id="4134686855" lat="24.6600128" lon="121.4869604"/>
  <node id="4625634286" lat="24.6600879" lon="121.4869642"/>
  <node id="4625634281" lat="24.6601226" lon="121.4870499"/>
  <node id="4134686854" lat="24.6600793" lon="121.4873751"/>
  <node id="4134686853" lat="24.6605003" lon="121.4875827"/>
  <node id="4625634282" lat="24.6608128" lon="121.4877565"/>
  <node id="4134686852" lat="24.6611049" lon="121.4880762"/>
  <node id="4134686851" lat="24.6615339" lon="121.4883981"/>
  <node id="4134686850" lat="24.6626649" lon="121.4886556"/>
  <node id="4134686849" lat="24.6631719" lon="121.4884839"/>
  <node id="4134686848" lat="24.6635034" lon="121.4885268"/>
  <node id="4134686847" lat="24.6639519" lon="121.4888058"/>
  <node id="4134686846" lat="24.6643029" lon="121.4889131"/>
  <node id="4134686845" lat="24.6647319" lon="121.4888273"/>
  <node id="4134686844" lat="24.6648560" lon="121.4888005"/>
  <node id="4134686843" lat="24.6651015" lon="121.4888626"/>
  <node id="4134686842" lat="24.6649659" lon="121.4889989"/>
  <node id="4134686841" lat="24.6646149" lon="121.4892349"/>
  <node id="4134686840" lat="24.6644784" lon="121.4894710"/>
  <node id="4134686839" lat="24.6641079" lon="121.4898143"/>
  <node id="4134686838" lat="24.6634215" lon="121.4904062"/>
  <node id="4134686837" lat="24.6632514" lon="121.4908239"/>
  <node id="4625634235" lat="24.6632409" lon="121.4910502"/>
  <node id="4134686836" lat="24.6632694" lon="121.4912305"/>
  <node id="4625634236" lat="24.6633429" lon="121.4915507"/>
  <node id="4134686835" lat="24.6635229" lon="121.4916167"/>
  <node id="4134686834" lat="24.6640689" lon="121.4916167"/>
  <node id="4625634237" lat="24.6642444" lon="121.4915465"/>
  <node id="4134686833" lat="24.6646053" lon="121.4913930"/>
  <node id="4134686832" lat="24.6654144" lon="121.4915309"/>
  <node id="4625634280" lat="24.6656383" lon="121.4917984"/>
  <node id="4625634279" lat="24.6659132" lon="121.4919760"/>
  <node id="4134686831" lat="24.6666774" lon="121.4919159"/>
  <node id="4625634278" lat="24.6671379" lon="121.4919216"/>
  <node id="4134686830" lat="24.6675984" lon="121.4919386"/>
  <node id="4134686829" lat="24.6680349" lon="121.4921898"/>
  <node id="4134686828" lat="24.6681924" lon="121.4922262"/>
  <node id="4134686827" lat="24.6683296" lon="121.4922607"/>
  <node id="4134686826" lat="24.6681663" lon="121.4926884"/>
  <node id="4625634277" lat="24.6679215" lon="121.4928173"/>
  <node id="4134686825" lat="24.6675594" lon="121.4929686"/>
  <node id="4625634275" lat="24.6670034" lon="121.4936023"/>
  <node id="4625634276" lat="24.6669805" lon="121.4939753"/>
  <node id="4625634274" lat="24.6667637" lon="121.4943483"/>
  <node id="4134686824" lat="24.6663251" lon="121.4945155"/>
  <node id="4625634273" lat="24.6663458" lon="121.4947922"/>
  <node id="4625634272" lat="24.6664022" lon="121.4951250"/>
  <node id="4134686823" lat="24.6659129" lon="121.4953752"/>
  <node id="4134686822" lat="24.6658869" lon="121.4961701"/>
  <node id="4625634271" lat="24.6656178" lon="121.4963749"/>
  <node id="4134686821" lat="24.6655119" lon="121.4966808"/>
  <node id="4625634269" lat="24.6652930" lon="121.4970666"/>
  <node id="4625634270" lat="24.6654437" lon="121.4973550"/>
  <node id="4134686820" lat="24.6654924" lon="121.4977107"/>
  <node id="4134686819" lat="24.6656484" lon="121.4983545"/>
  <node id="4134686818" lat="24.6659799" lon="121.4985905"/>
  <node id="4625634287" lat="24.6662327" lon="121.4983950"/>
  <node id="4134686817" lat="24.6665259" lon="121.4985476"/>
  <node id="4625634288" lat="24.6667686" lon="121.4985399"/>
  <node id="4134686816" lat="24.6670719" lon="121.4983545"/>
  <node id="4134686815" lat="24.6677073" lon="121.4984139"/>
  <node id="4134686814" lat="24.6682339" lon="121.4982902"/>
  <node id="4134686813" lat="24.6686124" lon="121.4983545"/>
  <node id="4134686812" lat="24.6685614" lon="121.4987558"/>
  <node id="4134686811" lat="24.6685149" lon="121.4990840"/>
  <node id="4134686810" lat="24.6681639" lon="121.4993844"/>
  <node id="4134686809" lat="24.6676250" lon="121.4996661"/>
  <node id="4625634266" lat="24.6672626" lon="121.4997146"/>
  <node id="4134686808" lat="24.6670157" lon="121.5000416"/>
  <node id="4134686807" lat="24.6668574" lon="121.5007148"/>
  <node id="4625634267" lat="24.6668263" lon="121.5010395"/>
  <node id="4134686806" lat="24.6666234" lon="121.5012727"/>
  <node id="4625634268" lat="24.6665908" lon="121.5015715"/>
  <node id="4134686805" lat="24.6664915" lon="121.5024176"/>
  <node id="4625634389" lat="24.6661757" lon="121.5028298"/>
  <node id="4134686804" lat="24.6663045" lon="121.5032717"/>
  <node id="4625634390" lat="24.6664871" lon="121.5035046"/>
  <node id="4134686803" lat="24.6664995" lon="121.5038991"/>
  <node id="4625634391" lat="24.6665172" lon="121.5042650"/>
  <node id="4134686802" lat="24.6666431" lon="121.5044777"/>
  <node id="4625634263" lat="24.6668591" lon="121.5043739"/>
  <node id="4625634261" lat="24.6669241" lon="121.5040258"/>
  <node id="4625634264" lat="24.6672254" lon="121.5040472"/>
  <node id="4625634262" lat="24.6674022" lon="121.5037754"/>
  <node id="4625634265" lat="24.6676368" lon="121.5037920"/>
  <node id="4134686801" lat="24.6678637" lon="121.5037965"/>
  <node id="4134686800" lat="24.6682224" lon="121.5035901"/>
  <node id="4134686799" lat="24.6687683" lon="121.5033970"/>
  <node id="4625634260" lat="24.6692026" lon="121.5032857"/>
  <node id="4134686798" lat="24.6696458" lon="121.5033112"/>
  <node id="4134686797" lat="24.6700748" lon="121.5035043"/>
  <node id="4625634259" lat="24.6704986" lon="121.5038265"/>
  <node id="4134686796" lat="24.6707181" lon="121.5044321"/>
  <node id="4134686795" lat="24.6712252" lon="121.5049205"/>
  <node id="4625634257" lat="24.6715777" lon="121.5053664"/>
  <node id="4625634258" lat="24.6717806" lon="121.5061269"/>
  <node id="4134686794" lat="24.6721790" lon="121.5065600"/>
  <node id="4134686793" lat="24.6724927" lon="121.5066800"/>
  <node id="4134686792" lat="24.6733116" lon="121.5064440"/>
  <node id="4134686791" lat="24.6737796" lon="121.5059290"/>
  <node id="4625634256" lat="24.6739693" lon="121.5058371"/>
  <node id="4134686790" lat="24.6741501" lon="121.5059505"/>
  <node id="4625634255" lat="24.6740748" lon="121.5062847"/>
  <node id="4134686789" lat="24.6741239" lon="121.5065113"/>
  <node id="4134685788" lat="24.6739356" lon="121.5071306"/>
  <node id="4134685787" lat="24.6741695" lon="121.5071521"/>
  <node id="4134685786" lat="24.6757489" lon="121.5063153"/>
  <node id="4134685785" lat="24.6760446" lon="121.5060116"/>
  <node id="5890795812" lat="24.6761874" lon="121.5060666"/>
  <node id="4625634254" lat="24.6762208" lon="121.5062086"/>
  <node id="4625634253" lat="24.6762512" lon="121.5065591"/>
  <node id="4295746854" lat="24.6762676" lon="121.5073725"/>
  <node id="4295746855" lat="24.6764431" lon="121.5080592"/>
  <node id="4295746856" lat="24.6764431" lon="121.5087673"/>
  <node id="4295746857" lat="24.6772620" lon="121.5108916"/>
  <node id="4295746858" lat="24.6774375" lon="121.5109559"/>
  <node id="4625634252" lat="24.6778000" lon="121.5106599"/>
  <node id="6551020483" lat="24.6111203" lon="121.5271312"/>
  <node id="3105374331" lat="24.6108833" lon="121.5259418"/>
  <node id="11017007936" lat="24.6109953" lon="121.5273233"/>
  <node id="11017007935" lat="24.6110666" lon="121.5272852"/>
  <node id="11017007934" lat="24.6110947" lon="121.5272642"/>
  <node id="6551020484" lat="24.6111197" lon="121.5272320"/>
  <node id="3105374332" lat="24.6110328" lon="121.5271314"/>
  <node id="11017007926" lat="24.6108578" lon="121.5258541"/>
  <node id="11017007925" lat="24.6108097" lon="121.5257789"/>
  <node id="3105374330" lat="24.6107395" lon="121.5257222"/>
  <node id="6551024685" lat="24.6106673" lon="121.5256875"/>
  <node id="11017050404" lat="24.6016533" lon="121.5151332"/>
  <node id="11017051705" lat="24.6016897" lon="121.5151938"/>
  <node id="11017051706" lat="24.6017285" lon="121.5152297"/>
  <node id="11017050373" lat="24.6023126" lon="121.5155937"/>
  <node id="8205580842" lat="24.6265814" lon="121.5409948"/>
  <node id="8205580844" lat="24.6267183" lon="121.5410912"/>
  <node id="8205580843" lat="24.6268959" lon="121.5412310"/>
  <node id="10967724542" lat="24.6269314" lon="121.5413357"/>
  <node id="10967724541" lat="24.6270112" lon="121.5414651"/>
  <node id="10967724540" lat="24.6270584" lon="121.5416137"/>
  <node id="10967724539" lat="24.6270880" lon="121.5417184"/>
  <node id="10967724538" lat="24.6271344" lon="121.5418111"/>
  <node id="8205580845" lat="24.6265649" lon="121.5413392"/>
  <node id="8205580846" lat="24.6265277" lon="121.5415559"/>
  <node id="4333481914" lat="24.6255819" lon="121.5405107"/>
  <node id="8205580878" lat="24.6254043" lon="121.5407748"/>
  <node id="4333481913" lat="24.6253085" lon="121.5409173"/>
  <node id="11019041840" lat="24.6251918" lon="121.5409565"/>
  <node id="4333481912" lat="24.6250347" lon="121.5410092"/>
  <node id="11019041714" lat="24.6249720" lon="121.5410571"/>
  <node id="4333481911" lat="24.6249361" lon="121.5411218"/>
  <node id="10967724545" lat="24.6248991" lon="121.5412451"/>
  <node id="4333481910" lat="24.6249065" lon="121.5415628"/>
  <node id="10967724543" lat="24.6249478" lon="121.5417306"/>
  <node id="4333481909" lat="24.6250312" lon="121.5419044"/>
  <node id="10967724544" lat="24.6251271" lon="121.5420780"/>
  <node id="8205580847" lat="24.6252557" lon="121.5421990"/>
  <node id="8205580875" lat="24.6257296" lon="121.5409815"/>
  <node id="8205580876" lat="24.6257049" lon="121.5410197"/>
  <node id="8205580877" lat="24.6255451" lon="121.5408866"/>
  <node id="8205580879" lat="24.6254656" lon="121.5408216"/>
  <node id="13786668708" lat="24.6254392" lon="121.5408018"/>
  <node id="13786683691" lat="24.6254030" lon="121.5409113"/>
  <node id="8205580884" lat="24.6252280" lon="121.5410424"/>
  <node id="8205580880" lat="24.6251387" lon="121.5411223"/>
  <node id="8205580881" lat="24.6250395" lon="121.5412359"/>
  <node id="13786683690" lat="24.6249986" lon="121.5413351"/>
  <node id="8205580882" lat="24.6249916" lon="121.5414407"/>
  <node id="8205580883" lat="24.6253304" lon="121.5416882"/>
  <node id="13786683588" lat="24.6255626" lon="121.5412967"/>
  <node id="8205580885" lat="24.6259897" lon="121.5416260"/>
  <node id="8205580886" lat="24.6258287" lon="121.5418871"/>
  <node id="8205580887" lat="24.6257401" lon="121.5418840"/>
  <node id="13786683594" lat="24.6256335" lon="121.5418158"/>
  <node id="8205580888" lat="24.6255456" lon="121.5417596"/>
  <node id="8916961958" lat="24.6129084" lon="121.5266893"/>
  <node id="8916961957" lat="24.6130572" lon="121.5266146"/>
  <node id="8916961954" lat="24.6132740" lon="121.5264597"/>
  <node id="3210187339" lat="24.6135205" lon="121.5263053"/>
  <node id="11017007862" lat="24.6136873" lon="121.5262906"/>
  <node id="3210187355" lat="24.6138063" lon="121.5262887"/>
  <node id="11017007861" lat="24.6141891" lon="121.5263349"/>
  <node id="4443590372" lat="24.6143097" lon="121.5263620"/>
  <node id="11017007860" lat="24.6143858" lon="121.5264053"/>
  <node id="4394333833" lat="24.6144285" lon="121.5264152"/>
  <node id="11017007859" lat="24.6144552" lon="121.5264123"/>
  <node id="11017007858" lat="24.6144753" lon="121.5263951"/>
  <node id="8916981369" lat="24.6144822" lon="121.5263670"/>
  <node id="8916981370" lat="24.6144606" lon="121.5263047"/>
  <node id="8916981371" lat="24.6144343" lon="121.5261601"/>
  <node id="11017007857" lat="24.6144182" lon="121.5261070"/>
  <node id="8916981372" lat="24.6143913" lon="121.5260723"/>
  <node id="8916981373" lat="24.6142125" lon="121.5259507"/>
  <node id="11017007856" lat="24.6141246" lon="121.5258405"/>
  <node id="8916981374" lat="24.6140483" lon="121.5257128"/>
  <node id="8916981375" lat="24.6139288" lon="121.5252857"/>
  <node id="8916981376" lat="24.6137820" lon="121.5248734"/>
  <node id="8916981377" lat="24.6137463" lon="121.5247528"/>
  <node id="11017007855" lat="24.6137416" lon="121.5246859"/>
  <node id="8916981378" lat="24.6137529" lon="121.5246556"/>
  <node id="8916981379" lat="24.6137816" lon="121.5246437"/>
  <node id="8916981380" lat="24.6138054" lon="121.5246460"/>
  <node id="8916981381" lat="24.6138372" lon="121.5246905"/>
  <node id="8916981382" lat="24.6139150" lon="121.5248384"/>
  <node id="8916981383" lat="24.6140078" lon="121.5249776"/>
  <node id="8916981384" lat="24.6141283" lon="121.5251274"/>
  <node id="8916981385" lat="24.6142363" lon="121.5253232"/>
  <node id="11017007854" lat="24.6143099" lon="121.5254313"/>
  <node id="8916981386" lat="24.6143782" lon="121.5254992"/>
  <node id="11017007853" lat="24.6144756" lon="121.5255802"/>
  <node id="8916981387" lat="24.6145385" lon="121.5256119"/>
  <node id="8916981388" lat="24.6145978" lon="121.5256109"/>
  <node id="8916981389" lat="24.6147132" lon="121.5255716"/>
  <node id="11017007831" lat="24.6147776" lon="121.5255722"/>
  <node id="8916981390" lat="24.6148399" lon="121.5256049"/>
  <node id="8916981391" lat="24.6149088" lon="121.5256897"/>
  <node id="8916981392" lat="24.6149703" lon="121.5258028"/>
  <node id="11017007852" lat="24.6146503" lon="121.5255445"/>
  <node id="11017007851" lat="24.6145678" lon="121.5255238"/>
  <node id="11017007850" lat="24.6144864" lon="121.5254882"/>
  <node id="11017007849" lat="24.6144144" lon="121.5253964"/>
  <node id="11017007848" lat="24.6143831" lon="121.5253056"/>
  <node id="11017007847" lat="24.6143851" lon="121.5252115"/>
  <node id="11017007846" lat="24.6143705" lon="121.5250817"/>
  <node id="11017007845" lat="24.6143622" lon="121.5249692"/>
  <node id="11017007844" lat="24.6143726" lon="121.5249233"/>
  <node id="11017007843" lat="24.6144290" lon="121.5248946"/>
  <node id="11017007842" lat="24.6144812" lon="121.5249026"/>
  <node id="11017007841" lat="24.6145198" lon="121.5249382"/>
  <node id="11017007840" lat="24.6145616" lon="121.5249876"/>
  <node id="11017007839" lat="24.6147380" lon="121.5250576"/>
  <node id="11017007838" lat="24.6147870" lon="121.5251127"/>
  <node id="11017007837" lat="24.6148372" lon="121.5252988"/>
  <node id="11017007836" lat="24.6148612" lon="121.5254032"/>
  <node id="11017007835" lat="24.6148831" lon="121.5254147"/>
  <node id="11017007834" lat="24.6149374" lon="121.5254159"/>
  <node id="11017007833" lat="24.6149802" lon="121.5254595"/>
  <node id="11017007832" lat="24.6150835" lon="121.5257351"/>
  <node id="8916981393" lat="24.6151882" lon="121.5259869"/>
  <node id="8916981394" lat="24.6152182" lon="121.5260156"/>
  <node id="8916981395" lat="24.6152554" lon="121.5260324"/>
  <node id="8916981396" lat="24.6153910" lon="121.5260570"/>
  <node id="11017007830" lat="24.6154375" lon="121.5260710"/>
  <node id="8916981397" lat="24.6154828" lon="121.5260917"/>
  <node id="11017007829" lat="24.6155274" lon="121.5261303"/>
  <node id="8916981398" lat="24.6155455" lon="121.5261584"/>
  <node id="11017007828" lat="24.6155709" lon="121.5262161"/>
  <node id="8916981399" lat="24.6155806" lon="121.5262733"/>
  <node id="11017007827" lat="24.6155839" lon="121.5263651"/>
  <node id="8916981400" lat="24.6155841" lon="121.5264490"/>
  <node id="11017007826" lat="24.6155930" lon="121.5264984"/>
  <node id="8916981401" lat="24.6156140" lon="121.5265425"/>
  <node id="8916981402" lat="24.6157037" lon="121.5266285"/>
  <node id="8916981403" lat="24.6157962" lon="121.5267110"/>
  <node id="11017007825" lat="24.6158589" lon="121.5267749"/>
  <node id="8916981404" lat="24.6159065" lon="121.5268348"/>
  <node id="11017007824" lat="24.6159379" lon="121.5269063"/>
  <node id="8916981405" lat="24.6159543" lon="121.5269825"/>
  <node id="8916981406" lat="24.6159583" lon="121.5270877"/>
  <node id="11017007823" lat="24.6159497" lon="121.5272127"/>
  <node id="11017007822" lat="24.6159399" lon="121.5272694"/>
  <node id="11017007808" lat="24.6158529" lon="121.5274655"/>
  <node id="3210187373" lat="24.6158501" lon="121.5275278"/>
  <node id="11017007807" lat="24.6158668" lon="121.5275821"/>
  <node id="4443590373" lat="24.6159044" lon="121.5276452"/>
  <node id="11017007806" lat="24.6159576" lon="121.5277030"/>
  <node id="3210187374" lat="24.6159977" lon="121.5277345"/>
  <node id="4443590374" lat="24.6161033" lon="121.5277739"/>
  <node id="4443560779" lat="24.6162248" lon="121.5277939"/>
  <node id="11017007805" lat="24.6162889" lon="121.5277888"/>
  <node id="11017007804" lat="24.6163314" lon="121.5277711"/>
  <node id="3210187379" lat="24.6163497" lon="121.5277515"/>
  <node id="4443590375" lat="24.6163055" lon="121.5275555"/>
  <node id="3210187381" lat="24.6162914" lon="121.5274294"/>
  <node id="3210187380" lat="24.6163018" lon="121.5273785"/>
  <node id="11017007803" lat="24.6163261" lon="121.5273532"/>
  <node id="11017007802" lat="24.6163612" lon="121.5273334"/>
  <node id="4443560780" lat="24.6163938" lon="121.5273354"/>
  <node id="11017007801" lat="24.6164260" lon="121.5273452"/>
  <node id="3210187382" lat="24.6164538" lon="121.5273677"/>
  <node id="3210187383" lat="24.6165116" lon="121.5275187"/>
  <node id="11017007799" lat="24.6165393" lon="121.5275736"/>
  <node id="11017007800" lat="24.6165719" lon="121.5275947"/>
  <node id="11017007798" lat="24.6166393" lon="121.5276078"/>
  <node id="11017007797" lat="24.6167120" lon="121.5276355"/>
  <node id="3210187386" lat="24.6167589" lon="121.5276640"/>
  <node id="11017007796" lat="24.6168442" lon="121.5277435"/>
  <node id="11017007795" lat="24.6169064" lon="121.5277863"/>
  <node id="3210187390" lat="24.6169771" lon="121.5278163"/>
  <node id="11017007794" lat="24.6171117" lon="121.5278588"/>
  <node id="11017007793" lat="24.6171849" lon="121.5278855"/>
  <node id="11017007792" lat="24.6172457" lon="121.5279324"/>
  <node id="3210187396" lat="24.6173600" lon="121.5280630"/>
  <node id="11017007789" lat="24.6175764" lon="121.5283620"/>
  <node id="11017007791" lat="24.6176514" lon="121.5284434"/>
  <node id="11017007790" lat="24.6177394" lon="121.5285183"/>
  <node id="3210187398" lat="24.6177750" lon="121.5285345"/>
  <node id="4443560794" lat="24.6178093" lon="121.5285391"/>
  <node id="3210187406" lat="24.6178292" lon="121.5285275"/>
  <node id="4443560797" lat="24.6178421" lon="121.5285010"/>
  <node id="3210187408" lat="24.6178410" lon="121.5284677"/>
  <node id="4443560799" lat="24.6178201" lon="121.5284155"/>
  <node id="3210187407" lat="24.6177300" lon="121.5283134"/>
  <node id="3210187402" lat="24.6176996" lon="121.5282604"/>
  <node id="11017007788" lat="24.6176847" lon="121.5282133"/>
  <node id="11017007787" lat="24.6176857" lon="121.5281543"/>
  <node id="11017007786" lat="24.6176994" lon="121.5281128"/>
  <node id="11017007785" lat="24.6177238" lon="121.5280886"/>
  <node id="3210187401" lat="24.6177610" lon="121.5280801"/>
  <node id="4443560795" lat="24.6178018" lon="121.5280845"/>
  <node id="3210187404" lat="24.6178493" lon="121.5280963"/>
  <node id="4443560798" lat="24.6178860" lon="121.5281145"/>
  <node id="3210187410" lat="24.6179987" lon="121.5281794"/>
  <node id="11017007784" lat="24.6180383" lon="121.5282076"/>
  <node id="3210187414" lat="24.6180909" lon="121.5282669"/>
  <node id="3210187416" lat="24.6181554" lon="121.5283573"/>
  <node id="9526949891" lat="24.6013056" lon="121.5085943"/>
  <node id="9049852468" lat="24.6013130" lon="121.5085618"/>
  <node id="9049852470" lat="24.6015030" lon="121.5082215"/>
  <node id="9049852471" lat="24.6016328" lon="121.5079835"/>
  <node id="9049852472" lat="24.6017296" lon="121.5078210"/>
  <node id="9049852473" lat="24.6018468" lon="121.5076782"/>
  <node id="9526949893" lat="24.6019325" lon="121.5076256"/>
  <node id="9049852474" lat="24.6020047" lon="121.5075941"/>
  <node id="9526949894" lat="24.6020634" lon="121.5075751"/>
  <node id="9049852475" lat="24.6022165" lon="121.5075205"/>
  <node id="9049852476" lat="24.6024020" lon="121.5074771"/>
  <node id="9049852477" lat="24.6024892" lon="121.5074679"/>
  <node id="9049852478" lat="24.6026684" lon="121.5074615"/>
  <node id="9049852479" lat="24.6027636" lon="121.5074597"/>
  <node id="9049852507" lat="24.6014513" lon="121.5090155"/>
  <node id="9049852464" lat="24.6014437" lon="121.5089915"/>
  <node id="9049852465" lat="24.6013974" lon="121.5088535"/>
  <node id="9526949890" lat="24.6013153" lon="121.5086305"/>
  <node id="9526949906" lat="24.6014960" lon="121.5091562"/>
  <node id="9049852508" lat="24.6014796" lon="121.5091048"/>
  <node id="11033497577" lat="24.6255407" lon="121.5578757"/>
  <node id="9050325252" lat="24.6254926" lon="121.5578672"/>
  <node id="11033497576" lat="24.6253787" lon="121.5577858"/>
  <node id="9050325253" lat="24.6253071" lon="121.5577441"/>
  <node id="11033497575" lat="24.6252280" lon="121.5577319"/>
  <node id="9050325254" lat="24.6251754" lon="121.5577392"/>
  <node id="9050325255" lat="24.6251264" lon="121.5577619"/>
  <node id="9050325256" lat="24.6250880" lon="121.5578096"/>
  <node id="11033497578" lat="24.6250585" lon="121.5578811"/>
  <node id="11033497579" lat="24.6250297" lon="121.5579169"/>
  <node id="9050325257" lat="24.6249974" lon="121.5579343"/>
  <node id="11033497580" lat="24.6249517" lon="121.5579309"/>
  <node id="11033497581" lat="24.6249032" lon="121.5579205"/>
  <node id="9050325258" lat="24.6248583" lon="121.5578849"/>
  <node id="9050325259" lat="24.6246556" lon="121.5575413"/>
  <node id="9050325260" lat="24.6244325" lon="121.5572598"/>
  <node id="9050325261" lat="24.6243341" lon="121.5571678"/>
  <node id="9050325262" lat="24.6242701" lon="121.5570667"/>
  <node id="9050325263" lat="24.6242701" lon="121.5570252"/>
  <node id="9050325264" lat="24.6243013" lon="121.5570198"/>
  <node id="9050325265" lat="24.6243275" lon="121.5570516"/>
  <node id="9050325266" lat="24.6243827" lon="121.5571191"/>
  <node id="11033497582" lat="24.6244252" lon="121.5571336"/>
  <node id="9050325267" lat="24.6244572" lon="121.5571229"/>
  <node id="9050325268" lat="24.6244609" lon="121.5570873"/>
  <node id="9050325269" lat="24.6244323" lon="121.5570463"/>
  <node id="9050325270" lat="24.6243729" lon="121.5569800"/>
  <node id="9050325271" lat="24.6242322" lon="121.5568016"/>
  <node id="9050325272" lat="24.6241699" lon="121.5566338"/>
  <node id="9050325273" lat="24.6241699" lon="121.5565273"/>
  <node id="11033497584" lat="24.6242027" lon="121.5564836"/>
  <node id="9050325274" lat="24.6242355" lon="121.5564515"/>
  <node id="11033497583" lat="24.6242720" lon="121.5564320"/>
  <node id="9050325275" lat="24.6242962" lon="121.5564028"/>
  <node id="9050325276" lat="24.6243159" lon="121.5563252"/>
  <node id="9050325277" lat="24.6243109" lon="121.5562458"/>
  <node id="11033497585" lat="24.6242785" lon="121.5560682"/>
  <node id="9050325278" lat="24.6242585" lon="121.5559120"/>
  <node id="11033497586" lat="24.6242337" lon="121.5558083"/>
  <node id="11033497587" lat="24.6242274" lon="121.5557380"/>
  <node id="9050325279" lat="24.6242326" lon="121.5556318"/>
  <node id="11033497588" lat="24.6242339" lon="121.5555446"/>
  <node id="9050325280" lat="24.6242158" lon="121.5554826"/>
  <node id="11033497589" lat="24.6241567" lon="121.5553981"/>
  <node id="9050325281" lat="24.6240747" lon="121.5553310"/>
  <node id="11033497590" lat="24.6240001" lon="121.5552636"/>
  <node id="9050325282" lat="24.6239255" lon="121.5552155"/>
  <node id="9050325283" lat="24.6235515" lon="121.5551109"/>
  <node id="9050325284" lat="24.6232579" lon="121.5549882"/>
  <node id="9050325285" lat="24.6231250" lon="121.5549647"/>
  <node id="9050325286" lat="24.6227920" lon="121.5550513"/>
  <node id="9050325287" lat="24.6225722" lon="121.5551000"/>
  <node id="9050325288" lat="24.6224131" lon="121.5550766"/>
  <node id="9050325289" lat="24.6221376" lon="121.5548565"/>
  <node id="9050325290" lat="24.6219735" lon="121.5546598"/>
  <node id="9050325291" lat="24.6218735" lon="121.5546381"/>
  <node id="9050325292" lat="24.6217685" lon="121.5546670"/>
  <node id="9050325293" lat="24.6216914" lon="121.5547410"/>
  <node id="9050325294" lat="24.6215995" lon="121.5549250"/>
  <node id="9050325295" lat="24.6216080" lon="121.5550385"/>
  <node id="9050325299" lat="24.6216041" lon="121.5551083"/>
  <node id="9050325296" lat="24.6215536" lon="121.5552336"/>
  <node id="9050325297" lat="24.6214585" lon="121.5553400"/>
  <node id="9161692760" lat="24.6222917" lon="121.5380137"/>
  <node id="9161692759" lat="24.6223801" lon="121.5380325"/>
  <node id="9161692758" lat="24.6224998" lon="121.5380573"/>
  <node id="11018952322" lat="24.6227983" lon="121.5382430"/>
  <node id="9161692757" lat="24.6234987" lon="121.5386788"/>
  <node id="9161692756" lat="24.6235890" lon="121.5387533"/>
  <node id="9161692755" lat="24.6237341" lon="121.5385721"/>
  <node id="9161692754" lat="24.6237763" lon="121.5385417"/>
  <node id="9161692753" lat="24.6238835" lon="121.5385374"/>
  <node id="9161692752" lat="24.6239506" lon="121.5385656"/>
  <node id="9161692751" lat="24.6240140" lon="121.5386085"/>
  <node id="9161692750" lat="24.6243675" lon="121.5389036"/>
  <node id="9161692749" lat="24.6243992" lon="121.5389921"/>
  <node id="11018952362" lat="24.6244999" lon="121.5391626"/>
  <node id="9161692748" lat="24.6246772" lon="121.5394628"/>
  <node id="9161692747" lat="24.6248893" lon="121.5397552"/>
  <node id="4295748323" lat="24.6310513" lon="121.5193736"/>
  <node id="9161692815" lat="24.6310459" lon="121.5195296"/>
  <node id="9161692816" lat="24.6310136" lon="121.5197339"/>
  <node id="4295748322" lat="24.6308942" lon="121.5203307"/>
  <node id="9161720332" lat="24.6233570" lon="121.5237742"/>
  <node id="9161720314" lat="24.6233488" lon="121.5238655"/>
  <node id="9161720313" lat="24.6233757" lon="121.5240705"/>
  <node id="9161720312" lat="24.6234715" lon="121.5243385"/>
  <node id="9161720311" lat="24.6235282" lon="121.5244471"/>
  <node id="9161720310" lat="24.6235745" lon="121.5246356"/>
  <node id="9161720309" lat="24.6235629" lon="121.5248347"/>
  <node id="9161720308" lat="24.6235410" lon="121.5249500"/>
  <node id="9161720307" lat="24.6235367" lon="121.5251566"/>
  <node id="9161720306" lat="24.6235623" lon="121.5252511"/>
  <node id="9161720316" lat="24.6235861" lon="121.5252900"/>
  <node id="9161720369" lat="24.6232198" lon="121.5233732"/>
  <node id="9161720335" lat="24.6232752" lon="121.5234755"/>
  <node id="9161720334" lat="24.6233128" lon="121.5236429"/>
  <node id="11017007717" lat="24.6233155" lon="121.5237075"/>
  <node id="9161720333" lat="24.6233252" lon="121.5237558"/>
  <node id="11017007718" lat="24.6233411" lon="121.5237717"/>
  <node id="9161720331" lat="24.6233759" lon="121.5237550"/>
  <node id="11017007719" lat="24.6233911" lon="121.5237019"/>
  <node id="9161720330" lat="24.6234123" lon="121.5235847"/>
  <node id="11017007720" lat="24.6234608" lon="121.5234847"/>
  <node id="9161720329" lat="24.6235476" lon="121.5233406"/>
  <node id="9161720328" lat="24.6236385" lon="121.5231322"/>
  <node id="11017007721" lat="24.6236717" lon="121.5230634"/>
  <node id="9161720327" lat="24.6237179" lon="121.5230176"/>
  <node id="11017007722" lat="24.6237747" lon="121.5229929"/>
  <node id="9161720326" lat="24.6238036" lon="121.5229911"/>
  <node id="9161720325" lat="24.6238298" lon="121.5230133"/>
  <node id="9161720324" lat="24.6238448" lon="121.5230534"/>
  <node id="9161720323" lat="24.6238315" lon="121.5234203"/>
  <node id="9161720322" lat="24.6237811" lon="121.5239100"/>
  <node id="11017007723" lat="24.6237788" lon="121.5240377"/>
  <node id="9161720321" lat="24.6238043" lon="121.5241501"/>
  <node id="9161720320" lat="24.6238543" lon="121.5243566"/>
  <node id="9161720319" lat="24.6237420" lon="121.5247609"/>
  <node id="9161720318" lat="24.6236763" lon="121.5249583"/>
  <node id="9161720317" lat="24.6235995" lon="121.5252297"/>
  <node id="9161720315" lat="24.6236190" lon="121.5254268"/>
  <node id="9161720357" lat="24.6224790" lon="121.5254078"/>
  <node id="9161720356" lat="24.6224045" lon="121.5256087"/>
  <node id="11017007693" lat="24.6223838" lon="121.5257223"/>
  <node id="11017007694" lat="24.6223466" lon="121.5258203"/>
  <node id="9161720355" lat="24.6223136" lon="121.5258694"/>
  <node id="9161720354" lat="24.6222575" lon="121.5259209"/>
  <node id="9161720353" lat="24.6221365" lon="121.5259945"/>
  <node id="9161720352" lat="24.6221023" lon="121.5260285"/>
  <node id="9161720351" lat="24.6220558" lon="121.5260979"/>
  <node id="9161720350" lat="24.6220034" lon="121.5262407"/>
  <node id="11017007695" lat="24.6219713" lon="121.5263691"/>
  <node id="11017007696" lat="24.6219805" lon="121.5264449"/>
  <node id="9161720349" lat="24.6220522" lon="121.5266640"/>
  <node id="9161720348" lat="24.6220879" lon="121.5267192"/>
  <node id="9161720347" lat="24.6221287" lon="121.5267705"/>
  <node id="9161720346" lat="24.6221694" lon="121.5268443"/>
  <node id="9161720345" lat="24.6222428" lon="121.5270048"/>
  <node id="11017007710" lat="24.6222637" lon="121.5270702"/>
  <node id="9161720344" lat="24.6222794" lon="121.5270859"/>
  <node id="9161720343" lat="24.6222976" lon="121.5270734"/>
  <node id="11017007697" lat="24.6223116" lon="121.5269815"/>
  <node id="9161720342" lat="24.6222925" lon="121.5267652"/>
  <node id="11017007711" lat="24.6222796" lon="121.5266841"/>
  <node id="11017007712" lat="24.6222774" lon="121.5266149"/>
  <node id="9161720341" lat="24.6222944" lon="121.5264855"/>
  <node id="9161720340" lat="24.6223273" lon="121.5264262"/>
  <node id="11017007713" lat="24.6224205" lon="121.5263066"/>
  <node id="9161720339" lat="24.6225034" lon="121.5262176"/>
  <node id="9161720338" lat="24.6225736" lon="121.5261523"/>
  <node id="9161720337" lat="24.6226620" lon="121.5260855"/>
  <node id="9161720336" lat="24.6227133" lon="121.5260375"/>
  <node id="11017007714" lat="24.6227356" lon="121.5260043"/>
  <node id="11017007715" lat="24.6227443" lon="121.5259555"/>
  <node id="11017007716" lat="24.6227399" lon="121.5259125"/>
  <node id="9161720385" lat="24.6235277" lon="121.5217262"/>
  <node id="9161720384" lat="24.6236362" lon="121.5219112"/>
  <node id="9161720383" lat="24.6237202" lon="121.5221572"/>
  <node id="9161720382" lat="24.6238185" lon="121.5223235"/>
  <node id="9161720381" lat="24.6239090" lon="121.5224196"/>
  <node id="11017007681" lat="24.6239847" lon="121.5224927"/>
  <node id="9161720380" lat="24.6240248" lon="121.5225515"/>
  <node id="11017007682" lat="24.6240435" lon="121.5225890"/>
  <node id="9161720379" lat="24.6240448" lon="121.5226280"/>
  <node id="9161720378" lat="24.6240290" lon="121.5226591"/>
  <node id="11017007683" lat="24.6240030" lon="121.5226764"/>
  <node id="9161720377" lat="24.6239104" lon="121.5226936"/>
  <node id="9161720376" lat="24.6238262" lon="121.5226856"/>
  <node id="9161720375" lat="24.6236007" lon="121.5226480"/>
  <node id="9161720374" lat="24.6235483" lon="121.5226762"/>
  <node id="9161720373" lat="24.6233203" lon="121.5228707"/>
  <node id="9161720372" lat="24.6232106" lon="121.5229069"/>
  <node id="9161720371" lat="24.6231690" lon="121.5229425"/>
  <node id="11017007684" lat="24.6231510" lon="121.5230014"/>
  <node id="9161720370" lat="24.6231505" lon="121.5231023"/>
  <node id="11017007685" lat="24.6231786" lon="121.5232463"/>
  <node id="11017007686" lat="24.6232251" lon="121.5234509"/>
  <node id="9161720368" lat="24.6232017" lon="121.5235535"/>
  <node id="9161720367" lat="24.6231324" lon="121.5237305"/>
  <node id="9161720366" lat="24.6230641" lon="121.5239005"/>
  <node id="11017007687" lat="24.6230499" lon="121.5240266"/>
  <node id="9161720365" lat="24.6230653" lon="121.5242101"/>
  <node id="9161720364" lat="24.6230784" lon="121.5242887"/>
  <node id="11017007688" lat="24.6230796" lon="121.5244171"/>
  <node id="9161720363" lat="24.6230365" lon="121.5247243"/>
  <node id="11017007689" lat="24.6230068" lon="121.5248089"/>
  <node id="9161720362" lat="24.6229736" lon="121.5248638"/>
  <node id="11017007690" lat="24.6229360" lon="121.5248951"/>
  <node id="9161720361" lat="24.6228271" lon="121.5249284"/>
  <node id="11017007691" lat="24.6227884" lon="121.5249773"/>
  <node id="9161720360" lat="24.6227462" lon="121.5250923"/>
  <node id="11017007692" lat="24.6227106" lon="121.5251238"/>
  <node id="9161720359" lat="24.6225959" lon="121.5251677"/>
  <node id="9161720358" lat="24.6225500" lon="121.5252218"/>
  <node id="9161720415" lat="24.6249478" lon="121.5252672"/>
  <node id="9161720414" lat="24.6249966" lon="121.5254791"/>
  <node id="9161720413" lat="24.6250966" lon="121.5257554"/>
  <node id="9161720412" lat="24.6254282" lon="121.5260169"/>
  <node id="9161720422" lat="24.6267558" lon="121.5243056"/>
  <node id="9161720423" lat="24.6266523" lon="121.5240682"/>
  <node id="9161720424" lat="24.6266851" lon="121.5238966"/>
  <node id="11016969309" lat="24.6267159" lon="121.5238158"/>
  <node id="9161720425" lat="24.6267604" lon="121.5237257"/>
  <node id="9161720426" lat="24.6267741" lon="121.5236056"/>
  <node id="9161720427" lat="24.6268899" lon="121.5234728"/>
  <node id="11016969310" lat="24.6269769" lon="121.5233106"/>
  <node id="9161720428" lat="24.6270618" lon="121.5231255"/>
  <node id="9161720429" lat="24.6271714" lon="121.5225363"/>
  <node id="9161720430" lat="24.6271898" lon="121.5223865"/>
  <node id="9161720431" lat="24.6272100" lon="121.5223618"/>
  <node id="9161720432" lat="24.6272429" lon="121.5223476"/>
  <node id="11016969311" lat="24.6273752" lon="121.5223893"/>
  <node id="9161720433" lat="24.6274427" lon="121.5223931"/>
  <node id="11016969312" lat="24.6274984" lon="121.5223623"/>
  <node id="9161720434" lat="24.6275896" lon="121.5222305"/>
  <node id="9161720435" lat="24.6276251" lon="121.5221568"/>
  <node id="9161720436" lat="24.6276573" lon="121.5221380"/>
  <node id="9161720437" lat="24.6277198" lon="121.5221311"/>
  <node id="11016969313" lat="24.6279127" lon="121.5221626"/>
  <node id="11016969314" lat="24.6279601" lon="121.5221611"/>
  <node id="11016969315" lat="24.6279895" lon="121.5221466"/>
  <node id="11016969316" lat="24.6280078" lon="121.5221290"/>
  <node id="11016969317" lat="24.6280327" lon="121.5220662"/>
  <node id="11016969318" lat="24.6280879" lon="121.5219568"/>
  <node id="11016969319" lat="24.6281291" lon="121.5219365"/>
  <node id="11016969320" lat="24.6281591" lon="121.5219447"/>
  <node id="11016969321" lat="24.6281751" lon="121.5219672"/>
  <node id="11016969322" lat="24.6281831" lon="121.5220198"/>
  <node id="9161720438" lat="24.6281097" lon="121.5222790"/>
  <node id="9161720439" lat="24.6280985" lon="121.5223651"/>
  <node id="11016969323" lat="24.6280951" lon="121.5224471"/>
  <node id="9161720440" lat="24.6280814" lon="121.5225130"/>
  <node id="9161720441" lat="24.6280468" lon="121.5225671"/>
  <node id="11016969324" lat="24.6280003" lon="121.5226396"/>
  <node id="9161720442" lat="24.6279852" lon="121.5226971"/>
  <node id="11016969325" lat="24.6279724" lon="121.5227982"/>
  <node id="9161720443" lat="24.6279753" lon="121.5229026"/>
  <node id="11016969326" lat="24.6280036" lon="121.5230274"/>
  <node id="9161720444" lat="24.6280590" lon="121.5231453"/>
  <node id="9161720446" lat="24.6281103" lon="121.5232059"/>
  <node id="9161720445" lat="24.6281919" lon="121.5232690"/>
  <node id="9161712322" lat="24.6282548" lon="121.5233910"/>
  <node id="11016969331" lat="24.6282893" lon="121.5234745"/>
  <node id="9526949848" lat="24.6004692" lon="121.5107738"/>
  <node id="9526949849" lat="24.6004269" lon="121.5107558"/>
  <node id="9526949850" lat="24.6004000" lon="121.5107505"/>
  <node id="9526949851" lat="24.6003722" lon="121.5107505"/>
  <node id="9526949852" lat="24.6003366" lon="121.5107579"/>
  <node id="9526949853" lat="24.6001445" lon="121.5108741"/>
  <node id="9526949854" lat="24.6001262" lon="121.5108752"/>
  <node id="9526949855" lat="24.6001041" lon="121.5108667"/>
  <node id="9049852467" lat="24.6011155" lon="121.5089778"/>
  <node id="9049852469" lat="24.6011038" lon="121.5089518"/>
  <node id="9526949889" lat="24.6011157" lon="121.5089121"/>
  <node id="9526949892" lat="24.6012866" lon="121.5086190"/>
  <node id="11016906364" lat="24.6215294" lon="121.5361362"/>
  <node id="6551870632" lat="24.6215373" lon="121.5358781"/>
  <node id="11016906365" lat="24.6215566" lon="121.5357564"/>
  <node id="4333481744" lat="24.6216031" lon="121.5356692"/>
  <node id="4333481743" lat="24.6216912" lon="121.5356221"/>
  <node id="6551870631" lat="24.6217259" lon="121.5356186"/>
  <node id="6551870630" lat="24.6217602" lon="121.5356481"/>
  <node id="11016906366" lat="24.6217802" lon="121.5357274"/>
  <node id="4333481742" lat="24.6217792" lon="121.5358488"/>
  <node id="4333481741" lat="24.6217318" lon="121.5363841"/>
  <node id="11016906367" lat="24.6217504" lon="121.5365433"/>
  <node id="11016906368" lat="24.6217712" lon="121.5366357"/>
  <node id="4333481740" lat="24.6218290" lon="121.5367384"/>
  <node id="11016906369" lat="24.6218750" lon="121.5367816"/>
  <node id="4333481739" lat="24.6219441" lon="121.5368088"/>
  <node id="4333481738" lat="24.6223302" lon="121.5367734"/>
  <node id="4333481737" lat="24.6226648" lon="121.5367522"/>
  <node id="4333481736" lat="24.6228321" lon="121.5366601"/>
  <node id="4333481735" lat="24.6234617" lon="121.5366370"/>
  <node id="11016906380" lat="24.6235549" lon="121.5366677"/>
  <node id="6551870628" lat="24.6236116" lon="121.5367062"/>
  <node id="4333481734" lat="24.6238569" lon="121.5369580"/>
  <node id="11016906370" lat="24.6240310" lon="121.5370885"/>
  <node id="4333481733" lat="24.6243632" lon="121.5372647"/>
  <node id="11016906371" lat="24.6244052" lon="121.5372697"/>
  <node id="11016906372" lat="24.6244328" lon="121.5372595"/>
  <node id="6551870629" lat="24.6244422" lon="121.5372365"/>
  <node id="11016906373" lat="24.6244318" lon="121.5372082"/>
  <node id="4333481732" lat="24.6243997" lon="121.5371751"/>
  <node id="11016906374" lat="24.6241513" lon="121.5370054"/>
  <node id="4333481731" lat="24.6239830" lon="121.5368726"/>
  <node id="11016906375" lat="24.6239082" lon="121.5367792"/>
  <node id="6551870627" lat="24.6238507" lon="121.5366747"/>
  <node id="11016906376" lat="24.6237991" lon="121.5365684"/>
  <node id="6551870626" lat="24.6237592" lon="121.5364901"/>
  <node id="11016906377" lat="24.6237325" lon="121.5364668"/>
  <node id="4333481730" lat="24.6236935" lon="121.5364515"/>
  <node id="6551870625" lat="24.6234289" lon="121.5364410"/>
  <node id="4333481729" lat="24.6231667" lon="121.5363558"/>
  <node id="6551870624" lat="24.6228367" lon="121.5362468"/>
  <node id="11016906378" lat="24.6227441" lon="121.5361876"/>
  <node id="11016906379" lat="24.6227108" lon="121.5361524"/>
  <node id="4333481728" lat="24.6226871" lon="121.5361151"/>
  <node id="4333481727" lat="24.6226716" lon="121.5360727"/>
  <node id="6551870623" lat="24.6226714" lon="121.5360065"/>
  <node id="6551870622" lat="24.6226830" lon="121.5359583"/>
  <node id="4333481726" lat="24.6227164" lon="121.5359064"/>
  <node id="6551870621" lat="24.6227959" lon="121.5358494"/>
  <node id="4333481725" lat="24.6228653" lon="121.5358275"/>
  <node id="11016906382" lat="24.6230152" lon="121.5357921"/>
  <node id="11016906381" lat="24.6231410" lon="121.5357544"/>
  <node id="6551870605" lat="24.6232235" lon="121.5356973"/>
  <node id="6551870619" lat="24.6233541" lon="121.5354011"/>
  <node id="11016906385" lat="24.6235004" lon="121.5350606"/>
  <node id="11016906384" lat="24.6235674" lon="121.5349611"/>
  <node id="11016969262" lat="24.6302204" lon="121.5289512"/>
  <node id="11016969263" lat="24.6302115" lon="121.5288654"/>
  <node id="4333481782" lat="24.6302166" lon="121.5287776"/>
  <node id="11016969264" lat="24.6305621" lon="121.5278678"/>
  <node id="4333481781" lat="24.6305654" lon="121.5278050"/>
  <node id="11016969265" lat="24.6305527" lon="121.5277415"/>
  <node id="11016969266" lat="24.6305281" lon="121.5276973"/>
  <node id="4333481780" lat="24.6304678" lon="121.5276512"/>
  <node id="11016969267" lat="24.6301246" lon="121.5275379"/>
  <node id="11016969268" lat="24.6300842" lon="121.5275156"/>
  <node id="4333481779" lat="24.6300595" lon="121.5274828"/>
  <node id="11016969269" lat="24.6300189" lon="121.5273972"/>
  <node id="11016969270" lat="24.6299820" lon="121.5272922"/>
  <node id="4333481778" lat="24.6299652" lon="121.5271461"/>
  <node id="4333481777" lat="24.6301046" lon="121.5268735"/>
  <node id="11016969271" lat="24.6301133" lon="121.5267578"/>
  <node id="11016969272" lat="24.6301020" lon="121.5266340"/>
  <node id="11016969273" lat="24.6301111" lon="121.5265539"/>
  <node id="4333481776" lat="24.6301263" lon="121.5264499"/>
  <node id="11016969274" lat="24.6301090" lon="121.5263307"/>
  <node id="4333481775" lat="24.6299960" lon="121.5260671"/>
  <node id="11016969275" lat="24.6298759" lon="121.5256417"/>
  <node id="11016969276" lat="24.6298445" lon="121.5254740"/>
  <node id="4333481774" lat="24.6298357" lon="121.5253885"/>
  <node id="11016969277" lat="24.6298560" lon="121.5253210"/>
  <node id="11016969278" lat="24.6299061" lon="121.5252558"/>
  <node id="4333481773" lat="24.6300205" lon="121.5251790"/>
  <node id="4333481772" lat="24.6307319" lon="121.5248462"/>
  <node id="11016969279" lat="24.6308035" lon="121.5248478"/>
  <node id="4333481771" lat="24.6308769" lon="121.5248839"/>
  <node id="11016969280" lat="24.6309056" lon="121.5249114"/>
  <node id="4333481770" lat="24.6309448" lon="121.5249140"/>
  <node id="11016969281" lat="24.6309779" lon="121.5248919"/>
  <node id="4333481769" lat="24.6310223" lon="121.5248373"/>
  <node id="4333481768" lat="24.6311169" lon="121.5246067"/>
  <node id="11016969282" lat="24.6311031" lon="121.5245366"/>
  <node id="11016969283" lat="24.6310383" lon="121.5244342"/>
  <node id="4333481767" lat="24.6309701" lon="121.5243414"/>
  <node id="11016969284" lat="24.6309673" lon="121.5242640"/>
  <node id="11016969285" lat="24.6310319" lon="121.5240800"/>
  <node id="11016969286" lat="24.6310608" lon="121.5239756"/>
  <node id="11016969288" lat="24.6310713" lon="121.5239176"/>
  <node id="4333481766" lat="24.6310644" lon="121.5238788"/>
  <node id="11016969287" lat="24.6310367" lon="121.5238641"/>
  <node id="11016969289" lat="24.6309363" lon="121.5238741"/>
  <node id="4333481765" lat="24.6307074" lon="121.5239421"/>
  <node id="11016969290" lat="24.6306568" lon="121.5239930"/>
  <node id="4333481764" lat="24.6305975" lon="121.5240821"/>
  <node id="11016969291" lat="24.6305652" lon="121.5241025"/>
  <node id="11016969292" lat="24.6304170" lon="121.5241290"/>
  <node id="4333481763" lat="24.6302435" lon="121.5241306"/>
  <node id="4333481762" lat="24.6299813" lon="121.5240390"/>
  <node id="11016969293" lat="24.6299404" lon="121.5240491"/>
  <node id="4333481761" lat="24.6299029" lon="121.5240821"/>
  <node id="11016969294" lat="24.6298588" lon="121.5241615"/>
  <node id="4333481760" lat="24.6298057" lon="121.5241959"/>
  <node id="11016969295" lat="24.6294272" lon="121.5242751"/>
  <node id="4333481759" lat="24.6293493" lon="121.5242667"/>
  <node id="11016969296" lat="24.6293037" lon="121.5242391"/>
  <node id="4333481758" lat="24.6290052" lon="121.5238879"/>
  <node id="11016969297" lat="24.6288105" lon="121.5237151"/>
  <node id="4295748336" lat="24.6288143" lon="121.5236547"/>
  <node id="9161692792" lat="24.6287978" lon="121.5235855"/>
  <node id="9161692793" lat="24.6287515" lon="121.5235117"/>
  <node id="11016969298" lat="24.6286643" lon="121.5234430"/>
  <node id="9161692794" lat="24.6285833" lon="121.5233789"/>
  <node id="11016969299" lat="24.6285497" lon="121.5233105"/>
  <node id="9161692795" lat="24.6285369" lon="121.5232421"/>
  <node id="4295748335" lat="24.6285307" lon="121.5230512"/>
  <node id="9161692796" lat="24.6285016" lon="121.5228572"/>
  <node id="9161692797" lat="24.6284937" lon="121.5227801"/>
  <node id="4295748334" lat="24.6285081" lon="121.5226957"/>
  <node id="11016969300" lat="24.6285537" lon="121.5226299"/>
  <node id="9161692798" lat="24.6286829" lon="121.5225572"/>
  <node id="9161692799" lat="24.6287110" lon="121.5225131"/>
  <node id="9161692800" lat="24.6287428" lon="121.5222890"/>
  <node id="9161692801" lat="24.6287759" lon="121.5222038"/>
  <node id="9161692802" lat="24.6288350" lon="121.5221611"/>
  <node id="4295748333" lat="24.6289669" lon="121.5221159"/>
  <node id="9161692803" lat="24.6290764" lon="121.5220677"/>
  <node id="9161692804" lat="24.6292714" lon="121.5218411"/>
  <node id="4295748332" lat="24.6294877" lon="121.5216749"/>
  <node id="11016969301" lat="24.6296199" lon="121.5216009"/>
  <node id="4295748331" lat="24.6296571" lon="121.5215614"/>
  <node id="4295748330" lat="24.6296756" lon="121.5215150"/>
  <node id="9161692805" lat="24.6296963" lon="121.5214035"/>
  <node id="11016969302" lat="24.6296861" lon="121.5212738"/>
  <node id="9161692806" lat="24.6296634" lon="121.5211165"/>
  <node id="11016969303" lat="24.6296685" lon="121.5210323"/>
  <node id="9161692807" lat="24.6296841" lon="121.5209666"/>
  <node id="4295748329" lat="24.6297154" lon="121.5209143"/>
  <node id="9161692808" lat="24.6298161" lon="121.5208209"/>
  <node id="9161692811" lat="24.6298907" lon="121.5207311"/>
  <node id="11016969304" lat="24.6299258" lon="121.5206368"/>
  <node id="9161692810" lat="24.6299630" lon="121.5205253"/>
  <node id="9161692809" lat="24.6300318" lon="121.5204068"/>
  <node id="4295748328" lat="24.6301077" lon="121.5203264"/>
  <node id="11016969305" lat="24.6301993" lon="121.5203062"/>
  <node id="9161692812" lat="24.6303609" lon="121.5202941"/>
  <node id="4295748327" lat="24.6304096" lon="121.5202787"/>
  <node id="11016969306" lat="24.6304630" lon="121.5202412"/>
  <node id="9161692813" lat="24.6304830" lon="121.5201854"/>
  <node id="11018847265" lat="24.6304863" lon="121.5200599"/>
  <node id="9161692814" lat="24.6304816" lon="121.5197528"/>
  <node id="11016969307" lat="24.6304937" lon="121.5196561"/>
  <node id="4295748326" lat="24.6305163" lon="121.5195847"/>
  <node id="4295748325" lat="24.6305948" lon="121.5195154"/>
  <node id="4295748324" lat="24.6309762" lon="121.5193520"/>
  <node id="11016969308" lat="24.6310138" lon="121.5193525"/>
  <node id="10967724537" lat="24.6267948" lon="121.5408515"/>
  <node id="10967724536" lat="24.6266235" lon="121.5405987"/>
  <node id="10967724535" lat="24.6263968" lon="121.5402795"/>
  <node id="10967724534" lat="24.6264102" lon="121.5399872"/>
  <node id="10967724533" lat="24.6264474" lon="121.5399510"/>
  <node id="10967724532" lat="24.6271045" lon="121.5395848"/>
  <node id="10967724531" lat="24.6272837" lon="121.5395124"/>
  <node id="10967724530" lat="24.6274074" lon="121.5393542"/>
  <node id="10967724529" lat="24.6275933" lon="121.5392281"/>
  <node id="10967724528" lat="24.6276994" lon="121.5390933"/>
  <node id="10967724527" lat="24.6277549" lon="121.5389713"/>
  <node id="10967724526" lat="24.6278134" lon="121.5388218"/>
  <node id="10967724525" lat="24.6278518" lon="121.5387648"/>
  <node id="10967724524" lat="24.6279207" lon="121.5386964"/>
  <node id="10967724523" lat="24.6280365" lon="121.5385368"/>
  <node id="10967724522" lat="24.6282419" lon="121.5383846"/>
  <node id="10967724521" lat="24.6283077" lon="121.5383591"/>
  <node id="10967724520" lat="24.6285126" lon="121.5383202"/>
  <node id="10967724519" lat="24.6286503" lon="121.5382753"/>
  <node id="10967724518" lat="24.6288320" lon="121.5381727"/>
  <node id="10967724517" lat="24.6289301" lon="121.5380835"/>
  <node id="10967724516" lat="24.6290849" lon="121.5380104"/>
  <node id="10967724515" lat="24.6292013" lon="121.5379125"/>
  <node id="10967724514" lat="24.6294385" lon="121.5375926"/>
  <node id="10967724513" lat="24.6295555" lon="121.5374230"/>
  <node id="10967724512" lat="24.6297384" lon="121.5372399"/>
  <node id="10967724511" lat="24.6299413" lon="121.5368094"/>
  <node id="10967724510" lat="24.6299907" lon="121.5367223"/>
  <node id="10967724509" lat="24.6300669" lon="121.5366632"/>
  <node id="10967724508" lat="24.6301858" lon="121.5366431"/>
  <node id="10967724507" lat="24.6302534" lon="121.5365647"/>
  <node id="10967724506" lat="24.6303455" lon="121.5363320"/>
  <node id="10967724505" lat="24.6304095" lon="121.5362629"/>
  <node id="10967721404" lat="24.6304997" lon="121.5361825"/>
  <node id="10967721403" lat="24.6305649" lon="121.5359873"/>
  <node id="11016900494" lat="24.6374616" lon="121.5530312"/>
  <node id="11016900500" lat="24.6375087" lon="121.5530308"/>
  <node id="11016900493" lat="24.6375825" lon="121.5530431"/>
  <node id="11016900497" lat="24.6376419" lon="121.5529730"/>
  <node id="11016900498" lat="24.6375745" lon="121.5529762"/>
  <node id="11016900499" lat="24.6375137" lon="121.5529937"/>
  <node id="11016900487" lat="24.6390866" lon="121.5538887"/>
  <node id="11016900482" lat="24.6390729" lon="121.5537963"/>
  <node id="11016900486" lat="24.6390584" lon="121.5537565"/>
  <node id="300593265" lat="24.6390352" lon="121.5537079"/>
  <node id="11016900485" lat="24.6389983" lon="121.5536514"/>
  <node id="11016900483" lat="24.6389759" lon="121.5537254"/>
  <node id="11016900484" lat="24.6390121" lon="121.5537748"/>
  <node id="11016900481" lat="24.6390497" lon="121.5538441"/>
  <node id="11016969123" lat="24.6190793" lon="121.5299237"/>
  <node id="11016969124" lat="24.6190887" lon="121.5297836"/>
  <node id="11016969125" lat="24.6190741" lon="121.5296206"/>
  <node id="11016969126" lat="24.6190605" lon="121.5295344"/>
  <node id="11016969127" lat="24.6190657" lon="121.5294288"/>
  <node id="11016969128" lat="24.6190553" lon="121.5293565"/>
  <node id="11016969129" lat="24.6190209" lon="121.5292853"/>
  <node id="11016969130" lat="24.6189707" lon="121.5292244"/>
  <node id="11016969131" lat="24.6189394" lon="121.5291498"/>
  <node id="11016969132" lat="24.6189259" lon="121.5290671"/>
  <node id="11016969133" lat="24.6189206" lon="121.5288754"/>
  <node id="11016969134" lat="24.6189363" lon="121.5288547"/>
  <node id="11016969135" lat="24.6189634" lon="121.5288547"/>
  <node id="11016969136" lat="24.6189874" lon="121.5288731"/>
  <node id="11016969137" lat="24.6191753" lon="121.5290820"/>
  <node id="11016969138" lat="24.6192046" lon="121.5291406"/>
  <node id="11016969139" lat="24.6192515" lon="121.5291888"/>
  <node id="11016969140" lat="24.6192860" lon="121.5291888"/>
  <node id="11016969141" lat="24.6193048" lon="121.5291693"/>
  <node id="11016969142" lat="24.6193048" lon="121.5291372"/>
  <node id="11016969143" lat="24.6192140" lon="121.5289603"/>
  <node id="11016969144" lat="24.6191910" lon="121.5288822"/>
  <node id="11016969145" lat="24.6191983" lon="121.5287709"/>
  <node id="11016969146" lat="24.6192161" lon="121.5287536"/>
  <node id="11016969147" lat="24.6192589" lon="121.5287628"/>
  <node id="11016969148" lat="24.6193737" lon="121.5287950"/>
  <node id="11016969149" lat="24.6194614" lon="121.5287824"/>
  <node id="11016969150" lat="24.6195417" lon="121.5287927"/>
  <node id="11016969151" lat="24.6197150" lon="121.5288604"/>
  <node id="11016969152" lat="24.6198173" lon="121.5289155"/>
  <node id="11016969153" lat="24.6198664" lon="121.5289247"/>
  <node id="11016969154" lat="24.6200543" lon="121.5289500"/>
  <node id="11016969155" lat="24.6202255" lon="121.5289523"/>
  <node id="11016969156" lat="24.6204488" lon="121.5289557"/>
  <node id="11016974800" lat="24.6259099" lon="121.5223925"/>
  <node id="11016974801" lat="24.6257930" lon="121.5224469"/>
  <node id="11016974802" lat="24.6256157" lon="121.5225842"/>
  <node id="11016974803" lat="24.6255621" lon="121.5226034"/>
  <node id="11016974804" lat="24.6255211" lon="121.5226001"/>
  <node id="11017007605" lat="24.6253161" lon="121.5225251"/>
  <node id="11017007606" lat="24.6251919" lon="121.5224853"/>
  <node id="11017007607" lat="24.6250562" lon="121.5223947"/>
  <node id="11017007608" lat="24.6249900" lon="121.5223467"/>
  <node id="11017007609" lat="24.6249734" lon="121.5223053"/>
  <node id="11017007610" lat="24.6250014" lon="121.5222202"/>
  <node id="11017007611" lat="24.6250608" lon="121.5220984"/>
  <node id="11017007612" lat="24.6251158" lon="121.5219582"/>
  <node id="11017007613" lat="24.6251520" lon="121.5217854"/>
  <node id="11017007614" lat="24.6251802" lon="121.5217074"/>
  <node id="11017007615" lat="24.6252048" lon="121.5216867"/>
  <node id="11017007616" lat="24.6252244" lon="121.5216596"/>
  <node id="11017007617" lat="24.6252179" lon="121.5216246"/>
  <node id="11017007618" lat="24.6251969" lon="121.5216086"/>
  <node id="11017007619" lat="24.6251657" lon="121.5215983"/>
  <node id="11017007620" lat="24.6251230" lon="121.5216015"/>
  <node id="11017007621" lat="24.6248407" lon="121.5216827"/>
  <node id="11017007622" lat="24.6247995" lon="121.5216859"/>
  <node id="11017007623" lat="24.6245512" lon="121.5216485"/>
  <node id="11017007624" lat="24.6244896" lon="121.5216405"/>
  <node id="11017007625" lat="24.6244599" lon="121.5216453"/>
  <node id="11017007626" lat="24.6244390" lon="121.5216588"/>
  <node id="11017007627" lat="24.6244274" lon="121.5216835"/>
  <node id="11017007628" lat="24.6243948" lon="121.5217838"/>
  <node id="11017007629" lat="24.6243745" lon="121.5218675"/>
  <node id="11017007630" lat="24.6243383" lon="121.5219471"/>
  <node id="11017007631" lat="24.6242681" lon="121.5220594"/>
  <node id="11017007632" lat="24.6242341" lon="121.5221350"/>
  <node id="11017007633" lat="24.6242102" lon="121.5222075"/>
  <node id="11017007634" lat="24.6241986" lon="121.5223277"/>
  <node id="11017007635" lat="24.6242087" lon="121.5223843"/>
  <node id="11017007636" lat="24.6242290" lon="121.5224201"/>
  <node id="11017007637" lat="24.6242630" lon="121.5224520"/>
  <node id="11017007638" lat="24.6244889" lon="121.5225985"/>
  <node id="11017007639" lat="24.6245627" lon="121.5226232"/>
  <node id="11017007640" lat="24.6246156" lon="121.5226176"/>
  <node id="11017007641" lat="24.6246402" lon="121.5225945"/>
  <node id="11017007642" lat="24.6246894" lon="121.5225372"/>
  <node id="11017007643" lat="24.6247104" lon="121.5224782"/>
  <node id="11017007644" lat="24.6247517" lon="121.5222736"/>
  <node id="11017007645" lat="24.6247799" lon="121.5222465"/>
  <node id="11017007646" lat="24.6248291" lon="121.5222465"/>
  <node id="11017007647" lat="24.6248798" lon="121.5222799"/>
  <node id="11017007648" lat="24.6255422" lon="121.5226673"/>
  <node id="11017007649" lat="24.6254858" lon="121.5227831"/>
  <node id="11017007650" lat="24.6254181" lon="121.5229555"/>
  <node id="11017007651" lat="24.6253705" lon="121.5232092"/>
  <node id="11017007652" lat="24.6253153" lon="121.5233195"/>
  <node id="11017007653" lat="24.6252276" lon="121.5234587"/>
  <node id="11017007654" lat="24.6251486" lon="121.5235346"/>
  <node id="11017007655" lat="24.6250709" lon="121.5235497"/>
  <node id="11017007698" lat="24.6222949" lon="121.5271326"/>
  <node id="11017007699" lat="24.6223166" lon="121.5271546"/>
  <node id="11017007700" lat="24.6223470" lon="121.5271642"/>
  <node id="11017007701" lat="24.6223748" lon="121.5271546"/>
  <node id="11017007702" lat="24.6223870" lon="121.5271336"/>
  <node id="11017007703" lat="24.6223922" lon="121.5270934"/>
  <node id="11017007704" lat="24.6223731" lon="121.5270331"/>
  <node id="11017007705" lat="24.6223774" lon="121.5270025"/>
  <node id="11017007706" lat="24.6223948" lon="121.5269557"/>
  <node id="11017007707" lat="24.6225044" lon="121.5267664"/>
  <node id="11017007708" lat="24.6226113" lon="121.5266526"/>
  <node id="11017007709" lat="24.6228277" lon="121.5264795"/>
  <node id="11017007762" lat="24.6176343" lon="121.5274761"/>
  <node id="11017007763" lat="24.6176050" lon="121.5274336"/>
  <node id="11017007764" lat="24.6174599" lon="121.5273200"/>
  <node id="11017007765" lat="24.6174025" lon="121.5272476"/>
  <node id="11017007766" lat="24.6173274" lon="121.5270880"/>
  <node id="11017007767" lat="24.6172334" lon="121.5268239"/>
  <node id="11017007768" lat="24.6172292" lon="121.5267803"/>
  <node id="11017007769" lat="24.6172418" lon="121.5267631"/>
  <node id="11017007770" lat="24.6172616" lon="121.5267596"/>
  <node id="11017007771" lat="24.6172814" lon="121.5267791"/>
  <node id="11017007772" lat="24.6173754" lon="121.5269158"/>
  <node id="11017007773" lat="24.6173994" lon="121.5269319"/>
  <node id="11017007774" lat="24.6174213" lon="121.5269296"/>
  <node id="11017007775" lat="24.6174328" lon="121.5269123"/>
  <node id="11017007776" lat="24.6174349" lon="121.5268699"/>
  <node id="11017007777" lat="24.6173263" lon="121.5266035"/>
  <node id="11017007778" lat="24.6173180" lon="121.5265587"/>
  <node id="11017007779" lat="24.6173263" lon="121.5264875"/>
  <node id="2178261809" lat="24.6203945" lon="121.5357863"/>
  <node id="11017007881" lat="24.6203601" lon="121.5358520"/>
  <node id="4333481746" lat="24.6203448" lon="121.5358995"/>
  <node id="11017007880" lat="24.6203675" lon="121.5359721"/>
  <node id="6551870637" lat="24.6204266" lon="121.5360390"/>
  <node id="11017007879" lat="24.6205067" lon="121.5360783"/>
  <node id="4333481747" lat="24.6205877" lon="121.5361071"/>
  <node id="11017007878" lat="24.6206450" lon="121.5361195"/>
  <node id="11017007877" lat="24.6207179" lon="121.5361119"/>
  <node id="6551870636" lat="24.6208134" lon="121.5360852"/>
  <node id="300593067" lat="24.6190366" lon="121.5345527"/>
  <node id="11017007892" lat="24.6190926" lon="121.5346163"/>
  <node id="2178262020" lat="24.6191468" lon="121.5346647"/>
  <node id="2178262023" lat="24.6191998" lon="121.5347006"/>
  <node id="11017007891" lat="24.6192878" lon="121.5347498"/>
  <node id="4446620590" lat="24.6193576" lon="121.5347837"/>
  <node id="11017007890" lat="24.6195022" lon="121.5348440"/>
  <node id="2178262075" lat="24.6196337" lon="121.5349110"/>
  <node id="11017007889" lat="24.6197050" lon="121.5349602"/>
  <node id="4446620591" lat="24.6197754" lon="121.5350113"/>
  <node id="300593072" lat="24.6198463" lon="121.5350747"/>
  <node id="11017007888" lat="24.6199330" lon="121.5351669"/>
  <node id="2178262096" lat="24.6199989" lon="121.5352572"/>
  <node id="11017007887" lat="24.6200739" lon="121.5353768"/>
  <node id="4446620592" lat="24.6201750" lon="121.5355587"/>
  <node id="2178261803" lat="24.6202544" lon="121.5356681"/>
  <node id="4333481745" lat="24.6203281" lon="121.5357371"/>
  <node id="11017007882" lat="24.6204638" lon="121.5358206"/>
  <node id="300593078" lat="24.6205532" lon="121.5358472"/>
  <node id="11017007883" lat="24.6206778" lon="121.5358710"/>
  <node id="11017007893" lat="24.6180240" lon="121.5333187"/>
  <node id="2178261908" lat="24.6182864" lon="121.5335837"/>
  <node id="11017007894" lat="24.6184162" lon="121.5337169"/>
  <node id="2178261935" lat="24.6185536" lon="121.5338832"/>
  <node id="2178261952" lat="24.6189209" lon="121.5343998"/>
  <node id="11017007899" lat="24.6167669" lon="121.5317821"/>
  <node id="2178261906" lat="24.6170941" lon="121.5322191"/>
  <node id="11017007898" lat="24.6172858" lon="121.5324684"/>
  <node id="2178262155" lat="24.6174612" lon="121.5326888"/>
  <node id="300593057" lat="24.6178168" lon="121.5331029"/>
  <node id="12162441480" lat="24.6111963" lon="121.5313693"/>
  <node id="11017007920" lat="24.6120865" lon="121.5304691"/>
  <node id="11017007921" lat="24.6124260" lon="121.5306173"/>
  <node id="11017007922" lat="24.6130036" lon="121.5309405"/>
  <node id="12162467206" lat="24.6130601" lon="121.5309320"/>
  <node id="12162441437" lat="24.6132070" lon="121.5308817"/>
  <node id="12162467747" lat="24.6133369" lon="121.5308610"/>
  <node id="12162467674" lat="24.6134429" lon="121.5308697"/>
  <node id="12162467619" lat="24.6134905" lon="121.5308791"/>
  <node id="12162467202" lat="24.6142409" lon="121.5313169"/>
  <node id="12162467161" lat="24.6143848" lon="121.5313625"/>
  <node id="12162467112" lat="24.6148627" lon="121.5315530"/>
  <node id="12162467241" lat="24.6149432" lon="121.5316133"/>
  <node id="12162467215" lat="24.6149847" lon="121.5316656"/>
  <node id="12162467062" lat="24.6155260" lon="121.5321793"/>
  <node id="12162467692" lat="24.6156260" lon="121.5322436"/>
  <node id="12162467204" lat="24.6157601" lon="121.5323228"/>
  <node id="12162441454" lat="24.6161661" lon="121.5327077"/>
  <node id="11017007930" lat="24.6110208" lon="121.5272085"/>
  <node id="11017007939" lat="24.6110067" lon="121.5272448"/>
  <node id="11017007931" lat="24.6109800" lon="121.5272879"/>
  <node id="11017007938" lat="24.6110601" lon="121.5272299"/>
  <node id="11017050397" lat="24.6019904" lon="121.5179570"/>
  <node id="11017050398" lat="24.6009373" lon="121.5194356"/>
  <node id="11017050399" lat="24.6007470" lon="121.5196191"/>
  <node id="11017050400" lat="24.6006454" lon="121.5196133"/>
  <node id="11017050401" lat="24.6005828" lon="121.5195617"/>
  <node id="11017050402" lat="24.6005228" lon="121.5195331"/>
  <node id="11017050403" lat="24.6001944" lon="121.5198886"/>
  <node id="11017050374" lat="24.6023477" lon="121.5157398"/>
  <node id="11017050375" lat="24.6023540" lon="121.5158391"/>
  <node id="11017050376" lat="24.6023202" lon="121.5160845"/>
  <node id="11017050377" lat="24.6023302" lon="121.5161686"/>
  <node id="11017050378" lat="24.6023841" lon="121.5163162"/>
  <node id="11017050379" lat="24.6024305" lon="121.5164072"/>
  <node id="11017050380" lat="24.6025195" lon="121.5165202"/>
  <node id="11017050381" lat="24.6025558" lon="121.5165864"/>
  <node id="11017050382" lat="24.6025684" lon="121.5166430"/>
  <node id="11017050383" lat="24.6025721" lon="121.5167326"/>
  <node id="11017050384" lat="24.6025646" lon="121.5168043"/>
  <node id="11017050385" lat="24.6025333" lon="121.5168925"/>
  <node id="11017050386" lat="24.6024755" lon="121.5169356"/>
  <node id="11040514829" lat="24.6024189" lon="121.5169541"/>
  <node id="11017050387" lat="24.6023277" lon="121.5169766"/>
  <node id="11017050388" lat="24.6022048" lon="121.5170014"/>
  <node id="11017050389" lat="24.6021691" lon="121.5170227"/>
  <node id="11017050390" lat="24.6020870" lon="121.5171366"/>
  <node id="11017050391" lat="24.6018776" lon="121.5175185"/>
  <node id="11017050392" lat="24.6018588" lon="121.5176081"/>
  <node id="11017050393" lat="24.6018676" lon="121.5176702"/>
  <node id="11017050394" lat="24.6019403" lon="121.5177253"/>
  <node id="11017050395" lat="24.6020318" lon="121.5178108"/>
  <node id="11017050396" lat="24.6020306" lon="121.5178742"/>
  <node id="2345938565" lat="24.6011353" lon="121.5292168"/>
  <node id="3110882510" lat="24.6010765" lon="121.5291851"/>
  <node id="11017096834" lat="24.6010076" lon="121.5291413"/>
  <node id="3110882509" lat="24.6008045" lon="121.5288958"/>
  <node id="2345967797" lat="24.6006003" lon="121.5286375"/>
  <node id="3110882520" lat="24.6075129" lon="121.5388894"/>
  <node id="11017096845" lat="24.6074389" lon="121.5387631"/>
  <node id="11017096846" lat="24.6073985" lon="121.5386754"/>
  <node id="2345990803" lat="24.6073716" lon="121.5385772"/>
  <node id="3110882519" lat="24.6072491" lon="121.5379300"/>
  <node id="3110882518" lat="24.6070913" lon="121.5371396"/>
  <node id="3110882517" lat="24.6070361" lon="121.5369201"/>
  <node id="3110882516" lat="24.6070128" lon="121.5368397"/>
  <node id="11017096842" lat="24.6069778" lon="121.5367559"/>
  <node id="2345990579" lat="24.6069503" lon="121.5367055"/>
  <node id="2345990750" lat="24.6059689" lon="121.5353372"/>
  <node id="11017096841" lat="24.6059294" lon="121.5352728"/>
  <node id="3110882515" lat="24.6058752" lon="121.5351669"/>
  <node id="3110882514" lat="24.6057972" lon="121.5349311"/>
  <node id="2345990784" lat="24.6057500" lon="121.5347771"/>
  <node id="11017096840" lat="24.6054337" lon="121.5335000"/>
  <node id="2345990554" lat="24.6049197" lon="121.5313411"/>
  <node id="11017096839" lat="24.6048527" lon="121.5310840"/>
  <node id="11017108373" lat="24.6051276" lon="121.5444330"/>
  <node id="11017108374" lat="24.6051007" lon="121.5443930"/>
  <node id="11017108375" lat="24.6050784" lon="121.5442975"/>
  <node id="11017108376" lat="24.6050561" lon="121.5442524"/>
  <node id="11017108377" lat="24.6050150" lon="121.5442227"/>
  <node id="11017108378" lat="24.6049540" lon="121.5442163"/>
  <node id="11017108379" lat="24.6048461" lon="121.5442421"/>
  <node id="11017108380" lat="24.6048145" lon="121.5442834"/>
  <node id="11017108381" lat="24.6047171" lon="121.5444833"/>
  <node id="11017108382" lat="24.6046714" lon="121.5445246"/>
  <node id="11017108383" lat="24.6045951" lon="121.5445375"/>
  <node id="11017108384" lat="24.6045365" lon="121.5445130"/>
  <node id="11017108385" lat="24.6044943" lon="121.5444291"/>
  <node id="11017108386" lat="24.6043582" lon="121.5440937"/>
  <node id="11017108387" lat="24.6042737" lon="121.5440357"/>
  <node id="11017108388" lat="24.6040227" lon="121.5438847"/>
  <node id="11017108468" lat="24.6134608" lon="121.5513718"/>
  <node id="11017108496" lat="24.6089229" lon="121.5407251"/>
  <node id="11017108495" lat="24.6088472" lon="121.5407588"/>
  <node id="4293200397" lat="24.6087496" lon="121.5407385"/>
  <node id="4293200398" lat="24.6078357" lon="121.5398127"/>
  <node id="11017108494" lat="24.6077844" lon="121.5397878"/>
  <node id="11017108493" lat="24.6072484" lon="121.5396872"/>
  <node id="11017108489" lat="24.6069462" lon="121.5395648"/>
  <node id="4312164180" lat="24.6156594" lon="121.5484277"/>
  <node id="11017263651" lat="24.6158574" lon="121.5481631"/>
  <node id="2345990793" lat="24.6158695" lon="121.5483161"/>
  <node id="2345990546" lat="24.6154985" lon="121.5485149"/>
  <node id="11017263629" lat="24.6154236" lon="121.5485372"/>
  <node id="3110882542" lat="24.6153226" lon="121.5485527"/>
  <node id="11034609673" lat="24.6120713" lon="121.5509932"/>
  <node id="11034609674" lat="24.6120346" lon="121.5508315"/>
  <node id="11034609675" lat="24.6120376" lon="121.5507322"/>
  <node id="11034609676" lat="24.6120626" lon="121.5507010"/>
  <node id="11034609677" lat="24.6121193" lon="121.5506817"/>
  <node id="11034609670" lat="24.6122386" lon="121.5506738"/>
  <node id="11034609678" lat="24.6122735" lon="121.5506273"/>
  <node id="11034609697" lat="24.6123643" lon="121.5505082"/>
  <node id="11034609679" lat="24.6124814" lon="121.5503955"/>
  <node id="11034609680" lat="24.6125794" lon="121.5503273"/>
  <node id="11034609681" lat="24.6126716" lon="121.5502573"/>
  <node id="12162441478" lat="24.6127171" lon="121.5501533"/>
  <node id="12162467230" lat="24.6126632" lon="121.5495586"/>
  <node id="12162467858" lat="24.6126169" lon="121.5494581"/>
  <node id="12162467611" lat="24.6125754" lon="121.5494178"/>
  <node id="12162467845" lat="24.6124657" lon="121.5493374"/>
  <node id="12162467758" lat="24.6123962" lon="121.5492435"/>
  <node id="12162467107" lat="24.6123645" lon="121.5491603"/>
  <node id="12162467173" lat="24.6123596" lon="121.5490624"/>
  <node id="11046159724" lat="24.6122112" lon="121.5513395"/>
  <node id="11034609682" lat="24.6120869" lon="121.5514811"/>
  <node id="11046153785" lat="24.6119137" lon="121.5516001"/>
  <node id="11046153786" lat="24.6118124" lon="121.5517213"/>
  <node id="11046153787" lat="24.6118031" lon="121.5517832"/>
  <node id="11046153788" lat="24.6118462" lon="121.5520546"/>
  <node id="11046153789" lat="24.6117544" lon="121.5521665"/>
  <node id="11046153790" lat="24.6116687" lon="121.5522478"/>
  <node id="11046153791" lat="24.6113854" lon="121.5523058"/>
  <node id="11046153792" lat="24.6112410" lon="121.5523076"/>
  <node id="11046153793" lat="24.6111311" lon="121.5523509"/>
  <node id="11046153794" lat="24.6110555" lon="121.5524637"/>
  <node id="11046153795" lat="24.6110069" lon="121.5525735"/>
  <node id="11046153796" lat="24.6109781" lon="121.5526529"/>
  <node id="11046153797" lat="24.6108901" lon="121.5526911"/>
  <node id="11046153798" lat="24.6106154" lon="121.5527658"/>
  <node id="11046153799" lat="24.6105834" lon="121.5528085"/>
  <node id="11046153800" lat="24.6105662" lon="121.5528723"/>
  <node id="11046153801" lat="24.6106216" lon="121.5534427"/>
  <node id="11046153802" lat="24.6106200" lon="121.5537602"/>
  <node id="11046153803" lat="24.6106200" lon="121.5539028"/>
  <node id="11046153804" lat="24.6105921" lon="121.5540688"/>
  <node id="11046159705" lat="24.6105068" lon="121.5542673"/>
  <node id="11046159706" lat="24.6104576" lon="121.5543972"/>
  <node id="11046159707" lat="24.6104018" lon="121.5545830"/>
  <node id="11046159708" lat="24.6104543" lon="121.5546552"/>
  <node id="11046159709" lat="24.6106659" lon="121.5546480"/>
  <node id="11046159710" lat="24.6107939" lon="121.5546191"/>
  <node id="11046159711" lat="24.6109596" lon="121.5544982"/>
  <node id="11046159712" lat="24.6110367" lon="121.5543124"/>
  <node id="11046159713" lat="24.6111417" lon="121.5542456"/>
  <node id="11046159714" lat="24.6112581" lon="121.5542637"/>
  <node id="11046159715" lat="24.6113516" lon="121.5543088"/>
  <node id="11046159716" lat="24.6113795" lon="121.5543809"/>
  <node id="11046159717" lat="24.6113402" lon="121.5545614"/>
  <node id="11046159718" lat="24.6113188" lon="121.5546714"/>
  <node id="11046159719" lat="24.6113172" lon="121.5549096"/>
  <node id="11046159720" lat="24.6113352" lon="121.5551460"/>
  <node id="11046159721" lat="24.6114287" lon="121.5553878"/>
  <node id="11046159722" lat="24.6114812" lon="121.5554491"/>
  <node id="11046159723" lat="24.6115091" lon="121.5555736"/>
  <node id="11046159725" lat="24.6115269" lon="121.5557449"/>
  <node id="11046159726" lat="24.6115089" lon="121.5559849"/>
  <node id="11046159727" lat="24.6114794" lon="121.5561292"/>
  <node id="11046159728" lat="24.6114728" lon="121.5562754"/>
  <node id="11046159729" lat="24.6115122" lon="121.5563890"/>
  <node id="11046159730" lat="24.6115942" lon="121.5564720"/>
  <node id="11046159731" lat="24.6116943" lon="121.5564991"/>
  <node id="11046159732" lat="24.6118321" lon="121.5564883"/>
  <node id="11046159733" lat="24.6120306" lon="121.5563854"/>
  <node id="11046159734" lat="24.6121487" lon="121.5563205"/>
  <node id="11046159735" lat="24.6123504" lon="121.5563511"/>
  <node id="11046159736" lat="24.6126162" lon="121.5565406"/>
  <node id="11046159737" lat="24.6127414" lon="121.5566051"/>
  <node id="11046159738" lat="24.6128838" lon="121.5569243"/>
  <node id="11046159739" lat="24.6129195" lon="121.5571905"/>
  <node id="11046159740" lat="24.6130244" lon="121.5573347"/>
  <node id="11046159741" lat="24.6129637" lon="121.5576029"/>
  <node id="11034609835" lat="24.6079965" lon="121.5493967"/>
  <node id="11034609836" lat="24.6079470" lon="121.5494815"/>
  <node id="11034609837" lat="24.6079289" lon="121.5495758"/>
  <node id="11034609838" lat="24.6078864" lon="121.5496425"/>
  <node id="11034609839" lat="24.6078518" lon="121.5496502"/>
  <node id="11034609840" lat="24.6078108" lon="121.5496494"/>
  <node id="11034609841" lat="24.6077573" lon="121.5496260"/>
  <node id="11034609842" lat="24.6077188" lon="121.5495949"/>
  <node id="11034609843" lat="24.6076779" lon="121.5495343"/>
  <node id="11034609844" lat="24.6076637" lon="121.5494278"/>
  <node id="11034609845" lat="24.6076385" lon="121.5493863"/>
  <node id="11034609846" lat="24.6075717" lon="121.5493361"/>
  <node id="11034609847" lat="24.6075174" lon="121.5492876"/>
  <node id="11034609850" lat="24.6074348" lon="121.5492219"/>
  <node id="11034609855" lat="24.6073980" lon="121.5491942"/>
  <node id="11034609851" lat="24.6073659" lon="121.5491803"/>
  <node id="11034609852" lat="24.6073460" lon="121.5491860"/>
  <node id="11034609853" lat="24.6073404" lon="121.5492126"/>
  <node id="11034609854" lat="24.6073487" lon="121.5492518"/>
  <node id="11034609848" lat="24.6073679" lon="121.5492911"/>
  <node id="11034609849" lat="24.6073750" lon="121.5493361"/>
  <node id="11034609833" lat="24.6073694" lon="121.5493886"/>
  <node id="11034609832" lat="24.6073531" lon="121.5494484"/>
  <node id="11034609831" lat="24.6073522" lon="121.5495281"/>
  <node id="11034609830" lat="24.6073631" lon="121.5496467"/>
  <node id="11034609856" lat="24.6073805" lon="121.5498311"/>
  <node id="11034660987" lat="24.6075225" lon="121.5462902"/>
  <node id="11034660988" lat="24.6074492" lon="121.5462928"/>
  <node id="11034660989" lat="24.6073662" lon="121.5462704"/>
  <node id="11034660990" lat="24.6072628" lon="121.5462201"/>
  <node id="11034660991" lat="24.6071942" lon="121.5462108"/>
  <node id="11034660992" lat="24.6071161" lon="121.5462108"/>
  <node id="11034660993" lat="24.6070776" lon="121.5462135"/>
  <node id="11034660994" lat="24.6070415" lon="121.5462320"/>
  <node id="11034660995" lat="24.6070018" lon="121.5462770"/>
  <node id="11034660996" lat="24.6069814" lon="121.5463457"/>
  <node id="11034660997" lat="24.6069754" lon="121.5464502"/>
  <node id="11034660998" lat="24.6069838" lon="121.5465071"/>
  <node id="11034660999" lat="24.6070307" lon="121.5466500"/>
  <node id="11034661000" lat="24.6070403" lon="121.5467068"/>
  <node id="11034661001" lat="24.6070319" lon="121.5467346"/>
  <node id="11034661002" lat="24.6070078" lon="121.5467425"/>
  <node id="11034661003" lat="24.6069754" lon="121.5467240"/>
  <node id="11034661004" lat="24.6069225" lon="121.5466698"/>
  <node id="11034661005" lat="24.6068383" lon="121.5466261"/>
  <node id="11034661006" lat="24.6066002" lon="121.5465137"/>
  <node id="11034661007" lat="24.6064799" lon="121.5464436"/>
  <node id="11034661008" lat="24.6064402" lon="121.5464330"/>
  <node id="11034660981" lat="24.6063988" lon="121.5464186"/>
  <node id="11034661123" lat="24.6062947" lon="121.5463393"/>
  <node id="11034660961" lat="24.6062202" lon="121.5462538"/>
  <node id="11034661009" lat="24.6061484" lon="121.5462088"/>
  <node id="11034661010" lat="24.6060841" lon="121.5461779"/>
  <node id="11034661011" lat="24.6060551" lon="121.5461579"/>
  <node id="11034661012" lat="24.6060152" lon="121.5461220"/>
  <node id="11034661013" lat="24.6059445" lon="121.5460363"/>
  <node id="11034661014" lat="24.6059363" lon="121.5459875"/>
  <node id="11034661015" lat="24.6059345" lon="121.5459117"/>
  <node id="11034661016" lat="24.6059427" lon="121.5458589"/>
  <node id="11034661017" lat="24.6059798" lon="121.5458020"/>
  <node id="11034661018" lat="24.6059844" lon="121.5457542"/>
  <node id="11034661019" lat="24.6059717" lon="121.5457074"/>
  <node id="11034661020" lat="24.6059400" lon="121.5456615"/>
  <node id="11034661021" lat="24.6059001" lon="121.5456326"/>
  <node id="11034661022" lat="24.6057832" lon="121.5455817"/>
  <node id="11034661023" lat="24.6057641" lon="121.5455598"/>
  <node id="11034661024" lat="24.6057687" lon="121.5455349"/>
  <node id="11034661025" lat="24.6057841" lon="121.5455189"/>
  <node id="11034661026" lat="24.6058303" lon="121.5455060"/>
  <node id="11034661027" lat="24.6059001" lon="121.5455120"/>
  <node id="11034661028" lat="24.6060578" lon="121.5455479"/>
  <node id="11034660958" lat="24.6061441" lon="121.5455778"/>
  <node id="11034661071" lat="24.6053786" lon="121.5450975"/>
  <node id="11034661072" lat="24.6054376" lon="121.5454134"/>
  <node id="11034661073" lat="24.6054520" lon="121.5456468"/>
  <node id="11034661074" lat="24.6054296" lon="121.5457170"/>
  <node id="11034661075" lat="24.6053882" lon="121.5457257"/>
  <node id="11034661076" lat="24.6053387" lon="121.5456871"/>
  <node id="11034661077" lat="24.6052972" lon="121.5455678"/>
  <node id="11034661078" lat="24.6051488" lon="121.5454678"/>
  <node id="11034661079" lat="24.6049510" lon="121.5453010"/>
  <node id="11034661080" lat="24.6048361" lon="121.5452537"/>
  <node id="11034661081" lat="24.6046925" lon="121.5452501"/>
  <node id="11034661082" lat="24.6045664" lon="121.5452063"/>
  <node id="11034661083" lat="24.6044739" lon="121.5451782"/>
  <node id="11034661084" lat="24.6044260" lon="121.5452203"/>
  <node id="11034661085" lat="24.6044388" lon="121.5452800"/>
  <node id="11034661086" lat="24.6045920" lon="121.5454098"/>
  <node id="11034661087" lat="24.6049015" lon="121.5460539"/>
  <node id="11034661088" lat="24.6050148" lon="121.5462452"/>
  <node id="11034661109" lat="24.6050918" lon="121.5464627"/>
  <node id="11034661089" lat="24.6051531" lon="121.5465677"/>
  <node id="11034661124" lat="24.6063611" lon="121.5464558"/>
  <node id="11034661125" lat="24.6063273" lon="121.5465921"/>
  <node id="11034661126" lat="24.6063089" lon="121.5467477"/>
  <node id="11034661127" lat="24.6062855" lon="121.5468064"/>
  <node id="11034660980" lat="24.6062424" lon="121.5468522"/>
  <node id="11034661122" lat="24.6061539" lon="121.5468984"/>
  <node id="11034661121" lat="24.6060888" lon="121.5469108"/>
  <node id="11034661120" lat="24.6060408" lon="121.5469065"/>
  <node id="11034661119" lat="24.6060060" lon="121.5468864"/>
  <node id="11034661118" lat="24.6059727" lon="121.5468323"/>
  <node id="11034661117" lat="24.6059067" lon="121.5467173"/>
  <node id="11034661116" lat="24.6058429" lon="121.5466549"/>
  <node id="11034661115" lat="24.6057808" lon="121.5466160"/>
  <node id="11034661114" lat="24.6056572" lon="121.5466048"/>
  <node id="11034661113" lat="24.6054928" lon="121.5466030"/>
  <node id="11034661112" lat="24.6052418" lon="121.5465407"/>
  <node id="11034661108" lat="24.6051933" lon="121.5465433"/>
  <node id="11034661111" lat="24.6051427" lon="121.5465999"/>
  <node id="11034661110" lat="24.6051497" lon="121.5466460"/>
  <node id="11034661090" lat="24.6051887" lon="121.5467313"/>
  <node id="11034661091" lat="24.6053227" lon="121.5469331"/>
  <node id="11034661092" lat="24.6054009" lon="121.5471051"/>
  <node id="11034661093" lat="24.6054536" lon="121.5472999"/>
  <node id="11034661094" lat="24.6054743" lon="121.5473947"/>
  <node id="11034661095" lat="24.6054668" lon="121.5474145"/>
  <node id="11034661096" lat="24.6054443" lon="121.5474198"/>
  <node id="11034660977" lat="24.6054235" lon="121.5474162"/>
  <node id="11034661100" lat="24.6053801" lon="121.5473642"/>
  <node id="11034661101" lat="24.6053261" lon="121.5473161"/>
  <node id="11034661102" lat="24.6052592" lon="121.5472868"/>
  <node id="11034661103" lat="24.6051376" lon="121.5472462"/>
  <node id="11034661104" lat="24.6050584" lon="121.5472395"/>
  <node id="11034661105" lat="24.6049504" lon="121.5472440"/>
  <node id="11034661106" lat="24.6048712" lon="121.5472823"/>
  <node id="11034661107" lat="24.6048090" lon="121.5473379"/>
  <node id="11034661317" lat="24.6031462" lon="121.5397850"/>
  <node id="11034661318" lat="24.6030853" lon="121.5397667"/>
  <node id="11034661319" lat="24.6030215" lon="121.5397256"/>
  <node id="11034661320" lat="24.6029717" lon="121.5396479"/>
  <node id="11034661321" lat="24.6029453" lon="121.5396494"/>
  <node id="11034661322" lat="24.6029163" lon="121.5397073"/>
  <node id="11034661323" lat="24.6029495" lon="121.5400699"/>
  <node id="11034661324" lat="24.6029370" lon="121.5401842"/>
  <node id="11034661325" lat="24.6028996" lon="121.5402588"/>
  <node id="11034661326" lat="24.6028636" lon="121.5402741"/>
  <node id="11034661327" lat="24.6028276" lon="121.5402527"/>
  <node id="11034661328" lat="24.6027930" lon="121.5401293"/>
  <node id="11034661329" lat="24.6027473" lon="121.5400684"/>
  <node id="11034661330" lat="24.6026683" lon="121.5400440"/>
  <node id="11034661331" lat="24.6025866" lon="121.5400455"/>
  <node id="11034661332" lat="24.6025312" lon="121.5400730"/>
  <node id="11034661333" lat="24.6025021" lon="121.5401309"/>
  <node id="11034661334" lat="24.6024439" lon="121.5401507"/>
  <node id="11034661335" lat="24.6023317" lon="121.5401050"/>
  <node id="11034661336" lat="24.6022037" lon="121.5400785"/>
  <node id="11034692020" lat="24.6078271" lon="121.5391090"/>
  <node id="11034692021" lat="24.6078971" lon="121.5390585"/>
  <node id="11034692022" lat="24.6079722" lon="121.5390114"/>
  <node id="11034692023" lat="24.6080338" lon="121.5390045"/>
  <node id="11034692024" lat="24.6080954" lon="121.5390321"/>
  <node id="11034692025" lat="24.6081372" lon="121.5391147"/>
  <node id="11034692026" lat="24.6081351" lon="121.5391618"/>
  <node id="11034692027" lat="24.6080787" lon="121.5393180"/>
  <node id="11034692028" lat="24.6080871" lon="121.5393616"/>
  <node id="11034692029" lat="24.6082572" lon="121.5395970"/>
  <node id="11034692030" lat="24.6083512" lon="121.5396762"/>
  <node id="11034692019" lat="24.6084337" lon="121.5396969"/>
  <node id="11034692031" lat="24.6084817" lon="121.5396854"/>
  <node id="11034692032" lat="24.6085892" lon="121.5396096"/>
  <node id="11034692033" lat="24.6088752" lon="121.5393696"/>
  <node id="12989716354" lat="24.6092080" lon="121.5261824"/>
  <node id="11034957669" lat="24.6092314" lon="121.5262716"/>
  <node id="11034957670" lat="24.6093419" lon="121.5265013"/>
  <node id="4394329876" lat="24.6094158" lon="121.5266185"/>
  <node id="4394329877" lat="24.6094456" lon="121.5266744"/>
  <node id="12989716356" lat="24.6094910" lon="121.5267165"/>
  <node id="12989716357" lat="24.6095588" lon="121.5267392"/>
  <node id="11035007370" lat="24.6087406" lon="121.5190281"/>
  <node id="11035007371" lat="24.6086931" lon="121.5188995"/>
  <node id="11035007372" lat="24.6085486" lon="121.5187102"/>
  <node id="11035007373" lat="24.6084493" lon="121.5185707"/>
  <node id="11035007374" lat="24.6083644" lon="121.5184542"/>
  <node id="11035007375" lat="24.6082695" lon="121.5183098"/>
  <node id="11035007376" lat="24.6081934" lon="121.5182370"/>
  <node id="11035007377" lat="24.6081380" lon="121.5182280"/>
  <node id="11035007378" lat="24.6080224" lon="121.5182455"/>
  <node id="11035007379" lat="24.6079066" lon="121.5183462"/>
  <node id="11035007380" lat="24.6078349" lon="121.5183838"/>
  <node id="11035007381" lat="24.6077886" lon="121.5183705"/>
  <node id="11035007382" lat="24.6077588" lon="121.5183256"/>
  <node id="11035007383" lat="24.6077169" lon="121.5182055"/>
  <node id="11035007384" lat="24.6076937" lon="121.5180829"/>
  <node id="11035007385" lat="24.6075029" lon="121.5174399"/>
  <node id="11035007386" lat="24.6075007" lon="121.5173367"/>
  <node id="11035007387" lat="24.6075084" lon="121.5172482"/>
  <node id="11035007388" lat="24.6074963" lon="121.5170237"/>
  <node id="11035007389" lat="24.6074709" lon="121.5168478"/>
  <node id="11035007390" lat="24.6073639" lon="121.5166876"/>
  <node id="11035007391" lat="24.6073672" lon="121.5166063"/>
  <node id="11035007392" lat="24.6073893" lon="121.5164777"/>
  <node id="11035007393" lat="24.6074025" lon="121.5162690"/>
  <node id="11035007394" lat="24.6073650" lon="121.5160227"/>
  <node id="11035007395" lat="24.6074058" lon="121.5158238"/>
  <node id="11035007396" lat="24.6075029" lon="121.5156830"/>
  <node id="11035007397" lat="24.6075371" lon="121.5155872"/>
  <node id="11035007398" lat="24.6075746" lon="121.5153554"/>
  <node id="11035007399" lat="24.6078084" lon="121.5149890"/>
  <node id="11035007400" lat="24.6078912" lon="121.5148398"/>
  <node id="11035007401" lat="24.6079364" lon="121.5147051"/>
  <node id="11035007402" lat="24.6079397" lon="121.5145534"/>
  <node id="11035007403" lat="24.6079121" lon="121.5144006"/>
  <node id="11035007404" lat="24.6078625" lon="121.5142853"/>
  <node id="11035007405" lat="24.6078118" lon="121.5142052"/>
  <node id="11035007406" lat="24.6077676" lon="121.5141797"/>
  <node id="11035007407" lat="24.6077180" lon="121.5141700"/>
  <node id="11035007408" lat="24.6076022" lon="121.5141773"/>
  <node id="11035007409" lat="24.6074058" lon="121.5142622"/>
  <node id="11035007410" lat="24.6072271" lon="121.5143423"/>
  <node id="11035007411" lat="24.6071444" lon="121.5143751"/>
  <node id="11035007412" lat="24.6070484" lon="121.5143811"/>
  <node id="11035007413" lat="24.6069590" lon="121.5143205"/>
  <node id="11035007414" lat="24.6068686" lon="121.5142622"/>
  <node id="11035007450" lat="24.6067969" lon="121.5142028"/>
  <node id="11035007451" lat="24.6067472" lon="121.5141336"/>
  <node id="11036158643" lat="24.6067249" lon="121.5140773"/>
  <node id="11035007452" lat="24.6067020" lon="121.5140196"/>
  <node id="11035007453" lat="24.6066623" lon="121.5139298"/>
  <node id="11035007454" lat="24.6065895" lon="121.5138194"/>
  <node id="11035007455" lat="24.6065266" lon="121.5137636"/>
  <node id="11035007456" lat="24.6064604" lon="121.5137235"/>
  <node id="11035007415" lat="24.6076099" lon="121.5141312"/>
  <node id="11035007416" lat="24.6075216" lon="121.5141215"/>
  <node id="11035007417" lat="24.6073749" lon="121.5141700"/>
  <node id="11035007418" lat="24.6072823" lon="121.5141943"/>
  <node id="11035007419" lat="24.6072139" lon="121.5141870"/>
  <node id="11035007420" lat="24.6071631" lon="121.5141336"/>
  <node id="12162467696" lat="24.6068106" lon="121.5136935"/>
  <node id="11035007422" lat="24.6067767" lon="121.5135831"/>
  <node id="11035007423" lat="24.6067767" lon="121.5135018"/>
  <node id="11035007424" lat="24.6067877" lon="121.5134727"/>
  <node id="11035007425" lat="24.6068197" lon="121.5134642"/>
  <node id="11035007426" lat="24.6068682" lon="121.5134848"/>
  <node id="11035007427" lat="24.6073165" lon="121.5136908"/>
  <node id="11035007428" lat="24.6074036" lon="121.5137296"/>
  <node id="11035007429" lat="24.6074698" lon="121.5137308"/>
  <node id="11035007430" lat="24.6075271" lon="121.5137235"/>
  <node id="11035007431" lat="24.6076022" lon="121.5136896"/>
  <node id="11035007432" lat="24.6077798" lon="121.5135379"/>
  <node id="11036158635" lat="24.6078906" lon="121.5134275"/>
  <node id="11035007433" lat="24.6079077" lon="121.5134105"/>
  <node id="11035007434" lat="24.6079960" lon="121.5133692"/>
  <node id="11035007435" lat="24.6080677" lon="121.5133644"/>
  <node id="11035007436" lat="24.6082706" lon="121.5133777"/>
  <node id="11035007437" lat="24.6083721" lon="121.5134518"/>
  <node id="11035007438" lat="24.6084361" lon="121.5134797"/>
  <node id="11035007439" lat="24.6084990" lon="121.5134906"/>
  <node id="11035007440" lat="24.6085486" lon="121.5134675"/>
  <node id="11035007441" lat="24.6086060" lon="121.5134166"/>
  <node id="11035007442" lat="24.6087108" lon="121.5132916"/>
  <node id="11035007470" lat="24.6103279" lon="121.5178378"/>
  <node id="11035007471" lat="24.6105099" lon="121.5176182"/>
  <node id="11035007472" lat="24.6106919" lon="121.5174617"/>
  <node id="11035835396" lat="24.6107623" lon="121.5173843"/>
  <node id="11035007473" lat="24.6108651" lon="121.5172712"/>
  <node id="11035007509" lat="24.6144604" lon="121.5173087"/>
  <node id="11035007510" lat="24.6143732" lon="121.5173097"/>
  <node id="11035007511" lat="24.6140476" lon="121.5173266"/>
  <node id="11035007512" lat="24.6139193" lon="121.5173055"/>
  <node id="11035007513" lat="24.6138791" lon="121.5173266"/>
  <node id="11035007514" lat="24.6138542" lon="121.5173835"/>
  <node id="11035007515" lat="24.6138303" lon="121.5174172"/>
  <node id="11035007516" lat="24.6137958" lon="121.5174435"/>
  <node id="11035007517" lat="24.6136445" lon="121.5175636"/>
  <node id="11035007518" lat="24.6135708" lon="121.5175920"/>
  <node id="11035007519" lat="24.6135162" lon="121.5176015"/>
  <node id="11035007520" lat="24.6134664" lon="121.5175825"/>
  <node id="11035007521" lat="24.6134185" lon="121.5175794"/>
  <node id="11035007522" lat="24.6134022" lon="121.5175952"/>
  <node id="11035007523" lat="24.6133965" lon="121.5176299"/>
  <node id="11035007524" lat="24.6134070" lon="121.5176721"/>
  <node id="11035007525" lat="24.6134290" lon="121.5177037"/>
  <node id="11035007526" lat="24.6134779" lon="121.5177395"/>
  <node id="11035007527" lat="24.6136694" lon="121.5178037"/>
  <node id="11035007528" lat="24.6137652" lon="121.5177985"/>
  <node id="11035007529" lat="24.6138312" lon="121.5177858"/>
  <node id="11035007530" lat="24.6138791" lon="121.5177468"/>
  <node id="11035007531" lat="24.6139241" lon="121.5177300"/>
  <node id="11035007532" lat="24.6139701" lon="121.5177310"/>
  <node id="11035007533" lat="24.6140208" lon="121.5177521"/>
  <node id="11035007534" lat="24.6138983" lon="121.5178100"/>
  <node id="11035007535" lat="24.6139347" lon="121.5178385"/>
  <node id="11035007536" lat="24.6139586" lon="121.5179091"/>
  <node id="11035007537" lat="24.6139567" lon="121.5179659"/>
  <node id="11035007538" lat="24.6139672" lon="121.5180607"/>
  <node id="11035007539" lat="24.6139835" lon="121.5180892"/>
  <node id="11035007540" lat="24.6140544" lon="121.5181734"/>
  <node id="12162467138" lat="24.6141215" lon="121.5182401"/>
  <node id="12162467823" lat="24.6141439" lon="121.5182808"/>
  <node id="12162467710" lat="24.6141784" lon="121.5182998"/>
  <node id="12162467759" lat="24.6143103" lon="121.5183368"/>
  <node id="12162467167" lat="24.6143258" lon="121.5183652"/>
  <node id="12162467672" lat="24.6143172" lon="121.5184089"/>
  <node id="12162467188" lat="24.6142767" lon="121.5184582"/>
  <node id="12162467129" lat="24.6142232" lon="121.5184468"/>
  <node id="12162467615" lat="24.6140913" lon="121.5183918"/>
  <node id="12162467237" lat="24.6138637" lon="121.5183671"/>
  <node id="12162467106" lat="24.6138318" lon="121.5183871"/>
  <node id="12162467236" lat="24.6138120" lon="121.5184174"/>
  <node id="12162467633" lat="24.6137439" lon="121.5187597"/>
  <node id="11035835300" lat="24.6094255" lon="121.5183574"/>
  <node id="11035835301" lat="24.6096429" lon="121.5181604"/>
  <node id="11035835302" lat="24.6097653" lon="121.5179954"/>
  <node id="11035835303" lat="24.6099092" lon="121.5178490"/>
  <node id="11035835304" lat="24.6100592" lon="121.5176671"/>
  <node id="11035835305" lat="24.6101112" lon="121.5175207"/>
  <node id="11035835306" lat="24.6104403" lon="121.5170426"/>
  <node id="11035835307" lat="24.6106316" lon="121.5167109"/>
  <node id="11035835308" lat="24.6107831" lon="121.5165763"/>
  <node id="11035835309" lat="24.6109913" lon="121.5163759"/>
  <node id="11035835310" lat="24.6113923" lon="121.5159770"/>
  <node id="11035835311" lat="24.6114611" lon="121.5158861"/>
  <node id="11035835312" lat="24.6115071" lon="121.5157194"/>
  <node id="11035835313" lat="24.6115851" lon="121.5155628"/>
  <node id="11035835314" lat="24.6116494" lon="121.5155342"/>
  <node id="11035835315" lat="24.6117320" lon="121.5155443"/>
  <node id="11035835316" lat="24.6118346" lon="121.5155712"/>
  <node id="11035835317" lat="24.6119234" lon="121.5155258"/>
  <node id="11035835318" lat="24.6120580" lon="121.5155022"/>
  <node id="11035835319" lat="24.6123840" lon="121.5154770"/>
  <node id="11035835320" lat="24.6125646" lon="121.5153979"/>
  <node id="11035835321" lat="24.6126810" lon="121.5153659"/>
  <node id="11035835299" lat="24.6127590" lon="121.5153541"/>
  <node id="11035835298" lat="24.6128355" lon="121.5153473"/>
  <node id="11035835297" lat="24.6128922" lon="121.5153154"/>
  <node id="11035835296" lat="24.6129534" lon="121.5152026"/>
  <node id="11035835295" lat="24.6130284" lon="121.5150123"/>
  <node id="11035835294" lat="24.6131646" lon="121.5148709"/>
  <node id="11035835293" lat="24.6132625" lon="121.5148002"/>
  <node id="11035835292" lat="24.6133069" lon="121.5147312"/>
  <node id="11035835291" lat="24.6133498" lon="121.5145982"/>
  <node id="11035835322" lat="24.6133942" lon="121.5145039"/>
  <node id="11035835323" lat="24.6134003" lon="121.5144433"/>
  <node id="11035835324" lat="24.6133789" lon="121.5144029"/>
  <node id="11035835325" lat="24.6133528" lon="121.5143928"/>
  <node id="11035835326" lat="24.6133284" lon="121.5143911"/>
  <node id="11035835327" lat="24.6131493" lon="121.5145090"/>
  <node id="11035835328" lat="24.6131126" lon="121.5145191"/>
  <node id="11035835329" lat="24.6130819" lon="121.5145174"/>
  <node id="11035835330" lat="24.6130314" lon="121.5144888"/>
  <node id="11035835331" lat="24.6129075" lon="121.5143524"/>
  <node id="11035835332" lat="24.6128493" lon="121.5143204"/>
  <node id="11035835333" lat="24.6126815" lon="121.5143122"/>
  <node id="11035835334" lat="24.6125432" lon="121.5143019"/>
  <node id="11035835335" lat="24.6124973" lon="121.5142800"/>
  <node id="11035835336" lat="24.6124697" lon="121.5142295"/>
  <node id="11035835337" lat="24.6124667" lon="121.5141504"/>
  <node id="11035835338" lat="24.6124866" lon="121.5140326"/>
  <node id="11035835339" lat="24.6125401" lon="121.5139720"/>
  <node id="11035835340" lat="24.6126213" lon="121.5139248"/>
  <node id="11035835271" lat="24.6126964" lon="121.5139107"/>
  <node id="11035835341" lat="24.6130115" lon="121.5138743"/>
  <node id="11035835287" lat="24.6130695" lon="121.5138390"/>
  <node id="11035835342" lat="24.6130819" lon="121.5137986"/>
  <node id="11035007443" lat="24.6087825" lon="121.5132649"/>
  <node id="11035007444" lat="24.6089325" lon="121.5132588"/>
  <node id="11035007445" lat="24.6090682" lon="121.5132698"/>
  <node id="11035007446" lat="24.6091432" lon="121.5133122"/>
  <node id="11035007447" lat="24.6092336" lon="121.5133316"/>
  <node id="11035007448" lat="24.6093418" lon="121.5133341"/>
  <node id="11035007449" lat="24.6094168" lon="121.5133110"/>
  <node id="11036078585" lat="24.6088208" lon="121.5132123"/>
  <node id="11036078586" lat="24.6089156" lon="121.5131570"/>
  <node id="11036078587" lat="24.6089905" lon="121.5130663"/>
  <node id="11036078588" lat="24.6091432" lon="121.5128879"/>
  <node id="11036078589" lat="24.6092551" lon="121.5127284"/>
  <node id="11036078590" lat="24.6094400" lon="121.5126992"/>
  <node id="11036078591" lat="24.6095880" lon="121.5126366"/>
  <node id="11036078592" lat="24.6096563" lon="121.5125896"/>
  <node id="11036078593" lat="24.6097226" lon="121.5125239"/>
  <node id="11036078594" lat="24.6098089" lon="121.5125135"/>
  <node id="11036078595" lat="24.6098677" lon="121.5125709"/>
  <node id="11036078596" lat="24.6099142" lon="121.5126553"/>
  <node id="11036078597" lat="24.6100972" lon="121.5129140"/>
  <node id="11036078598" lat="24.6101105" lon="121.5129599"/>
  <node id="11036078599" lat="24.6101209" lon="121.5131664"/>
  <node id="11036078600" lat="24.6101475" lon="121.5132384"/>
  <node id="11036078601" lat="24.6101911" lon="121.5132603"/>
  <node id="11036078602" lat="24.6102224" lon="121.5132488"/>
  <node id="11036078603" lat="24.6102565" lon="121.5132144"/>
  <node id="11036078604" lat="24.6102698" lon="121.5131404"/>
  <node id="11036078605" lat="24.6102689" lon="121.5129244"/>
  <node id="11036078606" lat="24.6102508" lon="121.5126772"/>
  <node id="11036078607" lat="24.6102300" lon="121.5124394"/>
  <node id="11036078608" lat="24.6102433" lon="121.5123143"/>
  <node id="11036078609" lat="24.6102888" lon="121.5122256"/>
  <node id="11036078632" lat="24.6103668" lon="121.5121718"/>
  <node id="11036078633" lat="24.6105896" lon="121.5120829"/>
  <node id="11036078634" lat="24.6106573" lon="121.5120456"/>
  <node id="11036078635" lat="24.6106890" lon="121.5120168"/>
  <node id="11036078636" lat="24.6107098" lon="121.5118919"/>
  <node id="11036078637" lat="24.6107120" lon="121.5116696"/>
  <node id="11036078638" lat="24.6107316" lon="121.5115927"/>
  <node id="11036078650" lat="24.6107581" lon="121.5115572"/>
  <node id="11036078639" lat="24.6107917" lon="121.5115326"/>
  <node id="11036078640" lat="24.6108714" lon="121.5114870"/>
  <node id="11036078641" lat="24.6111740" lon="121.5110544"/>
  <node id="11036078642" lat="24.6112636" lon="121.5108982"/>
  <node id="11036078643" lat="24.6113521" lon="121.5106832"/>
  <node id="11036078644" lat="24.6113673" lon="121.5105739"/>
  <node id="11036078645" lat="24.6113422" lon="121.5104525"/>
  <node id="11036078646" lat="24.6112570" lon="121.5102843"/>
  <node id="11036078647" lat="24.6112472" lon="121.5102050"/>
  <node id="11036078648" lat="24.6112745" lon="121.5100825"/>
  <node id="11036078649" lat="24.6112963" lon="121.5099239"/>
  <node id="11036078651" lat="24.6107110" lon="121.5115087"/>
  <node id="11036078652" lat="24.6106460" lon="121.5114670"/>
  <node id="11036078653" lat="24.6105823" lon="121.5114505"/>
  <node id="11036078654" lat="24.6105309" lon="121.5114686"/>
  <node id="11036271222" lat="24.6032142" lon="121.5140990"/>
  <node id="11036271225" lat="24.6031778" lon="121.5139356"/>
  <node id="11036271223" lat="24.6031327" lon="121.5137627"/>
  <node id="11036271226" lat="24.6031418" lon="121.5136753"/>
  <node id="11036271227" lat="24.6031969" lon="121.5135669"/>
  <node id="11036271157" lat="24.6032969" lon="121.5134965"/>
  <node id="11036271154" lat="24.6035218" lon="121.5133319"/>
  <node id="11036271153" lat="24.6036875" lon="121.5132442"/>
  <node id="11036271152" lat="24.6037700" lon="121.5131240"/>
  <node id="11036271151" lat="24.6038794" lon="121.5130139"/>
  <node id="11036271150" lat="24.6038971" lon="121.5129540"/>
  <node id="11036271147" lat="24.6038845" lon="121.5128675"/>
  <node id="11036271148" lat="24.6038631" lon="121.5127817"/>
  <node id="11036271149" lat="24.6038518" lon="121.5126862"/>
  <node id="11036271143" lat="24.6038568" lon="121.5125795"/>
  <node id="11036271144" lat="24.6038895" lon="121.5124122"/>
  <node id="11036271145" lat="24.6039008" lon="121.5123444"/>
  <node id="12162441447" lat="24.6039013" lon="121.5121700"/>
  <node id="12162467680" lat="24.6039294" lon="121.5121070"/>
  <node id="12162467777" lat="24.6039830" lon="121.5120882"/>
  <node id="12162467856" lat="24.6040720" lon="121.5121163"/>
  <node id="12162467193" lat="24.6041403" lon="121.5120935"/>
  <node id="12162467065" lat="24.6041537" lon="121.5120278"/>
  <node id="12162467067" lat="24.6041208" lon="121.5119380"/>
  <node id="12162467049" lat="24.6040708" lon="121.5118656"/>
  <node id="12162467088" lat="24.6040684" lon="121.5118052"/>
  <node id="12162467614" lat="24.6042232" lon="121.5115209"/>
  <node id="12162467239" lat="24.6042940" lon="121.5115075"/>
  <node id="12162441439" lat="24.6043354" lon="121.5115249"/>
  <node id="12162467099" lat="24.6043159" lon="121.5117140"/>
  <node id="12162467688" lat="24.6043074" lon="121.5118428"/>
  <node id="12162441476" lat="24.6043659" lon="121.5119031"/>
  <node id="12162467825" lat="24.6044415" lon="121.5119353"/>
  <node id="12162467806" lat="24.6045573" lon="121.5119500"/>
  <node id="12162467844" lat="24.6046659" lon="121.5119407"/>
  <node id="12162441494" lat="24.6049670" lon="121.5118991"/>
  <node id="12162467717" lat="24.6051621" lon="121.5118347"/>
  <node id="12162467668" lat="24.6052719" lon="121.5118374"/>
  <node id="12162467854" lat="24.6056718" lon="121.5118240"/>
  <node id="12162467203" lat="24.6057718" lon="121.5118575"/>
  <node id="12162441443" lat="24.6058157" lon="121.5118763"/>
  <node id="12162467604" lat="24.6059583" lon="121.5120345"/>
  <node id="12162467238" lat="24.6060144" lon="121.5121163"/>
  <node id="12162467622" lat="24.6060181" lon="121.5122062"/>
  <node id="12162467180" lat="24.6060205" lon="121.5122505"/>
  <node id="12162467163" lat="24.6060656" lon="121.5122679"/>
  <node id="12162467853" lat="24.6061169" lon="121.5122491"/>
  <node id="12162467617" lat="24.6061912" lon="121.5121418"/>
  <node id="12162467642" lat="24.6063278" lon="121.5119487"/>
  <node id="12162467841" lat="24.6063900" lon="121.5117328"/>
  <node id="12162467833" lat="24.6063814" lon="121.5116671"/>
  <node id="12162467174" lat="24.6063339" lon="121.5115504"/>
  <node id="12162467827" lat="24.6063851" lon="121.5115249"/>
  <node id="12162467192" lat="24.6064558" lon="121.5115786"/>
  <node id="12162467655" lat="24.6065217" lon="121.5116711"/>
  <node id="12162467791" lat="24.6065973" lon="121.5118133"/>
  <node id="12162467691" lat="24.6065924" lon="121.5119286"/>
  <node id="12162467081" lat="24.6065899" lon="121.5119930"/>
  <node id="12162467781" lat="24.6066156" lon="121.5120091"/>
  <node id="12162441465" lat="24.6066753" lon="121.5119581"/>
  <node id="12162467117" lat="24.6067485" lon="121.5118535"/>
  <node id="12162467199" lat="24.6068253" lon="121.5117381"/>
  <node id="12162467185" lat="24.6068119" lon="121.5115598"/>
  <node id="12162467752" lat="24.6068241" lon="121.5115142"/>
  <node id="12162467228" lat="24.6068619" lon="121.5114981"/>
  <node id="12162467847" lat="24.6069887" lon="121.5115504"/>
  <node id="12162467704" lat="24.6070094" lon="121.5116107"/>
  <node id="12162467224" lat="24.6070521" lon="121.5119286"/>
  <node id="12162467653" lat="24.6070594" lon="121.5120453"/>
  <node id="12162441475" lat="24.6070094" lon="121.5121512"/>
  <node id="12162467628" lat="24.6069301" lon="121.5122733"/>
  <node id="12162467769" lat="24.6068875" lon="121.5123416"/>
  <node id="12162467734" lat="24.6068997" lon="121.5123564"/>
  <node id="12162467732" lat="24.6069618" lon="121.5123269"/>
  <node id="12162467150" lat="24.6070240" lon="121.5122558"/>
  <node id="12162467186" lat="24.6071435" lon="121.5121579"/>
  <node id="12162467828" lat="24.6073228" lon="121.5120493"/>
  <node id="12162441440" lat="24.6074264" lon="121.5120453"/>
  <node id="12162467626" lat="24.6076642" lon="121.5121056"/>
  <node id="12162441496" lat="24.6077227" lon="121.5120587"/>
  <node id="12162467849" lat="24.6078495" lon="121.5115933"/>
  <node id="12162467780" lat="24.6078861" lon="121.5115839"/>
  <node id="12162467762" lat="24.6079166" lon="121.5116148"/>
  <node id="12162467650" lat="24.6078763" lon="121.5118065"/>
  <node id="12162467814" lat="24.6078458" lon="121.5123792"/>
  <node id="12162467693" lat="24.6078080" lon="121.5124181"/>
  <node id="12162467109" lat="24.6077739" lon="121.5124570"/>
  <node id="12162467601" lat="24.6075410" lon="121.5124060"/>
  <node id="12162467793" lat="24.6074703" lon="121.5124087"/>
  <node id="12162467055" lat="24.6073069" lon="121.5125039"/>
  <node id="12162441450" lat="24.6072642" lon="121.5125750"/>
  <node id="12162467727" lat="24.6072374" lon="121.5126581"/>
  <node id="12162467657" lat="24.6072094" lon="121.5127668"/>
  <node id="12162467625" lat="24.6071191" lon="121.5129277"/>
  <node id="12162467690" lat="24.6070399" lon="121.5129948"/>
  <node id="12162467166" lat="24.6069838" lon="121.5130176"/>
  <node id="12162467052" lat="24.6068521" lon="121.5130484"/>
  <node id="12162467733" lat="24.6068131" lon="121.5130766"/>
  <node id="12162467119" lat="24.6067716" lon="121.5131101"/>
  <node id="12162467810" lat="24.6067338" lon="121.5131691"/>
  <node id="12162467101" lat="24.6067131" lon="121.5132576"/>
  <node id="12162467721" lat="24.6067168" lon="121.5133998"/>
  <node id="12162441459" lat="24.6143836" lon="121.5593272"/>
  <node id="12162467066" lat="24.6144853" lon="121.5593348"/>
  <node id="12162467649" lat="24.6145646" lon="121.5593396"/>
  <node id="12162467121" lat="24.6146483" lon="121.5593140"/>
  <node id="12162467092" lat="24.6147310" lon="121.5592836"/>
  <node id="12162467135" lat="24.6148069" lon="121.5592381"/>
  <node id="12162467140" lat="24.6148629" lon="121.5591859"/>
  <node id="12162467063" lat="24.6149155" lon="121.5591243"/>
  <node id="12162467838" lat="24.6149267" lon="121.5589877"/>
  <node id="12162467859" lat="24.6149155" lon="121.5589479"/>
  <node id="12162467608" lat="24.6148638" lon="121.5588796"/>
  <node id="12162441463" lat="24.6148241" lon="121.5588303"/>
  <node id="12162467716" lat="24.6147707" lon="121.5587668"/>
  <node id="12162467815" lat="24.6146914" lon="121.5586113"/>
  <node id="12162467159" lat="24.6146276" lon="121.5583875"/>
  <node id="12162467700" lat="24.6145465" lon="121.5582689"/>
  <node id="12162467708" lat="24.6143336" lon="121.5581134"/>
  <node id="12162467660" lat="24.6142543" lon="121.5580878"/>
  <node id="12162467757" lat="24.6141724" lon="121.5580859"/>
  <node id="12162467097" lat="24.6141379" lon="121.5580470"/>
  <node id="12162467229" lat="24.6141138" lon="121.5579683"/>
  <node id="12162467157" lat="24.6139844" lon="121.5577312"/>
  <node id="12162467851" lat="24.6139404" lon="121.5576623"/>
  <node id="12162467162" lat="24.6138715" lon="121.5576415"/>
  <node id="12162467113" lat="24.6134423" lon="121.5577058"/>
  <node id="12162467629" lat="24.6132460" lon="121.5577179"/>
  <node id="12162467737" lat="24.6131363" lon="121.5577394"/>
  <node id="11046159742" lat="24.6129245" lon="121.5577208"/>
  <node id="11046159743" lat="24.6128557" lon="121.5577748"/>
  <node id="11046159744" lat="24.6125719" lon="121.5578235"/>
  <node id="11046159745" lat="24.6123865" lon="121.5578307"/>
  <node id="11046159746" lat="24.6122176" lon="121.5578289"/>
  <node id="11046159747" lat="24.6120470" lon="121.5578397"/>
  <node id="11046159748" lat="24.6119502" lon="121.5578686"/>
  <node id="11046159749" lat="24.6119649" lon="121.5580094"/>
  <node id="11046159750" lat="24.6120683" lon="121.5580707"/>
  <node id="11046159751" lat="24.6123570" lon="121.5583215"/>
  <node id="11046159752" lat="24.6125178" lon="121.5584280"/>
  <node id="11046159753" lat="24.6126523" lon="121.5585056"/>
  <node id="11046159754" lat="24.6128189" lon="121.5585548"/>
  <node id="11046159755" lat="24.6128598" lon="121.5586167"/>
  <node id="11046159756" lat="24.6127908" lon="121.5586653"/>
  <node id="11046159757" lat="24.6126956" lon="121.5587138"/>
  <node id="11046159758" lat="24.6125632" lon="121.5587730"/>
  <node id="11046159759" lat="24.6124611" lon="121.5588610"/>
  <node id="11046159760" lat="24.6124266" lon="121.5589612"/>
  <node id="11046159761" lat="24.6124280" lon="121.5591463"/>
  <node id="11046159762" lat="24.6124942" lon="121.5592054"/>
  <node id="11046159763" lat="24.6125894" lon="121.5592555"/>
  <node id="11046159764" lat="24.6126266" lon="121.5593283"/>
  <node id="11046159765" lat="24.6126335" lon="121.5594118"/>
  <node id="11046159766" lat="24.6126294" lon="121.5594634"/>
  <node id="11046159767" lat="24.6130432" lon="121.5598093"/>
  <node id="11046159768" lat="24.6133329" lon="121.5600870"/>
  <node id="4394329872" lat="24.6092956" lon="121.5261296"/>
  <node id="4394329873" lat="24.6091847" lon="121.5261965"/>
  <node id="4394329874" lat="24.6091142" lon="121.5262213"/>
  <node id="4394329875" lat="24.6089360" lon="121.5262255"/>
  <node id="12989732358" lat="24.6132648" lon="121.5241845"/>
  <node id="4394331179" lat="24.6132307" lon="121.5240679"/>
  <node id="12989732328" lat="24.6132590" lon="121.5240370"/>
  <node id="4394331180" lat="24.6132807" lon="121.5240200"/>
  <node id="4394331181" lat="24.6133966" lon="121.5239592"/>
  <node id="14017205372" lat="24.6134700" lon="121.5239403"/>
  <node id="14017205373" lat="24.6136433" lon="121.5239030"/>
  <node id="12989732330" lat="24.6137572" lon="121.5238785"/>
  <node id="12989732331" lat="24.6138041" lon="121.5238758"/>
  <node id="12989732364" lat="24.6138884" lon="121.5239021"/>
  <node id="12989732332" lat="24.6139552" lon="121.5239496"/>
  <node id="12989732333" lat="24.6140171" lon="121.5239903"/>
  <node id="12989732334" lat="24.6141081" lon="121.5240637"/>
  <node id="12989732335" lat="24.6141881" lon="121.5241150"/>
  <node id="12989732336" lat="24.6142454" lon="121.5241543"/>
  <node id="12989732337" lat="24.6143320" lon="121.5241933"/>
  <node id="12989732338" lat="24.6143933" lon="121.5242400"/>
  <node id="12989732339" lat="24.6144355" lon="121.5242707"/>
  <node id="12989732340" lat="24.6144985" lon="121.5243209"/>
  <node id="12989732341" lat="24.6145254" lon="121.5243366"/>
  <node id="12989732359" lat="24.6145471" lon="121.5243446"/>
  <node id="12989732342" lat="24.6146007" lon="121.5243493"/>
  <node id="14017205375" lat="24.6148276" lon="121.5244077"/>
  <node id="14017205381" lat="24.6148464" lon="121.5243776"/>
  <node id="14017205376" lat="24.6148738" lon="121.5243335"/>
  <node id="14017205377" lat="24.6149008" lon="121.5242349"/>
  <node id="14017205378" lat="24.6148632" lon="121.5242116"/>
  <node id="14017205379" lat="24.6147881" lon="121.5241077"/>
  <node id="14017205380" lat="24.6146955" lon="121.5238903"/>
  <node id="13110196349" lat="24.6022550" lon="121.5118591"/>
  <node id="13110196346" lat="24.6022209" lon="121.5118768"/>
  <node id="13110196347" lat="24.6021088" lon="121.5119144"/>
  <node id="13110196348" lat="24.6016877" lon="121.5120288"/>
  <node id="13110196350" lat="24.6023299" lon="121.5120253"/>
  <node id="11034957685" lat="24.6148833" lon="121.5239343"/>
  <node id="4394331115" lat="24.6149185" lon="121.5239925"/>
  <node id="4394331116" lat="24.6149738" lon="121.5240421"/>
  <node id="4394331117" lat="24.6150089" lon="121.5240764"/>
  <node id="4394331118" lat="24.6150696" lon="121.5241227"/>
  <node id="12989716377" lat="24.6151125" lon="121.5241454"/>
  <node id="12989716376" lat="24.6151385" lon="121.5241523"/>
  <node id="12989716380" lat="24.6151587" lon="121.5241435"/>
  <node id="12989716379" lat="24.6151741" lon="121.5241301"/>
  <node id="14017205383" lat="24.6151892" lon="121.5240992"/>
  <node id="4394331119" lat="24.6151562" lon="121.5240177"/>
  <node id="13786683693" lat="24.6261180" lon="121.5417126"/>
  <node id="13786668754" lat="24.6261398" lon="121.5417278"/>
  <node id="13786668755" lat="24.6262335" lon="121.5417931"/>
  <node id="13786668765" lat="24.6259532" lon="121.5419700"/>
  <node id="13800639146" lat="24.6046325" lon="121.5302103"/>
  <node id="13800639147" lat="24.6045290" lon="121.5299171"/>
  <node id="13800639148" lat="24.6044234" lon="121.5296755"/>
  <node id="13800639152" lat="24.6042702" lon="121.5294912"/>
  <node id="13800639153" lat="24.6040650" lon="121.5293092"/>
  <node id="13800639158" lat="24.6039144" lon="121.5291871"/>
  <node id="13800639149" lat="24.6037365" lon="121.5290648"/>
  <node id="13800639157" lat="24.6034739" lon="121.5289611"/>
  <node id="13800639155" lat="24.6010537" lon="121.5286107"/>
  <node id="13800639154" lat="24.6008726" lon="121.5285558"/>
  <node id="13800639150" lat="24.6006918" lon="121.5284911"/>
  <node id="13800639156" lat="24.6005304" lon="121.5284141"/>
  <node id="13800639151" lat="24.6003884" lon="121.5283303"/>
  <node id="2345990537" lat="24.6048173" lon="121.5309880"/>
  <node id="11017096838" lat="24.6047834" lon="121.5309195"/>
  <node id="2345990775" lat="24.6047356" lon="121.5308502"/>
  <node id="11017096837" lat="24.6045936" lon="121.5307003"/>
  <node id="3110882513" lat="24.6041053" lon="121.5302415"/>
  <node id="11017096836" lat="24.6039989" lon="121.5301534"/>
  <node id="2345990513" lat="24.6039462" lon="121.5301180"/>
  <node id="3110882508" lat="24.6003707" lon="121.5283756"/>
  <node id="14017205382" lat="24.6150377" lon="121.5242625"/>
  <node id="4394331146" lat="24.6151312" lon="121.5242508"/>
  <node id="12989732384" lat="24.6125243" lon="121.5251527"/>
  <node id="12989732383" lat="24.6125485" lon="121.5251015"/>
  <node id="12989732382" lat="24.6125649" lon="121.5250588"/>
  <node id="12989732385" lat="24.6125616" lon="121.5250516"/>
  <node id="12989732379" lat="24.6125574" lon="121.5250480"/>
  <node id="12989732365" lat="24.6125312" lon="121.5250334"/>
  <node id="12989732376" lat="24.6125987" lon="121.5248831"/>
  <way id="207565243">
    <nd ref="300592953"/>
    <nd ref="11017007927"/>
    <nd ref="11017007928"/>
    <nd ref="6551024686"/>
    <nd ref="11017007929"/>
    <nd ref="2178262070"/>
    <tag k="embankment" v="yes"/>
    <tag k="highway" v="primary"/>
    <tag k="lanes" v="1"/>
    <tag k="maxspeed" v="50"/>
    <tag k="name" v="英士橋"/>
    <tag k="name:en" v="YingShi Bridge"/>
    <tag k="name:zh" v="英士橋"/>
    <tag k="oneway" v="yes"/>
    <tag k="ref" v="7"/>
    <tag k="ref:en" v="Provincial Highway 7"/>
    <tag k="ref:zh" v="台7線"/>
  </way>
  <way id="207565244">
    <nd ref="11017007933"/>
    <nd ref="6551020482"/>
    <nd ref="4446606614"/>
    <nd ref="300592983"/>
    <nd ref="11017007924"/>
    <nd ref="11017007923"/>
    <nd ref="2178261937"/>
    <nd ref="2178261760"/>
    <nd ref="300592990"/>
    <nd ref="300592996"/>
    <nd ref="11017007910"/>
    <nd ref="11017007909"/>
    <nd ref="4446606612"/>
    <nd ref="300593003"/>
    <nd ref="11017007908"/>
    <nd ref="4446606613"/>
    <nd ref="11017007907"/>
    <nd ref="2178261832"/>
    <nd ref="4446606615"/>
    <nd ref="11017007906"/>
    <nd ref="2178261917"/>
    <nd ref="4446606616"/>
    <nd ref="11017007905"/>
    <nd ref="300593016"/>
    <nd ref="11017007904"/>
    <nd ref="11017007903"/>
    <nd ref="300593023"/>
    <nd ref="300593029"/>
    <nd ref="11017007902"/>
    <nd ref="2178261945"/>
    <nd ref="2178262144"/>
    <nd ref="300593035"/>
    <nd ref="11017007901"/>
    <nd ref="2178261948"/>
    <nd ref="11017007900"/>
    <nd ref="2178262253"/>
    <nd ref="2178261756"/>
    <tag k="highway" v="primary"/>
    <tag k="maxspeed" v="50"/>
    <tag k="name" v="泰雅路三段"/>
    <tag k="name:en" v="Section 3, Taiya Road"/>
    <tag k="name:nan" v="Thài-ngá-lō͘ 3-tōaⁿ"/>
    <tag k="name:nan-Hant" v="泰雅路三段"/>
    <tag k="name:nan-Latn-pehoeji" v="Thài-ngá-lō͘ 3-tōaⁿ"/>
    <tag k="name:nan-Latn-tailo" v="Thài-ngá-lōo 3-tuānn"/>
    <tag k="name:zh" v="泰雅路三段"/>
    <tag k="ref" v="7"/>
    <tag k="ref:en" v="Provincial Highway 7"/>
    <tag k="ref:zh" v="台7線"/>
  </way>
  <way id="207565247">
    <nd ref="2178262150"/>
    <nd ref="2178262153"/>
    <nd ref="2178262158"/>
    <nd ref="11016906330"/>
    <nd ref="2178262161"/>
    <nd ref="2178262163"/>
    <nd ref="11016906329"/>
    <nd ref="300593185"/>
    <nd ref="300593218"/>
    <nd ref="11016906328"/>
    <nd ref="300593190"/>
    <nd ref="4443442377"/>
    <nd ref="11016906327"/>
    <nd ref="2178262167"/>
    <nd ref="2178262251"/>
    <nd ref="300593196"/>
    <nd ref="2178261667"/>
    <nd ref="2178262233"/>
    <nd ref="4443442378"/>
    <nd ref="300593201"/>
    <nd ref="5108858057"/>
    <nd ref="11016906325"/>
    <nd ref="2178262193"/>
    <nd ref="300593206"/>
    <nd ref="2178262217"/>
    <nd ref="2178262220"/>
    <nd ref="300593212"/>
    <nd ref="4443442379"/>
    <nd ref="2178262224"/>
    <nd ref="11016906323"/>
    <nd ref="2178261692"/>
    <nd ref="11016906322"/>
    <nd ref="2178262235"/>
    <nd ref="11016906321"/>
    <nd ref="2178262241"/>
    <nd ref="4443442380"/>
    <nd ref="2178261668"/>
    <nd ref="11016906320"/>
    <nd ref="11016906319"/>
    <nd ref="2178261670"/>
    <nd ref="11016906318"/>
    <nd ref="2178261683"/>
    <nd ref="11016906317"/>
    <nd ref="2178261672"/>
    <nd ref="11016906316"/>
    <nd ref="4430919449"/>
    <nd ref="11016906315"/>
    <nd ref="2178261678"/>
    <nd ref="300593223"/>
    <nd ref="11016906314"/>
    <nd ref="2178261680"/>
    <nd ref="2178261681"/>
    <nd ref="11016906313"/>
    <nd ref="2178261682"/>
    <nd ref="11016906312"/>
    <nd ref="300593229"/>
    <nd ref="4443442381"/>
    <nd ref="4430919450"/>
    <nd ref="11016906311"/>
    <nd ref="300593235"/>
    <nd ref="11016906310"/>
    <nd ref="2178261685"/>
    <nd ref="2178261684"/>
    <nd ref="300593241"/>
    <nd ref="2178261686"/>
    <nd ref="2178261689"/>
    <nd ref="2178261687"/>
    <nd ref="300593246"/>
    <nd ref="3104018230"/>
    <nd ref="11016906309"/>
    <nd ref="4446632374"/>
    <nd ref="2178261690"/>
    <nd ref="3104018229"/>
    <nd ref="300593251"/>
    <nd ref="300593255"/>
    <tag k="highway" v="primary"/>
    <tag k="maxspeed" v="50"/>
    <tag k="name" v="泰雅路三段"/>
    <tag k="name:en" v="Section 3, Taiya Road"/>
    <tag k="name:nan" v="Thài-ngá-lō͘ 3-tōaⁿ"/>
    <tag k="name:nan-Hant" v="泰雅路三段"/>
    <tag k="name:nan-Latn-pehoeji" v="Thài-ngá-lō͘ 3-tōaⁿ"/>
    <tag k="name:nan-Latn-tailo" v="Thài-ngá-lōo 3-tuānn"/>
    <tag k="name:zh" v="泰雅路三段"/>
    <tag k="ref" v="7"/>
    <tag k="ref:en" v="Provincial Highway 7"/>
    <tag k="ref:zh" v="台7線"/>
  </way>
  <way id="207565248">
    <nd ref="2178261972"/>
    <nd ref="11016906344"/>
    <tag k="bridge" v="yes"/>
    <tag k="highway" v="primary"/>
    <tag k="layer" v="1"/>
    <tag k="maxspeed" v="50"/>
    <tag k="name" v="石頭橋"/>
    <tag k="name:en" v="ShiTou Bridge"/>
    <tag k="name:zh" v="石頭橋"/>
    <tag k="ref" v="7"/>
    <tag k="ref:en" v="Provincial Highway 7"/>
    <tag k="ref:zh" v="台7線"/>
  </way>
  <way id="207565250">
    <nd ref="11016900492"/>
    <nd ref="3104018232"/>
    <nd ref="300593260"/>
    <nd ref="11016900491"/>
    <nd ref="11016900490"/>
    <nd ref="11016900489"/>
    <nd ref="11016900488"/>
    <nd ref="3104018235"/>
    <tag k="bridge" v="yes"/>
    <tag k="highway" v="primary"/>
    <tag k="layer" v="1"/>
    <tag k="maxspeed" v="50"/>
    <tag k="name" v="執信橋"/>
    <tag k="name:en" v="ZhiXin Bridge"/>
    <tag k="name:zh" v="執信橋"/>
    <tag k="oneway" v="yes"/>
    <tag k="ref" v="7"/>
    <tag k="ref:en" v="Provincial Highway 7"/>
    <tag k="ref:zh" v="台7線"/>
  </way>
  <way id="207565256">
    <nd ref="11016900480"/>
    <nd ref="300593270"/>
    <nd ref="2178261698"/>
    <nd ref="11016900479"/>
    <nd ref="11016900478"/>
    <nd ref="2178261700"/>
    <nd ref="2178261701"/>
    <nd ref="11016900477"/>
    <nd ref="300593276"/>
    <nd ref="11016900476"/>
    <nd ref="2178261714"/>
    <nd ref="11016900475"/>
    <nd ref="11016900474"/>
    <nd ref="300593283"/>
    <nd ref="300593292"/>
    <nd ref="11016900473"/>
    <nd ref="4430919453"/>
    <nd ref="11016900470"/>
    <nd ref="11016900471"/>
    <nd ref="300593305"/>
    <nd ref="11016900472"/>
    <nd ref="2178261716"/>
    <nd ref="4446632375"/>
    <nd ref="300593315"/>
    <nd ref="2178261718"/>
    <nd ref="300593321"/>
    <nd ref="11016900469"/>
    <nd ref="3104018238"/>
    <nd ref="2178261720"/>
    <nd ref="2178261726"/>
    <nd ref="2178261724"/>
    <nd ref="300593330"/>
    <nd ref="11016900468"/>
    <nd ref="2178261728"/>
    <nd ref="2178261730"/>
    <nd ref="300593337"/>
    <nd ref="2178261736"/>
    <nd ref="11016900467"/>
    <nd ref="300593347"/>
    <nd ref="3104018240"/>
    <nd ref="300593353"/>
    <nd ref="2178261747"/>
    <nd ref="11016900466"/>
    <nd ref="3104018239"/>
    <nd ref="11016900465"/>
    <nd ref="300593360"/>
    <nd ref="300593372"/>
    <nd ref="11016900464"/>
    <nd ref="9107347606"/>
    <nd ref="2178261435"/>
    <nd ref="2178261438"/>
    <nd ref="2178261452"/>
    <nd ref="300593377"/>
    <nd ref="2178261444"/>
    <nd ref="11019651808"/>
    <nd ref="2178261462"/>
    <nd ref="2178261502"/>
    <nd ref="300593383"/>
    <nd ref="2178261496"/>
    <nd ref="2178261505"/>
    <nd ref="1984505638"/>
    <tag k="highway" v="primary"/>
    <tag k="maxspeed" v="50"/>
    <tag k="name" v="泰雅路三段"/>
    <tag k="name:en" v="Section 3, Taiya Road"/>
    <tag k="name:nan" v="Thài-ngá-lō͘ 3-tōaⁿ"/>
    <tag k="name:nan-Hant" v="泰雅路三段"/>
    <tag k="name:nan-Latn-pehoeji" v="Thài-ngá-lō͘ 3-tōaⁿ"/>
    <tag k="name:nan-Latn-tailo" v="Thài-ngá-lōo 3-tuānn"/>
    <tag k="name:zh" v="泰雅路三段"/>
    <tag k="ref" v="7"/>
    <tag k="ref:en" v="Provincial Highway 7"/>
    <tag k="ref:zh" v="台7線"/>
  </way>
  <way id="225806652">
    <nd ref="11017096835"/>
    <nd ref="3110882511"/>
    <tag k="bridge" v="yes"/>
    <tag k="highway" v="residential"/>
    <tag k="name" v="碼崙橋"/>
    <tag k="oneway" v="no"/>
    <tag k="ref" v="宜51"/>
    <tag k="ref:en" v="IL51"/>
    <tag k="ref:zh" v="宜51"/>
    <tag k="surface" v="asphalt"/>
  </way>
  <way id="225806653">
    <nd ref="2345938554"/>
    <nd ref="3110882541"/>
    <tag k="bridge" v="yes"/>
    <tag k="highway" v="tertiary"/>
    <tag k="layer" v="1"/>
    <tag k="name" v="東溪橋"/>
    <tag k="oneway" v="no"/>
    <tag k="ref" v="宜51"/>
    <tag k="ref:en" v="IL51"/>
    <tag k="ref:zh" v="宜51"/>
  </way>
  <way id="225808170">
    <nd ref="3110882814"/>
    <nd ref="2345990534"/>
    <nd ref="11017263790"/>
    <nd ref="2345990780"/>
    <nd ref="11017263789"/>
    <nd ref="11017263788"/>
    <nd ref="3110882816"/>
    <nd ref="3110882818"/>
    <nd ref="2345990773"/>
    <nd ref="3110882822"/>
    <nd ref="11017263787"/>
    <nd ref="11017263786"/>
    <nd ref="11017263785"/>
    <nd ref="11017263784"/>
    <nd ref="2345990605"/>
    <nd ref="3110882821"/>
    <nd ref="3110882820"/>
    <nd ref="2345990682"/>
    <nd ref="3110882817"/>
    <nd ref="11017263783"/>
    <nd ref="11017263782"/>
    <nd ref="2345990684"/>
    <nd ref="2345990678"/>
    <nd ref="2345933037"/>
    <nd ref="2345990656"/>
    <nd ref="11017263781"/>
    <nd ref="11017263780"/>
    <nd ref="11017263779"/>
    <nd ref="2345990602"/>
    <nd ref="3110882810"/>
    <nd ref="3110882812"/>
    <nd ref="2345990709"/>
    <nd ref="11017263778"/>
    <nd ref="11017263777"/>
    <nd ref="11017263776"/>
    <nd ref="3110882811"/>
    <nd ref="3110882809"/>
    <nd ref="3110882808"/>
    <nd ref="2345990736"/>
    <nd ref="3110882806"/>
    <nd ref="3110882804"/>
    <nd ref="2345990664"/>
    <nd ref="11017263775"/>
    <nd ref="9107309833"/>
    <nd ref="11017263774"/>
    <nd ref="2345990791"/>
    <nd ref="3110882799"/>
    <nd ref="3110882797"/>
    <nd ref="2345990744"/>
    <nd ref="11017263773"/>
    <nd ref="11017263772"/>
    <nd ref="11017263771"/>
    <nd ref="3110882787"/>
    <nd ref="3110882781"/>
    <nd ref="2345990666"/>
    <nd ref="3110882780"/>
    <nd ref="3110882778"/>
    <nd ref="3110882777"/>
    <nd ref="3110882775"/>
    <nd ref="2345990586"/>
    <nd ref="2345990765"/>
    <nd ref="3110882779"/>
    <nd ref="2345990781"/>
    <nd ref="11017263769"/>
    <nd ref="11017263770"/>
    <nd ref="3110882776"/>
    <nd ref="2345990711"/>
    <nd ref="11017263768"/>
    <nd ref="3110882772"/>
    <nd ref="11017263767"/>
    <nd ref="9107309832"/>
    <nd ref="11017263766"/>
    <nd ref="2345990568"/>
    <nd ref="11017263765"/>
    <nd ref="3110882771"/>
    <nd ref="2345990628"/>
    <nd ref="3110882770"/>
    <nd ref="3110882769"/>
    <nd ref="2345990799"/>
    <nd ref="11017263764"/>
    <nd ref="3110882766"/>
    <nd ref="2345990697"/>
    <nd ref="9107309831"/>
    <nd ref="3110882764"/>
    <nd ref="2345990712"/>
    <nd ref="9107309830"/>
    <nd ref="11017263763"/>
    <nd ref="3110882763"/>
    <nd ref="11017263762"/>
    <nd ref="2345990692"/>
    <nd ref="3110882760"/>
    <nd ref="11017263761"/>
    <nd ref="3110882758"/>
    <nd ref="2345990724"/>
    <nd ref="3110882755"/>
    <nd ref="3110882756"/>
    <nd ref="3110882757"/>
    <nd ref="3110882759"/>
    <nd ref="11017263760"/>
    <nd ref="2345990680"/>
    <nd ref="11017263759"/>
    <nd ref="2345990674"/>
    <nd ref="2345990676"/>
    <nd ref="11017263758"/>
    <nd ref="3110882774"/>
    <nd ref="9107309829"/>
    <nd ref="11017263757"/>
    <nd ref="2345990625"/>
    <nd ref="3110882786"/>
    <nd ref="2345990539"/>
    <nd ref="3110882790"/>
    <nd ref="3110882791"/>
    <nd ref="2345990603"/>
    <nd ref="3110882793"/>
    <nd ref="2345990562"/>
    <nd ref="3110882795"/>
    <nd ref="9107301048"/>
    <nd ref="3110882794"/>
    <nd ref="11017263756"/>
    <nd ref="9107301049"/>
    <nd ref="2345990789"/>
    <nd ref="3110882792"/>
    <nd ref="2345990740"/>
    <nd ref="11017263755"/>
    <nd ref="9107309823"/>
    <nd ref="11017263754"/>
    <nd ref="2345990672"/>
    <nd ref="9107309824"/>
    <nd ref="11017263753"/>
    <nd ref="2345990550"/>
    <nd ref="9107309825"/>
    <nd ref="11017263752"/>
    <nd ref="3110882773"/>
    <nd ref="3110882768"/>
    <nd ref="3110882767"/>
    <nd ref="3110882765"/>
    <nd ref="2345990694"/>
    <nd ref="3110882762"/>
    <nd ref="3110882761"/>
    <nd ref="2345990609"/>
    <nd ref="11017263751"/>
    <nd ref="11017263750"/>
    <nd ref="3110882754"/>
    <nd ref="2345990745"/>
    <nd ref="11017263749"/>
    <nd ref="3110882753"/>
    <nd ref="3110882752"/>
    <nd ref="11017263748"/>
    <nd ref="3110882751"/>
    <nd ref="2345990733"/>
    <nd ref="11017263747"/>
    <nd ref="11017263746"/>
    <nd ref="3110882746"/>
    <nd ref="3110882740"/>
    <nd ref="11017263745"/>
    <nd ref="4430919448"/>
    <nd ref="3110882739"/>
    <nd ref="11017263744"/>
    <nd ref="2345990660"/>
    <nd ref="3110882741"/>
    <nd ref="11017263743"/>
    <nd ref="2345990596"/>
    <nd ref="3110882743"/>
    <nd ref="11017263742"/>
    <nd ref="11017263741"/>
    <nd ref="2345990701"/>
    <nd ref="11017263740"/>
    <nd ref="11017263739"/>
    <nd ref="9107309826"/>
    <nd ref="2345990718"/>
    <nd ref="2345990533"/>
    <nd ref="3110882747"/>
    <nd ref="11017263738"/>
    <nd ref="3110882748"/>
    <nd ref="2345990727"/>
    <nd ref="11017263737"/>
    <nd ref="3110882750"/>
    <nd ref="11017263736"/>
    <nd ref="11017263735"/>
    <nd ref="11017263734"/>
    <nd ref="11017263733"/>
    <nd ref="3110882749"/>
    <nd ref="2345990571"/>
    <nd ref="3110882745"/>
    <nd ref="3110882744"/>
    <nd ref="2345990804"/>
    <nd ref="11017263732"/>
    <nd ref="9107309827"/>
    <nd ref="11017263731"/>
    <nd ref="11017263730"/>
    <nd ref="3110882738"/>
    <nd ref="11017263729"/>
    <nd ref="4430919447"/>
    <nd ref="11017263728"/>
    <nd ref="9107309828"/>
    <nd ref="2345990695"/>
    <nd ref="2345990738"/>
    <nd ref="11017263727"/>
    <nd ref="11017263726"/>
    <nd ref="3110882737"/>
    <nd ref="11017263725"/>
    <nd ref="3110882736"/>
    <nd ref="3110882735"/>
    <nd ref="11017263724"/>
    <nd ref="2345990670"/>
    <nd ref="11017263723"/>
    <nd ref="11017263722"/>
    <nd ref="2345990530"/>
    <nd ref="11017263721"/>
    <nd ref="3110882734"/>
    <nd ref="3110882733"/>
    <nd ref="11017263720"/>
    <nd ref="2345990722"/>
    <nd ref="11017263719"/>
    <nd ref="2345990686"/>
    <nd ref="11017263718"/>
    <nd ref="3110882732"/>
    <nd ref="11017263717"/>
    <nd ref="11017263716"/>
    <nd ref="2345990777"/>
    <nd ref="11017263715"/>
    <nd ref="3110882731"/>
    <nd ref="3110882730"/>
    <nd ref="3110882729"/>
    <nd ref="2345990621"/>
    <nd ref="11017263714"/>
    <nd ref="11017263713"/>
    <nd ref="3110882628"/>
    <nd ref="11017263712"/>
    <nd ref="11017263711"/>
    <nd ref="2345990749"/>
    <nd ref="11017263710"/>
    <nd ref="2345990735"/>
    <nd ref="11017263709"/>
    <nd ref="3110882627"/>
    <nd ref="3110882626"/>
    <nd ref="3110882625"/>
    <nd ref="11017263708"/>
    <nd ref="3110882620"/>
    <nd ref="11017263707"/>
    <nd ref="2345990662"/>
    <nd ref="3110882617"/>
    <nd ref="11017263706"/>
    <nd ref="11017263705"/>
    <nd ref="2345990515"/>
    <nd ref="3110882615"/>
    <nd ref="9050325251"/>
    <nd ref="3110882614"/>
    <nd ref="11017263704"/>
    <nd ref="2345990699"/>
    <nd ref="3110882616"/>
    <nd ref="2345990584"/>
    <nd ref="3110882621"/>
    <nd ref="3110882624"/>
    <nd ref="3110882623"/>
    <nd ref="3110882622"/>
    <nd ref="2345990783"/>
    <nd ref="3110882619"/>
    <nd ref="2345990787"/>
    <nd ref="3110882618"/>
    <nd ref="2345990703"/>
    <nd ref="3110882613"/>
    <nd ref="2345990771"/>
    <nd ref="3110882612"/>
    <nd ref="2345990716"/>
    <nd ref="3110882611"/>
    <nd ref="3110882610"/>
    <nd ref="2345990613"/>
    <nd ref="3110882609"/>
    <nd ref="3110882608"/>
    <nd ref="2345990714"/>
    <nd ref="3110882607"/>
    <nd ref="3110882606"/>
    <nd ref="3110882599"/>
    <nd ref="2345990548"/>
    <nd ref="3110882597"/>
    <nd ref="2345990590"/>
    <nd ref="3110882593"/>
    <nd ref="2345990575"/>
    <nd ref="3110882589"/>
    <nd ref="2345990731"/>
    <nd ref="3110882588"/>
    <nd ref="3110882587"/>
    <nd ref="2345990801"/>
    <nd ref="2345990619"/>
    <nd ref="3110882595"/>
    <nd ref="2345990577"/>
    <nd ref="3110882594"/>
    <nd ref="3110882590"/>
    <nd ref="2345990797"/>
    <nd ref="2345990752"/>
    <nd ref="2345990756"/>
    <nd ref="3110882591"/>
    <nd ref="3110882592"/>
    <nd ref="2345990519"/>
    <nd ref="4446620599"/>
    <nd ref="4446620600"/>
    <nd ref="2345990782"/>
    <nd ref="2345990785"/>
    <nd ref="3110882601"/>
    <nd ref="3110882604"/>
    <nd ref="3110882605"/>
    <nd ref="3110882603"/>
    <nd ref="3110882602"/>
    <nd ref="11017263703"/>
    <nd ref="11017263702"/>
    <nd ref="3110882600"/>
    <nd ref="11017263701"/>
    <nd ref="11017263700"/>
    <nd ref="2345990786"/>
    <nd ref="3110882598"/>
    <nd ref="2345990767"/>
    <nd ref="11017263699"/>
    <nd ref="11017263698"/>
    <nd ref="3110882596"/>
    <nd ref="2345990705"/>
    <nd ref="2345990769"/>
    <nd ref="2345990779"/>
    <nd ref="3110882586"/>
    <nd ref="2345990720"/>
    <nd ref="3110882585"/>
    <nd ref="2345990614"/>
    <nd ref="3110882584"/>
    <nd ref="3110882583"/>
    <nd ref="3110882582"/>
    <nd ref="2345990806"/>
    <nd ref="3110882581"/>
    <nd ref="2345990543"/>
    <nd ref="3110882580"/>
    <nd ref="3110882579"/>
    <nd ref="3110882578"/>
    <nd ref="2345990729"/>
    <nd ref="2345990707"/>
    <nd ref="3110882577"/>
    <nd ref="3110882576"/>
    <nd ref="2345990594"/>
    <nd ref="3110882575"/>
    <nd ref="3110882574"/>
    <nd ref="2345990573"/>
    <nd ref="11017263697"/>
    <nd ref="11017263696"/>
    <nd ref="11017263695"/>
    <nd ref="3110882573"/>
    <nd ref="11017263693"/>
    <nd ref="11017263694"/>
    <nd ref="11017263692"/>
    <nd ref="2345990688"/>
    <nd ref="11017263691"/>
    <nd ref="11017263690"/>
    <nd ref="11017263689"/>
    <nd ref="11017263688"/>
    <nd ref="3110882570"/>
    <nd ref="3110882569"/>
    <nd ref="2345990623"/>
    <nd ref="3110882567"/>
    <nd ref="3110882564"/>
    <nd ref="2345990788"/>
    <nd ref="11017263687"/>
    <nd ref="3110882565"/>
    <nd ref="3110882568"/>
    <nd ref="11017263686"/>
    <nd ref="11017263685"/>
    <nd ref="2345990592"/>
    <nd ref="11017263684"/>
    <nd ref="3110882571"/>
    <nd ref="11017263683"/>
    <nd ref="11017263682"/>
    <nd ref="2345990510"/>
    <nd ref="3110882572"/>
    <nd ref="11017263681"/>
    <nd ref="11017263680"/>
    <nd ref="11017263679"/>
    <nd ref="2345990795"/>
    <nd ref="11017263678"/>
    <nd ref="3110882566"/>
    <nd ref="11017263677"/>
    <nd ref="11017263676"/>
    <nd ref="11017263675"/>
    <nd ref="2345990725"/>
    <nd ref="3110882563"/>
    <nd ref="3110882562"/>
    <nd ref="11017263674"/>
    <nd ref="3110882561"/>
    <nd ref="2345990617"/>
    <nd ref="2345990535"/>
    <nd ref="11017263673"/>
    <nd ref="11017263672"/>
    <nd ref="11017263671"/>
    <nd ref="3110882557"/>
    <nd ref="3110882554"/>
    <nd ref="3110882555"/>
    <nd ref="11017263670"/>
    <nd ref="11017263669"/>
    <nd ref="11017263668"/>
    <nd ref="2345990808"/>
    <nd ref="3110882560"/>
    <nd ref="11017263667"/>
    <nd ref="2345990668"/>
    <nd ref="3110882559"/>
    <nd ref="3110882558"/>
    <nd ref="3110882556"/>
    <nd ref="2345990570"/>
    <nd ref="3110882553"/>
    <nd ref="3110882552"/>
    <nd ref="3110882551"/>
    <nd ref="11017263664"/>
    <nd ref="3110882550"/>
    <nd ref="2345990754"/>
    <nd ref="3110882549"/>
    <nd ref="11017263663"/>
    <tag k="highway" v="tertiary"/>
    <tag k="name" v="大同產業道路"/>
    <tag k="oneway" v="no"/>
    <tag k="ref" v="宜51"/>
    <tag k="ref:en" v="IL51"/>
    <tag k="ref:zh" v="宜51"/>
    <tag k="surface" v="asphalt"/>
  </way>
  <way id="225808171">
    <nd ref="3110882541"/>
    <nd ref="3110882540"/>
    <nd ref="3110882539"/>
    <nd ref="2345938561"/>
    <nd ref="2345990607"/>
    <nd ref="2345990600"/>
    <nd ref="11017263627"/>
    <nd ref="2345990759"/>
    <nd ref="2345990761"/>
    <nd ref="3110882545"/>
    <nd ref="2345990556"/>
    <nd ref="3110882548"/>
    <nd ref="11017263626"/>
    <nd ref="3110882547"/>
    <nd ref="2345990541"/>
    <nd ref="3110882546"/>
    <nd ref="11017263625"/>
    <nd ref="3110882544"/>
    <nd ref="11017263624"/>
    <nd ref="3110882543"/>
    <nd ref="2345990747"/>
    <nd ref="11017263623"/>
    <nd ref="11017263622"/>
    <nd ref="2345990564"/>
    <nd ref="11017263621"/>
    <nd ref="3110882538"/>
    <nd ref="11017263620"/>
    <nd ref="11017263619"/>
    <nd ref="2345990690"/>
    <nd ref="11017263618"/>
    <nd ref="11017263617"/>
    <nd ref="2345990742"/>
    <nd ref="11017263615"/>
    <nd ref="11017263616"/>
    <nd ref="3110882537"/>
    <nd ref="11017263614"/>
    <nd ref="11017263613"/>
    <nd ref="3110882536"/>
    <nd ref="2345990758"/>
    <nd ref="3110882535"/>
    <nd ref="3110882534"/>
    <nd ref="11017263612"/>
    <nd ref="11017263611"/>
    <nd ref="2345990763"/>
    <nd ref="3110882533"/>
    <nd ref="11017263610"/>
    <nd ref="3110882532"/>
    <nd ref="11017263609"/>
    <nd ref="2345990544"/>
    <nd ref="2345990611"/>
    <nd ref="11017263608"/>
    <nd ref="3110882531"/>
    <nd ref="3110882530"/>
    <nd ref="2345990566"/>
    <nd ref="11017263607"/>
    <nd ref="3110882529"/>
    <nd ref="11017263606"/>
    <nd ref="2345990525"/>
    <nd ref="3110882528"/>
    <nd ref="11017263605"/>
    <nd ref="3110882527"/>
    <nd ref="11017263604"/>
    <nd ref="11017263603"/>
    <nd ref="3110882526"/>
    <nd ref="2345990552"/>
    <nd ref="3110882525"/>
    <nd ref="11017263602"/>
    <nd ref="11017263601"/>
    <nd ref="11017263600"/>
    <nd ref="2345990527"/>
    <nd ref="11017263599"/>
    <nd ref="2345990529"/>
    <nd ref="11017263598"/>
    <nd ref="11017263597"/>
    <nd ref="3110882524"/>
    <nd ref="11017263596"/>
    <nd ref="11017263595"/>
    <nd ref="11017263594"/>
    <nd ref="3110882523"/>
    <nd ref="11017263593"/>
    <nd ref="2345990581"/>
    <nd ref="11017263592"/>
    <nd ref="11017263591"/>
    <nd ref="11017263590"/>
    <nd ref="2345990517"/>
    <nd ref="11017263589"/>
    <nd ref="3110882522"/>
    <nd ref="11017263588"/>
    <nd ref="2345990598"/>
    <nd ref="4293200396"/>
    <nd ref="3110882521"/>
    <nd ref="11017108498"/>
    <nd ref="11017108497"/>
    <nd ref="4446629133"/>
    <nd ref="11034692034"/>
    <nd ref="2345990583"/>
    <tag k="highway" v="tertiary"/>
    <tag k="name" v="樂水路"/>
    <tag k="oneway" v="no"/>
    <tag k="ref" v="宜51"/>
    <tag k="ref:en" v="IL51"/>
    <tag k="ref:zh" v="宜51"/>
  </way>
  <way id="225809094">
    <nd ref="11017096819"/>
    <nd ref="3110882507"/>
    <nd ref="3110882506"/>
    <nd ref="3110882505"/>
    <nd ref="11017096818"/>
    <nd ref="3110882504"/>
    <nd ref="3210187028"/>
    <nd ref="2345967782"/>
    <nd ref="3110882503"/>
    <nd ref="3110882502"/>
    <nd ref="3110882501"/>
    <nd ref="3110882500"/>
    <nd ref="11040297403"/>
    <nd ref="2345967732"/>
    <nd ref="11017096629"/>
    <nd ref="11017096628"/>
    <nd ref="11017096650"/>
    <nd ref="2833180646"/>
    <nd ref="2345967793"/>
    <nd ref="11017096649"/>
    <nd ref="2833180647"/>
    <nd ref="2345967792"/>
    <nd ref="11017096612"/>
    <nd ref="2833180648"/>
    <nd ref="11017096613"/>
    <nd ref="11017096614"/>
    <nd ref="2833180652"/>
    <nd ref="2833180653"/>
    <nd ref="2833180651"/>
    <nd ref="2833180650"/>
    <nd ref="10042481058"/>
    <nd ref="11017096611"/>
    <nd ref="2833180649"/>
    <nd ref="2833180643"/>
    <nd ref="11017096610"/>
    <nd ref="11017096609"/>
    <nd ref="2833180642"/>
    <nd ref="11017096608"/>
    <nd ref="2833180644"/>
    <nd ref="11017096607"/>
    <nd ref="11017096606"/>
    <nd ref="2833180641"/>
    <nd ref="11017096605"/>
    <nd ref="11017058104"/>
    <nd ref="11017058103"/>
    <nd ref="2833180640"/>
    <nd ref="2345967762"/>
    <nd ref="11017058102"/>
    <nd ref="2345967790"/>
    <nd ref="2833180645"/>
    <nd ref="3110882499"/>
    <nd ref="3110882498"/>
    <nd ref="2345967758"/>
    <nd ref="3110882497"/>
    <nd ref="3110882496"/>
    <nd ref="2345967752"/>
    <nd ref="11017058096"/>
    <nd ref="11017058095"/>
    <nd ref="3110882491"/>
    <nd ref="2833180654"/>
    <nd ref="3110882488"/>
    <nd ref="3110882486"/>
    <nd ref="2345967826"/>
    <nd ref="11017058100"/>
    <nd ref="11017058099"/>
    <nd ref="2833180655"/>
    <tag k="highway" v="tertiary"/>
    <tag k="name" v="樂水路"/>
    <tag k="oneway" v="no"/>
    <tag k="ref" v="宜51"/>
    <tag k="ref:en" v="IL51"/>
    <tag k="ref:zh" v="宜51"/>
  </way>
  <way id="228250640">
    <nd ref="300592953"/>
    <nd ref="2178261953"/>
    <nd ref="4446606611"/>
    <nd ref="11017007940"/>
    <nd ref="300592948"/>
    <nd ref="11017007941"/>
    <nd ref="2178261722"/>
    <nd ref="11017007943"/>
    <nd ref="11017007942"/>
    <nd ref="2178262178"/>
    <nd ref="2178262222"/>
    <nd ref="2178262173"/>
    <nd ref="11017007944"/>
    <nd ref="11017007945"/>
    <nd ref="300592942"/>
    <nd ref="11017007946"/>
    <nd ref="2178262170"/>
    <nd ref="300592936"/>
    <nd ref="11017007948"/>
    <nd ref="11017007947"/>
    <nd ref="2178262181"/>
    <nd ref="11017007949"/>
    <nd ref="4446606610"/>
    <nd ref="11017007950"/>
    <nd ref="300592930"/>
    <nd ref="11017007951"/>
    <nd ref="2178262176"/>
    <nd ref="4443590370"/>
    <nd ref="4443590369"/>
    <nd ref="2178262168"/>
    <nd ref="4443590368"/>
    <nd ref="11017007952"/>
    <nd ref="4443590367"/>
    <nd ref="11017007953"/>
    <nd ref="2178261663"/>
    <nd ref="2178261665"/>
    <nd ref="11017050357"/>
    <nd ref="300592925"/>
    <nd ref="11017050358"/>
    <nd ref="2178261645"/>
    <nd ref="4446599882"/>
    <nd ref="2178261654"/>
    <nd ref="300592920"/>
    <nd ref="11017050359"/>
    <nd ref="4442912045"/>
    <nd ref="11017050360"/>
    <nd ref="11017050361"/>
    <nd ref="300592885"/>
    <nd ref="2178261661"/>
    <nd ref="11017050362"/>
    <nd ref="11017050363"/>
    <nd ref="300592871"/>
    <nd ref="2178261659"/>
    <nd ref="11017050364"/>
    <nd ref="2178261639"/>
    <nd ref="2178261634"/>
    <nd ref="11017050365"/>
    <nd ref="300592844"/>
    <nd ref="11017050366"/>
    <nd ref="2178261624"/>
    <nd ref="11017050367"/>
    <nd ref="2178261620"/>
    <nd ref="300592811"/>
    <nd ref="11017050368"/>
    <nd ref="2178261626"/>
    <nd ref="2178261622"/>
    <nd ref="11017050369"/>
    <nd ref="300592786"/>
    <nd ref="11017050370"/>
    <nd ref="2178261616"/>
    <nd ref="11017050371"/>
    <nd ref="4446599879"/>
    <nd ref="300592754"/>
    <nd ref="2178261608"/>
    <nd ref="11017050372"/>
    <nd ref="2178261618"/>
    <nd ref="300592736"/>
    <nd ref="11017051707"/>
    <nd ref="2178261611"/>
    <nd ref="11017051708"/>
    <nd ref="11017051709"/>
    <nd ref="300592720"/>
    <nd ref="2178261606"/>
    <nd ref="11017051710"/>
    <nd ref="2178261602"/>
    <nd ref="4446599877"/>
    <nd ref="2178261593"/>
    <nd ref="11017051711"/>
    <nd ref="4446599875"/>
    <nd ref="11017051712"/>
    <nd ref="4446599872"/>
    <nd ref="11017051713"/>
    <nd ref="2178261586"/>
    <nd ref="2178261599"/>
    <nd ref="11017051714"/>
    <nd ref="4446599871"/>
    <nd ref="11017051715"/>
    <nd ref="6551870644"/>
    <nd ref="300592574"/>
    <nd ref="6551870643"/>
    <nd ref="2178261569"/>
    <nd ref="4442912044"/>
    <nd ref="11017051716"/>
    <nd ref="2178261568"/>
    <nd ref="11017051717"/>
    <nd ref="300592563"/>
    <nd ref="2178261563"/>
    <nd ref="4446599868"/>
    <nd ref="6551870645"/>
    <nd ref="6551870642"/>
    <nd ref="300592550"/>
    <tag k="highway" v="primary"/>
    <tag k="maxspeed" v="50"/>
    <tag k="name" v="泰雅路三段"/>
    <tag k="name:en" v="Section 3, Taiya Road"/>
    <tag k="name:nan" v="Thài-ngá-lō͘ 3-tōaⁿ"/>
    <tag k="name:nan-Hant" v="泰雅路三段"/>
    <tag k="name:nan-Latn-pehoeji" v="Thài-ngá-lō͘ 3-tōaⁿ"/>
    <tag k="name:nan-Latn-tailo" v="Thài-ngá-lōo 3-tuānn"/>
    <tag k="name:zh" v="泰雅路三段"/>
    <tag k="ref" v="7"/>
    <tag k="ref:en" v="Provincial Highway 7"/>
    <tag k="ref:zh" v="台7線"/>
  </way>
  <way id="305737044">
    <nd ref="3104018237"/>
    <nd ref="11016900495"/>
    <nd ref="3104018236"/>
    <nd ref="3104018234"/>
    <nd ref="4430919452"/>
    <nd ref="4430919451"/>
    <nd ref="3104018233"/>
    <nd ref="3104018231"/>
    <nd ref="11016900496"/>
    <tag k="bridge" v="yes"/>
    <tag k="highway" v="primary"/>
    <tag k="layer" v="1"/>
    <tag k="maxspeed" v="50"/>
    <tag k="name" v="執信橋"/>
    <tag k="name:en" v="ZhiXin Bridge"/>
    <tag k="name:zh" v="執信橋"/>
    <tag k="oneway" v="yes"/>
    <tag k="ref" v="7"/>
    <tag k="ref:en" v="Provincial Highway 7"/>
    <tag k="ref:zh" v="台7線"/>
  </way>
  <way id="314945152">
    <nd ref="2345967795"/>
    <nd ref="3210187293"/>
    <nd ref="11017096829"/>
    <nd ref="11017096831"/>
    <nd ref="11017263587"/>
    <nd ref="11017096830"/>
    <nd ref="3210187295"/>
    <nd ref="11017096832"/>
    <nd ref="3210187294"/>
    <nd ref="3210187292"/>
    <nd ref="11017096833"/>
    <nd ref="3210187283"/>
    <nd ref="11017263586"/>
    <nd ref="11017263585"/>
    <nd ref="11017263584"/>
    <nd ref="3210187282"/>
    <nd ref="11017263583"/>
    <nd ref="11017263582"/>
    <nd ref="11017263581"/>
    <nd ref="11017263580"/>
    <nd ref="3210187284"/>
    <nd ref="11017263579"/>
    <nd ref="11017263578"/>
    <nd ref="3210187278"/>
    <nd ref="3210187276"/>
    <nd ref="3210187273"/>
    <nd ref="11017263577"/>
    <nd ref="11017263576"/>
    <nd ref="11017263575"/>
    <nd ref="11017263574"/>
    <nd ref="3210187277"/>
    <nd ref="11017263573"/>
    <nd ref="3210187275"/>
    <nd ref="11017263571"/>
    <nd ref="11017263572"/>
    <nd ref="3210187271"/>
    <tag k="highway" v="unclassified"/>
  </way>
  <way id="314945154">
    <nd ref="3210187417"/>
    <nd ref="11017007783"/>
    <nd ref="4443594840"/>
    <nd ref="3210187412"/>
    <nd ref="4443560800"/>
    <nd ref="4443560796"/>
    <nd ref="3210187403"/>
    <nd ref="4443560792"/>
    <nd ref="11017007782"/>
    <nd ref="3210187400"/>
    <nd ref="11017007781"/>
    <nd ref="4443560793"/>
    <nd ref="11017007780"/>
    <nd ref="4443560791"/>
    <nd ref="3210187397"/>
    <nd ref="4443560790"/>
    <nd ref="4443560788"/>
    <nd ref="4443560789"/>
    <nd ref="4443560787"/>
    <nd ref="3210187389"/>
    <nd ref="9161720279"/>
    <nd ref="11017007761"/>
    <nd ref="3210187387"/>
    <nd ref="11017007760"/>
    <nd ref="3210187385"/>
    <nd ref="11017007759"/>
    <nd ref="4443560781"/>
    <nd ref="3210187388"/>
    <nd ref="11017007758"/>
    <nd ref="4443560783"/>
    <nd ref="4443560785"/>
    <nd ref="4443560786"/>
    <nd ref="3210187392"/>
    <nd ref="3210187405"/>
    <nd ref="9161720280"/>
    <nd ref="4295748402"/>
    <nd ref="4295748401"/>
    <nd ref="4295748400"/>
    <nd ref="11017007757"/>
    <nd ref="4443560812"/>
    <nd ref="4443560806"/>
    <nd ref="4295748399"/>
    <nd ref="4443560805"/>
    <nd ref="11017007756"/>
    <nd ref="4443560807"/>
    <nd ref="4443560810"/>
    <nd ref="4295748398"/>
    <nd ref="4295748397"/>
    <nd ref="9161720281"/>
    <nd ref="4295748396"/>
    <nd ref="4295748395"/>
    <nd ref="9161720282"/>
    <nd ref="4295748394"/>
    <nd ref="4295748393"/>
    <nd ref="4295748392"/>
    <nd ref="4295748391"/>
    <nd ref="9161720283"/>
    <nd ref="9161720284"/>
    <nd ref="4295748390"/>
    <nd ref="9161720285"/>
    <nd ref="4295748389"/>
    <nd ref="4295748388"/>
    <nd ref="9161720286"/>
    <nd ref="4295748387"/>
    <nd ref="9161720287"/>
    <nd ref="9161720288"/>
    <nd ref="9161720289"/>
    <nd ref="9161720290"/>
    <nd ref="4295748386"/>
    <nd ref="11017007755"/>
    <nd ref="9161720291"/>
    <nd ref="9161720292"/>
    <nd ref="9161720293"/>
    <nd ref="9161720294"/>
    <nd ref="11017007754"/>
    <nd ref="9161720295"/>
    <nd ref="11017007753"/>
    <nd ref="4295748385"/>
    <nd ref="9161720296"/>
    <nd ref="9161720297"/>
    <nd ref="4295748384"/>
    <nd ref="9161720298"/>
    <nd ref="4295748383"/>
    <nd ref="9161720299"/>
    <nd ref="4295748382"/>
    <nd ref="9161720300"/>
    <nd ref="9161720303"/>
    <nd ref="9161720302"/>
    <nd ref="9161720301"/>
    <nd ref="11017007752"/>
    <nd ref="9161720305"/>
    <nd ref="9161720304"/>
    <nd ref="11017007751"/>
    <nd ref="4295748381"/>
    <nd ref="11017007750"/>
    <nd ref="11017007749"/>
    <nd ref="11017007748"/>
    <nd ref="4443560836"/>
    <nd ref="11017007747"/>
    <nd ref="4295748380"/>
    <nd ref="4443560850"/>
    <nd ref="4443560852"/>
    <nd ref="4443560853"/>
    <nd ref="11017007746"/>
    <nd ref="4295748379"/>
    <nd ref="4443560858"/>
    <nd ref="11017007745"/>
    <nd ref="4443560862"/>
    <nd ref="4443560637"/>
    <nd ref="11017007744"/>
    <nd ref="11017007743"/>
    <nd ref="4295748378"/>
    <nd ref="11017007742"/>
    <nd ref="4295748377"/>
    <nd ref="11017007741"/>
    <nd ref="11017007740"/>
    <nd ref="4443560650"/>
    <nd ref="4443560651"/>
    <nd ref="4443560648"/>
    <nd ref="4443560647"/>
    <nd ref="11017007739"/>
    <nd ref="4443560646"/>
    <nd ref="4443560645"/>
    <nd ref="11017007738"/>
    <nd ref="11017007737"/>
    <nd ref="4443560643"/>
    <nd ref="11017007736"/>
    <nd ref="4443560642"/>
    <nd ref="4443560640"/>
    <nd ref="11017007735"/>
    <nd ref="4443560638"/>
    <nd ref="11017007734"/>
    <nd ref="4443560636"/>
    <nd ref="11017007733"/>
    <nd ref="4443560861"/>
    <nd ref="4443560859"/>
    <nd ref="4443560855"/>
    <nd ref="4443560854"/>
    <nd ref="11017007732"/>
    <nd ref="4443560847"/>
    <nd ref="11017007731"/>
    <nd ref="4443560843"/>
    <nd ref="11017007730"/>
    <nd ref="4295748375"/>
    <nd ref="11017007729"/>
    <nd ref="11017007728"/>
    <nd ref="4443560831"/>
    <nd ref="4443560830"/>
    <nd ref="11017007727"/>
    <nd ref="11017007726"/>
    <nd ref="4443560826"/>
    <nd ref="4443560824"/>
    <nd ref="4443560823"/>
    <nd ref="4443560821"/>
    <nd ref="4443560819"/>
    <nd ref="4443560818"/>
    <nd ref="4443560817"/>
    <nd ref="4443560820"/>
    <nd ref="11017007725"/>
    <nd ref="4443560822"/>
    <nd ref="11017007724"/>
    <nd ref="4443560825"/>
    <nd ref="4443560827"/>
    <nd ref="4443560829"/>
    <nd ref="4443560835"/>
    <nd ref="4295748372"/>
    <nd ref="4443560844"/>
    <nd ref="11017007680"/>
    <nd ref="9161720386"/>
    <nd ref="4443560848"/>
    <nd ref="11017007679"/>
    <nd ref="4443560846"/>
    <nd ref="4443560838"/>
    <nd ref="11017007678"/>
    <nd ref="4443560837"/>
    <nd ref="11017007677"/>
    <nd ref="4443560839"/>
    <nd ref="11017007676"/>
    <nd ref="4295748369"/>
    <nd ref="4443560857"/>
    <nd ref="11017007675"/>
    <nd ref="4295748368"/>
    <nd ref="4443560639"/>
    <nd ref="11017007674"/>
    <nd ref="9161720387"/>
    <nd ref="11017007673"/>
    <nd ref="4295748367"/>
    <nd ref="11017007672"/>
    <nd ref="4295748366"/>
    <nd ref="11017007671"/>
    <nd ref="9161720388"/>
    <nd ref="9161720389"/>
    <nd ref="9161720390"/>
    <nd ref="9161720392"/>
    <nd ref="9161720391"/>
    <nd ref="9161720394"/>
    <nd ref="9161720393"/>
    <nd ref="4295748365"/>
    <nd ref="9161720395"/>
    <nd ref="11017007670"/>
    <nd ref="4295748364"/>
    <nd ref="11017007669"/>
    <nd ref="9161720396"/>
    <nd ref="11017007668"/>
    <nd ref="9161720398"/>
    <nd ref="11017007667"/>
    <nd ref="11017007666"/>
    <nd ref="11017007665"/>
    <nd ref="4295748363"/>
    <nd ref="9161720397"/>
    <nd ref="9161720399"/>
    <nd ref="4295748362"/>
    <nd ref="11017007664"/>
    <nd ref="11017007663"/>
    <nd ref="9161720400"/>
    <nd ref="11017007662"/>
    <nd ref="11017007661"/>
    <nd ref="4295748361"/>
    <nd ref="4443560656"/>
    <nd ref="11017007660"/>
    <nd ref="4443560655"/>
    <nd ref="11017007659"/>
    <nd ref="4295748360"/>
    <nd ref="9161720403"/>
    <nd ref="11017007658"/>
    <nd ref="9161720402"/>
    <nd ref="9161720401"/>
    <nd ref="9161720404"/>
    <nd ref="9161720405"/>
    <nd ref="4295748359"/>
    <nd ref="11017007657"/>
    <nd ref="11017007656"/>
    <nd ref="4295748358"/>
    <nd ref="4443591989"/>
    <nd ref="11016969383"/>
    <nd ref="11016969382"/>
    <nd ref="9161720406"/>
    <nd ref="4295748357"/>
    <nd ref="9161720407"/>
    <nd ref="11016969381"/>
    <nd ref="4443590382"/>
    <nd ref="11016969380"/>
    <nd ref="9161720408"/>
    <nd ref="11016969379"/>
    <nd ref="4443590384"/>
    <nd ref="9161720410"/>
    <nd ref="11016969378"/>
    <nd ref="4295748356"/>
    <nd ref="11016969377"/>
    <nd ref="9161720409"/>
    <nd ref="4295748355"/>
    <nd ref="9161720411"/>
    <nd ref="4295748354"/>
    <nd ref="11016969376"/>
    <nd ref="4443590376"/>
    <nd ref="11016969375"/>
    <nd ref="4443590377"/>
    <nd ref="11016969374"/>
    <nd ref="4443590378"/>
    <nd ref="11016969373"/>
    <nd ref="4295748353"/>
    <nd ref="11016969372"/>
    <nd ref="4443590379"/>
    <nd ref="4443590380"/>
    <nd ref="11016969371"/>
    <nd ref="4295748352"/>
    <nd ref="11016969370"/>
    <nd ref="4443590381"/>
    <nd ref="11016969369"/>
    <nd ref="4443590383"/>
    <nd ref="4443590385"/>
    <nd ref="11016969368"/>
    <nd ref="4295748351"/>
    <nd ref="11016969367"/>
    <nd ref="4443590386"/>
    <nd ref="11016969366"/>
    <nd ref="4443591992"/>
    <nd ref="4295748350"/>
    <nd ref="11016969365"/>
    <nd ref="4443591995"/>
    <nd ref="4295748349"/>
    <nd ref="11016969364"/>
    <nd ref="4295748348"/>
    <nd ref="11016969363"/>
    <nd ref="4443591996"/>
    <nd ref="4295748347"/>
    <nd ref="11016969362"/>
    <nd ref="11016969361"/>
    <nd ref="9161720416"/>
    <nd ref="11016969360"/>
    <nd ref="4295748346"/>
    <nd ref="11016969359"/>
    <nd ref="4443591993"/>
    <nd ref="11016969358"/>
    <nd ref="11016969357"/>
    <nd ref="4443591994"/>
    <nd ref="11016969356"/>
    <nd ref="4443591998"/>
    <nd ref="9161720421"/>
    <nd ref="11016969355"/>
    <nd ref="4295748345"/>
    <nd ref="11016969354"/>
    <nd ref="4295748344"/>
    <nd ref="11016969353"/>
    <nd ref="4443560657"/>
    <nd ref="11016969352"/>
    <nd ref="11016969351"/>
    <nd ref="9161720420"/>
    <nd ref="11016969350"/>
    <nd ref="11016969349"/>
    <nd ref="4295748343"/>
    <nd ref="9161720419"/>
    <nd ref="11016969348"/>
    <nd ref="4295748342"/>
    <nd ref="11016969347"/>
    <nd ref="11016969346"/>
    <nd ref="11016969345"/>
    <nd ref="9161720417"/>
    <nd ref="11016969344"/>
    <nd ref="11016969343"/>
    <nd ref="11016969340"/>
    <nd ref="11016969341"/>
    <nd ref="11016969342"/>
    <nd ref="9161720418"/>
    <nd ref="4295748341"/>
    <nd ref="11016969339"/>
    <nd ref="9161712326"/>
    <nd ref="11016969338"/>
    <nd ref="9161712325"/>
    <nd ref="4295748340"/>
    <nd ref="11016969337"/>
    <nd ref="11016969336"/>
    <nd ref="9161712324"/>
    <nd ref="11016969335"/>
    <nd ref="11016969334"/>
    <nd ref="4295748339"/>
    <nd ref="11016969333"/>
    <nd ref="11016969332"/>
    <nd ref="9161692789"/>
    <nd ref="9161712323"/>
    <nd ref="11016969330"/>
    <nd ref="9161692790"/>
    <nd ref="9161692791"/>
    <nd ref="11016969329"/>
    <nd ref="4295748338"/>
    <nd ref="11016969328"/>
    <nd ref="9161692788"/>
    <nd ref="11016969327"/>
    <nd ref="4295748337"/>
    <tag k="highway" v="unclassified"/>
  </way>
  <way id="314945161">
    <nd ref="3105374333"/>
    <nd ref="4443590371"/>
    <nd ref="11017007867"/>
    <nd ref="4394333796"/>
    <nd ref="11017007866"/>
    <nd ref="4394333797"/>
    <nd ref="3210187326"/>
    <nd ref="4394333798"/>
    <nd ref="4394333799"/>
    <nd ref="3210187327"/>
    <nd ref="3210187330"/>
    <tag k="highway" v="living_street"/>
  </way>
  <way id="314945166">
    <nd ref="300592990"/>
    <nd ref="3210187322"/>
    <nd ref="11017007911"/>
    <nd ref="3210187321"/>
    <nd ref="11017007912"/>
    <nd ref="11017007913"/>
    <nd ref="11017007914"/>
    <nd ref="3210187319"/>
    <nd ref="3210187320"/>
    <nd ref="3210187324"/>
    <nd ref="3210187331"/>
    <nd ref="11017007915"/>
    <nd ref="11017007916"/>
    <nd ref="11017007917"/>
    <nd ref="11017007918"/>
    <nd ref="11017007919"/>
    <tag k="highway" v="track"/>
    <tag k="surface" v="unpaved"/>
    <tag k="tracktype" v="grade4"/>
  </way>
  <way id="314945169">
    <nd ref="3210187330"/>
    <nd ref="3210187333"/>
    <nd ref="11017007865"/>
    <nd ref="12989732386"/>
    <nd ref="3210187334"/>
    <nd ref="3210187335"/>
    <nd ref="3210187336"/>
    <nd ref="8916961956"/>
    <nd ref="3210187337"/>
    <nd ref="8916961955"/>
    <nd ref="3210187329"/>
    <nd ref="3210187332"/>
    <tag k="highway" v="service"/>
  </way>
  <way id="314945170">
    <nd ref="3210187271"/>
    <nd ref="11017263545"/>
    <nd ref="11017263546"/>
    <nd ref="3210187272"/>
    <nd ref="11017263547"/>
    <nd ref="11017263548"/>
    <nd ref="3210187279"/>
    <nd ref="11017263570"/>
    <nd ref="11017263569"/>
    <nd ref="11017263549"/>
    <nd ref="3210187281"/>
    <nd ref="3210187280"/>
    <nd ref="3210187274"/>
    <nd ref="11017263566"/>
    <nd ref="11017263568"/>
    <nd ref="4312155985"/>
    <nd ref="3210187269"/>
    <nd ref="4312155983"/>
    <nd ref="11017263567"/>
    <nd ref="4312155981"/>
    <nd ref="4312155978"/>
    <nd ref="3210187264"/>
    <nd ref="4312155971"/>
    <nd ref="4312155972"/>
    <tag k="highway" v="residential"/>
  </way>
  <way id="314945171">
    <nd ref="9049852454"/>
    <nd ref="3210187285"/>
    <nd ref="3210187287"/>
    <nd ref="3210187288"/>
    <nd ref="3210187290"/>
    <nd ref="3210187291"/>
    <nd ref="9049852455"/>
    <nd ref="9049852456"/>
    <nd ref="3210187296"/>
    <nd ref="9049852458"/>
    <nd ref="3210187299"/>
    <nd ref="9049852459"/>
    <nd ref="9049852460"/>
    <nd ref="9049852466"/>
    <nd ref="9049852461"/>
    <nd ref="9049852462"/>
    <nd ref="9526949840"/>
    <nd ref="9526949841"/>
    <nd ref="9526949842"/>
    <nd ref="9526949843"/>
    <nd ref="9526949844"/>
    <nd ref="9526949845"/>
    <nd ref="9526949846"/>
    <nd ref="9526949847"/>
    <nd ref="9526949862"/>
    <nd ref="9526949863"/>
    <nd ref="9526949864"/>
    <nd ref="9526949865"/>
    <nd ref="9526949866"/>
    <nd ref="9526949867"/>
    <nd ref="9526949868"/>
    <nd ref="9526949869"/>
    <nd ref="9526949870"/>
    <nd ref="9526949871"/>
    <nd ref="9526949872"/>
    <nd ref="9526949873"/>
    <nd ref="9526949874"/>
    <nd ref="9526949875"/>
    <nd ref="9526949876"/>
    <nd ref="9526949877"/>
    <nd ref="9526949878"/>
    <nd ref="9526949879"/>
    <nd ref="9526949880"/>
    <nd ref="9526949881"/>
    <nd ref="9526949882"/>
    <nd ref="9049852463"/>
    <tag k="highway" v="unclassified"/>
  </way>
  <way id="327529164">
    <nd ref="3105422624"/>
    <nd ref="4446641835"/>
    <nd ref="3105422625"/>
    <nd ref="3105422627"/>
    <nd ref="300590812"/>
    <nd ref="3105423032"/>
    <nd ref="3105423035"/>
    <nd ref="300590824"/>
    <nd ref="3105423036"/>
    <nd ref="300590825"/>
    <nd ref="12032716897"/>
    <nd ref="300590826"/>
    <nd ref="3105423038"/>
    <nd ref="12032716830"/>
    <nd ref="1984505632"/>
    <nd ref="3105423042"/>
    <nd ref="4443584631"/>
    <nd ref="4446641836"/>
    <nd ref="300590828"/>
    <nd ref="12032716831"/>
    <nd ref="300590829"/>
    <nd ref="1984505636"/>
    <nd ref="3105423051"/>
    <nd ref="3105423054"/>
    <nd ref="12032716832"/>
    <nd ref="4446641837"/>
    <nd ref="3105423055"/>
    <nd ref="12032716833"/>
    <nd ref="300590830"/>
    <nd ref="3105423046"/>
    <nd ref="3105423041"/>
    <nd ref="1984505630"/>
    <nd ref="3105423031"/>
    <nd ref="12032716834"/>
    <nd ref="300590831"/>
    <nd ref="4446641834"/>
    <nd ref="300590832"/>
    <nd ref="3105422621"/>
    <nd ref="300590835"/>
    <nd ref="12032716835"/>
    <nd ref="12032716837"/>
    <nd ref="12032716836"/>
    <nd ref="300590836"/>
    <nd ref="4443584629"/>
    <nd ref="300590837"/>
    <nd ref="3105422609"/>
    <nd ref="3105422607"/>
    <nd ref="3105422606"/>
    <nd ref="1984505625"/>
    <nd ref="3105422604"/>
    <nd ref="3105422603"/>
    <nd ref="3105422602"/>
    <nd ref="1984505623"/>
    <nd ref="3105422599"/>
    <nd ref="1099068595"/>
    <nd ref="3105422590"/>
    <nd ref="300590846"/>
    <nd ref="3105422576"/>
    <nd ref="300590883"/>
    <nd ref="12032716838"/>
    <nd ref="3105422580"/>
    <nd ref="3105422585"/>
    <nd ref="3105422587"/>
    <nd ref="3105422588"/>
    <nd ref="3105422586"/>
    <nd ref="300590898"/>
    <nd ref="3105422589"/>
    <nd ref="3105422594"/>
    <nd ref="3105422595"/>
    <nd ref="3105422596"/>
    <nd ref="3105422592"/>
    <nd ref="3105422582"/>
    <nd ref="3105422581"/>
    <nd ref="3105422577"/>
    <nd ref="12032716840"/>
    <nd ref="12032716839"/>
    <nd ref="3105422574"/>
    <nd ref="12032716841"/>
    <nd ref="3105422573"/>
    <nd ref="12032716842"/>
    <nd ref="300590903"/>
    <nd ref="12032716844"/>
    <nd ref="12032716843"/>
    <nd ref="3105422571"/>
    <nd ref="3105422567"/>
    <nd ref="3105422568"/>
    <nd ref="1984505621"/>
    <nd ref="3105422564"/>
    <nd ref="3105422565"/>
    <nd ref="3105422566"/>
    <nd ref="300590911"/>
    <nd ref="3105422569"/>
    <nd ref="3105422572"/>
    <nd ref="3105422578"/>
    <nd ref="300590917"/>
    <nd ref="3105422583"/>
    <nd ref="3105422584"/>
    <nd ref="12032716845"/>
    <nd ref="12032716846"/>
    <nd ref="3105422593"/>
    <nd ref="3105422597"/>
    <nd ref="3105422598"/>
    <nd ref="12032716847"/>
    <nd ref="300590923"/>
    <nd ref="12032716848"/>
    <nd ref="3105422605"/>
    <nd ref="3105422610"/>
    <nd ref="300590929"/>
    <nd ref="300590934"/>
    <nd ref="3105422622"/>
    <nd ref="300590945"/>
    <nd ref="12032716849"/>
    <nd ref="3105423044"/>
    <nd ref="3105423052"/>
    <nd ref="3105423070"/>
    <nd ref="1984505639"/>
    <nd ref="3105423087"/>
    <nd ref="3105423093"/>
    <nd ref="3105423115"/>
    <nd ref="3105423121"/>
    <nd ref="12032716850"/>
    <nd ref="3105423130"/>
    <nd ref="3105423137"/>
    <nd ref="3105423144"/>
    <nd ref="300591037"/>
    <nd ref="12032716851"/>
    <nd ref="3105423145"/>
    <nd ref="300591040"/>
    <nd ref="3105423135"/>
    <nd ref="3105423105"/>
    <nd ref="300591042"/>
    <nd ref="5300755331"/>
    <nd ref="3105423079"/>
    <nd ref="300591043"/>
    <nd ref="4443584632"/>
    <nd ref="12032716852"/>
    <nd ref="3105423059"/>
    <nd ref="1984505637"/>
    <nd ref="3105423056"/>
    <nd ref="3105423050"/>
    <nd ref="3105423053"/>
    <nd ref="300591045"/>
    <nd ref="300591052"/>
    <nd ref="3105423057"/>
    <nd ref="1984505634"/>
    <nd ref="12032716853"/>
    <nd ref="3105423065"/>
    <nd ref="300591073"/>
    <nd ref="3105423095"/>
    <nd ref="3105423096"/>
    <nd ref="3105423099"/>
    <nd ref="3105423103"/>
    <nd ref="3105423107"/>
    <nd ref="3105423110"/>
    <nd ref="3105423117"/>
    <nd ref="12032716854"/>
    <nd ref="3105423122"/>
    <nd ref="3105423124"/>
    <nd ref="12032716855"/>
    <nd ref="300591077"/>
    <nd ref="3105423142"/>
    <nd ref="3105423178"/>
    <nd ref="3105423193"/>
    <nd ref="300591078"/>
    <nd ref="300591083"/>
    <nd ref="3105423204"/>
    <nd ref="1984505650"/>
    <nd ref="300591084"/>
    <nd ref="3105423199"/>
    <nd ref="3105423194"/>
    <nd ref="3105423188"/>
    <nd ref="300591086"/>
    <nd ref="3105423126"/>
    <nd ref="300591087"/>
    <nd ref="3105423084"/>
    <nd ref="300591088"/>
    <nd ref="3105423077"/>
    <nd ref="300591089"/>
    <nd ref="3105423080"/>
    <nd ref="12032716856"/>
    <nd ref="300591090"/>
    <nd ref="3105423133"/>
    <nd ref="3105423134"/>
    <nd ref="3105423136"/>
    <nd ref="3105423146"/>
    <nd ref="300591091"/>
    <nd ref="3105423168"/>
    <nd ref="3105423179"/>
    <nd ref="3105423187"/>
    <nd ref="300591092"/>
    <nd ref="3105423201"/>
    <nd ref="300591093"/>
    <nd ref="12032716857"/>
    <nd ref="3105423272"/>
    <nd ref="12032716858"/>
    <nd ref="300591097"/>
    <nd ref="3105423298"/>
    <nd ref="3105423304"/>
    <nd ref="3105423313"/>
    <nd ref="300591104"/>
    <nd ref="3105423331"/>
    <nd ref="3105423334"/>
    <nd ref="3105423347"/>
    <nd ref="3105423373"/>
    <nd ref="5464006252"/>
    <nd ref="3105423376"/>
    <nd ref="300591109"/>
    <nd ref="3105423394"/>
    <nd ref="3105423398"/>
    <nd ref="300591113"/>
    <nd ref="3105423406"/>
    <nd ref="3105423411"/>
    <nd ref="12032716859"/>
    <nd ref="3105423425"/>
    <nd ref="300591119"/>
    <nd ref="3105423435"/>
    <nd ref="300591125"/>
    <nd ref="3105423451"/>
    <nd ref="3105423452"/>
    <nd ref="3105423454"/>
    <nd ref="300591131"/>
    <nd ref="3105423457"/>
    <nd ref="3105423458"/>
    <nd ref="3105423459"/>
    <nd ref="300591133"/>
    <nd ref="3105423467"/>
    <nd ref="3105423469"/>
    <nd ref="3105423470"/>
    <nd ref="300591134"/>
    <nd ref="4446634735"/>
    <nd ref="3105423461"/>
    <nd ref="3105423460"/>
    <nd ref="3105423462"/>
    <nd ref="3105423464"/>
    <nd ref="3105423465"/>
    <nd ref="3105423463"/>
    <nd ref="300591135"/>
    <nd ref="3511680145"/>
    <nd ref="3105423456"/>
    <nd ref="3105423455"/>
    <nd ref="300591136"/>
    <nd ref="300591138"/>
    <nd ref="3105423444"/>
    <nd ref="300591139"/>
    <nd ref="3105423441"/>
    <nd ref="3105423439"/>
    <nd ref="300591140"/>
    <nd ref="3105423437"/>
    <nd ref="300591145"/>
    <nd ref="3105423431"/>
    <nd ref="3105423429"/>
    <nd ref="3105423427"/>
    <nd ref="3511680094"/>
    <nd ref="3105423414"/>
    <nd ref="3105423407"/>
    <nd ref="3105423404"/>
    <nd ref="4643972515"/>
    <nd ref="3105423402"/>
    <nd ref="300591148"/>
    <nd ref="3105423396"/>
    <nd ref="300591149"/>
    <nd ref="4446634734"/>
    <nd ref="3105423383"/>
    <nd ref="3105423379"/>
    <nd ref="300591150"/>
    <nd ref="3105423380"/>
    <nd ref="3105423377"/>
    <nd ref="300591151"/>
    <nd ref="3105423375"/>
    <nd ref="300591152"/>
    <nd ref="3105423357"/>
    <nd ref="3105423339"/>
    <nd ref="3105423330"/>
    <nd ref="300591153"/>
    <nd ref="6741818894"/>
    <nd ref="300591154"/>
    <nd ref="3105423270"/>
    <nd ref="3105423242"/>
    <nd ref="11034926730"/>
    <nd ref="300591164"/>
    <nd ref="4599377036"/>
    <nd ref="12032716860"/>
    <nd ref="3105423195"/>
    <nd ref="3105423173"/>
    <nd ref="3105423169"/>
    <nd ref="12032716861"/>
    <nd ref="300591166"/>
    <nd ref="3105423116"/>
    <nd ref="3105423113"/>
    <nd ref="3105423111"/>
    <nd ref="300591167"/>
    <nd ref="3105423114"/>
    <nd ref="3105423118"/>
    <nd ref="300591168"/>
    <nd ref="3105423127"/>
    <nd ref="12032716862"/>
    <nd ref="3105423155"/>
    <nd ref="300591172"/>
    <nd ref="3105423221"/>
    <nd ref="300591175"/>
    <nd ref="3105423236"/>
    <nd ref="3105423248"/>
    <nd ref="300591176"/>
    <nd ref="300591177"/>
    <nd ref="12032716863"/>
    <nd ref="3105423262"/>
    <nd ref="3105423266"/>
    <nd ref="300591178"/>
    <nd ref="3105423267"/>
    <nd ref="300591179"/>
    <nd ref="3105423247"/>
    <nd ref="3105423234"/>
    <nd ref="3105423228"/>
    <nd ref="3105423225"/>
    <nd ref="3105423205"/>
    <nd ref="11034926732"/>
    <nd ref="4446084600"/>
    <nd ref="4446084599"/>
    <nd ref="3105423192"/>
    <nd ref="3105423189"/>
    <nd ref="11034926733"/>
    <nd ref="3105423176"/>
    <nd ref="11034926734"/>
    <nd ref="300591187"/>
    <nd ref="12032716864"/>
    <nd ref="3105423108"/>
    <nd ref="300591188"/>
    <nd ref="11034926735"/>
    <nd ref="300591190"/>
    <nd ref="3105423106"/>
    <nd ref="11034926736"/>
    <nd ref="3105423100"/>
    <nd ref="300591191"/>
    <nd ref="3105423081"/>
    <nd ref="3105423078"/>
    <nd ref="11034926737"/>
    <nd ref="300591192"/>
    <nd ref="3105423074"/>
    <nd ref="3105423090"/>
    <nd ref="11034926738"/>
    <nd ref="3105423091"/>
    <nd ref="11034926739"/>
    <nd ref="300591193"/>
    <nd ref="3105423092"/>
    <nd ref="3105423075"/>
    <nd ref="3105423071"/>
    <nd ref="3105423076"/>
    <nd ref="300591194"/>
    <nd ref="3105423086"/>
    <nd ref="3105423088"/>
    <nd ref="3105423089"/>
    <nd ref="300591198"/>
    <nd ref="3105423085"/>
    <nd ref="3105423082"/>
    <nd ref="11034926740"/>
    <nd ref="300591199"/>
    <nd ref="300591200"/>
    <nd ref="11034926741"/>
    <nd ref="3105423062"/>
    <nd ref="3105423060"/>
    <nd ref="11034926742"/>
    <nd ref="3105423058"/>
    <nd ref="11034926743"/>
    <nd ref="3105423045"/>
    <nd ref="3105423043"/>
    <nd ref="300591202"/>
    <nd ref="300591203"/>
    <nd ref="3105423033"/>
    <nd ref="3105422628"/>
    <nd ref="11034926745"/>
    <nd ref="3105422626"/>
    <nd ref="300591204"/>
    <nd ref="11034926746"/>
    <nd ref="3105422623"/>
    <nd ref="300591212"/>
    <nd ref="11034926747"/>
    <nd ref="3105422615"/>
    <nd ref="3105422611"/>
    <nd ref="11034926748"/>
    <nd ref="300591213"/>
    <nd ref="12032716865"/>
    <nd ref="3105422608"/>
    <nd ref="11034926749"/>
    <nd ref="11034926750"/>
    <nd ref="3105422600"/>
    <nd ref="11034926751"/>
    <nd ref="4446084598"/>
    <nd ref="11034926752"/>
    <nd ref="4446084597"/>
    <nd ref="3105422591"/>
    <nd ref="300591217"/>
    <nd ref="3105422575"/>
    <nd ref="300591219"/>
    <nd ref="3105422570"/>
    <nd ref="300591228"/>
    <nd ref="11034926753"/>
    <nd ref="11034926754"/>
    <nd ref="3105422563"/>
    <nd ref="3105422562"/>
    <nd ref="3105422561"/>
    <nd ref="3105422560"/>
    <nd ref="3105422559"/>
    <nd ref="3105422558"/>
    <nd ref="300591232"/>
    <nd ref="3105422557"/>
    <nd ref="11034926755"/>
    <nd ref="300591238"/>
    <nd ref="4446084596"/>
    <nd ref="11034926756"/>
    <nd ref="3105422556"/>
    <nd ref="3105422555"/>
    <nd ref="300591246"/>
    <nd ref="300591254"/>
    <nd ref="300591258"/>
    <nd ref="300591261"/>
    <nd ref="3105422554"/>
    <nd ref="3105422553"/>
    <nd ref="11034926757"/>
    <nd ref="3105422552"/>
    <nd ref="3105422551"/>
    <nd ref="11034926758"/>
    <nd ref="3105422550"/>
    <nd ref="11034926759"/>
    <nd ref="11034926760"/>
    <nd ref="3105422549"/>
    <nd ref="11034926761"/>
    <nd ref="3105422548"/>
    <nd ref="300591265"/>
    <nd ref="11034926762"/>
    <nd ref="11034926763"/>
    <nd ref="300591294"/>
    <nd ref="4446084594"/>
    <nd ref="3105422547"/>
    <nd ref="3105422546"/>
    <nd ref="3105422545"/>
    <nd ref="3105422544"/>
    <nd ref="3105422543"/>
    <nd ref="3105422542"/>
    <nd ref="300591295"/>
    <nd ref="4446084593"/>
    <nd ref="3105422541"/>
    <nd ref="4446084592"/>
    <nd ref="11034926764"/>
    <nd ref="4446084591"/>
    <nd ref="3105422539"/>
    <nd ref="11034926765"/>
    <nd ref="300591308"/>
    <nd ref="11034926766"/>
    <nd ref="3105422538"/>
    <nd ref="4446084590"/>
    <nd ref="4446083682"/>
    <nd ref="4446083681"/>
    <nd ref="4446083683"/>
    <nd ref="4446083685"/>
    <nd ref="4446083686"/>
    <nd ref="4446084589"/>
    <nd ref="4446083687"/>
    <nd ref="4446083684"/>
    <nd ref="4446083680"/>
    <nd ref="4446083678"/>
    <nd ref="4446083674"/>
    <nd ref="4446083676"/>
    <nd ref="4446083677"/>
    <nd ref="4446083675"/>
    <nd ref="4446083673"/>
    <nd ref="4446083672"/>
    <nd ref="4446083671"/>
    <nd ref="12032716866"/>
    <nd ref="11034926767"/>
    <nd ref="300591336"/>
    <nd ref="1984505533"/>
    <nd ref="11034926768"/>
    <nd ref="11034926769"/>
    <nd ref="1984505520"/>
    <nd ref="1984505529"/>
    <nd ref="4446083670"/>
    <nd ref="11034926770"/>
    <nd ref="300591333"/>
    <nd ref="11034926771"/>
    <nd ref="300591325"/>
    <nd ref="4446083668"/>
    <nd ref="4446083667"/>
    <nd ref="4446083666"/>
    <nd ref="1984505518"/>
    <nd ref="1984505510"/>
    <nd ref="1984505519"/>
    <nd ref="300591342"/>
    <nd ref="4446083669"/>
    <nd ref="1984505281"/>
    <nd ref="300591453"/>
    <nd ref="300591345"/>
    <nd ref="300591449"/>
    <nd ref="1984505494"/>
    <nd ref="300591459"/>
    <nd ref="300591349"/>
    <nd ref="300591411"/>
    <nd ref="1984504855"/>
    <nd ref="1984504868"/>
    <nd ref="12032716867"/>
    <nd ref="300591353"/>
    <nd ref="1984504859"/>
    <nd ref="300591356"/>
    <nd ref="1984504822"/>
    <nd ref="12032716868"/>
    <nd ref="300591358"/>
    <nd ref="300591366"/>
    <nd ref="12032716869"/>
    <nd ref="1984504500"/>
    <nd ref="1984504472"/>
    <nd ref="1984504460"/>
    <nd ref="1984504310"/>
    <nd ref="1984504307"/>
    <nd ref="1984504303"/>
    <nd ref="1984504304"/>
    <nd ref="1984504267"/>
    <nd ref="300591376"/>
    <nd ref="1984504266"/>
    <nd ref="300591386"/>
    <nd ref="300591382"/>
    <nd ref="4443001301"/>
    <nd ref="1984504256"/>
    <nd ref="11034926772"/>
    <nd ref="1984504260"/>
    <nd ref="1984504265"/>
    <nd ref="11034926773"/>
    <nd ref="4443001300"/>
    <nd ref="1984504264"/>
    <nd ref="11034926774"/>
    <nd ref="1984504301"/>
    <nd ref="1984504305"/>
    <nd ref="1984504308"/>
    <nd ref="11034926775"/>
    <nd ref="1984504311"/>
    <nd ref="1984504341"/>
    <nd ref="300591390"/>
    <nd ref="1984504509"/>
    <nd ref="11034926776"/>
    <nd ref="1984504520"/>
    <nd ref="4443001299"/>
    <nd ref="1984504786"/>
    <nd ref="1984504753"/>
    <nd ref="1984504862"/>
    <nd ref="1984504860"/>
    <nd ref="1984504849"/>
    <nd ref="1984504831"/>
    <nd ref="1984504876"/>
    <nd ref="1984504887"/>
    <nd ref="300591417"/>
    <nd ref="1984504904"/>
    <nd ref="11034926777"/>
    <nd ref="11034926778"/>
    <nd ref="1984504908"/>
    <nd ref="1984504902"/>
    <nd ref="12032716870"/>
    <nd ref="11034926779"/>
    <nd ref="4443001298"/>
    <nd ref="12032716871"/>
    <nd ref="1984504720"/>
    <nd ref="300591468"/>
    <nd ref="300591423"/>
    <nd ref="1984505283"/>
    <nd ref="300591420"/>
    <nd ref="1984505280"/>
    <nd ref="1984505243"/>
    <nd ref="1984505289"/>
    <nd ref="11034926780"/>
    <nd ref="300591437"/>
    <nd ref="1984505193"/>
    <nd ref="11034926781"/>
    <nd ref="11034926782"/>
    <nd ref="300591465"/>
    <nd ref="12032716872"/>
    <nd ref="1984505324"/>
    <nd ref="300591462"/>
    <nd ref="11034926783"/>
    <nd ref="1984505290"/>
    <nd ref="1984505305"/>
    <nd ref="1984505274"/>
    <nd ref="11034926784"/>
    <nd ref="1984505277"/>
    <nd ref="11034926785"/>
    <nd ref="1984505270"/>
    <nd ref="11034926786"/>
    <nd ref="11034926787"/>
    <nd ref="1984505276"/>
    <nd ref="12032716873"/>
    <nd ref="1984505279"/>
    <nd ref="1984505214"/>
    <nd ref="1984505175"/>
    <nd ref="11034926788"/>
    <nd ref="1984505275"/>
    <nd ref="1984505231"/>
    <nd ref="12032716875"/>
    <nd ref="12032716874"/>
    <nd ref="1984505157"/>
    <nd ref="1984505273"/>
    <nd ref="1984505285"/>
    <nd ref="1984505483"/>
    <nd ref="1984505191"/>
    <nd ref="12032716876"/>
    <nd ref="1984505205"/>
    <nd ref="1984505294"/>
    <nd ref="1984505307"/>
    <nd ref="12032716877"/>
    <nd ref="1984505326"/>
    <nd ref="1984505490"/>
    <nd ref="1984505522"/>
    <nd ref="12032716878"/>
    <nd ref="1984505543"/>
    <nd ref="1984504810"/>
    <nd ref="1984505545"/>
    <nd ref="1984505547"/>
    <nd ref="12032716879"/>
    <nd ref="1984505606"/>
    <nd ref="1984505604"/>
    <nd ref="1984505598"/>
    <nd ref="300591476"/>
    <nd ref="1984505596"/>
    <nd ref="300591479"/>
    <nd ref="300591480"/>
    <nd ref="1984505590"/>
    <nd ref="1984505594"/>
    <nd ref="300591481"/>
    <nd ref="1984505597"/>
    <nd ref="11034926789"/>
    <nd ref="1984505599"/>
    <nd ref="300591487"/>
    <nd ref="1984505608"/>
    <nd ref="1984505550"/>
    <nd ref="1984504805"/>
    <nd ref="1984504808"/>
    <nd ref="300591491"/>
    <nd ref="1984505554"/>
    <nd ref="1984504771"/>
    <nd ref="11034926790"/>
    <nd ref="1984505552"/>
    <nd ref="11034926791"/>
    <nd ref="1984504749"/>
    <nd ref="1984504746"/>
    <nd ref="1984505619"/>
    <nd ref="1984505615"/>
    <nd ref="1984505617"/>
    <nd ref="11034926792"/>
    <nd ref="1984505556"/>
    <nd ref="11034926793"/>
    <nd ref="11034926794"/>
    <nd ref="1984505558"/>
    <nd ref="1984504434"/>
    <nd ref="11034926795"/>
    <nd ref="1984505559"/>
    <nd ref="1984505613"/>
    <nd ref="1984505611"/>
    <nd ref="11034926796"/>
    <nd ref="11034926797"/>
    <nd ref="1984504415"/>
    <nd ref="1984504451"/>
    <nd ref="1984505610"/>
    <nd ref="12032716880"/>
    <nd ref="1984505572"/>
    <nd ref="1984505576"/>
    <nd ref="1984505580"/>
    <nd ref="1984505582"/>
    <nd ref="1984505578"/>
    <nd ref="1984505570"/>
    <nd ref="1984505566"/>
    <nd ref="1984505584"/>
    <nd ref="1984505586"/>
    <nd ref="1984505592"/>
    <nd ref="11034926798"/>
    <nd ref="1984505588"/>
    <nd ref="4442925205"/>
    <nd ref="12032716881"/>
    <nd ref="1984505574"/>
    <nd ref="1984505561"/>
    <nd ref="1984505568"/>
    <nd ref="12032716882"/>
    <nd ref="1984504473"/>
    <nd ref="12032716883"/>
    <nd ref="1984504360"/>
    <nd ref="1984504387"/>
    <nd ref="1984504395"/>
    <nd ref="1984504418"/>
    <nd ref="12032716884"/>
    <nd ref="12032716885"/>
    <nd ref="12032716886"/>
    <nd ref="1984504449"/>
    <nd ref="12032716887"/>
    <nd ref="1984504428"/>
    <nd ref="12032716888"/>
    <nd ref="1984504711"/>
    <nd ref="1984504716"/>
    <nd ref="12032716889"/>
    <nd ref="1984504736"/>
    <nd ref="1984504797"/>
    <nd ref="1984505549"/>
    <nd ref="1984504803"/>
    <nd ref="1984504790"/>
    <nd ref="1984505541"/>
    <nd ref="1984505539"/>
    <nd ref="1984505531"/>
    <nd ref="1984505516"/>
    <nd ref="11034926799"/>
    <nd ref="11034926800"/>
    <nd ref="11034926801"/>
    <nd ref="1984505504"/>
    <nd ref="1984505502"/>
    <nd ref="1984505498"/>
    <nd ref="1984505496"/>
    <nd ref="11034926802"/>
    <nd ref="11034926803"/>
    <nd ref="1984505202"/>
    <nd ref="1984505319"/>
    <nd ref="1984505317"/>
    <nd ref="11034926804"/>
    <nd ref="1984505176"/>
    <nd ref="1984505282"/>
    <nd ref="11034987805"/>
    <nd ref="1984505278"/>
    <nd ref="1984505254"/>
    <nd ref="1984505389"/>
    <nd ref="1984505391"/>
    <nd ref="1984505506"/>
    <nd ref="1984505514"/>
    <nd ref="1984505463"/>
    <nd ref="1984505467"/>
    <nd ref="1984505508"/>
    <nd ref="1984505523"/>
    <nd ref="1984505478"/>
    <nd ref="1984505535"/>
    <nd ref="11034987806"/>
    <nd ref="11034987807"/>
    <nd ref="1984505537"/>
    <nd ref="1984505521"/>
    <nd ref="1984505500"/>
    <nd ref="11034987809"/>
    <nd ref="11034987810"/>
    <nd ref="11034987811"/>
    <nd ref="1984505361"/>
    <nd ref="11034987812"/>
    <nd ref="1984505440"/>
    <nd ref="1984505443"/>
    <nd ref="11034987813"/>
    <nd ref="1984505481"/>
    <nd ref="3489003560"/>
    <nd ref="11034987814"/>
    <nd ref="1984505480"/>
    <nd ref="1984505401"/>
    <nd ref="1984505433"/>
    <nd ref="12032716890"/>
    <nd ref="1984505423"/>
    <nd ref="1984505441"/>
    <nd ref="1984505439"/>
    <nd ref="1984505435"/>
    <nd ref="1984505431"/>
    <nd ref="1984505420"/>
    <nd ref="1984505406"/>
    <nd ref="1984505404"/>
    <nd ref="1984505398"/>
    <nd ref="1984505396"/>
    <nd ref="11034987815"/>
    <nd ref="1984505397"/>
    <nd ref="1984505399"/>
    <nd ref="1984505400"/>
    <nd ref="1984505403"/>
    <nd ref="1984505395"/>
    <nd ref="1984505405"/>
    <nd ref="1984505418"/>
    <nd ref="1984505442"/>
    <nd ref="1984505437"/>
    <nd ref="1984505429"/>
    <nd ref="11034987816"/>
    <nd ref="1984505421"/>
    <nd ref="1984505381"/>
    <nd ref="1984505357"/>
    <nd ref="11034987817"/>
    <nd ref="11034987818"/>
    <nd ref="1984505356"/>
    <nd ref="1984505362"/>
    <nd ref="1984505359"/>
    <nd ref="1984505355"/>
    <nd ref="11034987819"/>
    <nd ref="1984505348"/>
    <nd ref="11034987820"/>
    <nd ref="1984505350"/>
    <nd ref="1984505385"/>
    <nd ref="1984505383"/>
    <nd ref="1984505358"/>
    <nd ref="1984505368"/>
    <nd ref="1984505365"/>
    <nd ref="1984505364"/>
    <nd ref="1984505322"/>
    <nd ref="1984505360"/>
    <nd ref="11034987821"/>
    <nd ref="1984505346"/>
    <nd ref="1984505325"/>
    <nd ref="1984505321"/>
    <nd ref="1984505316"/>
    <nd ref="1984505315"/>
    <nd ref="1984505313"/>
    <nd ref="1984505318"/>
    <nd ref="1984505327"/>
    <nd ref="11034987822"/>
    <nd ref="1984505344"/>
    <nd ref="11034987823"/>
    <nd ref="1984505354"/>
    <nd ref="1984505366"/>
    <nd ref="1984505387"/>
    <nd ref="11034987825"/>
    <nd ref="1984505402"/>
    <nd ref="11034987826"/>
    <nd ref="1984505425"/>
    <nd ref="11034987828"/>
    <nd ref="1984505438"/>
    <nd ref="11034987829"/>
    <nd ref="1984505455"/>
    <nd ref="11034987830"/>
    <nd ref="1984505457"/>
    <nd ref="1984505461"/>
    <nd ref="1984505474"/>
    <nd ref="1984505477"/>
    <nd ref="11034987834"/>
    <nd ref="11034987835"/>
    <nd ref="1984505470"/>
    <nd ref="1984505453"/>
    <nd ref="11034987836"/>
    <nd ref="1984505459"/>
    <nd ref="1984505311"/>
    <nd ref="1984505329"/>
    <nd ref="1984505352"/>
    <nd ref="1984505379"/>
    <nd ref="11034987837"/>
    <nd ref="1984505363"/>
    <nd ref="1984505287"/>
    <nd ref="1984505207"/>
    <nd ref="12032716891"/>
    <nd ref="1984505248"/>
    <nd ref="1984505209"/>
    <nd ref="1984505250"/>
    <nd ref="1984505252"/>
    <nd ref="1984505272"/>
    <nd ref="1984505238"/>
    <nd ref="1984505159"/>
    <nd ref="1984505197"/>
    <nd ref="1984505292"/>
    <nd ref="1984505154"/>
    <nd ref="11034987841"/>
    <nd ref="1984505323"/>
    <nd ref="1984505241"/>
    <nd ref="11034987842"/>
    <nd ref="11034987843"/>
    <nd ref="1984505234"/>
    <nd ref="1984505237"/>
    <nd ref="1984505233"/>
    <nd ref="1984505230"/>
    <nd ref="1984505213"/>
    <nd ref="1984505156"/>
    <nd ref="11034987844"/>
    <nd ref="1984505195"/>
    <nd ref="1984505196"/>
    <nd ref="1984505245"/>
    <nd ref="1984505198"/>
    <nd ref="1984505089"/>
    <nd ref="1984505236"/>
    <nd ref="11034987847"/>
    <nd ref="1984505190"/>
    <nd ref="1984505229"/>
    <nd ref="1984505211"/>
    <nd ref="1984505216"/>
    <nd ref="1984505076"/>
    <nd ref="1984505079"/>
    <nd ref="11034987850"/>
    <nd ref="11034987851"/>
    <nd ref="11034987848"/>
    <nd ref="1984505164"/>
    <nd ref="1984505129"/>
    <nd ref="11034987852"/>
    <nd ref="1984505189"/>
    <nd ref="11034987853"/>
    <nd ref="11034987854"/>
    <nd ref="1984505192"/>
    <nd ref="1984505204"/>
    <nd ref="1984505155"/>
    <nd ref="1984505118"/>
    <nd ref="1984504959"/>
    <nd ref="1984504962"/>
    <nd ref="1984505116"/>
    <nd ref="11034987857"/>
    <nd ref="11034987856"/>
    <nd ref="11034987855"/>
    <nd ref="4446604168"/>
    <nd ref="1984505194"/>
    <nd ref="1984505200"/>
    <nd ref="1984505171"/>
    <nd ref="1984505169"/>
    <nd ref="11034987860"/>
    <nd ref="11034987862"/>
    <nd ref="1984505120"/>
    <nd ref="1984505137"/>
    <nd ref="11034987863"/>
    <nd ref="1984505125"/>
    <nd ref="1984505162"/>
    <nd ref="1984505166"/>
    <nd ref="1984505173"/>
    <nd ref="11034987864"/>
    <nd ref="1984505138"/>
    <nd ref="1984505135"/>
    <nd ref="1984505057"/>
    <nd ref="1984505140"/>
    <nd ref="1984505078"/>
    <nd ref="11034987865"/>
    <nd ref="11034987868"/>
    <nd ref="11034987869"/>
    <nd ref="11034987872"/>
    <nd ref="1984505121"/>
    <nd ref="1984505127"/>
    <nd ref="1984505037"/>
    <nd ref="1984505115"/>
    <nd ref="11034987873"/>
    <nd ref="1984505040"/>
    <nd ref="1984505087"/>
    <nd ref="1984505119"/>
    <nd ref="1984505093"/>
    <nd ref="1984505153"/>
    <nd ref="11034987874"/>
    <nd ref="1984505098"/>
    <nd ref="1984505100"/>
    <nd ref="1984505097"/>
    <nd ref="11034987875"/>
    <nd ref="1984505114"/>
    <nd ref="1984505095"/>
    <nd ref="1984505035"/>
    <nd ref="11034987876"/>
    <nd ref="1984505073"/>
    <nd ref="11034987877"/>
    <nd ref="11034987878"/>
    <nd ref="1984505075"/>
    <nd ref="1984505083"/>
    <nd ref="1984505081"/>
    <nd ref="1984505080"/>
    <nd ref="1984505018"/>
    <nd ref="1984504997"/>
    <nd ref="1984505024"/>
    <nd ref="1984505063"/>
    <nd ref="1984505043"/>
    <nd ref="1984505050"/>
    <nd ref="11034987879"/>
    <nd ref="11034987881"/>
    <nd ref="11034987880"/>
    <nd ref="1984505117"/>
    <nd ref="1984505005"/>
    <nd ref="1984504968"/>
    <nd ref="1984504964"/>
    <nd ref="1984505004"/>
    <nd ref="1984505056"/>
    <nd ref="11034987882"/>
    <nd ref="11034953767"/>
    <nd ref="1984505059"/>
    <nd ref="1984505045"/>
    <nd ref="4446604167"/>
    <nd ref="1984505046"/>
    <nd ref="11034953768"/>
    <nd ref="1984505041"/>
    <nd ref="11034953770"/>
    <nd ref="11034953769"/>
    <nd ref="1984505038"/>
    <nd ref="1984504920"/>
    <nd ref="1984505022"/>
    <nd ref="1984505020"/>
    <nd ref="1984505026"/>
    <nd ref="1984505048"/>
    <nd ref="1984505054"/>
    <nd ref="1984505052"/>
    <nd ref="1984505009"/>
    <nd ref="1984505007"/>
    <nd ref="1984505011"/>
    <nd ref="11034953773"/>
    <nd ref="11034953775"/>
    <nd ref="11034953776"/>
    <nd ref="1984505016"/>
    <nd ref="1984505036"/>
    <nd ref="1984505039"/>
    <nd ref="1984504999"/>
    <nd ref="1984505001"/>
    <nd ref="1984504950"/>
    <nd ref="1984504995"/>
    <nd ref="1984504977"/>
    <nd ref="1984504970"/>
    <nd ref="11034953777"/>
    <nd ref="1984504988"/>
    <nd ref="11034953778"/>
    <nd ref="1984505002"/>
    <nd ref="1984504979"/>
    <nd ref="1984504945"/>
    <nd ref="4446604166"/>
    <nd ref="1984504939"/>
    <nd ref="1984504935"/>
    <nd ref="1984504931"/>
    <nd ref="1984504960"/>
    <nd ref="1984504924"/>
    <nd ref="1984504948"/>
    <nd ref="1984504943"/>
    <nd ref="1984504937"/>
    <nd ref="1984504769"/>
    <nd ref="1984504701"/>
    <nd ref="1984504933"/>
    <nd ref="1984504929"/>
    <nd ref="1984504928"/>
    <nd ref="1984504864"/>
    <nd ref="1984504947"/>
    <nd ref="1984504952"/>
    <nd ref="1984504982"/>
    <nd ref="1984504941"/>
    <nd ref="1984504966"/>
    <nd ref="1984504998"/>
    <nd ref="1984504981"/>
    <nd ref="11034953781"/>
    <nd ref="11034953780"/>
    <nd ref="11034953779"/>
    <nd ref="1984504986"/>
    <nd ref="1984504996"/>
    <nd ref="1984504894"/>
    <nd ref="1984504911"/>
    <nd ref="1984504975"/>
    <nd ref="11034953782"/>
    <nd ref="11034953783"/>
    <nd ref="1984504926"/>
    <nd ref="1984504851"/>
    <nd ref="1984504839"/>
    <nd ref="1984504738"/>
    <nd ref="11034953784"/>
    <nd ref="11034953785"/>
    <nd ref="11034953786"/>
    <nd ref="1984504744"/>
    <nd ref="1984504833"/>
    <nd ref="1984504853"/>
    <nd ref="11034953787"/>
    <nd ref="1984504892"/>
    <nd ref="11034953788"/>
    <nd ref="1984504845"/>
    <nd ref="1984504915"/>
    <nd ref="4446604165"/>
    <nd ref="1984504890"/>
    <nd ref="1984504913"/>
    <nd ref="1984504881"/>
    <nd ref="1984504922"/>
    <nd ref="1984504918"/>
    <nd ref="1984504910"/>
    <nd ref="11034953794"/>
    <nd ref="11034953793"/>
    <nd ref="11034953791"/>
    <nd ref="11034953790"/>
    <nd ref="11034953789"/>
    <nd ref="1984504906"/>
    <nd ref="1984504879"/>
    <nd ref="1984504883"/>
    <nd ref="1984504896"/>
    <nd ref="1984504885"/>
    <nd ref="11034953795"/>
    <nd ref="1984504870"/>
    <nd ref="1984504857"/>
    <nd ref="11034953796"/>
    <nd ref="1984504824"/>
    <nd ref="1984504816"/>
    <nd ref="1984504792"/>
    <nd ref="1984504782"/>
    <nd ref="1984504775"/>
    <nd ref="1984504760"/>
    <nd ref="1984504751"/>
    <nd ref="11034953798"/>
    <nd ref="1984504732"/>
    <nd ref="1984504723"/>
    <nd ref="1984504717"/>
    <nd ref="11034953799"/>
    <nd ref="1984504709"/>
    <nd ref="11034953800"/>
    <nd ref="1984504707"/>
    <nd ref="1984504681"/>
    <nd ref="4442783417"/>
    <nd ref="1984504673"/>
    <nd ref="11034953801"/>
    <nd ref="1984504663"/>
    <nd ref="1984504657"/>
    <nd ref="1984504671"/>
    <nd ref="11034953802"/>
    <nd ref="1984504699"/>
    <nd ref="1984504715"/>
    <nd ref="1984504740"/>
    <nd ref="11034953804"/>
    <nd ref="1984504761"/>
    <nd ref="4446588840"/>
    <nd ref="1984504776"/>
    <nd ref="11035007206"/>
    <nd ref="1984504784"/>
    <nd ref="1984504798"/>
    <nd ref="11035007207"/>
    <nd ref="1984504714"/>
    <nd ref="11035007208"/>
    <nd ref="1984504706"/>
    <nd ref="11035007209"/>
    <nd ref="1984504704"/>
    <nd ref="1984504687"/>
    <nd ref="4446588836"/>
    <nd ref="11035007210"/>
    <nd ref="1984504677"/>
    <nd ref="11035007211"/>
    <nd ref="1984504659"/>
    <nd ref="1984504624"/>
    <nd ref="11035007213"/>
    <nd ref="1984504582"/>
    <nd ref="11035007214"/>
    <nd ref="4446588828"/>
    <nd ref="1984504468"/>
    <nd ref="11035007216"/>
    <nd ref="1984504522"/>
    <nd ref="1984504458"/>
    <nd ref="1984504459"/>
    <nd ref="1984504512"/>
    <nd ref="1984504457"/>
    <nd ref="1984504470"/>
    <nd ref="11035007217"/>
    <nd ref="1984504497"/>
    <nd ref="11035007218"/>
    <nd ref="1984504580"/>
    <nd ref="11035007219"/>
    <nd ref="11035007220"/>
    <nd ref="1984504612"/>
    <nd ref="1984504655"/>
    <nd ref="11035007221"/>
    <nd ref="1984504679"/>
    <nd ref="4446588834"/>
    <nd ref="1984504697"/>
    <nd ref="11035007223"/>
    <nd ref="11035007224"/>
    <nd ref="1984504718"/>
    <nd ref="1984504722"/>
    <nd ref="1984504742"/>
    <nd ref="1984504756"/>
    <nd ref="1984504767"/>
    <nd ref="11035007226"/>
    <nd ref="1984504799"/>
    <nd ref="1984504812"/>
    <nd ref="11035007227"/>
    <nd ref="1984504788"/>
    <nd ref="1984504778"/>
    <nd ref="11035007228"/>
    <nd ref="1984504758"/>
    <nd ref="1984504755"/>
    <nd ref="4442783418"/>
    <nd ref="11035007229"/>
    <nd ref="1984504721"/>
    <nd ref="11035007230"/>
    <nd ref="4446588837"/>
    <nd ref="1984504712"/>
    <nd ref="4446588835"/>
    <nd ref="11035007231"/>
    <nd ref="11035007232"/>
    <nd ref="1984504684"/>
    <nd ref="1984504669"/>
    <nd ref="1984504633"/>
    <nd ref="1984504626"/>
    <nd ref="11035007235"/>
    <nd ref="11035007236"/>
    <nd ref="1984504595"/>
    <nd ref="11035007238"/>
    <nd ref="1984504567"/>
    <nd ref="1984504465"/>
    <nd ref="11035007239"/>
    <nd ref="1984504430"/>
    <nd ref="1984504524"/>
    <nd ref="1984504516"/>
    <nd ref="4446588819"/>
    <nd ref="1984504438"/>
    <nd ref="1984504433"/>
    <nd ref="11035007240"/>
    <nd ref="1984504426"/>
    <nd ref="1984504399"/>
    <nd ref="11035007247"/>
    <nd ref="11035007246"/>
    <nd ref="11035007245"/>
    <nd ref="11035007243"/>
    <nd ref="11035007241"/>
    <nd ref="1984504450"/>
    <nd ref="1984504439"/>
    <nd ref="1984504425"/>
    <nd ref="1984504338"/>
    <nd ref="1984504331"/>
    <nd ref="1984504381"/>
    <nd ref="1984504347"/>
    <nd ref="1984504368"/>
    <nd ref="11035007248"/>
    <nd ref="1984504373"/>
    <nd ref="1984504392"/>
    <nd ref="1984504379"/>
    <nd ref="1984504356"/>
    <nd ref="1984504352"/>
    <nd ref="1984504349"/>
    <nd ref="1984504348"/>
    <nd ref="11035007249"/>
    <nd ref="11035007250"/>
    <nd ref="11035007251"/>
    <nd ref="4442783413"/>
    <nd ref="1984504337"/>
    <nd ref="11035007252"/>
    <nd ref="1984504333"/>
    <nd ref="11035007253"/>
    <nd ref="1984504332"/>
    <nd ref="11035007254"/>
    <nd ref="1984504340"/>
    <nd ref="1984504343"/>
    <nd ref="1984504350"/>
    <nd ref="1984504362"/>
    <nd ref="11035007255"/>
    <nd ref="1984504389"/>
    <nd ref="1984504402"/>
    <nd ref="1984504407"/>
    <nd ref="11035007256"/>
    <nd ref="1984504410"/>
    <nd ref="1984504404"/>
    <nd ref="1984504367"/>
    <nd ref="1984504361"/>
    <nd ref="1984504359"/>
    <nd ref="1984504355"/>
    <nd ref="4446588807"/>
    <nd ref="4442783416"/>
    <nd ref="4442783415"/>
    <nd ref="4446588806"/>
    <nd ref="1984504357"/>
    <nd ref="1984504363"/>
    <nd ref="4446588808"/>
    <nd ref="1984504413"/>
    <nd ref="1984504420"/>
    <nd ref="1984504431"/>
    <nd ref="1984504453"/>
    <nd ref="4446588821"/>
    <nd ref="11035007258"/>
    <nd ref="4446588826"/>
    <nd ref="1984504553"/>
    <nd ref="1984504570"/>
    <nd ref="1984504618"/>
    <nd ref="1984504610"/>
    <nd ref="1984504607"/>
    <nd ref="1984504583"/>
    <nd ref="11035007259"/>
    <nd ref="1984504577"/>
    <nd ref="1984504573"/>
    <nd ref="1984504564"/>
    <nd ref="1984504518"/>
    <nd ref="1984504551"/>
    <nd ref="1984504525"/>
    <nd ref="1984504515"/>
    <nd ref="1984504462"/>
    <nd ref="1984504454"/>
    <nd ref="12032716892"/>
    <nd ref="12032716893"/>
    <nd ref="12032716894"/>
    <nd ref="1984504416"/>
    <nd ref="11035007260"/>
    <nd ref="11035007261"/>
    <nd ref="1984504400"/>
    <nd ref="11035007263"/>
    <nd ref="1984504339"/>
    <nd ref="1984504330"/>
    <nd ref="11035007264"/>
    <nd ref="11035007265"/>
    <nd ref="11035007267"/>
    <nd ref="11035007268"/>
    <nd ref="11035007269"/>
    <nd ref="1984504394"/>
    <nd ref="1984504378"/>
    <nd ref="1984504318"/>
    <nd ref="1984504325"/>
    <nd ref="1984504327"/>
    <nd ref="1984504317"/>
    <nd ref="1984504326"/>
    <nd ref="1984504328"/>
    <nd ref="11035007270"/>
    <nd ref="1984504397"/>
    <nd ref="1984504366"/>
    <nd ref="11035007271"/>
    <nd ref="4446588809"/>
    <nd ref="4446588811"/>
    <nd ref="4446588812"/>
    <nd ref="4446588813"/>
    <nd ref="11035007272"/>
    <nd ref="4446588815"/>
    <nd ref="1984504421"/>
    <nd ref="4446588816"/>
    <nd ref="4446588818"/>
    <nd ref="1984504202"/>
    <nd ref="11035007273"/>
    <nd ref="1984504467"/>
    <nd ref="4446588822"/>
    <nd ref="1984504494"/>
    <nd ref="4446588827"/>
    <nd ref="1984504572"/>
    <nd ref="1984504599"/>
    <nd ref="11035007274"/>
    <nd ref="1984504604"/>
    <nd ref="1984504615"/>
    <nd ref="1984504619"/>
    <nd ref="1984504629"/>
    <nd ref="1984504631"/>
    <nd ref="4446588832"/>
    <nd ref="4446588833"/>
    <nd ref="1984504634"/>
    <nd ref="1984504702"/>
    <nd ref="1984504636"/>
    <nd ref="11035007275"/>
    <nd ref="1984504661"/>
    <nd ref="4446588830"/>
    <nd ref="4446588831"/>
    <nd ref="1984504667"/>
    <nd ref="1984504674"/>
    <nd ref="1984504685"/>
    <nd ref="4446588838"/>
    <nd ref="1984504747"/>
    <nd ref="1984504759"/>
    <nd ref="1984504780"/>
    <nd ref="4446588841"/>
    <nd ref="1984504796"/>
    <nd ref="1984504814"/>
    <nd ref="1984504820"/>
    <nd ref="1984504828"/>
    <nd ref="1984504866"/>
    <nd ref="1984504898"/>
    <nd ref="11035007276"/>
    <nd ref="1984504843"/>
    <nd ref="11035007277"/>
    <nd ref="4446588842"/>
    <nd ref="1984504829"/>
    <nd ref="1984504826"/>
    <nd ref="1984504837"/>
    <nd ref="12032716895"/>
    <nd ref="1984504874"/>
    <nd ref="1984504682"/>
    <nd ref="11035007278"/>
    <nd ref="1984504872"/>
    <nd ref="1984504773"/>
    <nd ref="1984504847"/>
    <nd ref="1984504835"/>
    <nd ref="1984504818"/>
    <nd ref="11035007279"/>
    <nd ref="1984504806"/>
    <nd ref="1984504676"/>
    <nd ref="1984504665"/>
    <nd ref="1984504559"/>
    <nd ref="1984504628"/>
    <nd ref="1984504521"/>
    <nd ref="1984504622"/>
    <nd ref="4446588829"/>
    <nd ref="1984504578"/>
    <nd ref="11035007280"/>
    <nd ref="1984504568"/>
    <nd ref="1984504561"/>
    <nd ref="1984504556"/>
    <nd ref="1984504527"/>
    <nd ref="1984504545"/>
    <nd ref="1984504548"/>
    <nd ref="1984504526"/>
    <nd ref="4446588825"/>
    <nd ref="1984504523"/>
    <nd ref="1984504519"/>
    <nd ref="4446588823"/>
    <nd ref="1984504411"/>
    <nd ref="1984504448"/>
    <nd ref="1984504423"/>
    <nd ref="4446588817"/>
    <nd ref="1984504345"/>
    <nd ref="4442783414"/>
    <nd ref="1984504282"/>
    <nd ref="1984504335"/>
    <nd ref="1984504329"/>
    <nd ref="11035007281"/>
    <nd ref="1984504314"/>
    <nd ref="12032716896"/>
    <nd ref="1984504283"/>
    <nd ref="1984504274"/>
    <nd ref="1984504284"/>
    <nd ref="1984504273"/>
    <nd ref="1984504290"/>
    <nd ref="11035007284"/>
    <nd ref="1984504295"/>
    <nd ref="11035007283"/>
    <nd ref="1984504298"/>
    <nd ref="1984504300"/>
    <nd ref="11035007282"/>
    <nd ref="4446599880"/>
    <nd ref="11034995675"/>
    <nd ref="4332364746"/>
    <nd ref="1984504291"/>
    <nd ref="4446599878"/>
    <nd ref="11035007285"/>
    <nd ref="11034995677"/>
    <nd ref="11034995676"/>
    <nd ref="1984504272"/>
    <nd ref="1984504281"/>
    <nd ref="11034995678"/>
    <nd ref="1984504277"/>
    <nd ref="1984504280"/>
    <nd ref="1984504278"/>
    <nd ref="11034995679"/>
    <nd ref="11034995680"/>
    <nd ref="1984504276"/>
    <nd ref="1984504275"/>
    <nd ref="1984504236"/>
    <nd ref="1984504241"/>
    <nd ref="1984504244"/>
    <nd ref="1984504271"/>
    <nd ref="1984504269"/>
    <nd ref="1984504268"/>
    <nd ref="1984504245"/>
    <nd ref="1984504247"/>
    <nd ref="11034995681"/>
    <nd ref="1984504262"/>
    <nd ref="1984504259"/>
    <nd ref="11034995683"/>
    <nd ref="1984504258"/>
    <nd ref="1984504257"/>
    <nd ref="11034995684"/>
    <nd ref="1984504255"/>
    <nd ref="1984504254"/>
    <nd ref="11034995685"/>
    <nd ref="1984504252"/>
    <nd ref="11034995686"/>
    <nd ref="1984504239"/>
    <nd ref="1984504227"/>
    <nd ref="1984504221"/>
    <nd ref="11034995687"/>
    <nd ref="4446599873"/>
    <nd ref="300592583"/>
    <nd ref="1984504211"/>
    <nd ref="11034995688"/>
    <nd ref="11034995689"/>
    <nd ref="2178261582"/>
    <nd ref="11034995690"/>
    <nd ref="1984504206"/>
    <nd ref="1984504209"/>
    <nd ref="1984504214"/>
    <nd ref="4446599874"/>
    <nd ref="1984504223"/>
    <nd ref="1984504219"/>
    <nd ref="1984504217"/>
    <nd ref="1984504237"/>
    <nd ref="1984504242"/>
    <nd ref="1984504251"/>
    <nd ref="1984504248"/>
    <nd ref="4446599876"/>
    <nd ref="1984504226"/>
    <nd ref="1984504224"/>
    <nd ref="1984504220"/>
    <nd ref="3210187267"/>
    <nd ref="9049852454"/>
    <nd ref="1984504216"/>
    <nd ref="11034995691"/>
    <nd ref="1984504212"/>
    <nd ref="1984504205"/>
    <nd ref="1984504188"/>
    <nd ref="1984504194"/>
    <nd ref="11034995693"/>
    <nd ref="11034995695"/>
    <nd ref="1984504203"/>
    <nd ref="1984504195"/>
    <nd ref="11034995696"/>
    <nd ref="11034995697"/>
    <nd ref="1984504197"/>
    <nd ref="1984504196"/>
    <nd ref="1984504193"/>
    <nd ref="1984504191"/>
    <nd ref="11017051722"/>
    <nd ref="1984504189"/>
    <nd ref="11017051721"/>
    <nd ref="11017051719"/>
    <nd ref="4446599869"/>
    <nd ref="1984504187"/>
    <nd ref="6551870642"/>
    <tag k="highway" v="primary"/>
    <tag k="name" v="北部橫貫公路"/>
    <tag k="name:en" v="Northern Cross-Island Highway"/>
    <tag k="name:nan" v="Pak-pō͘ Hûiⁿ-koàn Kong-lō͘"/>
    <tag k="name:nan-Hant" v="北部橫貫公路"/>
    <tag k="name:nan-Latn-pehoeji" v="Pak-pō͘ Hûiⁿ-koàn Kong-lō͘"/>
    <tag k="name:nan-Latn-tailo" v="Pak-pōo Huînn-kuàn Kong-lōo"/>
    <tag k="name:zh" v="北部橫貫公路"/>
    <tag k="ref" v="7"/>
    <tag k="ref:en" v="Provincial Highway 7"/>
    <tag k="ref:zh" v="台7線"/>
  </way>
  <way id="430055907">
    <nd ref="11017108488"/>
    <nd ref="4312156125"/>
    <nd ref="4293200400"/>
    <nd ref="4293200401"/>
    <nd ref="4293200402"/>
    <nd ref="4293200403"/>
    <nd ref="11017094380"/>
    <nd ref="11017094379"/>
    <nd ref="4293200404"/>
    <nd ref="11017094378"/>
    <nd ref="4293200412"/>
    <nd ref="11017094377"/>
    <nd ref="4293200405"/>
    <nd ref="11017094376"/>
    <nd ref="11017094375"/>
    <nd ref="4293200447"/>
    <nd ref="4293200411"/>
    <nd ref="4293200406"/>
    <nd ref="11017094371"/>
    <nd ref="4293200409"/>
    <nd ref="11017094373"/>
    <nd ref="11017094372"/>
    <nd ref="4293200407"/>
    <nd ref="11017094374"/>
    <nd ref="4293200408"/>
    <nd ref="3110882512"/>
    <tag k="highway" v="service"/>
    <tag k="name" v="東壘路"/>
  </way>
  <way id="430055908">
    <nd ref="4293200408"/>
    <nd ref="4293200410"/>
    <nd ref="4293200411"/>
    <tag k="highway" v="service"/>
    <tag k="name" v="東壘路3巷"/>
  </way>
  <way id="430055909">
    <nd ref="4293200412"/>
    <nd ref="4293200413"/>
    <nd ref="4293200414"/>
    <nd ref="9064174306"/>
    <nd ref="4293200415"/>
    <nd ref="4293200416"/>
    <nd ref="4293200417"/>
    <nd ref="4293200418"/>
    <nd ref="11017096853"/>
    <nd ref="11017096854"/>
    <nd ref="4293200419"/>
    <nd ref="4293200420"/>
    <nd ref="4293200421"/>
    <nd ref="11017096855"/>
    <nd ref="11017096856"/>
    <nd ref="4293200422"/>
    <nd ref="11017096857"/>
    <nd ref="4293200423"/>
    <nd ref="11017096858"/>
    <nd ref="11017096859"/>
    <nd ref="4293200424"/>
    <nd ref="11017096860"/>
    <nd ref="4293200425"/>
    <nd ref="11017096861"/>
    <nd ref="4293200426"/>
    <nd ref="11017096862"/>
    <nd ref="4293200427"/>
    <nd ref="11036490922"/>
    <nd ref="4293200428"/>
    <nd ref="11017096863"/>
    <nd ref="4293200446"/>
    <nd ref="4293200429"/>
    <nd ref="4293200430"/>
    <nd ref="4293200445"/>
    <nd ref="11017096866"/>
    <nd ref="11017096865"/>
    <nd ref="11017096864"/>
    <nd ref="4293200431"/>
    <nd ref="11017096867"/>
    <nd ref="4293200432"/>
    <nd ref="11017096868"/>
    <nd ref="11017096869"/>
    <nd ref="11017096870"/>
    <nd ref="11017096871"/>
    <nd ref="11017096872"/>
    <nd ref="4293200433"/>
    <nd ref="11017096873"/>
    <nd ref="4293200434"/>
    <nd ref="11017096874"/>
    <nd ref="11017096875"/>
    <nd ref="4293200435"/>
    <nd ref="11017096876"/>
    <nd ref="4293200436"/>
    <nd ref="11017096877"/>
    <nd ref="4293200437"/>
    <nd ref="4293200438"/>
    <nd ref="11017096878"/>
    <nd ref="4293200439"/>
    <nd ref="4293200440"/>
    <nd ref="11017096879"/>
    <nd ref="4293200441"/>
    <nd ref="11017096880"/>
    <nd ref="4293200442"/>
    <nd ref="11017096881"/>
    <nd ref="4293200443"/>
    <nd ref="4293200444"/>
    <tag k="highway" v="track"/>
  </way>
  <way id="430055910">
    <nd ref="4293200447"/>
    <nd ref="4293200448"/>
    <nd ref="11017094370"/>
    <nd ref="4293200449"/>
    <nd ref="11017094367"/>
    <nd ref="11017094368"/>
    <nd ref="11017094369"/>
    <tag k="highway" v="service"/>
    <tag k="name" v="東壘路5巷"/>
  </way>
  <way id="430296005">
    <nd ref="2604701537"/>
    <nd ref="2604701527"/>
    <nd ref="2604701525"/>
    <nd ref="2604701529"/>
    <nd ref="2604701531"/>
    <nd ref="2604701532"/>
    <nd ref="2604701534"/>
    <nd ref="2604701539"/>
    <nd ref="2604701544"/>
    <nd ref="2604701542"/>
    <nd ref="2604701548"/>
    <nd ref="2604701546"/>
    <nd ref="2604701551"/>
    <nd ref="2604701552"/>
    <nd ref="2604701549"/>
    <nd ref="2604701554"/>
    <nd ref="2604701561"/>
    <nd ref="2604701564"/>
    <nd ref="2604701566"/>
    <nd ref="2604701579"/>
    <nd ref="2604701584"/>
    <nd ref="2604701598"/>
    <nd ref="2604701613"/>
    <nd ref="2604701605"/>
    <nd ref="2604701595"/>
    <nd ref="2604701597"/>
    <nd ref="7331783496"/>
    <nd ref="6244739480"/>
    <nd ref="2604701581"/>
    <nd ref="2604701574"/>
    <nd ref="2604701578"/>
    <nd ref="2604701576"/>
    <nd ref="2604701582"/>
    <nd ref="2604701586"/>
    <nd ref="2604701600"/>
    <nd ref="2604701608"/>
    <nd ref="2604701612"/>
    <nd ref="2604701615"/>
    <nd ref="2604701618"/>
    <nd ref="2604701621"/>
    <nd ref="2604701624"/>
    <nd ref="2604701639"/>
    <tag k="bicycle" v="yes"/>
    <tag k="foot" v="yes"/>
    <tag k="highway" v="track"/>
    <tag k="motor_vehicle" v="no"/>
    <tag k="name" v="110線林道"/>
    <tag k="note" v="南稜路線為山嶽界前輩林蒼淯先生在 2010 年開發"/>
    <tag k="surface" v="ground"/>
  </way>
  <way id="432045200">
    <nd ref="3210187280"/>
    <nd ref="11017263565"/>
    <nd ref="11017263564"/>
    <nd ref="11017263563"/>
    <nd ref="4312155973"/>
    <nd ref="4312155974"/>
    <nd ref="4312155975"/>
    <nd ref="11017263562"/>
    <nd ref="11017263561"/>
    <nd ref="11017263560"/>
    <nd ref="4312155976"/>
    <nd ref="11017263555"/>
    <nd ref="11017263556"/>
    <nd ref="11017263557"/>
    <nd ref="11017263558"/>
    <nd ref="11017263559"/>
    <nd ref="4312155977"/>
    <nd ref="11017263554"/>
    <nd ref="4312155978"/>
    <nd ref="4312155979"/>
    <tag k="highway" v="residential"/>
  </way>
  <way id="432045205">
    <nd ref="4312155989"/>
    <nd ref="11017263647"/>
    <nd ref="4312155990"/>
    <nd ref="11017263645"/>
    <nd ref="11017263646"/>
    <nd ref="11017263644"/>
    <nd ref="11017263643"/>
    <nd ref="4312155991"/>
    <nd ref="11017263642"/>
    <nd ref="11017263641"/>
    <nd ref="11017263640"/>
    <nd ref="11017263639"/>
    <nd ref="4312155992"/>
    <nd ref="11017263638"/>
    <nd ref="4312155993"/>
    <nd ref="11017263637"/>
    <nd ref="4312155994"/>
    <nd ref="11017263636"/>
    <nd ref="11017263635"/>
    <nd ref="4312155995"/>
    <nd ref="11017263634"/>
    <nd ref="4312155996"/>
    <nd ref="11017263648"/>
    <nd ref="11017263649"/>
    <nd ref="4312155997"/>
    <nd ref="11017263628"/>
    <tag k="highway" v="service"/>
  </way>
  <way id="432045206">
    <nd ref="3110882539"/>
    <nd ref="11017108487"/>
    <nd ref="11017108486"/>
    <nd ref="4312155998"/>
    <nd ref="4312155999"/>
    <nd ref="11017108485"/>
    <nd ref="11017108484"/>
    <nd ref="4312156000"/>
    <nd ref="11017108483"/>
    <nd ref="11017108482"/>
    <nd ref="11017108481"/>
    <nd ref="4312156001"/>
    <nd ref="11017108480"/>
    <nd ref="4312156002"/>
    <nd ref="11017108479"/>
    <nd ref="11017108478"/>
    <nd ref="4312156003"/>
    <nd ref="11034609672"/>
    <nd ref="4312156004"/>
    <nd ref="11017108467"/>
    <nd ref="4312156005"/>
    <nd ref="4312156006"/>
    <nd ref="11034609671"/>
    <nd ref="4312156007"/>
    <nd ref="11017108466"/>
    <nd ref="11017108465"/>
    <nd ref="4312156008"/>
    <nd ref="4312156009"/>
    <nd ref="4312156010"/>
    <nd ref="11017108464"/>
    <nd ref="4312156011"/>
    <nd ref="11017108463"/>
    <nd ref="11017108462"/>
    <nd ref="11017108461"/>
    <nd ref="11034609735"/>
    <nd ref="4312156012"/>
    <nd ref="11017108460"/>
    <nd ref="11017108459"/>
    <nd ref="4312156013"/>
    <nd ref="11017108458"/>
    <nd ref="4312156014"/>
    <nd ref="11017108457"/>
    <nd ref="11017108456"/>
    <nd ref="4312156015"/>
    <nd ref="11017108452"/>
    <nd ref="4312156016"/>
    <nd ref="4312156017"/>
    <nd ref="11017108451"/>
    <nd ref="4312156018"/>
    <nd ref="11017108450"/>
    <nd ref="4312156019"/>
    <nd ref="4312156020"/>
    <nd ref="11017108449"/>
    <nd ref="11017108448"/>
    <nd ref="11017108447"/>
    <nd ref="4312156021"/>
    <nd ref="11017108446"/>
    <nd ref="11017108445"/>
    <nd ref="11017108444"/>
    <nd ref="4312156022"/>
    <nd ref="11017108443"/>
    <nd ref="11017108442"/>
    <nd ref="11017108441"/>
    <nd ref="4312156023"/>
    <nd ref="11017108440"/>
    <nd ref="11017108439"/>
    <nd ref="11017108438"/>
    <nd ref="11017108437"/>
    <nd ref="11017108436"/>
    <nd ref="4312156024"/>
    <nd ref="4312156025"/>
    <nd ref="4312156026"/>
    <nd ref="11017108435"/>
    <nd ref="11034609834"/>
    <nd ref="4312156027"/>
    <nd ref="11017108434"/>
    <nd ref="11017108433"/>
    <nd ref="11017108432"/>
    <nd ref="11017108431"/>
    <nd ref="11017108430"/>
    <nd ref="4312156028"/>
    <nd ref="4312156029"/>
    <nd ref="11017108429"/>
    <nd ref="11017108428"/>
    <nd ref="11017108427"/>
    <nd ref="4312156030"/>
    <nd ref="11017108426"/>
    <nd ref="11017108425"/>
    <nd ref="11017108424"/>
    <nd ref="4312156031"/>
    <nd ref="11017108423"/>
    <nd ref="11017108422"/>
    <nd ref="4312156032"/>
    <nd ref="11017108421"/>
    <nd ref="11017108420"/>
    <nd ref="11017108419"/>
    <nd ref="4312156033"/>
    <nd ref="11017108418"/>
    <nd ref="11017108417"/>
    <nd ref="11017108416"/>
    <nd ref="4312156034"/>
    <nd ref="11017108414"/>
    <nd ref="11017108415"/>
    <nd ref="11017108413"/>
    <nd ref="11017108412"/>
    <nd ref="4312156035"/>
    <nd ref="11017108411"/>
    <nd ref="11017108410"/>
    <nd ref="4312156036"/>
    <nd ref="11017108409"/>
    <nd ref="11017108408"/>
    <nd ref="4312156037"/>
    <nd ref="4312156038"/>
    <nd ref="11034660986"/>
    <nd ref="11017108407"/>
    <nd ref="4312156039"/>
    <nd ref="11017108406"/>
    <nd ref="4312156040"/>
    <nd ref="11017108405"/>
    <nd ref="11017108404"/>
    <nd ref="11017108403"/>
    <nd ref="11017108402"/>
    <nd ref="4312156041"/>
    <nd ref="11017108401"/>
    <nd ref="11017108400"/>
    <nd ref="4312156042"/>
    <nd ref="11017108399"/>
    <nd ref="11017108398"/>
    <nd ref="11017108397"/>
    <nd ref="4312156043"/>
    <nd ref="4312156044"/>
    <nd ref="11017108395"/>
    <nd ref="4312156045"/>
    <nd ref="11017108396"/>
    <nd ref="4312156046"/>
    <nd ref="11017108394"/>
    <nd ref="11034661128"/>
    <nd ref="11017108393"/>
    <nd ref="4312156047"/>
    <nd ref="11017108392"/>
    <nd ref="4312156048"/>
    <nd ref="4312156049"/>
    <nd ref="11017108391"/>
    <nd ref="4312156050"/>
    <nd ref="4312156051"/>
    <nd ref="11017108390"/>
    <nd ref="4312156052"/>
    <nd ref="11017108389"/>
    <nd ref="11017108372"/>
    <nd ref="4312156053"/>
    <nd ref="11017108371"/>
    <nd ref="4312156054"/>
    <nd ref="11017108370"/>
    <nd ref="4312156055"/>
    <nd ref="4312156056"/>
    <nd ref="11017108369"/>
    <nd ref="4312156057"/>
    <nd ref="11017108368"/>
    <nd ref="11017108367"/>
    <nd ref="4312156058"/>
    <nd ref="4312156059"/>
    <nd ref="11017108366"/>
    <nd ref="4312156060"/>
    <nd ref="11017108365"/>
    <nd ref="11017108364"/>
    <nd ref="4312156061"/>
    <nd ref="11017108363"/>
    <nd ref="11017108362"/>
    <nd ref="4312156062"/>
    <nd ref="11017108361"/>
    <nd ref="4312156063"/>
    <nd ref="11017108360"/>
    <nd ref="4312156064"/>
    <nd ref="11017108359"/>
    <nd ref="4312156065"/>
    <nd ref="4312156066"/>
    <nd ref="11017108358"/>
    <nd ref="4312156067"/>
    <nd ref="4312156068"/>
    <nd ref="4312156069"/>
    <nd ref="11017108357"/>
    <nd ref="11017108356"/>
    <nd ref="11017108355"/>
    <nd ref="4312156070"/>
    <nd ref="11017108354"/>
    <nd ref="11017108353"/>
    <nd ref="4312156071"/>
    <nd ref="11017108351"/>
    <nd ref="11017108352"/>
    <nd ref="11017108350"/>
    <nd ref="11017108349"/>
    <nd ref="4312156072"/>
    <nd ref="4312156073"/>
    <nd ref="11017108348"/>
    <nd ref="4312156074"/>
    <nd ref="11017108347"/>
    <nd ref="4312156075"/>
    <nd ref="11017108346"/>
    <nd ref="11017108345"/>
    <nd ref="4312156076"/>
    <nd ref="4312156077"/>
    <nd ref="4312156078"/>
    <nd ref="11017108344"/>
    <nd ref="4312156079"/>
    <nd ref="4312156080"/>
    <nd ref="4312156081"/>
    <nd ref="4312156082"/>
    <nd ref="4312156083"/>
    <nd ref="4312156084"/>
    <nd ref="11017108341"/>
    <nd ref="11017108342"/>
    <nd ref="11017108343"/>
    <nd ref="4312156085"/>
    <nd ref="11017108340"/>
    <nd ref="4312156086"/>
    <nd ref="11017108339"/>
    <nd ref="4312156087"/>
    <nd ref="11017108338"/>
    <nd ref="11017108337"/>
    <nd ref="11017108336"/>
    <nd ref="4312156088"/>
    <nd ref="11017108335"/>
    <nd ref="11017108334"/>
    <nd ref="11017108333"/>
    <nd ref="11017108332"/>
    <nd ref="11017108331"/>
    <nd ref="4312156089"/>
    <nd ref="11017108330"/>
    <nd ref="4312156090"/>
    <nd ref="4312156091"/>
    <nd ref="4312156092"/>
    <nd ref="11017108329"/>
    <nd ref="4312156093"/>
    <nd ref="11017108328"/>
    <nd ref="4312156094"/>
    <nd ref="11017108327"/>
    <nd ref="11017108326"/>
    <nd ref="11017108325"/>
    <nd ref="4312156095"/>
    <nd ref="11017108324"/>
    <nd ref="4312156096"/>
    <nd ref="11017108323"/>
    <nd ref="11017108322"/>
    <nd ref="11017108321"/>
    <nd ref="4312156097"/>
    <nd ref="11017108320"/>
    <nd ref="11017108319"/>
    <nd ref="4312156098"/>
    <nd ref="11017108318"/>
    <nd ref="4312156099"/>
    <nd ref="4312156100"/>
    <nd ref="11017108317"/>
    <nd ref="11017108316"/>
    <nd ref="11017108315"/>
    <nd ref="4312156101"/>
    <nd ref="4312156102"/>
    <nd ref="11017108314"/>
    <nd ref="11017108313"/>
    <nd ref="4312156103"/>
    <nd ref="11017108312"/>
    <nd ref="11017108311"/>
    <nd ref="4312156104"/>
    <nd ref="11017108310"/>
    <nd ref="11017108309"/>
    <nd ref="11017108308"/>
    <nd ref="11017108307"/>
    <nd ref="4312156105"/>
    <nd ref="11017108306"/>
    <nd ref="11017108305"/>
    <nd ref="4312156106"/>
    <nd ref="4312156107"/>
    <nd ref="11017094404"/>
    <nd ref="4312156108"/>
    <nd ref="11017094403"/>
    <nd ref="11017094402"/>
    <nd ref="4312156109"/>
    <nd ref="4312156110"/>
    <nd ref="4312156111"/>
    <nd ref="11017094401"/>
    <nd ref="4312156112"/>
    <nd ref="11017094400"/>
    <nd ref="4312156113"/>
    <nd ref="4312156114"/>
    <nd ref="11017094395"/>
    <nd ref="11017094396"/>
    <nd ref="11017094397"/>
    <nd ref="11017094398"/>
    <nd ref="11017094399"/>
    <nd ref="4312156115"/>
    <nd ref="11017094392"/>
    <nd ref="4312156116"/>
    <nd ref="11017094391"/>
    <nd ref="11017094390"/>
    <nd ref="4312156117"/>
    <nd ref="4312156118"/>
    <nd ref="11017094388"/>
    <nd ref="11017094387"/>
    <nd ref="4312156119"/>
    <nd ref="11017094385"/>
    <nd ref="11017094381"/>
    <nd ref="11017094386"/>
    <nd ref="4312156120"/>
    <nd ref="4312156121"/>
    <nd ref="4312156122"/>
    <nd ref="4312156123"/>
    <nd ref="4312156124"/>
    <nd ref="4312156125"/>
    <tag k="highway" v="service"/>
  </way>
  <way id="432045210">
    <nd ref="4312156184"/>
    <nd ref="4312156185"/>
    <nd ref="4312156186"/>
    <tag k="highway" v="service"/>
  </way>
  <way id="432045211">
    <nd ref="4312156187"/>
    <nd ref="11034692055"/>
    <nd ref="11034904658"/>
    <nd ref="11034692054"/>
    <nd ref="4312156188"/>
    <nd ref="4312156189"/>
    <nd ref="4312156190"/>
    <nd ref="11017096843"/>
    <nd ref="11017096844"/>
    <nd ref="12162467177"/>
    <nd ref="12162441448"/>
    <nd ref="12162467631"/>
    <tag k="highway" v="service"/>
  </way>
  <way id="432045212">
    <nd ref="4293200399"/>
    <nd ref="4312156191"/>
    <nd ref="4312156192"/>
    <nd ref="11017108490"/>
    <nd ref="4312156193"/>
    <nd ref="11034661065"/>
    <nd ref="11034661066"/>
    <nd ref="4312156194"/>
    <nd ref="11034661067"/>
    <nd ref="4312156195"/>
    <nd ref="4312156196"/>
    <nd ref="11017108492"/>
    <nd ref="11017108491"/>
    <nd ref="4312156197"/>
    <nd ref="4312156198"/>
    <tag k="highway" v="service"/>
  </way>
  <way id="432045213">
    <nd ref="4312156001"/>
    <nd ref="4312156199"/>
    <nd ref="4312156200"/>
    <nd ref="4312156201"/>
    <tag k="highway" v="service"/>
  </way>
  <way id="432046006">
    <nd ref="11017263650"/>
    <nd ref="11017263659"/>
    <nd ref="11017263660"/>
    <nd ref="4312164181"/>
    <nd ref="11017263661"/>
    <nd ref="11017263662"/>
    <nd ref="4312164182"/>
    <nd ref="11017263665"/>
    <nd ref="4312164183"/>
    <nd ref="11017263666"/>
    <nd ref="4312164184"/>
    <nd ref="3110882552"/>
    <tag k="highway" v="service"/>
  </way>
  <way id="435306645">
    <nd ref="4332364746"/>
    <nd ref="4332364745"/>
    <nd ref="11035007287"/>
    <nd ref="11035007286"/>
    <nd ref="4332364744"/>
    <nd ref="4332364743"/>
    <nd ref="11035007288"/>
    <nd ref="11035007289"/>
    <nd ref="11035007290"/>
    <nd ref="4334984379"/>
    <nd ref="4334984377"/>
    <nd ref="4334984378"/>
    <nd ref="4334984380"/>
    <nd ref="4334984381"/>
    <nd ref="4334984382"/>
    <nd ref="11035007291"/>
    <nd ref="11035007292"/>
    <nd ref="11035007294"/>
    <nd ref="4334984385"/>
    <nd ref="11035007293"/>
    <nd ref="11035007295"/>
    <nd ref="11035007296"/>
    <nd ref="4334984386"/>
    <nd ref="11035007297"/>
    <nd ref="11035007298"/>
    <nd ref="4334984384"/>
    <nd ref="4334984383"/>
    <nd ref="11035007299"/>
    <nd ref="11035007300"/>
    <nd ref="4334984387"/>
    <nd ref="4334984388"/>
    <nd ref="11035007301"/>
    <nd ref="4334984389"/>
    <nd ref="11035007302"/>
    <nd ref="11035007303"/>
    <nd ref="11035007304"/>
    <nd ref="11035007305"/>
    <nd ref="4334984390"/>
    <nd ref="11035007306"/>
    <nd ref="11035007307"/>
    <nd ref="4334984391"/>
    <nd ref="11035007308"/>
    <nd ref="11035007309"/>
    <nd ref="11035007310"/>
    <nd ref="11035007311"/>
    <nd ref="4334984392"/>
    <nd ref="11035007312"/>
    <nd ref="11035007313"/>
    <nd ref="4334984393"/>
    <nd ref="11035007314"/>
    <nd ref="11035007315"/>
    <nd ref="4334984394"/>
    <nd ref="11035007316"/>
    <nd ref="11035007317"/>
    <nd ref="4334984395"/>
    <nd ref="11035007318"/>
    <nd ref="11035007319"/>
    <nd ref="4334984396"/>
    <nd ref="4334984398"/>
    <nd ref="4334984397"/>
    <nd ref="4334984399"/>
    <nd ref="4334984400"/>
    <nd ref="4334984401"/>
    <nd ref="4334984402"/>
    <nd ref="4334984403"/>
    <nd ref="4334984407"/>
    <nd ref="4334984404"/>
    <nd ref="4334984408"/>
    <nd ref="4334984409"/>
    <nd ref="4334984406"/>
    <nd ref="4334984405"/>
    <nd ref="11035007320"/>
    <nd ref="11035007321"/>
    <nd ref="11035007322"/>
    <nd ref="11035007323"/>
    <nd ref="11035007324"/>
    <nd ref="11035007325"/>
    <nd ref="11035007326"/>
    <nd ref="11035007327"/>
    <nd ref="11035007328"/>
    <nd ref="11035007329"/>
    <nd ref="11035007330"/>
    <nd ref="11035007331"/>
    <nd ref="11035007332"/>
    <nd ref="11035007333"/>
    <nd ref="11035007334"/>
    <nd ref="11035007335"/>
    <nd ref="11035007336"/>
    <nd ref="11035007337"/>
    <nd ref="11035007338"/>
    <nd ref="11035007339"/>
    <nd ref="11035007340"/>
    <nd ref="11035007341"/>
    <nd ref="11035007342"/>
    <nd ref="11035007343"/>
    <nd ref="11035007344"/>
    <nd ref="11035007345"/>
    <nd ref="11035007346"/>
    <nd ref="11035007347"/>
    <nd ref="11035007348"/>
    <nd ref="11035007349"/>
    <nd ref="11035007350"/>
    <nd ref="11035007351"/>
    <nd ref="11035007352"/>
    <nd ref="11035007353"/>
    <nd ref="11035007354"/>
    <nd ref="11035007355"/>
    <nd ref="11035007356"/>
    <nd ref="11035007357"/>
    <nd ref="11036271121"/>
    <nd ref="11035007358"/>
    <nd ref="11035007359"/>
    <nd ref="4334984410"/>
    <nd ref="4334984411"/>
    <nd ref="11035007360"/>
    <nd ref="11035007361"/>
    <nd ref="4334984412"/>
    <nd ref="11035007362"/>
    <nd ref="11035007363"/>
    <nd ref="4334984413"/>
    <nd ref="11035007364"/>
    <nd ref="11035007365"/>
    <nd ref="4334984414"/>
    <nd ref="11035007366"/>
    <nd ref="11035007367"/>
    <nd ref="11035007368"/>
    <nd ref="4334984415"/>
    <nd ref="11036228191"/>
    <nd ref="11035007369"/>
    <nd ref="4334984416"/>
    <nd ref="11035007457"/>
    <nd ref="11035007458"/>
    <nd ref="4334984417"/>
    <nd ref="11035007459"/>
    <nd ref="4334984418"/>
    <nd ref="11035007462"/>
    <nd ref="11035007461"/>
    <nd ref="11035007460"/>
    <nd ref="11035007463"/>
    <nd ref="11035007464"/>
    <nd ref="11035007465"/>
    <nd ref="4334984419"/>
    <nd ref="11035007466"/>
    <nd ref="4334984420"/>
    <nd ref="11035007467"/>
    <nd ref="11035007468"/>
    <nd ref="11035007469"/>
    <nd ref="4334984421"/>
    <nd ref="11035007474"/>
    <nd ref="11035007475"/>
    <nd ref="11035007476"/>
    <nd ref="4334984422"/>
    <nd ref="4334984423"/>
    <nd ref="11035835395"/>
    <nd ref="4334984424"/>
    <nd ref="4334984425"/>
    <nd ref="11035007477"/>
    <nd ref="11035007478"/>
    <nd ref="11035007479"/>
    <nd ref="11035007480"/>
    <nd ref="11035007481"/>
    <nd ref="11035007482"/>
    <nd ref="11035007483"/>
    <nd ref="11035007484"/>
    <nd ref="11035007485"/>
    <nd ref="11035007486"/>
    <nd ref="11035007487"/>
    <nd ref="11035007488"/>
    <nd ref="11035835384"/>
    <nd ref="11035007489"/>
    <nd ref="11035007490"/>
    <nd ref="11035007491"/>
    <nd ref="11035007492"/>
    <nd ref="11035007493"/>
    <nd ref="11035007494"/>
    <nd ref="11035007495"/>
    <nd ref="11035007496"/>
    <nd ref="11035007497"/>
    <nd ref="11035007498"/>
    <nd ref="11035007499"/>
    <nd ref="11035007500"/>
    <nd ref="11035007501"/>
    <nd ref="11035007502"/>
    <nd ref="11035007503"/>
    <nd ref="4334984426"/>
    <nd ref="4334984427"/>
    <nd ref="4334984428"/>
    <nd ref="4334984429"/>
    <nd ref="4334984430"/>
    <nd ref="4334984431"/>
    <nd ref="4334984432"/>
    <nd ref="4334984433"/>
    <nd ref="11035007504"/>
    <nd ref="11035007505"/>
    <nd ref="4334984434"/>
    <nd ref="11035007506"/>
    <nd ref="11035007507"/>
    <nd ref="4334984435"/>
    <nd ref="11035007508"/>
    <nd ref="4334984437"/>
    <nd ref="4334984438"/>
    <nd ref="11035007541"/>
    <nd ref="4334984441"/>
    <nd ref="11035007542"/>
    <nd ref="11035007543"/>
    <nd ref="11035007544"/>
    <nd ref="4334984447"/>
    <nd ref="11035007545"/>
    <nd ref="11035007546"/>
    <nd ref="11035007547"/>
    <nd ref="4334984450"/>
    <nd ref="11035007548"/>
    <nd ref="11035007549"/>
    <nd ref="11035007550"/>
    <nd ref="4334984457"/>
    <nd ref="11035007551"/>
    <nd ref="11035007552"/>
    <nd ref="4334984461"/>
    <nd ref="11035007553"/>
    <nd ref="4334984465"/>
    <nd ref="11035007554"/>
    <nd ref="11035007555"/>
    <nd ref="11035007556"/>
    <nd ref="11035007557"/>
    <nd ref="11035007558"/>
    <nd ref="11035007559"/>
    <nd ref="4334984472"/>
    <nd ref="4334984470"/>
    <nd ref="4334984466"/>
    <nd ref="4334984464"/>
    <nd ref="4334984455"/>
    <nd ref="11035007560"/>
    <nd ref="4334984445"/>
    <nd ref="4334984443"/>
    <nd ref="11035007561"/>
    <nd ref="4334984449"/>
    <nd ref="4334984451"/>
    <nd ref="4334984448"/>
    <nd ref="4334984442"/>
    <nd ref="4334984439"/>
    <nd ref="4334984444"/>
    <nd ref="4334984453"/>
    <nd ref="11035007562"/>
    <nd ref="11035007563"/>
    <nd ref="11035007564"/>
    <nd ref="11035007565"/>
    <nd ref="11035007566"/>
    <nd ref="11035007567"/>
    <nd ref="11035007568"/>
    <nd ref="11035007569"/>
    <nd ref="11035007570"/>
    <nd ref="11035007571"/>
    <nd ref="11035007572"/>
    <nd ref="11035007573"/>
    <nd ref="11035007574"/>
    <nd ref="11035007575"/>
    <nd ref="11035007576"/>
    <nd ref="11035007577"/>
    <nd ref="11035007578"/>
    <nd ref="11035007579"/>
    <tag k="highway" v="track"/>
    <tag k="tracktype" v="grade3"/>
  </way>
  <way id="435422492">
    <nd ref="4443560763"/>
    <nd ref="11017007821"/>
    <nd ref="4443560764"/>
    <nd ref="4443560765"/>
    <nd ref="4443560766"/>
    <nd ref="4333450732"/>
    <nd ref="4333450733"/>
    <nd ref="4333450734"/>
    <nd ref="4333450735"/>
    <nd ref="4333450736"/>
    <nd ref="4333450737"/>
    <nd ref="11017007820"/>
    <nd ref="4333450738"/>
    <nd ref="11017007819"/>
    <nd ref="11017007818"/>
    <nd ref="4443560767"/>
    <nd ref="4333450739"/>
    <nd ref="11017007817"/>
    <nd ref="4333450740"/>
    <nd ref="4333450741"/>
    <nd ref="11017007816"/>
    <nd ref="11017007815"/>
    <nd ref="4333450742"/>
    <nd ref="4443560768"/>
    <nd ref="4333450743"/>
    <nd ref="4333450744"/>
    <nd ref="4333450745"/>
    <nd ref="11017007814"/>
    <nd ref="11017007813"/>
    <nd ref="11017007812"/>
    <nd ref="11017007811"/>
    <nd ref="11017007810"/>
    <nd ref="4333450746"/>
    <nd ref="11017007809"/>
    <nd ref="4333450747"/>
    <nd ref="3210187376"/>
    <tag k="highway" v="service"/>
  </way>
  <way id="435425804">
    <nd ref="4333481724"/>
    <nd ref="4333481723"/>
    <nd ref="4333481722"/>
    <nd ref="11016906386"/>
    <nd ref="11016906387"/>
    <nd ref="4333481721"/>
    <nd ref="11016906388"/>
    <nd ref="11016906389"/>
    <nd ref="4333481720"/>
    <nd ref="4333481719"/>
    <nd ref="11016906390"/>
    <nd ref="4333481718"/>
    <nd ref="10804552731"/>
    <nd ref="4333481717"/>
    <nd ref="11016906391"/>
    <nd ref="11016906392"/>
    <nd ref="11016906393"/>
    <nd ref="11016906394"/>
    <nd ref="11016906395"/>
    <nd ref="4333481716"/>
    <nd ref="4333481715"/>
    <nd ref="11016906396"/>
    <nd ref="4333481714"/>
    <nd ref="11016906397"/>
    <nd ref="4333481713"/>
    <nd ref="11016906398"/>
    <nd ref="11016906399"/>
    <nd ref="4333481712"/>
    <nd ref="11016906400"/>
    <nd ref="11016906401"/>
    <nd ref="11016906402"/>
    <nd ref="11016906403"/>
    <nd ref="4333481711"/>
    <nd ref="11016906404"/>
    <nd ref="9161720268"/>
    <nd ref="11016969105"/>
    <nd ref="4333481710"/>
    <nd ref="9161720269"/>
    <nd ref="11016969106"/>
    <nd ref="9161720270"/>
    <nd ref="11016969107"/>
    <nd ref="11016969108"/>
    <nd ref="4333481709"/>
    <nd ref="11016969109"/>
    <nd ref="9161720271"/>
    <nd ref="4333481708"/>
    <nd ref="11016969110"/>
    <nd ref="4333481707"/>
    <nd ref="9161720272"/>
    <nd ref="11016969111"/>
    <nd ref="11016969112"/>
    <nd ref="4333481706"/>
    <nd ref="11016969113"/>
    <nd ref="4333481705"/>
    <nd ref="9161720273"/>
    <nd ref="11016969114"/>
    <nd ref="9161720274"/>
    <nd ref="4333481704"/>
    <nd ref="11016969115"/>
    <nd ref="4333481703"/>
    <nd ref="4333481702"/>
    <nd ref="9161720275"/>
    <nd ref="11016969116"/>
    <nd ref="11016969117"/>
    <nd ref="4333481701"/>
    <nd ref="9161720276"/>
    <nd ref="11016969118"/>
    <nd ref="4333481700"/>
    <nd ref="9161720277"/>
    <nd ref="9161720278"/>
    <nd ref="11016969119"/>
    <nd ref="4333481699"/>
    <nd ref="11016969120"/>
    <nd ref="4443594843"/>
    <nd ref="11016969121"/>
    <nd ref="4443594842"/>
    <nd ref="11016969122"/>
    <nd ref="4333481697"/>
    <nd ref="4443560816"/>
    <nd ref="4443560815"/>
    <nd ref="4333481696"/>
    <nd ref="4443560811"/>
    <nd ref="4333481695"/>
    <nd ref="11016969157"/>
    <nd ref="4333481694"/>
    <nd ref="4443594841"/>
    <nd ref="11016969158"/>
    <nd ref="4443560802"/>
    <nd ref="4443560803"/>
    <nd ref="11016969159"/>
    <nd ref="4333481693"/>
    <nd ref="3210187417"/>
    <tag k="highway" v="unclassified"/>
  </way>
  <way id="435425805">
    <nd ref="4333481748"/>
    <nd ref="11017007876"/>
    <nd ref="6551870635"/>
    <nd ref="11017007875"/>
    <nd ref="4333481749"/>
    <nd ref="11017007874"/>
    <nd ref="6551870634"/>
    <nd ref="11017007873"/>
    <nd ref="4333481750"/>
    <nd ref="4333481751"/>
    <nd ref="11017007872"/>
    <nd ref="6551870633"/>
    <nd ref="11017007871"/>
    <nd ref="4333481752"/>
    <nd ref="11017007870"/>
    <nd ref="4333481753"/>
    <nd ref="11017007869"/>
    <nd ref="4333481754"/>
    <nd ref="11017007868"/>
    <nd ref="4333481755"/>
    <nd ref="4333481756"/>
    <nd ref="4333481757"/>
    <tag k="highway" v="unclassified"/>
    <tag k="surface" v="unpaved"/>
  </way>
  <way id="435425806">
    <nd ref="4333481724"/>
    <nd ref="11016906383"/>
    <nd ref="6551870617"/>
    <nd ref="4333481905"/>
    <nd ref="4333481904"/>
    <nd ref="4333481903"/>
    <nd ref="4333481902"/>
    <nd ref="6551870620"/>
    <nd ref="4333481901"/>
    <nd ref="4333481900"/>
    <nd ref="4333481899"/>
    <nd ref="11016969161"/>
    <nd ref="11016969166"/>
    <nd ref="11016969162"/>
    <nd ref="11016969167"/>
    <nd ref="4333481898"/>
    <nd ref="11016969168"/>
    <nd ref="11016969169"/>
    <nd ref="4333481897"/>
    <nd ref="11016969170"/>
    <nd ref="4333481896"/>
    <nd ref="11016969171"/>
    <nd ref="4333481895"/>
    <nd ref="11016969172"/>
    <nd ref="4333481894"/>
    <nd ref="11016969173"/>
    <nd ref="11016969174"/>
    <nd ref="4333481893"/>
    <nd ref="11016969175"/>
    <nd ref="4333481892"/>
    <nd ref="4333481891"/>
    <nd ref="11016969176"/>
    <nd ref="11016969177"/>
    <nd ref="4333481890"/>
    <nd ref="11016969178"/>
    <nd ref="11016969179"/>
    <nd ref="4333481889"/>
    <nd ref="4333481888"/>
    <nd ref="4333481887"/>
    <nd ref="4333481886"/>
    <nd ref="11016969180"/>
    <nd ref="4333481885"/>
    <nd ref="11016969181"/>
    <nd ref="4333481884"/>
    <nd ref="11016969182"/>
    <nd ref="11016969183"/>
    <nd ref="4333481883"/>
    <nd ref="11016969184"/>
    <nd ref="4333481882"/>
    <nd ref="11016969185"/>
    <nd ref="11016969186"/>
    <nd ref="11016969187"/>
    <nd ref="11016969188"/>
    <nd ref="4333481881"/>
    <nd ref="11016969189"/>
    <nd ref="11016969190"/>
    <nd ref="4333481880"/>
    <nd ref="11016969191"/>
    <nd ref="11016969192"/>
    <nd ref="11016969193"/>
    <nd ref="4333481879"/>
    <nd ref="11016969194"/>
    <nd ref="4333481878"/>
    <nd ref="11016969195"/>
    <nd ref="11016969196"/>
    <nd ref="4333481877"/>
    <nd ref="11016969197"/>
    <nd ref="11016969198"/>
    <nd ref="4333481876"/>
    <nd ref="11016969199"/>
    <nd ref="4333481875"/>
    <nd ref="11016969200"/>
    <nd ref="11016969201"/>
    <nd ref="4333481874"/>
    <nd ref="11016969202"/>
    <nd ref="4333481873"/>
    <nd ref="4333481872"/>
    <nd ref="4333481871"/>
    <nd ref="11016969203"/>
    <nd ref="11016969204"/>
    <nd ref="11016969205"/>
    <nd ref="4333481870"/>
    <nd ref="4333481869"/>
    <nd ref="4333481868"/>
    <nd ref="11016969206"/>
    <nd ref="4333481867"/>
    <nd ref="4333481866"/>
    <nd ref="4333481865"/>
    <nd ref="4333481864"/>
    <nd ref="4333481863"/>
    <nd ref="11016969207"/>
    <nd ref="11016969208"/>
    <nd ref="4333481862"/>
    <nd ref="4333481861"/>
    <nd ref="4333481860"/>
    <nd ref="4333481859"/>
    <nd ref="9161712336"/>
    <nd ref="4333481858"/>
    <nd ref="4333481857"/>
    <nd ref="11016969209"/>
    <nd ref="11016969210"/>
    <nd ref="9161712337"/>
    <nd ref="11016969211"/>
    <nd ref="4333481856"/>
    <nd ref="9161712338"/>
    <nd ref="11016969212"/>
    <nd ref="4333481855"/>
    <nd ref="11016969213"/>
    <nd ref="11016969214"/>
    <nd ref="4333481854"/>
    <nd ref="9161712339"/>
    <nd ref="4333481853"/>
    <nd ref="11016969216"/>
    <nd ref="11016969215"/>
    <nd ref="9161712340"/>
    <nd ref="11016969217"/>
    <nd ref="4333481852"/>
    <nd ref="4333481851"/>
    <nd ref="4333481850"/>
    <nd ref="4333481849"/>
    <nd ref="11016969218"/>
    <nd ref="11016969219"/>
    <nd ref="11016969220"/>
    <nd ref="4333481848"/>
    <nd ref="4333481847"/>
    <nd ref="4333481846"/>
    <nd ref="4333481845"/>
    <nd ref="4333481844"/>
    <nd ref="4333481843"/>
    <nd ref="4333481842"/>
    <nd ref="4333481841"/>
    <nd ref="4333481840"/>
    <nd ref="4333481839"/>
    <nd ref="4333481838"/>
    <nd ref="4333481837"/>
    <nd ref="11016969221"/>
    <nd ref="11016969222"/>
    <nd ref="4333481836"/>
    <nd ref="11016969223"/>
    <nd ref="11016969224"/>
    <nd ref="4333481835"/>
    <nd ref="11016969225"/>
    <nd ref="4333481834"/>
    <nd ref="11016969226"/>
    <nd ref="4333481833"/>
    <nd ref="4333481832"/>
    <nd ref="4333481831"/>
    <nd ref="11016969228"/>
    <nd ref="11016969227"/>
    <nd ref="4333481830"/>
    <nd ref="4333481829"/>
    <nd ref="11016969229"/>
    <nd ref="4333481828"/>
    <nd ref="9161712327"/>
    <nd ref="11016969230"/>
    <nd ref="4333481827"/>
    <nd ref="4333481826"/>
    <nd ref="11016969231"/>
    <nd ref="4333481825"/>
    <nd ref="11016969232"/>
    <nd ref="4333481824"/>
    <nd ref="11016969233"/>
    <nd ref="4333481823"/>
    <nd ref="4333481822"/>
    <nd ref="11016969234"/>
    <nd ref="9161712328"/>
    <nd ref="4333481821"/>
    <nd ref="9161712329"/>
    <nd ref="11016969235"/>
    <nd ref="11016969236"/>
    <nd ref="11016969237"/>
    <nd ref="4333481820"/>
    <nd ref="9161712330"/>
    <nd ref="11016969238"/>
    <nd ref="4333481819"/>
    <nd ref="11016969239"/>
    <nd ref="4333481818"/>
    <nd ref="9161712335"/>
    <nd ref="11016969240"/>
    <nd ref="11016969241"/>
    <nd ref="4333481817"/>
    <nd ref="9161712334"/>
    <nd ref="4333481816"/>
    <nd ref="11016969242"/>
    <nd ref="4333481815"/>
    <nd ref="4333481814"/>
    <nd ref="4333481813"/>
    <nd ref="11016969244"/>
    <nd ref="11016969243"/>
    <nd ref="9161712331"/>
    <nd ref="4333481812"/>
    <nd ref="11016969245"/>
    <nd ref="9161712332"/>
    <nd ref="11016969246"/>
    <nd ref="4333481811"/>
    <nd ref="11016969247"/>
    <nd ref="4333481810"/>
    <nd ref="11016969248"/>
    <nd ref="9161712333"/>
    <nd ref="4333481809"/>
    <nd ref="11016969249"/>
    <nd ref="4333481808"/>
    <nd ref="4333481807"/>
    <nd ref="4333481806"/>
    <nd ref="4333481805"/>
    <nd ref="4333481804"/>
    <nd ref="4333481803"/>
    <nd ref="4333481802"/>
    <nd ref="4333481801"/>
    <nd ref="11016969250"/>
    <nd ref="11016969251"/>
    <nd ref="4333481800"/>
    <nd ref="4333481799"/>
    <nd ref="4333481798"/>
    <nd ref="4333481797"/>
    <nd ref="4333481796"/>
    <nd ref="4333481795"/>
    <nd ref="4333481794"/>
    <nd ref="11016969252"/>
    <nd ref="4333481793"/>
    <nd ref="11016969253"/>
    <nd ref="11016969254"/>
    <nd ref="4333481792"/>
    <nd ref="11016969255"/>
    <nd ref="11016969256"/>
    <nd ref="4333481791"/>
    <nd ref="11016969257"/>
    <nd ref="4333481790"/>
    <nd ref="4333481789"/>
    <nd ref="11016969258"/>
    <nd ref="11016969259"/>
    <nd ref="4333481788"/>
    <nd ref="11016969260"/>
    <nd ref="4333481787"/>
    <nd ref="11016969261"/>
    <nd ref="4333481786"/>
    <nd ref="4333481785"/>
    <nd ref="4333481784"/>
    <nd ref="4333481783"/>
    <tag k="highway" v="unclassified"/>
    <tag k="name" v="200線林道"/>
  </way>
  <way id="435425807">
    <nd ref="8205580854"/>
    <nd ref="8205580853"/>
    <nd ref="8205580852"/>
    <nd ref="8205580851"/>
    <nd ref="8205580850"/>
    <nd ref="8205580849"/>
    <nd ref="4333481906"/>
    <nd ref="11018952340"/>
    <nd ref="11018952339"/>
    <nd ref="4333481907"/>
    <nd ref="8205580848"/>
    <nd ref="4333481908"/>
    <tag k="highway" v="track"/>
    <tag k="surface" v="ground"/>
    <tag k="tracktype" v="grade5"/>
  </way>
  <way id="441723233">
    <nd ref="2178261953"/>
    <nd ref="4394329865"/>
    <nd ref="4394329866"/>
    <nd ref="11034957668"/>
    <nd ref="4394329867"/>
    <nd ref="4394329868"/>
    <nd ref="4394329869"/>
    <nd ref="4394329870"/>
    <nd ref="4394329871"/>
    <nd ref="12989716355"/>
    <tag k="highway" v="track"/>
    <tag k="tracktype" v="grade1"/>
  </way>
  <way id="441723234">
    <nd ref="4394329878"/>
    <nd ref="4394329879"/>
    <nd ref="4394329880"/>
    <nd ref="4394329881"/>
    <nd ref="4394329882"/>
    <nd ref="4394329883"/>
    <nd ref="4394329884"/>
    <nd ref="4394329885"/>
    <nd ref="4394329886"/>
    <nd ref="4394329887"/>
    <nd ref="4394329888"/>
    <nd ref="11034957671"/>
    <nd ref="13399576413"/>
    <nd ref="11034957672"/>
    <nd ref="11034957673"/>
    <nd ref="4394331089"/>
    <nd ref="4394331090"/>
    <nd ref="4394331091"/>
    <nd ref="11034957674"/>
    <nd ref="11034957675"/>
    <nd ref="11034957676"/>
    <nd ref="4394331092"/>
    <nd ref="11034957677"/>
    <nd ref="4394331093"/>
    <nd ref="11034957679"/>
    <nd ref="4394331094"/>
    <nd ref="13399576414"/>
    <nd ref="4394331095"/>
    <nd ref="12989716360"/>
    <nd ref="12989716359"/>
    <nd ref="4394331096"/>
    <nd ref="4394331097"/>
    <nd ref="13399576415"/>
    <nd ref="4394331098"/>
    <nd ref="4394331099"/>
    <nd ref="11034957680"/>
    <nd ref="4394331100"/>
    <nd ref="4394331101"/>
    <nd ref="11034957682"/>
    <nd ref="4394331102"/>
    <nd ref="11034957683"/>
    <nd ref="4394331103"/>
    <nd ref="12989716364"/>
    <nd ref="11034957684"/>
    <nd ref="4394331104"/>
    <nd ref="4394331105"/>
    <nd ref="4394331106"/>
    <nd ref="4394331107"/>
    <nd ref="4394331108"/>
    <nd ref="4394331187"/>
    <nd ref="4394331109"/>
    <nd ref="4394331110"/>
    <nd ref="4394331111"/>
    <nd ref="4394331112"/>
    <nd ref="4394331113"/>
    <nd ref="4394331114"/>
    <tag k="highway" v="track"/>
    <tag k="name" v="施工便道 (路線不固定)"/>
    <tag k="surface" v="ground"/>
    <tag k="tracktype" v="grade3"/>
  </way>
  <way id="441723237">
    <nd ref="3210187332"/>
    <nd ref="12989732378"/>
    <nd ref="8916981411"/>
    <nd ref="8916981410"/>
    <nd ref="4394331174"/>
    <nd ref="4394331175"/>
    <nd ref="4394331176"/>
    <nd ref="4394331177"/>
    <tag k="highway" v="track"/>
    <tag k="tracktype" v="grade1"/>
  </way>
  <way id="441723240">
    <nd ref="4394331120"/>
    <nd ref="4394331123"/>
    <nd ref="4394331124"/>
    <nd ref="4394331125"/>
    <nd ref="4394331126"/>
    <nd ref="4394331127"/>
    <nd ref="4394331128"/>
    <nd ref="4394331129"/>
    <nd ref="4394331130"/>
    <nd ref="4394331131"/>
    <nd ref="11034957687"/>
    <nd ref="11034957686"/>
    <nd ref="4394331132"/>
    <nd ref="4394331133"/>
    <nd ref="4394331134"/>
    <nd ref="4394331135"/>
    <nd ref="4394331136"/>
    <nd ref="4394331137"/>
    <nd ref="4394331138"/>
    <nd ref="4394331139"/>
    <nd ref="4394331140"/>
    <nd ref="4394331141"/>
    <nd ref="4394331142"/>
    <nd ref="4394331143"/>
    <nd ref="4394331144"/>
    <nd ref="4394331145"/>
    <nd ref="12162467698"/>
    <nd ref="12162467127"/>
    <nd ref="12162467729"/>
    <nd ref="12162441462"/>
    <nd ref="12162467763"/>
    <nd ref="12162467144"/>
    <nd ref="12162467217"/>
    <nd ref="12162441491"/>
    <nd ref="12162467804"/>
    <nd ref="12162467124"/>
    <nd ref="12162467667"/>
    <nd ref="12162467843"/>
    <nd ref="12162441432"/>
    <nd ref="12162467133"/>
    <nd ref="12162467076"/>
    <nd ref="12162467605"/>
    <nd ref="12162467160"/>
    <nd ref="12162467182"/>
    <nd ref="12162467796"/>
    <nd ref="12162467627"/>
    <nd ref="12162467816"/>
    <nd ref="12162467620"/>
    <nd ref="12162467681"/>
    <nd ref="12162441473"/>
    <nd ref="12162467211"/>
    <nd ref="12162467794"/>
    <nd ref="12162467610"/>
    <nd ref="12162467075"/>
    <nd ref="12162467114"/>
    <nd ref="12162467724"/>
    <nd ref="12162441460"/>
    <nd ref="12162441487"/>
    <nd ref="12162467089"/>
    <nd ref="12162467783"/>
    <nd ref="12162467836"/>
    <nd ref="11035007579"/>
    <nd ref="12162441433"/>
    <nd ref="12162467750"/>
    <nd ref="12162441457"/>
    <nd ref="12162467209"/>
    <tag k="highway" v="track"/>
    <tag k="tracktype" v="grade3"/>
  </way>
  <way id="525094258">
    <nd ref="2178262233"/>
    <nd ref="11016906326"/>
    <nd ref="5108858060"/>
    <nd ref="5108858059"/>
    <nd ref="5108858058"/>
    <nd ref="5108858057"/>
    <tag k="highway" v="service"/>
  </way>
  <way id="525094259">
    <nd ref="2178261676"/>
    <nd ref="5108858061"/>
    <nd ref="2178261674"/>
    <nd ref="300593179"/>
    <nd ref="2178262150"/>
    <tag k="highway" v="primary"/>
    <tag k="maxheight" v="4.6"/>
    <tag k="maxspeed" v="50"/>
    <tag k="ref" v="7"/>
    <tag k="ref:en" v="Provincial Highway 7"/>
    <tag k="ref:zh" v="台7線"/>
    <tag k="tunnel" v="yes"/>
  </way>
  <way id="525094260">
    <nd ref="11016906344"/>
    <nd ref="3105367127"/>
    <nd ref="11016906343"/>
    <nd ref="300593138"/>
    <nd ref="3105367128"/>
    <nd ref="2178262257"/>
    <nd ref="8205580841"/>
    <nd ref="3105369529"/>
    <nd ref="2178262258"/>
    <nd ref="2178262059"/>
    <nd ref="11016906342"/>
    <nd ref="11016906341"/>
    <nd ref="2178262102"/>
    <nd ref="11016906340"/>
    <nd ref="11016906339"/>
    <nd ref="300593144"/>
    <nd ref="11016906338"/>
    <nd ref="4443442376"/>
    <nd ref="11016906337"/>
    <nd ref="2178262093"/>
    <nd ref="11016906336"/>
    <nd ref="300593150"/>
    <nd ref="2178262089"/>
    <nd ref="11016906335"/>
    <nd ref="3105369532"/>
    <nd ref="11016906334"/>
    <nd ref="300593155"/>
    <nd ref="2178262129"/>
    <nd ref="11016906333"/>
    <nd ref="4430919446"/>
    <nd ref="11016906332"/>
    <nd ref="4430919445"/>
    <nd ref="2178262124"/>
    <nd ref="2178262126"/>
    <nd ref="2178262147"/>
    <nd ref="2178262138"/>
    <nd ref="2178262141"/>
    <nd ref="11016906331"/>
    <nd ref="300593165"/>
    <nd ref="11019026579"/>
    <nd ref="300593170"/>
    <nd ref="2178261676"/>
    <tag k="highway" v="primary"/>
    <tag k="maxspeed" v="50"/>
    <tag k="name" v="泰雅路三段"/>
    <tag k="name:en" v="Section 3, Taiya Road"/>
    <tag k="name:nan" v="Thài-ngá-lō͘ 3-tōaⁿ"/>
    <tag k="name:nan-Hant" v="泰雅路三段"/>
    <tag k="name:nan-Latn-pehoeji" v="Thài-ngá-lō͘ 3-tōaⁿ"/>
    <tag k="name:nan-Latn-tailo" v="Thài-ngá-lōo 3-tuānn"/>
    <tag k="name:zh" v="泰雅路三段"/>
    <tag k="ref" v="7"/>
    <tag k="ref:en" v="Provincial Highway 7"/>
    <tag k="ref:zh" v="台7線"/>
  </way>
  <way id="525094261">
    <nd ref="2178261813"/>
    <nd ref="11017007884"/>
    <nd ref="2178261816"/>
    <nd ref="11017007885"/>
    <nd ref="11017007886"/>
    <nd ref="300593084"/>
    <nd ref="2178262045"/>
    <nd ref="2178262047"/>
    <nd ref="4446620594"/>
    <nd ref="2178262049"/>
    <nd ref="4443449606"/>
    <nd ref="300593088"/>
    <nd ref="2178262050"/>
    <nd ref="4446620595"/>
    <nd ref="300593093"/>
    <nd ref="11016906363"/>
    <nd ref="300593100"/>
    <nd ref="11016906362"/>
    <nd ref="4446620596"/>
    <nd ref="4446620597"/>
    <nd ref="4446620598"/>
    <nd ref="11016906361"/>
    <nd ref="11016906360"/>
    <nd ref="300593111"/>
    <nd ref="2178262051"/>
    <nd ref="11016906359"/>
    <nd ref="11016906358"/>
    <nd ref="2178262057"/>
    <nd ref="300593116"/>
    <nd ref="11016906357"/>
    <nd ref="11016906356"/>
    <nd ref="11016906355"/>
    <nd ref="2178261969"/>
    <nd ref="11016906354"/>
    <nd ref="4446620601"/>
    <nd ref="11016906353"/>
    <nd ref="2178261975"/>
    <nd ref="2178261977"/>
    <nd ref="11016906352"/>
    <nd ref="11016906351"/>
    <nd ref="2178261980"/>
    <nd ref="11016906350"/>
    <nd ref="300593127"/>
    <nd ref="11016906349"/>
    <nd ref="300593121"/>
    <nd ref="11016906348"/>
    <nd ref="4443449607"/>
    <nd ref="11016906347"/>
    <nd ref="300593132"/>
    <nd ref="11016906346"/>
    <nd ref="11016906345"/>
    <nd ref="2178261972"/>
    <tag k="highway" v="primary"/>
    <tag k="maxspeed" v="50"/>
    <tag k="name" v="泰雅路三段"/>
    <tag k="name:en" v="Section 3, Taiya Road"/>
    <tag k="name:nan" v="Thài-ngá-lō͘ 3-tōaⁿ"/>
    <tag k="name:nan-Hant" v="泰雅路三段"/>
    <tag k="name:nan-Latn-pehoeji" v="Thài-ngá-lō͘ 3-tōaⁿ"/>
    <tag k="name:nan-Latn-tailo" v="Thài-ngá-lōo 3-tuānn"/>
    <tag k="name:zh" v="泰雅路三段"/>
    <tag k="ref" v="7"/>
    <tag k="ref:en" v="Provincial Highway 7"/>
    <tag k="ref:zh" v="台7線"/>
  </way>
  <way id="525094262">
    <nd ref="4446620593"/>
    <nd ref="2178261813"/>
    <tag k="bridge" v="yes"/>
    <tag k="highway" v="primary"/>
    <tag k="maxspeed" v="50"/>
    <tag k="name" v="赤水橋"/>
    <tag k="ref" v="7"/>
    <tag k="ref:en" v="Provincial Highway 7"/>
    <tag k="ref:zh" v="台7線"/>
  </way>
  <way id="533187118">
    <nd ref="2604701639"/>
    <nd ref="2604701641"/>
    <nd ref="2604701646"/>
    <nd ref="2604701649"/>
    <nd ref="2604701652"/>
    <nd ref="2604701654"/>
    <nd ref="2604701657"/>
    <nd ref="2604701659"/>
    <nd ref="2604701660"/>
    <nd ref="2604701665"/>
    <nd ref="2604701668"/>
    <nd ref="2604701673"/>
    <nd ref="2604701675"/>
    <nd ref="2604701678"/>
    <nd ref="2604701694"/>
    <nd ref="2604701703"/>
    <nd ref="2604701709"/>
    <tag k="access" v="discouraged"/>
    <tag k="highway" v="track"/>
    <tag k="motor_vehicle" v="no"/>
    <tag k="name" v="110線林道(林道崩塌不建議前往)"/>
    <tag k="note" v="南稜路線為山嶽界前輩林蒼淯先生在 2010 年開發"/>
    <tag k="surface" v="ground"/>
  </way>
  <way id="545135707">
    <nd ref="2604701735"/>
    <nd ref="2604701714"/>
    <nd ref="2604701706"/>
    <nd ref="2604701685"/>
    <nd ref="2604701683"/>
    <nd ref="2604701681"/>
    <nd ref="2604701680"/>
    <nd ref="4134686863"/>
    <nd ref="4134686862"/>
    <nd ref="4134686861"/>
    <nd ref="4625634285"/>
    <nd ref="4134686860"/>
    <nd ref="4625634284"/>
    <nd ref="4134686859"/>
    <nd ref="4625634283"/>
    <nd ref="4134686858"/>
    <nd ref="4134686857"/>
    <nd ref="4134686856"/>
    <nd ref="4134686855"/>
    <nd ref="4625634286"/>
    <nd ref="4625634281"/>
    <nd ref="4134686854"/>
    <nd ref="4134686853"/>
    <nd ref="4625634282"/>
    <nd ref="4134686852"/>
    <nd ref="4134686851"/>
    <nd ref="4134686850"/>
    <nd ref="4134686849"/>
    <nd ref="4134686848"/>
    <nd ref="4134686847"/>
    <nd ref="4134686846"/>
    <nd ref="4134686845"/>
    <nd ref="4134686844"/>
    <nd ref="4134686843"/>
    <nd ref="4134686842"/>
    <nd ref="4134686841"/>
    <nd ref="4134686840"/>
    <nd ref="4134686839"/>
    <nd ref="4134686838"/>
    <nd ref="4134686837"/>
    <nd ref="4625634235"/>
    <nd ref="4134686836"/>
    <nd ref="4625634236"/>
    <nd ref="4134686835"/>
    <nd ref="4134686834"/>
    <nd ref="4625634237"/>
    <nd ref="4134686833"/>
    <nd ref="4134686832"/>
    <nd ref="4625634280"/>
    <nd ref="4625634279"/>
    <nd ref="4134686831"/>
    <nd ref="4625634278"/>
    <nd ref="4134686830"/>
    <nd ref="4134686829"/>
    <nd ref="4134686828"/>
    <nd ref="4134686827"/>
    <nd ref="4134686826"/>
    <nd ref="4625634277"/>
    <nd ref="4134686825"/>
    <nd ref="4625634275"/>
    <nd ref="4625634276"/>
    <nd ref="4625634274"/>
    <nd ref="4134686824"/>
    <nd ref="4625634273"/>
    <nd ref="4625634272"/>
    <nd ref="4134686823"/>
    <nd ref="4134686822"/>
    <nd ref="4625634271"/>
    <nd ref="4134686821"/>
    <nd ref="4625634269"/>
    <nd ref="4625634270"/>
    <nd ref="4134686820"/>
    <nd ref="4134686819"/>
    <nd ref="4134686818"/>
    <nd ref="4625634287"/>
    <nd ref="4134686817"/>
    <nd ref="4625634288"/>
    <nd ref="4134686816"/>
    <nd ref="4134686815"/>
    <nd ref="4134686814"/>
    <nd ref="4134686813"/>
    <nd ref="4134686812"/>
    <nd ref="4134686811"/>
    <nd ref="4134686810"/>
    <nd ref="4134686809"/>
    <nd ref="4625634266"/>
    <nd ref="4134686808"/>
    <nd ref="4134686807"/>
    <nd ref="4625634267"/>
    <nd ref="4134686806"/>
    <nd ref="4625634268"/>
    <nd ref="4134686805"/>
    <nd ref="4625634389"/>
    <nd ref="4134686804"/>
    <nd ref="4625634390"/>
    <nd ref="4134686803"/>
    <nd ref="4625634391"/>
    <nd ref="4134686802"/>
    <nd ref="4625634263"/>
    <nd ref="4625634261"/>
    <nd ref="4625634264"/>
    <nd ref="4625634262"/>
    <nd ref="4625634265"/>
    <nd ref="4134686801"/>
    <nd ref="4134686800"/>
    <nd ref="4134686799"/>
    <nd ref="4625634260"/>
    <nd ref="4134686798"/>
    <nd ref="4134686797"/>
    <nd ref="4625634259"/>
    <nd ref="4134686796"/>
    <nd ref="4134686795"/>
    <nd ref="4625634257"/>
    <nd ref="4625634258"/>
    <nd ref="4134686794"/>
    <nd ref="4134686793"/>
    <nd ref="4134686792"/>
    <nd ref="4134686791"/>
    <nd ref="4625634256"/>
    <nd ref="4134686790"/>
    <nd ref="4625634255"/>
    <nd ref="4134686789"/>
    <nd ref="4134685788"/>
    <nd ref="4134685787"/>
    <nd ref="4134685786"/>
    <nd ref="4134685785"/>
    <nd ref="5890795812"/>
    <nd ref="4625634254"/>
    <nd ref="4625634253"/>
    <nd ref="4295746854"/>
    <nd ref="4295746855"/>
    <nd ref="4295746856"/>
    <nd ref="4295746857"/>
    <nd ref="4295746858"/>
    <nd ref="4625634252"/>
    <tag k="bicycle" v="yes"/>
    <tag k="foot" v="yes"/>
    <tag k="highway" v="track"/>
    <tag k="motor_vehicle" v="no"/>
    <tag k="name" v="110線林道"/>
    <tag k="note" v="南稜路線為山嶽界前輩林蒼淯先生在 2010 年開發"/>
    <tag k="surface" v="ground"/>
  </way>
  <way id="697560788">
    <nd ref="6551020483"/>
    <nd ref="3105374331"/>
    <tag k="bridge" v="yes"/>
    <tag k="highway" v="primary"/>
    <tag k="lanes" v="1"/>
    <tag k="layer" v="1"/>
    <tag k="maxspeed" v="50"/>
    <tag k="name" v="英士橋"/>
    <tag k="name:en" v="YingShi Bridge"/>
    <tag k="name:zh" v="英士橋"/>
    <tag k="oneway" v="yes"/>
    <tag k="ref" v="7"/>
    <tag k="ref:en" v="Provincial Highway 7"/>
    <tag k="ref:zh" v="台7線"/>
  </way>
  <way id="697560789">
    <nd ref="11017007933"/>
    <nd ref="11017007936"/>
    <nd ref="11017007935"/>
    <nd ref="11017007934"/>
    <nd ref="6551020484"/>
    <nd ref="3105374333"/>
    <nd ref="6551020483"/>
    <tag k="embankment" v="yes"/>
    <tag k="highway" v="primary"/>
    <tag k="maxspeed" v="50"/>
    <tag k="name" v="英士橋"/>
    <tag k="name:en" v="YingShi Bridge"/>
    <tag k="name:zh" v="英士橋"/>
    <tag k="oneway" v="yes"/>
    <tag k="ref" v="7"/>
    <tag k="ref:en" v="Provincial Highway 7"/>
    <tag k="ref:zh" v="台7線"/>
  </way>
  <way id="697560790">
    <nd ref="2178262070"/>
    <nd ref="3105374332"/>
    <tag k="bridge" v="yes"/>
    <tag k="highway" v="primary"/>
    <tag k="lanes" v="1"/>
    <tag k="layer" v="1"/>
    <tag k="maxspeed" v="50"/>
    <tag k="name" v="英士橋"/>
    <tag k="name:en" v="YingShi Bridge"/>
    <tag k="name:zh" v="英士橋"/>
    <tag k="oneway" v="yes"/>
    <tag k="ref" v="7"/>
    <tag k="ref:en" v="Provincial Highway 7"/>
    <tag k="ref:zh" v="台7線"/>
  </way>
  <way id="697560791">
    <nd ref="3105374331"/>
    <nd ref="11017007926"/>
    <nd ref="11017007925"/>
    <nd ref="3105374330"/>
    <nd ref="6551024685"/>
    <nd ref="300592953"/>
    <tag k="embankment" v="yes"/>
    <tag k="highway" v="primary"/>
    <tag k="lanes" v="1"/>
    <tag k="maxspeed" v="50"/>
    <tag k="name" v="英士橋"/>
    <tag k="name:en" v="YingShi Bridge"/>
    <tag k="name:zh" v="英士橋"/>
    <tag k="oneway" v="yes"/>
    <tag k="ref" v="7"/>
    <tag k="ref:en" v="Provincial Highway 7"/>
    <tag k="ref:zh" v="台7線"/>
  </way>
  <way id="697654850">
    <nd ref="11017051707"/>
    <nd ref="11017050404"/>
    <nd ref="11017051705"/>
    <nd ref="11017051706"/>
    <nd ref="11017050373"/>
    <tag k="highway" v="track"/>
    <tag k="tracktype" v="grade3"/>
  </way>
  <way id="882352646">
    <nd ref="8205580841"/>
    <nd ref="8205580842"/>
    <nd ref="8205580844"/>
    <nd ref="8205580843"/>
    <nd ref="10967724542"/>
    <nd ref="10967724541"/>
    <nd ref="10967724540"/>
    <nd ref="10967724539"/>
    <nd ref="10967724538"/>
    <tag k="highway" v="residential"/>
    <tag k="name" v="泰雅路三段15巷"/>
  </way>
  <way id="882352647">
    <nd ref="8205580844"/>
    <nd ref="8205580845"/>
    <nd ref="8205580846"/>
    <tag k="highway" v="residential"/>
    <tag k="name" v="泰雅路三段15巷"/>
  </way>
  <way id="882352648">
    <nd ref="3105367127"/>
    <nd ref="4333481914"/>
    <nd ref="8205580878"/>
    <nd ref="4333481913"/>
    <nd ref="11019041840"/>
    <nd ref="4333481912"/>
    <nd ref="11019041714"/>
    <nd ref="4333481911"/>
    <nd ref="10967724545"/>
    <nd ref="4333481910"/>
    <nd ref="10967724543"/>
    <nd ref="4333481909"/>
    <nd ref="10967724544"/>
    <nd ref="8205580847"/>
    <nd ref="4333481908"/>
    <tag k="highway" v="unclassified"/>
    <tag k="name" v="泰雅路三段21巷"/>
  </way>
  <way id="882352650">
    <nd ref="8205580875"/>
    <nd ref="8205580876"/>
    <nd ref="8205580877"/>
    <nd ref="8205580879"/>
    <nd ref="13786668708"/>
    <nd ref="8205580878"/>
    <tag k="highway" v="service"/>
  </way>
  <way id="882352651">
    <nd ref="8205580879"/>
    <nd ref="13786683691"/>
    <nd ref="8205580884"/>
    <nd ref="8205580880"/>
    <nd ref="8205580881"/>
    <nd ref="13786683690"/>
    <nd ref="8205580882"/>
    <nd ref="8205580883"/>
    <tag k="highway" v="service"/>
  </way>
  <way id="882352652">
    <nd ref="8205580884"/>
    <nd ref="13786683588"/>
    <nd ref="8205580885"/>
    <nd ref="8205580886"/>
    <nd ref="8205580887"/>
    <nd ref="13786683594"/>
    <nd ref="8205580888"/>
    <nd ref="8205580883"/>
    <tag k="highway" v="service"/>
  </way>
  <way id="964007168">
    <nd ref="3210187330"/>
    <nd ref="8916961958"/>
    <nd ref="8916961957"/>
    <nd ref="8916961954"/>
    <nd ref="3210187339"/>
    <nd ref="11017007862"/>
    <nd ref="3210187355"/>
    <nd ref="11017007861"/>
    <nd ref="4443590372"/>
    <nd ref="11017007860"/>
    <nd ref="4394333833"/>
    <nd ref="11017007859"/>
    <nd ref="11017007858"/>
    <nd ref="8916981369"/>
    <nd ref="8916981370"/>
    <nd ref="8916981371"/>
    <nd ref="11017007857"/>
    <nd ref="8916981372"/>
    <nd ref="8916981373"/>
    <nd ref="11017007856"/>
    <nd ref="8916981374"/>
    <nd ref="8916981375"/>
    <nd ref="8916981376"/>
    <nd ref="8916981377"/>
    <nd ref="11017007855"/>
    <nd ref="8916981378"/>
    <nd ref="8916981379"/>
    <nd ref="8916981380"/>
    <nd ref="8916981381"/>
    <nd ref="8916981382"/>
    <nd ref="8916981383"/>
    <nd ref="8916981384"/>
    <nd ref="8916981385"/>
    <nd ref="11017007854"/>
    <nd ref="8916981386"/>
    <nd ref="11017007853"/>
    <nd ref="8916981387"/>
    <nd ref="8916981388"/>
    <nd ref="8916981389"/>
    <nd ref="11017007831"/>
    <nd ref="8916981390"/>
    <nd ref="8916981391"/>
    <nd ref="8916981392"/>
    <tag k="highway" v="track"/>
    <tag k="tracktype" v="grade1"/>
  </way>
  <way id="964007169">
    <nd ref="8916981389"/>
    <nd ref="11017007852"/>
    <nd ref="11017007851"/>
    <nd ref="11017007850"/>
    <nd ref="11017007849"/>
    <nd ref="11017007848"/>
    <nd ref="11017007847"/>
    <nd ref="11017007846"/>
    <nd ref="11017007845"/>
    <nd ref="11017007844"/>
    <nd ref="11017007843"/>
    <nd ref="11017007842"/>
    <nd ref="11017007841"/>
    <nd ref="11017007840"/>
    <nd ref="11017007839"/>
    <nd ref="11017007838"/>
    <nd ref="11017007837"/>
    <nd ref="11017007836"/>
    <nd ref="11017007835"/>
    <nd ref="11017007834"/>
    <nd ref="11017007833"/>
    <nd ref="11017007832"/>
    <nd ref="8916981393"/>
    <nd ref="8916981394"/>
    <nd ref="8916981395"/>
    <nd ref="8916981396"/>
    <nd ref="11017007830"/>
    <nd ref="8916981397"/>
    <nd ref="11017007829"/>
    <nd ref="8916981398"/>
    <nd ref="11017007828"/>
    <nd ref="8916981399"/>
    <nd ref="11017007827"/>
    <nd ref="8916981400"/>
    <nd ref="11017007826"/>
    <nd ref="8916981401"/>
    <nd ref="8916981402"/>
    <nd ref="8916981403"/>
    <nd ref="11017007825"/>
    <nd ref="8916981404"/>
    <nd ref="11017007824"/>
    <nd ref="8916981405"/>
    <nd ref="8916981406"/>
    <nd ref="11017007823"/>
    <nd ref="11017007822"/>
    <nd ref="3210187376"/>
    <nd ref="11017007808"/>
    <nd ref="3210187373"/>
    <nd ref="11017007807"/>
    <nd ref="4443590373"/>
    <nd ref="11017007806"/>
    <nd ref="3210187374"/>
    <nd ref="4443590374"/>
    <nd ref="4443560779"/>
    <nd ref="11017007805"/>
    <nd ref="11017007804"/>
    <nd ref="3210187379"/>
    <nd ref="4443590375"/>
    <nd ref="3210187381"/>
    <nd ref="3210187380"/>
    <nd ref="11017007803"/>
    <nd ref="11017007802"/>
    <nd ref="4443560780"/>
    <nd ref="11017007801"/>
    <nd ref="3210187382"/>
    <nd ref="3210187383"/>
    <nd ref="11017007799"/>
    <nd ref="11017007800"/>
    <nd ref="11017007798"/>
    <nd ref="11017007797"/>
    <nd ref="3210187386"/>
    <nd ref="11017007796"/>
    <nd ref="11017007795"/>
    <nd ref="3210187390"/>
    <nd ref="11017007794"/>
    <nd ref="11017007793"/>
    <nd ref="11017007792"/>
    <nd ref="3210187396"/>
    <nd ref="11017007789"/>
    <nd ref="11017007791"/>
    <nd ref="11017007790"/>
    <nd ref="3210187398"/>
    <nd ref="4443560794"/>
    <nd ref="3210187406"/>
    <nd ref="4443560797"/>
    <nd ref="3210187408"/>
    <nd ref="4443560799"/>
    <nd ref="3210187407"/>
    <nd ref="3210187402"/>
    <nd ref="11017007788"/>
    <nd ref="11017007787"/>
    <nd ref="11017007786"/>
    <nd ref="11017007785"/>
    <nd ref="3210187401"/>
    <nd ref="4443560795"/>
    <nd ref="3210187404"/>
    <nd ref="4443560798"/>
    <nd ref="3210187410"/>
    <nd ref="11017007784"/>
    <nd ref="3210187414"/>
    <nd ref="3210187416"/>
    <nd ref="3210187417"/>
    <tag k="highway" v="unclassified"/>
  </way>
  <way id="978042078">
    <nd ref="9526949891"/>
    <nd ref="9049852468"/>
    <nd ref="9049852470"/>
    <nd ref="9049852471"/>
    <nd ref="9049852472"/>
    <nd ref="9049852473"/>
    <nd ref="9526949893"/>
    <nd ref="9049852474"/>
    <nd ref="9526949894"/>
    <nd ref="9049852475"/>
    <nd ref="9049852476"/>
    <nd ref="9049852477"/>
    <nd ref="9049852478"/>
    <nd ref="9049852479"/>
    <tag k="highway" v="service"/>
  </way>
  <way id="978042083">
    <nd ref="9049852507"/>
    <nd ref="9049852464"/>
    <nd ref="9049852465"/>
    <nd ref="9526949890"/>
    <nd ref="9526949891"/>
    <tag k="highway" v="unclassified"/>
  </way>
  <way id="978042084">
    <nd ref="9049852463"/>
    <nd ref="9526949906"/>
    <nd ref="9049852508"/>
    <nd ref="9049852507"/>
    <tag k="highway" v="track"/>
  </way>
  <way id="978090578">
    <nd ref="9050325251"/>
    <nd ref="11033497577"/>
    <nd ref="9050325252"/>
    <nd ref="11033497576"/>
    <nd ref="9050325253"/>
    <nd ref="11033497575"/>
    <nd ref="9050325254"/>
    <nd ref="9050325255"/>
    <nd ref="9050325256"/>
    <nd ref="11033497578"/>
    <nd ref="11033497579"/>
    <nd ref="9050325257"/>
    <nd ref="11033497580"/>
    <nd ref="11033497581"/>
    <nd ref="9050325258"/>
    <nd ref="9050325259"/>
    <nd ref="9050325260"/>
    <nd ref="9050325261"/>
    <nd ref="9050325262"/>
    <nd ref="9050325263"/>
    <nd ref="9050325264"/>
    <nd ref="9050325265"/>
    <nd ref="9050325266"/>
    <nd ref="11033497582"/>
    <nd ref="9050325267"/>
    <nd ref="9050325268"/>
    <nd ref="9050325269"/>
    <nd ref="9050325270"/>
    <nd ref="9050325271"/>
    <nd ref="9050325272"/>
    <nd ref="9050325273"/>
    <nd ref="11033497584"/>
    <nd ref="9050325274"/>
    <nd ref="11033497583"/>
    <nd ref="9050325275"/>
    <nd ref="9050325276"/>
    <nd ref="9050325277"/>
    <nd ref="11033497585"/>
    <nd ref="9050325278"/>
    <nd ref="11033497586"/>
    <nd ref="11033497587"/>
    <nd ref="9050325279"/>
    <nd ref="11033497588"/>
    <nd ref="9050325280"/>
    <nd ref="11033497589"/>
    <nd ref="9050325281"/>
    <nd ref="11033497590"/>
    <nd ref="9050325282"/>
    <nd ref="9050325283"/>
    <nd ref="9050325284"/>
    <nd ref="9050325285"/>
    <nd ref="9050325286"/>
    <nd ref="9050325287"/>
    <nd ref="9050325288"/>
    <nd ref="9050325289"/>
    <nd ref="9050325290"/>
    <nd ref="9050325291"/>
    <nd ref="9050325292"/>
    <nd ref="9050325293"/>
    <nd ref="9050325294"/>
    <nd ref="9050325295"/>
    <nd ref="9050325299"/>
    <nd ref="9050325296"/>
    <nd ref="9050325297"/>
    <tag k="access" v="yes"/>
    <tag k="highway" v="track"/>
    <tag k="surface" v="unpaved"/>
    <tag k="tracktype" v="grade4"/>
  </way>
  <way id="991603669">
    <nd ref="4333481756"/>
    <nd ref="9161692760"/>
    <nd ref="9161692759"/>
    <nd ref="9161692758"/>
    <nd ref="11018952322"/>
    <nd ref="9161692757"/>
    <nd ref="9161692756"/>
    <nd ref="9161692755"/>
    <nd ref="9161692754"/>
    <nd ref="9161692753"/>
    <nd ref="9161692752"/>
    <nd ref="9161692751"/>
    <nd ref="9161692750"/>
    <nd ref="9161692749"/>
    <nd ref="11018952362"/>
    <nd ref="9161692748"/>
    <nd ref="9161692747"/>
    <tag k="highway" v="track"/>
    <tag k="surface" v="ground"/>
    <tag k="tracktype" v="grade5"/>
  </way>
  <way id="991603672">
    <nd ref="4295748323"/>
    <nd ref="9161692815"/>
    <nd ref="9161692816"/>
    <nd ref="4295748322"/>
    <tag k="highway" v="track"/>
    <tag k="surface" v="paved"/>
    <tag k="tracktype" v="grade2"/>
  </way>
  <way id="991603673">
    <nd ref="9161720332"/>
    <nd ref="9161720314"/>
    <nd ref="9161720313"/>
    <nd ref="9161720312"/>
    <nd ref="9161720311"/>
    <nd ref="9161720310"/>
    <nd ref="9161720309"/>
    <nd ref="9161720308"/>
    <nd ref="9161720307"/>
    <nd ref="9161720306"/>
    <nd ref="9161720316"/>
    <tag k="highway" v="track"/>
    <tag k="surface" v="ground"/>
    <tag k="tracktype" v="grade5"/>
  </way>
  <way id="991603674">
    <nd ref="9161720369"/>
    <nd ref="9161720335"/>
    <nd ref="9161720334"/>
    <nd ref="11017007717"/>
    <nd ref="9161720333"/>
    <nd ref="11017007718"/>
    <nd ref="9161720332"/>
    <nd ref="9161720331"/>
    <nd ref="11017007719"/>
    <nd ref="9161720330"/>
    <nd ref="11017007720"/>
    <nd ref="9161720329"/>
    <nd ref="9161720328"/>
    <nd ref="11017007721"/>
    <nd ref="9161720327"/>
    <nd ref="11017007722"/>
    <nd ref="9161720326"/>
    <nd ref="9161720325"/>
    <nd ref="9161720324"/>
    <nd ref="9161720323"/>
    <nd ref="9161720322"/>
    <nd ref="11017007723"/>
    <nd ref="9161720321"/>
    <nd ref="9161720320"/>
    <nd ref="9161720319"/>
    <nd ref="9161720318"/>
    <nd ref="9161720317"/>
    <nd ref="9161720316"/>
    <nd ref="9161720315"/>
    <tag k="highway" v="track"/>
    <tag k="tracktype" v="grade3"/>
  </way>
  <way id="991603675">
    <nd ref="9161720357"/>
    <nd ref="9161720356"/>
    <nd ref="11017007693"/>
    <nd ref="11017007694"/>
    <nd ref="9161720355"/>
    <nd ref="9161720354"/>
    <nd ref="9161720353"/>
    <nd ref="9161720352"/>
    <nd ref="9161720351"/>
    <nd ref="9161720350"/>
    <nd ref="11017007695"/>
    <nd ref="11017007696"/>
    <nd ref="9161720349"/>
    <nd ref="9161720348"/>
    <nd ref="9161720347"/>
    <nd ref="9161720346"/>
    <nd ref="9161720345"/>
    <nd ref="11017007710"/>
    <nd ref="9161720344"/>
    <nd ref="9161720343"/>
    <nd ref="11017007697"/>
    <nd ref="9161720342"/>
    <nd ref="11017007711"/>
    <nd ref="11017007712"/>
    <nd ref="9161720341"/>
    <nd ref="9161720340"/>
    <nd ref="11017007713"/>
    <nd ref="9161720339"/>
    <nd ref="9161720338"/>
    <nd ref="9161720337"/>
    <nd ref="9161720336"/>
    <nd ref="11017007714"/>
    <nd ref="11017007715"/>
    <nd ref="11017007716"/>
    <tag k="highway" v="track"/>
    <tag k="surface" v="ground"/>
    <tag k="tracktype" v="grade4"/>
  </way>
  <way id="991603676">
    <nd ref="4443560844"/>
    <nd ref="9161720385"/>
    <nd ref="9161720384"/>
    <nd ref="9161720383"/>
    <nd ref="9161720382"/>
    <nd ref="9161720381"/>
    <nd ref="11017007681"/>
    <nd ref="9161720380"/>
    <nd ref="11017007682"/>
    <nd ref="9161720379"/>
    <nd ref="9161720378"/>
    <nd ref="11017007683"/>
    <nd ref="9161720377"/>
    <nd ref="9161720376"/>
    <nd ref="9161720375"/>
    <nd ref="9161720374"/>
    <nd ref="9161720373"/>
    <nd ref="9161720372"/>
    <nd ref="9161720371"/>
    <nd ref="11017007684"/>
    <nd ref="9161720370"/>
    <nd ref="11017007685"/>
    <nd ref="9161720369"/>
    <nd ref="11017007686"/>
    <nd ref="9161720368"/>
    <nd ref="9161720367"/>
    <nd ref="9161720366"/>
    <nd ref="11017007687"/>
    <nd ref="9161720365"/>
    <nd ref="9161720364"/>
    <nd ref="11017007688"/>
    <nd ref="9161720363"/>
    <nd ref="11017007689"/>
    <nd ref="9161720362"/>
    <nd ref="11017007690"/>
    <nd ref="9161720361"/>
    <nd ref="11017007691"/>
    <nd ref="9161720360"/>
    <nd ref="11017007692"/>
    <nd ref="9161720359"/>
    <nd ref="9161720358"/>
    <nd ref="9161720357"/>
    <tag k="highway" v="track"/>
    <tag k="surface" v="unpaved"/>
    <tag k="tracktype" v="grade3"/>
  </way>
  <way id="991603677">
    <nd ref="4443590376"/>
    <nd ref="9161720415"/>
    <nd ref="9161720414"/>
    <nd ref="9161720413"/>
    <nd ref="9161720412"/>
    <tag k="highway" v="track"/>
  </way>
  <way id="991603678">
    <nd ref="4295748345"/>
    <nd ref="9161720422"/>
    <nd ref="9161720423"/>
    <nd ref="9161720424"/>
    <nd ref="11016969309"/>
    <nd ref="9161720425"/>
    <nd ref="9161720426"/>
    <nd ref="9161720427"/>
    <nd ref="11016969310"/>
    <nd ref="9161720428"/>
    <nd ref="9161720429"/>
    <nd ref="9161720430"/>
    <nd ref="9161720431"/>
    <nd ref="9161720432"/>
    <nd ref="11016969311"/>
    <nd ref="9161720433"/>
    <nd ref="11016969312"/>
    <nd ref="9161720434"/>
    <nd ref="9161720435"/>
    <nd ref="9161720436"/>
    <nd ref="9161720437"/>
    <nd ref="11016969313"/>
    <nd ref="11016969314"/>
    <nd ref="11016969315"/>
    <nd ref="11016969316"/>
    <nd ref="11016969317"/>
    <nd ref="11016969318"/>
    <nd ref="11016969319"/>
    <nd ref="11016969320"/>
    <nd ref="11016969321"/>
    <nd ref="11016969322"/>
    <nd ref="9161720438"/>
    <nd ref="9161720439"/>
    <nd ref="11016969323"/>
    <nd ref="9161720440"/>
    <nd ref="9161720441"/>
    <nd ref="11016969324"/>
    <nd ref="9161720442"/>
    <nd ref="11016969325"/>
    <nd ref="9161720443"/>
    <nd ref="11016969326"/>
    <nd ref="9161720444"/>
    <nd ref="9161720446"/>
    <nd ref="9161720445"/>
    <nd ref="9161712322"/>
    <nd ref="11016969331"/>
    <nd ref="4295748339"/>
    <tag k="highway" v="track"/>
    <tag k="surface" v="unpaved"/>
    <tag k="tracktype" v="grade4"/>
  </way>
  <way id="1034141010">
    <nd ref="9526949841"/>
    <nd ref="9526949848"/>
    <nd ref="9526949849"/>
    <nd ref="9526949850"/>
    <nd ref="9526949851"/>
    <nd ref="9526949852"/>
    <nd ref="9526949853"/>
    <nd ref="9526949854"/>
    <nd ref="9526949855"/>
    <tag k="highway" v="track"/>
    <tag k="incline" v="down"/>
    <tag k="surface" v="unpaved"/>
    <tag k="tracktype" v="grade4"/>
  </way>
  <way id="1034141012">
    <nd ref="9049852467"/>
    <nd ref="9049852469"/>
    <nd ref="9526949889"/>
    <nd ref="9526949892"/>
    <nd ref="9526949891"/>
    <tag k="highway" v="track"/>
  </way>
  <way id="1116533447">
    <nd ref="2178262049"/>
    <nd ref="11016906364"/>
    <nd ref="6551870632"/>
    <nd ref="11016906365"/>
    <nd ref="4333481744"/>
    <nd ref="4333481743"/>
    <nd ref="6551870631"/>
    <nd ref="6551870630"/>
    <nd ref="11016906366"/>
    <nd ref="4333481742"/>
    <nd ref="4333481741"/>
    <nd ref="11016906367"/>
    <nd ref="11016906368"/>
    <nd ref="4333481740"/>
    <nd ref="11016906369"/>
    <nd ref="4333481739"/>
    <nd ref="4333481738"/>
    <nd ref="4333481737"/>
    <nd ref="4333481736"/>
    <nd ref="4333481735"/>
    <nd ref="11016906380"/>
    <nd ref="6551870628"/>
    <nd ref="4333481734"/>
    <nd ref="11016906370"/>
    <nd ref="4333481733"/>
    <nd ref="11016906371"/>
    <nd ref="11016906372"/>
    <nd ref="6551870629"/>
    <nd ref="11016906373"/>
    <nd ref="4333481732"/>
    <nd ref="11016906374"/>
    <nd ref="4333481731"/>
    <nd ref="11016906375"/>
    <nd ref="6551870627"/>
    <nd ref="11016906376"/>
    <nd ref="6551870626"/>
    <nd ref="11016906377"/>
    <nd ref="4333481730"/>
    <nd ref="6551870625"/>
    <nd ref="4333481729"/>
    <nd ref="6551870624"/>
    <nd ref="11016906378"/>
    <nd ref="11016906379"/>
    <nd ref="4333481728"/>
    <nd ref="4333481727"/>
    <nd ref="6551870623"/>
    <nd ref="6551870622"/>
    <nd ref="4333481726"/>
    <nd ref="6551870621"/>
    <nd ref="4333481725"/>
    <nd ref="11016906382"/>
    <nd ref="11016906381"/>
    <nd ref="6551870605"/>
    <nd ref="6551870619"/>
    <nd ref="11016906385"/>
    <nd ref="11016906384"/>
    <nd ref="4333481724"/>
    <tag k="highway" v="unclassified"/>
  </way>
  <way id="1116533448">
    <nd ref="4333481783"/>
    <nd ref="11016969262"/>
    <nd ref="11016969263"/>
    <nd ref="4333481782"/>
    <nd ref="11016969264"/>
    <nd ref="4333481781"/>
    <nd ref="11016969265"/>
    <nd ref="11016969266"/>
    <nd ref="4333481780"/>
    <nd ref="11016969267"/>
    <nd ref="11016969268"/>
    <nd ref="4333481779"/>
    <nd ref="11016969269"/>
    <nd ref="11016969270"/>
    <nd ref="4333481778"/>
    <nd ref="4333481777"/>
    <nd ref="11016969271"/>
    <nd ref="11016969272"/>
    <nd ref="11016969273"/>
    <nd ref="4333481776"/>
    <nd ref="11016969274"/>
    <nd ref="4333481775"/>
    <nd ref="11016969275"/>
    <nd ref="11016969276"/>
    <nd ref="4333481774"/>
    <nd ref="11016969277"/>
    <nd ref="11016969278"/>
    <nd ref="4333481773"/>
    <nd ref="4333481772"/>
    <nd ref="11016969279"/>
    <nd ref="4333481771"/>
    <nd ref="11016969280"/>
    <nd ref="4333481770"/>
    <nd ref="11016969281"/>
    <nd ref="4333481769"/>
    <nd ref="4333481768"/>
    <nd ref="11016969282"/>
    <nd ref="11016969283"/>
    <nd ref="4333481767"/>
    <nd ref="11016969284"/>
    <nd ref="11016969285"/>
    <nd ref="11016969286"/>
    <nd ref="11016969288"/>
    <nd ref="4333481766"/>
    <nd ref="11016969287"/>
    <nd ref="11016969289"/>
    <nd ref="4333481765"/>
    <nd ref="11016969290"/>
    <nd ref="4333481764"/>
    <nd ref="11016969291"/>
    <nd ref="11016969292"/>
    <nd ref="4333481763"/>
    <nd ref="4333481762"/>
    <nd ref="11016969293"/>
    <nd ref="4333481761"/>
    <nd ref="11016969294"/>
    <nd ref="4333481760"/>
    <nd ref="11016969295"/>
    <nd ref="4333481759"/>
    <nd ref="11016969296"/>
    <nd ref="4333481758"/>
    <nd ref="4295748337"/>
    <nd ref="11016969297"/>
    <nd ref="4295748336"/>
    <nd ref="9161692792"/>
    <nd ref="9161692793"/>
    <nd ref="11016969298"/>
    <nd ref="9161692794"/>
    <nd ref="11016969299"/>
    <nd ref="9161692795"/>
    <nd ref="4295748335"/>
    <nd ref="9161692796"/>
    <nd ref="9161692797"/>
    <nd ref="4295748334"/>
    <nd ref="11016969300"/>
    <nd ref="9161692798"/>
    <nd ref="9161692799"/>
    <nd ref="9161692800"/>
    <nd ref="9161692801"/>
    <nd ref="9161692802"/>
    <nd ref="4295748333"/>
    <nd ref="9161692803"/>
    <nd ref="9161692804"/>
    <nd ref="4295748332"/>
    <nd ref="11016969301"/>
    <nd ref="4295748331"/>
    <nd ref="4295748330"/>
    <nd ref="9161692805"/>
    <nd ref="11016969302"/>
    <nd ref="9161692806"/>
    <nd ref="11016969303"/>
    <nd ref="9161692807"/>
    <nd ref="4295748329"/>
    <nd ref="9161692808"/>
    <nd ref="9161692811"/>
    <nd ref="11016969304"/>
    <nd ref="9161692810"/>
    <nd ref="9161692809"/>
    <nd ref="4295748328"/>
    <nd ref="11016969305"/>
    <nd ref="9161692812"/>
    <nd ref="4295748327"/>
    <nd ref="11016969306"/>
    <nd ref="9161692813"/>
    <nd ref="11018847265"/>
    <nd ref="9161692814"/>
    <nd ref="11016969307"/>
    <nd ref="4295748326"/>
    <nd ref="4295748325"/>
    <nd ref="4295748324"/>
    <nd ref="11016969308"/>
    <nd ref="4295748323"/>
    <tag k="highway" v="unclassified"/>
    <tag k="name" v="202線林道"/>
  </way>
  <way id="1180962233">
    <nd ref="2178262258"/>
    <nd ref="10967724537"/>
    <nd ref="10967724536"/>
    <nd ref="10967724535"/>
    <nd ref="10967724534"/>
    <nd ref="10967724533"/>
    <nd ref="10967724532"/>
    <nd ref="10967724531"/>
    <nd ref="10967724530"/>
    <nd ref="10967724529"/>
    <nd ref="10967724528"/>
    <nd ref="10967724527"/>
    <nd ref="10967724526"/>
    <nd ref="10967724525"/>
    <nd ref="10967724524"/>
    <nd ref="10967724523"/>
    <nd ref="10967724522"/>
    <nd ref="10967724521"/>
    <nd ref="10967724520"/>
    <nd ref="10967724519"/>
    <nd ref="10967724518"/>
    <nd ref="10967724517"/>
    <nd ref="10967724516"/>
    <nd ref="10967724515"/>
    <nd ref="10967724514"/>
    <nd ref="10967724513"/>
    <nd ref="10967724512"/>
    <nd ref="10967724511"/>
    <nd ref="10967724510"/>
    <nd ref="10967724509"/>
    <nd ref="10967724508"/>
    <nd ref="10967724507"/>
    <nd ref="10967724506"/>
    <nd ref="10967724505"/>
    <nd ref="10967721404"/>
    <nd ref="10967721403"/>
    <tag k="highway" v="track"/>
  </way>
  <way id="1186094442">
    <nd ref="300593255"/>
    <nd ref="11016900494"/>
    <nd ref="11016900500"/>
    <nd ref="11016900493"/>
    <nd ref="11016900492"/>
    <tag k="embankment" v="yes"/>
    <tag k="highway" v="primary"/>
    <tag k="maxspeed" v="50"/>
    <tag k="name" v="執信橋"/>
    <tag k="name:en" v="ZhiXin Bridge"/>
    <tag k="name:zh" v="執信橋"/>
    <tag k="oneway" v="yes"/>
    <tag k="ref" v="7"/>
    <tag k="ref:en" v="Provincial Highway 7"/>
    <tag k="ref:zh" v="台7線"/>
  </way>
  <way id="1186094443">
    <nd ref="11016900496"/>
    <nd ref="11016900497"/>
    <nd ref="11016900498"/>
    <nd ref="11016900499"/>
    <nd ref="300593255"/>
    <tag k="embankment" v="yes"/>
    <tag k="highway" v="primary"/>
    <tag k="maxspeed" v="50"/>
    <tag k="name" v="執信橋"/>
    <tag k="name:en" v="ZhiXin Bridge"/>
    <tag k="name:zh" v="執信橋"/>
    <tag k="oneway" v="yes"/>
    <tag k="ref" v="7"/>
    <tag k="ref:en" v="Provincial Highway 7"/>
    <tag k="ref:zh" v="台7線"/>
  </way>
  <way id="1186094444">
    <nd ref="11016900480"/>
    <nd ref="11016900487"/>
    <nd ref="11016900482"/>
    <nd ref="11016900486"/>
    <nd ref="300593265"/>
    <nd ref="11016900485"/>
    <nd ref="3104018237"/>
    <tag k="embankment" v="yes"/>
    <tag k="highway" v="primary"/>
    <tag k="maxspeed" v="50"/>
    <tag k="name" v="執信橋"/>
    <tag k="name:en" v="ZhiXin Bridge"/>
    <tag k="name:zh" v="執信橋"/>
    <tag k="oneway" v="yes"/>
    <tag k="ref" v="7"/>
    <tag k="ref:en" v="Provincial Highway 7"/>
    <tag k="ref:zh" v="台7線"/>
  </way>
  <way id="1186094445">
    <nd ref="3104018235"/>
    <nd ref="11016900483"/>
    <nd ref="11016900484"/>
    <nd ref="11016900481"/>
    <nd ref="11016900480"/>
    <tag k="embankment" v="yes"/>
    <tag k="highway" v="primary"/>
    <tag k="maxspeed" v="50"/>
    <tag k="name" v="執信橋"/>
    <tag k="name:en" v="ZhiXin Bridge"/>
    <tag k="name:zh" v="執信橋"/>
    <tag k="oneway" v="yes"/>
    <tag k="ref" v="7"/>
    <tag k="ref:en" v="Provincial Highway 7"/>
    <tag k="ref:zh" v="台7線"/>
  </way>
  <way id="1186103385">
    <nd ref="4333481697"/>
    <nd ref="11016969123"/>
    <nd ref="11016969124"/>
    <nd ref="11016969125"/>
    <nd ref="11016969126"/>
    <nd ref="11016969127"/>
    <nd ref="11016969128"/>
    <nd ref="11016969129"/>
    <nd ref="11016969130"/>
    <nd ref="11016969131"/>
    <nd ref="11016969132"/>
    <nd ref="11016969133"/>
    <nd ref="11016969134"/>
    <nd ref="11016969135"/>
    <nd ref="11016969136"/>
    <nd ref="11016969137"/>
    <nd ref="11016969138"/>
    <nd ref="11016969139"/>
    <nd ref="11016969140"/>
    <nd ref="11016969141"/>
    <nd ref="11016969142"/>
    <nd ref="11016969143"/>
    <nd ref="11016969144"/>
    <nd ref="11016969145"/>
    <nd ref="11016969146"/>
    <nd ref="11016969147"/>
    <nd ref="11016969148"/>
    <nd ref="11016969149"/>
    <nd ref="11016969150"/>
    <nd ref="11016969151"/>
    <nd ref="11016969152"/>
    <nd ref="11016969153"/>
    <nd ref="11016969154"/>
    <nd ref="11016969155"/>
    <nd ref="11016969156"/>
    <tag k="highway" v="track"/>
    <tag k="surface" v="unpaved"/>
    <tag k="tracktype" v="grade4"/>
  </way>
  <way id="1186107500">
    <nd ref="4443591989"/>
    <nd ref="11016974800"/>
    <nd ref="11016974801"/>
    <nd ref="11016974802"/>
    <nd ref="11016974803"/>
    <nd ref="11016974804"/>
    <nd ref="11017007605"/>
    <nd ref="11017007606"/>
    <nd ref="11017007607"/>
    <nd ref="11017007608"/>
    <nd ref="11017007609"/>
    <nd ref="11017007610"/>
    <nd ref="11017007611"/>
    <nd ref="11017007612"/>
    <nd ref="11017007613"/>
    <nd ref="11017007614"/>
    <nd ref="11017007615"/>
    <nd ref="11017007616"/>
    <nd ref="11017007617"/>
    <nd ref="11017007618"/>
    <nd ref="11017007619"/>
    <nd ref="11017007620"/>
    <nd ref="11017007621"/>
    <nd ref="11017007622"/>
    <nd ref="11017007623"/>
    <nd ref="11017007624"/>
    <nd ref="11017007625"/>
    <nd ref="11017007626"/>
    <nd ref="11017007627"/>
    <tag k="highway" v="track"/>
    <tag k="surface" v="unpaved"/>
    <tag k="tracktype" v="grade3"/>
  </way>
  <way id="1186107501">
    <nd ref="11017007627"/>
    <nd ref="11017007628"/>
    <nd ref="11017007629"/>
    <nd ref="11017007630"/>
    <nd ref="11017007631"/>
    <nd ref="11017007632"/>
    <nd ref="11017007633"/>
    <nd ref="11017007634"/>
    <nd ref="11017007635"/>
    <nd ref="11017007636"/>
    <nd ref="11017007637"/>
    <nd ref="11017007638"/>
    <nd ref="11017007639"/>
    <nd ref="11017007640"/>
    <nd ref="11017007641"/>
    <nd ref="11017007642"/>
    <nd ref="11017007643"/>
    <nd ref="11017007644"/>
    <nd ref="11017007645"/>
    <nd ref="11017007646"/>
    <nd ref="11017007647"/>
    <nd ref="11017007609"/>
    <tag k="highway" v="track"/>
    <tag k="surface" v="unpaved"/>
    <tag k="tracktype" v="grade4"/>
  </way>
  <way id="1186107502">
    <nd ref="11016974803"/>
    <nd ref="11017007648"/>
    <nd ref="11017007649"/>
    <nd ref="11017007650"/>
    <nd ref="11017007651"/>
    <nd ref="11017007652"/>
    <nd ref="11017007653"/>
    <nd ref="11017007654"/>
    <nd ref="11017007655"/>
    <tag k="highway" v="track"/>
    <tag k="surface" v="unpaved"/>
    <tag k="tracktype" v="grade4"/>
  </way>
  <way id="1186107503">
    <nd ref="9161720344"/>
    <nd ref="11017007698"/>
    <nd ref="11017007699"/>
    <nd ref="11017007700"/>
    <nd ref="11017007701"/>
    <nd ref="11017007702"/>
    <nd ref="11017007703"/>
    <nd ref="11017007704"/>
    <nd ref="11017007705"/>
    <nd ref="11017007706"/>
    <nd ref="11017007707"/>
    <nd ref="11017007708"/>
    <nd ref="11017007709"/>
    <tag k="highway" v="track"/>
    <tag k="surface" v="ground"/>
    <tag k="tracktype" v="grade4"/>
  </way>
  <way id="1186107504">
    <nd ref="4443560791"/>
    <nd ref="11017007762"/>
    <nd ref="11017007763"/>
    <nd ref="11017007764"/>
    <nd ref="11017007765"/>
    <nd ref="11017007766"/>
    <nd ref="11017007767"/>
    <nd ref="11017007768"/>
    <nd ref="11017007769"/>
    <nd ref="11017007770"/>
    <nd ref="11017007771"/>
    <nd ref="11017007772"/>
    <nd ref="11017007773"/>
    <nd ref="11017007774"/>
    <nd ref="11017007775"/>
    <nd ref="11017007776"/>
    <nd ref="11017007777"/>
    <nd ref="11017007778"/>
    <nd ref="11017007779"/>
    <tag k="highway" v="track"/>
    <tag k="surface" v="unpaved"/>
    <tag k="tracktype" v="grade4"/>
  </way>
  <way id="1186107509">
    <nd ref="2178261809"/>
    <nd ref="11017007881"/>
    <nd ref="4333481746"/>
    <nd ref="11017007880"/>
    <nd ref="6551870637"/>
    <nd ref="11017007879"/>
    <nd ref="4333481747"/>
    <nd ref="11017007878"/>
    <nd ref="11017007877"/>
    <nd ref="6551870636"/>
    <tag k="highway" v="unclassified"/>
  </way>
  <way id="1186107510">
    <nd ref="6551870636"/>
    <nd ref="4333481748"/>
    <tag k="bridge" v="yes"/>
    <tag k="highway" v="unclassified"/>
    <tag k="layer" v="1"/>
  </way>
  <way id="1186107511">
    <nd ref="300593067"/>
    <nd ref="11017007892"/>
    <nd ref="2178262020"/>
    <nd ref="2178262023"/>
    <nd ref="11017007891"/>
    <nd ref="4446620590"/>
    <nd ref="11017007890"/>
    <nd ref="2178262075"/>
    <nd ref="11017007889"/>
    <nd ref="4446620591"/>
    <nd ref="300593072"/>
    <nd ref="11017007888"/>
    <nd ref="2178262096"/>
    <nd ref="11017007887"/>
    <nd ref="4446620592"/>
    <nd ref="2178261803"/>
    <nd ref="4333481745"/>
    <nd ref="2178261809"/>
    <nd ref="11017007882"/>
    <nd ref="300593078"/>
    <nd ref="11017007883"/>
    <nd ref="4446620593"/>
    <tag k="highway" v="primary"/>
    <tag k="maxspeed" v="50"/>
    <tag k="name" v="泰雅路三段"/>
    <tag k="name:en" v="Section 3, Taiya Road"/>
    <tag k="name:nan" v="Thài-ngá-lō͘ 3-tōaⁿ"/>
    <tag k="name:nan-Hant" v="泰雅路三段"/>
    <tag k="name:nan-Latn-pehoeji" v="Thài-ngá-lō͘ 3-tōaⁿ"/>
    <tag k="name:nan-Latn-tailo" v="Thài-ngá-lōo 3-tuānn"/>
    <tag k="name:zh" v="泰雅路三段"/>
    <tag k="ref" v="7"/>
    <tag k="ref:en" v="Provincial Highway 7"/>
    <tag k="ref:zh" v="台7線"/>
  </way>
  <way id="1186107512">
    <nd ref="11017007893"/>
    <nd ref="2178261908"/>
    <nd ref="11017007894"/>
    <nd ref="2178261935"/>
    <nd ref="2178261952"/>
    <nd ref="300593067"/>
    <tag k="embankment" v="yes"/>
    <tag k="highway" v="primary"/>
    <tag k="maxspeed" v="50"/>
    <tag k="name" v="泰雅路三段"/>
    <tag k="name:en" v="Section 3, Taiya Road"/>
    <tag k="name:nan" v="Thài-ngá-lō͘ 3-tōaⁿ"/>
    <tag k="name:nan-Hant" v="泰雅路三段"/>
    <tag k="name:nan-Latn-pehoeji" v="Thài-ngá-lō͘ 3-tōaⁿ"/>
    <tag k="name:nan-Latn-tailo" v="Thài-ngá-lōo 3-tuānn"/>
    <tag k="name:zh" v="泰雅路三段"/>
    <tag k="ref" v="7"/>
    <tag k="ref:en" v="Provincial Highway 7"/>
    <tag k="ref:zh" v="台7線"/>
  </way>
  <way id="1186107515">
    <nd ref="11017007899"/>
    <nd ref="2178261906"/>
    <nd ref="11017007898"/>
    <nd ref="2178262155"/>
    <nd ref="300593057"/>
    <nd ref="11017007893"/>
    <tag k="highway" v="primary"/>
    <tag k="maxspeed" v="50"/>
    <tag k="name" v="泰雅路三段"/>
    <tag k="name:en" v="Section 3, Taiya Road"/>
    <tag k="name:nan" v="Thài-ngá-lō͘ 3-tōaⁿ"/>
    <tag k="name:nan-Hant" v="泰雅路三段"/>
    <tag k="name:nan-Latn-pehoeji" v="Thài-ngá-lō͘ 3-tōaⁿ"/>
    <tag k="name:nan-Latn-tailo" v="Thài-ngá-lōo 3-tuānn"/>
    <tag k="name:zh" v="泰雅路三段"/>
    <tag k="ref" v="7"/>
    <tag k="ref:en" v="Provincial Highway 7"/>
    <tag k="ref:zh" v="台7線"/>
  </way>
  <way id="1186107516">
    <nd ref="2178261756"/>
    <nd ref="11017007899"/>
    <tag k="embankment" v="yes"/>
    <tag k="highway" v="primary"/>
    <tag k="maxspeed" v="50"/>
    <tag k="name" v="泰雅路三段"/>
    <tag k="name:en" v="Section 3, Taiya Road"/>
    <tag k="name:nan" v="Thài-ngá-lō͘ 3-tōaⁿ"/>
    <tag k="name:nan-Hant" v="泰雅路三段"/>
    <tag k="name:nan-Latn-pehoeji" v="Thài-ngá-lō͘ 3-tōaⁿ"/>
    <tag k="name:nan-Latn-tailo" v="Thài-ngá-lōo 3-tuānn"/>
    <tag k="name:zh" v="泰雅路三段"/>
    <tag k="ref" v="7"/>
    <tag k="ref:en" v="Provincial Highway 7"/>
    <tag k="ref:zh" v="台7線"/>
  </way>
  <way id="1186107517">
    <nd ref="12162441480"/>
    <nd ref="11017007919"/>
    <nd ref="11017007920"/>
    <nd ref="11017007921"/>
    <nd ref="11017007922"/>
    <nd ref="12162467206"/>
    <nd ref="12162441437"/>
    <nd ref="12162467747"/>
    <nd ref="12162467674"/>
    <nd ref="12162467619"/>
    <nd ref="12162467202"/>
    <nd ref="12162467161"/>
    <nd ref="12162467112"/>
    <nd ref="12162467241"/>
    <nd ref="12162467215"/>
    <nd ref="12162467062"/>
    <nd ref="12162467692"/>
    <nd ref="12162467204"/>
    <nd ref="12162441454"/>
    <tag k="highway" v="track"/>
    <tag k="surface" v="ground"/>
    <tag k="tracktype" v="grade5"/>
  </way>
  <way id="1186107518">
    <nd ref="3105374332"/>
    <nd ref="11017007930"/>
    <nd ref="11017007939"/>
    <nd ref="11017007931"/>
    <nd ref="11017007933"/>
    <tag k="embankment" v="yes"/>
    <tag k="highway" v="primary"/>
    <tag k="lanes" v="1"/>
    <tag k="maxspeed" v="50"/>
    <tag k="name" v="英士橋"/>
    <tag k="name:en" v="YingShi Bridge"/>
    <tag k="name:zh" v="英士橋"/>
    <tag k="oneway" v="yes"/>
    <tag k="ref" v="7"/>
    <tag k="ref:en" v="Provincial Highway 7"/>
    <tag k="ref:zh" v="台7線"/>
  </way>
  <way id="1186107519">
    <nd ref="3105374333"/>
    <nd ref="11017007938"/>
    <nd ref="11017007939"/>
    <tag k="embankment" v="yes"/>
    <tag k="highway" v="unclassified"/>
    <tag k="lanes" v="1"/>
    <tag k="oneway" v="yes"/>
  </way>
  <way id="1186113553">
    <nd ref="11017050397"/>
    <nd ref="11017050398"/>
    <nd ref="11017050399"/>
    <nd ref="11017050400"/>
    <nd ref="11017050401"/>
    <nd ref="11017050402"/>
    <nd ref="11017050403"/>
    <tag k="highway" v="track"/>
    <tag k="surface" v="ground"/>
    <tag k="tracktype" v="grade5"/>
  </way>
  <way id="1186113554">
    <nd ref="2178261618"/>
    <nd ref="11017050373"/>
    <nd ref="11017050374"/>
    <nd ref="11017050375"/>
    <nd ref="11017050376"/>
    <nd ref="11017050377"/>
    <nd ref="11017050378"/>
    <nd ref="11017050379"/>
    <nd ref="11017050380"/>
    <nd ref="11017050381"/>
    <nd ref="11017050382"/>
    <nd ref="11017050383"/>
    <nd ref="11017050384"/>
    <nd ref="11017050385"/>
    <nd ref="11017050386"/>
    <nd ref="11040514829"/>
    <nd ref="11017050387"/>
    <nd ref="11017050388"/>
    <nd ref="11017050389"/>
    <tag k="highway" v="track"/>
    <tag k="surface" v="paved"/>
    <tag k="tracktype" v="grade2"/>
  </way>
  <way id="1186113555">
    <nd ref="11017050389"/>
    <nd ref="11017050390"/>
    <nd ref="11017050391"/>
    <tag k="highway" v="track"/>
    <tag k="surface" v="unpaved"/>
    <tag k="tracktype" v="grade3"/>
  </way>
  <way id="1186113556">
    <nd ref="11017050391"/>
    <nd ref="11017050392"/>
    <nd ref="11017050393"/>
    <nd ref="11017050394"/>
    <nd ref="11017050395"/>
    <nd ref="11017050396"/>
    <nd ref="11017050397"/>
    <tag k="highway" v="track"/>
    <tag k="surface" v="unpaved"/>
    <tag k="tracktype" v="grade4"/>
  </way>
  <way id="1186119845">
    <nd ref="3110882511"/>
    <nd ref="2345938565"/>
    <nd ref="3110882510"/>
    <nd ref="11017096834"/>
    <nd ref="2345967795"/>
    <nd ref="3110882509"/>
    <tag k="highway" v="residential"/>
    <tag k="name" v="樂水路"/>
    <tag k="oneway" v="no"/>
    <tag k="ref" v="宜51"/>
    <tag k="ref:en" v="IL51"/>
    <tag k="ref:zh" v="宜51"/>
  </way>
  <way id="1186119846">
    <nd ref="3110882509"/>
    <nd ref="2345967797"/>
    <tag k="bridge" v="yes"/>
    <tag k="highway" v="residential"/>
    <tag k="layer" v="1"/>
    <tag k="name" v="樂水路"/>
    <tag k="oneway" v="no"/>
    <tag k="ref" v="宜51"/>
    <tag k="ref:en" v="IL51"/>
    <tag k="ref:zh" v="宜51"/>
  </way>
  <way id="1186119847">
    <nd ref="3110882520"/>
    <nd ref="11017096845"/>
    <nd ref="11017096846"/>
    <nd ref="2345990803"/>
    <nd ref="4312156186"/>
    <nd ref="3110882519"/>
    <nd ref="4312156187"/>
    <nd ref="3110882518"/>
    <nd ref="3110882517"/>
    <nd ref="3110882516"/>
    <nd ref="11017096842"/>
    <nd ref="2345990579"/>
    <nd ref="2345990750"/>
    <nd ref="11017096841"/>
    <nd ref="3110882515"/>
    <nd ref="3110882514"/>
    <nd ref="2345990784"/>
    <nd ref="11017096840"/>
    <nd ref="2345990554"/>
    <nd ref="11017096839"/>
    <tag k="highway" v="tertiary"/>
    <tag k="name" v="樂水路"/>
    <tag k="oneway" v="no"/>
    <tag k="ref" v="宜51"/>
    <tag k="ref:en" v="IL51"/>
    <tag k="ref:zh" v="宜51"/>
  </way>
  <way id="1186119848">
    <nd ref="2345990583"/>
    <nd ref="3110882520"/>
    <tag k="bridge" v="yes"/>
    <tag k="highway" v="tertiary"/>
    <tag k="layer" v="1"/>
    <tag k="name" v="樂水路"/>
    <tag k="oneway" v="no"/>
    <tag k="ref" v="宜51"/>
    <tag k="ref:en" v="IL51"/>
    <tag k="ref:zh" v="宜51"/>
  </way>
  <way id="1186121552">
    <nd ref="4312156053"/>
    <nd ref="11017108373"/>
    <nd ref="11017108374"/>
    <nd ref="11017108375"/>
    <nd ref="11017108376"/>
    <nd ref="11017108377"/>
    <nd ref="11017108378"/>
    <nd ref="11017108379"/>
    <nd ref="11017108380"/>
    <nd ref="11017108381"/>
    <nd ref="11017108382"/>
    <nd ref="11017108383"/>
    <nd ref="11017108384"/>
    <nd ref="11017108385"/>
    <nd ref="11017108386"/>
    <nd ref="11017108387"/>
    <nd ref="11017108388"/>
    <tag k="highway" v="track"/>
    <tag k="surface" v="unpaved"/>
    <tag k="tracktype" v="grade4"/>
  </way>
  <way id="1186121554">
    <nd ref="4312156201"/>
    <nd ref="11017108468"/>
    <tag k="bridge" v="yes"/>
    <tag k="highway" v="service"/>
    <tag k="layer" v="1"/>
  </way>
  <way id="1186121555">
    <nd ref="4293200396"/>
    <nd ref="11017108496"/>
    <nd ref="11017108495"/>
    <nd ref="4293200397"/>
    <nd ref="4293200398"/>
    <nd ref="11017108494"/>
    <nd ref="11017108493"/>
    <nd ref="4293200399"/>
    <nd ref="11017108489"/>
    <tag k="highway" v="service"/>
  </way>
  <way id="1186121556">
    <nd ref="11017108489"/>
    <nd ref="11017108488"/>
    <tag k="bridge" v="yes"/>
    <tag k="highway" v="service"/>
    <tag k="layer" v="1"/>
  </way>
  <way id="1186139067">
    <nd ref="4312164180"/>
    <nd ref="11017263651"/>
    <tag k="highway" v="service"/>
  </way>
  <way id="1186139068">
    <nd ref="11017263651"/>
    <nd ref="11017263650"/>
    <tag k="bridge" v="yes"/>
    <tag k="highway" v="service"/>
    <tag k="layer" v="1"/>
  </way>
  <way id="1186139069">
    <nd ref="2345990793"/>
    <nd ref="4312164180"/>
    <nd ref="2345990546"/>
    <nd ref="11017263629"/>
    <nd ref="3110882542"/>
    <nd ref="11017263628"/>
    <nd ref="2345938554"/>
    <tag k="highway" v="tertiary"/>
    <tag k="name" v="大同產業道路"/>
    <tag k="oneway" v="no"/>
    <tag k="ref" v="宜51"/>
    <tag k="ref:en" v="IL51"/>
    <tag k="ref:zh" v="宜51"/>
    <tag k="surface" v="asphalt"/>
  </way>
  <way id="1186139070">
    <nd ref="11017263663"/>
    <nd ref="2345990793"/>
    <tag k="bridge" v="yes"/>
    <tag k="highway" v="tertiary"/>
    <tag k="layer" v="1"/>
    <tag k="name" v="大同產業道路"/>
    <tag k="oneway" v="no"/>
    <tag k="ref" v="宜51"/>
    <tag k="ref:en" v="IL51"/>
    <tag k="ref:zh" v="宜51"/>
    <tag k="surface" v="asphalt"/>
  </way>
  <way id="1188333276">
    <nd ref="11034609671"/>
    <nd ref="11034609673"/>
    <nd ref="11034609674"/>
    <nd ref="11034609675"/>
    <nd ref="11034609676"/>
    <nd ref="11034609677"/>
    <nd ref="11034609670"/>
    <nd ref="11034609678"/>
    <nd ref="11034609697"/>
    <nd ref="11034609679"/>
    <nd ref="11034609680"/>
    <nd ref="11034609681"/>
    <nd ref="12162441478"/>
    <nd ref="12162467230"/>
    <nd ref="12162467858"/>
    <nd ref="12162467611"/>
    <nd ref="12162467845"/>
    <nd ref="12162467758"/>
    <nd ref="12162467107"/>
    <nd ref="12162467173"/>
    <tag k="highway" v="track"/>
    <tag k="tracktype" v="grade3"/>
  </way>
  <way id="1188333277">
    <nd ref="4312156005"/>
    <nd ref="11046159724"/>
    <nd ref="11034609682"/>
    <nd ref="11046153785"/>
    <nd ref="11046153786"/>
    <nd ref="11046153787"/>
    <nd ref="11046153788"/>
    <nd ref="11046153789"/>
    <nd ref="11046153790"/>
    <nd ref="11046153791"/>
    <nd ref="11046153792"/>
    <nd ref="11046153793"/>
    <nd ref="11046153794"/>
    <nd ref="11046153795"/>
    <nd ref="11046153796"/>
    <nd ref="11046153797"/>
    <nd ref="11046153798"/>
    <nd ref="11046153799"/>
    <nd ref="11046153800"/>
    <nd ref="11046153801"/>
    <nd ref="11046153802"/>
    <nd ref="11046153803"/>
    <nd ref="11046153804"/>
    <nd ref="11046159705"/>
    <nd ref="11046159706"/>
    <nd ref="11046159707"/>
    <nd ref="11046159708"/>
    <nd ref="11046159709"/>
    <nd ref="11046159710"/>
    <nd ref="11046159711"/>
    <nd ref="11046159712"/>
    <nd ref="11046159713"/>
    <nd ref="11046159714"/>
    <nd ref="11046159715"/>
    <nd ref="11046159716"/>
    <nd ref="11046159717"/>
    <nd ref="11046159718"/>
    <nd ref="11046159719"/>
    <nd ref="11046159720"/>
    <nd ref="11046159721"/>
    <nd ref="11046159722"/>
    <nd ref="11046159723"/>
    <nd ref="11046159725"/>
    <nd ref="11046159726"/>
    <nd ref="11046159727"/>
    <nd ref="11046159728"/>
    <nd ref="11046159729"/>
    <nd ref="11046159730"/>
    <nd ref="11046159731"/>
    <nd ref="11046159732"/>
    <nd ref="11046159733"/>
    <nd ref="11046159734"/>
    <nd ref="11046159735"/>
    <nd ref="11046159736"/>
    <nd ref="11046159737"/>
    <nd ref="11046159738"/>
    <nd ref="11046159739"/>
    <nd ref="11046159740"/>
    <nd ref="11046159741"/>
    <tag k="highway" v="service"/>
  </way>
  <way id="1188333291">
    <nd ref="11034609834"/>
    <nd ref="11034609835"/>
    <nd ref="11034609836"/>
    <nd ref="11034609837"/>
    <nd ref="11034609838"/>
    <nd ref="11034609839"/>
    <nd ref="11034609840"/>
    <nd ref="11034609841"/>
    <nd ref="11034609842"/>
    <nd ref="11034609843"/>
    <nd ref="11034609844"/>
    <nd ref="11034609845"/>
    <nd ref="11034609846"/>
    <nd ref="11034609847"/>
    <nd ref="11034609850"/>
    <nd ref="11034609855"/>
    <nd ref="11034609851"/>
    <nd ref="11034609852"/>
    <nd ref="11034609853"/>
    <nd ref="11034609854"/>
    <nd ref="11034609848"/>
    <nd ref="11034609849"/>
    <nd ref="11034609833"/>
    <nd ref="11034609832"/>
    <nd ref="11034609831"/>
    <nd ref="11034609830"/>
    <nd ref="11034609856"/>
    <tag k="highway" v="track"/>
    <tag k="tracktype" v="grade3"/>
  </way>
  <way id="1188341169">
    <nd ref="11034660986"/>
    <nd ref="11034660987"/>
    <nd ref="11034660988"/>
    <nd ref="11034660989"/>
    <nd ref="11034660990"/>
    <nd ref="11034660991"/>
    <nd ref="11034660992"/>
    <nd ref="11034660993"/>
    <nd ref="11034660994"/>
    <nd ref="11034660995"/>
    <nd ref="11034660996"/>
    <nd ref="11034660997"/>
    <nd ref="11034660998"/>
    <nd ref="11034660999"/>
    <nd ref="11034661000"/>
    <nd ref="11034661001"/>
    <nd ref="11034661002"/>
    <nd ref="11034661003"/>
    <nd ref="11034661004"/>
    <nd ref="11034661005"/>
    <nd ref="11034661006"/>
    <nd ref="11034661007"/>
    <nd ref="11034661008"/>
    <nd ref="11034660981"/>
    <nd ref="11034661123"/>
    <nd ref="11034660961"/>
    <nd ref="11034661009"/>
    <nd ref="11034661010"/>
    <nd ref="11034661011"/>
    <nd ref="11034661012"/>
    <nd ref="11034661013"/>
    <nd ref="11034661014"/>
    <nd ref="11034661015"/>
    <nd ref="11034661016"/>
    <nd ref="11034661017"/>
    <nd ref="11034661018"/>
    <nd ref="11034661019"/>
    <nd ref="11034661020"/>
    <nd ref="11034661021"/>
    <nd ref="11034661022"/>
    <nd ref="11034661023"/>
    <nd ref="11034661024"/>
    <nd ref="11034661025"/>
    <nd ref="11034661026"/>
    <nd ref="11034661027"/>
    <nd ref="11034661028"/>
    <nd ref="11034660958"/>
    <nd ref="4312156045"/>
    <tag k="highway" v="track"/>
    <tag k="surface" v="unpaved"/>
    <tag k="tracktype" v="grade4"/>
  </way>
  <way id="1188341171">
    <nd ref="11017108390"/>
    <nd ref="11034661071"/>
    <nd ref="11034661072"/>
    <nd ref="11034661073"/>
    <nd ref="11034661074"/>
    <nd ref="11034661075"/>
    <nd ref="11034661076"/>
    <nd ref="11034661077"/>
    <nd ref="11034661078"/>
    <nd ref="11034661079"/>
    <nd ref="11034661080"/>
    <nd ref="11034661081"/>
    <nd ref="11034661082"/>
    <nd ref="11034661083"/>
    <nd ref="11034661084"/>
    <nd ref="11034661085"/>
    <nd ref="11034661086"/>
    <nd ref="11034661087"/>
    <nd ref="11034661088"/>
    <nd ref="11034661109"/>
    <nd ref="11034661089"/>
    <tag k="highway" v="track"/>
    <tag k="surface" v="unpaved"/>
    <tag k="tracktype" v="grade4"/>
  </way>
  <way id="1188341172">
    <nd ref="11034660981"/>
    <nd ref="11034661124"/>
    <nd ref="11034661125"/>
    <nd ref="11034661126"/>
    <nd ref="11034661127"/>
    <nd ref="11034660980"/>
    <nd ref="11034661122"/>
    <nd ref="11034661121"/>
    <nd ref="11034661120"/>
    <nd ref="11034661119"/>
    <nd ref="11034661118"/>
    <nd ref="11034661117"/>
    <nd ref="11034661116"/>
    <nd ref="11034661115"/>
    <nd ref="11034661114"/>
    <nd ref="11034661113"/>
    <nd ref="11034661112"/>
    <nd ref="11034661108"/>
    <nd ref="11034661089"/>
    <nd ref="11034661111"/>
    <nd ref="11034661110"/>
    <nd ref="11034661090"/>
    <nd ref="11034661091"/>
    <nd ref="11034661092"/>
    <nd ref="11034661093"/>
    <nd ref="11034661094"/>
    <nd ref="11034661095"/>
    <nd ref="11034661096"/>
    <nd ref="11034660977"/>
    <nd ref="11034661100"/>
    <nd ref="11034661101"/>
    <nd ref="11034661102"/>
    <nd ref="11034661103"/>
    <nd ref="11034661104"/>
    <nd ref="11034661105"/>
    <nd ref="11034661106"/>
    <nd ref="11034661107"/>
    <tag k="highway" v="track"/>
    <tag k="surface" v="ground"/>
    <tag k="tracktype" v="grade5"/>
  </way>
  <way id="1188341190">
    <nd ref="11017108329"/>
    <nd ref="11034661317"/>
    <nd ref="11034661318"/>
    <nd ref="11034661319"/>
    <nd ref="11034661320"/>
    <nd ref="11034661321"/>
    <nd ref="11034661322"/>
    <nd ref="11034661323"/>
    <nd ref="11034661324"/>
    <nd ref="11034661325"/>
    <nd ref="11034661326"/>
    <nd ref="11034661327"/>
    <nd ref="11034661328"/>
    <nd ref="11034661329"/>
    <nd ref="11034661330"/>
    <nd ref="11034661331"/>
    <nd ref="11034661332"/>
    <nd ref="11034661333"/>
    <nd ref="11034661334"/>
    <nd ref="11034661335"/>
    <nd ref="11034661336"/>
    <tag k="highway" v="track"/>
    <tag k="surface" v="unpaved"/>
    <tag k="tracktype" v="grade4"/>
  </way>
  <way id="1188345645">
    <nd ref="11034692034"/>
    <nd ref="11034692020"/>
    <nd ref="11034692021"/>
    <nd ref="11034692022"/>
    <nd ref="11034692023"/>
    <nd ref="11034692024"/>
    <nd ref="11034692025"/>
    <nd ref="11034692026"/>
    <nd ref="11034692027"/>
    <nd ref="11034692028"/>
    <nd ref="11034692029"/>
    <nd ref="11034692030"/>
    <nd ref="11034692019"/>
    <nd ref="11034692031"/>
    <nd ref="11034692032"/>
    <nd ref="11034692033"/>
    <tag k="highway" v="track"/>
    <tag k="surface" v="unpaved"/>
    <tag k="tracktype" v="grade4"/>
  </way>
  <way id="1188376903">
    <nd ref="12989716354"/>
    <nd ref="11034957669"/>
    <nd ref="11034957670"/>
    <nd ref="4394329876"/>
    <nd ref="4394329877"/>
    <nd ref="12989716356"/>
    <nd ref="12989716357"/>
    <nd ref="4394329878"/>
    <tag k="highway" v="track"/>
    <tag k="surface" v="unpaved"/>
    <tag k="tracktype" v="grade4"/>
  </way>
  <way id="1188380279">
    <nd ref="4334984416"/>
    <nd ref="11035007370"/>
    <nd ref="11035007371"/>
    <nd ref="11035007372"/>
    <nd ref="11035007373"/>
    <nd ref="11035007374"/>
    <nd ref="11035007375"/>
    <nd ref="11035007376"/>
    <nd ref="11035007377"/>
    <nd ref="11035007378"/>
    <nd ref="11035007379"/>
    <nd ref="11035007380"/>
    <nd ref="11035007381"/>
    <nd ref="11035007382"/>
    <nd ref="11035007383"/>
    <nd ref="11035007384"/>
    <nd ref="11035007385"/>
    <nd ref="11035007386"/>
    <nd ref="11035007387"/>
    <nd ref="11035007388"/>
    <nd ref="11035007389"/>
    <nd ref="11035007390"/>
    <nd ref="11035007391"/>
    <nd ref="11035007392"/>
    <nd ref="11035007393"/>
    <nd ref="11035007394"/>
    <nd ref="11035007395"/>
    <nd ref="11035007396"/>
    <nd ref="11035007397"/>
    <nd ref="11035007398"/>
    <nd ref="11035007399"/>
    <nd ref="11035007400"/>
    <nd ref="11035007401"/>
    <nd ref="11035007402"/>
    <nd ref="11035007403"/>
    <nd ref="11035007404"/>
    <nd ref="11035007405"/>
    <nd ref="11035007406"/>
    <nd ref="11035007407"/>
    <nd ref="11035007408"/>
    <nd ref="11035007409"/>
    <nd ref="11035007410"/>
    <nd ref="11035007411"/>
    <nd ref="11035007412"/>
    <nd ref="11035007413"/>
    <nd ref="11035007414"/>
    <nd ref="11035007450"/>
    <nd ref="11035007451"/>
    <nd ref="11036158643"/>
    <nd ref="11035007452"/>
    <nd ref="11035007453"/>
    <nd ref="11035007454"/>
    <nd ref="11035007455"/>
    <nd ref="11035007456"/>
    <tag k="highway" v="track"/>
    <tag k="surface" v="unpaved"/>
    <tag k="tracktype" v="grade4"/>
  </way>
  <way id="1188380280">
    <nd ref="11035007407"/>
    <nd ref="11035007415"/>
    <nd ref="11035007416"/>
    <nd ref="11035007417"/>
    <nd ref="11035007418"/>
    <nd ref="11035007419"/>
    <nd ref="11035007420"/>
    <nd ref="12162467696"/>
    <nd ref="11035007422"/>
    <nd ref="11035007423"/>
    <nd ref="11035007424"/>
    <nd ref="11035007425"/>
    <nd ref="11035007426"/>
    <nd ref="11035007427"/>
    <nd ref="11035007428"/>
    <nd ref="11035007429"/>
    <nd ref="11035007430"/>
    <nd ref="11035007431"/>
    <nd ref="11035007432"/>
    <nd ref="11036158635"/>
    <nd ref="11035007433"/>
    <nd ref="11035007434"/>
    <nd ref="11035007435"/>
    <nd ref="11035007436"/>
    <nd ref="11035007437"/>
    <nd ref="11035007438"/>
    <nd ref="11035007439"/>
    <nd ref="11035007440"/>
    <nd ref="11035007441"/>
    <nd ref="11035007442"/>
    <tag k="highway" v="track"/>
    <tag k="tracktype" v="grade3"/>
  </way>
  <way id="1188380281">
    <nd ref="11035007467"/>
    <nd ref="11035007470"/>
    <nd ref="11035007471"/>
    <nd ref="11035007472"/>
    <nd ref="11035835396"/>
    <nd ref="11035007473"/>
    <tag k="highway" v="track"/>
    <tag k="surface" v="ground"/>
    <tag k="tracktype" v="grade5"/>
  </way>
  <way id="1188380282">
    <nd ref="11035007508"/>
    <nd ref="11035007509"/>
    <nd ref="11035007510"/>
    <nd ref="11035007511"/>
    <nd ref="11035007512"/>
    <nd ref="11035007513"/>
    <nd ref="11035007514"/>
    <nd ref="11035007515"/>
    <nd ref="11035007516"/>
    <nd ref="11035007517"/>
    <nd ref="11035007518"/>
    <nd ref="11035007519"/>
    <nd ref="11035007520"/>
    <nd ref="11035007521"/>
    <nd ref="11035007522"/>
    <nd ref="11035007523"/>
    <nd ref="11035007524"/>
    <nd ref="11035007525"/>
    <nd ref="11035007526"/>
    <nd ref="11035007527"/>
    <nd ref="11035007528"/>
    <nd ref="11035007529"/>
    <nd ref="11035007530"/>
    <nd ref="11035007531"/>
    <nd ref="11035007532"/>
    <nd ref="11035007533"/>
    <tag k="highway" v="track"/>
    <tag k="surface" v="unpaved"/>
    <tag k="tracktype" v="grade4"/>
  </way>
  <way id="1188380283">
    <nd ref="11035007529"/>
    <nd ref="11035007534"/>
    <nd ref="11035007535"/>
    <nd ref="11035007536"/>
    <nd ref="11035007537"/>
    <nd ref="11035007538"/>
    <nd ref="11035007539"/>
    <nd ref="11035007540"/>
    <nd ref="12162467138"/>
    <nd ref="12162467823"/>
    <nd ref="12162467710"/>
    <nd ref="12162467759"/>
    <nd ref="12162467167"/>
    <nd ref="12162467672"/>
    <nd ref="12162467188"/>
    <nd ref="12162467129"/>
    <nd ref="12162467615"/>
    <nd ref="12162467237"/>
    <nd ref="12162467106"/>
    <nd ref="12162467236"/>
    <nd ref="12162467633"/>
    <tag k="highway" v="track"/>
    <tag k="surface" v="ground"/>
    <tag k="tracktype" v="grade5"/>
  </way>
  <way id="1188474050">
    <nd ref="11035007462"/>
    <nd ref="11035835300"/>
    <nd ref="11035835301"/>
    <nd ref="11035835302"/>
    <nd ref="11035835303"/>
    <nd ref="11035835304"/>
    <nd ref="11035835305"/>
    <nd ref="11035835306"/>
    <nd ref="11035835307"/>
    <nd ref="11035835308"/>
    <nd ref="11035835309"/>
    <nd ref="11035835310"/>
    <nd ref="11035835311"/>
    <nd ref="11035835312"/>
    <nd ref="11035835313"/>
    <nd ref="11035835314"/>
    <nd ref="11035835315"/>
    <nd ref="11035835316"/>
    <nd ref="11035835317"/>
    <nd ref="11035835318"/>
    <nd ref="11035835319"/>
    <nd ref="11035835320"/>
    <nd ref="11035835321"/>
    <nd ref="11035835299"/>
    <nd ref="11035835298"/>
    <nd ref="11035835297"/>
    <nd ref="11035835296"/>
    <nd ref="11035835295"/>
    <nd ref="11035835294"/>
    <nd ref="11035835293"/>
    <nd ref="11035835292"/>
    <nd ref="11035835291"/>
    <nd ref="11035835322"/>
    <nd ref="11035835323"/>
    <nd ref="11035835324"/>
    <nd ref="11035835325"/>
    <nd ref="11035835326"/>
    <nd ref="11035835327"/>
    <nd ref="11035835328"/>
    <nd ref="11035835329"/>
    <nd ref="11035835330"/>
    <nd ref="11035835331"/>
    <nd ref="11035835332"/>
    <nd ref="11035835333"/>
    <tag k="highway" v="track"/>
    <tag k="surface" v="unpaved"/>
    <tag k="tracktype" v="grade4"/>
  </way>
  <way id="1188474051">
    <nd ref="11035835333"/>
    <nd ref="11035835334"/>
    <nd ref="11035835335"/>
    <nd ref="11035835336"/>
    <nd ref="11035835337"/>
    <nd ref="11035835338"/>
    <nd ref="11035835339"/>
    <nd ref="11035835340"/>
    <nd ref="11035835271"/>
    <nd ref="11035835341"/>
    <nd ref="11035835287"/>
    <nd ref="11035835342"/>
    <tag k="highway" v="track"/>
    <tag k="surface" v="ground"/>
    <tag k="tracktype" v="grade5"/>
  </way>
  <way id="1188500536">
    <nd ref="11035007442"/>
    <nd ref="11035007443"/>
    <nd ref="11035007444"/>
    <nd ref="11035007445"/>
    <nd ref="11035007446"/>
    <nd ref="11035007447"/>
    <nd ref="11035007448"/>
    <nd ref="11035007449"/>
    <tag k="highway" v="track"/>
    <tag k="surface" v="unpaved"/>
    <tag k="tracktype" v="grade4"/>
  </way>
  <way id="1188500537">
    <nd ref="11035007442"/>
    <nd ref="11036078585"/>
    <nd ref="11036078586"/>
    <nd ref="11036078587"/>
    <nd ref="11036078588"/>
    <nd ref="11036078589"/>
    <nd ref="11036078590"/>
    <nd ref="11036078591"/>
    <nd ref="11036078592"/>
    <nd ref="11036078593"/>
    <nd ref="11036078594"/>
    <nd ref="11036078595"/>
    <nd ref="11036078596"/>
    <nd ref="11036078597"/>
    <nd ref="11036078598"/>
    <nd ref="11036078599"/>
    <nd ref="11036078600"/>
    <nd ref="11036078601"/>
    <nd ref="11036078602"/>
    <nd ref="11036078603"/>
    <nd ref="11036078604"/>
    <nd ref="11036078605"/>
    <nd ref="11036078606"/>
    <nd ref="11036078607"/>
    <nd ref="11036078608"/>
    <nd ref="11036078609"/>
    <nd ref="11036078632"/>
    <nd ref="11036078633"/>
    <nd ref="11036078634"/>
    <nd ref="11036078635"/>
    <nd ref="11036078636"/>
    <nd ref="11036078637"/>
    <nd ref="11036078638"/>
    <nd ref="11036078650"/>
    <nd ref="11036078639"/>
    <nd ref="11036078640"/>
    <nd ref="11036078641"/>
    <nd ref="11036078642"/>
    <nd ref="11036078643"/>
    <nd ref="11036078644"/>
    <nd ref="11036078645"/>
    <nd ref="11036078646"/>
    <nd ref="11036078647"/>
    <nd ref="11036078648"/>
    <nd ref="11036078649"/>
    <tag k="highway" v="track"/>
    <tag k="surface" v="unpaved"/>
    <tag k="tracktype" v="grade4"/>
  </way>
  <way id="1188500540">
    <nd ref="11036078650"/>
    <nd ref="11036078651"/>
    <nd ref="11036078652"/>
    <nd ref="11036078653"/>
    <nd ref="11036078654"/>
    <tag k="highway" v="track"/>
    <tag k="surface" v="unpaved"/>
    <tag k="tracktype" v="grade4"/>
  </way>
  <way id="1188524000">
    <nd ref="4334984388"/>
    <nd ref="11036271222"/>
    <nd ref="11036271225"/>
    <nd ref="11036271223"/>
    <nd ref="11036271226"/>
    <nd ref="11036271227"/>
    <nd ref="11036271157"/>
    <nd ref="11036271154"/>
    <nd ref="11036271153"/>
    <nd ref="11036271152"/>
    <nd ref="11036271151"/>
    <nd ref="11036271150"/>
    <nd ref="11036271147"/>
    <nd ref="11036271148"/>
    <nd ref="11036271149"/>
    <nd ref="11036271143"/>
    <nd ref="11036271144"/>
    <nd ref="11036271145"/>
    <nd ref="12162441447"/>
    <nd ref="12162467680"/>
    <nd ref="12162467777"/>
    <nd ref="12162467856"/>
    <nd ref="12162467193"/>
    <nd ref="12162467065"/>
    <nd ref="12162467067"/>
    <nd ref="12162467049"/>
    <nd ref="12162467088"/>
    <nd ref="12162467614"/>
    <nd ref="12162467239"/>
    <nd ref="12162441439"/>
    <nd ref="12162467099"/>
    <nd ref="12162467688"/>
    <nd ref="12162441476"/>
    <nd ref="12162467825"/>
    <nd ref="12162467806"/>
    <nd ref="12162467844"/>
    <nd ref="12162441494"/>
    <nd ref="12162467717"/>
    <nd ref="12162467668"/>
    <nd ref="12162467854"/>
    <nd ref="12162467203"/>
    <nd ref="12162441443"/>
    <nd ref="12162467604"/>
    <nd ref="12162467238"/>
    <nd ref="12162467622"/>
    <nd ref="12162467180"/>
    <nd ref="12162467163"/>
    <nd ref="12162467853"/>
    <nd ref="12162467617"/>
    <nd ref="12162467642"/>
    <nd ref="12162467841"/>
    <nd ref="12162467833"/>
    <nd ref="12162467174"/>
    <nd ref="12162467827"/>
    <nd ref="12162467192"/>
    <nd ref="12162467655"/>
    <nd ref="12162467791"/>
    <nd ref="12162467691"/>
    <nd ref="12162467081"/>
    <nd ref="12162467781"/>
    <nd ref="12162441465"/>
    <nd ref="12162467117"/>
    <nd ref="12162467199"/>
    <nd ref="12162467185"/>
    <nd ref="12162467752"/>
    <nd ref="12162467228"/>
    <nd ref="12162467847"/>
    <nd ref="12162467704"/>
    <nd ref="12162467224"/>
    <nd ref="12162467653"/>
    <nd ref="12162441475"/>
    <nd ref="12162467628"/>
    <nd ref="12162467769"/>
    <nd ref="12162467734"/>
    <nd ref="12162467732"/>
    <nd ref="12162467150"/>
    <nd ref="12162467186"/>
    <nd ref="12162467828"/>
    <nd ref="12162441440"/>
    <nd ref="12162467626"/>
    <nd ref="12162441496"/>
    <nd ref="12162467849"/>
    <nd ref="12162467780"/>
    <nd ref="12162467762"/>
    <nd ref="12162467650"/>
    <nd ref="12162467814"/>
    <nd ref="12162467693"/>
    <nd ref="12162467109"/>
    <nd ref="12162467601"/>
    <nd ref="12162467793"/>
    <nd ref="12162467055"/>
    <nd ref="12162441450"/>
    <nd ref="12162467727"/>
    <nd ref="12162467657"/>
    <nd ref="12162467625"/>
    <nd ref="12162467690"/>
    <nd ref="12162467166"/>
    <nd ref="12162467052"/>
    <nd ref="12162467733"/>
    <nd ref="12162467119"/>
    <nd ref="12162467810"/>
    <nd ref="12162467101"/>
    <nd ref="12162467721"/>
    <nd ref="11035007424"/>
    <tag k="highway" v="track"/>
    <tag k="surface" v="ground"/>
    <tag k="tracktype" v="grade5"/>
  </way>
  <way id="1189603403">
    <nd ref="12162441459"/>
    <nd ref="12162467066"/>
    <nd ref="12162467649"/>
    <nd ref="12162467121"/>
    <nd ref="12162467092"/>
    <nd ref="12162467135"/>
    <nd ref="12162467140"/>
    <nd ref="12162467063"/>
    <nd ref="12162467838"/>
    <nd ref="12162467859"/>
    <nd ref="12162467608"/>
    <nd ref="12162441463"/>
    <nd ref="12162467716"/>
    <nd ref="12162467815"/>
    <nd ref="12162467159"/>
    <nd ref="12162467700"/>
    <nd ref="12162467708"/>
    <nd ref="12162467660"/>
    <nd ref="12162467757"/>
    <nd ref="12162467097"/>
    <nd ref="12162467229"/>
    <nd ref="12162467157"/>
    <nd ref="12162467851"/>
    <nd ref="12162467162"/>
    <nd ref="12162467113"/>
    <nd ref="12162467629"/>
    <nd ref="12162467737"/>
    <nd ref="11046159741"/>
    <nd ref="11046159742"/>
    <nd ref="11046159743"/>
    <nd ref="11046159744"/>
    <nd ref="11046159745"/>
    <nd ref="11046159746"/>
    <nd ref="11046159747"/>
    <nd ref="11046159748"/>
    <nd ref="11046159749"/>
    <nd ref="11046159750"/>
    <nd ref="11046159751"/>
    <nd ref="11046159752"/>
    <nd ref="11046159753"/>
    <nd ref="11046159754"/>
    <nd ref="11046159755"/>
    <nd ref="11046159756"/>
    <nd ref="11046159757"/>
    <nd ref="11046159758"/>
    <nd ref="11046159759"/>
    <nd ref="11046159760"/>
    <nd ref="11046159761"/>
    <nd ref="11046159762"/>
    <nd ref="11046159763"/>
    <nd ref="11046159764"/>
    <nd ref="11046159765"/>
    <nd ref="11046159766"/>
    <nd ref="11046159767"/>
    <nd ref="11046159768"/>
    <tag k="highway" v="track"/>
  </way>
  <way id="1413488129">
    <nd ref="12989716355"/>
    <nd ref="4394329872"/>
    <nd ref="12989716354"/>
    <nd ref="4394329873"/>
    <nd ref="4394329874"/>
    <nd ref="4394329875"/>
    <tag k="highway" v="track"/>
    <tag k="tracktype" v="grade3"/>
  </way>
  <way id="1413488136">
    <nd ref="12989732358"/>
    <nd ref="4394331179"/>
    <nd ref="12989732328"/>
    <nd ref="4394331180"/>
    <nd ref="4394331181"/>
    <nd ref="14017205372"/>
    <nd ref="14017205373"/>
    <nd ref="12989732330"/>
    <nd ref="12989732331"/>
    <nd ref="12989732364"/>
    <nd ref="12989732332"/>
    <nd ref="12989732333"/>
    <nd ref="12989732334"/>
    <nd ref="12989732335"/>
    <nd ref="12989732336"/>
    <nd ref="12989732337"/>
    <nd ref="12989732338"/>
    <nd ref="12989732339"/>
    <nd ref="12989732340"/>
    <nd ref="12989732341"/>
    <nd ref="12989732359"/>
    <nd ref="12989732342"/>
    <nd ref="14017205375"/>
    <nd ref="14017205381"/>
    <nd ref="14017205376"/>
    <nd ref="14017205377"/>
    <nd ref="14017205378"/>
    <nd ref="14017205379"/>
    <nd ref="14017205380"/>
    <tag k="highway" v="track"/>
  </way>
  <way id="1426189311">
    <nd ref="4334984378"/>
    <nd ref="13110196349"/>
    <nd ref="13110196346"/>
    <nd ref="13110196347"/>
    <nd ref="13110196348"/>
    <tag k="highway" v="track"/>
  </way>
  <way id="1426189312">
    <nd ref="13110196349"/>
    <nd ref="13110196350"/>
    <tag k="highway" v="track"/>
  </way>
  <way id="1460969953">
    <nd ref="4394331114"/>
    <nd ref="11034957685"/>
    <nd ref="4394331115"/>
    <nd ref="4394331116"/>
    <nd ref="4394331117"/>
    <nd ref="4394331118"/>
    <nd ref="12989716377"/>
    <nd ref="12989716376"/>
    <nd ref="12989716380"/>
    <nd ref="12989716379"/>
    <nd ref="14017205383"/>
    <nd ref="4394331119"/>
    <nd ref="4394331120"/>
    <tag k="highway" v="track"/>
    <tag k="surface" v="ground"/>
    <tag k="tracktype" v="grade3"/>
  </way>
  <way id="1507717568">
    <nd ref="8205580885"/>
    <nd ref="13786683693"/>
    <nd ref="13786668754"/>
    <nd ref="13786668755"/>
    <tag k="highway" v="service"/>
  </way>
  <way id="1507717595">
    <nd ref="8205580886"/>
    <nd ref="13786668765"/>
    <tag k="highway" v="service"/>
  </way>
  <way id="1509705866">
    <nd ref="13800639146"/>
    <nd ref="13800639147"/>
    <nd ref="13800639148"/>
    <nd ref="13800639152"/>
    <nd ref="13800639153"/>
    <nd ref="13800639158"/>
    <nd ref="13800639149"/>
    <nd ref="13800639157"/>
    <nd ref="13800639155"/>
    <nd ref="13800639154"/>
    <nd ref="13800639150"/>
    <nd ref="13800639156"/>
    <nd ref="13800639151"/>
    <nd ref="11017096819"/>
    <tag k="bridge" v="yes"/>
    <tag k="highway" v="tertiary"/>
    <tag k="layer" v="1"/>
    <tag k="name" v="樂水大橋"/>
    <tag k="oneway" v="no"/>
    <tag k="ref" v="宜51"/>
    <tag k="ref:en" v="IL51"/>
    <tag k="ref:zh" v="宜51"/>
  </way>
  <way id="1509705867">
    <nd ref="11017096839"/>
    <nd ref="2345990537"/>
    <nd ref="11017096838"/>
    <nd ref="2345990775"/>
    <nd ref="11017096837"/>
    <nd ref="3110882513"/>
    <nd ref="11017096836"/>
    <nd ref="2345990513"/>
    <nd ref="3110882512"/>
    <nd ref="11017096835"/>
    <tag k="highway" v="residential"/>
    <tag k="name" v="樂水路"/>
    <tag k="oneway" v="no"/>
    <tag k="ref" v="宜51"/>
    <tag k="ref:en" v="IL51"/>
    <tag k="ref:zh" v="宜51"/>
  </way>
  <way id="1509705868">
    <nd ref="2345967797"/>
    <nd ref="3110882508"/>
    <nd ref="11017096819"/>
    <tag k="highway" v="residential"/>
    <tag k="name" v="樂水路"/>
    <tag k="oneway" v="no"/>
    <tag k="ref" v="宜51"/>
    <tag k="ref:en" v="IL51"/>
    <tag k="ref:zh" v="宜51"/>
  </way>
  <way id="1509705869">
    <nd ref="11017096839"/>
    <nd ref="13800639146"/>
    <tag k="highway" v="tertiary"/>
    <tag k="name" v="樂水路"/>
    <tag k="oneway" v="no"/>
    <tag k="ref" v="宜51"/>
    <tag k="ref:en" v="IL51"/>
    <tag k="ref:zh" v="宜51"/>
  </way>
  <way id="1539404506">
    <nd ref="14017205377"/>
    <nd ref="14017205382"/>
    <nd ref="4394331146"/>
    <tag k="highway" v="track"/>
  </way>
  <way id="1539420091">
    <nd ref="12989732384"/>
    <nd ref="12989732383"/>
    <nd ref="12989732382"/>
    <nd ref="12989732385"/>
    <nd ref="12989732379"/>
    <nd ref="12989732365"/>
    <nd ref="12989732376"/>
    <tag k="highway" v="service"/>
    <tag k="service" v="alley"/>
  </way>
</osm>
