<?xml version="1.0" encoding="UTF-8"?>
<osm version="0.6" generator="region-download">
  <node id="2178261857" lat="24.6815374" lon="121.6179005"/>
  <node id="11004356666" lat="24.6813286" lon="121.6180137"/>
  <node id="721791772" lat="24.6812091" lon="121.6180593"/>
  <node id="11004356665" lat="24.6811600" lon="121.6180665"/>
  <node id="721791773" lat="24.6810889" lon="121.6180400"/>
  <node id="721791774" lat="24.6810271" lon="121.6179825"/>
  <node id="2178261894" lat="24.6809501" lon="121.6178834"/>
  <node id="2178261884" lat="24.6808223" lon="121.6177150"/>
  <node id="2584473051" lat="24.6806800" lon="121.6175299"/>
  <node id="721791775" lat="24.6804211" lon="121.6172204"/>
  <node id="2584473050" lat="24.6801048" lon="121.6168411"/>
  <node id="11004356659" lat="24.6799114" lon="121.6166460"/>
  <node id="11004356658" lat="24.6796799" lon="121.6164203"/>
  <node id="2584473049" lat="24.6795007" lon="121.6162524"/>
  <node id="721791776" lat="24.6793243" lon="121.6161275"/>
  <node id="2584473046" lat="24.6792544" lon="121.6160612"/>
  <node id="11004356657" lat="24.6792224" lon="121.6160028"/>
  <node id="11004356656" lat="24.6792028" lon="121.6159407"/>
  <node id="2584473044" lat="24.6791811" lon="121.6156990"/>
  <node id="2584473045" lat="24.6791863" lon="121.6152809"/>
  <node id="721791777" lat="24.6791538" lon="121.6151282"/>
  <node id="11004356655" lat="24.6790943" lon="121.6150502"/>
  <node id="721791778" lat="24.6789865" lon="121.6149544"/>
  <node id="721791780" lat="24.6786942" lon="121.6147217"/>
  <node id="11010259734" lat="24.6785137" lon="121.6145769"/>
  <node id="2584473041" lat="24.6783516" lon="121.6144758"/>
  <node id="5108903618" lat="24.6781900" lon="121.6143879"/>
  <node id="2584473038" lat="24.6778516" lon="121.6141842"/>
  <node id="5108903619" lat="24.6777084" lon="121.6140797"/>
  <node id="11010259728" lat="24.6776491" lon="121.6140540"/>
  <node id="721791781" lat="24.6775721" lon="121.6140323"/>
  <node id="2584473034" lat="24.6773445" lon="121.6139905"/>
  <node id="5108903620" lat="24.6772153" lon="121.6139510"/>
  <node id="2584473032" lat="24.6770919" lon="121.6138858"/>
  <node id="2584473030" lat="24.6769155" lon="121.6137313"/>
  <node id="721791782" lat="24.6767561" lon="121.6135446"/>
  <node id="12574063546" lat="24.6763570" lon="121.6129539"/>
  <node id="721791783" lat="24.6752279" lon="121.6112825"/>
  <node id="11009348291" lat="24.6751742" lon="121.6111301"/>
  <node id="2584473021" lat="24.6751368" lon="121.6109821"/>
  <node id="2584473020" lat="24.6751007" lon="121.6107928"/>
  <node id="11004356654" lat="24.6751039" lon="121.6107098"/>
  <node id="11009348292" lat="24.6751178" lon="121.6106603"/>
  <node id="721791786" lat="24.6751520" lon="121.6106096"/>
  <node id="2584473023" lat="24.6752172" lon="121.6105685"/>
  <node id="11004356653" lat="24.6752877" lon="121.6105181"/>
  <node id="11009348293" lat="24.6753262" lon="121.6104758"/>
  <node id="2584473024" lat="24.6753616" lon="121.6104055"/>
  <node id="721791787" lat="24.6754278" lon="121.6101910"/>
  <node id="300593539" lat="24.6754625" lon="121.6098528"/>
  <node id="987453071" lat="24.6712552" lon="121.6062736"/>
  <node id="2178261523" lat="24.6713756" lon="121.6060149"/>
  <node id="2178261460" lat="24.6714155" lon="121.6059005"/>
  <node id="2178261473" lat="24.6714504" lon="121.6057887"/>
  <node id="2178261480" lat="24.6714781" lon="121.6056794"/>
  <node id="987453072" lat="24.6714957" lon="121.6055889"/>
  <node id="11009348269" lat="24.6715065" lon="121.6054931"/>
  <node id="11009348270" lat="24.6715140" lon="121.6053788"/>
  <node id="11009348271" lat="24.6715110" lon="121.6052579"/>
  <node id="11009348272" lat="24.6715019" lon="121.6051519"/>
  <node id="11009348268" lat="24.6714877" lon="121.6050310"/>
  <node id="11005824609" lat="24.6659394" lon="121.6161524"/>
  <node id="2178261525" lat="24.6658737" lon="121.6162769"/>
  <node id="987453074" lat="24.6617214" lon="121.6214508"/>
  <node id="3707841696" lat="24.6617147" lon="121.6212716"/>
  <node id="7760318685" lat="24.6616895" lon="121.6205883"/>
  <node id="11840665245" lat="24.6632381" lon="121.6342795"/>
  <node id="10019940393" lat="24.6633635" lon="121.6349656"/>
  <node id="10019940402" lat="24.6633870" lon="121.6350943"/>
  <node id="3109149619" lat="24.6636321" lon="121.6364363"/>
  <node id="12630339086" lat="24.6637692" lon="121.6371963"/>
  <node id="12630339083" lat="24.6639832" lon="121.6383833"/>
  <node id="4431004672" lat="24.6640494" lon="121.6387505"/>
  <node id="3063277926" lat="24.6643492" lon="121.6403974"/>
  <node id="12630339073" lat="24.6644457" lon="121.6409422"/>
  <node id="12630339075" lat="24.6644939" lon="121.6412269"/>
  <node id="12630339076" lat="24.6645072" lon="121.6412893"/>
  <node id="12630339079" lat="24.6646002" lon="121.6418141"/>
  <node id="3109149624" lat="24.6646205" lon="121.6419286"/>
  <node id="7760307430" lat="24.6618701" lon="121.6230430"/>
  <node id="9553805577" lat="24.6619322" lon="121.6237084"/>
  <node id="9553805574" lat="24.6619489" lon="121.6238876"/>
  <node id="3707841712" lat="24.6620318" lon="121.6247751"/>
  <node id="3109149609" lat="24.6622467" lon="121.6271925"/>
  <node id="3109149610" lat="24.6622682" lon="121.6273642"/>
  <node id="8692699113" lat="24.6622722" lon="121.6274099"/>
  <node id="8692699047" lat="24.6623728" lon="121.6285568"/>
  <node id="3109149611" lat="24.6623755" lon="121.6285872"/>
  <node id="3109149612" lat="24.6624184" lon="121.6290379"/>
  <node id="3109149613" lat="24.6624361" lon="121.6292049"/>
  <node id="3109149614" lat="24.6625574" lon="121.6305052"/>
  <node id="3109149550" lat="24.6375254" lon="121.6137115"/>
  <node id="11006277204" lat="24.6377045" lon="121.6138748"/>
  <node id="11006277205" lat="24.6377730" lon="121.6139285"/>
  <node id="987453143" lat="24.6378414" lon="121.6139767"/>
  <node id="2946927195" lat="24.6379423" lon="121.6140160"/>
  <node id="987453145" lat="24.6330772" lon="121.6095459"/>
  <node id="4430930222" lat="24.6349556" lon="121.6112659"/>
  <node id="987453144" lat="24.6372062" lon="121.6133867"/>
  <node id="4430924427" lat="24.6402675" lon="121.5824120"/>
  <node id="987453188" lat="24.6402857" lon="121.5828514"/>
  <node id="987453187" lat="24.6402920" lon="121.5834172"/>
  <node id="3109149562" lat="24.6402818" lon="121.5835467"/>
  <node id="987453186" lat="24.6402444" lon="121.5837063"/>
  <node id="11030525795" lat="24.6401328" lon="121.5839288"/>
  <node id="3109149561" lat="24.6400145" lon="121.5841179"/>
  <node id="987453185" lat="24.6397854" lon="121.5845330"/>
  <node id="3109149557" lat="24.6397050" lon="121.5847242"/>
  <node id="987453184" lat="24.6396486" lon="121.5849587"/>
  <node id="11030525796" lat="24.6396113" lon="121.5853174"/>
  <node id="987453183" lat="24.6395926" lon="121.5856799"/>
  <node id="987453181" lat="24.6396114" lon="121.5858683"/>
  <node id="3109149556" lat="24.6396576" lon="121.5860471"/>
  <node id="987453180" lat="24.6397201" lon="121.5862113"/>
  <node id="3109149560" lat="24.6399335" lon="121.5865164"/>
  <node id="987453179" lat="24.6401984" lon="121.5868288"/>
  <node id="4430924428" lat="24.6406283" lon="121.5873825"/>
  <node id="11031498015" lat="24.6408526" lon="121.5876565"/>
  <node id="3109149565" lat="24.6411093" lon="121.5879289"/>
  <node id="11030525797" lat="24.6416562" lon="121.5884572"/>
  <node id="11030525798" lat="24.6418227" lon="121.5886143"/>
  <node id="3109149567" lat="24.6420009" lon="121.5888147"/>
  <node id="987453178" lat="24.6421858" lon="121.5890776"/>
  <node id="11030525799" lat="24.6425524" lon="121.5896943"/>
  <node id="2833193026" lat="24.6428919" lon="121.5901995"/>
  <node id="3109149571" lat="24.6432999" lon="121.5907014"/>
  <node id="987453177" lat="24.6435963" lon="121.5910313"/>
  <node id="3109149573" lat="24.6437329" lon="121.5912004"/>
  <node id="3109149574" lat="24.6437971" lon="121.5913138"/>
  <node id="994358084" lat="24.6438534" lon="121.5914840"/>
  <node id="3109149575" lat="24.6439866" lon="121.5919515"/>
  <node id="11030525800" lat="24.6440529" lon="121.5921100"/>
  <node id="3109149576" lat="24.6441430" lon="121.5922666"/>
  <node id="987453175" lat="24.6445451" lon="121.5927650"/>
  <node id="11030525801" lat="24.6446519" lon="121.5929208"/>
  <node id="11030525802" lat="24.6447374" lon="121.5930843"/>
  <node id="3109149577" lat="24.6447976" lon="121.5932534"/>
  <node id="994358083" lat="24.6448722" lon="121.5935371"/>
  <node id="4312163789" lat="24.6451093" lon="121.5946467"/>
  <node id="987453174" lat="24.6451358" lon="121.5948605"/>
  <node id="11030611007" lat="24.6451396" lon="121.5951020"/>
  <node id="987453171" lat="24.6451333" lon="121.5953436"/>
  <node id="3109149579" lat="24.6450555" lon="121.5961148"/>
  <node id="994358081" lat="24.6449366" lon="121.5973121"/>
  <node id="11028553329" lat="24.6449046" lon="121.5975267"/>
  <node id="3109149578" lat="24.6448687" lon="121.5977349"/>
  <node id="987453170" lat="24.6448258" lon="121.5978803"/>
  <node id="11028553328" lat="24.6447864" lon="121.5979775"/>
  <node id="987453169" lat="24.6447307" lon="121.5980837"/>
  <node id="11028553327" lat="24.6445717" lon="121.5983096"/>
  <node id="987453168" lat="24.6444188" lon="121.5985311"/>
  <node id="11028553326" lat="24.6442769" lon="121.5987200"/>
  <node id="11028553325" lat="24.6441327" lon="121.5988856"/>
  <node id="987453163" lat="24.6440333" lon="121.5989791"/>
  <node id="987453167" lat="24.6439225" lon="121.5990521"/>
  <node id="11028553324" lat="24.6438169" lon="121.5991076"/>
  <node id="987453166" lat="24.6436984" lon="121.5991567"/>
  <node id="987453165" lat="24.6435563" lon="121.5991974"/>
  <node id="987453164" lat="24.6420194" lon="121.5995783"/>
  <node id="11028553323" lat="24.6415029" lon="121.5996956"/>
  <node id="11028553322" lat="24.6408503" lon="121.5998353"/>
  <node id="987453162" lat="24.6396955" lon="121.6000699"/>
  <node id="11028553321" lat="24.6394552" lon="121.6001356"/>
  <node id="11028553320" lat="24.6392372" lon="121.6002103"/>
  <node id="987453161" lat="24.6388845" lon="121.6003618"/>
  <node id="11028553319" lat="24.6385950" lon="121.6004923"/>
  <node id="987453160" lat="24.6383745" lon="121.6006095"/>
  <node id="11028849426" lat="24.6382572" lon="121.6006698"/>
  <node id="11028553318" lat="24.6381329" lon="121.6007455"/>
  <node id="11028553317" lat="24.6380007" lon="121.6008344"/>
  <node id="11028553316" lat="24.6368481" lon="121.6016393"/>
  <node id="11028553315" lat="24.6363703" lon="121.6019296"/>
  <node id="987453158" lat="24.6361438" lon="121.6020878"/>
  <node id="987453157" lat="24.6360360" lon="121.6021888"/>
  <node id="987453156" lat="24.6359478" lon="121.6023142"/>
  <node id="987453155" lat="24.6358402" lon="121.6024888"/>
  <node id="3109149549" lat="24.6356579" lon="121.6028306"/>
  <node id="987453154" lat="24.6355071" lon="121.6031165"/>
  <node id="11028553336" lat="24.6354441" lon="121.6032246"/>
  <node id="987453153" lat="24.6353965" lon="121.6033065"/>
  <node id="987453152" lat="24.6353030" lon="121.6034546"/>
  <node id="987453151" lat="24.6349341" lon="121.6039752"/>
  <node id="11892582174" lat="24.6348588" lon="121.6040862"/>
  <node id="11028553314" lat="24.6344978" lon="121.6046184"/>
  <node id="3109149548" lat="24.6342378" lon="121.6049627"/>
  <node id="987453150" lat="24.6339591" lon="121.6052734"/>
  <node id="11028548697" lat="24.6335478" lon="121.6056893"/>
  <node id="11028548696" lat="24.6327386" lon="121.6064871"/>
  <node id="987453148" lat="24.6324381" lon="121.6067541"/>
  <node id="11892568955" lat="24.6323848" lon="121.6067961"/>
  <node id="11028548695" lat="24.6321816" lon="121.6069562"/>
  <node id="994358073" lat="24.6317924" lon="121.6072615"/>
  <node id="11028548694" lat="24.6316675" lon="121.6073608"/>
  <node id="3109149546" lat="24.6315622" lon="121.6074514"/>
  <node id="11028548693" lat="24.6314847" lon="121.6075539"/>
  <node id="987453147" lat="24.6314442" lon="121.6076521"/>
  <node id="987453146" lat="24.6314200" lon="121.6077819"/>
  <node id="3109149542" lat="24.6314209" lon="121.6078623"/>
  <node id="3109149543" lat="24.6314375" lon="121.6079418"/>
  <node id="3109149544" lat="24.6314677" lon="121.6080373"/>
  <node id="11028548692" lat="24.6315375" lon="121.6081543"/>
  <node id="3109149545" lat="24.6316248" lon="121.6082670"/>
  <node id="3109149547" lat="24.6321355" lon="121.6087510"/>
  <node id="6795850204" lat="24.6736407" lon="121.6000468"/>
  <node id="6795850212" lat="24.6735632" lon="121.6000962"/>
  <node id="2178261457" lat="24.6734725" lon="121.6002225"/>
  <node id="11015047401" lat="24.6729074" lon="121.6011098"/>
  <node id="2178261468" lat="24.6726133" lon="121.6014753"/>
  <node id="11015047399" lat="24.6723247" lon="121.6017609"/>
  <node id="11015047400" lat="24.6722482" lon="121.6018621"/>
  <node id="987501794" lat="24.6721664" lon="121.6020564"/>
  <node id="2178261429" lat="24.6720613" lon="121.6027118"/>
  <node id="987501796" lat="24.6720414" lon="121.6034384"/>
  <node id="987501799" lat="24.6716525" lon="121.6043063"/>
  <node id="987501801" lat="24.6714571" lon="121.6046101"/>
  <node id="11009348273" lat="24.6714333" lon="121.6046751"/>
  <node id="11009348274" lat="24.6714295" lon="121.6047280"/>
  <node id="2178262300" lat="24.6714341" lon="121.6047921"/>
  <node id="988504672" lat="24.6789354" lon="121.6348672"/>
  <node id="11005207818" lat="24.6798240" lon="121.6354643"/>
  <node id="988504674" lat="24.6810275" lon="121.6363566"/>
  <node id="11004975339" lat="24.6819676" lon="121.6371247"/>
  <node id="4430939443" lat="24.6824786" lon="121.6375604"/>
  <node id="11004975340" lat="24.6829651" lon="121.6380223"/>
  <node id="988504676" lat="24.6839719" lon="121.6389937"/>
  <node id="11004975358" lat="24.6842907" lon="121.6393261"/>
  <node id="11002533051" lat="24.6846094" lon="121.6396940"/>
  <node id="4430939459" lat="24.6848787" lon="121.6400630"/>
  <node id="11002533045" lat="24.6851991" lon="121.6405220"/>
  <node id="11002508299" lat="24.6856102" lon="121.6410936"/>
  <node id="988504678" lat="24.6863893" lon="121.6422420"/>
  <node id="11002508298" lat="24.6869797" lon="121.6431822"/>
  <node id="3707842730" lat="24.6873278" lon="121.6437904"/>
  <node id="988504611" lat="24.6918167" lon="121.6523610"/>
  <node id="2178261505" lat="24.6439729" lon="121.5643521"/>
  <node id="2178261518" lat="24.6439973" lon="121.5644167"/>
  <node id="11016900462" lat="24.6440097" lon="121.5644737"/>
  <node id="11016900463" lat="24.6440145" lon="121.5645109"/>
  <node id="11016900461" lat="24.6440405" lon="121.5645782"/>
  <node id="11009348263" lat="24.6719687" lon="121.6058408"/>
  <node id="11009348265" lat="24.6718949" lon="121.6058592"/>
  <node id="11009348264" lat="24.6717887" lon="121.6058945"/>
  <node id="8418291679" lat="24.6717072" lon="121.6059297"/>
  <node id="6551857038" lat="24.6715673" lon="121.6060053"/>
  <node id="987453069" lat="24.6714694" lon="121.6060707"/>
  <node id="3104018253" lat="24.6534129" lon="121.5799672"/>
  <node id="11016894897" lat="24.6539675" lon="121.5800590"/>
  <node id="3104018246" lat="24.6440312" lon="121.5645915"/>
  <node id="11016900459" lat="24.6436548" lon="121.5651532"/>
  <node id="13417419526" lat="24.6433472" lon="121.5656473"/>
  <node id="3104018245" lat="24.6431331" lon="121.5659913"/>
  <node id="11016900458" lat="24.6421182" lon="121.5676830"/>
  <node id="3104018244" lat="24.6419441" lon="121.5679690"/>
  <node id="3104018243" lat="24.6418011" lon="121.5682781"/>
  <node id="3104018242" lat="24.6416998" lon="121.5685069"/>
  <node id="11016900457" lat="24.6415653" lon="121.5688769"/>
  <node id="987453202" lat="24.6414539" lon="121.5692218"/>
  <node id="11019848381" lat="24.6559139" lon="121.5812590"/>
  <node id="8418291701" lat="24.6559039" lon="121.5813417"/>
  <node id="2178262237" lat="24.6558770" lon="121.5814907"/>
  <node id="300593478" lat="24.6556649" lon="121.5824238"/>
  <node id="8418291697" lat="24.6556139" lon="121.5826115"/>
  <node id="4430888868" lat="24.6555611" lon="121.5827426"/>
  <node id="8418291696" lat="24.6554287" lon="121.5829951"/>
  <node id="2584473005" lat="24.6553617" lon="121.5831413"/>
  <node id="8418291695" lat="24.6553031" lon="121.5832888"/>
  <node id="300593479" lat="24.6552591" lon="121.5834095"/>
  <node id="2584473004" lat="24.6552499" lon="121.5834913"/>
  <node id="8418291694" lat="24.6552531" lon="121.5835784"/>
  <node id="2178262239" lat="24.6552786" lon="121.5836656"/>
  <node id="8418291693" lat="24.6553117" lon="121.5837273"/>
  <node id="300593480" lat="24.6553564" lon="121.5837770"/>
  <node id="4430888869" lat="24.6556891" lon="121.5840569"/>
  <node id="4430888870" lat="24.6558025" lon="121.5841949"/>
  <node id="300593488" lat="24.6570747" lon="121.5861191"/>
  <node id="2178262243" lat="24.6572398" lon="121.5863341"/>
  <node id="8932944080" lat="24.6573751" lon="121.5864669"/>
  <node id="2584473009" lat="24.6574759" lon="121.5865278"/>
  <node id="8932944081" lat="24.6575557" lon="121.5865551"/>
  <node id="300593489" lat="24.6576798" lon="121.5865874"/>
  <node id="8932944082" lat="24.6578133" lon="121.5866090"/>
  <node id="8932944083" lat="24.6580069" lon="121.5866361"/>
  <node id="2178262247" lat="24.6581182" lon="121.5866619"/>
  <node id="2178262259" lat="24.6582309" lon="121.5866997"/>
  <node id="2178262245" lat="24.6583125" lon="121.5867377"/>
  <node id="8418291665" lat="24.6584033" lon="121.5867975"/>
  <node id="300593490" lat="24.6584851" lon="121.5868680"/>
  <node id="2178262249" lat="24.6586594" lon="121.5870315"/>
  <node id="8418291666" lat="24.6588146" lon="121.5871458"/>
  <node id="2178262260" lat="24.6589824" lon="121.5872474"/>
  <node id="300593491" lat="24.6595515" lon="121.5875210"/>
  <node id="2178262261" lat="24.6596441" lon="121.5875599"/>
  <node id="8418291667" lat="24.6597725" lon="121.5875910"/>
  <node id="2178262262" lat="24.6598586" lon="121.5875961"/>
  <node id="300593495" lat="24.6599537" lon="121.5875894"/>
  <node id="2178262269" lat="24.6607233" lon="121.5874666"/>
  <node id="8932944088" lat="24.6608268" lon="121.5874555"/>
  <node id="8418291668" lat="24.6609217" lon="121.5874540"/>
  <node id="300593496" lat="24.6610088" lon="121.5874670"/>
  <node id="2178262271" lat="24.6610921" lon="121.5874960"/>
  <node id="300593497" lat="24.6611527" lon="121.5875281"/>
  <node id="8932944089" lat="24.6611962" lon="121.5875671"/>
  <node id="8418291669" lat="24.6612353" lon="121.5876109"/>
  <node id="2178262273" lat="24.6613163" lon="121.5877363"/>
  <node id="11020063445" lat="24.6613856" lon="121.5878575"/>
  <node id="4566091284" lat="24.6614031" lon="121.5878924"/>
  <node id="2178262274" lat="24.6615418" lon="121.5881579"/>
  <node id="300593498" lat="24.6616648" lon="121.5883457"/>
  <node id="300593499" lat="24.6622767" lon="121.5891208"/>
  <node id="2178262276" lat="24.6633895" lon="121.5903103"/>
  <node id="8418291670" lat="24.6634825" lon="121.5904301"/>
  <node id="8418291671" lat="24.6635666" lon="121.5905629"/>
  <node id="4430888875" lat="24.6637368" lon="121.5908710"/>
  <node id="2178262278" lat="24.6639500" lon="121.5913006"/>
  <node id="11021402208" lat="24.6640441" lon="121.5915251"/>
  <node id="300593501" lat="24.6641218" lon="121.5917435"/>
  <node id="2584489781" lat="24.6642285" lon="121.5921102"/>
  <node id="6551857077" lat="24.6642806" lon="121.5922993"/>
  <node id="2584473010" lat="24.6643191" lon="121.5924293"/>
  <node id="8418291673" lat="24.6643509" lon="121.5925253"/>
  <node id="300593504" lat="24.6643911" lon="121.5926141"/>
  <node id="8418291674" lat="24.6644604" lon="121.5927107"/>
  <node id="2584473011" lat="24.6645869" lon="121.5928586"/>
  <node id="11016900480" lat="24.6390844" lon="121.5539547"/>
  <node id="300593270" lat="24.6390719" lon="121.5540626"/>
  <node id="2178261698" lat="24.6390148" lon="121.5542200"/>
  <node id="11016900479" lat="24.6389540" lon="121.5544272"/>
  <node id="11016900478" lat="24.6388973" lon="121.5545966"/>
  <node id="2178261700" lat="24.6388028" lon="121.5547722"/>
  <node id="2178261701" lat="24.6387017" lon="121.5549379"/>
  <node id="11016900477" lat="24.6386825" lon="121.5549999"/>
  <node id="300593276" lat="24.6386831" lon="121.5550618"/>
  <node id="11016900476" lat="24.6386934" lon="121.5551259"/>
  <node id="2178261714" lat="24.6387339" lon="121.5552348"/>
  <node id="11016900475" lat="24.6387799" lon="121.5553278"/>
  <node id="11016900474" lat="24.6388562" lon="121.5554575"/>
  <node id="300593283" lat="24.6390359" lon="121.5557398"/>
  <node id="300593292" lat="24.6392137" lon="121.5560585"/>
  <node id="11016900473" lat="24.6394435" lon="121.5564280"/>
  <node id="4430919453" lat="24.6396608" lon="121.5567356"/>
  <node id="11016900470" lat="24.6401551" lon="121.5573901"/>
  <node id="11016900471" lat="24.6402802" lon="121.5575543"/>
  <node id="300593305" lat="24.6403927" lon="121.5576795"/>
  <node id="11016900472" lat="24.6404379" lon="121.5577439"/>
  <node id="2178261716" lat="24.6404727" lon="121.5578153"/>
  <node id="4446632375" lat="24.6405366" lon="121.5579493"/>
  <node id="300593315" lat="24.6406103" lon="121.5581436"/>
  <node id="2178261718" lat="24.6409191" lon="121.5590329"/>
  <node id="300593321" lat="24.6409714" lon="121.5591775"/>
  <node id="11016900469" lat="24.6410171" lon="121.5592598"/>
  <node id="3104018238" lat="24.6410928" lon="121.5593793"/>
  <node id="2178261720" lat="24.6412609" lon="121.5595804"/>
  <node id="2178261726" lat="24.6413653" lon="121.5597226"/>
  <node id="2178261724" lat="24.6414319" lon="121.5598390"/>
  <node id="300593330" lat="24.6414889" lon="121.5599644"/>
  <node id="11016900468" lat="24.6415266" lon="121.5600661"/>
  <node id="2178261728" lat="24.6415617" lon="121.5602257"/>
  <node id="2178261730" lat="24.6415820" lon="121.5603741"/>
  <node id="300593337" lat="24.6415870" lon="121.5604745"/>
  <node id="2178261736" lat="24.6415626" lon="121.5617191"/>
  <node id="11016900467" lat="24.6415518" lon="121.5618799"/>
  <node id="300593347" lat="24.6415334" lon="121.5620463"/>
  <node id="3104018240" lat="24.6414505" lon="121.5623682"/>
  <node id="300593353" lat="24.6412061" lon="121.5633386"/>
  <node id="2178261747" lat="24.6412006" lon="121.5634684"/>
  <node id="11016900466" lat="24.6412115" lon="121.5635566"/>
  <node id="3104018239" lat="24.6412426" lon="121.5636201"/>
  <node id="11016900465" lat="24.6412891" lon="121.5637009"/>
  <node id="300593360" lat="24.6413607" lon="121.5637734"/>
  <node id="300593372" lat="24.6414489" lon="121.5638363"/>
  <node id="11016900464" lat="24.6416789" lon="121.5639691"/>
  <node id="9107347606" lat="24.6424056" lon="121.5643018"/>
  <node id="2178261435" lat="24.6426512" lon="121.5644174"/>
  <node id="2178261438" lat="24.6427853" lon="121.5644442"/>
  <node id="2178261452" lat="24.6429104" lon="121.5644261"/>
  <node id="300593377" lat="24.6431042" lon="121.5643405"/>
  <node id="2178261444" lat="24.6433204" lon="121.5642230"/>
  <node id="11019651808" lat="24.6433893" lon="121.5642042"/>
  <node id="2178261462" lat="24.6434557" lon="121.5641966"/>
  <node id="2178261502" lat="24.6435868" lon="121.5641944"/>
  <node id="300593383" lat="24.6437007" lon="121.5642123"/>
  <node id="2178261496" lat="24.6438019" lon="121.5642445"/>
  <node id="1984505638" lat="24.6441320" lon="121.5644462"/>
  <node id="3707842381" lat="24.6767027" lon="121.6343404"/>
  <node id="3707842360" lat="24.6758348" lon="121.6354717"/>
  <node id="4430939274" lat="24.6757740" lon="121.6355505"/>
  <node id="3707842358" lat="24.6757434" lon="121.6403966"/>
  <node id="3707842359" lat="24.6757329" lon="121.6441240"/>
  <node id="3707842356" lat="24.6756817" lon="121.6504932"/>
  <node id="987453200" lat="24.6408602" lon="121.5711558"/>
  <node id="2345933020" lat="24.6408312" lon="121.5709125"/>
  <node id="11033321064" lat="24.6408150" lon="121.5702095"/>
  <node id="4312164089" lat="24.6408049" lon="121.5700997"/>
  <node id="2345933066" lat="24.6407687" lon="121.5699268"/>
  <node id="3110882929" lat="24.6407293" lon="121.5697907"/>
  <node id="987453204" lat="24.6406230" lon="121.5694305"/>
  <node id="11017263814" lat="24.6405825" lon="121.5693399"/>
  <node id="11017263815" lat="24.6405472" lon="121.5692879"/>
  <node id="3110882828" lat="24.6405102" lon="121.5692514"/>
  <node id="3110882827" lat="24.6404682" lon="121.5692244"/>
  <node id="11017263813" lat="24.6404144" lon="121.5692020"/>
  <node id="3110882826" lat="24.6403596" lon="121.5691863"/>
  <node id="11017263812" lat="24.6402877" lon="121.5691792"/>
  <node id="2345933063" lat="24.6402141" lon="121.5691837"/>
  <node id="11017263811" lat="24.6400965" lon="121.5691997"/>
  <node id="11017263810" lat="24.6399797" lon="121.5692071"/>
  <node id="3110882825" lat="24.6398854" lon="121.5692004"/>
  <node id="2345933069" lat="24.6396421" lon="121.5691470"/>
  <node id="11017263809" lat="24.6394946" lon="121.5690981"/>
  <node id="3110882824" lat="24.6392088" lon="121.5689823"/>
  <node id="3110882823" lat="24.6391174" lon="121.5689331"/>
  <node id="3110882819" lat="24.6390438" lon="121.5688742"/>
  <node id="11017263808" lat="24.6389892" lon="121.5688234"/>
  <node id="2345933052" lat="24.6389277" lon="121.5687474"/>
  <node id="2345933018" lat="24.6385085" lon="121.5681515"/>
  <node id="11017263807" lat="24.6384338" lon="121.5680608"/>
  <node id="11017263806" lat="24.6383504" lon="121.5679739"/>
  <node id="3110882815" lat="24.6382770" lon="121.5679097"/>
  <node id="11017263805" lat="24.6382151" lon="121.5678674"/>
  <node id="2345933022" lat="24.6381135" lon="121.5678298"/>
  <node id="5527907484" lat="24.6380436" lon="121.5678131"/>
  <node id="3110882813" lat="24.6379445" lon="121.5678100"/>
  <node id="2345933033" lat="24.6378099" lon="121.5678181"/>
  <node id="11017263804" lat="24.6374704" lon="121.5678469"/>
  <node id="2345933030" lat="24.6372191" lon="121.5678515"/>
  <node id="3110882805" lat="24.6371412" lon="121.5678418"/>
  <node id="2345933027" lat="24.6370941" lon="121.5678204"/>
  <node id="3110882802" lat="24.6370515" lon="121.5677824"/>
  <node id="2345933035" lat="24.6370065" lon="121.5677120"/>
  <node id="11017263803" lat="24.6369323" lon="121.5675310"/>
  <node id="11017263802" lat="24.6368501" lon="121.5672869"/>
  <node id="11017263800" lat="24.6367106" lon="121.5667678"/>
  <node id="11017263801" lat="24.6366686" lon="121.5666711"/>
  <node id="3110882798" lat="24.6366073" lon="121.5665783"/>
  <node id="2345933014" lat="24.6365556" lon="121.5665451"/>
  <node id="2345933072" lat="24.6364921" lon="121.5665226"/>
  <node id="3110882796" lat="24.6364215" lon="121.5665197"/>
  <node id="11017263799" lat="24.6362797" lon="121.5665262"/>
  <node id="11017263798" lat="24.6361748" lon="121.5665251"/>
  <node id="2345933012" lat="24.6361061" lon="121.5665111"/>
  <node id="11017263797" lat="24.6360637" lon="121.5664864"/>
  <node id="3110882788" lat="24.6360256" lon="121.5664432"/>
  <node id="3110882785" lat="24.6359903" lon="121.5663789"/>
  <node id="2345933016" lat="24.6359814" lon="121.5663097"/>
  <node id="3110882783" lat="24.6359896" lon="121.5662500"/>
  <node id="3110882782" lat="24.6360117" lon="121.5662109"/>
  <node id="3110882784" lat="24.6360520" lon="121.5661866"/>
  <node id="2345933010" lat="24.6360892" lon="121.5661755"/>
  <node id="3110882789" lat="24.6361382" lon="121.5661720"/>
  <node id="11017263796" lat="24.6361947" lon="121.5661767"/>
  <node id="2345933024" lat="24.6362715" lon="121.5661891"/>
  <node id="11017263795" lat="24.6367467" lon="121.5663045"/>
  <node id="3110882800" lat="24.6368174" lon="121.5663288"/>
  <node id="2345933049" lat="24.6368529" lon="121.5663545"/>
  <node id="11017263794" lat="24.6369029" lon="121.5664223"/>
  <node id="2345933047" lat="24.6369318" lon="121.5665008"/>
  <node id="2345933045" lat="24.6369426" lon="121.5665828"/>
  <node id="11017263793" lat="24.6369422" lon="121.5666787"/>
  <node id="2345933050" lat="24.6369488" lon="121.5667793"/>
  <node id="11017263792" lat="24.6369650" lon="121.5668457"/>
  <node id="11017263791" lat="24.6369926" lon="121.5669063"/>
  <node id="2345933043" lat="24.6370426" lon="121.5669770"/>
  <node id="3110882801" lat="24.6370981" lon="121.5670396"/>
  <node id="3110882803" lat="24.6371827" lon="121.5671049"/>
  <node id="2345933041" lat="24.6373253" lon="121.5671899"/>
  <node id="3110882807" lat="24.6373700" lon="121.5672057"/>
  <node id="2345933039" lat="24.6374303" lon="121.5672126"/>
  <node id="3110882814" lat="24.6380822" lon="121.5672062"/>
  <node id="2345990534" lat="24.6385366" lon="121.5671743"/>
  <node id="11017263790" lat="24.6386208" lon="121.5671773"/>
  <node id="2345990780" lat="24.6386892" lon="121.5671919"/>
  <node id="11017263789" lat="24.6387240" lon="121.5672057"/>
  <node id="11017263788" lat="24.6388558" lon="121.5672816"/>
  <node id="3110882816" lat="24.6389431" lon="121.5673169"/>
  <node id="3110882818" lat="24.6389908" lon="121.5673218"/>
  <node id="2345990773" lat="24.6390284" lon="121.5673138"/>
  <node id="3110882822" lat="24.6390643" lon="121.5672989"/>
  <node id="11017263787" lat="24.6390975" lon="121.5672709"/>
  <node id="11017263786" lat="24.6391218" lon="121.5672235"/>
  <node id="11017263785" lat="24.6391317" lon="121.5671577"/>
  <node id="11017263784" lat="24.6391269" lon="121.5670922"/>
  <node id="2345990605" lat="24.6391084" lon="121.5670407"/>
  <node id="3110882821" lat="24.6390705" lon="121.5669947"/>
  <node id="3110882820" lat="24.6390390" lon="121.5669797"/>
  <node id="2345990682" lat="24.6389165" lon="121.5669669"/>
  <node id="3110882817" lat="24.6387490" lon="121.5669648"/>
  <node id="11017263783" lat="24.6385840" lon="121.5669560"/>
  <node id="11017263782" lat="24.6384570" lon="121.5669365"/>
  <node id="2345990684" lat="24.6383403" lon="121.5669073"/>
  <node id="2345990678" lat="24.6382442" lon="121.5668770"/>
  <node id="2345933037" lat="24.6381601" lon="121.5668380"/>
  <node id="2345990656" lat="24.6376474" lon="121.5665155"/>
  <node id="11017263781" lat="24.6376194" lon="121.5664800"/>
  <node id="11017263780" lat="24.6376019" lon="121.5664405"/>
  <node id="11017263779" lat="24.6375925" lon="121.5663675"/>
  <node id="2345990602" lat="24.6375913" lon="121.5662932"/>
  <node id="3110882810" lat="24.6376183" lon="121.5660860"/>
  <node id="3110882812" lat="24.6376206" lon="121.5659801"/>
  <node id="2345990709" lat="24.6376092" lon="121.5658787"/>
  <node id="11017263778" lat="24.6375833" lon="121.5657788"/>
  <node id="11017263777" lat="24.6375591" lon="121.5657147"/>
  <node id="11017263776" lat="24.6375126" lon="121.5656428"/>
  <node id="3110882811" lat="24.6374635" lon="121.5655921"/>
  <node id="3110882809" lat="24.6374242" lon="121.5655633"/>
  <node id="3110882808" lat="24.6373644" lon="121.5655280"/>
  <node id="2345990736" lat="24.6373045" lon="121.5655034"/>
  <node id="3110882806" lat="24.6371924" lon="121.5654765"/>
  <node id="3110882804" lat="24.6371251" lon="121.5654695"/>
  <node id="2345990664" lat="24.6370607" lon="121.5654695"/>
  <node id="11017263775" lat="24.6369383" lon="121.5654982"/>
  <node id="9107309833" lat="24.6368300" lon="121.5655173"/>
  <node id="11017263774" lat="24.6367653" lon="121.5655165"/>
  <node id="2345990791" lat="24.6367007" lon="121.5655060"/>
  <node id="3110882799" lat="24.6366292" lon="121.5654793"/>
  <node id="3110882797" lat="24.6365345" lon="121.5654370"/>
  <node id="2345990744" lat="24.6362742" lon="121.5652910"/>
  <node id="11017263773" lat="24.6361906" lon="121.5652542"/>
  <node id="11017263772" lat="24.6361000" lon="121.5652330"/>
  <node id="11017263771" lat="24.6359989" lon="121.5652235"/>
  <node id="3110882787" lat="24.6358584" lon="121.5652026"/>
  <node id="3110882781" lat="24.6357889" lon="121.5651852"/>
  <node id="2345990666" lat="24.6357127" lon="121.5651406"/>
  <node id="3110882780" lat="24.6356383" lon="121.5650850"/>
  <node id="3110882778" lat="24.6355905" lon="121.5650279"/>
  <node id="3110882777" lat="24.6355574" lon="121.5649760"/>
  <node id="3110882775" lat="24.6355359" lon="121.5649152"/>
  <node id="2345990586" lat="24.6355278" lon="121.5648169"/>
  <node id="2345990765" lat="24.6355566" lon="121.5642754"/>
  <node id="3110882779" lat="24.6355557" lon="121.5641720"/>
  <node id="2345990781" lat="24.6355484" lon="121.5640933"/>
  <node id="11017263769" lat="24.6355331" lon="121.5640174"/>
  <node id="11017263770" lat="24.6355123" lon="121.5639504"/>
  <node id="3110882776" lat="24.6354791" lon="121.5638795"/>
  <node id="2345990711" lat="24.6352346" lon="121.5634761"/>
  <node id="11017263768" lat="24.6351950" lon="121.5633899"/>
  <node id="3110882772" lat="24.6351695" lon="121.5633018"/>
  <node id="11017263767" lat="24.6351575" lon="121.5632261"/>
  <node id="9107309832" lat="24.6351507" lon="121.5631475"/>
  <node id="11017263766" lat="24.6351451" lon="121.5630605"/>
  <node id="2345990568" lat="24.6351333" lon="121.5629939"/>
  <node id="11017263765" lat="24.6351041" lon="121.5629229"/>
  <node id="3110882771" lat="24.6350802" lon="121.5628789"/>
  <node id="2345990628" lat="24.6350246" lon="121.5628304"/>
  <node id="3110882770" lat="24.6349429" lon="121.5627863"/>
  <node id="3110882769" lat="24.6348365" lon="121.5627398"/>
  <node id="2345990799" lat="24.6344580" lon="121.5625995"/>
  <node id="11017263764" lat="24.6343819" lon="121.5625544"/>
  <node id="3110882766" lat="24.6343058" lon="121.5624976"/>
  <node id="2345990697" lat="24.6342096" lon="121.5623491"/>
  <node id="9107309831" lat="24.6341083" lon="121.5622320"/>
  <node id="3110882764" lat="24.6340005" lon="121.5621328"/>
  <node id="2345990712" lat="24.6339478" lon="121.5620988"/>
  <node id="9107309830" lat="24.6338469" lon="121.5620618"/>
  <node id="11017263763" lat="24.6337589" lon="121.5620342"/>
  <node id="3110882763" lat="24.6336823" lon="121.5620211"/>
  <node id="11017263762" lat="24.6335743" lon="121.5620164"/>
  <node id="2345990692" lat="24.6334117" lon="121.5620175"/>
  <node id="3110882760" lat="24.6333517" lon="121.5620124"/>
  <node id="11017263761" lat="24.6332955" lon="121.5619958"/>
  <node id="3110882758" lat="24.6332631" lon="121.5619656"/>
  <node id="2345990724" lat="24.6332348" lon="121.5619191"/>
  <node id="3110882755" lat="24.6332101" lon="121.5618548"/>
  <node id="3110882756" lat="24.6332051" lon="121.5618046"/>
  <node id="3110882757" lat="24.6332140" lon="121.5617547"/>
  <node id="3110882759" lat="24.6332273" lon="121.5617189"/>
  <node id="11017263760" lat="24.6332621" lon="121.5616839"/>
  <node id="2345990680" lat="24.6332934" lon="121.5616741"/>
  <node id="11017263759" lat="24.6333675" lon="121.5616734"/>
  <node id="2345990674" lat="24.6334539" lon="121.5616920"/>
  <node id="2345990676" lat="24.6349903" lon="121.5622213"/>
  <node id="11017263758" lat="24.6351374" lon="121.5622690"/>
  <node id="3110882774" lat="24.6352431" lon="121.5623148"/>
  <node id="9107309829" lat="24.6353016" lon="121.5623511"/>
  <node id="11017263757" lat="24.6353670" lon="121.5624083"/>
  <node id="2345990625" lat="24.6354183" lon="121.5624712"/>
  <node id="3110882786" lat="24.6360614" lon="121.5633965"/>
  <node id="2345990539" lat="24.6361145" lon="121.5634579"/>
  <node id="3110882790" lat="24.6361701" lon="121.5634972"/>
  <node id="3110882791" lat="24.6362082" lon="121.5635141"/>
  <node id="2345990603" lat="24.6362625" lon="121.5635177"/>
  <node id="3110882793" lat="24.6363010" lon="121.5635014"/>
  <node id="2345990562" lat="24.6363397" lon="121.5634685"/>
  <node id="3110882795" lat="24.6363775" lon="121.5634185"/>
  <node id="9107301048" lat="24.6363940" lon="121.5633591"/>
  <node id="3110882794" lat="24.6363942" lon="121.5633032"/>
  <node id="11017263756" lat="24.6363818" lon="121.5632700"/>
  <node id="9107301049" lat="24.6363658" lon="121.5632369"/>
  <node id="2345990789" lat="24.6363353" lon="121.5632019"/>
  <node id="3110882792" lat="24.6362511" lon="121.5631494"/>
  <node id="2345990740" lat="24.6360677" lon="121.5630489"/>
  <node id="11017263755" lat="24.6359899" lon="121.5629864"/>
  <node id="9107309823" lat="24.6359544" lon="121.5629403"/>
  <node id="11017263754" lat="24.6358965" lon="121.5628476"/>
  <node id="2345990672" lat="24.6358316" lon="121.5627462"/>
  <node id="9107309824" lat="24.6355942" lon="121.5624317"/>
  <node id="11017263753" lat="24.6355055" lon="121.5623085"/>
  <node id="2345990550" lat="24.6353957" lon="121.5621601"/>
  <node id="9107309825" lat="24.6353259" lon="121.5620863"/>
  <node id="11017263752" lat="24.6352581" lon="121.5620311"/>
  <node id="3110882773" lat="24.6351781" lon="121.5619739"/>
  <node id="3110882768" lat="24.6348701" lon="121.5618074"/>
  <node id="3110882767" lat="24.6346678" lon="121.5616635"/>
  <node id="3110882765" lat="24.6341785" lon="121.5612718"/>
  <node id="2345990694" lat="24.6340131" lon="121.5611301"/>
  <node id="3110882762" lat="24.6336149" lon="121.5606836"/>
  <node id="3110882761" lat="24.6333463" lon="121.5604323"/>
  <node id="2345990609" lat="24.6332037" lon="121.5603203"/>
  <node id="11017263751" lat="24.6331496" lon="121.5602921"/>
  <node id="11017263750" lat="24.6330911" lon="121.5602737"/>
  <node id="3110882754" lat="24.6330146" lon="121.5602543"/>
  <node id="2345990745" lat="24.6326177" lon="121.5601077"/>
  <node id="11017263749" lat="24.6325520" lon="121.5600776"/>
  <node id="3110882753" lat="24.6324982" lon="121.5600402"/>
  <node id="3110882752" lat="24.6324268" lon="121.5599671"/>
  <node id="11017263748" lat="24.6323681" lon="121.5599066"/>
  <node id="3110882751" lat="24.6323219" lon="121.5598512"/>
  <node id="2345990733" lat="24.6321236" lon="121.5596227"/>
  <node id="11017263747" lat="24.6320651" lon="121.5595584"/>
  <node id="11017263746" lat="24.6319826" lon="121.5594853"/>
  <node id="3110882746" lat="24.6319293" lon="121.5594502"/>
  <node id="3110882740" lat="24.6315559" lon="121.5592727"/>
  <node id="11017263745" lat="24.6315063" lon="121.5592375"/>
  <node id="4430919448" lat="24.6314687" lon="121.5591979"/>
  <node id="3110882739" lat="24.6314447" lon="121.5591598"/>
  <node id="11017263744" lat="24.6314330" lon="121.5591061"/>
  <node id="2345990660" lat="24.6314406" lon="121.5590671"/>
  <node id="3110882741" lat="24.6314589" lon="121.5590316"/>
  <node id="11017263743" lat="24.6314881" lon="121.5590007"/>
  <node id="2345990596" lat="24.6315214" lon="121.5589830"/>
  <node id="3110882743" lat="24.6315599" lon="121.5589772"/>
  <node id="11017263742" lat="24.6315990" lon="121.5589815"/>
  <node id="11017263741" lat="24.6316447" lon="121.5589939"/>
  <node id="2345990701" lat="24.6316917" lon="121.5590113"/>
  <node id="11017263740" lat="24.6317277" lon="121.5590338"/>
  <node id="11017263739" lat="24.6317717" lon="121.5590687"/>
  <node id="9107309826" lat="24.6318490" lon="121.5591401"/>
  <node id="2345990718" lat="24.6319762" lon="121.5592664"/>
  <node id="2345990533" lat="24.6320491" lon="121.5593113"/>
  <node id="3110882747" lat="24.6321005" lon="121.5593343"/>
  <node id="11017263738" lat="24.6321478" lon="121.5593396"/>
  <node id="3110882748" lat="24.6321778" lon="121.5593346"/>
  <node id="2345990727" lat="24.6322038" lon="121.5593172"/>
  <node id="11017263737" lat="24.6322297" lon="121.5592813"/>
  <node id="3110882750" lat="24.6322469" lon="121.5592388"/>
  <node id="11017263736" lat="24.6322469" lon="121.5591866"/>
  <node id="11017263735" lat="24.6322376" lon="121.5591395"/>
  <node id="11017263734" lat="24.6322149" lon="121.5590892"/>
  <node id="11017263733" lat="24.6321630" lon="121.5590178"/>
  <node id="3110882749" lat="24.6320990" lon="121.5589582"/>
  <node id="2345990571" lat="24.6320220" lon="121.5589083"/>
  <node id="3110882745" lat="24.6319299" lon="121.5588621"/>
  <node id="3110882744" lat="24.6316972" lon="121.5587606"/>
  <node id="2345990804" lat="24.6309809" lon="121.5583661"/>
  <node id="11017263732" lat="24.6308573" lon="121.5583031"/>
  <node id="9107309827" lat="24.6307399" lon="121.5582488"/>
  <node id="11017263731" lat="24.6306765" lon="121.5582265"/>
  <node id="11017263730" lat="24.6305867" lon="121.5582014"/>
  <node id="3110882738" lat="24.6304918" lon="121.5581723"/>
  <node id="11017263729" lat="24.6303005" lon="121.5581234"/>
  <node id="4430919447" lat="24.6300828" lon="121.5580765"/>
  <node id="11017263728" lat="24.6299213" lon="121.5580473"/>
  <node id="9107309828" lat="24.6297758" lon="121.5580261"/>
  <node id="2345990695" lat="24.6295414" lon="121.5580023"/>
  <node id="2345990738" lat="24.6293991" lon="121.5579984"/>
  <node id="11017263727" lat="24.6293282" lon="121.5580043"/>
  <node id="11017263726" lat="24.6292851" lon="121.5580183"/>
  <node id="3110882737" lat="24.6292388" lon="121.5580434"/>
  <node id="11017263725" lat="24.6291950" lon="121.5580828"/>
  <node id="3110882736" lat="24.6291486" lon="121.5581296"/>
  <node id="3110882735" lat="24.6288975" lon="121.5583348"/>
  <node id="11017263724" lat="24.6288328" lon="121.5583684"/>
  <node id="2345990670" lat="24.6287682" lon="121.5583918"/>
  <node id="11017263723" lat="24.6286928" lon="121.5584149"/>
  <node id="11017263722" lat="24.6285019" lon="121.5584548"/>
  <node id="2345990530" lat="24.6283354" lon="121.5584878"/>
  <node id="11017263721" lat="24.6282510" lon="121.5585151"/>
  <node id="3110882734" lat="24.6281501" lon="121.5585548"/>
  <node id="3110882733" lat="24.6280401" lon="121.5586348"/>
  <node id="11017263720" lat="24.6279739" lon="121.5587054"/>
  <node id="2345990722" lat="24.6279356" lon="121.5587535"/>
  <node id="11017263719" lat="24.6277780" lon="121.5589612"/>
  <node id="2345990686" lat="24.6276137" lon="121.5591931"/>
  <node id="11017263718" lat="24.6274959" lon="121.5593261"/>
  <node id="3110882732" lat="24.6274325" lon="121.5593759"/>
  <node id="11017263717" lat="24.6273864" lon="121.5594017"/>
  <node id="11017263716" lat="24.6273291" lon="121.5594267"/>
  <node id="2345990777" lat="24.6272582" lon="121.5594505"/>
  <node id="11017263715" lat="24.6271349" lon="121.5594860"/>
  <node id="3110882731" lat="24.6270314" lon="121.5595071"/>
  <node id="3110882730" lat="24.6269315" lon="121.5595160"/>
  <node id="3110882729" lat="24.6268640" lon="121.5595142"/>
  <node id="2345990621" lat="24.6268100" lon="121.5595057"/>
  <node id="11017263714" lat="24.6267814" lon="121.5594959"/>
  <node id="11017263713" lat="24.6267431" lon="121.5594702"/>
  <node id="3110882628" lat="24.6266918" lon="121.5594188"/>
  <node id="11017263712" lat="24.6266578" lon="121.5593749"/>
  <node id="11017263711" lat="24.6266329" lon="121.5593234"/>
  <node id="2345990749" lat="24.6266039" lon="121.5592470"/>
  <node id="11017263710" lat="24.6265737" lon="121.5591561"/>
  <node id="2345990735" lat="24.6265186" lon="121.5589446"/>
  <node id="11017263709" lat="24.6264780" lon="121.5588449"/>
  <node id="3110882627" lat="24.6264260" lon="121.5587516"/>
  <node id="3110882626" lat="24.6263240" lon="121.5586148"/>
  <node id="3110882625" lat="24.6262467" lon="121.5585209"/>
  <node id="11017263708" lat="24.6261632" lon="121.5584429"/>
  <node id="3110882620" lat="24.6261126" lon="121.5583985"/>
  <node id="11017263707" lat="24.6260112" lon="121.5583203"/>
  <node id="2345990662" lat="24.6258672" lon="121.5582282"/>
  <node id="3110882617" lat="24.6258012" lon="121.5581718"/>
  <node id="11017263706" lat="24.6257202" lon="121.5581080"/>
  <node id="11017263705" lat="24.6256765" lon="121.5580672"/>
  <node id="2345990515" lat="24.6256432" lon="121.5580209"/>
  <node id="3110882615" lat="24.6256006" lon="121.5579398"/>
  <node id="9050325251" lat="24.6255924" lon="121.5578687"/>
  <node id="3110882614" lat="24.6255925" lon="121.5578105"/>
  <node id="11017263704" lat="24.6255940" lon="121.5577641"/>
  <node id="2345990699" lat="24.6256006" lon="121.5577092"/>
  <node id="3110882616" lat="24.6256504" lon="121.5575744"/>
  <node id="2345990584" lat="24.6261339" lon="121.5565987"/>
  <node id="3110882621" lat="24.6262205" lon="121.5564432"/>
  <node id="3110882624" lat="24.6262485" lon="121.5563198"/>
  <node id="3110882623" lat="24.6262510" lon="121.5561977"/>
  <node id="3110882622" lat="24.6262473" lon="121.5561213"/>
  <node id="2345990783" lat="24.6262364" lon="121.5560408"/>
  <node id="3110882619" lat="24.6261803" lon="121.5558424"/>
  <node id="2345990787" lat="24.6260035" lon="121.5555460"/>
  <node id="3110882618" lat="24.6259072" lon="121.5554622"/>
  <node id="2345990703" lat="24.6258214" lon="121.5554192"/>
  <node id="3110882613" lat="24.6254137" lon="121.5553120"/>
  <node id="2345990771" lat="24.6252849" lon="121.5552476"/>
  <node id="3110882612" lat="24.6250883" lon="121.5550404"/>
  <node id="2345990716" lat="24.6250493" lon="121.5549572"/>
  <node id="3110882611" lat="24.6250371" lon="121.5548902"/>
  <node id="3110882610" lat="24.6250224" lon="121.5547829"/>
  <node id="2345990613" lat="24.6250102" lon="121.5544583"/>
  <node id="3110882609" lat="24.6249907" lon="121.5543591"/>
  <node id="3110882608" lat="24.6249469" lon="121.5542840"/>
  <node id="2345990714" lat="24.6248956" lon="121.5542276"/>
  <node id="3110882607" lat="24.6246627" lon="121.5541747"/>
  <node id="3110882606" lat="24.6241262" lon="121.5540460"/>
  <node id="3110882599" lat="24.6238902" lon="121.5539816"/>
  <node id="2345990548" lat="24.6237887" lon="121.5539406"/>
  <node id="3110882597" lat="24.6232474" lon="121.5534498"/>
  <node id="2345990590" lat="24.6231474" lon="121.5533506"/>
  <node id="3110882593" lat="24.6227938" lon="121.5531682"/>
  <node id="2345990575" lat="24.6227109" lon="121.5530958"/>
  <node id="3110882589" lat="24.6226378" lon="121.5529965"/>
  <node id="2345990731" lat="24.6224452" lon="121.5525781"/>
  <node id="3110882588" lat="24.6224135" lon="121.5524708"/>
  <node id="3110882587" lat="24.6224086" lon="121.5523394"/>
  <node id="2345990801" lat="24.6224500" lon="121.5522321"/>
  <node id="2345990619" lat="24.6226161" lon="121.5519843"/>
  <node id="3110882595" lat="24.6226795" lon="121.5518636"/>
  <node id="2345990577" lat="24.6227051" lon="121.5517282"/>
  <node id="3110882594" lat="24.6227002" lon="121.5516249"/>
  <node id="3110882590" lat="24.6226430" lon="121.5512929"/>
  <node id="2345990797" lat="24.6226309" lon="121.5510635"/>
  <node id="2345990752" lat="24.6226337" lon="121.5505812"/>
  <node id="2345990756" lat="24.6226560" lon="121.5503136"/>
  <node id="3110882591" lat="24.6226854" lon="121.5502159"/>
  <node id="3110882592" lat="24.6227389" lon="121.5501375"/>
  <node id="2345990519" lat="24.6228127" lon="121.5500730"/>
  <node id="4446620599" lat="24.6228687" lon="121.5500413"/>
  <node id="4446620600" lat="24.6230486" lon="121.5499936"/>
  <node id="2345990782" lat="24.6237814" lon="121.5498517"/>
  <node id="2345990785" lat="24.6238633" lon="121.5498125"/>
  <node id="3110882601" lat="24.6239330" lon="121.5497443"/>
  <node id="3110882604" lat="24.6239584" lon="121.5496993"/>
  <node id="3110882605" lat="24.6239748" lon="121.5496476"/>
  <node id="3110882603" lat="24.6239675" lon="121.5492823"/>
  <node id="3110882602" lat="24.6239411" lon="121.5489118"/>
  <node id="11017263703" lat="24.6239151" lon="121.5487895"/>
  <node id="11017263702" lat="24.6238660" lon="121.5486712"/>
  <node id="3110882600" lat="24.6237856" lon="121.5485800"/>
  <node id="11017263701" lat="24.6236859" lon="121.5485073"/>
  <node id="11017263700" lat="24.6234790" lon="121.5484091"/>
  <node id="2345990786" lat="24.6234048" lon="121.5483975"/>
  <node id="3110882598" lat="24.6233224" lon="121.5484024"/>
  <node id="2345990767" lat="24.6232294" lon="121.5484380"/>
  <node id="11017263699" lat="24.6231553" lon="121.5484803"/>
  <node id="11017263698" lat="24.6229256" lon="121.5485954"/>
  <node id="3110882596" lat="24.6226986" lon="121.5486485"/>
  <node id="2345990705" lat="24.6225840" lon="121.5486574"/>
  <node id="2345990769" lat="24.6224123" lon="121.5486145"/>
  <node id="2345990779" lat="24.6220446" lon="121.5483597"/>
  <node id="3110882586" lat="24.6219802" lon="121.5483168"/>
  <node id="2345990720" lat="24.6218300" lon="121.5482953"/>
  <node id="3110882585" lat="24.6214859" lon="121.5483758"/>
  <node id="2345990614" lat="24.6214001" lon="121.5483544"/>
  <node id="3110882584" lat="24.6213143" lon="121.5483329"/>
  <node id="3110882583" lat="24.6212499" lon="121.5482900"/>
  <node id="3110882582" lat="24.6211426" lon="121.5481398"/>
  <node id="2345990806" lat="24.6209334" lon="121.5477219"/>
  <node id="3110882581" lat="24.6208846" lon="121.5476401"/>
  <node id="2345990543" lat="24.6208212" lon="121.5475838"/>
  <node id="3110882580" lat="24.6201566" lon="121.5472653"/>
  <node id="3110882579" lat="24.6200922" lon="121.5472439"/>
  <node id="3110882578" lat="24.6200278" lon="121.5472010"/>
  <node id="2345990729" lat="24.6199849" lon="121.5471366"/>
  <node id="2345990707" lat="24.6196511" lon="121.5466870"/>
  <node id="3110882577" lat="24.6193482" lon="121.5463614"/>
  <node id="3110882576" lat="24.6191724" lon="121.5461214"/>
  <node id="2345990594" lat="24.6191081" lon="121.5460570"/>
  <node id="3110882575" lat="24.6190437" lon="121.5459926"/>
  <node id="3110882574" lat="24.6187559" lon="121.5457472"/>
  <node id="2345990573" lat="24.6186272" lon="121.5455970"/>
  <node id="11017263697" lat="24.6185759" lon="121.5455066"/>
  <node id="11017263696" lat="24.6185383" lon="121.5454112"/>
  <node id="11017263695" lat="24.6184954" lon="121.5452792"/>
  <node id="3110882573" lat="24.6184645" lon="121.5452021"/>
  <node id="11017263693" lat="24.6183787" lon="121.5450560"/>
  <node id="11017263694" lat="24.6182929" lon="121.5449518"/>
  <node id="11017263692" lat="24.6181811" lon="121.5448391"/>
  <node id="2345990688" lat="24.6181088" lon="121.5447767"/>
  <node id="11017263691" lat="24.6180492" lon="121.5447351"/>
  <node id="11017263690" lat="24.6179957" lon="121.5447119"/>
  <node id="11017263689" lat="24.6179621" lon="121.5447078"/>
  <node id="11017263688" lat="24.6179393" lon="121.5447096"/>
  <node id="3110882570" lat="24.6178937" lon="121.5447232"/>
  <node id="3110882569" lat="24.6178652" lon="121.5447384"/>
  <node id="2345990623" lat="24.6178338" lon="121.5447773"/>
  <node id="3110882567" lat="24.6178172" lon="121.5448147"/>
  <node id="3110882564" lat="24.6178062" lon="121.5448652"/>
  <node id="2345990788" lat="24.6178031" lon="121.5449191"/>
  <node id="11017263687" lat="24.6178066" lon="121.5449695"/>
  <node id="3110882565" lat="24.6178706" lon="121.5451394"/>
  <node id="3110882568" lat="24.6179435" lon="121.5452982"/>
  <node id="11017263686" lat="24.6179749" lon="121.5453812"/>
  <node id="11017263685" lat="24.6180017" lon="121.5454794"/>
  <node id="2345990592" lat="24.6181410" lon="121.5460730"/>
  <node id="11017263684" lat="24.6181603" lon="121.5461816"/>
  <node id="3110882571" lat="24.6181734" lon="121.5462944"/>
  <node id="11017263683" lat="24.6181733" lon="121.5463799"/>
  <node id="11017263682" lat="24.6181641" lon="121.5464737"/>
  <node id="2345990510" lat="24.6181501" lon="121.5465385"/>
  <node id="3110882572" lat="24.6181340" lon="121.5465822"/>
  <node id="11017263681" lat="24.6181047" lon="121.5466127"/>
  <node id="11017263680" lat="24.6180656" lon="121.5466448"/>
  <node id="11017263679" lat="24.6180270" lon="121.5466670"/>
  <node id="2345990795" lat="24.6179254" lon="121.5467030"/>
  <node id="11017263678" lat="24.6178704" lon="121.5467282"/>
  <node id="3110882566" lat="24.6178177" lon="121.5467601"/>
  <node id="11017263677" lat="24.6177782" lon="121.5468102"/>
  <node id="11017263676" lat="24.6177486" lon="121.5468805"/>
  <node id="11017263675" lat="24.6177110" lon="121.5470010"/>
  <node id="2345990725" lat="24.6176709" lon="121.5472184"/>
  <node id="3110882563" lat="24.6176535" lon="121.5473099"/>
  <node id="3110882562" lat="24.6176318" lon="121.5473480"/>
  <node id="11017263674" lat="24.6175726" lon="121.5473948"/>
  <node id="3110882561" lat="24.6174895" lon="121.5474439"/>
  <node id="2345990617" lat="24.6174018" lon="121.5475054"/>
  <node id="2345990535" lat="24.6171903" lon="121.5476777"/>
  <node id="11017263673" lat="24.6171622" lon="121.5477136"/>
  <node id="11017263672" lat="24.6171386" lon="121.5477562"/>
  <node id="11017263671" lat="24.6171145" lon="121.5478381"/>
  <node id="3110882557" lat="24.6171137" lon="121.5479210"/>
  <node id="3110882554" lat="24.6171274" lon="121.5479938"/>
  <node id="3110882555" lat="24.6171550" lon="121.5480807"/>
  <node id="11017263670" lat="24.6171830" lon="121.5481525"/>
  <node id="11017263669" lat="24.6172484" lon="121.5482597"/>
  <node id="11017263668" lat="24.6172906" lon="121.5483527"/>
  <node id="2345990808" lat="24.6172952" lon="121.5484025"/>
  <node id="3110882560" lat="24.6172816" lon="121.5484408"/>
  <node id="11017263667" lat="24.6172489" lon="121.5484701"/>
  <node id="2345990668" lat="24.6172132" lon="121.5484876"/>
  <node id="3110882559" lat="24.6171711" lon="121.5484971"/>
  <node id="3110882558" lat="24.6171202" lon="121.5484979"/>
  <node id="3110882556" lat="24.6170439" lon="121.5484837"/>
  <node id="2345990570" lat="24.6170132" lon="121.5484658"/>
  <node id="3110882553" lat="24.6168356" lon="121.5482632"/>
  <node id="3110882552" lat="24.6167908" lon="121.5482199"/>
  <node id="3110882551" lat="24.6165324" lon="121.5480093"/>
  <node id="11017263664" lat="24.6164824" lon="121.5479887"/>
  <node id="3110882550" lat="24.6164324" lon="121.5479798"/>
  <node id="2345990754" lat="24.6163226" lon="121.5480066"/>
  <node id="3110882549" lat="24.6162410" lon="121.5480442"/>
  <node id="11017263663" lat="24.6160598" lon="121.5481875"/>
  <node id="2584489782" lat="24.6642908" lon="121.5919643"/>
  <node id="2584489783" lat="24.6643208" lon="121.5918343"/>
  <node id="11021402206" lat="24.6643663" lon="121.5916454"/>
  <node id="8418291672" lat="24.6644039" lon="121.5914896"/>
  <node id="2584489784" lat="24.6644568" lon="121.5913796"/>
  <node id="2584489786" lat="24.6646500" lon="121.5911007"/>
  <node id="2584489787" lat="24.6648431" lon="121.5907359"/>
  <node id="2584489788" lat="24.6648860" lon="121.5906715"/>
  <node id="2584489790" lat="24.6650147" lon="121.5905428"/>
  <node id="2584489809" lat="24.6654045" lon="121.5901767"/>
  <node id="11016319437" lat="24.6654217" lon="121.5901402"/>
  <node id="2584489812" lat="24.6654285" lon="121.5900979"/>
  <node id="2584489811" lat="24.6654224" lon="121.5900493"/>
  <node id="2584489808" lat="24.6654192" lon="121.5898991"/>
  <node id="2584489807" lat="24.6654253" lon="121.5898176"/>
  <node id="2584489810" lat="24.6654433" lon="121.5897542"/>
  <node id="11016319436" lat="24.6654733" lon="121.5896931"/>
  <node id="11016319435" lat="24.6655208" lon="121.5896358"/>
  <node id="2584489814" lat="24.6655827" lon="121.5895882"/>
  <node id="2584489816" lat="24.6656451" lon="121.5895649"/>
  <node id="2584489835" lat="24.6659424" lon="121.5894944"/>
  <node id="11016319434" lat="24.6660067" lon="121.5894617"/>
  <node id="2584489836" lat="24.6660502" lon="121.5894174"/>
  <node id="2584489838" lat="24.6660879" lon="121.5893674"/>
  <node id="2584489840" lat="24.6661371" lon="121.5892881"/>
  <node id="2584489842" lat="24.6661977" lon="121.5891849"/>
  <node id="11016319433" lat="24.6662406" lon="121.5891496"/>
  <node id="2584489843" lat="24.6662782" lon="121.5891439"/>
  <node id="2584489848" lat="24.6663580" lon="121.5891454"/>
  <node id="2584489864" lat="24.6664367" lon="121.5891239"/>
  <node id="2584489869" lat="24.6665220" lon="121.5890748"/>
  <node id="2584489873" lat="24.6665791" lon="121.5890377"/>
  <node id="2584489886" lat="24.6667993" lon="121.5888039"/>
  <node id="2584489921" lat="24.6670699" lon="121.5884683"/>
  <node id="2584489931" lat="24.6671391" lon="121.5883756"/>
  <node id="2584489950" lat="24.6672789" lon="121.5881556"/>
  <node id="2584489953" lat="24.6675461" lon="121.5880058"/>
  <node id="2584489970" lat="24.6675790" lon="121.5879682"/>
  <node id="2584489972" lat="24.6676033" lon="121.5879299"/>
  <node id="2584489976" lat="24.6676226" lon="121.5878686"/>
  <node id="2584489979" lat="24.6676326" lon="121.5878177"/>
  <node id="2584489975" lat="24.6676215" lon="121.5876272"/>
  <node id="2584489978" lat="24.6676493" lon="121.5875774"/>
  <node id="2584489982" lat="24.6677030" lon="121.5875483"/>
  <node id="2584489983" lat="24.6678149" lon="121.5875222"/>
  <node id="11016319432" lat="24.6679648" lon="121.5874933"/>
  <node id="2584489998" lat="24.6680302" lon="121.5874586"/>
  <node id="2584490001" lat="24.6680710" lon="121.5874257"/>
  <node id="2584490007" lat="24.6682422" lon="121.5872318"/>
  <node id="2584490026" lat="24.6684265" lon="121.5870452"/>
  <node id="2584490029" lat="24.6684694" lon="121.5870023"/>
  <node id="11016319431" lat="24.6684916" lon="121.5869261"/>
  <node id="2584490032" lat="24.6684909" lon="121.5868521"/>
  <node id="2584490023" lat="24.6683836" lon="121.5861011"/>
  <node id="2584490022" lat="24.6683836" lon="121.5859079"/>
  <node id="2584490025" lat="24.6684051" lon="121.5858436"/>
  <node id="2584490027" lat="24.6684480" lon="121.5857792"/>
  <node id="11016319430" lat="24.6685745" lon="121.5856019"/>
  <node id="2584490050" lat="24.6686196" lon="121.5855646"/>
  <node id="2584490054" lat="24.6686625" lon="121.5855646"/>
  <node id="2584490058" lat="24.6687024" lon="121.5855818"/>
  <node id="2584490069" lat="24.6688342" lon="121.5856934"/>
  <node id="2584490075" lat="24.6688969" lon="121.5857286"/>
  <node id="2584490081" lat="24.6689603" lon="121.5857320"/>
  <node id="2584490092" lat="24.6690231" lon="121.5857118"/>
  <node id="11016319429" lat="24.6690810" lon="121.5856757"/>
  <node id="2584490108" lat="24.6691346" lon="121.5856075"/>
  <node id="2584490115" lat="24.6691990" lon="121.5854788"/>
  <node id="2584490126" lat="24.6693398" lon="121.5851337"/>
  <node id="11016319428" lat="24.6693727" lon="121.5850935"/>
  <node id="2584490129" lat="24.6694097" lon="121.5850740"/>
  <node id="11016319427" lat="24.6695389" lon="121.5850543"/>
  <node id="2584490131" lat="24.6696054" lon="121.5850300"/>
  <node id="11016319426" lat="24.6696460" lon="121.5849972"/>
  <node id="2584490144" lat="24.6696918" lon="121.5849345"/>
  <node id="2584490157" lat="24.6698926" lon="121.5847449"/>
  <node id="11016319425" lat="24.6699512" lon="121.5846758"/>
  <node id="11016319424" lat="24.6699879" lon="121.5846124"/>
  <node id="2584490168" lat="24.6699967" lon="121.5845224"/>
  <node id="2584490180" lat="24.6699916" lon="121.5844021"/>
  <node id="2584490184" lat="24.6700166" lon="121.5843349"/>
  <node id="2584490183" lat="24.6700779" lon="121.5842422"/>
  <node id="2584490182" lat="24.6700995" lon="121.5841786"/>
  <node id="2584490193" lat="24.6700943" lon="121.5841180"/>
  <node id="2584490192" lat="24.6700522" lon="121.5840187"/>
  <node id="2584490191" lat="24.6700101" lon="121.5839525"/>
  <node id="2584490187" lat="24.6699631" lon="121.5839088"/>
  <node id="2584490178" lat="24.6699167" lon="121.5838831"/>
  <node id="2584490173" lat="24.6698394" lon="121.5838597"/>
  <node id="11016319423" lat="24.6697820" lon="121.5838549"/>
  <node id="2584490151" lat="24.6697350" lon="121.5838788"/>
  <node id="11016319422" lat="24.6697085" lon="121.5839305"/>
  <node id="2584490148" lat="24.6697040" lon="121.5839994"/>
  <node id="2584490161" lat="24.6697535" lon="121.5842513"/>
  <node id="11016319421" lat="24.6697472" lon="121.5843392"/>
  <node id="2584490156" lat="24.6697117" lon="121.5844363"/>
  <node id="2584490141" lat="24.6695498" lon="121.5845839"/>
  <node id="2584490136" lat="24.6694955" lon="121.5846142"/>
  <node id="2584490133" lat="24.6694195" lon="121.5846241"/>
  <node id="2584490114" lat="24.6692026" lon="121.5845490"/>
  <node id="11016319420" lat="24.6691372" lon="121.5845200"/>
  <node id="11016319419" lat="24.6690738" lon="121.5844772"/>
  <node id="11016319418" lat="24.6690348" lon="121.5844192"/>
  <node id="2584490097" lat="24.6690361" lon="121.5843722"/>
  <node id="11016319417" lat="24.6691318" lon="121.5841696"/>
  <node id="11016319416" lat="24.6691441" lon="121.5841162"/>
  <node id="2584490091" lat="24.6691415" lon="121.5840624"/>
  <node id="2584490090" lat="24.6691238" lon="121.5840125"/>
  <node id="2584490105" lat="24.6690947" lon="121.5839768"/>
  <node id="2584490107" lat="24.6690630" lon="121.5839602"/>
  <node id="2584490106" lat="24.6690185" lon="121.5839559"/>
  <node id="2584490096" lat="24.6689802" lon="121.5839624"/>
  <node id="2584490077" lat="24.6689254" lon="121.5840002"/>
  <node id="2584490062" lat="24.6687269" lon="121.5842772"/>
  <node id="2584490056" lat="24.6686840" lon="121.5843201"/>
  <node id="2584490034" lat="24.6685123" lon="121.5843844"/>
  <node id="2584490010" lat="24.6682334" lon="121.5845776"/>
  <node id="2584490000" lat="24.6680188" lon="121.5848994"/>
  <node id="2584489989" lat="24.6678257" lon="121.5854359"/>
  <node id="2584489981" lat="24.6676540" lon="121.5857363"/>
  <node id="2584489974" lat="24.6676111" lon="121.5859723"/>
  <node id="2584489971" lat="24.6675897" lon="121.5860367"/>
  <node id="2584489969" lat="24.6675467" lon="121.5861011"/>
  <node id="2584489966" lat="24.6675038" lon="121.5861440"/>
  <node id="11016319415" lat="24.6670888" lon="121.5863993"/>
  <node id="2584489916" lat="24.6668512" lon="121.5866381"/>
  <node id="11017814239" lat="24.6667731" lon="121.5866827"/>
  <node id="2584489905" lat="24.6666758" lon="121.5867191"/>
  <node id="2584489890" lat="24.6665998" lon="121.5867264"/>
  <node id="2584489885" lat="24.6664850" lon="121.5867014"/>
  <node id="2584489872" lat="24.6664202" lon="121.5866632"/>
  <node id="11016319414" lat="24.6663485" lon="121.5865986"/>
  <node id="2584489865" lat="24.6662783" lon="121.5865639"/>
  <node id="2584489858" lat="24.6661438" lon="121.5865479"/>
  <node id="2584489834" lat="24.6660311" lon="121.5865231"/>
  <node id="2584489833" lat="24.6659224" lon="121.5864636"/>
  <node id="2584489826" lat="24.6657789" lon="121.5863514"/>
  <node id="2584489821" lat="24.6656904" lon="121.5863118"/>
  <node id="11017814232" lat="24.6653986" lon="121.5862688"/>
  <node id="2584489804" lat="24.6652906" lon="121.5862529"/>
  <node id="11016319412" lat="24.6652200" lon="121.5862149"/>
  <node id="2584489803" lat="24.6651653" lon="121.5861586"/>
  <node id="2584489799" lat="24.6651523" lon="121.5860997"/>
  <node id="2584489798" lat="24.6651580" lon="121.5860202"/>
  <node id="2584489801" lat="24.6651703" lon="121.5859574"/>
  <node id="2584489802" lat="24.6652440" lon="121.5859045"/>
  <node id="2584489825" lat="24.6657878" lon="121.5857202"/>
  <node id="2584489831" lat="24.6658534" lon="121.5857282"/>
  <node id="11016319410" lat="24.6659659" lon="121.5857606"/>
  <node id="2584489841" lat="24.6661019" lon="121.5857790"/>
  <node id="2584489861" lat="24.6663832" lon="121.5857540"/>
  <node id="2584489881" lat="24.6667099" lon="121.5856766"/>
  <node id="11016316856" lat="24.6669746" lon="121.5855519"/>
  <node id="2584489901" lat="24.6670062" lon="121.5855224"/>
  <node id="2584489911" lat="24.6670178" lon="121.5854667"/>
  <node id="2584489915" lat="24.6670168" lon="121.5853858"/>
  <node id="2584489920" lat="24.6670219" lon="121.5851822"/>
  <node id="11016316873" lat="24.6670053" lon="121.5850186"/>
  <node id="11016316874" lat="24.6669928" lon="121.5849618"/>
  <node id="2584489910" lat="24.6669877" lon="121.5849209"/>
  <node id="2584489903" lat="24.6669752" lon="121.5845942"/>
  <node id="2584489900" lat="24.6669674" lon="121.5843844"/>
  <node id="2584489899" lat="24.6669674" lon="121.5841699"/>
  <node id="2584489909" lat="24.6670103" lon="121.5838265"/>
  <node id="11016316872" lat="24.6669843" lon="121.5836597"/>
  <node id="2584489898" lat="24.6669734" lon="121.5835344"/>
  <node id="2584489904" lat="24.6669888" lon="121.5834188"/>
  <node id="2584489914" lat="24.6670318" lon="121.5832472"/>
  <node id="2584489936" lat="24.6671820" lon="121.5828824"/>
  <node id="2584489942" lat="24.6672034" lon="121.5827966"/>
  <node id="2584489941" lat="24.6672034" lon="121.5827322"/>
  <node id="2584489935" lat="24.6672064" lon="121.5823255"/>
  <node id="2584489940" lat="24.6672356" lon="121.5821940"/>
  <node id="2584489947" lat="24.6672941" lon="121.5821243"/>
  <node id="2584489949" lat="24.6673185" lon="121.5820760"/>
  <node id="2584489956" lat="24.6673650" lon="121.5820218"/>
  <node id="11016319438" lat="24.6674533" lon="121.5820107"/>
  <node id="11016319439" lat="24.6676043" lon="121.5820383"/>
  <node id="2584489986" lat="24.6677297" lon="121.5820361"/>
  <node id="2584489991" lat="24.6678450" lon="121.5820030"/>
  <node id="2584489997" lat="24.6679667" lon="121.5819366"/>
  <node id="2584490002" lat="24.6680516" lon="121.5818557"/>
  <node id="2584490015" lat="24.6682198" lon="121.5816459"/>
  <node id="2584490031" lat="24.6682577" lon="121.5815804"/>
  <node id="2584490037" lat="24.6683021" lon="121.5815193"/>
  <node id="2584490042" lat="24.6684304" lon="121.5814417"/>
  <node id="11016319440" lat="24.6685177" lon="121.5813755"/>
  <node id="2584490041" lat="24.6685688" lon="121.5812962"/>
  <node id="11016319441" lat="24.6686212" lon="121.5809901"/>
  <node id="2584490048" lat="24.6686391" lon="121.5806128"/>
  <node id="2584490047" lat="24.6686310" lon="121.5804551"/>
  <node id="2584490046" lat="24.6686113" lon="121.5803958"/>
  <node id="2584490036" lat="24.6685579" lon="121.5803466"/>
  <node id="2584490021" lat="24.6684599" lon="121.5802995"/>
  <node id="2584490014" lat="24.6684002" lon="121.5802583"/>
  <node id="11016319442" lat="24.6683249" lon="121.5801680"/>
  <node id="2584490009" lat="24.6682872" lon="121.5800331"/>
  <node id="2584490006" lat="24.6682374" lon="121.5795521"/>
  <node id="2584490008" lat="24.6682666" lon="121.5794314"/>
  <node id="2584490012" lat="24.6682837" lon="121.5793643"/>
  <node id="2584490018" lat="24.6683300" lon="121.5793026"/>
  <node id="2584490040" lat="24.6685591" lon="121.5791149"/>
  <node id="2584490045" lat="24.6685957" lon="121.5790639"/>
  <node id="2584490052" lat="24.6686615" lon="121.5787555"/>
  <node id="11016319443" lat="24.6686558" lon="121.5786913"/>
  <node id="2584490049" lat="24.6686260" lon="121.5786088"/>
  <node id="2584490039" lat="24.6686164" lon="121.5785370"/>
  <node id="2584490035" lat="24.6686145" lon="121.5784581"/>
  <node id="2584490044" lat="24.6686361" lon="121.5783835"/>
  <node id="2584490066" lat="24.6687557" lon="121.5781713"/>
  <node id="2584490073" lat="24.6688218" lon="121.5780971"/>
  <node id="11016319444" lat="24.6688877" lon="121.5780719"/>
  <node id="2584490085" lat="24.6689522" lon="121.5780781"/>
  <node id="2584490095" lat="24.6690655" lon="121.5781216"/>
  <node id="2584490111" lat="24.6691990" lon="121.5782905"/>
  <node id="2584490120" lat="24.6692204" lon="121.5783334"/>
  <node id="2584490121" lat="24.6692204" lon="121.5784407"/>
  <node id="2584490112" lat="24.6691990" lon="121.5785050"/>
  <node id="2584490086" lat="24.6689844" lon="121.5787625"/>
  <node id="2584490082" lat="24.6689630" lon="121.5788054"/>
  <node id="2584490078" lat="24.6689415" lon="121.5788698"/>
  <node id="2584490079" lat="24.6689415" lon="121.5791488"/>
  <node id="2584490068" lat="24.6688342" lon="121.5794277"/>
  <node id="2584490071" lat="24.6688557" lon="121.5794706"/>
  <node id="2584490074" lat="24.6688771" lon="121.5794921"/>
  <node id="2584490080" lat="24.6689471" lon="121.5795045"/>
  <node id="11016319445" lat="24.6690040" lon="121.5794869"/>
  <node id="2584490087" lat="24.6690533" lon="121.5794213"/>
  <node id="11016319446" lat="24.6690594" lon="121.5793342"/>
  <node id="2584490100" lat="24.6691076" lon="121.5791444"/>
  <node id="2584490109" lat="24.6691782" lon="121.5790183"/>
  <node id="11016319447" lat="24.6692370" lon="121.5789719"/>
  <node id="2584490113" lat="24.6692988" lon="121.5789420"/>
  <node id="11016319448" lat="24.6694751" lon="121.5788486"/>
  <node id="2584490162" lat="24.6697657" lon="121.5786294"/>
  <node id="2584490167" lat="24.6698287" lon="121.5785478"/>
  <node id="2584490171" lat="24.6698558" lon="121.5784229"/>
  <node id="2584490166" lat="24.6698631" lon="121.5782512"/>
  <node id="2584490172" lat="24.6699192" lon="121.5780125"/>
  <node id="2584490177" lat="24.6700021" lon="121.5778435"/>
  <node id="2584490181" lat="24.6700752" lon="121.5777362"/>
  <node id="2584490196" lat="24.6701176" lon="121.5776615"/>
  <node id="2584490202" lat="24.6701740" lon="121.5776173"/>
  <node id="2584490205" lat="24.6702142" lon="121.5776040"/>
  <node id="11016319449" lat="24.6702852" lon="121.5776189"/>
  <node id="2584490209" lat="24.6703141" lon="121.5776504"/>
  <node id="2584490210" lat="24.6703339" lon="121.5777409"/>
  <node id="11016319451" lat="24.6703241" lon="121.5778035"/>
  <node id="11016319450" lat="24.6702993" lon="121.5778530"/>
  <node id="2584490211" lat="24.6702227" lon="121.5779585"/>
  <node id="2584490198" lat="24.6701581" lon="121.5780983"/>
  <node id="2584490197" lat="24.6701483" lon="121.5781761"/>
  <node id="2584490199" lat="24.6701654" lon="121.5782780"/>
  <node id="2584490206" lat="24.6702504" lon="121.5785265"/>
  <node id="2584490208" lat="24.6702759" lon="121.5786573"/>
  <node id="11016319452" lat="24.6702541" lon="121.5788599"/>
  <node id="2584490200" lat="24.6702037" lon="121.5791105"/>
  <node id="2584490201" lat="24.6702005" lon="121.5792242"/>
  <node id="2584490203" lat="24.6702348" lon="121.5793220"/>
  <node id="11016319453" lat="24.6703288" lon="121.5794528"/>
  <node id="2584490217" lat="24.6704831" lon="121.5795903"/>
  <node id="2584490225" lat="24.6705768" lon="121.5796561"/>
  <node id="2584490228" lat="24.6706160" lon="121.5796626"/>
  <node id="11016319454" lat="24.6706382" lon="121.5796405"/>
  <node id="2584490230" lat="24.6706513" lon="121.5795970"/>
  <node id="2584490220" lat="24.6705821" lon="121.5791437"/>
  <node id="2584490223" lat="24.6705759" lon="121.5789385"/>
  <node id="11016319455" lat="24.6705933" lon="121.5788254"/>
  <node id="2584490235" lat="24.6706407" lon="121.5786991"/>
  <node id="2584490237" lat="24.6706358" lon="121.5786348"/>
  <node id="2584490234" lat="24.6706066" lon="121.5785623"/>
  <node id="2584490224" lat="24.6705676" lon="121.5784851"/>
  <node id="2584490222" lat="24.6705527" lon="121.5783993"/>
  <node id="2584490233" lat="24.6705725" lon="121.5783421"/>
  <node id="11016319456" lat="24.6706265" lon="121.5783191"/>
  <node id="2584490236" lat="24.6706985" lon="121.5783441"/>
  <node id="11016319457" lat="24.6707731" lon="121.5784401"/>
  <node id="2584490240" lat="24.6708295" lon="121.5785909"/>
  <node id="11016319458" lat="24.6708553" lon="121.5787870"/>
  <node id="2584490241" lat="24.6708795" lon="121.5790097"/>
  <node id="2584490242" lat="24.6709242" lon="121.5791891"/>
  <node id="2584490243" lat="24.6710159" lon="121.5793784"/>
  <node id="2584490244" lat="24.6710937" lon="121.5794994"/>
  <node id="2584490245" lat="24.6711357" lon="121.5795413"/>
  <node id="2584490250" lat="24.6711932" lon="121.5795628"/>
  <node id="2584490252" lat="24.6712514" lon="121.5795554"/>
  <node id="2584490255" lat="24.6713035" lon="121.5795244"/>
  <node id="2584490258" lat="24.6713398" lon="121.5794746"/>
  <node id="2584490257" lat="24.6713524" lon="121.5794019"/>
  <node id="2584490256" lat="24.6713378" lon="121.5792973"/>
  <node id="2584490249" lat="24.6712741" lon="121.5790713"/>
  <node id="2584490248" lat="24.6712516" lon="121.5789409"/>
  <node id="2584490247" lat="24.6712518" lon="121.5788939"/>
  <node id="2584490251" lat="24.6712678" lon="121.5788657"/>
  <node id="2584490254" lat="24.6713085" lon="121.5788487"/>
  <node id="2584490265" lat="24.6714362" lon="121.5788557"/>
  <node id="2584490288" lat="24.6715687" lon="121.5789069"/>
  <node id="2584490290" lat="24.6716949" lon="121.5789867"/>
  <node id="2584490292" lat="24.6717654" lon="121.5790116"/>
  <node id="2584490296" lat="24.6718338" lon="121.5790116"/>
  <node id="2584490298" lat="24.6718975" lon="121.5789919"/>
  <node id="2584490300" lat="24.6719384" lon="121.5789589"/>
  <node id="2584490299" lat="24.6719429" lon="121.5789077"/>
  <node id="2584490295" lat="24.6719241" lon="121.5788615"/>
  <node id="2584490282" lat="24.6718706" lon="121.5788138"/>
  <node id="2584490275" lat="24.6716780" lon="121.5787363"/>
  <node id="2584490271" lat="24.6716132" lon="121.5786804"/>
  <node id="2584490270" lat="24.6715897" lon="121.5786079"/>
  <node id="2584490274" lat="24.6715865" lon="121.5784818"/>
  <node id="2584490289" lat="24.6718009" lon="121.5781385"/>
  <node id="2584490291" lat="24.6718569" lon="121.5780769"/>
  <node id="2584490294" lat="24.6719227" lon="121.5780581"/>
  <node id="2584490312" lat="24.6721576" lon="121.5780542"/>
  <node id="2584490314" lat="24.6722201" lon="121.5780489"/>
  <node id="2584490316" lat="24.6722681" lon="121.5780272"/>
  <node id="2584490320" lat="24.6723356" lon="121.5779680"/>
  <node id="2584490321" lat="24.6723883" lon="121.5778569"/>
  <node id="2584490322" lat="24.6724946" lon="121.5777323"/>
  <node id="2584490323" lat="24.6725878" lon="121.5776676"/>
  <node id="11016319459" lat="24.6727968" lon="121.5775885"/>
  <node id="2584490348" lat="24.6731533" lon="121.5774963"/>
  <node id="2584490357" lat="24.6733497" lon="121.5774236"/>
  <node id="2584490369" lat="24.6735028" lon="121.5773315"/>
  <node id="2584490375" lat="24.6735874" lon="121.5772534"/>
  <node id="2584490378" lat="24.6736339" lon="121.5771512"/>
  <node id="2584490380" lat="24.6736446" lon="121.5770596"/>
  <node id="2584490379" lat="24.6736386" lon="121.5768779"/>
  <node id="2584490382" lat="24.6736671" lon="121.5768082"/>
  <node id="11016319460" lat="24.6737360" lon="121.5767882"/>
  <node id="2584490383" lat="24.6737838" lon="121.5768112"/>
  <node id="2584490387" lat="24.6738396" lon="121.5768877"/>
  <node id="2584490394" lat="24.6739261" lon="121.5770559"/>
  <node id="2584490397" lat="24.6739969" lon="121.5771460"/>
  <node id="2584490402" lat="24.6740373" lon="121.5771626"/>
  <node id="2584490407" lat="24.6741123" lon="121.5771562"/>
  <node id="2584490412" lat="24.6741643" lon="121.5771385"/>
  <node id="2584490425" lat="24.6742201" lon="121.5771103"/>
  <node id="2584490440" lat="24.6744270" lon="121.5770485"/>
  <node id="2584490453" lat="24.6744809" lon="121.5770506"/>
  <node id="2584490460" lat="24.6745183" lon="121.5770688"/>
  <node id="2584490465" lat="24.6745404" lon="121.5771003"/>
  <node id="2584490479" lat="24.6745499" lon="121.5771250"/>
  <node id="2584489621" lat="24.6557165" lon="121.5824227"/>
  <node id="8418291700" lat="24.6558065" lon="121.5821958"/>
  <node id="2584489623" lat="24.6558725" lon="121.5819902"/>
  <node id="2584489624" lat="24.6560291" lon="121.5816459"/>
  <node id="2584489625" lat="24.6561712" lon="121.5814274"/>
  <node id="2584489626" lat="24.6563456" lon="121.5812302"/>
  <node id="8418291699" lat="24.6565159" lon="121.5811068"/>
  <node id="2584489627" lat="24.6567392" lon="121.5809593"/>
  <node id="8418291698" lat="24.6568632" lon="121.5807849"/>
  <node id="2584489628" lat="24.6569418" lon="121.5806911"/>
  <node id="2584489629" lat="24.6570754" lon="121.5806293"/>
  <node id="2584489637" lat="24.6574263" lon="121.5806441"/>
  <node id="2584489639" lat="24.6575743" lon="121.5805999"/>
  <node id="2584489643" lat="24.6577355" lon="121.5804670"/>
  <node id="2584489654" lat="24.6579735" lon="121.5801949"/>
  <node id="2584489656" lat="24.6580030" lon="121.5801183"/>
  <node id="2584489662" lat="24.6581054" lon="121.5796852"/>
  <node id="2584489665" lat="24.6581544" lon="121.5795873"/>
  <node id="2584489677" lat="24.6582142" lon="121.5795149"/>
  <node id="2584489688" lat="24.6584573" lon="121.5793392"/>
  <node id="12860581306" lat="24.6585781" lon="121.5792145"/>
  <node id="2584489693" lat="24.6586293" lon="121.5791311"/>
  <node id="11016319464" lat="24.6586699" lon="121.5789870"/>
  <node id="11016319465" lat="24.6586693" lon="121.5789057"/>
  <node id="2584489695" lat="24.6586562" lon="121.5788176"/>
  <node id="2584489692" lat="24.6586387" lon="121.5787679"/>
  <node id="2584489691" lat="24.6586026" lon="121.5787330"/>
  <node id="2584489687" lat="24.6585445" lon="121.5787181"/>
  <node id="2584489684" lat="24.6584742" lon="121.5787180"/>
  <node id="2584489683" lat="24.6584140" lon="121.5787687"/>
  <node id="11016319463" lat="24.6583604" lon="121.5788768"/>
  <node id="2584489680" lat="24.6583087" lon="121.5789716"/>
  <node id="2584489678" lat="24.6582615" lon="121.5790112"/>
  <node id="2584489672" lat="24.6581869" lon="121.5790255"/>
  <node id="2584489660" lat="24.6580675" lon="121.5790186"/>
  <node id="2584489649" lat="24.6578700" lon="121.5790332"/>
  <node id="11016319462" lat="24.6578120" lon="121.5790306"/>
  <node id="2584489645" lat="24.6577561" lon="121.5790209"/>
  <node id="2584489642" lat="24.6576891" lon="121.5789389"/>
  <node id="2584489640" lat="24.6576491" lon="121.5787714"/>
  <node id="12860581307" lat="24.6575781" lon="121.5782965"/>
  <node id="2584489638" lat="24.6575260" lon="121.5777755"/>
  <node id="2584489636" lat="24.6574616" lon="121.5775609"/>
  <node id="2584489631" lat="24.6572900" lon="121.5772820"/>
  <node id="2584489630" lat="24.6572900" lon="121.5772390"/>
  <node id="2584489632" lat="24.6573225" lon="121.5771927"/>
  <node id="11016319461" lat="24.6573517" lon="121.5771800"/>
  <node id="2584489633" lat="24.6573789" lon="121.5771835"/>
  <node id="2584489634" lat="24.6574187" lon="121.5772176"/>
  <node id="2584489635" lat="24.6574616" lon="121.5772820"/>
  <node id="2584489641" lat="24.6577402" lon="121.5778779"/>
  <node id="2584489644" lat="24.6578154" lon="121.5779924"/>
  <node id="2584489652" lat="24.6579177" lon="121.5781262"/>
  <node id="2584489658" lat="24.6579749" lon="121.5781704"/>
  <node id="2584489664" lat="24.6580520" lon="121.5782040"/>
  <node id="2584489673" lat="24.6581263" lon="121.5782066"/>
  <node id="2584489690" lat="24.6582820" lon="121.5781614"/>
  <node id="2584489697" lat="24.6585483" lon="121.5780894"/>
  <node id="2584489698" lat="24.6586450" lon="121.5780434"/>
  <node id="2584489696" lat="24.6586871" lon="121.5779959"/>
  <node id="11016319466" lat="24.6587048" lon="121.5779197"/>
  <node id="11016319467" lat="24.6586823" lon="121.5778517"/>
  <node id="2584489694" lat="24.6586442" lon="121.5778113"/>
  <node id="2584489689" lat="24.6586045" lon="121.5777987"/>
  <node id="2584489686" lat="24.6585427" lon="121.5778098"/>
  <node id="2584489671" lat="24.6583496" lon="121.5778845"/>
  <node id="2584489663" lat="24.6582726" lon="121.5779052"/>
  <node id="2584489655" lat="24.6581842" lon="121.5779016"/>
  <node id="11016319468" lat="24.6581252" lon="121.5778813"/>
  <node id="2584489651" lat="24.6580276" lon="121.5777932"/>
  <node id="11016319469" lat="24.6579507" lon="121.5776600"/>
  <node id="2584489647" lat="24.6578843" lon="121.5774612"/>
  <node id="2584489646" lat="24.6578207" lon="121.5770429"/>
  <node id="2584489648" lat="24.6578302" lon="121.5769815"/>
  <node id="2584489650" lat="24.6578585" lon="121.5769149"/>
  <node id="11016319470" lat="24.6578985" lon="121.5768893"/>
  <node id="2584489653" lat="24.6579395" lon="121.5769016"/>
  <node id="11016319471" lat="24.6579760" lon="121.5769259"/>
  <node id="2584489661" lat="24.6580063" lon="121.5769594"/>
  <node id="2584489670" lat="24.6582450" lon="121.5773771"/>
  <node id="2584489676" lat="24.6582754" lon="121.5773940"/>
  <node id="2584489682" lat="24.6583358" lon="121.5773932"/>
  <node id="2584489701" lat="24.6584347" lon="121.5773690"/>
  <node id="2584489703" lat="24.6587538" lon="121.5772006"/>
  <node id="2584489704" lat="24.6588078" lon="121.5771770"/>
  <node id="2584489702" lat="24.6588628" lon="121.5771264"/>
  <node id="2584489700" lat="24.6588839" lon="121.5770697"/>
  <node id="2584489699" lat="24.6588811" lon="121.5770180"/>
  <node id="11016319486" lat="24.6588674" lon="121.5769887"/>
  <node id="11016319487" lat="24.6588266" lon="121.5769645"/>
  <node id="11016319488" lat="24.6587254" lon="121.5769610"/>
  <node id="11016319485" lat="24.6586346" lon="121.5769804"/>
  <node id="11016319484" lat="24.6585324" lon="121.5769792"/>
  <node id="2584489681" lat="24.6583609" lon="121.5769442"/>
  <node id="2584489675" lat="24.6582725" lon="121.5769146"/>
  <node id="2584489669" lat="24.6582383" lon="121.5768826"/>
  <node id="2584489667" lat="24.6582264" lon="121.5768435"/>
  <node id="2584489666" lat="24.6582342" lon="121.5768121"/>
  <node id="2584489668" lat="24.6582548" lon="121.5767896"/>
  <node id="2584489674" lat="24.6582864" lon="121.5767845"/>
  <node id="2584489679" lat="24.6583780" lon="121.5767974"/>
  <node id="2584489685" lat="24.6585543" lon="121.5768065"/>
  <node id="2584489705" lat="24.6588743" lon="121.5767680"/>
  <node id="2584489706" lat="24.6589460" lon="121.5767713"/>
  <node id="2584489707" lat="24.6590678" lon="121.5768037"/>
  <node id="2584489708" lat="24.6592078" lon="121.5768487"/>
  <node id="11016319489" lat="24.6593579" lon="121.5768517"/>
  <node id="2584489714" lat="24.6600889" lon="121.5767786"/>
  <node id="2584489716" lat="24.6602550" lon="121.5767902"/>
  <node id="2584489725" lat="24.6609275" lon="121.5769494"/>
  <node id="2584489726" lat="24.6609705" lon="121.5769708"/>
  <node id="2584489727" lat="24.6610377" lon="121.5770213"/>
  <node id="2584489728" lat="24.6610900" lon="121.5770788"/>
  <node id="2584489729" lat="24.6611382" lon="121.5771836"/>
  <node id="4430888872" lat="24.6611747" lon="121.5772902"/>
  <node id="11016319490" lat="24.6612120" lon="121.5773356"/>
  <node id="2584489731" lat="24.6612623" lon="121.5773714"/>
  <node id="4430888873" lat="24.6612976" lon="121.5773774"/>
  <node id="2584489733" lat="24.6613360" lon="121.5773643"/>
  <node id="11016319491" lat="24.6613585" lon="121.5773190"/>
  <node id="2584489732" lat="24.6613411" lon="121.5771618"/>
  <node id="11016319492" lat="24.6613162" lon="121.5770701"/>
  <node id="2584489730" lat="24.6612862" lon="121.5769862"/>
  <node id="2584489724" lat="24.6609348" lon="121.5765042"/>
  <node id="2584489723" lat="24.6608705" lon="121.5764398"/>
  <node id="2584489721" lat="24.6607691" lon="121.5763325"/>
  <node id="2584489720" lat="24.6607084" lon="121.5762857"/>
  <node id="11016319493" lat="24.6605700" lon="121.5762322"/>
  <node id="2584489715" lat="24.6604143" lon="121.5761978"/>
  <node id="2584489712" lat="24.6600104" lon="121.5760601"/>
  <node id="2584489710" lat="24.6599472" lon="121.5760071"/>
  <node id="2584489709" lat="24.6598846" lon="121.5759210"/>
  <node id="2584489711" lat="24.6598592" lon="121.5758571"/>
  <node id="11016319494" lat="24.6598566" lon="121.5758074"/>
  <node id="11016319495" lat="24.6598684" lon="121.5757625"/>
  <node id="11016319496" lat="24.6598899" lon="121.5757295"/>
  <node id="11016319497" lat="24.6599294" lon="121.5757025"/>
  <node id="11016319498" lat="24.6599960" lon="121.5756756"/>
  <node id="11016319499" lat="24.6601206" lon="121.5756564"/>
  <node id="2584489713" lat="24.6602469" lon="121.5756334"/>
  <node id="11016319500" lat="24.6603065" lon="121.5756340"/>
  <node id="2584489717" lat="24.6604035" lon="121.5756441"/>
  <node id="2584489718" lat="24.6605278" lon="121.5756680"/>
  <node id="2584489719" lat="24.6606267" lon="121.5757038"/>
  <node id="2584489722" lat="24.6608760" lon="121.5758465"/>
  <node id="2584489734" lat="24.6614313" lon="121.5761232"/>
  <node id="2584489735" lat="24.6615601" lon="121.5762091"/>
  <node id="11016319501" lat="24.6616883" lon="121.5763325"/>
  <node id="2584489736" lat="24.6618390" lon="121.5765095"/>
  <node id="2584489737" lat="24.6619704" lon="121.5767159"/>
  <node id="2584489738" lat="24.6620107" lon="121.5767884"/>
  <node id="2584489739" lat="24.6620641" lon="121.5768342"/>
  <node id="11016319502" lat="24.6622118" lon="121.5768627"/>
  <node id="2584489740" lat="24.6623656" lon="121.5769085"/>
  <node id="2584489741" lat="24.6624233" lon="121.5769404"/>
  <node id="2584489742" lat="24.6624824" lon="121.5769841"/>
  <node id="2584489743" lat="24.6625485" lon="121.5770708"/>
  <node id="2584489744" lat="24.6626372" lon="121.5772083"/>
  <node id="11016319503" lat="24.6626918" lon="121.5772632"/>
  <node id="11016319504" lat="24.6627695" lon="121.5773002"/>
  <node id="2584489754" lat="24.6628724" lon="121.5773334"/>
  <node id="2584489755" lat="24.6629109" lon="121.5773571"/>
  <node id="2584489757" lat="24.6629416" lon="121.5774061"/>
  <node id="11016319505" lat="24.6629529" lon="121.5774755"/>
  <node id="2584489758" lat="24.6629260" lon="121.5776118"/>
  <node id="2584489749" lat="24.6628295" lon="121.5779648"/>
  <node id="2584489750" lat="24.6628208" lon="121.5780453"/>
  <node id="2584489751" lat="24.6628293" lon="121.5780925"/>
  <node id="2584489753" lat="24.6628647" lon="121.5781393"/>
  <node id="11016319506" lat="24.6629113" lon="121.5781660"/>
  <node id="2584489759" lat="24.6629615" lon="121.5781831"/>
  <node id="2584489767" lat="24.6633754" lon="121.5782474"/>
  <node id="2584489773" lat="24.6634851" lon="121.5782563"/>
  <node id="11016319507" lat="24.6638544" lon="121.5782218"/>
  <node id="2584489776" lat="24.6639386" lon="121.5781930"/>
  <node id="2584489780" lat="24.6639659" lon="121.5781619"/>
  <node id="2584489779" lat="24.6639729" lon="121.5781248"/>
  <node id="2584489778" lat="24.6639607" lon="121.5780709"/>
  <node id="2584489777" lat="24.6639341" lon="121.5780356"/>
  <node id="2584489775" lat="24.6638163" lon="121.5779912"/>
  <node id="2584489771" lat="24.6636707" lon="121.5779411"/>
  <node id="2584489770" lat="24.6635323" lon="121.5779048"/>
  <node id="2584489768" lat="24.6634827" lon="121.5778811"/>
  <node id="2584489766" lat="24.6634365" lon="121.5778405"/>
  <node id="11016319508" lat="24.6633400" lon="121.5777462"/>
  <node id="11016319509" lat="24.6633116" lon="121.5776972"/>
  <node id="11016319510" lat="24.6632953" lon="121.5776392"/>
  <node id="2584489765" lat="24.6632894" lon="121.5775754"/>
  <node id="2584489764" lat="24.6633030" lon="121.5768434"/>
  <node id="2584489763" lat="24.6632939" lon="121.5766750"/>
  <node id="11016319511" lat="24.6632652" lon="121.5765614"/>
  <node id="2584489762" lat="24.6632347" lon="121.5764822"/>
  <node id="2584489760" lat="24.6630812" lon="121.5762746"/>
  <node id="2584489756" lat="24.6630185" lon="121.5762006"/>
  <node id="2584489747" lat="24.6628436" lon="121.5759021"/>
  <node id="11016319512" lat="24.6627034" lon="121.5756027"/>
  <node id="11016319513" lat="24.6626924" lon="121.5755362"/>
  <node id="11016319514" lat="24.6627094" lon="121.5754895"/>
  <node id="2584489745" lat="24.6627352" lon="121.5754563"/>
  <node id="2584489746" lat="24.6627715" lon="121.5754492"/>
  <node id="2584489748" lat="24.6628045" lon="121.5754580"/>
  <node id="2584489752" lat="24.6628504" lon="121.5754956"/>
  <node id="2584489761" lat="24.6631957" lon="121.5758616"/>
  <node id="11016319515" lat="24.6633188" lon="121.5759782"/>
  <node id="2584489769" lat="24.6633933" lon="121.5760279"/>
  <node id="2584489772" lat="24.6635627" lon="121.5760996"/>
  <node id="11016319516" lat="24.6637095" lon="121.5761352"/>
  <node id="11016319517" lat="24.6638115" lon="121.5761472"/>
  <node id="2584489774" lat="24.6639188" lon="121.5761420"/>
  <node id="11016319518" lat="24.6640044" lon="121.5761198"/>
  <node id="11016319519" lat="24.6642479" lon="121.5760504"/>
  <node id="2584489785" lat="24.6645244" lon="121.5759561"/>
  <node id="11016319520" lat="24.6646942" lon="121.5758886"/>
  <node id="11016319521" lat="24.6647816" lon="121.5758358"/>
  <node id="2584489789" lat="24.6648795" lon="121.5757839"/>
  <node id="11016319522" lat="24.6649997" lon="121.5757552"/>
  <node id="2584489795" lat="24.6651051" lon="121.5757494"/>
  <node id="2584489806" lat="24.6652919" lon="121.5757400"/>
  <node id="2584489813" lat="24.6654654" lon="121.5757155"/>
  <node id="2584489851" lat="24.6661687" lon="121.5755016"/>
  <node id="2584489857" lat="24.6662307" lon="121.5754902"/>
  <node id="2584489860" lat="24.6663009" lon="121.5754656"/>
  <node id="2584489856" lat="24.6663332" lon="121.5754442"/>
  <node id="11016319523" lat="24.6663469" lon="121.5754063"/>
  <node id="11016319524" lat="24.6663459" lon="121.5753615"/>
  <node id="2584489853" lat="24.6663197" lon="121.5753196"/>
  <node id="11016319525" lat="24.6662717" lon="121.5752935"/>
  <node id="2584489847" lat="24.6662064" lon="121.5752828"/>
  <node id="11016319526" lat="24.6657393" lon="121.5753248"/>
  <node id="2584489805" lat="24.6652783" lon="121.5753076"/>
  <node id="2584489800" lat="24.6652162" lon="121.5752919"/>
  <node id="2584489796" lat="24.6651832" lon="121.5752729"/>
  <node id="2584489793" lat="24.6651498" lon="121.5752443"/>
  <node id="2584489792" lat="24.6651170" lon="121.5752038"/>
  <node id="2584489791" lat="24.6650996" lon="121.5751514"/>
  <node id="2584489794" lat="24.6651008" lon="121.5751090"/>
  <node id="11016319527" lat="24.6651323" lon="121.5750505"/>
  <node id="11016319528" lat="24.6651906" lon="121.5750155"/>
  <node id="2584489797" lat="24.6652576" lon="121.5750015"/>
  <node id="2584489820" lat="24.6656669" lon="121.5749554"/>
  <node id="11016319529" lat="24.6658640" lon="121.5749220"/>
  <node id="2584489845" lat="24.6661029" lon="121.5748542"/>
  <node id="11016319530" lat="24.6661844" lon="121.5748528"/>
  <node id="2584489859" lat="24.6662584" lon="121.5748597"/>
  <node id="2584489878" lat="24.6663337" lon="121.5748822"/>
  <node id="2584489884" lat="24.6667528" lon="121.5750718"/>
  <node id="2584489894" lat="24.6669459" lon="121.5750933"/>
  <node id="2584489945" lat="24.6670370" lon="121.5750821"/>
  <node id="2584489948" lat="24.6672254" lon="121.5750129"/>
  <node id="2584489952" lat="24.6673147" lon="121.5749590"/>
  <node id="2584489958" lat="24.6673676" lon="121.5749119"/>
  <node id="2584489957" lat="24.6673916" lon="121.5748664"/>
  <node id="2584489955" lat="24.6673962" lon="121.5748197"/>
  <node id="2584489951" lat="24.6673733" lon="121.5747886"/>
  <node id="11016319531" lat="24.6673353" lon="121.5747721"/>
  <node id="2584489939" lat="24.6672946" lon="121.5747738"/>
  <node id="11016319532" lat="24.6671180" lon="121.5748337"/>
  <node id="2584489897" lat="24.6670439" lon="121.5748524"/>
  <node id="11016319533" lat="24.6669331" lon="121.5748653"/>
  <node id="2584489889" lat="24.6668363" lon="121.5748553"/>
  <node id="2584489883" lat="24.6667453" lon="121.5748258"/>
  <node id="11016319534" lat="24.6666476" lon="121.5747836"/>
  <node id="2584489868" lat="24.6665168" lon="121.5747070"/>
  <node id="2584489837" lat="24.6660662" lon="121.5743852"/>
  <node id="2584489827" lat="24.6658188" lon="121.5741815"/>
  <node id="2584489824" lat="24.6657700" lon="121.5741244"/>
  <node id="2584489819" lat="24.6657390" lon="121.5740671"/>
  <node id="2584489818" lat="24.6657286" lon="121.5740214"/>
  <node id="2584489823" lat="24.6657405" lon="121.5739775"/>
  <node id="2584489828" lat="24.6657603" lon="121.5739574"/>
  <node id="11016319535" lat="24.6658143" lon="121.5739531"/>
  <node id="2584489830" lat="24.6658562" lon="121.5739737"/>
  <node id="11016319536" lat="24.6662295" lon="121.5742432"/>
  <node id="2584489882" lat="24.6665315" lon="121.5744334"/>
  <node id="11016319537" lat="24.6666501" lon="121.5744820"/>
  <node id="2584489888" lat="24.6667670" lon="121.5745190"/>
  <node id="2584489891" lat="24.6668569" lon="121.5745300"/>
  <node id="11016319538" lat="24.6669734" lon="121.5745045"/>
  <node id="2584489934" lat="24.6671820" lon="121.5743852"/>
  <node id="2584489944" lat="24.6672206" lon="121.5743480"/>
  <node id="11016319539" lat="24.6672453" lon="121.5743032"/>
  <node id="2584489943" lat="24.6672440" lon="121.5742650"/>
  <node id="11016319540" lat="24.6672211" lon="121.5742335"/>
  <node id="2584489930" lat="24.6671852" lon="121.5742125"/>
  <node id="11016319541" lat="24.6671279" lon="121.5742035"/>
  <node id="2584489919" lat="24.6670575" lon="121.5742307"/>
  <node id="11016319542" lat="24.6669318" lon="121.5742951"/>
  <node id="11016319543" lat="24.6668655" lon="121.5743139"/>
  <node id="2584489887" lat="24.6667931" lon="121.5743098"/>
  <node id="11016319544" lat="24.6667338" lon="121.5742962"/>
  <node id="2584489879" lat="24.6666780" lon="121.5742701"/>
  <node id="2584489876" lat="24.6666081" lon="121.5742046"/>
  <node id="2584489855" lat="24.6664076" lon="121.5740111"/>
  <node id="2584489850" lat="24.6663429" lon="121.5739237"/>
  <node id="2584489846" lat="24.6663181" lon="121.5738794"/>
  <node id="2584489849" lat="24.6662856" lon="121.5737917"/>
  <node id="2584489854" lat="24.6662781" lon="121.5737345"/>
  <node id="11016319545" lat="24.6662925" lon="121.5736914"/>
  <node id="2584489862" lat="24.6663295" lon="121.5736427"/>
  <node id="2584489863" lat="24.6663721" lon="121.5736297"/>
  <node id="11016319546" lat="24.6664306" lon="121.5736344"/>
  <node id="2584489867" lat="24.6665142" lon="121.5736821"/>
  <node id="2584489874" lat="24.6666156" lon="121.5737604"/>
  <node id="11016319547" lat="24.6666895" lon="121.5738060"/>
  <node id="2584489877" lat="24.6667791" lon="121.5738344"/>
  <node id="11016319548" lat="24.6668938" lon="121.5738380"/>
  <node id="2584489908" lat="24.6670051" lon="121.5738072"/>
  <node id="2584489922" lat="24.6670712" lon="121.5737748"/>
  <node id="2584489927" lat="24.6671176" lon="121.5737414"/>
  <node id="2584489929" lat="24.6671391" lon="121.5736985"/>
  <node id="11016319549" lat="24.6671469" lon="121.5736389"/>
  <node id="2584489928" lat="24.6671391" lon="121.5735698"/>
  <node id="2584489896" lat="24.6670139" lon="121.5732230"/>
  <node id="2584489893" lat="24.6669872" lon="121.5731106"/>
  <node id="2584489895" lat="24.6669792" lon="121.5730239"/>
  <node id="2584489907" lat="24.6669943" lon="121.5729180"/>
  <node id="11016319550" lat="24.6670301" lon="121.5728274"/>
  <node id="2584489918" lat="24.6670850" lon="121.5727580"/>
  <node id="2584489926" lat="24.6671389" lon="121.5727222"/>
  <node id="2584489938" lat="24.6672169" lon="121.5727031"/>
  <node id="2584489954" lat="24.6672967" lon="121.5727130"/>
  <node id="2584489961" lat="24.6674226" lon="121.5727594"/>
  <node id="2584489968" lat="24.6675078" lon="121.5727692"/>
  <node id="2584489985" lat="24.6677832" lon="121.5727651"/>
  <node id="2584489990" lat="24.6678691" lon="121.5727651"/>
  <node id="11016319551" lat="24.6679203" lon="121.5727837"/>
  <node id="11016319552" lat="24.6680102" lon="121.5728742"/>
  <node id="2584490003" lat="24.6681062" lon="121.5730021"/>
  <node id="2584490005" lat="24.6681808" lon="121.5730789"/>
  <node id="2584490030" lat="24.6684917" lon="121.5732702"/>
  <node id="2584490038" lat="24.6685596" lon="121.5732987"/>
  <node id="11016319553" lat="24.6686361" lon="121.5733597"/>
  <node id="2584490055" lat="24.6686944" lon="121.5734283"/>
  <node id="11016319554" lat="24.6687587" lon="121.5735108"/>
  <node id="11016319555" lat="24.6688665" lon="121.5737863"/>
  <node id="11016319556" lat="24.6689090" lon="121.5739183"/>
  <node id="2584490076" lat="24.6689551" lon="121.5740006"/>
  <node id="2584490084" lat="24.6690013" lon="121.5740502"/>
  <node id="11016319557" lat="24.6690414" lon="121.5740855"/>
  <node id="2584490104" lat="24.6690903" lon="121.5741027"/>
  <node id="11016319558" lat="24.6691425" lon="121.5741106"/>
  <node id="2584490119" lat="24.6692190" lon="121.5741081"/>
  <node id="11016319559" lat="24.6692869" lon="121.5740933"/>
  <node id="2584490135" lat="24.6694148" lon="121.5740441"/>
  <node id="11016319560" lat="24.6695204" lon="121.5739984"/>
  <node id="2584490139" lat="24.6695600" lon="121.5739603"/>
  <node id="2584490142" lat="24.6696134" lon="121.5738831"/>
  <node id="2584490147" lat="24.6696819" lon="121.5737920"/>
  <node id="2584490150" lat="24.6697250" lon="121.5737638"/>
  <node id="2584490164" lat="24.6697706" lon="121.5737539"/>
  <node id="11016319561" lat="24.6700592" lon="121.5737542"/>
  <node id="11016319562" lat="24.6701565" lon="121.5737466"/>
  <node id="2584490204" lat="24.6702504" lon="121.5737200"/>
  <node id="2584490213" lat="24.6702971" lon="121.5736980"/>
  <node id="2584490214" lat="24.6703841" lon="121.5736475"/>
  <node id="2584490216" lat="24.6704572" lon="121.5736054"/>
  <node id="2584490218" lat="24.6705004" lon="121.5735641"/>
  <node id="2584490227" lat="24.6705655" lon="121.5734591"/>
  <node id="2584490232" lat="24.6706292" lon="121.5733779"/>
  <node id="11016319563" lat="24.6706729" lon="121.5733371"/>
  <node id="11016319564" lat="24.6707386" lon="121.5733109"/>
  <node id="2584490239" lat="24.6708078" lon="121.5732981"/>
  <node id="11016319565" lat="24.6708778" lon="121.5733229"/>
  <node id="2584490253" lat="24.6711328" lon="121.5734080"/>
  <node id="2584490267" lat="24.6713586" lon="121.5734577"/>
  <node id="2584490269" lat="24.6714239" lon="121.5734641"/>
  <node id="11016319566" lat="24.6714808" lon="121.5734531"/>
  <node id="2584490278" lat="24.6715368" lon="121.5734193"/>
  <node id="2584490293" lat="24.6719027" lon="121.5730333"/>
  <node id="2584490297" lat="24.6719456" lon="121.5729904"/>
  <node id="11016319567" lat="24.6719876" lon="121.5729818"/>
  <node id="2584490302" lat="24.6720314" lon="121.5729904"/>
  <node id="2584490305" lat="24.6720529" lon="121.5730151"/>
  <node id="2584490306" lat="24.6720743" lon="121.5730762"/>
  <node id="11016319571" lat="24.6721131" lon="121.5731136"/>
  <node id="11016319570" lat="24.6721798" lon="121.5731509"/>
  <node id="11016319569" lat="24.6722088" lon="121.5732046"/>
  <node id="11016319568" lat="24.6722164" lon="121.5732528"/>
  <node id="2584490309" lat="24.6722143" lon="121.5733203"/>
  <node id="2584490310" lat="24.6722227" lon="121.5734144"/>
  <node id="2584490317" lat="24.6722674" lon="121.5735269"/>
  <node id="2584490318" lat="24.6722889" lon="121.5735698"/>
  <node id="2584490319" lat="24.6722889" lon="121.5736127"/>
  <node id="2584490315" lat="24.6722460" lon="121.5736985"/>
  <node id="2584490307" lat="24.6721396" lon="121.5739612"/>
  <node id="2584490303" lat="24.6720899" lon="121.5740982"/>
  <node id="2584490301" lat="24.6720606" lon="121.5743319"/>
  <node id="11016319572" lat="24.6720657" lon="121.5744923"/>
  <node id="2584490304" lat="24.6720777" lon="121.5745809"/>
  <node id="2584490308" lat="24.6721036" lon="121.5746533"/>
  <node id="2584490311" lat="24.6721862" lon="121.5747588"/>
  <node id="2584490324" lat="24.6725386" lon="121.5750152"/>
  <node id="2584490328" lat="24.6728312" lon="121.5752112"/>
  <node id="11016319573" lat="24.6729117" lon="121.5752779"/>
  <node id="2584490330" lat="24.6729889" lon="121.5753130"/>
  <node id="2584490338" lat="24.6730788" lon="121.5753317"/>
  <node id="2584490343" lat="24.6731550" lon="121.5753317"/>
  <node id="11016319574" lat="24.6735554" lon="121.5752998"/>
  <node id="11016365189" lat="24.6739513" lon="121.5752829"/>
  <node id="2584490399" lat="24.6740360" lon="121.5752588"/>
  <node id="2584490433" lat="24.6742519" lon="121.5753254"/>
  <node id="2584490441" lat="24.6743769" lon="121.5753343"/>
  <node id="2584490449" lat="24.6744278" lon="121.5753516"/>
  <node id="2584490452" lat="24.6744945" lon="121.5754021"/>
  <node id="2584490478" lat="24.6745484" lon="121.5754626"/>
  <node id="2584490485" lat="24.6745999" lon="121.5755603"/>
  <node id="2584490457" lat="24.6746025" lon="121.5756774"/>
  <node id="11016365190" lat="24.6745533" lon="121.5758251"/>
  <node id="2584490447" lat="24.6744902" lon="121.5760320"/>
  <node id="2584490430" lat="24.6744434" lon="121.5761003"/>
  <node id="2584490422" lat="24.6743667" lon="121.5762094"/>
  <node id="2584490423" lat="24.6743116" lon="121.5763372"/>
  <node id="2584490424" lat="24.6742201" lon="121.5764880"/>
  <node id="2584490419" lat="24.6741986" lon="121.5765309"/>
  <node id="2584490404" lat="24.6741474" lon="121.5766105"/>
  <node id="2584490400" lat="24.6740061" lon="121.5767572"/>
  <node id="2584490401" lat="24.6739888" lon="121.5768120"/>
  <node id="2584490405" lat="24.6739893" lon="121.5768754"/>
  <node id="11016365191" lat="24.6740135" lon="121.5769689"/>
  <node id="11016365192" lat="24.6740473" lon="121.5770320"/>
  <node id="11016365193" lat="24.6740868" lon="121.5770654"/>
  <node id="11016365194" lat="24.6741465" lon="121.5770993"/>
  <node id="11016319575" lat="24.6729379" lon="121.5737289"/>
  <node id="11016319576" lat="24.6730040" lon="121.5737615"/>
  <node id="2584490337" lat="24.6730638" lon="121.5738219"/>
  <node id="2584490342" lat="24.6731770" lon="121.5739738"/>
  <node id="2584490353" lat="24.6732655" lon="121.5740425"/>
  <node id="2584490361" lat="24.6733088" lon="121.5741069"/>
  <node id="2584490363" lat="24.6733521" lon="121.5742189"/>
  <node id="2584490366" lat="24.6734039" lon="121.5742893"/>
  <node id="11016319577" lat="24.6735073" lon="121.5743760"/>
  <node id="2584490373" lat="24.6735855" lon="121.5744141"/>
  <node id="2584490377" lat="24.6736784" lon="121.5744345"/>
  <node id="2584490395" lat="24.6739324" lon="121.5744715"/>
  <node id="2584490398" lat="24.6739889" lon="121.5744946"/>
  <node id="2584490414" lat="24.6741374" lon="121.5746446"/>
  <node id="2584490418" lat="24.6742144" lon="121.5746675"/>
  <node id="2584490429" lat="24.6743702" lon="121.5746481"/>
  <node id="2584490455" lat="24.6744613" lon="121.5746541"/>
  <node id="2584490473" lat="24.6747436" lon="121.5747081"/>
  <node id="2584490496" lat="24.6748392" lon="121.5747440"/>
  <node id="2584490518" lat="24.6750017" lon="121.5748424"/>
  <node id="2584490533" lat="24.6750773" lon="121.5749001"/>
  <node id="2584490536" lat="24.6751396" lon="121.5749170"/>
  <node id="11016319578" lat="24.6751719" lon="121.5749076"/>
  <node id="11016319579" lat="24.6751869" lon="121.5748821"/>
  <node id="2584490532" lat="24.6751830" lon="121.5748427"/>
  <node id="11016319580" lat="24.6751648" lon="121.5748183"/>
  <node id="2584490508" lat="24.6751114" lon="121.5748049"/>
  <node id="2584490507" lat="24.6750672" lon="121.5747714"/>
  <node id="11016319581" lat="24.6747971" lon="121.5744532"/>
  <node id="12343369520" lat="24.6746678" lon="121.5743580"/>
  <node id="12343369521" lat="24.6745782" lon="121.5742625"/>
  <node id="2584490451" lat="24.6744855" lon="121.5741149"/>
  <node id="11016319582" lat="24.6744417" lon="121.5740705"/>
  <node id="2584490444" lat="24.6743680" lon="121.5740379"/>
  <node id="2584490417" lat="24.6741002" lon="121.5739923"/>
  <node id="2584490411" lat="24.6740728" lon="121.5739550"/>
  <node id="2584490409" lat="24.6740758" lon="121.5739035"/>
  <node id="11016319583" lat="24.6740993" lon="121.5738623"/>
  <node id="12343369303" lat="24.6741471" lon="121.5738682"/>
  <node id="12343369302" lat="24.6743360" lon="121.5739198"/>
  <node id="12343369301" lat="24.6744725" lon="121.5738605"/>
  <node id="12343357800" lat="24.6745855" lon="121.5737756"/>
  <node id="12343357799" lat="24.6747144" lon="121.5735839"/>
  <node id="12343357798" lat="24.6747567" lon="121.5735399"/>
  <node id="12343357797" lat="24.6747933" lon="121.5735342"/>
  <node id="12343357796" lat="24.6748280" lon="121.5735530"/>
  <node id="12343357795" lat="24.6749328" lon="121.5736549"/>
  <node id="12343357794" lat="24.6750334" lon="121.5739674"/>
  <node id="12343357793" lat="24.6751095" lon="121.5741304"/>
  <node id="12343357792" lat="24.6751577" lon="121.5741733"/>
  <node id="2584490490" lat="24.6747875" lon="121.5853961"/>
  <node id="3016459989" lat="24.6747636" lon="121.5853157"/>
  <node id="2584490487" lat="24.6747277" lon="121.5852499"/>
  <node id="3016459987" lat="24.6746938" lon="121.5851941"/>
  <node id="3016459990" lat="24.6745891" lon="121.5849515"/>
  <node id="3016459988" lat="24.6744722" lon="121.5847407"/>
  <node id="2584490439" lat="24.6743916" lon="121.5845964"/>
  <node id="3016459985" lat="24.6743338" lon="121.5844594"/>
  <node id="2584490435" lat="24.6743390" lon="121.5843670"/>
  <node id="11016369333" lat="24.6743665" lon="121.5843089"/>
  <node id="11016369332" lat="24.6744243" lon="121.5842609"/>
  <node id="11016369331" lat="24.6744916" lon="121.5842375"/>
  <node id="2584490436" lat="24.6745493" lon="121.5842362"/>
  <node id="2584490438" lat="24.6745797" lon="121.5842447"/>
  <node id="2584490443" lat="24.6746174" lon="121.5842606"/>
  <node id="2584490454" lat="24.6746800" lon="121.5843051"/>
  <node id="2584490466" lat="24.6747509" lon="121.5843596"/>
  <node id="11017313927" lat="24.6749164" lon="121.5845195"/>
  <node id="2584490512" lat="24.6750106" lon="121.5846104"/>
  <node id="11016369330" lat="24.6750878" lon="121.5846810"/>
  <node id="11016369329" lat="24.6751578" lon="121.5847563"/>
  <node id="11016369328" lat="24.6752239" lon="121.5848711"/>
  <node id="2584490522" lat="24.6752562" lon="121.5849670"/>
  <node id="2584490527" lat="24.6752810" lon="121.5851027"/>
  <node id="2584490540" lat="24.6753218" lon="121.5852291"/>
  <node id="2584490542" lat="24.6754018" lon="121.5853481"/>
  <node id="11016369327" lat="24.6756139" lon="121.5855856"/>
  <node id="11017313964" lat="24.6757461" lon="121.5857655"/>
  <node id="11016369326" lat="24.6758215" lon="121.5858681"/>
  <node id="2584490589" lat="24.6760220" lon="121.5860783"/>
  <node id="11016369325" lat="24.6760745" lon="121.5861116"/>
  <node id="2584490595" lat="24.6761429" lon="121.5861210"/>
  <node id="2584490601" lat="24.6761793" lon="121.5861042"/>
  <node id="2584490605" lat="24.6761971" lon="121.5860719"/>
  <node id="11016369324" lat="24.6761984" lon="121.5860332"/>
  <node id="2584490604" lat="24.6761795" lon="121.5859866"/>
  <node id="11016369323" lat="24.6761493" lon="121.5859397"/>
  <node id="11016369322" lat="24.6761193" lon="121.5858740"/>
  <node id="11016369321" lat="24.6760580" lon="121.5857229"/>
  <node id="2584490592" lat="24.6760231" lon="121.5855792"/>
  <node id="11017313934" lat="24.6759769" lon="121.5853537"/>
  <node id="11016369320" lat="24.6758839" lon="121.5849188"/>
  <node id="2584490558" lat="24.6756772" lon="121.5841303"/>
  <node id="11016369319" lat="24.6756619" lon="121.5840447"/>
  <node id="2584490557" lat="24.6756568" lon="121.5839433"/>
  <node id="2584490556" lat="24.6756774" lon="121.5838128"/>
  <node id="2584490567" lat="24.6757335" lon="121.5835693"/>
  <node id="11016369318" lat="24.6757625" lon="121.5834630"/>
  <node id="2584490572" lat="24.6758104" lon="121.5833760"/>
  <node id="11016369317" lat="24.6758927" lon="121.5832977"/>
  <node id="2584490587" lat="24.6759772" lon="121.5832433"/>
  <node id="2584490598" lat="24.6761147" lon="121.5831949"/>
  <node id="2584490618" lat="24.6763722" lon="121.5831520"/>
  <node id="2584490629" lat="24.6766297" lon="121.5830447"/>
  <node id="2584490634" lat="24.6767584" lon="121.5829374"/>
  <node id="2584490635" lat="24.6768013" lon="121.5828730"/>
  <node id="2584490640" lat="24.6770588" lon="121.5823795"/>
  <node id="2584490642" lat="24.6770803" lon="121.5823151"/>
  <node id="11016369316" lat="24.6770697" lon="121.5822082"/>
  <node id="2584490639" lat="24.6770374" lon="121.5820791"/>
  <node id="2584490637" lat="24.6770202" lon="121.5820259"/>
  <node id="11016369315" lat="24.6770165" lon="121.5819635"/>
  <node id="2584490638" lat="24.6770229" lon="121.5819130"/>
  <node id="2584490641" lat="24.6770673" lon="121.5817881"/>
  <node id="11016369314" lat="24.6770864" lon="121.5817028"/>
  <node id="2584490645" lat="24.6770708" lon="121.5816039"/>
  <node id="2584490644" lat="24.6770385" lon="121.5814974"/>
  <node id="2584490643" lat="24.6769982" lon="121.5814274"/>
  <node id="11016369313" lat="24.6769093" lon="121.5813332"/>
  <node id="2584490636" lat="24.6768022" lon="121.5812604"/>
  <node id="2584490631" lat="24.6765845" lon="121.5811621"/>
  <node id="11016369312" lat="24.6765111" lon="121.5811203"/>
  <node id="2584490628" lat="24.6764811" lon="121.5810802"/>
  <node id="11016369311" lat="24.6764603" lon="121.5810209"/>
  <node id="2584490626" lat="24.6764541" lon="121.5809465"/>
  <node id="2584490624" lat="24.6764667" lon="121.5808503"/>
  <node id="11016369310" lat="24.6764710" lon="121.5807684"/>
  <node id="11016369309" lat="24.6764602" lon="121.5806993"/>
  <node id="2584490623" lat="24.6764255" lon="121.5806103"/>
  <node id="2584490622" lat="24.6763707" lon="121.5805159"/>
  <node id="2584490621" lat="24.6762710" lon="121.5803772"/>
  <node id="2584490619" lat="24.6761652" lon="121.5802383"/>
  <node id="2584490612" lat="24.6760947" lon="121.5801768"/>
  <node id="2584490571" lat="24.6758838" lon="121.5800364"/>
  <node id="11016369308" lat="24.6757921" lon="121.5799916"/>
  <node id="2584490564" lat="24.6757388" lon="121.5799389"/>
  <node id="11016369307" lat="24.6756839" lon="121.5798564"/>
  <node id="2584490563" lat="24.6756391" lon="121.5797692"/>
  <node id="11016369306" lat="24.6756184" lon="121.5796773"/>
  <node id="2584490562" lat="24.6756071" lon="121.5795226"/>
  <node id="11016369305" lat="24.6756006" lon="121.5793439"/>
  <node id="2584490561" lat="24.6755848" lon="121.5792744"/>
  <node id="11016365204" lat="24.6755559" lon="121.5792287"/>
  <node id="11016365203" lat="24.6755147" lon="121.5791831"/>
  <node id="2584490553" lat="24.6754207" lon="121.5791220"/>
  <node id="2584490544" lat="24.6753601" lon="121.5790729"/>
  <node id="2584490541" lat="24.6753110" lon="121.5790150"/>
  <node id="2584490539" lat="24.6752589" lon="121.5789269"/>
  <node id="2584490520" lat="24.6750645" lon="121.5786730"/>
  <node id="11016365202" lat="24.6750320" lon="121.5786154"/>
  <node id="2584490516" lat="24.6750256" lon="121.5785436"/>
  <node id="2584490511" lat="24.6750320" lon="121.5784437"/>
  <node id="11016365201" lat="24.6750311" lon="121.5782723"/>
  <node id="2584490509" lat="24.6750128" lon="121.5781009"/>
  <node id="2584490504" lat="24.6749646" lon="121.5779050"/>
  <node id="11016365200" lat="24.6749393" lon="121.5778611"/>
  <node id="11016365199" lat="24.6747995" lon="121.5777576"/>
  <node id="2584490501" lat="24.6747473" lon="121.5777351"/>
  <node id="11016365198" lat="24.6746046" lon="121.5776986"/>
  <node id="2584490476" lat="24.6745690" lon="121.5776795"/>
  <node id="11016365197" lat="24.6745438" lon="121.5776498"/>
  <node id="2584490464" lat="24.6745258" lon="121.5776138"/>
  <node id="2584490461" lat="24.6745132" lon="121.5774987"/>
  <node id="2584490458" lat="24.6745198" lon="121.5773045"/>
  <node id="2584490470" lat="24.6745266" lon="121.5772307"/>
  <node id="2584490480" lat="24.6745407" lon="121.5772023"/>
  <node id="11016365195" lat="24.6745899" lon="121.5771374"/>
  <node id="11016365196" lat="24.6746108" lon="121.5771947"/>
  <node id="2584490486" lat="24.6745872" lon="121.5775086"/>
  <node id="2584490474" lat="24.6746201" lon="121.5775728"/>
  <node id="2584490475" lat="24.6747111" lon="121.5775989"/>
  <node id="11016365188" lat="24.6747903" lon="121.5775928"/>
  <node id="11016365187" lat="24.6748463" lon="121.5775805"/>
  <node id="2584490489" lat="24.6749434" lon="121.5775735"/>
  <node id="11016365186" lat="24.6749762" lon="121.5775794"/>
  <node id="11016365185" lat="24.6750482" lon="121.5776347"/>
  <node id="2584490503" lat="24.6751029" lon="121.5776869"/>
  <node id="2584490528" lat="24.6751998" lon="121.5777244"/>
  <node id="11016365184" lat="24.6752779" lon="121.5777386"/>
  <node id="11016365183" lat="24.6753254" lon="121.5777378"/>
  <node id="6012230060" lat="24.6754339" lon="121.5777532"/>
  <node id="11016365182" lat="24.6755514" lon="121.5777803"/>
  <node id="2584490555" lat="24.6757123" lon="121.5778830"/>
  <node id="2584490568" lat="24.6758026" lon="121.5779775"/>
  <node id="2584490582" lat="24.6758825" lon="121.5781383"/>
  <node id="6012230059" lat="24.6759129" lon="121.5782041"/>
  <node id="11016365181" lat="24.6759692" lon="121.5783238"/>
  <node id="2584490600" lat="24.6760000" lon="121.5783412"/>
  <node id="11016365180" lat="24.6760260" lon="121.5783329"/>
  <node id="2584490603" lat="24.6760411" lon="121.5782969"/>
  <node id="11016365179" lat="24.6760273" lon="121.5782339"/>
  <node id="6012230058" lat="24.6759805" lon="121.5781000"/>
  <node id="2584490609" lat="24.6759442" lon="121.5779308"/>
  <node id="2584490608" lat="24.6759156" lon="121.5778264"/>
  <node id="2584490597" lat="24.6758729" lon="121.5777342"/>
  <node id="2584490591" lat="24.6757720" lon="121.5776001"/>
  <node id="2584490586" lat="24.6756981" lon="121.5775337"/>
  <node id="2584490579" lat="24.6755574" lon="121.5774515"/>
  <node id="12343369534" lat="24.6754325" lon="121.5773229"/>
  <node id="2584490526" lat="24.6753670" lon="121.5772837"/>
  <node id="2584490519" lat="24.6752008" lon="121.5772083"/>
  <node id="12343369533" lat="24.6750992" lon="121.5771338"/>
  <node id="11016365178" lat="24.6750519" lon="121.5770328"/>
  <node id="11016365177" lat="24.6750276" lon="121.5769694"/>
  <node id="2584490515" lat="24.6749896" lon="121.5768053"/>
  <node id="2584490510" lat="24.6750025" lon="121.5767622"/>
  <node id="2584490514" lat="24.6750355" lon="121.5767543"/>
  <node id="2584490521" lat="24.6750887" lon="121.5767787"/>
  <node id="2584490525" lat="24.6751449" lon="121.5768723"/>
  <node id="2584490534" lat="24.6751922" lon="121.5769299"/>
  <node id="11016365176" lat="24.6752681" lon="121.5769846"/>
  <node id="2584490537" lat="24.6753583" lon="121.5770239"/>
  <node id="2584490543" lat="24.6754314" lon="121.5770512"/>
  <node id="2584490551" lat="24.6755405" lon="121.5770654"/>
  <node id="12343369532" lat="24.6757116" lon="121.5770727"/>
  <node id="2584490594" lat="24.6758750" lon="121.5770895"/>
  <node id="6012230063" lat="24.6759667" lon="121.5771089"/>
  <node id="2584490602" lat="24.6760278" lon="121.5771458"/>
  <node id="6012230062" lat="24.6761248" lon="121.5772384"/>
  <node id="2584490611" lat="24.6761699" lon="121.5772906"/>
  <node id="6012230061" lat="24.6761954" lon="121.5772961"/>
  <node id="6012230064" lat="24.6762200" lon="121.5772625"/>
  <node id="2584490615" lat="24.6762233" lon="121.5772083"/>
  <node id="2584490617" lat="24.6762173" lon="121.5771351"/>
  <node id="2584490614" lat="24.6762038" lon="121.5770781"/>
  <node id="2584490610" lat="24.6761849" lon="121.5770191"/>
  <node id="2584490607" lat="24.6761445" lon="121.5769467"/>
  <node id="2584490599" lat="24.6760891" lon="121.5769071"/>
  <node id="2584490578" lat="24.6759357" lon="121.5769012"/>
  <node id="2584490566" lat="24.6757415" lon="121.5768481"/>
  <node id="2584490552" lat="24.6756009" lon="121.5767702"/>
  <node id="2584490549" lat="24.6755517" lon="121.5767102"/>
  <node id="11016365175" lat="24.6755035" lon="121.5766017"/>
  <node id="2584490548" lat="24.6754903" lon="121.5764877"/>
  <node id="6012230065" lat="24.6755005" lon="121.5763900"/>
  <node id="2584490547" lat="24.6755183" lon="121.5763079"/>
  <node id="11016365174" lat="24.6755521" lon="121.5762358"/>
  <node id="2584490550" lat="24.6755937" lon="121.5761730"/>
  <node id="2584490559" lat="24.6757221" lon="121.5760589"/>
  <node id="2584490565" lat="24.6758080" lon="121.5760159"/>
  <node id="11016365173" lat="24.6758675" lon="121.5760087"/>
  <node id="2584490577" lat="24.6759294" lon="121.5760247"/>
  <node id="2584490588" lat="24.6759953" lon="121.5760442"/>
  <node id="11016365172" lat="24.6760587" lon="121.5760797"/>
  <node id="2584490596" lat="24.6761421" lon="121.5761521"/>
  <node id="2584490606" lat="24.6762138" lon="121.5762520"/>
  <node id="2584490613" lat="24.6763415" lon="121.5765558"/>
  <node id="2584490620" lat="24.6765494" lon="121.5768374"/>
  <node id="2584490625" lat="24.6766181" lon="121.5768750"/>
  <node id="2584490627" lat="24.6766748" lon="121.5768816"/>
  <node id="2584490630" lat="24.6767222" lon="121.5768388"/>
  <node id="2584490633" lat="24.6767360" lon="121.5767850"/>
  <node id="6012230070" lat="24.6767337" lon="121.5767117"/>
  <node id="2584490632" lat="24.6766544" lon="121.5763921"/>
  <node id="12343369531" lat="24.6765494" lon="121.5762225"/>
  <node id="2584490616" lat="24.6765159" lon="121.5761279"/>
  <node id="11016365171" lat="24.6764502" lon="121.5758922"/>
  <node id="12343369529" lat="24.6764220" lon="121.5758269"/>
  <node id="12343369530" lat="24.6763830" lon="121.5757725"/>
  <node id="2500402465" lat="24.6763010" lon="121.5757041"/>
  <node id="2584490593" lat="24.6761163" lon="121.5756653"/>
  <node id="2584490590" lat="24.6760521" lon="121.5756342"/>
  <node id="11016365170" lat="24.6760052" lon="121.5755717"/>
  <node id="2584490583" lat="24.6759272" lon="121.5754122"/>
  <node id="11016365168" lat="24.6758290" lon="121.5752621"/>
  <node id="11016365169" lat="24.6758047" lon="121.5752004"/>
  <node id="2584490574" lat="24.6757969" lon="121.5751129"/>
  <node id="6012230066" lat="24.6757497" lon="121.5747481"/>
  <node id="11016365167" lat="24.6757448" lon="121.5745504"/>
  <node id="2584490570" lat="24.6757397" lon="121.5742755"/>
  <node id="2584490569" lat="24.6757496" lon="121.5741175"/>
  <node id="6012230067" lat="24.6758002" lon="121.5737956"/>
  <node id="11016319590" lat="24.6758144" lon="121.5736419"/>
  <node id="2584490576" lat="24.6758416" lon="121.5734971"/>
  <node id="11016319589" lat="24.6758789" lon="121.5733673"/>
  <node id="2584490585" lat="24.6759087" lon="121.5732461"/>
  <node id="6012230068" lat="24.6759014" lon="121.5731897"/>
  <node id="2584490575" lat="24.6758638" lon="121.5731559"/>
  <node id="6012230069" lat="24.6758194" lon="121.5731596"/>
  <node id="6012343001" lat="24.6757781" lon="121.5731842"/>
  <node id="4226143093" lat="24.6757464" lon="121.5732141"/>
  <node id="4430712243" lat="24.6756847" lon="121.5732837"/>
  <node id="4430712242" lat="24.6755983" lon="121.5733680"/>
  <node id="11016319588" lat="24.6755524" lon="121.5734171"/>
  <node id="2584490546" lat="24.6754885" lon="121.5734738"/>
  <node id="2584490545" lat="24.6754238" lon="121.5734965"/>
  <node id="4430712241" lat="24.6753394" lon="121.5734908"/>
  <node id="11016319587" lat="24.6752820" lon="121.5734866"/>
  <node id="2584490538" lat="24.6752329" lon="121.5734543"/>
  <node id="4430712240" lat="24.6751955" lon="121.5734148"/>
  <node id="2584490535" lat="24.6751572" lon="121.5733353"/>
  <node id="4430712239" lat="24.6751263" lon="121.5732501"/>
  <node id="4430712238" lat="24.6750884" lon="121.5731717"/>
  <node id="2584490513" lat="24.6750188" lon="121.5731005"/>
  <node id="2584490502" lat="24.6748739" lon="121.5729957"/>
  <node id="11016319586" lat="24.6748473" lon="121.5729289"/>
  <node id="2584490500" lat="24.6748410" lon="121.5728634"/>
  <node id="2584490499" lat="24.6748426" lon="121.5728158"/>
  <node id="12343369525" lat="24.6748750" lon="121.5727135"/>
  <node id="12343369524" lat="24.6749907" lon="121.5724701"/>
  <node id="12343369523" lat="24.6751284" lon="121.5722743"/>
  <node id="12343369522" lat="24.6751735" lon="121.5722293"/>
  <node id="2584490059" lat="24.6686976" lon="121.5902787"/>
  <node id="11016423563" lat="24.6687346" lon="121.5902809"/>
  <node id="11016423562" lat="24.6687545" lon="121.5902930"/>
  <node id="11016423561" lat="24.6687625" lon="121.5903162"/>
  <node id="2584490063" lat="24.6687600" lon="121.5903419"/>
  <node id="11016432765" lat="24.6687454" lon="121.5903744"/>
  <node id="2584490053" lat="24.6687145" lon="121.5904341"/>
  <node id="11016423560" lat="24.6686908" lon="121.5905125"/>
  <node id="2584490051" lat="24.6686700" lon="121.5906194"/>
  <node id="11016423559" lat="24.6686641" lon="121.5907799"/>
  <node id="11016423558" lat="24.6686903" lon="121.5909338"/>
  <node id="11016423557" lat="24.6687793" lon="121.5912797"/>
  <node id="2584490057" lat="24.6687833" lon="121.5913595"/>
  <node id="4431044415" lat="24.6687803" lon="121.5914145"/>
  <node id="2584490064" lat="24.6687572" lon="121.5914578"/>
  <node id="2584490065" lat="24.6687393" lon="121.5915322"/>
  <node id="2584490060" lat="24.6687362" lon="121.5916247"/>
  <node id="2584490061" lat="24.6687405" lon="121.5917433"/>
  <node id="4431044414" lat="24.6687621" lon="121.5918100"/>
  <node id="4431044416" lat="24.6688388" lon="121.5919567"/>
  <node id="2584490072" lat="24.6689034" lon="121.5921102"/>
  <node id="4431044417" lat="24.6689783" lon="121.5922617"/>
  <node id="2584490103" lat="24.6691520" lon="121.5925528"/>
  <node id="4431044418" lat="24.6692226" lon="121.5927468"/>
  <node id="11016423523" lat="24.6692645" lon="121.5928240"/>
  <node id="2584490123" lat="24.6693281" lon="121.5928850"/>
  <node id="2584490125" lat="24.6693636" lon="121.5928987"/>
  <node id="2584490128" lat="24.6693897" lon="121.5928842"/>
  <node id="11016423522" lat="24.6693984" lon="121.5928511"/>
  <node id="2584490130" lat="24.6693846" lon="121.5927836"/>
  <node id="2584490132" lat="24.6693556" lon="121.5927235"/>
  <node id="4431044423" lat="24.6693290" lon="121.5926540"/>
  <node id="4431044420" lat="24.6692551" lon="121.5924422"/>
  <node id="4431044419" lat="24.6692332" lon="121.5923536"/>
  <node id="2584490118" lat="24.6692229" lon="121.5922634"/>
  <node id="2584490110" lat="24.6692205" lon="121.5921634"/>
  <node id="2584490117" lat="24.6692342" lon="121.5920529"/>
  <node id="2584490122" lat="24.6692628" lon="121.5919067"/>
  <node id="2584490127" lat="24.6692982" lon="121.5917597"/>
  <node id="4431044421" lat="24.6693575" lon="121.5916328"/>
  <node id="4431044422" lat="24.6694047" lon="121.5914907"/>
  <node id="4431044424" lat="24.6694602" lon="121.5914016"/>
  <node id="2584490138" lat="24.6695196" lon="121.5913310"/>
  <node id="2584490143" lat="24.6696224" lon="121.5912425"/>
  <node id="2584490170" lat="24.6698589" lon="121.5911003"/>
  <node id="11016369429" lat="24.6699282" lon="121.5910702"/>
  <node id="11016369430" lat="24.6699647" lon="121.5910398"/>
  <node id="11016369431" lat="24.6699794" lon="121.5910074"/>
  <node id="2584490175" lat="24.6699924" lon="121.5909712"/>
  <node id="2584490176" lat="24.6700044" lon="121.5908808"/>
  <node id="4431044425" lat="24.6701032" lon="121.5905655"/>
  <node id="4431044426" lat="24.6701232" lon="121.5904806"/>
  <node id="2584490195" lat="24.6701290" lon="121.5904269"/>
  <node id="2584490194" lat="24.6700995" lon="121.5902362"/>
  <node id="2584490186" lat="24.6700842" lon="121.5899871"/>
  <node id="4431044427" lat="24.6700798" lon="121.5898729"/>
  <node id="2584490190" lat="24.6700842" lon="121.5898032"/>
  <node id="11063237530" lat="24.6701504" lon="121.5895263"/>
  <node id="2584490207" lat="24.6702352" lon="121.5892649"/>
  <node id="2584490212" lat="24.6703163" lon="121.5891021"/>
  <node id="4431044430" lat="24.6703796" lon="121.5889868"/>
  <node id="2584490215" lat="24.6704536" lon="121.5888794"/>
  <node id="4431044431" lat="24.6705215" lon="121.5888022"/>
  <node id="2584490231" lat="24.6705959" lon="121.5887308"/>
  <node id="2584490238" lat="24.6706943" lon="121.5886383"/>
  <node id="11016369428" lat="24.6707967" lon="121.5885589"/>
  <node id="11016369427" lat="24.6709004" lon="121.5885070"/>
  <node id="11016369426" lat="24.6710701" lon="121.5884419"/>
  <node id="2584490246" lat="24.6711864" lon="121.5883779"/>
  <node id="2584490266" lat="24.6713832" lon="121.5882590"/>
  <node id="2584490272" lat="24.6714535" lon="121.5882066"/>
  <node id="11016369425" lat="24.6714913" lon="121.5881775"/>
  <node id="2584490277" lat="24.6715228" lon="121.5881312"/>
  <node id="11063237529" lat="24.6715592" lon="121.5880752"/>
  <node id="11063237528" lat="24.6715493" lon="121.5879853"/>
  <node id="2584490276" lat="24.6715121" lon="121.5878352"/>
  <node id="2584490279" lat="24.6715246" lon="121.5877760"/>
  <node id="2584490280" lat="24.6716078" lon="121.5877600"/>
  <node id="11016369424" lat="24.6716566" lon="121.5877687"/>
  <node id="2584490284" lat="24.6717119" lon="121.5878052"/>
  <node id="2584490285" lat="24.6717394" lon="121.5878668"/>
  <node id="2584490283" lat="24.6717367" lon="121.5879904"/>
  <node id="2584490286" lat="24.6717253" lon="121.5880614"/>
  <node id="2584490287" lat="24.6717143" lon="121.5881003"/>
  <node id="4431044439" lat="24.6716924" lon="121.5881325"/>
  <node id="4431044438" lat="24.6715913" lon="121.5883041"/>
  <node id="2584490273" lat="24.6715405" lon="121.5884130"/>
  <node id="4431044437" lat="24.6714917" lon="121.5885523"/>
  <node id="11016369423" lat="24.6714528" lon="121.5887690"/>
  <node id="11016369422" lat="24.6713863" lon="121.5889084"/>
  <node id="2584490260" lat="24.6713698" lon="121.5890075"/>
  <node id="11017359856" lat="24.6713761" lon="121.5891162"/>
  <node id="4433706858" lat="24.6713865" lon="121.5892180"/>
  <node id="11016369421" lat="24.6713896" lon="121.5893148"/>
  <node id="2584490262" lat="24.6713844" lon="121.5894538"/>
  <node id="4431044434" lat="24.6713553" lon="121.5895955"/>
  <node id="4431044432" lat="24.6713593" lon="121.5897971"/>
  <node id="4431044433" lat="24.6713593" lon="121.5899205"/>
  <node id="2584490259" lat="24.6713653" lon="121.5900560"/>
  <node id="2584490263" lat="24.6713793" lon="121.5901251"/>
  <node id="2584490264" lat="24.6714043" lon="121.5901505"/>
  <node id="4431044435" lat="24.6714445" lon="121.5901426"/>
  <node id="4431044436" lat="24.6714790" lon="121.5901148"/>
  <node id="2584490268" lat="24.6714979" lon="121.5900760"/>
  <node id="3210187570" lat="24.6715841" lon="121.5898385"/>
  <node id="2584490281" lat="24.6716356" lon="121.5897712"/>
  <node id="4431044440" lat="24.6717153" lon="121.5896948"/>
  <node id="4431044441" lat="24.6718008" lon="121.5896148"/>
  <node id="2584490313" lat="24.6719683" lon="121.5894478"/>
  <node id="4431044442" lat="24.6721388" lon="121.5892830"/>
  <node id="4431044443" lat="24.6724084" lon="121.5890356"/>
  <node id="4431044444" lat="24.6725394" lon="121.5889135"/>
  <node id="2584490325" lat="24.6725824" lon="121.5888249"/>
  <node id="4431044445" lat="24.6726191" lon="121.5887633"/>
  <node id="2584490326" lat="24.6726483" lon="121.5886968"/>
  <node id="2584490327" lat="24.6727700" lon="121.5883625"/>
  <node id="11017313996" lat="24.6728049" lon="121.5881890"/>
  <node id="11017313989" lat="24.6728219" lon="121.5881044"/>
  <node id="2584490329" lat="24.6728488" lon="121.5879953"/>
  <node id="11016369403" lat="24.6729148" lon="121.5878458"/>
  <node id="2584490368" lat="24.6730183" lon="121.5876577"/>
  <node id="11017313990" lat="24.6730671" lon="121.5875561"/>
  <node id="11016369380" lat="24.6731090" lon="121.5874536"/>
  <node id="2584490347" lat="24.6730910" lon="121.5873497"/>
  <node id="2584490350" lat="24.6730433" lon="121.5872180"/>
  <node id="11016369379" lat="24.6729904" lon="121.5871074"/>
  <node id="11063195085" lat="24.6729802" lon="121.5869888"/>
  <node id="11016369378" lat="24.6729871" lon="121.5869136"/>
  <node id="2584490346" lat="24.6730123" lon="121.5868608"/>
  <node id="2584490336" lat="24.6730459" lon="121.5868271"/>
  <node id="11016369377" lat="24.6730973" lon="121.5868080"/>
  <node id="11016369376" lat="24.6731305" lon="121.5868067"/>
  <node id="11016369375" lat="24.6731706" lon="121.5868052"/>
  <node id="11016369374" lat="24.6732205" lon="121.5868219"/>
  <node id="11016369373" lat="24.6732485" lon="121.5868356"/>
  <node id="11016369372" lat="24.6732703" lon="121.5868672"/>
  <node id="11016369371" lat="24.6732828" lon="121.5869033"/>
  <node id="2584490334" lat="24.6732786" lon="121.5869384"/>
  <node id="2584490335" lat="24.6732781" lon="121.5869922"/>
  <node id="2584490340" lat="24.6732849" lon="121.5871010"/>
  <node id="2584490344" lat="24.6733053" lon="121.5872088"/>
  <node id="2584490349" lat="24.6733719" lon="121.5873732"/>
  <node id="2584490355" lat="24.6734106" lon="121.5874960"/>
  <node id="2584490358" lat="24.6734339" lon="121.5875851"/>
  <node id="2584490360" lat="24.6734603" lon="121.5877354"/>
  <node id="2584490364" lat="24.6734583" lon="121.5878505"/>
  <node id="2584490367" lat="24.6734597" lon="121.5879517"/>
  <node id="2584490370" lat="24.6735192" lon="121.5880525"/>
  <node id="2584490371" lat="24.6735961" lon="121.5881192"/>
  <node id="2584490374" lat="24.6737249" lon="121.5881328"/>
  <node id="2584490372" lat="24.6738202" lon="121.5881257"/>
  <node id="2584490376" lat="24.6739948" lon="121.5880946"/>
  <node id="2584490381" lat="24.6741645" lon="121.5881077"/>
  <node id="2584490410" lat="24.6742270" lon="121.5881452"/>
  <node id="2584490415" lat="24.6742651" lon="121.5881844"/>
  <node id="2584490428" lat="24.6743138" lon="121.5882391"/>
  <node id="4431044446" lat="24.6743762" lon="121.5883016"/>
  <node id="4431044447" lat="24.6744538" lon="121.5883627"/>
  <node id="4431044448" lat="24.6745403" lon="121.5883928"/>
  <node id="2584490450" lat="24.6746153" lon="121.5883978"/>
  <node id="2584490467" lat="24.6746958" lon="121.5884150"/>
  <node id="4431044453" lat="24.6747753" lon="121.5884382"/>
  <node id="2584490498" lat="24.6748725" lon="121.5884330"/>
  <node id="4431044457" lat="24.6749766" lon="121.5884108"/>
  <node id="4431044458" lat="24.6750534" lon="121.5883688"/>
  <node id="2584490506" lat="24.6751206" lon="121.5883416"/>
  <node id="4431044459" lat="24.6752036" lon="121.5883041"/>
  <node id="2584490524" lat="24.6752525" lon="121.5882628"/>
  <node id="2584490531" lat="24.6752512" lon="121.5882069"/>
  <node id="2584490530" lat="24.6752429" lon="121.5881906"/>
  <node id="2584490523" lat="24.6752217" lon="121.5881589"/>
  <node id="2584490529" lat="24.6751345" lon="121.5881748"/>
  <node id="2584490517" lat="24.6750600" lon="121.5882136"/>
  <node id="2584490505" lat="24.6749719" lon="121.5882719"/>
  <node id="2584490497" lat="24.6748890" lon="121.5882614"/>
  <node id="2584490495" lat="24.6748121" lon="121.5882020"/>
  <node id="4431044455" lat="24.6747486" lon="121.5881356"/>
  <node id="4431044450" lat="24.6746591" lon="121.5880561"/>
  <node id="2584490462" lat="24.6744807" lon="121.5879123"/>
  <node id="11063195083" lat="24.6741901" lon="121.5877463"/>
  <node id="4431044449" lat="24.6741238" lon="121.5876525"/>
  <node id="11016369370" lat="24.6741053" lon="121.5875972"/>
  <node id="2584490432" lat="24.6741220" lon="121.5875348"/>
  <node id="2584490427" lat="24.6741534" lon="121.5874680"/>
  <node id="2584490421" lat="24.6741818" lon="121.5874446"/>
  <node id="2584490420" lat="24.6742163" lon="121.5874220"/>
  <node id="2584490426" lat="24.6742571" lon="121.5874076"/>
  <node id="2584490431" lat="24.6743035" lon="121.5873654"/>
  <node id="2584490442" lat="24.6743549" lon="121.5873316"/>
  <node id="11016369345" lat="24.6744012" lon="121.5872853"/>
  <node id="2584490446" lat="24.6744763" lon="121.5871522"/>
  <node id="11016369344" lat="24.6745294" lon="121.5870359"/>
  <node id="4431044451" lat="24.6745881" lon="121.5869388"/>
  <node id="4431044452" lat="24.6746327" lon="121.5868595"/>
  <node id="2584490477" lat="24.6746591" lon="121.5867842"/>
  <node id="2584490483" lat="24.6746899" lon="121.5866838"/>
  <node id="11016369343" lat="24.6746945" lon="121.5865443"/>
  <node id="2584490482" lat="24.6746940" lon="121.5864225"/>
  <node id="4431044454" lat="24.6747400" lon="121.5863271"/>
  <node id="2584490492" lat="24.6747435" lon="121.5862401"/>
  <node id="2584490494" lat="24.6747573" lon="121.5860535"/>
  <node id="2584490491" lat="24.6747553" lon="121.5857258"/>
  <node id="4431044456" lat="24.6748000" lon="121.5856177"/>
  <node id="11021473145" lat="24.6687831" lon="121.5900948"/>
  <node id="2584490070" lat="24.6688342" lon="121.5899849"/>
  <node id="2584490089" lat="24.6690059" lon="121.5896630"/>
  <node id="2584490093" lat="24.6690298" lon="121.5895910"/>
  <node id="2584490094" lat="24.6690460" lon="121.5895190"/>
  <node id="2584490099" lat="24.6690663" lon="121.5893147"/>
  <node id="2584490098" lat="24.6690776" lon="121.5887028"/>
  <node id="2584490102" lat="24.6691065" lon="121.5885956"/>
  <node id="2584490134" lat="24.6694350" lon="121.5879893"/>
  <node id="2584490137" lat="24.6694779" lon="121.5878820"/>
  <node id="2584490146" lat="24.6696584" lon="121.5872909"/>
  <node id="2584490149" lat="24.6697350" lon="121.5871879"/>
  <node id="2584490174" lat="24.6698993" lon="121.5870395"/>
  <node id="2584490179" lat="24.6699712" lon="121.5869300"/>
  <node id="2584490189" lat="24.6700160" lon="121.5868009"/>
  <node id="2584490188" lat="24.6700494" lon="121.5866518"/>
  <node id="2584490185" lat="24.6700492" lon="121.5865828"/>
  <node id="2584490169" lat="24.6700362" lon="121.5865248"/>
  <node id="2584490163" lat="24.6699932" lon="121.5864278"/>
  <node id="2584490158" lat="24.6699331" lon="121.5863387"/>
  <node id="2584490152" lat="24.6698615" lon="121.5862671"/>
  <node id="11016432731" lat="24.6698091" lon="121.5862255"/>
  <node id="11016432730" lat="24.6697618" lon="121.5862241"/>
  <node id="11016432729" lat="24.6697143" lon="121.5862499"/>
  <node id="2584490153" lat="24.6697008" lon="121.5862854"/>
  <node id="2584490159" lat="24.6697010" lon="121.5863515"/>
  <node id="2584490160" lat="24.6697114" lon="121.5864982"/>
  <node id="2584490154" lat="24.6697316" lon="121.5866055"/>
  <node id="2584490145" lat="24.6697322" lon="121.5866761"/>
  <node id="11016432732" lat="24.6697193" lon="121.5867579"/>
  <node id="2584490140" lat="24.6696457" lon="121.5868704"/>
  <node id="11016432733" lat="24.6695546" lon="121.5869676"/>
  <node id="2584490124" lat="24.6693992" lon="121.5870973"/>
  <node id="2584490116" lat="24.6690914" lon="121.5873565"/>
  <node id="11016432734" lat="24.6690419" lon="121.5874236"/>
  <node id="2584490067" lat="24.6689766" lon="121.5875584"/>
  <node id="2584490019" lat="24.6689125" lon="121.5877440"/>
  <node id="11016432736" lat="24.6688669" lon="121.5878387"/>
  <node id="11016432735" lat="24.6688026" lon="121.5879312"/>
  <node id="2584490016" lat="24.6683462" lon="121.5884996"/>
  <node id="11016432737" lat="24.6683095" lon="121.5886024"/>
  <node id="2584490017" lat="24.6682978" lon="121.5887189"/>
  <node id="2584490013" lat="24.6682549" lon="121.5888262"/>
  <node id="2584490011" lat="24.6682334" lon="121.5888691"/>
  <node id="2584489988" lat="24.6678647" lon="121.5895450"/>
  <node id="2584489980" lat="24.6676997" lon="121.5898397"/>
  <node id="2584489977" lat="24.6676487" lon="121.5899396"/>
  <node id="2584489963" lat="24.6675252" lon="121.5901389"/>
  <node id="2584489924" lat="24.6671482" lon="121.5906001"/>
  <node id="2584489902" lat="24.6669900" lon="121.5907377"/>
  <node id="11016432738" lat="24.6669062" lon="121.5908028"/>
  <node id="11016432739" lat="24.6668563" lon="121.5908273"/>
  <node id="11016432740" lat="24.6667417" lon="121.5908707"/>
  <node id="11016432741" lat="24.6666829" lon="121.5909075"/>
  <node id="2584489880" lat="24.6666480" lon="121.5909475"/>
  <node id="11016432742" lat="24.6666187" lon="121.5910412"/>
  <node id="11016432743" lat="24.6665911" lon="121.5911071"/>
  <node id="11016432744" lat="24.6665483" lon="121.5911537"/>
  <node id="2584489871" lat="24.6665099" lon="121.5911866"/>
  <node id="2584489866" lat="24.6663709" lon="121.5912558"/>
  <node id="11016432745" lat="24.6662327" lon="121.5912758"/>
  <node id="2584489844" lat="24.6661490" lon="121.5913106"/>
  <node id="11016432762" lat="24.6661191" lon="121.5913409"/>
  <node id="11016432759" lat="24.6660965" lon="121.5913857"/>
  <node id="2584489839" lat="24.6660698" lon="121.5914695"/>
  <node id="2584489832" lat="24.6659649" lon="121.5919971"/>
  <node id="4297377402" lat="24.6659560" lon="121.5920844"/>
  <node id="2584489829" lat="24.6657708" lon="121.5924999"/>
  <node id="2584489822" lat="24.6656983" lon="121.5929551"/>
  <node id="2584489817" lat="24.6656646" lon="121.5930736"/>
  <node id="2584489815" lat="24.6655369" lon="121.5932543"/>
  <node id="2178262280" lat="24.6652953" lon="121.5936229"/>
  <node id="2584506001" lat="24.6689322" lon="121.5899220"/>
  <node id="11016432727" lat="24.6690746" lon="121.5898141"/>
  <node id="2584506002" lat="24.6691668" lon="121.5897641"/>
  <node id="11016432728" lat="24.6692100" lon="121.5896964"/>
  <node id="2584506003" lat="24.6692381" lon="121.5895846"/>
  <node id="2584506004" lat="24.6692626" lon="121.5893897"/>
  <node id="2584506005" lat="24.6693106" lon="121.5892301"/>
  <node id="2584506006" lat="24.6694150" lon="121.5890090"/>
  <node id="2584506007" lat="24.6696281" lon="121.5887284"/>
  <node id="11016432725" lat="24.6697826" lon="121.5884408"/>
  <node id="11016432726" lat="24.6699444" lon="121.5881377"/>
  <node id="2584506008" lat="24.6699960" lon="121.5880883"/>
  <node id="2584506009" lat="24.6701447" lon="121.5880251"/>
  <node id="11016432724" lat="24.6702385" lon="121.5879664"/>
  <node id="2584506010" lat="24.6702722" lon="121.5878856"/>
  <node id="2584506011" lat="24.6702925" lon="121.5877820"/>
  <node id="2584506012" lat="24.6703243" lon="121.5877235"/>
  <node id="2584506013" lat="24.6703923" lon="121.5876856"/>
  <node id="2584506014" lat="24.6705294" lon="121.5876675"/>
  <node id="2584506015" lat="24.6706009" lon="121.5876238"/>
  <node id="2584506016" lat="24.6706463" lon="121.5874853"/>
  <node id="2584506017" lat="24.6706796" lon="121.5873885"/>
  <node id="2584506018" lat="24.6707225" lon="121.5873456"/>
  <node id="2584506020" lat="24.6708680" lon="121.5873249"/>
  <node id="2584525117" lat="24.6583414" lon="121.5743637"/>
  <node id="11016900305" lat="24.6580769" lon="121.5743124"/>
  <node id="2584525116" lat="24.6578876" lon="121.5742909"/>
  <node id="2584525115" lat="24.6578114" lon="121.5742990"/>
  <node id="2584525114" lat="24.6577346" lon="121.5743191"/>
  <node id="2584525110" lat="24.6571612" lon="121.5745783"/>
  <node id="2584525108" lat="24.6570539" lon="121.5746427"/>
  <node id="2584525107" lat="24.6569681" lon="121.5747285"/>
  <node id="2584525102" lat="24.6564960" lon="121.5752220"/>
  <node id="2584525092" lat="24.6555948" lon="121.5761876"/>
  <node id="2584525090" lat="24.6555305" lon="121.5762949"/>
  <node id="2584525089" lat="24.6554554" lon="121.5764379"/>
  <node id="2584525084" lat="24.6550798" lon="121.5771532"/>
  <node id="2584525083" lat="24.6549296" lon="121.5774751"/>
  <node id="300593472" lat="24.6540182" lon="121.5800674"/>
  <node id="300593474" lat="24.6549933" lon="121.5803303"/>
  <node id="2584525085" lat="24.6552530" lon="121.5794778"/>
  <node id="2584525086" lat="24.6552944" lon="121.5793419"/>
  <node id="2584525087" lat="24.6553569" lon="121.5791723"/>
  <node id="2584525088" lat="24.6554446" lon="121.5789342"/>
  <node id="2584525091" lat="24.6555519" lon="121.5783978"/>
  <node id="2584525094" lat="24.6556163" lon="121.5782690"/>
  <node id="2584525095" lat="24.6556613" lon="121.5782341"/>
  <node id="8704933856" lat="24.6558808" lon="121.5781088"/>
  <node id="11016894900" lat="24.6560371" lon="121.5780211"/>
  <node id="2584525097" lat="24.6561591" lon="121.5779282"/>
  <node id="11016894899" lat="24.6565342" lon="121.5775825"/>
  <node id="2584525105" lat="24.6565628" lon="121.5775230"/>
  <node id="2584525103" lat="24.6565696" lon="121.5773874"/>
  <node id="11016894901" lat="24.6565647" lon="121.5772001"/>
  <node id="11016894902" lat="24.6565753" lon="121.5770770"/>
  <node id="2584525104" lat="24.6566185" lon="121.5769084"/>
  <node id="11016894903" lat="24.6567237" lon="121.5766429"/>
  <node id="2584525106" lat="24.6568803" lon="121.5760803"/>
  <node id="8704933851" lat="24.6571108" lon="121.5756159"/>
  <node id="2584525109" lat="24.6571852" lon="121.5754849"/>
  <node id="2584525111" lat="24.6572317" lon="121.5753579"/>
  <node id="11016894904" lat="24.6572526" lon="121.5753229"/>
  <node id="2584525112" lat="24.6572794" lon="121.5752912"/>
  <node id="11019848351" lat="24.6574946" lon="121.5751257"/>
  <node id="2584525113" lat="24.6576762" lon="121.5749860"/>
  <node id="11019783773" lat="24.6580825" lon="121.5746059"/>
  <node id="11016900306" lat="24.6584191" lon="121.5743603"/>
  <node id="11016900307" lat="24.6584680" lon="121.5743387"/>
  <node id="7466194163" lat="24.6585336" lon="121.5742805"/>
  <node id="2584525118" lat="24.6585888" lon="121.5742557"/>
  <node id="2584525119" lat="24.6590281" lon="121.5739775"/>
  <node id="2584525120" lat="24.6595645" lon="121.5736127"/>
  <node id="2584525121" lat="24.6599936" lon="121.5733552"/>
  <node id="2584525122" lat="24.6603584" lon="121.5732050"/>
  <node id="2584525123" lat="24.6604443" lon="121.5731406"/>
  <node id="8699855378" lat="24.6606182" lon="121.5729667"/>
  <node id="2584525124" lat="24.6607232" lon="121.5728617"/>
  <node id="2584525125" lat="24.6608734" lon="121.5726042"/>
  <node id="2584525126" lat="24.6610880" lon="121.5723896"/>
  <node id="2584525127" lat="24.6612167" lon="121.5722609"/>
  <node id="2584525128" lat="24.6613884" lon="121.5719604"/>
  <node id="2584525130" lat="24.6616030" lon="121.5714669"/>
  <node id="2584525133" lat="24.6616483" lon="121.5713422"/>
  <node id="2584525132" lat="24.6616491" lon="121.5712661"/>
  <node id="2584525129" lat="24.6616371" lon="121.5710523"/>
  <node id="2584525131" lat="24.6616555" lon="121.5708994"/>
  <node id="2584525144" lat="24.6618904" lon="121.5696182"/>
  <node id="2584525146" lat="24.6619586" lon="121.5693821"/>
  <node id="2584525147" lat="24.6620171" lon="121.5690817"/>
  <node id="2584525150" lat="24.6620561" lon="121.5688725"/>
  <node id="2584525149" lat="24.6620707" lon="121.5687009"/>
  <node id="11016900312" lat="24.6620724" lon="121.5686014"/>
  <node id="2584525148" lat="24.6620575" lon="121.5684951"/>
  <node id="2584525145" lat="24.6619506" lon="121.5681023"/>
  <node id="2584525141" lat="24.6618274" lon="121.5676475"/>
  <node id="4430851583" lat="24.6617754" lon="121.5673575"/>
  <node id="2584525140" lat="24.6617611" lon="121.5671310"/>
  <node id="2584525138" lat="24.6617253" lon="121.5667915"/>
  <node id="2584525137" lat="24.6617107" lon="121.5660665"/>
  <node id="2584525135" lat="24.6616765" lon="121.5656144"/>
  <node id="11016900313" lat="24.6616959" lon="121.5651681"/>
  <node id="2584525134" lat="24.6616850" lon="121.5649112"/>
  <node id="2584525136" lat="24.6616888" lon="121.5647936"/>
  <node id="2584525139" lat="24.6617317" lon="121.5646648"/>
  <node id="2584525142" lat="24.6618060" lon="121.5644997"/>
  <node id="2584525143" lat="24.6619152" lon="121.5642765"/>
  <node id="11076464980" lat="24.6620714" lon="121.5640300"/>
  <node id="2584525151" lat="24.6622547" lon="121.5638282"/>
  <node id="2584525152" lat="24.6623969" lon="121.5636563"/>
  <node id="2584525153" lat="24.6626115" lon="121.5635061"/>
  <node id="2584525154" lat="24.6628690" lon="121.5633559"/>
  <node id="2584525155" lat="24.6630406" lon="121.5633130"/>
  <node id="2584525156" lat="24.6634269" lon="121.5633130"/>
  <node id="2584525157" lat="24.6635556" lon="121.5633559"/>
  <node id="2584525158" lat="24.6638260" lon="121.5635418"/>
  <node id="2584525159" lat="24.6639666" lon="121.5636625"/>
  <node id="2584525160" lat="24.6642038" lon="121.5637412"/>
  <node id="2584525161" lat="24.6645503" lon="121.5637738"/>
  <node id="2584525162" lat="24.6647562" lon="121.5638870"/>
  <node id="2584525163" lat="24.6650727" lon="121.5637620"/>
  <node id="2584525164" lat="24.6651821" lon="121.5636413"/>
  <node id="2584525165" lat="24.6654439" lon="121.5632272"/>
  <node id="2584525166" lat="24.6656370" lon="121.5631199"/>
  <node id="2584525167" lat="24.6657014" lon="121.5630984"/>
  <node id="2584525168" lat="24.6657658" lon="121.5631199"/>
  <node id="2584525169" lat="24.6657872" lon="121.5631413"/>
  <node id="2584525170" lat="24.6658301" lon="121.5632057"/>
  <node id="2584525171" lat="24.6661735" lon="121.5639353"/>
  <node id="2584525172" lat="24.6662593" lon="121.5639997"/>
  <node id="2584525173" lat="24.6666097" lon="121.5641016"/>
  <node id="2584525174" lat="24.6668523" lon="121.5642651"/>
  <node id="2584525175" lat="24.6669498" lon="121.5642872"/>
  <node id="2584525186" lat="24.6670693" lon="121.5642672"/>
  <node id="4430741564" lat="24.6676043" lon="121.5643731"/>
  <node id="4430741565" lat="24.6678669" lon="121.5644268"/>
  <node id="2584525236" lat="24.6679869" lon="121.5644449"/>
  <node id="2584525241" lat="24.6683279" lon="121.5643155"/>
  <node id="2584525253" lat="24.6684702" lon="121.5642746"/>
  <node id="2584525264" lat="24.6685585" lon="121.5641907"/>
  <node id="2584525273" lat="24.6687035" lon="121.5639976"/>
  <node id="2584525274" lat="24.6687987" lon="121.5638581"/>
  <node id="412685656" lat="24.6616626" lon="121.6187313"/>
  <node id="2833162123" lat="24.6616125" lon="121.6163728"/>
  <node id="9073737923" lat="24.6616463" lon="121.6162818"/>
  <node id="4430931993" lat="24.6616932" lon="121.6162280"/>
  <node id="7760318592" lat="24.6617139" lon="121.6161807"/>
  <node id="987453205" lat="24.6402813" lon="121.5694177"/>
  <node id="11017263816" lat="24.6402149" lon="121.5694300"/>
  <node id="11017263817" lat="24.6401349" lon="121.5694565"/>
  <node id="11017263818" lat="24.6400527" lon="121.5694727"/>
  <node id="11017263819" lat="24.6399560" lon="121.5694759"/>
  <node id="987453206" lat="24.6398664" lon="121.5694714"/>
  <node id="11017263820" lat="24.6396456" lon="121.5694256"/>
  <node id="11017263821" lat="24.6395475" lon="121.5694154"/>
  <node id="994358097" lat="24.6394618" lon="121.5694090"/>
  <node id="994358098" lat="24.6393299" lon="121.5694070"/>
  <node id="987453208" lat="24.6390080" lon="121.5693855"/>
  <node id="994358102" lat="24.6389026" lon="121.5694070"/>
  <node id="11017263822" lat="24.6388025" lon="121.5694543"/>
  <node id="11017263823" lat="24.6387206" lon="121.5695155"/>
  <node id="11017263824" lat="24.6386766" lon="121.5695665"/>
  <node id="11017263825" lat="24.6386530" lon="121.5696612"/>
  <node id="2178261753" lat="24.6386450" lon="121.5697798"/>
  <node id="994358101" lat="24.6387994" lon="121.5701896"/>
  <node id="994358099" lat="24.6388637" lon="121.5703296"/>
  <node id="987453203" lat="24.6391455" lon="121.5709304"/>
  <node id="4312164000" lat="24.6393517" lon="121.5714360"/>
  <node id="3110887782" lat="24.6395074" lon="121.5718071"/>
  <node id="4312164001" lat="24.6395900" lon="121.5720222"/>
  <node id="3110887784" lat="24.6397632" lon="121.5724762"/>
  <node id="11033346785" lat="24.6398052" lon="121.5726195"/>
  <node id="3110887785" lat="24.6398788" lon="121.5728709"/>
  <node id="11033379511" lat="24.6399120" lon="121.5729962"/>
  <node id="3110887786" lat="24.6399641" lon="121.5731931"/>
  <node id="11033346775" lat="24.6401935" lon="121.5740440"/>
  <node id="11033346768" lat="24.6402837" lon="121.5743786"/>
  <node id="987453197" lat="24.6403348" lon="121.5745809"/>
  <node id="2584473033" lat="24.6773026" lon="121.6098333"/>
  <node id="12753543880" lat="24.6772717" lon="121.6097362"/>
  <node id="3017901211" lat="24.6771539" lon="121.6093651"/>
  <node id="2584473026" lat="24.6762710" lon="121.6098252"/>
  <node id="3017901208" lat="24.6762395" lon="121.6096830"/>
  <node id="3017901209" lat="24.6765319" lon="121.6096012"/>
  <node id="3017901210" lat="24.6767683" lon="121.6095154"/>
  <node id="4458292941" lat="24.6770669" lon="121.6093823"/>
  <node id="12753543877" lat="24.6773340" lon="121.6092880"/>
  <node id="12753543873" lat="24.6775807" lon="121.6091825"/>
  <node id="12753543870" lat="24.6777732" lon="121.6091001"/>
  <node id="3017901214" lat="24.6778526" lon="121.6090661"/>
  <node id="11004356652" lat="24.6780080" lon="121.6089797"/>
  <node id="4458292946" lat="24.6781245" lon="121.6088920"/>
  <node id="11409705045" lat="24.6790604" lon="121.6080052"/>
  <node id="3017901216" lat="24.6796845" lon="121.6074139"/>
  <node id="3017901217" lat="24.6809232" lon="121.6061925"/>
  <node id="4875011371" lat="24.6811044" lon="121.6060283"/>
  <node id="11004356675" lat="24.6781519" lon="121.6104073"/>
  <node id="8418291684" lat="24.6782123" lon="121.6102822"/>
  <node id="3017942636" lat="24.6782439" lon="121.6102396"/>
  <node id="3017942637" lat="24.6787906" lon="121.6097260"/>
  <node id="3017942638" lat="24.6795802" lon="121.6091294"/>
  <node id="11009651483" lat="24.6806184" lon="121.6083902"/>
  <node id="8418291682" lat="24.6781183" lon="121.6103084"/>
  <node id="2584473039" lat="24.6782178" lon="121.6106017"/>
  <node id="8418291681" lat="24.6782456" lon="121.6106930"/>
  <node id="2584473040" lat="24.6782845" lon="121.6107876"/>
  <node id="8418291680" lat="24.6783328" lon="121.6108849"/>
  <node id="300593543" lat="24.6784326" lon="121.6110424"/>
  <node id="11004356672" lat="24.6787329" lon="121.6114831"/>
  <node id="2584473042" lat="24.6788221" lon="121.6116177"/>
  <node id="300593544" lat="24.6788583" lon="121.6116909"/>
  <node id="11004356671" lat="24.6790131" lon="121.6120713"/>
  <node id="2584473043" lat="24.6790736" lon="121.6122273"/>
  <node id="11004356670" lat="24.6791135" lon="121.6123878"/>
  <node id="300593545" lat="24.6791698" lon="121.6126410"/>
  <node id="2584473047" lat="24.6793713" lon="121.6132125"/>
  <node id="2584473048" lat="24.6794946" lon="121.6135089"/>
  <node id="300593546" lat="24.6796723" lon="121.6138385"/>
  <node id="11004356669" lat="24.6800179" lon="121.6144249"/>
  <node id="300593548" lat="24.6803554" lon="121.6149946"/>
  <node id="4399031920" lat="24.6805627" lon="121.6153196"/>
  <node id="11004356668" lat="24.6807113" lon="121.6155274"/>
  <node id="300593549" lat="24.6808349" lon="121.6157561"/>
  <node id="11004356667" lat="24.6809649" lon="121.6161014"/>
  <node id="300593550" lat="24.6809954" lon="121.6162309"/>
  <node id="8418291715" lat="24.6810205" lon="121.6164127"/>
  <node id="8418291716" lat="24.6810702" lon="121.6170833"/>
  <node id="2584473053" lat="24.6810924" lon="121.6172356"/>
  <node id="8418301217" lat="24.6811194" lon="121.6173375"/>
  <node id="300593551" lat="24.6811796" lon="121.6174480"/>
  <node id="2584473054" lat="24.6812893" lon="121.6175754"/>
  <node id="8418301222" lat="24.6815786" lon="121.6179791"/>
  <node id="2178261900" lat="24.6816229" lon="121.6180957"/>
  <node id="300593552" lat="24.6816498" lon="121.6182031"/>
  <node id="11004356676" lat="24.6816736" lon="121.6183461"/>
  <node id="2178261933" lat="24.6816779" lon="121.6184743"/>
  <node id="8418301221" lat="24.6816772" lon="121.6186523"/>
  <node id="8418301218" lat="24.6816627" lon="121.6192799"/>
  <node id="2178261986" lat="24.6816524" lon="121.6194453"/>
  <node id="4399031923" lat="24.6815890" lon="121.6198530"/>
  <node id="11004356677" lat="24.6815664" lon="121.6201151"/>
  <node id="4399031922" lat="24.6815560" lon="121.6203518"/>
  <node id="300593555" lat="24.6815621" lon="121.6205101"/>
  <node id="8418301220" lat="24.6815749" lon="121.6206412"/>
  <node id="11004356678" lat="24.6816190" lon="121.6208285"/>
  <node id="2178261991" lat="24.6816790" lon="121.6209983"/>
  <node id="8418301219" lat="24.6817931" lon="121.6212501"/>
  <node id="11004356679" lat="24.6818235" lon="121.6213406"/>
  <node id="11004356680" lat="24.6818351" lon="121.6214086"/>
  <node id="8418301232" lat="24.6818394" lon="121.6214713"/>
  <node id="2178261994" lat="24.6818266" lon="121.6216555"/>
  <node id="11004356681" lat="24.6818241" lon="121.6217688"/>
  <node id="300593556" lat="24.6818363" lon="121.6219008"/>
  <node id="300593557" lat="24.6818801" lon="121.6221020"/>
  <node id="2178262000" lat="24.6819143" lon="121.6222200"/>
  <node id="11004356682" lat="24.6819619" lon="121.6223112"/>
  <node id="2584473058" lat="24.6820168" lon="121.6223957"/>
  <node id="2178262031" lat="24.6820848" lon="121.6224574"/>
  <node id="11004356683" lat="24.6821945" lon="121.6225359"/>
  <node id="11004356684" lat="24.6822567" lon="121.6225670"/>
  <node id="2178262003" lat="24.6823371" lon="121.6225969"/>
  <node id="2178262032" lat="24.6825113" lon="121.6226143"/>
  <node id="11004356685" lat="24.6827325" lon="121.6226144"/>
  <node id="300593568" lat="24.6833498" lon="121.6225930"/>
  <node id="8418301228" lat="24.6834966" lon="121.6225831"/>
  <node id="8418301229" lat="24.6836014" lon="121.6225898"/>
  <node id="8418301230" lat="24.6837354" lon="121.6226073"/>
  <node id="2178262081" lat="24.6838493" lon="121.6226586"/>
  <node id="4399031924" lat="24.6839091" lon="121.6227095"/>
  <node id="2584473063" lat="24.6840236" lon="121.6228235"/>
  <node id="5108904433" lat="24.6841596" lon="121.6229737"/>
  <node id="2584473065" lat="24.6849656" lon="121.6239018"/>
  <node id="300593571" lat="24.6859234" lon="121.6249948"/>
  <node id="2178262135" lat="24.6861683" lon="121.6253005"/>
  <node id="11004356686" lat="24.6864099" lon="121.6256520"/>
  <node id="11004356689" lat="24.6867784" lon="121.6262582"/>
  <node id="2584473066" lat="24.6868232" lon="121.6263301"/>
  <node id="8418291683" lat="24.6780691" lon="121.6101607"/>
  <node id="300593475" lat="24.6558767" lon="121.5809913"/>
  <node id="3038304030" lat="24.6562383" lon="121.5806521"/>
  <node id="3038304635" lat="24.6564978" lon="121.5804175"/>
  <node id="3038304644" lat="24.6567216" lon="121.5802096"/>
  <node id="3038304651" lat="24.6569054" lon="121.5800219"/>
  <node id="3038304634" lat="24.6564904" lon="121.5784406"/>
  <node id="3038304636" lat="24.6565390" lon="121.5782690"/>
  <node id="3038304637" lat="24.6565819" lon="121.5782261"/>
  <node id="3038304639" lat="24.6566463" lon="121.5782046"/>
  <node id="3038304640" lat="24.6566677" lon="121.5781832"/>
  <node id="3038304643" lat="24.6567106" lon="121.5780759"/>
  <node id="11016894898" lat="24.6566106" lon="121.5776051"/>
  <node id="3038304652" lat="24.6569595" lon="121.5799681"/>
  <node id="8418291703" lat="24.6569961" lon="121.5799199"/>
  <node id="8418291704" lat="24.6570107" lon="121.5798716"/>
  <node id="8418291705" lat="24.6570058" lon="121.5797992"/>
  <node id="3038304653" lat="24.6569372" lon="121.5795270"/>
  <node id="8418291706" lat="24.6568864" lon="121.5793660"/>
  <node id="3038304650" lat="24.6568571" lon="121.5793151"/>
  <node id="3038304648" lat="24.6568123" lon="121.5792802"/>
  <node id="3038304646" lat="24.6567555" lon="121.5792468"/>
  <node id="3038304031" lat="24.6562734" lon="121.5790173"/>
  <node id="3038304633" lat="24.6563342" lon="121.5788658"/>
  <node id="2178262229" lat="24.6556456" lon="121.5807111"/>
  <node id="8704933864" lat="24.6559740" lon="121.5798033"/>
  <node id="3038304025" lat="24.6560338" lon="121.5796477"/>
  <node id="8704933863" lat="24.6560743" lon="121.5795219"/>
  <node id="3038304028" lat="24.6561667" lon="121.5793084"/>
  <node id="3038304642" lat="24.6567319" lon="121.5795874"/>
  <node id="3038304645" lat="24.6567729" lon="121.5796155"/>
  <node id="3038304647" lat="24.6567957" lon="121.5796558"/>
  <node id="8418291710" lat="24.6565427" lon="121.5784380"/>
  <node id="3038304641" lat="24.6566958" lon="121.5785265"/>
  <node id="3038304649" lat="24.6567658" lon="121.5786110"/>
  <node id="8418291709" lat="24.6568620" lon="121.5787491"/>
  <node id="3038304654" lat="24.6570988" lon="121.5789436"/>
  <node id="8418291707" lat="24.6571545" lon="121.5790468"/>
  <node id="3038304655" lat="24.6572006" lon="121.5791730"/>
  <node id="3038304657" lat="24.6572215" lon="121.5791957"/>
  <node id="8418291708" lat="24.6572667" lon="121.5791810"/>
  <node id="3038304658" lat="24.6572953" lon="121.5791381"/>
  <node id="3038304656" lat="24.6572910" lon="121.5790831"/>
  <node id="2584473002" lat="24.6542694" lon="121.5801090"/>
  <node id="3038317108" lat="24.6541357" lon="121.5807796"/>
  <node id="3038317106" lat="24.6541287" lon="121.5809139"/>
  <node id="3038317107" lat="24.6541365" lon="121.5810334"/>
  <node id="3038317109" lat="24.6541580" lon="121.5811751"/>
  <node id="11019990684" lat="24.6541961" lon="121.5812912"/>
  <node id="3038317110" lat="24.6542499" lon="121.5814098"/>
  <node id="3038317111" lat="24.6548561" lon="121.5825724"/>
  <node id="4430995706" lat="24.6635722" lon="121.6313090"/>
  <node id="3707841814" lat="24.6642453" lon="121.6314035"/>
  <node id="8692699073" lat="24.6649255" lon="121.6314907"/>
  <node id="3707841911" lat="24.6660985" lon="121.6316412"/>
  <node id="3707841956" lat="24.6669672" lon="121.6317632"/>
  <node id="3707841991" lat="24.6674752" lon="121.6318020"/>
  <node id="3707842146" lat="24.6686488" lon="121.6314548"/>
  <node id="10019949236" lat="24.6687765" lon="121.6314205"/>
  <node id="3707842196" lat="24.6696476" lon="121.6311440"/>
  <node id="3707842238" lat="24.6706462" lon="121.6308571"/>
  <node id="3707842240" lat="24.6706995" lon="121.6308461"/>
  <node id="11005117962" lat="24.6707690" lon="121.6308310"/>
  <node id="4430939167" lat="24.6708385" lon="121.6308314"/>
  <node id="3707842242" lat="24.6708997" lon="121.6308426"/>
  <node id="4430939175" lat="24.6710154" lon="121.6308860"/>
  <node id="3707842282" lat="24.6728637" lon="121.6322281"/>
  <node id="3707842291" lat="24.6737749" lon="121.6328828"/>
  <node id="4430939233" lat="24.6739920" lon="121.6330241"/>
  <node id="4430939241" lat="24.6743145" lon="121.6331989"/>
  <node id="3063279033" lat="24.6748622" lon="121.6334556"/>
  <node id="3063279035" lat="24.6761912" lon="121.6340534"/>
  <node id="3707842379" lat="24.6765782" lon="121.6342662"/>
  <node id="3063279037" lat="24.6770838" lon="121.6346071"/>
  <node id="10293649986" lat="24.6771735" lon="121.6346763"/>
  <node id="3707842407" lat="24.6772579" lon="121.6347413"/>
  <node id="3063279051" lat="24.6785994" lon="121.6356802"/>
  <node id="3063279052" lat="24.6790235" lon="121.6359908"/>
  <node id="11005117959" lat="24.6790948" lon="121.6361816"/>
  <node id="3063279053" lat="24.6791632" lon="121.6362553"/>
  <node id="4430939414" lat="24.6792034" lon="121.6362563"/>
  <node id="3063279054" lat="24.6792423" lon="121.6362191"/>
  <node id="4430939416" lat="24.6792642" lon="121.6361857"/>
  <node id="11005218107" lat="24.6792864" lon="121.6361765"/>
  <node id="3063279055" lat="24.6793102" lon="121.6361781"/>
  <node id="11005218106" lat="24.6795055" lon="121.6363112"/>
  <node id="11005213702" lat="24.6797629" lon="121.6365086"/>
  <node id="3063279056" lat="24.6805248" lon="121.6370528"/>
  <node id="3063279044" lat="24.6785063" lon="121.6441626"/>
  <node id="3063279047" lat="24.6785290" lon="121.6417246"/>
  <node id="3063279046" lat="24.6785290" lon="121.6416120"/>
  <node id="3063279048" lat="24.6785342" lon="121.6404143"/>
  <node id="3063279050" lat="24.6785781" lon="121.6374961"/>
  <node id="3063279049" lat="24.6785781" lon="121.6372969"/>
  <node id="4446632378" lat="24.6441062" lon="121.5645771"/>
  <node id="3104018247" lat="24.6441845" lon="121.5645632"/>
  <node id="11016900460" lat="24.6442395" lon="121.5645614"/>
  <node id="300593385" lat="24.6442968" lon="121.5645729"/>
  <node id="3109152702" lat="24.6388332" lon="121.6037047"/>
  <node id="3109152701" lat="24.6384321" lon="121.6042206"/>
  <node id="3109152700" lat="24.6376417" lon="121.6052604"/>
  <node id="11028849579" lat="24.6373494" lon="121.6056248"/>
  <node id="3109152699" lat="24.6370707" lon="121.6060152"/>
  <node id="3109152698" lat="24.6369102" lon="121.6062899"/>
  <node id="3109152697" lat="24.6361311" lon="121.6077633"/>
  <node id="3109152696" lat="24.6354780" lon="121.6090960"/>
  <node id="3109152695" lat="24.6346053" lon="121.6107098"/>
  <node id="3109152694" lat="24.6344449" lon="121.6110282"/>
  <node id="3109152693" lat="24.6340425" lon="121.6117537"/>
  <node id="3109152692" lat="24.6338065" lon="121.6121400"/>
  <node id="3109152691" lat="24.6333559" lon="121.6127193"/>
  <node id="3109152685" lat="24.6315534" lon="121.6150582"/>
  <node id="3109152684" lat="24.6314676" lon="121.6151440"/>
  <node id="3109152683" lat="24.6313784" lon="121.6152206"/>
  <node id="11028548687" lat="24.6312547" lon="121.6152967"/>
  <node id="3109152682" lat="24.6310937" lon="121.6153710"/>
  <node id="11028548686" lat="24.6309773" lon="121.6154111"/>
  <node id="3109152681" lat="24.6308153" lon="121.6154475"/>
  <node id="3109152680" lat="24.6304726" lon="121.6154998"/>
  <node id="3109152679" lat="24.6296237" lon="121.6156174"/>
  <node id="4430929983" lat="24.6293363" lon="121.6156494"/>
  <node id="3109152677" lat="24.6290552" lon="121.6157388"/>
  <node id="3109152676" lat="24.6289625" lon="121.6157771"/>
  <node id="3109152675" lat="24.6288933" lon="121.6158336"/>
  <node id="3109152673" lat="24.6288219" lon="121.6159310"/>
  <node id="3109152674" lat="24.6287813" lon="121.6160440"/>
  <node id="3109152678" lat="24.6287833" lon="121.6161186"/>
  <node id="11028548683" lat="24.6288242" lon="121.6162489"/>
  <node id="11028548684" lat="24.6288911" lon="121.6163856"/>
  <node id="11028548685" lat="24.6289849" lon="121.6167339"/>
  <node id="3109152686" lat="24.6322190" lon="121.6089280"/>
  <node id="3109152688" lat="24.6323507" lon="121.6091076"/>
  <node id="3109152690" lat="24.6324466" lon="121.6088769"/>
  <node id="3109152689" lat="24.6323396" lon="121.6088144"/>
  <node id="3109152687" lat="24.6322447" lon="121.6087751"/>
  <node id="2946927194" lat="24.6374209" lon="121.6138783"/>
  <node id="3210187554" lat="24.6701405" lon="121.5900181"/>
  <node id="3210187555" lat="24.6701779" lon="121.5900598"/>
  <node id="3210187557" lat="24.6702186" lon="121.5901577"/>
  <node id="4431044429" lat="24.6702370" lon="121.5902233"/>
  <node id="3210187556" lat="24.6702674" lon="121.5902587"/>
  <node id="11016369432" lat="24.6702961" lon="121.5902755"/>
  <node id="11016369433" lat="24.6703244" lon="121.5902725"/>
  <node id="11016369434" lat="24.6703499" lon="121.5902499"/>
  <node id="11016369435" lat="24.6703565" lon="121.5901994"/>
  <node id="4431044428" lat="24.6703258" lon="121.5900896"/>
  <node id="11016369453" lat="24.6703124" lon="121.5900216"/>
  <node id="3210187558" lat="24.6703141" lon="121.5899996"/>
  <node id="11016369452" lat="24.6703212" lon="121.5899895"/>
  <node id="11016369436" lat="24.6703342" lon="121.5899793"/>
  <node id="11016369437" lat="24.6703581" lon="121.5899778"/>
  <node id="11016369451" lat="24.6703766" lon="121.5899829"/>
  <node id="3210187559" lat="24.6703952" lon="121.5899994"/>
  <node id="3210187560" lat="24.6704400" lon="121.5900758"/>
  <node id="3210187561" lat="24.6704820" lon="121.5902054"/>
  <node id="3210187562" lat="24.6705253" lon="121.5904639"/>
  <node id="11016369438" lat="24.6705576" lon="121.5906171"/>
  <node id="11016369439" lat="24.6705793" lon="121.5906496"/>
  <node id="11016369440" lat="24.6706114" lon="121.5906649"/>
  <node id="11016369441" lat="24.6706410" lon="121.5906620"/>
  <node id="11016369442" lat="24.6706566" lon="121.5906419"/>
  <node id="11016369443" lat="24.6706731" lon="121.5904077"/>
  <node id="3210187566" lat="24.6709568" lon="121.5928222"/>
  <node id="11017366455" lat="24.6709581" lon="121.5931855"/>
  <node id="3210187565" lat="24.6709586" lon="121.5933192"/>
  <node id="2584489923" lat="24.6670349" lon="121.5922628"/>
  <node id="3210187508" lat="24.6674688" lon="121.5921514"/>
  <node id="11016432776" lat="24.6678388" lon="121.5921297"/>
  <node id="11016432777" lat="24.6679370" lon="121.5921255"/>
  <node id="3210187527" lat="24.6680003" lon="121.5921405"/>
  <node id="11016432778" lat="24.6680461" lon="121.5921658"/>
  <node id="3210187528" lat="24.6680754" lon="121.5922026"/>
  <node id="11016432779" lat="24.6680900" lon="121.5922752"/>
  <node id="3210187531" lat="24.6681046" lon="121.5923630"/>
  <node id="11016432780" lat="24.6681194" lon="121.5924075"/>
  <node id="3210187532" lat="24.6681621" lon="121.5924481"/>
  <node id="11016432781" lat="24.6683250" lon="121.5925139"/>
  <node id="3210187538" lat="24.6684532" lon="121.5925836"/>
  <node id="3210187547" lat="24.6685000" lon="121.5926488"/>
  <node id="11016432782" lat="24.6686156" lon="121.5927882"/>
  <node id="11016432783" lat="24.6686638" lon="121.5929249"/>
  <node id="3210187549" lat="24.6686903" lon="121.5930825"/>
  <node id="11016432784" lat="24.6686788" lon="121.5931268"/>
  <node id="11016432785" lat="24.6686418" lon="121.5931796"/>
  <node id="11016432786" lat="24.6685833" lon="121.5932011"/>
  <node id="11016432787" lat="24.6685193" lon="121.5932110"/>
  <node id="11016432788" lat="24.6684942" lon="121.5932436"/>
  <node id="3210187541" lat="24.6684883" lon="121.5932954"/>
  <node id="3210187543" lat="24.6685153" lon="121.5934033"/>
  <node id="3210187545" lat="24.6685618" lon="121.5935166"/>
  <node id="11016432789" lat="24.6685589" lon="121.5936048"/>
  <node id="3210187544" lat="24.6685300" lon="121.5936758"/>
  <node id="3210187537" lat="24.6682627" lon="121.5939241"/>
  <node id="3210187513" lat="24.6677755" lon="121.5940365"/>
  <node id="11016432790" lat="24.6677380" lon="121.5940643"/>
  <node id="11016432791" lat="24.6676871" lon="121.5941174"/>
  <node id="11016432792" lat="24.6676581" lon="121.5941784"/>
  <node id="11016432793" lat="24.6676445" lon="121.5942490"/>
  <node id="3210187509" lat="24.6676501" lon="121.5943378"/>
  <node id="11016432794" lat="24.6676445" lon="121.5944097"/>
  <node id="3210187510" lat="24.6676251" lon="121.5944719"/>
  <node id="11016432795" lat="24.6673526" lon="121.5949042"/>
  <node id="11016432796" lat="24.6673241" lon="121.5949947"/>
  <node id="11016432797" lat="24.6673289" lon="121.5951103"/>
  <node id="3210187502" lat="24.6673529" lon="121.5951972"/>
  <node id="3210187505" lat="24.6674184" lon="121.5953839"/>
  <node id="3210187507" lat="24.6674553" lon="121.5955217"/>
  <node id="11016894824" lat="24.6674922" lon="121.5956801"/>
  <node id="11016894825" lat="24.6675323" lon="121.5958043"/>
  <node id="11016894826" lat="24.6675567" lon="121.5958501"/>
  <node id="11016894827" lat="24.6675941" lon="121.5958921"/>
  <node id="3210187512" lat="24.6676411" lon="121.5959246"/>
  <node id="3210187515" lat="24.6676819" lon="121.5959562"/>
  <node id="11016894828" lat="24.6677076" lon="121.5960047"/>
  <node id="11016894829" lat="24.6677422" lon="121.5961428"/>
  <node id="11016894831" lat="24.6677695" lon="121.5962801"/>
  <node id="11016894830" lat="24.6678125" lon="121.5968248"/>
  <node id="11016894832" lat="24.6678042" lon="121.5968837"/>
  <node id="3210187517" lat="24.6678098" lon="121.5969378"/>
  <node id="11016894834" lat="24.6678273" lon="121.5969935"/>
  <node id="11016894833" lat="24.6678622" lon="121.5970511"/>
  <node id="3210187524" lat="24.6679016" lon="121.5971204"/>
  <node id="11016894835" lat="24.6679384" lon="121.5972247"/>
  <node id="11016894836" lat="24.6679637" lon="121.5973372"/>
  <node id="3210187526" lat="24.6679856" lon="121.5974678"/>
  <node id="11016894837" lat="24.6679850" lon="121.5975469"/>
  <node id="11016894838" lat="24.6679786" lon="121.5975989"/>
  <node id="11016894846" lat="24.6679643" lon="121.5976335"/>
  <node id="3210187523" lat="24.6679427" lon="121.5976681"/>
  <node id="3210187525" lat="24.6680511" lon="121.5978715"/>
  <node id="11016894847" lat="24.6681252" lon="121.5979895"/>
  <node id="11016894848" lat="24.6681706" lon="121.5980479"/>
  <node id="3210187533" lat="24.6682463" lon="121.5981135"/>
  <node id="11016894849" lat="24.6683182" lon="121.5981535"/>
  <node id="11016894850" lat="24.6683981" lon="121.5981795"/>
  <node id="3210187540" lat="24.6684781" lon="121.5981948"/>
  <node id="3210187546" lat="24.6685897" lon="121.5982024"/>
  <node id="11016894851" lat="24.6686235" lon="121.5982136"/>
  <node id="11016894852" lat="24.6686771" lon="121.5982504"/>
  <node id="3210187550" lat="24.6687772" lon="121.5983734"/>
  <node id="11016894853" lat="24.6688140" lon="121.5984078"/>
  <node id="11016894854" lat="24.6688595" lon="121.5984343"/>
  <node id="11016894856" lat="24.6689461" lon="121.5984730"/>
  <node id="11016894855" lat="24.6689736" lon="121.5985050"/>
  <node id="3210187553" lat="24.6689816" lon="121.5985517"/>
  <node id="11016894857" lat="24.6689690" lon="121.5989053"/>
  <node id="11016894858" lat="24.6689507" lon="121.5990596"/>
  <node id="11016894859" lat="24.6689385" lon="121.5991274"/>
  <node id="3210187552" lat="24.6689094" lon="121.5991873"/>
  <node id="11016894860" lat="24.6688163" lon="121.5993770"/>
  <node id="11016894861" lat="24.6687950" lon="121.5994096"/>
  <node id="11016894862" lat="24.6687723" lon="121.5994298"/>
  <node id="3210187551" lat="24.6687508" lon="121.5994375"/>
  <node id="11016894863" lat="24.6687248" lon="121.5994363"/>
  <node id="3210187548" lat="24.6686987" lon="121.5994139"/>
  <node id="11016894864" lat="24.6686420" lon="121.5993022"/>
  <node id="11016894865" lat="24.6685926" lon="121.5991541"/>
  <node id="11016894866" lat="24.6685558" lon="121.5990191"/>
  <node id="3210187542" lat="24.6684937" lon="121.5988297"/>
  <node id="11016894867" lat="24.6684596" lon="121.5986899"/>
  <node id="11016894868" lat="24.6684473" lon="121.5986108"/>
  <node id="11016894869" lat="24.6684282" lon="121.5985685"/>
  <node id="11016894870" lat="24.6684012" lon="121.5985375"/>
  <node id="3210187539" lat="24.6683694" lon="121.5985170"/>
  <node id="4431005246" lat="24.6681605" lon="121.5983905"/>
  <node id="11016894871" lat="24.6681404" lon="121.5983978"/>
  <node id="11016894872" lat="24.6681171" lon="121.5983929"/>
  <node id="3210187530" lat="24.6680908" lon="121.5983647"/>
  <node id="3210187522" lat="24.6680286" lon="121.5982733"/>
  <node id="11016894873" lat="24.6679843" lon="121.5982269"/>
  <node id="11016894874" lat="24.6679067" lon="121.5981745"/>
  <node id="11016894875" lat="24.6678570" lon="121.5981543"/>
  <node id="11016894876" lat="24.6678310" lon="121.5981535"/>
  <node id="11016894877" lat="24.6678102" lon="121.5981643"/>
  <node id="11016894878" lat="24.6677991" lon="121.5981823"/>
  <node id="11016894879" lat="24.6678014" lon="121.5982079"/>
  <node id="3210187514" lat="24.6678249" lon="121.5982620"/>
  <node id="3210187520" lat="24.6678743" lon="121.5983531"/>
  <node id="11016894880" lat="24.6679243" lon="121.5984163"/>
  <node id="11016894881" lat="24.6680228" lon="121.5984970"/>
  <node id="11016894882" lat="24.6680715" lon="121.5985545"/>
  <node id="11016894883" lat="24.6681139" lon="121.5986337"/>
  <node id="3210187534" lat="24.6681780" lon="121.5987951"/>
  <node id="11016894884" lat="24.6681928" lon="121.5988627"/>
  <node id="11016894885" lat="24.6682083" lon="121.5989714"/>
  <node id="11021474299" lat="24.6682250" lon="121.5991309"/>
  <node id="3210187536" lat="24.6682353" lon="121.5992665"/>
  <node id="11016894886" lat="24.6682309" lon="121.5993408"/>
  <node id="11016894887" lat="24.6682215" lon="121.5994049"/>
  <node id="11016894888" lat="24.6682089" lon="121.5994336"/>
  <node id="11021474297" lat="24.6682044" lon="121.5994379"/>
  <node id="11016894889" lat="24.6681882" lon="121.5994532"/>
  <node id="3210187535" lat="24.6681560" lon="121.5994629"/>
  <node id="11016894890" lat="24.6681057" lon="121.5994660"/>
  <node id="3210187529" lat="24.6680662" lon="121.5994465"/>
  <node id="11016894891" lat="24.6679898" lon="121.5993885"/>
  <node id="11016894892" lat="24.6679347" lon="121.5993336"/>
  <node id="11016894893" lat="24.6679090" lon="121.5993015"/>
  <node id="3210187518" lat="24.6678803" lon="121.5992582"/>
  <node id="8418291643" lat="24.6678490" lon="121.5992000"/>
  <node id="8418291644" lat="24.6678331" lon="121.5991557"/>
  <node id="3210187516" lat="24.6678211" lon="121.5990843"/>
  <node id="8418291645" lat="24.6678241" lon="121.5990181"/>
  <node id="3210187521" lat="24.6678540" lon="121.5988494"/>
  <node id="8418291647" lat="24.6678546" lon="121.5988042"/>
  <node id="11016894894" lat="24.6678451" lon="121.5987632"/>
  <node id="8418291646" lat="24.6678212" lon="121.5987195"/>
  <node id="8418291648" lat="24.6677895" lon="121.5986900"/>
  <node id="3210187519" lat="24.6677458" lon="121.5986708"/>
  <node id="11016894895" lat="24.6676848" lon="121.5986415"/>
  <node id="8418291649" lat="24.6676347" lon="121.5986015"/>
  <node id="3210187511" lat="24.6675652" lon="121.5985246"/>
  <node id="8418291650" lat="24.6674093" lon="121.5982930"/>
  <node id="3210187506" lat="24.6673704" lon="121.5982498"/>
  <node id="8418291651" lat="24.6673179" lon="121.5982126"/>
  <node id="3210187504" lat="24.6672571" lon="121.5981947"/>
  <node id="8418291654" lat="24.6672033" lon="121.5981911"/>
  <node id="3210187501" lat="24.6671620" lon="121.5982149"/>
  <node id="8418291653" lat="24.6671459" lon="121.5982422"/>
  <node id="8418291652" lat="24.6671398" lon="121.5982792"/>
  <node id="3210187500" lat="24.6671484" lon="121.5983339"/>
  <node id="11016894896" lat="24.6672607" lon="121.5986298"/>
  <node id="3210187503" lat="24.6672741" lon="121.5986896"/>
  <node id="300593508" lat="24.6672663" lon="121.5988751"/>
  <node id="3210187571" lat="24.6716510" lon="121.5899809"/>
  <node id="11016369404" lat="24.6716788" lon="121.5901087"/>
  <node id="11016369405" lat="24.6716938" lon="121.5902530"/>
  <node id="11016369406" lat="24.6716767" lon="121.5903275"/>
  <node id="3210187572" lat="24.6716451" lon="121.5904019"/>
  <node id="3210187569" lat="24.6714334" lon="121.5908141"/>
  <node id="11017359889" lat="24.6713598" lon="121.5909775"/>
  <node id="11016369407" lat="24.6712838" lon="121.5911462"/>
  <node id="11016369408" lat="24.6712096" lon="121.5913443"/>
  <node id="11016369409" lat="24.6711756" lon="121.5914778"/>
  <node id="3210187568" lat="24.6711698" lon="121.5916045"/>
  <node id="11016369410" lat="24.6711711" lon="121.5917649"/>
  <node id="3210187567" lat="24.6711213" lon="121.5922066"/>
  <node id="11017366476" lat="24.6708550" lon="121.5931063"/>
  <node id="3210187563" lat="24.6708272" lon="121.5932125"/>
  <node id="3210187564" lat="24.6708085" lon="121.5933252"/>
  <node id="11016369411" lat="24.6708082" lon="121.5936252"/>
  <node id="11016369412" lat="24.6708343" lon="121.5938939"/>
  <node id="3224620189" lat="24.6566297" lon="121.6149658"/>
  <node id="3224620190" lat="24.6566922" lon="121.6148742"/>
  <node id="5273751958" lat="24.6567779" lon="121.6147578"/>
  <node id="3224620192" lat="24.6567897" lon="121.6146105"/>
  <node id="3224620193" lat="24.6567402" lon="121.6145168"/>
  <node id="3224620194" lat="24.6566209" lon="121.6143769"/>
  <node id="3224620195" lat="24.6565000" lon="121.6143287"/>
  <node id="3224620196" lat="24.6563213" lon="121.6143345"/>
  <node id="3224620197" lat="24.6561000" lon="121.6144770"/>
  <node id="3224618659" lat="24.6560748" lon="121.6144468"/>
  <node id="300593526" lat="24.6721219" lon="121.6058411"/>
  <node id="8418291678" lat="24.6722024" lon="121.6060071"/>
  <node id="4566091287" lat="24.6722790" lon="121.6061869"/>
  <node id="2178261548" lat="24.6723378" lon="121.6063573"/>
  <node id="300593529" lat="24.6724474" lon="121.6066832"/>
  <node id="11009348277" lat="24.6724912" lon="121.6068284"/>
  <node id="2178261786" lat="24.6725168" lon="121.6069702"/>
  <node id="2178261797" lat="24.6725363" lon="121.6071493"/>
  <node id="300593532" lat="24.6725500" lon="121.6073295"/>
  <node id="11009348278" lat="24.6725682" lon="121.6074736"/>
  <node id="11009348279" lat="24.6726220" lon="121.6077299"/>
  <node id="11009348280" lat="24.6726824" lon="121.6079351"/>
  <node id="2178261822" lat="24.6727691" lon="121.6081616"/>
  <node id="11009348281" lat="24.6728377" lon="121.6083284"/>
  <node id="2178261826" lat="24.6729143" lon="121.6084785"/>
  <node id="2178261834" lat="24.6729863" lon="121.6086046"/>
  <node id="11009348282" lat="24.6731040" lon="121.6087615"/>
  <node id="11009348283" lat="24.6732837" lon="121.6089807"/>
  <node id="300593535" lat="24.6735262" lon="121.6093082"/>
  <node id="11009348284" lat="24.6736644" lon="121.6094733"/>
  <node id="11009348285" lat="24.6737811" lon="121.6095982"/>
  <node id="300593536" lat="24.6738837" lon="121.6096953"/>
  <node id="11009348286" lat="24.6739614" lon="121.6097602"/>
  <node id="2178261846" lat="24.6740432" lon="121.6098152"/>
  <node id="11009348287" lat="24.6741124" lon="121.6098540"/>
  <node id="2584473019" lat="24.6741997" lon="121.6098883"/>
  <node id="11009348288" lat="24.6742908" lon="121.6099037"/>
  <node id="300593537" lat="24.6744022" lon="121.6099079"/>
  <node id="11009348289" lat="24.6747989" lon="121.6098994"/>
  <node id="11009348290" lat="24.6750916" lon="121.6098772"/>
  <node id="300593399" lat="24.6446977" lon="121.5648374"/>
  <node id="11016900456" lat="24.6448248" lon="121.5649081"/>
  <node id="300593386" lat="24.6449483" lon="121.5649580"/>
  <node id="11019651827" lat="24.6451826" lon="121.5650386"/>
  <node id="11016900455" lat="24.6454280" lon="121.5651438"/>
  <node id="2178261566" lat="24.6459180" lon="121.5653240"/>
  <node id="300593387" lat="24.6460251" lon="121.5653730"/>
  <node id="11016900454" lat="24.6461450" lon="121.5654517"/>
  <node id="2178261556" lat="24.6462570" lon="121.5655341"/>
  <node id="11016900453" lat="24.6463955" lon="121.5656517"/>
  <node id="2178261558" lat="24.6465106" lon="121.5657607"/>
  <node id="11016900452" lat="24.6465927" lon="121.5658514"/>
  <node id="300593388" lat="24.6466739" lon="121.5659651"/>
  <node id="11016900451" lat="24.6468522" lon="121.5662308"/>
  <node id="4430851577" lat="24.6470784" lon="121.5666141"/>
  <node id="2178261552" lat="24.6472423" lon="121.5669332"/>
  <node id="300593433" lat="24.6473719" lon="121.5671378"/>
  <node id="2178261596" lat="24.6475892" lon="121.5673932"/>
  <node id="2178261612" lat="24.6476895" lon="121.5675000"/>
  <node id="2178261589" lat="24.6478114" lon="121.5675966"/>
  <node id="11016900450" lat="24.6478929" lon="121.5676840"/>
  <node id="300593415" lat="24.6479640" lon="121.5677924"/>
  <node id="2178261604" lat="24.6480208" lon="121.5679072"/>
  <node id="2178261614" lat="24.6482129" lon="121.5683301"/>
  <node id="2178261610" lat="24.6483191" lon="121.5686537"/>
  <node id="11016900449" lat="24.6483454" lon="121.5687549"/>
  <node id="4430851578" lat="24.6483534" lon="121.5688618"/>
  <node id="11016900448" lat="24.6483448" lon="121.5689768"/>
  <node id="2178261628" lat="24.6483119" lon="121.5691300"/>
  <node id="2178261638" lat="24.6482412" lon="121.5696450"/>
  <node id="300593447" lat="24.6482120" lon="121.5700098"/>
  <node id="11016900447" lat="24.6482150" lon="121.5701512"/>
  <node id="2178261636" lat="24.6482285" lon="121.5702965"/>
  <node id="4430851579" lat="24.6484080" lon="121.5716964"/>
  <node id="4430851581" lat="24.6485026" lon="121.5725970"/>
  <node id="11016900446" lat="24.6485218" lon="121.5728032"/>
  <node id="2178261630" lat="24.6485304" lon="121.5729500"/>
  <node id="4430851580" lat="24.6485210" lon="121.5732816"/>
  <node id="2178261632" lat="24.6485148" lon="121.5735282"/>
  <node id="300593448" lat="24.6485252" lon="121.5738314"/>
  <node id="300593449" lat="24.6485471" lon="121.5740510"/>
  <node id="11016900445" lat="24.6486150" lon="121.5744539"/>
  <node id="4430851582" lat="24.6488019" lon="121.5752430"/>
  <node id="300593450" lat="24.6489828" lon="121.5757814"/>
  <node id="11016900444" lat="24.6490143" lon="121.5758559"/>
  <node id="11016900443" lat="24.6490476" lon="121.5759169"/>
  <node id="300593460" lat="24.6491263" lon="121.5759969"/>
  <node id="2178261643" lat="24.6491853" lon="121.5760392"/>
  <node id="300593461" lat="24.6492469" lon="121.5760728"/>
  <node id="4430888867" lat="24.6495320" lon="121.5761799"/>
  <node id="2178261652" lat="24.6497039" lon="121.5762319"/>
  <node id="11016900442" lat="24.6497718" lon="121.5762535"/>
  <node id="2178261641" lat="24.6498206" lon="121.5762732"/>
  <node id="2178261656" lat="24.6498789" lon="121.5763230"/>
  <node id="11016900441" lat="24.6499202" lon="121.5763719"/>
  <node id="300593462" lat="24.6499580" lon="121.5764371"/>
  <node id="11016900440" lat="24.6500418" lon="121.5766071"/>
  <node id="2178262209" lat="24.6501430" lon="121.5767676"/>
  <node id="2178262165" lat="24.6502176" lon="121.5768066"/>
  <node id="2178262184" lat="24.6503110" lon="121.5768309"/>
  <node id="11016900320" lat="24.6504236" lon="121.5768369"/>
  <node id="300593463" lat="24.6505152" lon="121.5768342"/>
  <node id="11016900319" lat="24.6506174" lon="121.5768592"/>
  <node id="11016900318" lat="24.6506934" lon="121.5768995"/>
  <node id="300593465" lat="24.6507899" lon="121.5769706"/>
  <node id="2178262196" lat="24.6508895" lon="121.5770624"/>
  <node id="300593466" lat="24.6510356" lon="121.5771979"/>
  <node id="11016900314" lat="24.6511209" lon="121.5772804"/>
  <node id="2178262226" lat="24.6514259" lon="121.5776331"/>
  <node id="300593467" lat="24.6516390" lon="121.5779158"/>
  <node id="3104018248" lat="24.6519908" lon="121.5784871"/>
  <node id="2178262198" lat="24.6520654" lon="121.5786381"/>
  <node id="3104018249" lat="24.6522653" lon="121.5791571"/>
  <node id="2178262190" lat="24.6523639" lon="121.5793182"/>
  <node id="3104018250" lat="24.6524258" lon="121.5794058"/>
  <node id="300593470" lat="24.6527477" lon="121.5797398"/>
  <node id="3104018251" lat="24.6528358" lon="121.5798160"/>
  <node id="2178262187" lat="24.6529247" lon="121.5798647"/>
  <node id="8704933859" lat="24.6529895" lon="121.5798886"/>
  <node id="3104018252" lat="24.6530710" lon="121.5799068"/>
  <node id="300593471" lat="24.6531574" lon="121.5799249"/>
  <node id="3707841778" lat="24.6634375" lon="121.6180460"/>
  <node id="4430995704" lat="24.6635352" lon="121.6185839"/>
  <node id="9500926499" lat="24.6635772" lon="121.6187332"/>
  <node id="3707841787" lat="24.6637526" lon="121.6191160"/>
  <node id="4430995708" lat="24.6639757" lon="121.6195707"/>
  <node id="4430995709" lat="24.6640598" lon="121.6196981"/>
  <node id="9500926498" lat="24.6641808" lon="121.6198567"/>
  <node id="4430995712" lat="24.6643035" lon="121.6200105"/>
  <node id="4430995714" lat="24.6644242" lon="121.6201634"/>
  <node id="3707841845" lat="24.6647898" lon="121.6208004"/>
  <node id="4430995717" lat="24.6650603" lon="121.6213879"/>
  <node id="4430995718" lat="24.6652225" lon="121.6216480"/>
  <node id="4430995722" lat="24.6656576" lon="121.6223790"/>
  <node id="4430995723" lat="24.6657130" lon="121.6225432"/>
  <node id="3707841899" lat="24.6657898" lon="121.6228116"/>
  <node id="3707841916" lat="24.6659125" lon="121.6232873"/>
  <node id="4430995730" lat="24.6662710" lon="121.6243386"/>
  <node id="4430995733" lat="24.6665341" lon="121.6249898"/>
  <node id="3707841944" lat="24.6666134" lon="121.6251658"/>
  <node id="11005328146" lat="24.6668411" lon="121.6256374"/>
  <node id="4430995734" lat="24.6668812" lon="121.6257892"/>
  <node id="11005328147" lat="24.6668752" lon="121.6260196"/>
  <node id="3707841951" lat="24.6668504" lon="121.6263507"/>
  <node id="11005328149" lat="24.6668607" lon="121.6265565"/>
  <node id="11005328148" lat="24.6668898" lon="121.6267390"/>
  <node id="4430995736" lat="24.6669433" lon="121.6268874"/>
  <node id="11005328151" lat="24.6669816" lon="121.6269657"/>
  <node id="3707841965" lat="24.6670278" lon="121.6270311"/>
  <node id="4430938183" lat="24.6671197" lon="121.6271002"/>
  <node id="4430938184" lat="24.6672458" lon="121.6271720"/>
  <node id="4430939089" lat="24.6675151" lon="121.6273012"/>
  <node id="4430939094" lat="24.6675706" lon="121.6273255"/>
  <node id="11005117965" lat="24.6676115" lon="121.6273529"/>
  <node id="3707842005" lat="24.6676383" lon="121.6273830"/>
  <node id="11005117967" lat="24.6676618" lon="121.6274323"/>
  <node id="4430939098" lat="24.6676718" lon="121.6274876"/>
  <node id="11005117966" lat="24.6676810" lon="121.6275710"/>
  <node id="4430939097" lat="24.6676692" lon="121.6282728"/>
  <node id="3707841998" lat="24.6675715" lon="121.6292611"/>
  <node id="4430939092" lat="24.6675550" lon="121.6294966"/>
  <node id="3707842002" lat="24.6675683" lon="121.6303183"/>
  <node id="4430939095" lat="24.6675366" lon="121.6306415"/>
  <node id="3707841982" lat="24.6674557" lon="121.6310881"/>
  <node id="4430938185" lat="24.6674315" lon="121.6313196"/>
  <node id="11750228679" lat="24.6674659" lon="121.6316995"/>
  <node id="3707842165" lat="24.6688250" lon="121.6474278"/>
  <node id="9500942522" lat="24.6687060" lon="121.6460364"/>
  <node id="3707842145" lat="24.6686188" lon="121.6450231"/>
  <node id="9500942521" lat="24.6686000" lon="121.6447556"/>
  <node id="3707842141" lat="24.6685566" lon="121.6444492"/>
  <node id="4430972078" lat="24.6685518" lon="121.6441957"/>
  <node id="3707842132" lat="24.6684397" lon="121.6435995"/>
  <node id="4430972077" lat="24.6683316" lon="121.6429557"/>
  <node id="4430972075" lat="24.6681655" lon="121.6422424"/>
  <node id="3707842127" lat="24.6682094" lon="121.6420908"/>
  <node id="3707842129" lat="24.6682337" lon="121.6419795"/>
  <node id="4430972076" lat="24.6681789" lon="121.6411118"/>
  <node id="3707842023" lat="24.6680679" lon="121.6403476"/>
  <node id="4430939109" lat="24.6679571" lon="121.6396249"/>
  <node id="3707842020" lat="24.6679311" lon="121.6391219"/>
  <node id="3707842018" lat="24.6679019" lon="121.6387066"/>
  <node id="4430939104" lat="24.6678450" lon="121.6376159"/>
  <node id="4430939101" lat="24.6677109" lon="121.6362560"/>
  <node id="3707842003" lat="24.6676347" lon="121.6354353"/>
  <node id="11296587884" lat="24.6676282" lon="121.6352834"/>
  <node id="4430939090" lat="24.6674769" lon="121.6339990"/>
  <node id="3707841990" lat="24.6674379" lon="121.6335162"/>
  <node id="10019949231" lat="24.6674468" lon="121.6331148"/>
  <node id="4430938188" lat="24.6674586" lon="121.6325814"/>
  <node id="11840665249" lat="24.6639628" lon="121.6363595"/>
  <node id="3707841854" lat="24.6649775" lon="121.6361239"/>
  <node id="3707841947" lat="24.6668304" lon="121.6356275"/>
  <node id="3707842158" lat="24.6687310" lon="121.6354420"/>
  <node id="3707842237" lat="24.6705810" lon="121.6354473"/>
  <node id="9064248604" lat="24.6717467" lon="121.6354572"/>
  <node id="3707842281" lat="24.6727916" lon="121.6354661"/>
  <node id="3707842332" lat="24.6748346" lon="121.6354586"/>
  <node id="3707842350" lat="24.6756704" lon="121.6354581"/>
  <node id="10293679513" lat="24.6769986" lon="121.6354755"/>
  <node id="3707842392" lat="24.6770715" lon="121.6354757"/>
  <node id="10293649987" lat="24.6771628" lon="121.6354761"/>
  <node id="3707842404" lat="24.6772518" lon="121.6354764"/>
  <node id="3707842269" lat="24.6726147" lon="121.6381774"/>
  <node id="4433722640" lat="24.6726467" lon="121.6389127"/>
  <node id="10293649982" lat="24.6726541" lon="121.6390006"/>
  <node id="4433722641" lat="24.6726680" lon="121.6390776"/>
  <node id="3707842275" lat="24.6727899" lon="121.6396386"/>
  <node id="10293649983" lat="24.6727994" lon="121.6397203"/>
  <node id="3707842279" lat="24.6728031" lon="121.6398241"/>
  <node id="3063277931" lat="24.6727932" lon="121.6403778"/>
  <node id="4430972129" lat="24.6728201" lon="121.6409435"/>
  <node id="3707842284" lat="24.6728849" lon="121.6432656"/>
  <node id="4430972130" lat="24.6728757" lon="121.6433012"/>
  <node id="3707842277" lat="24.6727673" lon="121.6434038"/>
  <node id="4430972128" lat="24.6727520" lon="121.6434507"/>
  <node id="3707842278" lat="24.6727504" lon="121.6440988"/>
  <node id="3707842274" lat="24.6727210" lon="121.6498039"/>
  <node id="3707842273" lat="24.6726838" lon="121.6499058"/>
  <node id="3707842261" lat="24.6722975" lon="121.6509377"/>
  <node id="2268453725" lat="24.6722222" lon="121.6531169"/>
  <node id="4430995713" lat="24.6644034" lon="121.6325392"/>
  <node id="10019940412" lat="24.6645858" lon="121.6334260"/>
  <node id="4430995716" lat="24.6647154" lon="121.6340560"/>
  <node id="10019940405" lat="24.6647357" lon="121.6341877"/>
  <node id="3707841837" lat="24.6647947" lon="121.6345696"/>
  <node id="10019940392" lat="24.6652219" lon="121.6374116"/>
  <node id="10019949229" lat="24.6653359" lon="121.6380124"/>
  <node id="4430995720" lat="24.6654211" lon="121.6384614"/>
  <node id="3707841878" lat="24.6654527" lon="121.6385393"/>
  <node id="4430995721" lat="24.6655125" lon="121.6386090"/>
  <node id="4430995724" lat="24.6656673" lon="121.6387820"/>
  <node id="9501128197" lat="24.6657140" lon="121.6388521"/>
  <node id="4430995725" lat="24.6657624" lon="121.6389510"/>
  <node id="9501128196" lat="24.6657993" lon="121.6390572"/>
  <node id="3707841894" lat="24.6658233" lon="121.6391454"/>
  <node id="4430995727" lat="24.6659086" lon="121.6395036"/>
  <node id="3707841917" lat="24.6659805" lon="121.6397583"/>
  <node id="8318236524" lat="24.6661768" lon="121.6403356"/>
  <node id="988504616" lat="24.6770898" lon="121.6530341"/>
  <node id="3707842399" lat="24.6771975" lon="121.6528625"/>
  <node id="10293649995" lat="24.6771453" lon="121.6506846"/>
  <node id="10293649997" lat="24.6771486" lon="121.6506315"/>
  <node id="10293649994" lat="24.6771592" lon="121.6504620"/>
  <node id="3707842396" lat="24.6771705" lon="121.6486258"/>
  <node id="10293679532" lat="24.6771783" lon="121.6473761"/>
  <node id="10293679524" lat="24.6771929" lon="121.6450144"/>
  <node id="10293650004" lat="24.6771974" lon="121.6442758"/>
  <node id="3707842401" lat="24.6771982" lon="121.6441441"/>
  <node id="10293679529" lat="24.6772055" lon="121.6429738"/>
  <node id="10293679510" lat="24.6772206" lon="121.6405300"/>
  <node id="3707842403" lat="24.6772213" lon="121.6404058"/>
  <node id="3707842405" lat="24.6772256" lon="121.6397094"/>
  <node id="11005117961" lat="24.6765653" lon="121.6343101"/>
  <node id="11005117960" lat="24.6765511" lon="121.6343511"/>
  <node id="4430939389" lat="24.6764915" lon="121.6344509"/>
  <node id="3707841847" lat="24.6649466" lon="121.6173765"/>
  <node id="11005328138" lat="24.6654071" lon="121.6178434"/>
  <node id="11005328139" lat="24.6656774" lon="121.6181466"/>
  <node id="3707841900" lat="24.6659507" lon="121.6184606"/>
  <node id="11005328140" lat="24.6664166" lon="121.6188936"/>
  <node id="11005328141" lat="24.6668972" lon="121.6193563"/>
  <node id="3707841963" lat="24.6670969" lon="121.6196132"/>
  <node id="4430938187" lat="24.6675434" lon="121.6201727"/>
  <node id="4430939103" lat="24.6678405" lon="121.6204921"/>
  <node id="4430939106" lat="24.6679270" lon="121.6205742"/>
  <node id="3707842022" lat="24.6679556" lon="121.6206116"/>
  <node id="4430939108" lat="24.6679790" lon="121.6206693"/>
  <node id="11005328142" lat="24.6679947" lon="121.6207432"/>
  <node id="4430939110" lat="24.6680045" lon="121.6209224"/>
  <node id="4430939112" lat="24.6680860" lon="121.6213887"/>
  <node id="3707842024" lat="24.6682169" lon="121.6215707"/>
  <node id="4430939117" lat="24.6684494" lon="121.6218243"/>
  <node id="11005339892" lat="24.6685423" lon="121.6219365"/>
  <node id="3707842147" lat="24.6685797" lon="121.6219905"/>
  <node id="3707842172" lat="24.6689117" lon="121.6226688"/>
  <node id="4430939127" lat="24.6689926" lon="121.6230986"/>
  <node id="3707842177" lat="24.6690217" lon="121.6232914"/>
  <node id="11005207857" lat="24.6690185" lon="121.6233910"/>
  <node id="4430939132" lat="24.6690075" lon="121.6234863"/>
  <node id="4430939126" lat="24.6689648" lon="121.6237969"/>
  <node id="3707842171" lat="24.6689177" lon="121.6240424"/>
  <node id="11005118004" lat="24.6689078" lon="121.6241261"/>
  <node id="11005207858" lat="24.6689127" lon="121.6241797"/>
  <node id="4430939125" lat="24.6689312" lon="121.6242236"/>
  <node id="3707842170" lat="24.6689640" lon="121.6242826"/>
  <node id="4430939128" lat="24.6696718" lon="121.6247195"/>
  <node id="11005118003" lat="24.6704864" lon="121.6253137"/>
  <node id="3707842249" lat="24.6715739" lon="121.6260438"/>
  <node id="11005118002" lat="24.6726399" lon="121.6267884"/>
  <node id="4430939214" lat="24.6730671" lon="121.6271001"/>
  <node id="11005207839" lat="24.6736724" lon="121.6275881"/>
  <node id="4430939226" lat="24.6737398" lon="121.6276425"/>
  <node id="3707842293" lat="24.6739149" lon="121.6277439"/>
  <node id="3707842301" lat="24.6741424" lon="121.6279343"/>
  <node id="4430939237" lat="24.6741175" lon="121.6280902"/>
  <node id="4430939236" lat="24.6741278" lon="121.6281903"/>
  <node id="3707842300" lat="24.6741518" lon="121.6282698"/>
  <node id="4430939238" lat="24.6741872" lon="121.6283411"/>
  <node id="4430939240" lat="24.6742892" lon="121.6284805"/>
  <node id="4430939248" lat="24.6746187" lon="121.6289009"/>
  <node id="3707842324" lat="24.6747363" lon="121.6290204"/>
  <node id="4430939253" lat="24.6748129" lon="121.6290916"/>
  <node id="11005117996" lat="24.6748684" lon="121.6291565"/>
  <node id="3707842336" lat="24.6749169" lon="121.6292342"/>
  <node id="11005218246" lat="24.6750413" lon="121.6295076"/>
  <node id="11005218242" lat="24.6750970" lon="121.6296300"/>
  <node id="3707842341" lat="24.6753239" lon="121.6301288"/>
  <node id="11005117997" lat="24.6753535" lon="121.6302362"/>
  <node id="4430939264" lat="24.6753585" lon="121.6303062"/>
  <node id="4430939263" lat="24.6753432" lon="121.6303626"/>
  <node id="4430939260" lat="24.6752848" lon="121.6305028"/>
  <node id="4430939259" lat="24.6752707" lon="121.6305586"/>
  <node id="3707842339" lat="24.6752703" lon="121.6306415"/>
  <node id="4430939262" lat="24.6752878" lon="121.6307685"/>
  <node id="4430939267" lat="24.6753241" lon="121.6309382"/>
  <node id="11005117998" lat="24.6753709" lon="121.6310506"/>
  <node id="11005117999" lat="24.6757374" lon="121.6317401"/>
  <node id="11005218208" lat="24.6757579" lon="121.6317835"/>
  <node id="3707842363" lat="24.6758662" lon="121.6320121"/>
  <node id="11005218176" lat="24.6759162" lon="121.6321167"/>
  <node id="4430939276" lat="24.6759349" lon="121.6321891"/>
  <node id="4430939278" lat="24.6759502" lon="121.6323055"/>
  <node id="3707842365" lat="24.6759981" lon="121.6327568"/>
  <node id="4430939280" lat="24.6760368" lon="121.6328685"/>
  <node id="4430939283" lat="24.6761295" lon="121.6329907"/>
  <node id="11005118001" lat="24.6762826" lon="121.6331427"/>
  <node id="11005118000" lat="24.6763114" lon="121.6332044"/>
  <node id="4430939285" lat="24.6763216" lon="121.6332727"/>
  <node id="3707842370" lat="24.6762700" lon="121.6335865"/>
  <node id="11005218172" lat="24.6761982" lon="121.6340120"/>
  <node id="3707841740" lat="24.6625619" lon="121.6201635"/>
  <node id="11840702002" lat="24.6624371" lon="121.6204103"/>
  <node id="4431033517" lat="24.6623365" lon="121.6206093"/>
  <node id="3707841707" lat="24.6619342" lon="121.6211391"/>
  <node id="4431033514" lat="24.6618319" lon="121.6212343"/>
  <node id="3707841758" lat="24.6628160" lon="121.6251411"/>
  <node id="4430995703" lat="24.6638809" lon="121.6255842"/>
  <node id="5017989238" lat="24.6640526" lon="121.6256810"/>
  <node id="11840665230" lat="24.6645950" lon="121.6259449"/>
  <node id="4430995729" lat="24.6661309" lon="121.6318009"/>
  <node id="4430995731" lat="24.6663721" lon="121.6331741"/>
  <node id="4430995738" lat="24.6670461" lon="121.6368538"/>
  <node id="3707841986" lat="24.6673836" lon="121.6387201"/>
  <node id="4430995739" lat="24.6674153" lon="121.6387476"/>
  <node id="12630339087" lat="24.6675779" lon="121.6387318"/>
  <node id="10019949232" lat="24.6684138" lon="121.6335816"/>
  <node id="3707842135" lat="24.6683775" lon="121.6340472"/>
  <node id="3707842159" lat="24.6687322" lon="121.6349485"/>
  <node id="4430939120" lat="24.6686987" lon="121.6389255"/>
  <node id="10019949238" lat="24.6686989" lon="121.6390530"/>
  <node id="3707842156" lat="24.6687032" lon="121.6403517"/>
  <node id="9064250194" lat="24.6706285" lon="121.6331277"/>
  <node id="3707842235" lat="24.6705238" lon="121.6378470"/>
  <node id="10019949243" lat="24.6705237" lon="121.6380284"/>
  <node id="10019949240" lat="24.6705171" lon="121.6394661"/>
  <node id="3707842234" lat="24.6705130" lon="121.6403632"/>
  <node id="3707842233" lat="24.6704960" lon="121.6440854"/>
  <node id="4430972107" lat="24.6704773" lon="121.6481654"/>
  <node id="3707842231" lat="24.6704689" lon="121.6499920"/>
  <node id="987453075" lat="24.6596227" lon="121.6209647"/>
  <node id="4431033506" lat="24.6594778" lon="121.6209253"/>
  <node id="4431033501" lat="24.6593083" lon="121.6208471"/>
  <node id="4431033498" lat="24.6591690" lon="121.6208091"/>
  <node id="3707841583" lat="24.6590272" lon="121.6207286"/>
  <node id="11006277044" lat="24.6584633" lon="121.6204358"/>
  <node id="4431031688" lat="24.6583691" lon="121.6203378"/>
  <node id="4431031684" lat="24.6580783" lon="121.6199214"/>
  <node id="3707841554" lat="24.6578346" lon="121.6196398"/>
  <node id="7760307481" lat="24.6577049" lon="121.6194978"/>
  <node id="4431031679" lat="24.6575045" lon="121.6191873"/>
  <node id="3707841540" lat="24.6569999" lon="121.6184301"/>
  <node id="11006708281" lat="24.6569054" lon="121.6182972"/>
  <node id="4431031675" lat="24.6568098" lon="121.6181966"/>
  <node id="4431031674" lat="24.6562451" lon="121.6177365"/>
  <node id="3707842328" lat="24.6748304" lon="121.6358829"/>
  <node id="4430939251" lat="24.6747861" lon="121.6359926"/>
  <node id="3707842316" lat="24.6745240" lon="121.6365772"/>
  <node id="3707842317" lat="24.6745118" lon="121.6374691"/>
  <node id="4430939245" lat="24.6745386" lon="121.6375187"/>
  <node id="4430939246" lat="24.6745983" lon="121.6375562"/>
  <node id="3707842335" lat="24.6748713" lon="121.6376045"/>
  <node id="10019949246" lat="24.6748273" lon="121.6388546"/>
  <node id="3063277932" lat="24.6748009" lon="121.6403906"/>
  <node id="3707842326" lat="24.6747589" lon="121.6441122"/>
  <node id="3707841675" lat="24.6613413" lon="121.6213709"/>
  <node id="4431033512" lat="24.6612893" lon="121.6217511"/>
  <node id="4431033511" lat="24.6612029" lon="121.6219745"/>
  <node id="3707841643" lat="24.6608195" lon="121.6226378"/>
  <node id="4431033510" lat="24.6606652" lon="121.6228819"/>
  <node id="3707841630" lat="24.6606062" lon="121.6229963"/>
  <node id="7760307444" lat="24.6605593" lon="121.6231303"/>
  <node id="7760307445" lat="24.6605163" lon="121.6234832"/>
  <node id="10293679511" lat="24.6770722" lon="121.6353507"/>
  <node id="10293679525" lat="24.6770648" lon="121.6367512"/>
  <node id="10293860762" lat="24.6770534" lon="121.6389047"/>
  <node id="10293650005" lat="24.6770461" lon="121.6402774"/>
  <node id="3707842390" lat="24.6770454" lon="121.6404047"/>
  <node id="4430972139" lat="24.6770420" lon="121.6410538"/>
  <node id="10293679519" lat="24.6770315" lon="121.6430393"/>
  <node id="10293649999" lat="24.6770263" lon="121.6440231"/>
  <node id="3707842388" lat="24.6770256" lon="121.6441414"/>
  <node id="10293679522" lat="24.6770202" lon="121.6450138"/>
  <node id="10293679530" lat="24.6770054" lon="121.6473759"/>
  <node id="10293649984" lat="24.6769862" lon="121.6504619"/>
  <node id="3707842386" lat="24.6769759" lon="121.6506095"/>
  <node id="10293679516" lat="24.6769715" lon="121.6506726"/>
  <node id="3707842391" lat="24.6770228" lon="121.6528745"/>
  <node id="2584473014" lat="24.6659958" lon="121.5945948"/>
  <node id="4297377400" lat="24.6662376" lon="121.5942752"/>
  <node id="4297377401" lat="24.6666292" lon="121.5935190"/>
  <node id="9454720384" lat="24.6666587" lon="121.5934701"/>
  <node id="9454720385" lat="24.6664205" lon="121.5931970"/>
  <node id="9454720386" lat="24.6663754" lon="121.5931887"/>
  <node id="9454720387" lat="24.6663278" lon="121.5932274"/>
  <node id="9454720388" lat="24.6662024" lon="121.5933046"/>
  <node id="9454720389" lat="24.6660771" lon="121.5933791"/>
  <node id="9454720390" lat="24.6659968" lon="121.5934205"/>
  <node id="9454720391" lat="24.6659442" lon="121.5934453"/>
  <node id="9454720392" lat="24.6658665" lon="121.5934591"/>
  <node id="9454720393" lat="24.6657938" lon="121.5934177"/>
  <node id="9454720394" lat="24.6657060" lon="121.5933543"/>
  <node id="9454720395" lat="24.6656083" lon="121.5932881"/>
  <node id="2584473012" lat="24.6649684" lon="121.5932737"/>
  <node id="4297377403" lat="24.6660740" lon="121.5920077"/>
  <node id="11016432763" lat="24.6663457" lon="121.5917713"/>
  <node id="11016432761" lat="24.6661513" lon="121.5912618"/>
  <node id="11016432760" lat="24.6661632" lon="121.5912091"/>
  <node id="11016432746" lat="24.6661984" lon="121.5911286"/>
  <node id="11016432747" lat="24.6664140" lon="121.5908357"/>
  <node id="11016432748" lat="24.6664987" lon="121.5906797"/>
  <node id="4297377404" lat="24.6665906" lon="121.5904966"/>
  <node id="4297377405" lat="24.6665026" lon="121.5903814"/>
  <node id="11016432751" lat="24.6665098" lon="121.5903506"/>
  <node id="11016432752" lat="24.6665381" lon="121.5903160"/>
  <node id="11016432753" lat="24.6665746" lon="121.5902910"/>
  <node id="4297377406" lat="24.6665929" lon="121.5902692"/>
  <node id="4297377407" lat="24.6668001" lon="121.5900956"/>
  <node id="11016432754" lat="24.6665244" lon="121.5901423"/>
  <node id="11016432749" lat="24.6665920" lon="121.5902456"/>
  <node id="11016432756" lat="24.6665128" lon="121.5901340"/>
  <node id="11016432755" lat="24.6664996" lon="121.5901311"/>
  <node id="4297377408" lat="24.6664840" lon="121.5901383"/>
  <node id="4297377412" lat="24.6656334" lon="121.5909179"/>
  <node id="4297377410" lat="24.6654270" lon="121.5910955"/>
  <node id="4297377411" lat="24.6653035" lon="121.5911620"/>
  <node id="11016432757" lat="24.6651499" lon="121.5912258"/>
  <node id="11016432758" lat="24.6651004" lon="121.5912602"/>
  <node id="9923564896" lat="24.6657203" lon="121.5910335"/>
  <node id="9923564895" lat="24.6657238" lon="121.5910382"/>
  <node id="4312163666" lat="24.6399824" lon="121.5839731"/>
  <node id="4312163667" lat="24.6400921" lon="121.5836136"/>
  <node id="4312163668" lat="24.6401165" lon="121.5834929"/>
  <node id="4312163669" lat="24.6400506" lon="121.5834929"/>
  <node id="4312163670" lat="24.6399214" lon="121.5836190"/>
  <node id="4312163671" lat="24.6398434" lon="121.5837638"/>
  <node id="4312163672" lat="24.6398751" lon="121.5838550"/>
  <node id="4312163673" lat="24.6399385" lon="121.5838148"/>
  <node id="4312163674" lat="24.6400019" lon="121.5837048"/>
  <node id="4312163675" lat="24.6467866" lon="121.5957534"/>
  <node id="4312163676" lat="24.6454467" lon="121.5973548"/>
  <node id="4312163677" lat="24.6453470" lon="121.5974047"/>
  <node id="4430930225" lat="24.6450454" lon="121.5973329"/>
  <node id="4430924431" lat="24.6446496" lon="121.5936777"/>
  <node id="4430924430" lat="24.6446342" lon="121.5937225"/>
  <node id="4312163678" lat="24.6446383" lon="121.5938273"/>
  <node id="11030525803" lat="24.6447859" lon="121.5944671"/>
  <node id="4312163679" lat="24.6448162" lon="121.5947095"/>
  <node id="4312163687" lat="24.6445455" lon="121.5951109"/>
  <node id="4312163680" lat="24.6441231" lon="121.5957024"/>
  <node id="11030525804" lat="24.6440440" lon="121.5958280"/>
  <node id="5017988987" lat="24.6440207" lon="121.5959089"/>
  <node id="11030611005" lat="24.6440104" lon="121.5960061"/>
  <node id="4312163681" lat="24.6439966" lon="121.5961154"/>
  <node id="4430924429" lat="24.6439988" lon="121.5963891"/>
  <node id="4312163682" lat="24.6439780" lon="121.5964586"/>
  <node id="4312163683" lat="24.6438544" lon="121.5971081"/>
  <node id="4312163684" lat="24.6436860" lon="121.5972634"/>
  <node id="4312163685" lat="24.6438057" lon="121.5978512"/>
  <node id="4312163686" lat="24.6438836" lon="121.5979694"/>
  <node id="5017989002" lat="24.6440980" lon="121.5946388"/>
  <node id="5017989001" lat="24.6443246" lon="121.5949209"/>
  <node id="5017989008" lat="24.6445266" lon="121.5950940"/>
  <node id="4312163688" lat="24.6449072" lon="121.5954280"/>
  <node id="11030611006" lat="24.6449210" lon="121.5955092"/>
  <node id="4430924432" lat="24.6449416" lon="121.5960219"/>
  <node id="4430924433" lat="24.6449662" lon="121.5960838"/>
  <node id="4312163790" lat="24.6436072" lon="121.5953194"/>
  <node id="5017988986" lat="24.6436806" lon="121.5953473"/>
  <node id="4312163791" lat="24.6437605" lon="121.5954298"/>
  <node id="4312163792" lat="24.6438077" lon="121.5955609"/>
  <node id="4312163796" lat="24.6437768" lon="121.6101559"/>
  <node id="4312163797" lat="24.6436360" lon="121.6101018"/>
  <node id="4312163798" lat="24.6434482" lon="121.6100957"/>
  <node id="4312163799" lat="24.6427077" lon="121.6104153"/>
  <node id="6673684116" lat="24.6416270" lon="121.6107157"/>
  <node id="6673684115" lat="24.6415416" lon="121.6107666"/>
  <node id="6673684114" lat="24.6413277" lon="121.6108169"/>
  <node id="6673684113" lat="24.6412857" lon="121.6109785"/>
  <node id="6673684112" lat="24.6412430" lon="121.6112521"/>
  <node id="6673684111" lat="24.6410687" lon="121.6113212"/>
  <node id="6673684110" lat="24.6411284" lon="121.6116726"/>
  <node id="6673684109" lat="24.6412442" lon="121.6121547"/>
  <node id="6673684108" lat="24.6413101" lon="121.6122799"/>
  <node id="4312163800" lat="24.6438240" lon="121.6100093"/>
  <node id="8692345380" lat="24.6438167" lon="121.6099324"/>
  <node id="4312163801" lat="24.6437851" lon="121.6098875"/>
  <node id="4312163802" lat="24.6435842" lon="121.6096880"/>
  <node id="11028921805" lat="24.6434990" lon="121.6095566"/>
  <node id="4312163803" lat="24.6434280" lon="121.6094123"/>
  <node id="4312163804" lat="24.6434011" lon="121.6092563"/>
  <node id="4312163805" lat="24.6434001" lon="121.6089686"/>
  <node id="4312163806" lat="24.6434161" lon="121.6088385"/>
  <node id="4430930223" lat="24.6435441" lon="121.6086319"/>
  <node id="4312163807" lat="24.6438198" lon="121.6083673"/>
  <node id="4312163808" lat="24.6439756" lon="121.6080311"/>
  <node id="4430930224" lat="24.6440353" lon="121.6079560"/>
  <node id="4312163809" lat="24.6441377" lon="121.6079372"/>
  <node id="4312163810" lat="24.6445897" lon="121.6080530"/>
  <node id="11028921804" lat="24.6446530" lon="121.6080334"/>
  <node id="4312163811" lat="24.6447023" lon="121.6079751"/>
  <node id="4312163812" lat="24.6447248" lon="121.6077698"/>
  <node id="4312163813" lat="24.6449307" lon="121.6073451"/>
  <node id="4312163814" lat="24.6451808" lon="121.6070077"/>
  <node id="11028921806" lat="24.6453269" lon="121.6068806"/>
  <node id="4312163815" lat="24.6456918" lon="121.6066461"/>
  <node id="11028921815" lat="24.6458253" lon="121.6065416"/>
  <node id="4312163816" lat="24.6459501" lon="121.6064872"/>
  <node id="11028921816" lat="24.6461181" lon="121.6064413"/>
  <node id="11028921817" lat="24.6462089" lon="121.6064265"/>
  <node id="11028921818" lat="24.6462645" lon="121.6064154"/>
  <node id="11028921819" lat="24.6462950" lon="121.6064053"/>
  <node id="4312163843" lat="24.6463160" lon="121.6063893"/>
  <node id="8692345384" lat="24.6463598" lon="121.6063892"/>
  <node id="4312163828" lat="24.6483446" lon="121.6022866"/>
  <node id="4312163907" lat="24.6483435" lon="121.6024005"/>
  <node id="11029941971" lat="24.6483224" lon="121.6024513"/>
  <node id="4312163829" lat="24.6483183" lon="121.6025889"/>
  <node id="4312163830" lat="24.6483617" lon="121.6028057"/>
  <node id="4312163906" lat="24.6483832" lon="121.6028633"/>
  <node id="11028921781" lat="24.6484454" lon="121.6030598"/>
  <node id="4312163831" lat="24.6484494" lon="121.6031162"/>
  <node id="4312163832" lat="24.6484293" lon="121.6032028"/>
  <node id="4312163833" lat="24.6484196" lon="121.6036169"/>
  <node id="11029844834" lat="24.6484000" lon="121.6037293"/>
  <node id="11029844833" lat="24.6483632" lon="121.6038331"/>
  <node id="4312163834" lat="24.6482758" lon="121.6039563"/>
  <node id="8692345400" lat="24.6481057" lon="121.6040735"/>
  <node id="11029844827" lat="24.6478995" lon="121.6041734"/>
  <node id="11029844828" lat="24.6478297" lon="121.6042120"/>
  <node id="4312163835" lat="24.6477579" lon="121.6042749"/>
  <node id="4312163836" lat="24.6476472" lon="121.6044420"/>
  <node id="11029844814" lat="24.6475045" lon="121.6046187"/>
  <node id="4312163837" lat="24.6474014" lon="121.6046829"/>
  <node id="11029844815" lat="24.6472626" lon="121.6047555"/>
  <node id="11029844819" lat="24.6470911" lon="121.6048439"/>
  <node id="4312163838" lat="24.6469160" lon="121.6048958"/>
  <node id="4312163839" lat="24.6467266" lon="121.6049345"/>
  <node id="11029942007" lat="24.6466550" lon="121.6049527"/>
  <node id="11028921798" lat="24.6466133" lon="121.6049710"/>
  <node id="11028921799" lat="24.6465779" lon="121.6049934"/>
  <node id="4430930227" lat="24.6464954" lon="121.6050727"/>
  <node id="4312163840" lat="24.6463126" lon="121.6052830"/>
  <node id="11028921803" lat="24.6462776" lon="121.6053694"/>
  <node id="4312163841" lat="24.6462622" lon="121.6054706"/>
  <node id="8692345386" lat="24.6462591" lon="121.6056635"/>
  <node id="8692345402" lat="24.6462631" lon="121.6057251"/>
  <node id="994358092" lat="24.6395092" lon="121.5781722"/>
  <node id="11030752356" lat="24.6391158" lon="121.5783537"/>
  <node id="4312163988" lat="24.6390592" lon="121.5783675"/>
  <node id="11030752358" lat="24.6390190" lon="121.5783532"/>
  <node id="11030752357" lat="24.6389905" lon="121.5783283"/>
  <node id="4312163989" lat="24.6385721" lon="121.5778372"/>
  <node id="4312163990" lat="24.6385653" lon="121.5777735"/>
  <node id="11030752241" lat="24.6385644" lon="121.5776817"/>
  <node id="11030752242" lat="24.6385582" lon="121.5776283"/>
  <node id="4430924423" lat="24.6385402" lon="121.5775620"/>
  <node id="4312164032" lat="24.6382932" lon="121.5769670"/>
  <node id="4312163991" lat="24.6382830" lon="121.5768553"/>
  <node id="11030752243" lat="24.6382931" lon="121.5767087"/>
  <node id="4312163992" lat="24.6383305" lon="121.5765406"/>
  <node id="11030752244" lat="24.6383951" lon="121.5763993"/>
  <node id="4430924424" lat="24.6384889" lon="121.5762364"/>
  <node id="4312163993" lat="24.6392545" lon="121.5752840"/>
  <node id="4312163994" lat="24.6396214" lon="121.5747784"/>
  <node id="11033346725" lat="24.6397145" lon="121.5745766"/>
  <node id="4430924426" lat="24.6397872" lon="121.5743547"/>
  <node id="11033312751" lat="24.6398088" lon="121.5741976"/>
  <node id="11033312750" lat="24.6398081" lon="121.5740182"/>
  <node id="4312163995" lat="24.6398005" lon="121.5737844"/>
  <node id="4312163996" lat="24.6397716" lon="121.5735509"/>
  <node id="11033312749" lat="24.6397381" lon="121.5734046"/>
  <node id="11033312748" lat="24.6396864" lon="121.5732649"/>
  <node id="4312163997" lat="24.6396052" lon="121.5730715"/>
  <node id="11033346780" lat="24.6395792" lon="121.5730136"/>
  <node id="4312163998" lat="24.6393574" lon="121.5725205"/>
  <node id="11033312783" lat="24.6393352" lon="121.5724160"/>
  <node id="11033312782" lat="24.6393090" lon="121.5722383"/>
  <node id="6673684165" lat="24.6392971" lon="121.5719942"/>
  <node id="11033312781" lat="24.6393045" lon="121.5719159"/>
  <node id="4312163999" lat="24.6393325" lon="121.5718691"/>
  <node id="11033312780" lat="24.6393589" lon="121.5719200"/>
  <node id="11033312779" lat="24.6394251" lon="121.5719671"/>
  <node id="11033312778" lat="24.6395190" lon="121.5720118"/>
  <node id="11033312777" lat="24.6393156" lon="121.5717895"/>
  <node id="4312164085" lat="24.6393107" lon="121.5716800"/>
  <node id="11033312776" lat="24.6392765" lon="121.5715162"/>
  <node id="4312164002" lat="24.6392409" lon="121.5713729"/>
  <node id="4312164003" lat="24.6391871" lon="121.5711709"/>
  <node id="11033312766" lat="24.6390740" lon="121.5708715"/>
  <node id="4312164004" lat="24.6389508" lon="121.5705722"/>
  <node id="11033312767" lat="24.6388561" lon="121.5704319"/>
  <node id="11033312768" lat="24.6387611" lon="121.5703138"/>
  <node id="6673684166" lat="24.6386498" lon="121.5702213"/>
  <node id="11033312769" lat="24.6384930" lon="121.5701082"/>
  <node id="4312164005" lat="24.6383767" lon="121.5700432"/>
  <node id="11033312770" lat="24.6382047" lon="121.5699847"/>
  <node id="11033312771" lat="24.6380185" lon="121.5699400"/>
  <node id="6673684127" lat="24.6378018" lon="121.5699059"/>
  <node id="11033312802" lat="24.6372964" lon="121.5698747"/>
  <node id="4312164006" lat="24.6371375" lon="121.5698529"/>
  <node id="11033312804" lat="24.6370585" lon="121.5698240"/>
  <node id="11033312803" lat="24.6370162" lon="121.5697899"/>
  <node id="4312164007" lat="24.6362641" lon="121.5690501"/>
  <node id="10298039614" lat="24.6356093" lon="121.5683768"/>
  <node id="11033346708" lat="24.6344066" lon="121.5671841"/>
  <node id="11033346709" lat="24.6343071" lon="121.5670568"/>
  <node id="4312164008" lat="24.6342380" lon="121.5669406"/>
  <node id="11033346710" lat="24.6341537" lon="121.5667915"/>
  <node id="4312164009" lat="24.6341079" lon="121.5667172"/>
  <node id="4312164010" lat="24.6340248" lon="121.5666264"/>
  <node id="4312164011" lat="24.6339621" lon="121.5665835"/>
  <node id="11033346720" lat="24.6342771" lon="121.5681357"/>
  <node id="11033346719" lat="24.6339969" lon="121.5677113"/>
  <node id="11033346718" lat="24.6339583" lon="121.5675829"/>
  <node id="11033346717" lat="24.6339552" lon="121.5674924"/>
  <node id="11033346716" lat="24.6339989" lon="121.5672914"/>
  <node id="11033346715" lat="24.6340415" lon="121.5672489"/>
  <node id="11033346714" lat="24.6340852" lon="121.5672422"/>
  <node id="4312164012" lat="24.6341232" lon="121.5672591"/>
  <node id="4312164013" lat="24.6342402" lon="121.5673382"/>
  <node id="4312164014" lat="24.6343556" lon="121.5674372"/>
  <node id="11033346713" lat="24.6344309" lon="121.5675084"/>
  <node id="11033346712" lat="24.6350184" lon="121.5681432"/>
  <node id="11033312799" lat="24.6368613" lon="121.5700209"/>
  <node id="4312164015" lat="24.6369253" lon="121.5700685"/>
  <node id="11033312800" lat="24.6370038" lon="121.5700919"/>
  <node id="11033312801" lat="24.6371211" lon="121.5701129"/>
  <node id="11033312798" lat="24.6372996" lon="121.5701221"/>
  <node id="11033312797" lat="24.6376669" lon="121.5701281"/>
  <node id="4312164016" lat="24.6378089" lon="121.5701386"/>
  <node id="11033312796" lat="24.6381303" lon="121.5701935"/>
  <node id="11033312794" lat="24.6382541" lon="121.5702290"/>
  <node id="4312164017" lat="24.6383089" lon="121.5702538"/>
  <node id="11033312795" lat="24.6384049" lon="121.5703066"/>
  <node id="11033312772" lat="24.6384856" lon="121.5703644"/>
  <node id="11033312773" lat="24.6386177" lon="121.5704812"/>
  <node id="4312164018" lat="24.6387112" lon="121.5706047"/>
  <node id="11033312774" lat="24.6388483" lon="121.5708610"/>
  <node id="11033312775" lat="24.6389147" lon="121.5710339"/>
  <node id="4312164019" lat="24.6389650" lon="121.5712112"/>
  <node id="4312164020" lat="24.6390308" lon="121.5717249"/>
  <node id="4312164021" lat="24.6391274" lon="121.5725297"/>
  <node id="4312164022" lat="24.6391635" lon="121.5726963"/>
  <node id="11033312747" lat="24.6392524" lon="121.5728971"/>
  <node id="4312164023" lat="24.6393808" lon="121.5731257"/>
  <node id="4312164024" lat="24.6394921" lon="121.5733852"/>
  <node id="11033312746" lat="24.6395412" lon="121.5735190"/>
  <node id="11033312745" lat="24.6395710" lon="121.5736583"/>
  <node id="11033312744" lat="24.6395982" lon="121.5738455"/>
  <node id="4312164025" lat="24.6396078" lon="121.5740611"/>
  <node id="11033312743" lat="24.6395902" lon="121.5742136"/>
  <node id="11033312742" lat="24.6395562" lon="121.5743762"/>
  <node id="11033312741" lat="24.6395066" lon="121.5745216"/>
  <node id="4312164026" lat="24.6394014" lon="121.5747275"/>
  <node id="4312164027" lat="24.6391013" lon="121.5751020"/>
  <node id="4312164028" lat="24.6385280" lon="121.5758097"/>
  <node id="4312164029" lat="24.6382555" lon="121.5761642"/>
  <node id="11030752250" lat="24.6381360" lon="121.5764491"/>
  <node id="11030752249" lat="24.6380547" lon="121.5767448"/>
  <node id="4312164030" lat="24.6380366" lon="121.5768721"/>
  <node id="4312164031" lat="24.6380329" lon="121.5770277"/>
  <node id="11030752254" lat="24.6380937" lon="121.5770135"/>
  <node id="4312164033" lat="24.6377591" lon="121.5770908"/>
  <node id="4312164034" lat="24.6374559" lon="121.5771828"/>
  <node id="10297999008" lat="24.6361846" lon="121.5776297"/>
  <node id="11030752256" lat="24.6350617" lon="121.5780456"/>
  <node id="11030752257" lat="24.6348892" lon="121.5780881"/>
  <node id="4430924413" lat="24.6348281" lon="121.5780833"/>
  <node id="4312164035" lat="24.6347688" lon="121.5780539"/>
  <node id="11030752264" lat="24.6336793" lon="121.5773220"/>
  <node id="4312164036" lat="24.6331154" lon="121.5769297"/>
  <node id="11030752268" lat="24.6327031" lon="121.5766625"/>
  <node id="11030752269" lat="24.6323937" lon="121.5764203"/>
  <node id="11030752270" lat="24.6320995" lon="121.5762436"/>
  <node id="4312164037" lat="24.6318310" lon="121.5760844"/>
  <node id="11030752271" lat="24.6315568" lon="121.5759249"/>
  <node id="11030752272" lat="24.6313494" lon="121.5758315"/>
  <node id="11030752273" lat="24.6312301" lon="121.5757880"/>
  <node id="4312164038" lat="24.6311011" lon="121.5757614"/>
  <node id="4312164039" lat="24.6303698" lon="121.5756635"/>
  <node id="11030752282" lat="24.6303295" lon="121.5756371"/>
  <node id="11030752283" lat="24.6302943" lon="121.5755952"/>
  <node id="11030752284" lat="24.6302728" lon="121.5755103"/>
  <node id="11030752285" lat="24.6302592" lon="121.5754566"/>
  <node id="11030752286" lat="24.6302396" lon="121.5754362"/>
  <node id="4312164040" lat="24.6302059" lon="121.5758548"/>
  <node id="11030752274" lat="24.6310484" lon="121.5759618"/>
  <node id="4430924399" lat="24.6312149" lon="121.5760029"/>
  <node id="11030752275" lat="24.6314381" lon="121.5760618"/>
  <node id="4430924400" lat="24.6315523" lon="121.5761121"/>
  <node id="11030752276" lat="24.6317718" lon="121.5762279"/>
  <node id="11030752266" lat="24.6320447" lon="121.5763963"/>
  <node id="4430924401" lat="24.6326415" lon="121.5768287"/>
  <node id="11033238772" lat="24.6327955" lon="121.5769281"/>
  <node id="11030752267" lat="24.6330862" lon="121.5771158"/>
  <node id="4312164044" lat="24.6347683" lon="121.5782880"/>
  <node id="11030752262" lat="24.6348261" lon="121.5783095"/>
  <node id="11030752261" lat="24.6348873" lon="121.5783088"/>
  <node id="4312164045" lat="24.6349961" lon="121.5782848"/>
  <node id="4312164046" lat="24.6364020" lon="121.5777946"/>
  <node id="4312164047" lat="24.6369566" lon="121.5775920"/>
  <node id="4312164048" lat="24.6376805" lon="121.5773099"/>
  <node id="4430924422" lat="24.6377961" lon="121.5772885"/>
  <node id="11030752233" lat="24.6378785" lon="121.5772978"/>
  <node id="4312164049" lat="24.6379426" lon="121.5773396"/>
  <node id="4312164050" lat="24.6381598" lon="121.5776153"/>
  <node id="11030752354" lat="24.6388790" lon="121.5785004"/>
  <node id="4312164052" lat="24.6388973" lon="121.5785038"/>
  <node id="11030752355" lat="24.6389245" lon="121.5784969"/>
  <node id="4312164053" lat="24.6388912" lon="121.5804862"/>
  <node id="4430924425" lat="24.6388083" lon="121.5804110"/>
  <node id="11030752235" lat="24.6387104" lon="121.5804048"/>
  <node id="4312164054" lat="24.6386206" lon="121.5804298"/>
  <node id="11030752234" lat="24.6374028" lon="121.5811148"/>
  <node id="4312164055" lat="24.6372797" lon="121.5812211"/>
  <node id="4430924418" lat="24.6370164" lon="121.5817079"/>
  <node id="4312164056" lat="24.6368408" lon="121.5820083"/>
  <node id="11032341932" lat="24.6362775" lon="121.5828203"/>
  <node id="11030752225" lat="24.6362624" lon="121.5828421"/>
  <node id="4312164064" lat="24.6344806" lon="121.5846174"/>
  <node id="4312164065" lat="24.6341014" lon="121.5842884"/>
  <node id="4430924403" lat="24.6341437" lon="121.5841804"/>
  <node id="4430924404" lat="24.6341969" lon="121.5840890"/>
  <node id="11030752211" lat="24.6341966" lon="121.5840599"/>
  <node id="4312164066" lat="24.6341866" lon="121.5840330"/>
  <node id="4312164069" lat="24.6340273" lon="121.5839105"/>
  <node id="4430924402" lat="24.6341013" lon="121.5838525"/>
  <node id="4430924409" lat="24.6342355" lon="121.5837889"/>
  <node id="4430924410" lat="24.6344351" lon="121.5837056"/>
  <node id="11030752219" lat="24.6345535" lon="121.5836379"/>
  <node id="4312164070" lat="24.6349267" lon="121.5833904"/>
  <node id="11030752220" lat="24.6350662" lon="121.5833245"/>
  <node id="4312164071" lat="24.6352817" lon="121.5832555"/>
  <node id="4430924414" lat="24.6357583" lon="121.5830959"/>
  <node id="4312164072" lat="24.6358815" lon="121.5830222"/>
  <node id="11030752221" lat="24.6359681" lon="121.5829437"/>
  <node id="4312164073" lat="24.6360919" lon="121.5827619"/>
  <node id="11030752230" lat="24.6361172" lon="121.5827814"/>
  <node id="4430924416" lat="24.6359241" lon="121.5825045"/>
  <node id="4430924415" lat="24.6358973" lon="121.5821438"/>
  <node id="4312164075" lat="24.6359400" lon="121.5820217"/>
  <node id="4312164076" lat="24.6361667" lon="121.5815242"/>
  <node id="4430924417" lat="24.6363325" lon="121.5813082"/>
  <node id="4312164077" lat="24.6366531" lon="121.5810360"/>
  <node id="4312164078" lat="24.6368738" lon="121.5805626"/>
  <node id="4312164079" lat="24.6372955" lon="121.5799953"/>
  <node id="4430924421" lat="24.6377222" lon="121.5795916"/>
  <node id="4312164080" lat="24.6377722" lon="121.5795407"/>
  <node id="4430924419" lat="24.6376832" lon="121.5791035"/>
  <node id="4312164081" lat="24.6376832" lon="121.5789452"/>
  <node id="4312164082" lat="24.6378807" lon="121.5777248"/>
  <node id="4312164083" lat="24.6372781" lon="121.5779413"/>
  <node id="11033312785" lat="24.6390660" lon="121.5717193"/>
  <node id="11033312784" lat="24.6392128" lon="121.5716957"/>
  <node id="4312164107" lat="24.6393071" lon="121.5707604"/>
  <node id="4312164086" lat="24.6394254" lon="121.5706943"/>
  <node id="4312164087" lat="24.6398320" lon="121.5705780"/>
  <node id="11033312786" lat="24.6400103" lon="121.5705228"/>
  <node id="4312164088" lat="24.6401885" lon="121.5704473"/>
  <node id="11033312787" lat="24.6404215" lon="121.5702972"/>
  <node id="11033312788" lat="24.6407203" lon="121.5701502"/>
  <node id="11033379506" lat="24.6400519" lon="121.5723599"/>
  <node id="11033346797" lat="24.6402491" lon="121.5722804"/>
  <node id="4312164090" lat="24.6403995" lon="121.5722109"/>
  <node id="4312164091" lat="24.6407967" lon="121.5719678"/>
  <node id="4312164098" lat="24.6409416" lon="121.5698200"/>
  <node id="11033321063" lat="24.6411335" lon="121.5695844"/>
  <node id="4312164108" lat="24.6392915" lon="121.5706254"/>
  <node id="4312164109" lat="24.6393058" lon="121.5705501"/>
  <node id="11033312789" lat="24.6393046" lon="121.5704967"/>
  <node id="11033312790" lat="24.6392726" lon="121.5704481"/>
  <node id="4312164110" lat="24.6392169" lon="121.5703928"/>
  <node id="11033312791" lat="24.6391825" lon="121.5703419"/>
  <node id="4312164111" lat="24.6391757" lon="121.5702632"/>
  <node id="11033312792" lat="24.6391881" lon="121.5702021"/>
  <node id="4312164112" lat="24.6392050" lon="121.5701545"/>
  <node id="4312164113" lat="24.6392371" lon="121.5701035"/>
  <node id="11033312793" lat="24.6392437" lon="121.5700052"/>
  <node id="3707841673" lat="24.6613403" lon="121.6302734"/>
  <node id="4431004648" lat="24.6613184" lon="121.6302542"/>
  <node id="4431004645" lat="24.6612889" lon="121.6302572"/>
  <node id="4431004643" lat="24.6612815" lon="121.6302867"/>
  <node id="4431004641" lat="24.6612755" lon="121.6303578"/>
  <node id="4431004644" lat="24.6612864" lon="121.6304436"/>
  <node id="4431004653" lat="24.6614528" lon="121.6316990"/>
  <node id="4431004656" lat="24.6614839" lon="121.6321536"/>
  <node id="4431004664" lat="24.6618971" lon="121.6347822"/>
  <node id="4431004665" lat="24.6620238" lon="121.6351885"/>
  <node id="4431004666" lat="24.6623736" lon="121.6368099"/>
  <node id="4431004667" lat="24.6624662" lon="121.6375126"/>
  <node id="4431004668" lat="24.6624845" lon="121.6376387"/>
  <node id="4431004669" lat="24.6625077" lon="121.6378587"/>
  <node id="4431004670" lat="24.6625223" lon="121.6379874"/>
  <node id="4431004671" lat="24.6628891" lon="121.6397161"/>
  <node id="4430915531" lat="24.6630445" lon="121.6405281"/>
  <node id="4430915539" lat="24.6633265" lon="121.6421654"/>
  <node id="4430915540" lat="24.6633954" lon="121.6425045"/>
  <node id="4430915549" lat="24.6636784" lon="121.6437388"/>
  <node id="4446632377" lat="24.6408476" lon="121.5714813"/>
  <node id="4446632376" lat="24.6407420" lon="121.5724164"/>
  <node id="987453198" lat="24.6407115" lon="121.5725974"/>
  <node id="987453196" lat="24.6402326" lon="121.5750634"/>
  <node id="3109149559" lat="24.6400107" lon="121.5761857"/>
  <node id="10297998999" lat="24.6399028" lon="121.5766197"/>
  <node id="3109149558" lat="24.6398577" lon="121.5767848"/>
  <node id="11030611110" lat="24.6396866" lon="121.5773571"/>
  <node id="987453195" lat="24.6395957" lon="121.5776753"/>
  <node id="11030611111" lat="24.6395369" lon="121.5779470"/>
  <node id="3109149555" lat="24.6395248" lon="121.5784896"/>
  <node id="987453193" lat="24.6396029" lon="121.5788858"/>
  <node id="11030611112" lat="24.6398500" lon="121.5797836"/>
  <node id="987453192" lat="24.6400859" lon="121.5806519"/>
  <node id="987453191" lat="24.6401589" lon="121.5809977"/>
  <node id="987453189" lat="24.6402424" lon="121.5815996"/>
  <node id="11028548691" lat="24.6313416" lon="121.6080445"/>
  <node id="11028548690" lat="24.6312085" lon="121.6082503"/>
  <node id="4430930221" lat="24.6311221" lon="121.6083869"/>
  <node id="4430930220" lat="24.6310691" lon="121.6085193"/>
  <node id="4430930219" lat="24.6310370" lon="121.6086753"/>
  <node id="4430930218" lat="24.6310178" lon="121.6088553"/>
  <node id="4430930217" lat="24.6309956" lon="121.6090206"/>
  <node id="4430930216" lat="24.6309693" lon="121.6091350"/>
  <node id="4430930215" lat="24.6309084" lon="121.6093312"/>
  <node id="4430930214" lat="24.6308586" lon="121.6096356"/>
  <node id="11028548689" lat="24.6308371" lon="121.6098854"/>
  <node id="4430930205" lat="24.6308292" lon="121.6100627"/>
  <node id="4430930206" lat="24.6308378" lon="121.6103563"/>
  <node id="4430930211" lat="24.6308501" lon="121.6106076"/>
  <node id="4430930213" lat="24.6308396" lon="121.6108029"/>
  <node id="4430930208" lat="24.6308138" lon="121.6110562"/>
  <node id="11028548688" lat="24.6308004" lon="121.6113967"/>
  <node id="4430930207" lat="24.6308090" lon="121.6117000"/>
  <node id="4430930210" lat="24.6308245" lon="121.6120362"/>
  <node id="4430930212" lat="24.6308110" lon="121.6121936"/>
  <node id="4430930209" lat="24.6307820" lon="121.6123869"/>
  <node id="4430930204" lat="24.6307240" lon="121.6125224"/>
  <node id="4430930203" lat="24.6306555" lon="121.6126512"/>
  <node id="11028586190" lat="24.6305990" lon="121.6127290"/>
  <node id="4430930202" lat="24.6305455" lon="121.6127752"/>
  <node id="11028603120" lat="24.6304787" lon="121.6128204"/>
  <node id="11028548671" lat="24.6304225" lon="121.6128463"/>
  <node id="4430930200" lat="24.6303188" lon="121.6128697"/>
  <node id="4430930199" lat="24.6301598" lon="121.6128797"/>
  <node id="4430930197" lat="24.6300271" lon="121.6129169"/>
  <node id="4430930195" lat="24.6299417" lon="121.6129812"/>
  <node id="4430930194" lat="24.6298161" lon="121.6131166"/>
  <node id="4430930192" lat="24.6297101" lon="121.6131995"/>
  <node id="4430930190" lat="24.6294618" lon="121.6133044"/>
  <node id="4430929986" lat="24.6293899" lon="121.6132983"/>
  <node id="4430929984" lat="24.6293686" lon="121.6132581"/>
  <node id="4430929987" lat="24.6293739" lon="121.6130901"/>
  <node id="4430930189" lat="24.6293999" lon="121.6129361"/>
  <node id="4430929988" lat="24.6294432" lon="121.6128521"/>
  <node id="4430929985" lat="24.6294563" lon="121.6127890"/>
  <node id="4430929982" lat="24.6294306" lon="121.6127556"/>
  <node id="4430929981" lat="24.6293856" lon="121.6127555"/>
  <node id="4430929980" lat="24.6293248" lon="121.6127932"/>
  <node id="4430929979" lat="24.6290798" lon="121.6132371"/>
  <node id="4430929978" lat="24.6289027" lon="121.6136968"/>
  <node id="4430929977" lat="24.6287862" lon="121.6144183"/>
  <node id="4430930201" lat="24.6305690" lon="121.6128624"/>
  <node id="11028586189" lat="24.6303770" lon="121.6132860"/>
  <node id="4430930198" lat="24.6303020" lon="121.6134328"/>
  <node id="4430930196" lat="24.6300742" lon="121.6139343"/>
  <node id="11028586192" lat="24.6299300" lon="121.6142699"/>
  <node id="11028586193" lat="24.6298038" lon="121.6145670"/>
  <node id="4430930193" lat="24.6295378" lon="121.6151768"/>
  <node id="11028849571" lat="24.6294434" lon="121.6153945"/>
  <node id="4430930191" lat="24.6293581" lon="121.6155910"/>
  <node id="11750228674" lat="24.6708298" lon="121.6307537"/>
  <node id="4430939168" lat="24.6708272" lon="121.6307309"/>
  <node id="4430939170" lat="24.6708329" lon="121.6306651"/>
  <node id="11005117963" lat="24.6708639" lon="121.6306117"/>
  <node id="11005117964" lat="24.6709158" lon="121.6305605"/>
  <node id="4430939172" lat="24.6709864" lon="121.6305273"/>
  <node id="4430939184" lat="24.6715354" lon="121.6302983"/>
  <node id="4430939191" lat="24.6718248" lon="121.6302129"/>
  <node id="11005117991" lat="24.6718744" lon="121.6301912"/>
  <node id="4430939192" lat="24.6719170" lon="121.6301618"/>
  <node id="11005117992" lat="24.6719631" lon="121.6300871"/>
  <node id="4430939194" lat="24.6720456" lon="121.6299207"/>
  <node id="4430939195" lat="24.6720702" lon="121.6298777"/>
  <node id="4430939196" lat="24.6721119" lon="121.6298286"/>
  <node id="4430939202" lat="24.6721899" lon="121.6297839"/>
  <node id="11005117993" lat="24.6724584" lon="121.6296613"/>
  <node id="11005117994" lat="24.6725305" lon="121.6296193"/>
  <node id="4430939204" lat="24.6725979" lon="121.6295747"/>
  <node id="4430939207" lat="24.6727894" lon="121.6293779"/>
  <node id="4430939221" lat="24.6733637" lon="121.6287745"/>
  <node id="4430939222" lat="24.6734113" lon="121.6287518"/>
  <node id="4430939223" lat="24.6734821" lon="121.6287352"/>
  <node id="4430939225" lat="24.6735919" lon="121.6287218"/>
  <node id="11005117995" lat="24.6736830" lon="121.6287029"/>
  <node id="4430939228" lat="24.6737880" lon="121.6286621"/>
  <node id="4430939235" lat="24.6739801" lon="121.6285258"/>
  <node id="4430939396" lat="24.6769286" lon="121.6277356"/>
  <node id="4430939394" lat="24.6767959" lon="121.6278272"/>
  <node id="4430939393" lat="24.6766954" lon="121.6279458"/>
  <node id="4430939392" lat="24.6766416" lon="121.6280209"/>
  <node id="11005272419" lat="24.6766287" lon="121.6280325"/>
  <node id="4430939391" lat="24.6766170" lon="121.6280378"/>
  <node id="4430939288" lat="24.6765754" lon="121.6280311"/>
  <node id="11005207819" lat="24.6765240" lon="121.6279958"/>
  <node id="4430939286" lat="24.6764179" lon="121.6279067"/>
  <node id="4430939281" lat="24.6763784" lon="121.6278885"/>
  <node id="11005207820" lat="24.6763231" lon="121.6278845"/>
  <node id="4430939279" lat="24.6761468" lon="121.6278741"/>
  <node id="4430939275" lat="24.6760778" lon="121.6278637"/>
  <node id="4430939273" lat="24.6760229" lon="121.6278490"/>
  <node id="4430939271" lat="24.6759462" lon="121.6278148"/>
  <node id="4430939270" lat="24.6758916" lon="121.6277853"/>
  <node id="4430939269" lat="24.6758608" lon="121.6277589"/>
  <node id="4430939268" lat="24.6758143" lon="121.6277003"/>
  <node id="4430939258" lat="24.6757728" lon="121.6276222"/>
  <node id="4430939257" lat="24.6757309" lon="121.6275439"/>
  <node id="4430939255" lat="24.6756856" lon="121.6274707"/>
  <node id="4430939254" lat="24.6756248" lon="121.6273987"/>
  <node id="4430939250" lat="24.6755832" lon="121.6273593"/>
  <node id="4430939249" lat="24.6755351" lon="121.6273328"/>
  <node id="11005207821" lat="24.6754868" lon="121.6273290"/>
  <node id="11005207822" lat="24.6754096" lon="121.6273634"/>
  <node id="11005207823" lat="24.6751695" lon="121.6275353"/>
  <node id="11005207824" lat="24.6751073" lon="121.6275650"/>
  <node id="11005207825" lat="24.6750175" lon="121.6275843"/>
  <node id="11005207826" lat="24.6749570" lon="121.6275800"/>
  <node id="11005207827" lat="24.6748955" lon="121.6275865"/>
  <node id="11005207828" lat="24.6748496" lon="121.6275972"/>
  <node id="11005207829" lat="24.6748174" lon="121.6276187"/>
  <node id="11005207830" lat="24.6747803" lon="121.6276606"/>
  <node id="11005272563" lat="24.6747006" lon="121.6277584"/>
  <node id="11005207831" lat="24.6745860" lon="121.6278991"/>
  <node id="11005207832" lat="24.6745557" lon="121.6279141"/>
  <node id="11005207833" lat="24.6745036" lon="121.6279111"/>
  <node id="11005207834" lat="24.6743474" lon="121.6278252"/>
  <node id="11005207835" lat="24.6742010" lon="121.6277285"/>
  <node id="11005207836" lat="24.6741141" lon="121.6276845"/>
  <node id="11005207837" lat="24.6739792" lon="121.6276487"/>
  <node id="11005207838" lat="24.6738008" lon="121.6276017"/>
  <node id="11005328145" lat="24.6660364" lon="121.6226992"/>
  <node id="11005328144" lat="24.6663693" lon="121.6224892"/>
  <node id="4430938182" lat="24.6669398" lon="121.6220494"/>
  <node id="4430938186" lat="24.6675013" lon="121.6216803"/>
  <node id="4430939091" lat="24.6675579" lon="121.6216659"/>
  <node id="4430939093" lat="24.6676200" lon="121.6216717"/>
  <node id="4430939096" lat="24.6676666" lon="121.6216680"/>
  <node id="4430939099" lat="24.6677036" lon="121.6216476"/>
  <node id="4430939105" lat="24.6678698" lon="121.6214995"/>
  <node id="11005328143" lat="24.6679671" lon="121.6214377"/>
  <node id="4430939115" lat="24.6683493" lon="121.6212818"/>
  <node id="4430939119" lat="24.6686158" lon="121.6211957"/>
  <node id="11005340107" lat="24.6686746" lon="121.6211683"/>
  <node id="4430939124" lat="24.6689056" lon="121.6210479"/>
  <node id="4430939129" lat="24.6689861" lon="121.6209921"/>
  <node id="11005340110" lat="24.6690117" lon="121.6209704"/>
  <node id="11005328026" lat="24.6690259" lon="121.6209504"/>
  <node id="4430939131" lat="24.6690413" lon="121.6209027"/>
  <node id="4430939133" lat="24.6690537" lon="121.6208130"/>
  <node id="4430939134" lat="24.6690735" lon="121.6205510"/>
  <node id="4430939136" lat="24.6690893" lon="121.6204751"/>
  <node id="11005328025" lat="24.6691156" lon="121.6204141"/>
  <node id="4430939138" lat="24.6691466" lon="121.6203637"/>
  <node id="4430939143" lat="24.6693942" lon="121.6201150"/>
  <node id="11005328023" lat="24.6694083" lon="121.6200796"/>
  <node id="11005328024" lat="24.6694148" lon="121.6200085"/>
  <node id="11005328022" lat="24.6694156" lon="121.6198307"/>
  <node id="4430939144" lat="24.6694212" lon="121.6197034"/>
  <node id="4430939145" lat="24.6694357" lon="121.6196431"/>
  <node id="4430939146" lat="24.6694562" lon="121.6196117"/>
  <node id="4430939147" lat="24.6694787" lon="121.6195882"/>
  <node id="11005328021" lat="24.6695969" lon="121.6195188"/>
  <node id="4430939148" lat="24.6696152" lon="121.6194960"/>
  <node id="4430939150" lat="24.6696206" lon="121.6194745"/>
  <node id="4430939152" lat="24.6696194" lon="121.6194454"/>
  <node id="4430939151" lat="24.6696118" lon="121.6194118"/>
  <node id="4430939140" lat="24.6692156" lon="121.6186478"/>
  <node id="4430939137" lat="24.6690496" lon="121.6182923"/>
  <node id="4431005259" lat="24.6688864" lon="121.6178785"/>
  <node id="4458292936" lat="24.6688560" lon="121.6177336"/>
  <node id="4431005257" lat="24.6688128" lon="121.6172160"/>
  <node id="11005746626" lat="24.6688101" lon="121.6170818"/>
  <node id="4431005258" lat="24.6688148" lon="121.6167709"/>
  <node id="4458292935" lat="24.6688052" lon="121.6165467"/>
  <node id="4431005255" lat="24.6687772" lon="121.6163447"/>
  <node id="4458292934" lat="24.6687639" lon="121.6162769"/>
  <node id="11005746646" lat="24.6687393" lon="121.6162187"/>
  <node id="4458292933" lat="24.6687039" lon="121.6161522"/>
  <node id="11005746647" lat="24.6686319" lon="121.6160414"/>
  <node id="4431005253" lat="24.6685349" lon="121.6159172"/>
  <node id="4431005250" lat="24.6683483" lon="121.6156757"/>
  <node id="4458292932" lat="24.6682968" lon="121.6156148"/>
  <node id="4431005247" lat="24.6682085" lon="121.6155337"/>
  <node id="4431005243" lat="24.6680927" lon="121.6153902"/>
  <node id="4458292931" lat="24.6680081" lon="121.6152836"/>
  <node id="11005782077" lat="24.6679773" lon="121.6152550"/>
  <node id="4458292930" lat="24.6679383" lon="121.6152323"/>
  <node id="4458292929" lat="24.6678751" lon="121.6152033"/>
  <node id="11005207863" lat="24.6678366" lon="121.6151693"/>
  <node id="4431005237" lat="24.6678029" lon="121.6151224"/>
  <node id="4458292928" lat="24.6677266" lon="121.6149599"/>
  <node id="11005782102" lat="24.6676791" lon="121.6148747"/>
  <node id="4458292927" lat="24.6676297" lon="121.6148040"/>
  <node id="4431005233" lat="24.6675327" lon="121.6146863"/>
  <node id="4458292926" lat="24.6674231" lon="121.6146024"/>
  <node id="11005207862" lat="24.6673742" lon="121.6145431"/>
  <node id="4431005230" lat="24.6672163" lon="121.6142916"/>
  <node id="11005796714" lat="24.6671916" lon="121.6142728"/>
  <node id="4458292925" lat="24.6671710" lon="121.6142644"/>
  <node id="11005796715" lat="24.6671454" lon="121.6142639"/>
  <node id="4458292924" lat="24.6671199" lon="121.6142693"/>
  <node id="9500926486" lat="24.6669948" lon="121.6143484"/>
  <node id="11005117990" lat="24.6713936" lon="121.6299224"/>
  <node id="11005117989" lat="24.6713127" lon="121.6296579"/>
  <node id="11005117988" lat="24.6712400" lon="121.6293638"/>
  <node id="11005117987" lat="24.6712072" lon="121.6291781"/>
  <node id="11005117986" lat="24.6711427" lon="121.6289329"/>
  <node id="11005117985" lat="24.6711239" lon="121.6288839"/>
  <node id="11005117984" lat="24.6710993" lon="121.6288620"/>
  <node id="4430939181" lat="24.6708830" lon="121.6289368"/>
  <node id="4430939180" lat="24.6704568" lon="121.6290679"/>
  <node id="4430939179" lat="24.6704125" lon="121.6290788"/>
  <node id="4430939177" lat="24.6703756" lon="121.6290752"/>
  <node id="4430939174" lat="24.6703528" lon="121.6290600"/>
  <node id="4430939164" lat="24.6703355" lon="121.6290333"/>
  <node id="4430939163" lat="24.6702699" lon="121.6288168"/>
  <node id="4430939162" lat="24.6702400" lon="121.6287660"/>
  <node id="4430939161" lat="24.6701978" lon="121.6287262"/>
  <node id="11005117983" lat="24.6701416" lon="121.6286889"/>
  <node id="11005117982" lat="24.6701167" lon="121.6286614"/>
  <node id="4430939159" lat="24.6700978" lon="121.6286256"/>
  <node id="11005117981" lat="24.6700633" lon="121.6285029"/>
  <node id="4430939158" lat="24.6700383" lon="121.6284241"/>
  <node id="11005117980" lat="24.6700064" lon="121.6283576"/>
  <node id="4430939156" lat="24.6699814" lon="121.6283157"/>
  <node id="4430939155" lat="24.6698339" lon="121.6281048"/>
  <node id="4430939154" lat="24.6697836" lon="121.6280355"/>
  <node id="11005117979" lat="24.6697526" lon="121.6279984"/>
  <node id="11005117978" lat="24.6697147" lon="121.6279777"/>
  <node id="11005117977" lat="24.6696797" lon="121.6279676"/>
  <node id="4430939153" lat="24.6696313" lon="121.6279473"/>
  <node id="11005117976" lat="24.6693454" lon="121.6277886"/>
  <node id="4430939141" lat="24.6692139" lon="121.6277253"/>
  <node id="11005117975" lat="24.6691208" lon="121.6276908"/>
  <node id="11005117974" lat="24.6690535" lon="121.6276549"/>
  <node id="4430939135" lat="24.6690170" lon="121.6276241"/>
  <node id="4430939130" lat="24.6689221" lon="121.6275168"/>
  <node id="11005117973" lat="24.6688523" lon="121.6274466"/>
  <node id="4430939123" lat="24.6688232" lon="121.6274300"/>
  <node id="4430939122" lat="24.6688053" lon="121.6274293"/>
  <node id="4430939121" lat="24.6686744" lon="121.6274633"/>
  <node id="11005117972" lat="24.6684466" lon="121.6275264"/>
  <node id="4430939116" lat="24.6682621" lon="121.6275866"/>
  <node id="4430939114" lat="24.6681864" lon="121.6276036"/>
  <node id="4430939113" lat="24.6681064" lon="121.6276124"/>
  <node id="4430939111" lat="24.6680559" lon="121.6276110"/>
  <node id="11005117971" lat="24.6680275" lon="121.6276047"/>
  <node id="11005117968" lat="24.6679883" lon="121.6275805"/>
  <node id="11005117969" lat="24.6679578" lon="121.6275578"/>
  <node id="11005117970" lat="24.6678512" lon="121.6274652"/>
  <node id="4430939107" lat="24.6677853" lon="121.6274233"/>
  <node id="4430939102" lat="24.6677254" lon="121.6273938"/>
  <node id="4430939100" lat="24.6676751" lon="121.6273816"/>
  <node id="11005313931" lat="24.6690909" lon="121.6237857"/>
  <node id="4430939139" lat="24.6691439" lon="121.6237810"/>
  <node id="11005207856" lat="24.6692009" lon="121.6237732"/>
  <node id="11005313923" lat="24.6692468" lon="121.6237624"/>
  <node id="4430939142" lat="24.6693148" lon="121.6237414"/>
  <node id="11005207855" lat="24.6693814" lon="121.6237149"/>
  <node id="11005207854" lat="24.6695179" lon="121.6236741"/>
  <node id="4430939149" lat="24.6695475" lon="121.6236633"/>
  <node id="11005207853" lat="24.6697628" lon="121.6235656"/>
  <node id="11005207851" lat="24.6699468" lon="121.6234851"/>
  <node id="11005207852" lat="24.6700775" lon="121.6234393"/>
  <node id="4430939157" lat="24.6701605" lon="121.6234181"/>
  <node id="11005207850" lat="24.6702613" lon="121.6233974"/>
  <node id="4430939160" lat="24.6703625" lon="121.6233849"/>
  <node id="4430939165" lat="24.6706189" lon="121.6233611"/>
  <node id="11005207848" lat="24.6706703" lon="121.6233653"/>
  <node id="11005290036" lat="24.6707071" lon="121.6233791"/>
  <node id="11005207849" lat="24.6707417" lon="121.6233992"/>
  <node id="4430939166" lat="24.6708580" lon="121.6234976"/>
  <node id="4430939169" lat="24.6708982" lon="121.6235326"/>
  <node id="4430939171" lat="24.6709195" lon="121.6235388"/>
  <node id="4430939173" lat="24.6709596" lon="121.6235317"/>
  <node id="4430939176" lat="24.6710135" lon="121.6235093"/>
  <node id="11005327943" lat="24.6713469" lon="121.6233295"/>
  <node id="4430939186" lat="24.6713741" lon="121.6233148"/>
  <node id="11005207845" lat="24.6715417" lon="121.6232396"/>
  <node id="11005272527" lat="24.6715771" lon="121.6232204"/>
  <node id="11005207846" lat="24.6715972" lon="121.6232095"/>
  <node id="11005207847" lat="24.6716049" lon="121.6231949"/>
  <node id="4430939188" lat="24.6716058" lon="121.6231794"/>
  <node id="4430939187" lat="24.6715670" lon="121.6230888"/>
  <node id="4430939183" lat="24.6715487" lon="121.6230270"/>
  <node id="4430939185" lat="24.6715529" lon="121.6230031"/>
  <node id="4430939190" lat="24.6715670" lon="121.6229821"/>
  <node id="4430939193" lat="24.6717571" lon="121.6228302"/>
  <node id="4430939199" lat="24.6719377" lon="121.6226964"/>
  <node id="4430939201" lat="24.6720448" lon="121.6226224"/>
  <node id="11005314001" lat="24.6723412" lon="121.6224515"/>
  <node id="4430939200" lat="24.6723892" lon="121.6224238"/>
  <node id="4430939198" lat="24.6723347" lon="121.6222565"/>
  <node id="11005314111" lat="24.6724176" lon="121.6222173"/>
  <node id="11005314009" lat="24.6724891" lon="121.6221835"/>
  <node id="4430939205" lat="24.6726116" lon="121.6221256"/>
  <node id="4430939208" lat="24.6728535" lon="121.6220184"/>
  <node id="4430939209" lat="24.6729829" lon="121.6219242"/>
  <node id="11005314067" lat="24.6729932" lon="121.6219074"/>
  <node id="4430939211" lat="24.6729918" lon="121.6218713"/>
  <node id="11005314073" lat="24.6729920" lon="121.6217663"/>
  <node id="4430939210" lat="24.6729949" lon="121.6217265"/>
  <node id="4430939212" lat="24.6730052" lon="121.6216649"/>
  <node id="4430939213" lat="24.6730429" lon="121.6216200"/>
  <node id="4430939216" lat="24.6731370" lon="121.6216039"/>
  <node id="4430939217" lat="24.6732187" lon="121.6215630"/>
  <node id="4430939219" lat="24.6732962" lon="121.6214798"/>
  <node id="4430939266" lat="24.6753490" lon="121.6367650"/>
  <node id="4430939265" lat="24.6753478" lon="121.6367261"/>
  <node id="4430939442" lat="24.6823342" lon="121.6372683"/>
  <node id="4430939440" lat="24.6822502" lon="121.6371490"/>
  <node id="4430939436" lat="24.6822225" lon="121.6370806"/>
  <node id="4430939437" lat="24.6822492" lon="121.6370165"/>
  <node id="4430939438" lat="24.6823073" lon="121.6370282"/>
  <node id="4430939441" lat="24.6823961" lon="121.6371185"/>
  <node id="4430939444" lat="24.6825479" lon="121.6373068"/>
  <node id="4430939449" lat="24.6828914" lon="121.6375980"/>
  <node id="4430939450" lat="24.6830168" lon="121.6376683"/>
  <node id="11005193423" lat="24.6830539" lon="121.6376794"/>
  <node id="4430939452" lat="24.6830991" lon="121.6376751"/>
  <node id="4430939454" lat="24.6831290" lon="121.6376502"/>
  <node id="11004975335" lat="24.6831418" lon="121.6375823"/>
  <node id="11004975369" lat="24.6831366" lon="121.6375293"/>
  <node id="4430939453" lat="24.6831208" lon="121.6374841"/>
  <node id="11005193422" lat="24.6830903" lon="121.6374345"/>
  <node id="4430939451" lat="24.6830212" lon="121.6373578"/>
  <node id="4430939446" lat="24.6826760" lon="121.6370549"/>
  <node id="4430939435" lat="24.6823196" lon="121.6367399"/>
  <node id="11005193410" lat="24.6819025" lon="121.6363963"/>
  <node id="4430939434" lat="24.6816439" lon="121.6361970"/>
  <node id="4430939433" lat="24.6814375" lon="121.6360157"/>
  <node id="11005193409" lat="24.6813567" lon="121.6359127"/>
  <node id="4430939432" lat="24.6812955" lon="121.6358011"/>
  <node id="4430939431" lat="24.6811774" lon="121.6354638"/>
  <node id="4430939430" lat="24.6809228" lon="121.6348072"/>
  <node id="11005193408" lat="24.6807971" lon="121.6344102"/>
  <node id="4430939429" lat="24.6806762" lon="121.6339755"/>
  <node id="11005193407" lat="24.6804886" lon="121.6331985"/>
  <node id="11005193406" lat="24.6804551" lon="121.6330187"/>
  <node id="4430939423" lat="24.6804488" lon="121.6328955"/>
  <node id="11005193405" lat="24.6804505" lon="121.6327946"/>
  <node id="4430939422" lat="24.6805206" lon="121.6324456"/>
  <node id="4430939424" lat="24.6805555" lon="121.6322641"/>
  <node id="4430939426" lat="24.6805556" lon="121.6321836"/>
  <node id="4430939428" lat="24.6805380" lon="121.6321107"/>
  <node id="4430939427" lat="24.6805002" lon="121.6320387"/>
  <node id="4430939425" lat="24.6804603" lon="121.6319953"/>
  <node id="4430939421" lat="24.6803475" lon="121.6318905"/>
  <node id="4430939420" lat="24.6801896" lon="121.6317633"/>
  <node id="4430939419" lat="24.6800307" lon="121.6316345"/>
  <node id="4430939418" lat="24.6798527" lon="121.6314294"/>
  <node id="4430939417" lat="24.6797175" lon="121.6312441"/>
  <node id="11005193564" lat="24.6793200" lon="121.6307923"/>
  <node id="4430939415" lat="24.6790971" lon="121.6305821"/>
  <node id="4430939413" lat="24.6788516" lon="121.6304024"/>
  <node id="4430939408" lat="24.6785232" lon="121.6301610"/>
  <node id="11005193563" lat="24.6782548" lon="121.6299383"/>
  <node id="4430939405" lat="24.6781131" lon="121.6297915"/>
  <node id="4430939404" lat="24.6779124" lon="121.6295000"/>
  <node id="4430939403" lat="24.6777127" lon="121.6291398"/>
  <node id="4430939401" lat="24.6775273" lon="121.6288305"/>
  <node id="4430939399" lat="24.6772411" lon="121.6283721"/>
  <node id="4430939397" lat="24.6770075" lon="121.6279048"/>
  <node id="4430939395" lat="24.6767903" lon="121.6274083"/>
  <node id="4430939390" lat="24.6764378" lon="121.6262997"/>
  <node id="11005272408" lat="24.6763883" lon="121.6261756"/>
  <node id="4430939287" lat="24.6763232" lon="121.6260430"/>
  <node id="4430939284" lat="24.6762273" lon="121.6258791"/>
  <node id="11005193562" lat="24.6761551" lon="121.6257772"/>
  <node id="4430939282" lat="24.6760322" lon="121.6256630"/>
  <node id="11005193561" lat="24.6758655" lon="121.6255165"/>
  <node id="4430939277" lat="24.6756440" lon="121.6252940"/>
  <node id="4430939261" lat="24.6752786" lon="121.6249017"/>
  <node id="4430939256" lat="24.6750823" lon="121.6246804"/>
  <node id="4430939247" lat="24.6746840" lon="121.6243122"/>
  <node id="4430939243" lat="24.6745730" lon="121.6241935"/>
  <node id="4430939242" lat="24.6745134" lon="121.6240927"/>
  <node id="11005207840" lat="24.6744623" lon="121.6239762"/>
  <node id="4430939239" lat="24.6743127" lon="121.6234632"/>
  <node id="11005207841" lat="24.6742685" lon="121.6233615"/>
  <node id="4430939234" lat="24.6740765" lon="121.6229779"/>
  <node id="4430939232" lat="24.6740536" lon="121.6228864"/>
  <node id="11005207842" lat="24.6739863" lon="121.6225296"/>
  <node id="4430939231" lat="24.6739669" lon="121.6223108"/>
  <node id="4430939230" lat="24.6739347" lon="121.6221049"/>
  <node id="4430939229" lat="24.6739021" lon="121.6219491"/>
  <node id="4430939227" lat="24.6738677" lon="121.6218657"/>
  <node id="4430939224" lat="24.6738258" lon="121.6217932"/>
  <node id="4430939220" lat="24.6737626" lon="121.6217299"/>
  <node id="4430939218" lat="24.6731827" lon="121.6213474"/>
  <node id="4430939215" lat="24.6730868" lon="121.6211940"/>
  <node id="4430939206" lat="24.6727976" lon="121.6206273"/>
  <node id="11005207843" lat="24.6726986" lon="121.6204246"/>
  <node id="4430939203" lat="24.6725209" lon="121.6201196"/>
  <node id="4430939197" lat="24.6723391" lon="121.6198769"/>
  <node id="4430939189" lat="24.6718682" lon="121.6192896"/>
  <node id="11005207875" lat="24.6715744" lon="121.6188992"/>
  <node id="4430939182" lat="24.6714112" lon="121.6186823"/>
  <node id="4430939178" lat="24.6711617" lon="121.6183125"/>
  <node id="4431005281" lat="24.6707518" lon="121.6174525"/>
  <node id="4431005277" lat="24.6702667" lon="121.6164129"/>
  <node id="11005207859" lat="24.6700474" lon="121.6160142"/>
  <node id="4431005271" lat="24.6696922" lon="121.6154883"/>
  <node id="4431005263" lat="24.6690875" lon="121.6145352"/>
  <node id="4431005251" lat="24.6688292" lon="121.6141423"/>
  <node id="11005207888" lat="24.6686676" lon="121.6139688"/>
  <node id="11005207887" lat="24.6684216" lon="121.6137773"/>
  <node id="11005207886" lat="24.6682439" lon="121.6136148"/>
  <node id="4431005238" lat="24.6679259" lon="121.6132641"/>
  <node id="4431005236" lat="24.6677254" lon="121.6130571"/>
  <node id="4431005231" lat="24.6673852" lon="121.6125646"/>
  <node id="4431005227" lat="24.6673169" lon="121.6124198"/>
  <node id="4430974079" lat="24.6256972" lon="121.6272891"/>
  <node id="4430974077" lat="24.6256648" lon="121.6274424"/>
  <node id="4430974074" lat="24.6256258" lon="121.6275699"/>
  <node id="4430974071" lat="24.6255507" lon="121.6277788"/>
  <node id="4430974070" lat="24.6254744" lon="121.6278971"/>
  <node id="11027047649" lat="24.6245655" lon="121.6291592"/>
  <node id="4430974069" lat="24.6243674" lon="121.6294083"/>
  <node id="4430974068" lat="24.6242595" lon="121.6295035"/>
  <node id="4430974067" lat="24.6241405" lon="121.6295905"/>
  <node id="4430974066" lat="24.6238438" lon="121.6297074"/>
  <node id="4430974065" lat="24.6237315" lon="121.6297570"/>
  <node id="11027047593" lat="24.6236453" lon="121.6297758"/>
  <node id="4430974064" lat="24.6235246" lon="121.6297834"/>
  <node id="4430974063" lat="24.6232043" lon="121.6297707"/>
  <node id="4430974062" lat="24.6231505" lon="121.6297499"/>
  <node id="4430974061" lat="24.6229063" lon="121.6296159"/>
  <node id="4430974060" lat="24.6228209" lon="121.6295773"/>
  <node id="4430974059" lat="24.6227709" lon="121.6295733"/>
  <node id="4430974058" lat="24.6224052" lon="121.6295639"/>
  <node id="4430974056" lat="24.6223479" lon="121.6296216"/>
  <node id="4430974053" lat="24.6223284" lon="121.6296873"/>
  <node id="4430974054" lat="24.6223323" lon="121.6298233"/>
  <node id="11027047594" lat="24.6223415" lon="121.6300003"/>
  <node id="4430974057" lat="24.6223272" lon="121.6301580"/>
  <node id="4430974055" lat="24.6223064" lon="121.6302519"/>
  <node id="4430974052" lat="24.6222789" lon="121.6305276"/>
  <node id="4430974051" lat="24.6222802" lon="121.6306774"/>
  <node id="4430974050" lat="24.6222733" lon="121.6308524"/>
  <node id="4430974049" lat="24.6222487" lon="121.6310642"/>
  <node id="4430974048" lat="24.6221895" lon="121.6312934"/>
  <node id="4430974047" lat="24.6221269" lon="121.6314281"/>
  <node id="4430974046" lat="24.6219709" lon="121.6316484"/>
  <node id="4430974045" lat="24.6215967" lon="121.6320522"/>
  <node id="4430974044" lat="24.6214246" lon="121.6322405"/>
  <node id="11027047595" lat="24.6213886" lon="121.6323290"/>
  <node id="4430974043" lat="24.6213799" lon="121.6324347"/>
  <node id="4430974042" lat="24.6213835" lon="121.6326570"/>
  <node id="11027047596" lat="24.6213783" lon="121.6327544"/>
  <node id="4430974041" lat="24.6213614" lon="121.6328431"/>
  <node id="4430974040" lat="24.6212592" lon="121.6330642"/>
  <node id="4430974039" lat="24.6211477" lon="121.6333786"/>
  <node id="11027047597" lat="24.6210868" lon="121.6335111"/>
  <node id="6162732553" lat="24.6210337" lon="121.6336156"/>
  <node id="4430974038" lat="24.6209368" lon="121.6337694"/>
  <node id="4430974037" lat="24.6207598" lon="121.6339920"/>
  <node id="4430974036" lat="24.6205821" lon="121.6341485"/>
  <node id="4430974035" lat="24.6203601" lon="121.6343245"/>
  <node id="4430974034" lat="24.6198797" lon="121.6347760"/>
  <node id="4430974033" lat="24.6195914" lon="121.6351045"/>
  <node id="4430974032" lat="24.6194721" lon="121.6352147"/>
  <node id="4430974030" lat="24.6192424" lon="121.6353259"/>
  <node id="11027047605" lat="24.6189472" lon="121.6354028"/>
  <node id="4430974029" lat="24.6186848" lon="121.6354577"/>
  <node id="5273749225" lat="24.6184702" lon="121.6355247"/>
  <node id="11027047606" lat="24.6183335" lon="121.6355899"/>
  <node id="4430974028" lat="24.6182287" lon="121.6356612"/>
  <node id="5273749226" lat="24.6179474" lon="121.6358909"/>
  <node id="4430974025" lat="24.6176650" lon="121.6361127"/>
  <node id="4430974024" lat="24.6174908" lon="121.6362377"/>
  <node id="4430974023" lat="24.6172638" lon="121.6363861"/>
  <node id="11027047607" lat="24.6169738" lon="121.6365295"/>
  <node id="4430974021" lat="24.6166828" lon="121.6366465"/>
  <node id="6162735886" lat="24.6165245" lon="121.6366936"/>
  <node id="5273749227" lat="24.6164178" lon="121.6367123"/>
  <node id="11027853643" lat="24.6160693" lon="121.6367447"/>
  <node id="4430974020" lat="24.6156472" lon="121.6367885"/>
  <node id="11027047608" lat="24.6154396" lon="121.6367930"/>
  <node id="5273749244" lat="24.6152813" lon="121.6367794"/>
  <node id="5273749245" lat="24.6151093" lon="121.6367437"/>
  <node id="5273749243" lat="24.6147468" lon="121.6366664"/>
  <node id="4430974016" lat="24.6146838" lon="121.6366566"/>
  <node id="2946927168" lat="24.6333818" lon="121.6187596"/>
  <node id="2946927169" lat="24.6334448" lon="121.6186053"/>
  <node id="2946927171" lat="24.6334700" lon="121.6184811"/>
  <node id="2946927170" lat="24.6334943" lon="121.6181922"/>
  <node id="2946927172" lat="24.6335179" lon="121.6180272"/>
  <node id="2946927173" lat="24.6335574" lon="121.6179334"/>
  <node id="2946927174" lat="24.6336262" lon="121.6178358"/>
  <node id="11028894327" lat="24.6337189" lon="121.6177607"/>
  <node id="2946927175" lat="24.6337981" lon="121.6177080"/>
  <node id="2946927176" lat="24.6338841" lon="121.6176391"/>
  <node id="11028894328" lat="24.6341275" lon="121.6173691"/>
  <node id="2946927177" lat="24.6343979" lon="121.6170098"/>
  <node id="11028894329" lat="24.6344751" lon="121.6169640"/>
  <node id="2946927178" lat="24.6349818" lon="121.6167805"/>
  <node id="2946927179" lat="24.6350976" lon="121.6166866"/>
  <node id="2946927180" lat="24.6352080" lon="121.6165765"/>
  <node id="2946927181" lat="24.6352955" lon="121.6164345"/>
  <node id="2946927182" lat="24.6355465" lon="121.6159274"/>
  <node id="2946927183" lat="24.6356487" lon="121.6157721"/>
  <node id="11028894330" lat="24.6356847" lon="121.6156989"/>
  <node id="2946927186" lat="24.6357156" lon="121.6156200"/>
  <node id="11028894331" lat="24.6357421" lon="121.6155057"/>
  <node id="2946927184" lat="24.6357838" lon="121.6153318"/>
  <node id="2946927185" lat="24.6358323" lon="121.6152400"/>
  <node id="2946927187" lat="24.6362277" lon="121.6148050"/>
  <node id="2946927189" lat="24.6364959" lon="121.6143826"/>
  <node id="2946927188" lat="24.6365983" lon="121.6140540"/>
  <node id="2946927191" lat="24.6366787" lon="121.6139655"/>
  <node id="2946927192" lat="24.6367470" lon="121.6139414"/>
  <node id="2946927190" lat="24.6368918" lon="121.6139249"/>
  <node id="2946927193" lat="24.6369776" lon="121.6139249"/>
  <node id="11006277198" lat="24.6371684" lon="121.6139239"/>
  <node id="11006277200" lat="24.6373513" lon="121.6139085"/>
  <node id="11006277201" lat="24.6373895" lon="121.6138971"/>
  <node id="11006277202" lat="24.6374648" lon="121.6139467"/>
  <node id="11006277203" lat="24.6375012" lon="121.6139801"/>
  <node id="11006277199" lat="24.6375375" lon="121.6139948"/>
  <node id="2946927196" lat="24.6377854" lon="121.6140367"/>
  <node id="4431004891" lat="24.6656652" lon="121.6390660"/>
  <node id="4431004684" lat="24.6654555" lon="121.6391424"/>
  <node id="9501128198" lat="24.6654191" lon="121.6391699"/>
  <node id="4431004683" lat="24.6654111" lon="121.6392034"/>
  <node id="4431004682" lat="24.6654190" lon="121.6392544"/>
  <node id="4431004687" lat="24.6655037" lon="121.6395407"/>
  <node id="4431004686" lat="24.6655012" lon="121.6395797"/>
  <node id="4431004685" lat="24.6654884" lon="121.6396139"/>
  <node id="4431004680" lat="24.6654166" lon="121.6396440"/>
  <node id="4431004678" lat="24.6653891" lon="121.6396735"/>
  <node id="4431004679" lat="24.6653793" lon="121.6397151"/>
  <node id="4431004688" lat="24.6655085" lon="121.6401322"/>
  <node id="4431004894" lat="24.6660283" lon="121.6403346"/>
  <node id="4431004892" lat="24.6657712" lon="121.6394697"/>
  <node id="4431004890" lat="24.6656335" lon="121.6389896"/>
  <node id="9501128199" lat="24.6655946" lon="121.6389191"/>
  <node id="4431004889" lat="24.6655445" lon="121.6388461"/>
  <node id="9501128200" lat="24.6654752" lon="121.6387703"/>
  <node id="4431004681" lat="24.6654006" lon="121.6387052"/>
  <node id="4431004677" lat="24.6653214" lon="121.6386570"/>
  <node id="4431004676" lat="24.6651423" lon="121.6386395"/>
  <node id="4431004675" lat="24.6650692" lon="121.6385979"/>
  <node id="4431004674" lat="24.6649839" lon="121.6385309"/>
  <node id="4431004673" lat="24.6649211" lon="121.6385322"/>
  <node id="412685652" lat="24.6626649" lon="121.6312082"/>
  <node id="3707841711" lat="24.6620488" lon="121.6311122"/>
  <node id="4431004663" lat="24.6619476" lon="121.6310719"/>
  <node id="4431004662" lat="24.6618525" lon="121.6310237"/>
  <node id="4431004661" lat="24.6617715" lon="121.6309499"/>
  <node id="3707841694" lat="24.6617051" lon="121.6308560"/>
  <node id="11005207889" lat="24.6677664" lon="121.6131863"/>
  <node id="4431005234" lat="24.6678355" lon="121.6133129"/>
  <node id="4431005242" lat="24.6680670" lon="121.6136670"/>
  <node id="4431005249" lat="24.6682921" lon="121.6140143"/>
  <node id="4431005254" lat="24.6686391" lon="121.6144613"/>
  <node id="4431005260" lat="24.6689506" lon="121.6149216"/>
  <node id="4431005265" lat="24.6692554" lon="121.6154074"/>
  <node id="4431005269" lat="24.6695851" lon="121.6159986"/>
  <node id="4431005274" lat="24.6699171" lon="121.6166585"/>
  <node id="4431005276" lat="24.6702190" lon="121.6173587"/>
  <node id="4431005279" lat="24.6705240" lon="121.6180722"/>
  <node id="4431005282" lat="24.6708353" lon="121.6187810"/>
  <node id="4431005286" lat="24.6710871" lon="121.6193008"/>
  <node id="11005207866" lat="24.6710934" lon="121.6193783"/>
  <node id="11005207865" lat="24.6710603" lon="121.6194310"/>
  <node id="4431005285" lat="24.6710123" lon="121.6194513"/>
  <node id="4431005284" lat="24.6709753" lon="121.6194406"/>
  <node id="4431005283" lat="24.6708911" lon="121.6193718"/>
  <node id="11005207864" lat="24.6707690" lon="121.6191333"/>
  <node id="4431005280" lat="24.6706526" lon="121.6188855"/>
  <node id="4431005278" lat="24.6703694" lon="121.6181639"/>
  <node id="4431005275" lat="24.6700728" lon="121.6174907"/>
  <node id="4431005273" lat="24.6698747" lon="121.6170388"/>
  <node id="4431005272" lat="24.6697394" lon="121.6167117"/>
  <node id="4431005267" lat="24.6694461" lon="121.6161251"/>
  <node id="4431005262" lat="24.6691096" lon="121.6155317"/>
  <node id="4431005256" lat="24.6688086" lon="121.6150460"/>
  <node id="4431005252" lat="24.6685085" lon="121.6146260"/>
  <node id="11005207860" lat="24.6682597" lon="121.6142878"/>
  <node id="4431005245" lat="24.6680120" lon="121.6139844"/>
  <node id="9500926487" lat="24.6674893" lon="121.6134246"/>
  <node id="4431005229" lat="24.6673701" lon="121.6132877"/>
  <node id="11005886533" lat="24.6672205" lon="121.6130991"/>
  <node id="4431005225" lat="24.6670962" lon="121.6129534"/>
  <node id="4431005220" lat="24.6667428" lon="121.6126319"/>
  <node id="4431005219" lat="24.6665163" lon="121.6123929"/>
  <node id="4431005248" lat="24.6681743" lon="121.5983782"/>
  <node id="4431005244" lat="24.6681788" lon="121.5983580"/>
  <node id="11016894839" lat="24.6681734" lon="121.5983310"/>
  <node id="11016894840" lat="24.6681514" lon="121.5982956"/>
  <node id="11016894841" lat="24.6680940" lon="121.5982308"/>
  <node id="11016894842" lat="24.6680592" lon="121.5981878"/>
  <node id="4431005241" lat="24.6679847" lon="121.5980527"/>
  <node id="11016894843" lat="24.6679345" lon="121.5979426"/>
  <node id="4431005239" lat="24.6679066" lon="121.5978570"/>
  <node id="4431005240" lat="24.6678962" lon="121.5978107"/>
  <node id="11016894844" lat="24.6679014" lon="121.5977467"/>
  <node id="11016894845" lat="24.6679184" lon="121.5977021"/>
  <node id="11005746591" lat="24.6688365" lon="121.6172115"/>
  <node id="11005207861" lat="24.6690072" lon="121.6171788"/>
  <node id="4431005261" lat="24.6691306" lon="121.6172000"/>
  <node id="4431005264" lat="24.6693427" lon="121.6172626"/>
  <node id="4431005266" lat="24.6693870" lon="121.6172549"/>
  <node id="4431005268" lat="24.6694820" lon="121.6172169"/>
  <node id="4431005270" lat="24.6696368" lon="121.6171462"/>
  <node id="11005746585" lat="24.6698258" lon="121.6170609"/>
  <node id="2178262284" lat="24.6660577" lon="121.5947976"/>
  <node id="2584489852" lat="24.6662378" lon="121.5945339"/>
  <node id="2584489870" lat="24.6665382" lon="121.5939760"/>
  <node id="2584489875" lat="24.6666026" lon="121.5938902"/>
  <node id="2584489892" lat="24.6669030" lon="121.5936756"/>
  <node id="4431043672" lat="24.6670461" lon="121.5935086"/>
  <node id="4431043678" lat="24.6671430" lon="121.5934144"/>
  <node id="4431043680" lat="24.6671820" lon="121.5934010"/>
  <node id="4431043687" lat="24.6674330" lon="121.5934439"/>
  <node id="4431044389" lat="24.6675110" lon="121.5934144"/>
  <node id="4431044391" lat="24.6675549" lon="121.5933661"/>
  <node id="4431044394" lat="24.6676597" lon="121.5931703"/>
  <node id="4431044396" lat="24.6677182" lon="121.5930979"/>
  <node id="4431044398" lat="24.6677865" lon="121.5930362"/>
  <node id="4431044402" lat="24.6678645" lon="121.5929497"/>
  <node id="4431044403" lat="24.6678707" lon="121.5929111"/>
  <node id="2584489996" lat="24.6678635" lon="121.5928321"/>
  <node id="4431044400" lat="24.6678316" lon="121.5927910"/>
  <node id="4431044399" lat="24.6677913" lon="121.5927633"/>
  <node id="4431044393" lat="24.6676037" lon="121.5927385"/>
  <node id="4431044390" lat="24.6675257" lon="121.5927207"/>
  <node id="4431043688" lat="24.6674633" lon="121.5926884"/>
  <node id="4431043685" lat="24.6674114" lon="121.5926431"/>
  <node id="4431043682" lat="24.6673503" lon="121.5925762"/>
  <node id="4431043679" lat="24.6672697" lon="121.5924347"/>
  <node id="11016432774" lat="24.6669999" lon="121.5921461"/>
  <node id="11016432775" lat="24.6670062" lon="121.5920603"/>
  <node id="4431043674" lat="24.6670071" lon="121.5919923"/>
  <node id="4431043671" lat="24.6670356" lon="121.5919159"/>
  <node id="4431043670" lat="24.6670521" lon="121.5918511"/>
  <node id="4431043669" lat="24.6671058" lon="121.5918080"/>
  <node id="4431043676" lat="24.6671595" lon="121.5918094"/>
  <node id="4431043677" lat="24.6672146" lon="121.5918050"/>
  <node id="4431043681" lat="24.6673017" lon="121.5918066"/>
  <node id="4431043683" lat="24.6673691" lon="121.5917874"/>
  <node id="4431043684" lat="24.6674456" lon="121.5917911"/>
  <node id="4431043686" lat="24.6675414" lon="121.5917785"/>
  <node id="4431044392" lat="24.6676255" lon="121.5917724"/>
  <node id="4431044395" lat="24.6677421" lon="121.5917478"/>
  <node id="4431044397" lat="24.6678268" lon="121.5917146"/>
  <node id="4431044401" lat="24.6679244" lon="121.5916733"/>
  <node id="4431044405" lat="24.6679812" lon="121.5916344"/>
  <node id="11016432773" lat="24.6680263" lon="121.5915850"/>
  <node id="4431044406" lat="24.6680475" lon="121.5915480"/>
  <node id="11016432772" lat="24.6681034" lon="121.5914425"/>
  <node id="11016432771" lat="24.6681485" lon="121.5913709"/>
  <node id="4431044407" lat="24.6681868" lon="121.5913443"/>
  <node id="4431044408" lat="24.6683682" lon="121.5912816"/>
  <node id="11016432770" lat="24.6683927" lon="121.5912593"/>
  <node id="11016432769" lat="24.6684118" lon="121.5912224"/>
  <node id="4431044409" lat="24.6684271" lon="121.5911580"/>
  <node id="4431044410" lat="24.6684405" lon="121.5910526"/>
  <node id="4431044411" lat="24.6684462" lon="121.5908996"/>
  <node id="11016432768" lat="24.6684607" lon="121.5907118"/>
  <node id="11016432767" lat="24.6684782" lon="121.5906421"/>
  <node id="4431044412" lat="24.6685469" lon="121.5904602"/>
  <node id="11016432766" lat="24.6685867" lon="121.5903730"/>
  <node id="4431044413" lat="24.6686289" lon="121.5903071"/>
  <node id="11016432764" lat="24.6686628" lon="121.5902865"/>
  <node id="4458292944" lat="24.6776768" lon="121.6081122"/>
  <node id="4458292947" lat="24.6780058" lon="121.6079106"/>
  <node id="4458292940" lat="24.6768967" lon="121.6089324"/>
  <node id="4458292943" lat="24.6775587" lon="121.6079272"/>
  <node id="4458292945" lat="24.6778789" lon="121.6084523"/>
  <node id="8418291712" lat="24.6779752" lon="121.6086517"/>
  <node id="4458292937" lat="24.6758901" lon="121.6092770"/>
  <node id="8418291711" lat="24.6761947" lon="121.6091922"/>
  <node id="4458292938" lat="24.6763617" lon="121.6091066"/>
  <node id="4458292939" lat="24.6765286" lon="121.6090437"/>
  <node id="4458292942" lat="24.6772220" lon="121.6088157"/>
  <node id="8418291713" lat="24.6773256" lon="121.6087657"/>
  <node id="8418291714" lat="24.6776486" lon="121.6085833"/>
  <node id="8692699089" lat="24.6584461" lon="121.6239308"/>
  <node id="8692699088" lat="24.6584546" lon="121.6240825"/>
  <node id="4526551159" lat="24.6584232" lon="121.6241789"/>
  <node id="4526551158" lat="24.6582062" lon="121.6241253"/>
  <node id="4526551157" lat="24.6581965" lon="121.6243291"/>
  <node id="4526551156" lat="24.6579479" lon="121.6249756"/>
  <node id="4526551155" lat="24.6578796" lon="121.6252169"/>
  <node id="9073804798" lat="24.6578809" lon="121.6253857"/>
  <node id="4526551154" lat="24.6578820" lon="121.6255361"/>
  <node id="4526551163" lat="24.6578598" lon="121.6255575"/>
  <node id="4526551168" lat="24.6569146" lon="121.6277763"/>
  <node id="4526551167" lat="24.6567778" lon="121.6275612"/>
  <node id="4526551166" lat="24.6569679" lon="121.6274634"/>
  <node id="8692699095" lat="24.6570171" lon="121.6272031"/>
  <node id="4526551165" lat="24.6571069" lon="121.6268960"/>
  <node id="8692699094" lat="24.6572667" lon="121.6264313"/>
  <node id="4526551164" lat="24.6574707" lon="121.6260519"/>
  <node id="8692699093" lat="24.6576843" lon="121.6257383"/>
  <node id="4526551162" lat="24.6580210" lon="121.6256220"/>
  <node id="8692699092" lat="24.6582263" lon="121.6256847"/>
  <node id="4526551161" lat="24.6583330" lon="121.6257883"/>
  <node id="4526551160" lat="24.6587938" lon="121.6259144"/>
  <node id="7760307473" lat="24.6588863" lon="121.6258093"/>
  <node id="7760307472" lat="24.6590031" lon="121.6255424"/>
  <node id="7760307471" lat="24.6591987" lon="121.6253622"/>
  <node id="7760307469" lat="24.6595159" lon="121.6253337"/>
  <node id="4526551177" lat="24.6619236" lon="121.6286756"/>
  <node id="11006277308" lat="24.6616569" lon="121.6286847"/>
  <node id="8692699077" lat="24.6612674" lon="121.6286621"/>
  <node id="4526551176" lat="24.6609218" lon="121.6286327"/>
  <node id="4526551175" lat="24.6607925" lon="121.6286368"/>
  <node id="8692699080" lat="24.6606037" lon="121.6287013"/>
  <node id="8692699081" lat="24.6601738" lon="121.6288371"/>
  <node id="11006277306" lat="24.6600889" lon="121.6288588"/>
  <node id="4526551174" lat="24.6600100" lon="121.6288758"/>
  <node id="4526551173" lat="24.6599034" lon="121.6288894"/>
  <node id="7760307480" lat="24.6598295" lon="121.6288942"/>
  <node id="13844667382" lat="24.6576694" lon="121.6195320"/>
  <node id="13844667380" lat="24.6576142" lon="121.6196976"/>
  <node id="7760307483" lat="24.6576095" lon="121.6197871"/>
  <node id="13844667379" lat="24.6575157" lon="121.6199620"/>
  <node id="13844667378" lat="24.6574847" lon="121.6200590"/>
  <node id="13844667377" lat="24.6574265" lon="121.6201327"/>
  <node id="7760318586" lat="24.6573850" lon="121.6201705"/>
  <node id="13844667376" lat="24.6573708" lon="121.6202066"/>
  <node id="13844667374" lat="24.6573690" lon="121.6203368"/>
  <node id="13844667375" lat="24.6573038" lon="121.6209429"/>
  <node id="4526551393" lat="24.6572483" lon="121.6217462"/>
  <node id="4526551392" lat="24.6572315" lon="121.6218944"/>
  <node id="4526551391" lat="24.6571994" lon="121.6221066"/>
  <node id="4526551390" lat="24.6571879" lon="121.6224221"/>
  <node id="4431031678" lat="24.6571589" lon="121.6225804"/>
  <node id="11016319413" lat="24.6650015" lon="121.5859978"/>
  <node id="4566091227" lat="24.6648643" lon="121.5859743"/>
  <node id="4566091228" lat="24.6646574" lon="121.5859734"/>
  <node id="4566091229" lat="24.6645262" lon="121.5859668"/>
  <node id="4566091230" lat="24.6644659" lon="121.5859460"/>
  <node id="11016319411" lat="24.6642220" lon="121.5857895"/>
  <node id="11020032892" lat="24.6641765" lon="121.5857877"/>
  <node id="4566091231" lat="24.6641285" lon="121.5857944"/>
  <node id="4566091232" lat="24.6640672" lon="121.5858363"/>
  <node id="4566091233" lat="24.6640180" lon="121.5859263"/>
  <node id="4566091234" lat="24.6639880" lon="121.5860688"/>
  <node id="4566091235" lat="24.6640278" lon="121.5863280"/>
  <node id="4566091236" lat="24.6640604" lon="121.5864341"/>
  <node id="4566091237" lat="24.6641136" lon="121.5864754"/>
  <node id="4566091238" lat="24.6643500" lon="121.5864754"/>
  <node id="4566091239" lat="24.6645348" lon="121.5864673"/>
  <node id="4566091240" lat="24.6645865" lon="121.5865160"/>
  <node id="11020032891" lat="24.6645855" lon="121.5865988"/>
  <node id="4566091241" lat="24.6645717" lon="121.5866787"/>
  <node id="4566091242" lat="24.6644535" lon="121.5867681"/>
  <node id="4566091243" lat="24.6642909" lon="121.5868006"/>
  <node id="4566091244" lat="24.6641062" lon="121.5867762"/>
  <node id="4566091245" lat="24.6639359" lon="121.5867944"/>
  <node id="4566091246" lat="24.6637619" lon="121.5867800"/>
  <node id="4566091247" lat="24.6635796" lon="121.5868025"/>
  <node id="11020032890" lat="24.6634930" lon="121.5867896"/>
  <node id="4566091248" lat="24.6634486" lon="121.5867274"/>
  <node id="11020032889" lat="24.6634168" lon="121.5866875"/>
  <node id="11020032888" lat="24.6633799" lon="121.5866759"/>
  <node id="4566091249" lat="24.6633599" lon="121.5866949"/>
  <node id="4566091250" lat="24.6633968" lon="121.5867844"/>
  <node id="11020032887" lat="24.6634472" lon="121.5868322"/>
  <node id="11020032886" lat="24.6634591" lon="121.5868799"/>
  <node id="4566091251" lat="24.6634393" lon="121.5869190"/>
  <node id="4566091252" lat="24.6633673" lon="121.5869389"/>
  <node id="11020032885" lat="24.6632636" lon="121.5869355"/>
  <node id="4566091253" lat="24.6631880" lon="121.5869208"/>
  <node id="11020032883" lat="24.6631284" lon="121.5868799"/>
  <node id="4566091254" lat="24.6630791" lon="121.5868657"/>
  <node id="11020032884" lat="24.6630272" lon="121.5868749"/>
  <node id="4566091255" lat="24.6629830" lon="121.5868982"/>
  <node id="11020032882" lat="24.6629909" lon="121.5869509"/>
  <node id="4566091256" lat="24.6630348" lon="121.5870120"/>
  <node id="4566091257" lat="24.6631987" lon="121.5870939"/>
  <node id="11020032867" lat="24.6632671" lon="121.5870931"/>
  <node id="11020032868" lat="24.6632907" lon="121.5871037"/>
  <node id="4566091258" lat="24.6633032" lon="121.5871265"/>
  <node id="11020032869" lat="24.6632901" lon="121.5871409"/>
  <node id="11020032866" lat="24.6632654" lon="121.5871515"/>
  <node id="4566091259" lat="24.6630783" lon="121.5871936"/>
  <node id="4566091260" lat="24.6629507" lon="121.5872917"/>
  <node id="4566091261" lat="24.6628237" lon="121.5875186"/>
  <node id="4566091262" lat="24.6627983" lon="121.5877763"/>
  <node id="4566091263" lat="24.6627105" lon="121.5880421"/>
  <node id="4566091288" lat="24.6722602" lon="121.6059823"/>
  <node id="8418291675" lat="24.6722463" lon="121.6059132"/>
  <node id="4566149789" lat="24.6722232" lon="121.6058413"/>
  <node id="8418291676" lat="24.6721683" lon="121.6056892"/>
  <node id="4566149790" lat="24.6721519" lon="121.6056302"/>
  <node id="8418291677" lat="24.6721452" lon="121.6055618"/>
  <node id="4566149791" lat="24.6721532" lon="121.6055069"/>
  <node id="4566149792" lat="24.6722960" lon="121.6052329"/>
  <node id="4566149793" lat="24.6723566" lon="121.6050952"/>
  <node id="4566149794" lat="24.6724474" lon="121.6048389"/>
  <node id="4566149795" lat="24.6725195" lon="121.6046926"/>
  <node id="4566149796" lat="24.6725632" lon="121.6046329"/>
  <node id="11009348257" lat="24.6725923" lon="121.6045909"/>
  <node id="11009348260" lat="24.6726231" lon="121.6045287"/>
  <node id="11009348261" lat="24.6726479" lon="121.6044911"/>
  <node id="11009348262" lat="24.6726712" lon="121.6044890"/>
  <node id="11009348259" lat="24.6726954" lon="121.6045093"/>
  <node id="11009348258" lat="24.6727192" lon="121.6046025"/>
  <node id="4566149797" lat="24.6727227" lon="121.6047126"/>
  <node id="4566149798" lat="24.6727092" lon="121.6050486"/>
  <node id="4566149799" lat="24.6727085" lon="121.6051507"/>
  <node id="4566149800" lat="24.6727190" lon="121.6053645"/>
  <node id="4566149801" lat="24.6727413" lon="121.6054711"/>
  <node id="4566149802" lat="24.6727749" lon="121.6055744"/>
  <node id="4566149803" lat="24.6728031" lon="121.6056305"/>
  <node id="4566149804" lat="24.6728318" lon="121.6056743"/>
  <node id="4566149805" lat="24.6728735" lon="121.6057203"/>
  <node id="4566149806" lat="24.6729226" lon="121.6057508"/>
  <node id="11009348248" lat="24.6729916" lon="121.6057801"/>
  <node id="11009348249" lat="24.6730228" lon="121.6058003"/>
  <node id="11009348250" lat="24.6730442" lon="121.6058373"/>
  <node id="11009348251" lat="24.6730584" lon="121.6058884"/>
  <node id="11009348252" lat="24.6730747" lon="121.6059177"/>
  <node id="11009348253" lat="24.6730989" lon="121.6059268"/>
  <node id="11009348254" lat="24.6731220" lon="121.6059211"/>
  <node id="11009348255" lat="24.6731412" lon="121.6059033"/>
  <node id="11009348256" lat="24.6731466" lon="121.6058749"/>
  <node id="4566149807" lat="24.6731443" lon="121.6058028"/>
  <node id="4566149808" lat="24.6731707" lon="121.6056236"/>
  <node id="4566149809" lat="24.6732030" lon="121.6053493"/>
  <node id="11009348247" lat="24.6732137" lon="121.6052545"/>
  <node id="11009348246" lat="24.6732312" lon="121.6051877"/>
  <node id="4566149810" lat="24.6732713" lon="121.6050744"/>
  <node id="4566149811" lat="24.6733903" lon="121.6048091"/>
  <node id="4566149812" lat="24.6734632" lon="121.6046191"/>
  <node id="4566149813" lat="24.6734843" lon="121.6045339"/>
  <node id="11009348245" lat="24.6734894" lon="121.6044733"/>
  <node id="4566149814" lat="24.6734818" lon="121.6044239"/>
  <node id="4566149815" lat="24.6734504" lon="121.6043283"/>
  <node id="11009348240" lat="24.6734323" lon="121.6042455"/>
  <node id="4566149816" lat="24.6734320" lon="121.6041878"/>
  <node id="4566149817" lat="24.6734432" lon="121.6040711"/>
  <node id="4566149818" lat="24.6734736" lon="121.6039861"/>
  <node id="11009348241" lat="24.6734976" lon="121.6038968"/>
  <node id="11009348242" lat="24.6735349" lon="121.6038624"/>
  <node id="11009348243" lat="24.6735721" lon="121.6038592"/>
  <node id="11009348244" lat="24.6735908" lon="121.6038817"/>
  <node id="4566149819" lat="24.6735959" lon="121.6039331"/>
  <node id="4566149820" lat="24.6735692" lon="121.6041336"/>
  <node id="11009348239" lat="24.6735827" lon="121.6041872"/>
  <node id="4566149821" lat="24.6736148" lon="121.6042400"/>
  <node id="4566149822" lat="24.6736668" lon="121.6043037"/>
  <node id="11009348238" lat="24.6737142" lon="121.6043782"/>
  <node id="4566149823" lat="24.6737438" lon="121.6044508"/>
  <node id="11009348237" lat="24.6737545" lon="121.6045218"/>
  <node id="11009348236" lat="24.6737525" lon="121.6046038"/>
  <node id="4566149824" lat="24.6737367" lon="121.6047085"/>
  <node id="4566149825" lat="24.6736776" lon="121.6049199"/>
  <node id="11009348235" lat="24.6736696" lon="121.6050166"/>
  <node id="11009348234" lat="24.6736803" lon="121.6051040"/>
  <node id="4566149826" lat="24.6737032" lon="121.6051895"/>
  <node id="11009348233" lat="24.6737173" lon="121.6052573"/>
  <node id="4566149827" lat="24.6737432" lon="121.6054107"/>
  <node id="11009348232" lat="24.6737636" lon="121.6054982"/>
  <node id="11009348231" lat="24.6738796" lon="121.6057484"/>
  <node id="4566149828" lat="24.6739086" lon="121.6058042"/>
  <node id="4566149829" lat="24.6739401" lon="121.6058375"/>
  <node id="4566149830" lat="24.6739635" lon="121.6058509"/>
  <node id="4566149831" lat="24.6739874" lon="121.6058446"/>
  <node id="4566149832" lat="24.6740006" lon="121.6058203"/>
  <node id="4566149833" lat="24.6740044" lon="121.6057680"/>
  <node id="4566149834" lat="24.6740014" lon="121.6056704"/>
  <node id="11009348230" lat="24.6740102" lon="121.6055954"/>
  <node id="11009348229" lat="24.6740452" lon="121.6054739"/>
  <node id="4566149835" lat="24.6741236" lon="121.6052700"/>
  <node id="4566149836" lat="24.6741468" lon="121.6051964"/>
  <node id="4566149837" lat="24.6741652" lon="121.6050787"/>
  <node id="11009348228" lat="24.6741812" lon="121.6049612"/>
  <node id="11009348227" lat="24.6742031" lon="121.6049088"/>
  <node id="4566149838" lat="24.6742386" lon="121.6048711"/>
  <node id="11009348226" lat="24.6742797" lon="121.6048395"/>
  <node id="11009348225" lat="24.6743276" lon="121.6047967"/>
  <node id="4566149839" lat="24.6743574" lon="121.6047614"/>
  <node id="11009348224" lat="24.6743943" lon="121.6047164"/>
  <node id="11009348223" lat="24.6744295" lon="121.6046938"/>
  <node id="11009348222" lat="24.6744593" lon="121.6046839"/>
  <node id="4566149840" lat="24.6744869" lon="121.6047049"/>
  <node id="11009348221" lat="24.6745034" lon="121.6047450"/>
  <node id="4566149841" lat="24.6745063" lon="121.6048028"/>
  <node id="4566149842" lat="24.6744824" lon="121.6048600"/>
  <node id="11009348220" lat="24.6744304" lon="121.6049443"/>
  <node id="4566149843" lat="24.6744165" lon="121.6050378"/>
  <node id="11009348219" lat="24.6744281" lon="121.6051540"/>
  <node id="4566149844" lat="24.6744464" lon="121.6052442"/>
  <node id="4566149845" lat="24.6745902" lon="121.6055881"/>
  <node id="4566149846" lat="24.6746421" lon="121.6056990"/>
  <node id="11009348218" lat="24.6746858" lon="121.6057513"/>
  <node id="11009348217" lat="24.6747481" lon="121.6058027"/>
  <node id="11009348216" lat="24.6748034" lon="121.6058254"/>
  <node id="4566149847" lat="24.6748514" lon="121.6058262"/>
  <node id="4566149848" lat="24.6748776" lon="121.6058069"/>
  <node id="4566149849" lat="24.6748880" lon="121.6057853"/>
  <node id="4566149850" lat="24.6750113" lon="121.6054200"/>
  <node id="4566149851" lat="24.6751295" lon="121.6051720"/>
  <node id="4566149852" lat="24.6752625" lon="121.6049850"/>
  <node id="11009348215" lat="24.6753010" lon="121.6048902"/>
  <node id="4566149853" lat="24.6753327" lon="121.6047898"/>
  <node id="4566149854" lat="24.6753815" lon="121.6044965"/>
  <node id="11009348214" lat="24.6754021" lon="121.6042609"/>
  <node id="4566149855" lat="24.6754066" lon="121.6040784"/>
  <node id="11009348213" lat="24.6754141" lon="121.6039664"/>
  <node id="4566149856" lat="24.6754284" lon="121.6038675"/>
  <node id="4566149857" lat="24.6755002" lon="121.6035245"/>
  <node id="11009348212" lat="24.6755261" lon="121.6033787"/>
  <node id="4566149858" lat="24.6755283" lon="121.6033046"/>
  <node id="11009348211" lat="24.6755189" lon="121.6031773"/>
  <node id="4566149859" lat="24.6755214" lon="121.6030622"/>
  <node id="4566149860" lat="24.6755611" lon="121.6026006"/>
  <node id="11009348210" lat="24.6755761" lon="121.6024773"/>
  <node id="11009358514" lat="24.6755929" lon="121.6024097"/>
  <node id="4566149861" lat="24.6756063" lon="121.6023560"/>
  <node id="11009348209" lat="24.6756430" lon="121.6022691"/>
  <node id="11009348208" lat="24.6756933" lon="121.6021777"/>
  <node id="11009348207" lat="24.6757650" lon="121.6021063"/>
  <node id="11009348206" lat="24.6758359" lon="121.6020417"/>
  <node id="4566149862" lat="24.6758896" lon="121.6020111"/>
  <node id="4566149863" lat="24.6759859" lon="121.6019719"/>
  <node id="11009348205" lat="24.6760608" lon="121.6019462"/>
  <node id="4566149864" lat="24.6761356" lon="121.6019027"/>
  <node id="4566149865" lat="24.6762520" lon="121.6017887"/>
  <node id="4566149866" lat="24.6763449" lon="121.6016797"/>
  <node id="11009348204" lat="24.6764084" lon="121.6015930"/>
  <node id="4566149867" lat="24.6764584" lon="121.6014859"/>
  <node id="4566149868" lat="24.6765135" lon="121.6013719"/>
  <node id="4566149869" lat="24.6765621" lon="121.6013206"/>
  <node id="4566149870" lat="24.6766161" lon="121.6012847"/>
  <node id="11009348203" lat="24.6766907" lon="121.6012575"/>
  <node id="11009348202" lat="24.6767662" lon="121.6012544"/>
  <node id="11009348201" lat="24.6768292" lon="121.6012446"/>
  <node id="11009348200" lat="24.6768759" lon="121.6012269"/>
  <node id="11009348199" lat="24.6769237" lon="121.6011989"/>
  <node id="11009348198" lat="24.6770107" lon="121.6011577"/>
  <node id="11009348197" lat="24.6770901" lon="121.6011405"/>
  <node id="4566149871" lat="24.6771560" lon="121.6011414"/>
  <node id="4566149872" lat="24.6772910" lon="121.6011683"/>
  <node id="4566149873" lat="24.6773428" lon="121.6011944"/>
  <node id="4566149874" lat="24.6773837" lon="121.6012288"/>
  <node id="11009348196" lat="24.6774291" lon="121.6012754"/>
  <node id="11009348195" lat="24.6774670" lon="121.6013016"/>
  <node id="4566149875" lat="24.6775071" lon="121.6013148"/>
  <node id="4566149876" lat="24.6775773" lon="121.6013285"/>
  <node id="11009348194" lat="24.6776495" lon="121.6013392"/>
  <node id="11009348193" lat="24.6777343" lon="121.6013387"/>
  <node id="4566149877" lat="24.6778026" lon="121.6013285"/>
  <node id="4566149878" lat="24.6779272" lon="121.6012861"/>
  <node id="4566149879" lat="24.6782069" lon="121.6012097"/>
  <node id="4566149880" lat="24.6783518" lon="121.6011809"/>
  <node id="11009348192" lat="24.6783918" lon="121.6011577"/>
  <node id="11009348191" lat="24.6784224" lon="121.6011074"/>
  <node id="4566149881" lat="24.6784414" lon="121.6010330"/>
  <node id="4566149882" lat="24.6784541" lon="121.6008782"/>
  <node id="11009348190" lat="24.6784569" lon="121.6007160"/>
  <node id="11009348189" lat="24.6784781" lon="121.6006041"/>
  <node id="4566149883" lat="24.6785041" lon="121.6005144"/>
  <node id="4566149884" lat="24.6785573" lon="121.6004086"/>
  <node id="11009348188" lat="24.6786420" lon="121.6002392"/>
  <node id="4566149885" lat="24.6787385" lon="121.6000884"/>
  <node id="4566149886" lat="24.6788245" lon="121.5999430"/>
  <node id="11009348187" lat="24.6788485" lon="121.5998849"/>
  <node id="11009348186" lat="24.6788740" lon="121.5997886"/>
  <node id="4566149887" lat="24.6788889" lon="121.5996529"/>
  <node id="11009348185" lat="24.6788942" lon="121.5995539"/>
  <node id="11009348184" lat="24.6788843" lon="121.5994679"/>
  <node id="4566149888" lat="24.6788611" lon="121.5993983"/>
  <node id="4566149889" lat="24.6788026" lon="121.5992721"/>
  <node id="11009348183" lat="24.6787810" lon="121.5992039"/>
  <node id="11009348182" lat="24.6787720" lon="121.5991412"/>
  <node id="11009348181" lat="24.6787692" lon="121.5990662"/>
  <node id="4566149890" lat="24.6787806" lon="121.5989850"/>
  <node id="4566149891" lat="24.6788312" lon="121.5988743"/>
  <node id="4566149892" lat="24.6789506" lon="121.5987110"/>
  <node id="4566149893" lat="24.6790614" lon="121.5986010"/>
  <node id="4566149894" lat="24.6792934" lon="121.5984152"/>
  <node id="4566149895" lat="24.6793582" lon="121.5983337"/>
  <node id="4566149896" lat="24.6793792" lon="121.5982918"/>
  <node id="11009348180" lat="24.6793929" lon="121.5982381"/>
  <node id="11009348179" lat="24.6793964" lon="121.5981873"/>
  <node id="11009348178" lat="24.6793917" lon="121.5981394"/>
  <node id="11009348177" lat="24.6793755" lon="121.5980828"/>
  <node id="11009348176" lat="24.6793752" lon="121.5980328"/>
  <node id="11009348175" lat="24.6793848" lon="121.5979756"/>
  <node id="11009348174" lat="24.6794479" lon="121.5977962"/>
  <node id="11009348173" lat="24.6794846" lon="121.5977405"/>
  <node id="11009348172" lat="24.6795511" lon="121.5976625"/>
  <node id="11009348171" lat="24.6795692" lon="121.5976294"/>
  <node id="4566149897" lat="24.6795800" lon="121.5975837"/>
  <node id="4566149898" lat="24.6795800" lon="121.5975444"/>
  <node id="4566149899" lat="24.6795724" lon="121.5974825"/>
  <node id="4566149900" lat="24.6795368" lon="121.5973335"/>
  <node id="4566149901" lat="24.6794981" lon="121.5972121"/>
  <node id="4566149902" lat="24.6794404" lon="121.5971118"/>
  <node id="4566149903" lat="24.6793824" lon="121.5970424"/>
  <node id="4566149904" lat="24.6793503" lon="121.5969866"/>
  <node id="11009348170" lat="24.6793232" lon="121.5969200"/>
  <node id="11009348169" lat="24.6793079" lon="121.5968590"/>
  <node id="4566149905" lat="24.6793011" lon="121.5967928"/>
  <node id="4566149906" lat="24.6793035" lon="121.5963928"/>
  <node id="4566149907" lat="24.6793165" lon="121.5963200"/>
  <node id="11009348168" lat="24.6793344" lon="121.5962872"/>
  <node id="11009348167" lat="24.6793946" lon="121.5962264"/>
  <node id="4566149908" lat="24.6794659" lon="121.5961645"/>
  <node id="4566149909" lat="24.6795095" lon="121.5961223"/>
  <node id="11009348166" lat="24.6795402" lon="121.5960717"/>
  <node id="11009348165" lat="24.6795853" lon="121.5959736"/>
  <node id="4566149910" lat="24.6796264" lon="121.5958742"/>
  <node id="11009348164" lat="24.6796519" lon="121.5958406"/>
  <node id="4566149911" lat="24.6796926" lon="121.5958162"/>
  <node id="4566149912" lat="24.6797251" lon="121.5958105"/>
  <node id="11009348163" lat="24.6799938" lon="121.5958913"/>
  <node id="4566149913" lat="24.6800377" lon="121.5958987"/>
  <node id="11009348162" lat="24.6800716" lon="121.5958952"/>
  <node id="4566149914" lat="24.6801251" lon="121.5958713"/>
  <node id="11009348161" lat="24.6801970" lon="121.5958185"/>
  <node id="4566149915" lat="24.6802874" lon="121.5957397"/>
  <node id="11009348160" lat="24.6803386" lon="121.5956882"/>
  <node id="11009348159" lat="24.6803856" lon="121.5956162"/>
  <node id="4566149916" lat="24.6804930" lon="121.5954499"/>
  <node id="11009348344" lat="24.6805926" lon="121.5953269"/>
  <node id="4566149917" lat="24.6806865" lon="121.5952140"/>
  <node id="4566149918" lat="24.6807022" lon="121.5951704"/>
  <node id="4566149919" lat="24.6807102" lon="121.5951021"/>
  <node id="11009348387" lat="24.6807098" lon="121.5950513"/>
  <node id="11009348158" lat="24.6807037" lon="121.5949974"/>
  <node id="4566149920" lat="24.6806823" lon="121.5948925"/>
  <node id="4566149921" lat="24.6806600" lon="121.5948131"/>
  <node id="4566149922" lat="24.6806386" lon="121.5947420"/>
  <node id="11009348157" lat="24.6806364" lon="121.5946892"/>
  <node id="4566149923" lat="24.6806486" lon="121.5946261"/>
  <node id="11009348156" lat="24.6806772" lon="121.5945363"/>
  <node id="4566149924" lat="24.6806959" lon="121.5944630"/>
  <node id="11009348327" lat="24.6807027" lon="121.5943924"/>
  <node id="4566149925" lat="24.6807143" lon="121.5942800"/>
  <node id="11009348155" lat="24.6807242" lon="121.5942377"/>
  <node id="11009348154" lat="24.6807535" lon="121.5942010"/>
  <node id="11009348153" lat="24.6807816" lon="121.5941778"/>
  <node id="4566149926" lat="24.6808531" lon="121.5941090"/>
  <node id="4566149927" lat="24.6809338" lon="121.5940205"/>
  <node id="11009348152" lat="24.6810942" lon="121.5938271"/>
  <node id="4566149928" lat="24.6811388" lon="121.5937630"/>
  <node id="4566149929" lat="24.6811661" lon="121.5937015"/>
  <node id="11009348151" lat="24.6811953" lon="121.5936081"/>
  <node id="11009348150" lat="24.6812219" lon="121.5935053"/>
  <node id="4566149930" lat="24.6812463" lon="121.5934635"/>
  <node id="11009348149" lat="24.6812781" lon="121.5934492"/>
  <node id="11009348148" lat="24.6813065" lon="121.5934451"/>
  <node id="11009348147" lat="24.6813413" lon="121.5934574"/>
  <node id="11009348146" lat="24.6814279" lon="121.5935118"/>
  <node id="4566149931" lat="24.6815132" lon="121.5935834"/>
  <node id="4566149932" lat="24.6816961" lon="121.5937776"/>
  <node id="4566149933" lat="24.6817779" lon="121.5938303"/>
  <node id="11009348145" lat="24.6818579" lon="121.5938625"/>
  <node id="4566149934" lat="24.6819151" lon="121.5939022"/>
  <node id="4566149935" lat="24.6819875" lon="121.5939988"/>
  <node id="4566149936" lat="24.6820552" lon="121.5941510"/>
  <node id="4566149937" lat="24.6821094" lon="121.5942679"/>
  <node id="11009270744" lat="24.6821362" lon="121.5943606"/>
  <node id="4566149938" lat="24.6821486" lon="121.5944376"/>
  <node id="4566150005" lat="24.6821490" lon="121.5945348"/>
  <node id="11009270745" lat="24.6821418" lon="121.5946690"/>
  <node id="11009270743" lat="24.6821439" lon="121.5947614"/>
  <node id="4566149939" lat="24.6821567" lon="121.5948297"/>
  <node id="4566149940" lat="24.6821863" lon="121.5948814"/>
  <node id="11009270742" lat="24.6822322" lon="121.5948999"/>
  <node id="4566149941" lat="24.6823441" lon="121.5948904"/>
  <node id="4566149942" lat="24.6824550" lon="121.5949026"/>
  <node id="11009270741" lat="24.6825288" lon="121.5948847"/>
  <node id="4566149943" lat="24.6825621" lon="121.5948579"/>
  <node id="11009270740" lat="24.6825937" lon="121.5948155"/>
  <node id="4566149944" lat="24.6826212" lon="121.5947888"/>
  <node id="11009270739" lat="24.6826558" lon="121.5947898"/>
  <node id="4566149945" lat="24.6826803" lon="121.5948131"/>
  <node id="11009270738" lat="24.6827466" lon="121.5950157"/>
  <node id="4566149946" lat="24.6828276" lon="121.5951892"/>
  <node id="4566149947" lat="24.6829183" lon="121.5953126"/>
  <node id="11009270737" lat="24.6830050" lon="121.5953822"/>
  <node id="4566149948" lat="24.6830756" lon="121.5954148"/>
  <node id="4566149949" lat="24.6832159" lon="121.5954636"/>
  <node id="11009270736" lat="24.6832864" lon="121.5955064"/>
  <node id="4566149950" lat="24.6833452" lon="121.5955815"/>
  <node id="11009270735" lat="24.6833932" lon="121.5956807"/>
  <node id="4566149951" lat="24.6834616" lon="121.5957735"/>
  <node id="4566149952" lat="24.6836080" lon="121.5958909"/>
  <node id="4566149953" lat="24.6838780" lon="121.5960470"/>
  <node id="4566149954" lat="24.6840633" lon="121.5961314"/>
  <node id="11009270734" lat="24.6841644" lon="121.5961552"/>
  <node id="4566149955" lat="24.6842537" lon="121.5961548"/>
  <node id="4566149956" lat="24.6843906" lon="121.5961182"/>
  <node id="11009270657" lat="24.6844566" lon="121.5960892"/>
  <node id="4566149957" lat="24.6845161" lon="121.5960388"/>
  <node id="4566149958" lat="24.6845790" lon="121.5959312"/>
  <node id="11009270656" lat="24.6846102" lon="121.5959129"/>
  <node id="11009270655" lat="24.6846528" lon="121.5959196"/>
  <node id="4566149959" lat="24.6846566" lon="121.5959474"/>
  <node id="11009270658" lat="24.6846567" lon="121.5960165"/>
  <node id="4566149960" lat="24.6846307" lon="121.5960856"/>
  <node id="4566149961" lat="24.6844867" lon="121.5962239"/>
  <node id="4566149962" lat="24.6842576" lon="121.5964068"/>
  <node id="11009270659" lat="24.6842081" lon="121.5964656"/>
  <node id="4566149963" lat="24.6841764" lon="121.5965369"/>
  <node id="4566149964" lat="24.6841388" lon="121.5966704"/>
  <node id="11009270660" lat="24.6841088" lon="121.5967030"/>
  <node id="4566149965" lat="24.6840536" lon="121.5967383"/>
  <node id="4566149966" lat="24.6839871" lon="121.5967599"/>
  <node id="4566149967" lat="24.6839597" lon="121.5967836"/>
  <node id="4566149968" lat="24.6839549" lon="121.5968264"/>
  <node id="4566149969" lat="24.6839703" lon="121.5968745"/>
  <node id="11009270661" lat="24.6840015" lon="121.5969180"/>
  <node id="4566149970" lat="24.6842782" lon="121.5971119"/>
  <node id="11009270662" lat="24.6843187" lon="121.5971714"/>
  <node id="4566149971" lat="24.6843348" lon="121.5972577"/>
  <node id="4566149972" lat="24.6843789" lon="121.5973862"/>
  <node id="4566149973" lat="24.6844481" lon="121.5974812"/>
  <node id="4566149974" lat="24.6845061" lon="121.5975243"/>
  <node id="4566149975" lat="24.6845743" lon="121.5975401"/>
  <node id="4566149976" lat="24.6846465" lon="121.5975357"/>
  <node id="4566149977" lat="24.6847359" lon="121.5975017"/>
  <node id="11009270663" lat="24.6848792" lon="121.5974239"/>
  <node id="11009270664" lat="24.6849485" lon="121.5973662"/>
  <node id="4566149978" lat="24.6849722" lon="121.5973076"/>
  <node id="11009270665" lat="24.6850047" lon="121.5971664"/>
  <node id="11009270666" lat="24.6849990" lon="121.5970770"/>
  <node id="4566149979" lat="24.6849889" lon="121.5970063"/>
  <node id="4566149980" lat="24.6849725" lon="121.5968266"/>
  <node id="11009270667" lat="24.6849798" lon="121.5967945"/>
  <node id="4566149981" lat="24.6849973" lon="121.5967699"/>
  <node id="11009270668" lat="24.6850226" lon="121.5967590"/>
  <node id="4566149982" lat="24.6850504" lon="121.5967553"/>
  <node id="11009270621" lat="24.6851201" lon="121.5967759"/>
  <node id="4566149983" lat="24.6851858" lon="121.5968157"/>
  <node id="4566149984" lat="24.6853806" lon="121.5968865"/>
  <node id="4566149985" lat="24.6854640" lon="121.5968981"/>
  <node id="4566149986" lat="24.6855197" lon="121.5968910"/>
  <node id="11009270669" lat="24.6855758" lon="121.5968615"/>
  <node id="4566149987" lat="24.6856491" lon="121.5968097"/>
  <node id="4566149988" lat="24.6858669" lon="121.5966638"/>
  <node id="11009270670" lat="24.6859280" lon="121.5966045"/>
  <node id="4566149989" lat="24.6860010" lon="121.5964839"/>
  <node id="4566149990" lat="24.6860545" lon="121.5963311"/>
  <node id="4566149991" lat="24.6860742" lon="121.5962162"/>
  <node id="4566149992" lat="24.6860651" lon="121.5961378"/>
  <node id="11009270671" lat="24.6860587" lon="121.5960680"/>
  <node id="4566149993" lat="24.6860760" lon="121.5960250"/>
  <node id="11009270672" lat="24.6861282" lon="121.5959932"/>
  <node id="4566149994" lat="24.6862268" lon="121.5959734"/>
  <node id="11009270673" lat="24.6864211" lon="121.5959096"/>
  <node id="4566149995" lat="24.6864760" lon="121.5958840"/>
  <node id="4566149996" lat="24.6865730" lon="121.5957973"/>
  <node id="4566149997" lat="24.6868385" lon="121.5956253"/>
  <node id="4566149998" lat="24.6869128" lon="121.5956011"/>
  <node id="4566149999" lat="24.6870245" lon="121.5955875"/>
  <node id="4566150000" lat="24.6871944" lon="121.5956015"/>
  <node id="11009270676" lat="24.6873011" lon="121.5956206"/>
  <node id="11009270677" lat="24.6875062" lon="121.5956971"/>
  <node id="11009270678" lat="24.6875844" lon="121.5957466"/>
  <node id="4566150001" lat="24.6875935" lon="121.5957670"/>
  <node id="4566150002" lat="24.6875960" lon="121.5957987"/>
  <node id="5017989003" lat="24.6442109" lon="121.5950868"/>
  <node id="5017989280" lat="24.6560262" lon="121.6175892"/>
  <node id="5017989281" lat="24.6558686" lon="121.6178601"/>
  <node id="5017989282" lat="24.6558561" lon="121.6179172"/>
  <node id="5017989283" lat="24.6558990" lon="121.6179901"/>
  <node id="2178261465" lat="24.6716022" lon="121.6049825"/>
  <node id="300593523" lat="24.6720340" lon="121.6056832"/>
  <node id="8418291642" lat="24.6673800" lon="121.5990883"/>
  <node id="300593509" lat="24.6674731" lon="121.5992855"/>
  <node id="300593510" lat="24.6678054" lon="121.6001624"/>
  <node id="300593511" lat="24.6684051" lon="121.6015935"/>
  <node id="2178262292" lat="24.6686196" lon="121.6018939"/>
  <node id="2178262294" lat="24.6689415" lon="121.6022801"/>
  <node id="2178262296" lat="24.6690702" lon="121.6024733"/>
  <node id="2178262298" lat="24.6692204" lon="121.6028166"/>
  <node id="300593512" lat="24.6695056" lon="121.6032189"/>
  <node id="300593518" lat="24.6699106" lon="121.6036508"/>
  <node id="2584473017" lat="24.6703362" lon="121.6040182"/>
  <node id="2584473018" lat="24.6705772" lon="121.6041952"/>
  <node id="300593520" lat="24.6709662" lon="121.6044204"/>
  <node id="5108883433" lat="24.6647703" lon="121.5930483"/>
  <node id="2584473013" lat="24.6656772" lon="121.5940365"/>
  <node id="300593505" lat="24.6657738" lon="121.5941638"/>
  <node id="11015132221" lat="24.6658611" lon="121.5942797"/>
  <node id="2178262282" lat="24.6659121" lon="121.5943698"/>
  <node id="2584473015" lat="24.6661606" lon="121.5951690"/>
  <node id="2584473016" lat="24.6667961" lon="121.5971501"/>
  <node id="300593507" lat="24.6668334" lon="121.5972805"/>
  <node id="11015132420" lat="24.6668564" lon="121.5973977"/>
  <node id="11015132419" lat="24.6668647" lon="121.5975112"/>
  <node id="2178262286" lat="24.6668635" lon="121.5976704"/>
  <node id="2178262288" lat="24.6668605" lon="121.5978974"/>
  <node id="2178262290" lat="24.6668913" lon="121.5981026"/>
  <node id="4430931996" lat="24.6670494" lon="121.5984569"/>
  <node id="2946927065" lat="24.6066655" lon="121.6392142"/>
  <node id="5273749362" lat="24.6066009" lon="121.6391659"/>
  <node id="5273749361" lat="24.6065278" lon="121.6391310"/>
  <node id="5273749360" lat="24.6064473" lon="121.6391230"/>
  <node id="5273749359" lat="24.6061766" lon="121.6391605"/>
  <node id="5273749358" lat="24.6060108" lon="121.6392007"/>
  <node id="5273749357" lat="24.6058396" lon="121.6392388"/>
  <node id="5273749356" lat="24.6057410" lon="121.6392378"/>
  <node id="5273749355" lat="24.6056593" lon="121.6392384"/>
  <node id="5512795083" lat="24.6055847" lon="121.6392535"/>
  <node id="5273749354" lat="24.6055035" lon="121.6392893"/>
  <node id="5273749382" lat="24.6065485" lon="121.6394033"/>
  <node id="5273749370" lat="24.6064985" lon="121.6393992"/>
  <node id="5273749369" lat="24.6064083" lon="121.6394502"/>
  <node id="5273749368" lat="24.6063229" lon="121.6395307"/>
  <node id="5273749367" lat="24.6062473" lon="121.6395280"/>
  <node id="5273749366" lat="24.6060864" lon="121.6393885"/>
  <node id="5273749365" lat="24.6060157" lon="121.6393402"/>
  <node id="5273749364" lat="24.6059352" lon="121.6393590"/>
  <node id="5273749363" lat="24.6058547" lon="121.6393456"/>
  <node id="5273752010" lat="24.6502095" lon="121.6137238"/>
  <node id="5273752009" lat="24.6501766" lon="121.6137694"/>
  <node id="11006277151" lat="24.6501717" lon="121.6138063"/>
  <node id="5273752008" lat="24.6501766" lon="121.6138619"/>
  <node id="5273752007" lat="24.6501717" lon="121.6139558"/>
  <node id="5273752006" lat="24.6501474" lon="121.6140617"/>
  <node id="5273752005" lat="24.6501010" lon="121.6142495"/>
  <node id="5273752004" lat="24.6500864" lon="121.6143059"/>
  <node id="5273752003" lat="24.6500608" lon="121.6143527"/>
  <node id="5273752002" lat="24.6500327" lon="121.6143742"/>
  <node id="5273752001" lat="24.6500035" lon="121.6143729"/>
  <node id="5273752000" lat="24.6499766" lon="121.6143527"/>
  <node id="5273751999" lat="24.6499584" lon="121.6142911"/>
  <node id="5273752018" lat="24.6495939" lon="121.6130948"/>
  <node id="5273752017" lat="24.6500279" lon="121.6131243"/>
  <node id="5273752016" lat="24.6500309" lon="121.6131015"/>
  <node id="5273752015" lat="24.6499413" lon="121.6130432"/>
  <node id="5273752014" lat="24.6498987" lon="121.6129795"/>
  <node id="5273752013" lat="24.6498487" lon="121.6128333"/>
  <node id="5273752012" lat="24.6498731" lon="121.6128038"/>
  <node id="5273752011" lat="24.6500510" lon="121.6129567"/>
  <node id="5273785027" lat="24.6498134" lon="121.6133268"/>
  <node id="5273785026" lat="24.6496598" lon="121.6131994"/>
  <node id="5273785025" lat="24.6495769" lon="121.6131324"/>
  <node id="5273785024" lat="24.6496549" lon="121.6129526"/>
  <node id="5273785023" lat="24.6496793" lon="121.6128829"/>
  <node id="5273785022" lat="24.6496403" lon="121.6126978"/>
  <node id="5273785021" lat="24.6496768" lon="121.6126308"/>
  <node id="5273752020" lat="24.6497597" lon="121.6125771"/>
  <node id="5273752019" lat="24.6498012" lon="121.6125235"/>
  <node id="5273785411" lat="24.6490588" lon="121.6124672"/>
  <node id="5273785031" lat="24.6491990" lon="121.6124806"/>
  <node id="5273785030" lat="24.6492697" lon="121.6124779"/>
  <node id="5273785029" lat="24.6493867" lon="121.6123652"/>
  <node id="5273785028" lat="24.6494964" lon="121.6121936"/>
  <node id="5273785073" lat="24.6506105" lon="121.6109759"/>
  <node id="5273785038" lat="24.6507348" lon="121.6110027"/>
  <node id="5273785037" lat="24.6507860" lon="121.6110188"/>
  <node id="5273785036" lat="24.6509615" lon="121.6111475"/>
  <node id="5273785035" lat="24.6510493" lon="121.6112977"/>
  <node id="5273785034" lat="24.6510371" lon="121.6114157"/>
  <node id="5273785033" lat="24.6510127" lon="121.6115284"/>
  <node id="5273785032" lat="24.6511054" lon="121.6118100"/>
  <node id="5273785049" lat="24.6506373" lon="121.6083044"/>
  <node id="5273785043" lat="24.6507348" lon="121.6083097"/>
  <node id="5273785042" lat="24.6507885" lon="121.6082346"/>
  <node id="5273785041" lat="24.6508055" lon="121.6079637"/>
  <node id="5273785040" lat="24.6506300" lon="121.6077545"/>
  <node id="5273785039" lat="24.6505764" lon="121.6076419"/>
  <node id="5273785085" lat="24.6502911" lon="121.6106996"/>
  <node id="5273785081" lat="24.6502375" lon="121.6107398"/>
  <node id="5273785080" lat="24.6501790" lon="121.6107881"/>
  <node id="5273785079" lat="24.6500303" lon="121.6108981"/>
  <node id="5273785078" lat="24.6499133" lon="121.6109598"/>
  <node id="5273785077" lat="24.6498426" lon="121.6110375"/>
  <node id="5273785076" lat="24.6498060" lon="121.6111502"/>
  <node id="5273785390" lat="24.6503009" lon="121.6103214"/>
  <node id="5273785086" lat="24.6503521" lon="121.6104555"/>
  <node id="5273785084" lat="24.6502400" lon="121.6108176"/>
  <node id="5273785083" lat="24.6501888" lon="121.6110000"/>
  <node id="5273785082" lat="24.6501936" lon="121.6110536"/>
  <node id="5273785075" lat="24.6502765" lon="121.6110563"/>
  <node id="5273785074" lat="24.6503375" lon="121.6109866"/>
  <node id="5273785072" lat="24.6507178" lon="121.6109490"/>
  <node id="5273785071" lat="24.6508567" lon="121.6109437"/>
  <node id="5273785070" lat="24.6510322" lon="121.6110161"/>
  <node id="5273785069" lat="24.6512224" lon="121.6111690"/>
  <node id="5273785068" lat="24.6513101" lon="121.6112468"/>
  <node id="5273785067" lat="24.6513589" lon="121.6112494"/>
  <node id="5273785066" lat="24.6513662" lon="121.6112119"/>
  <node id="5273785065" lat="24.6512833" lon="121.6110885"/>
  <node id="5273785064" lat="24.6511517" lon="121.6109383"/>
  <node id="5273785063" lat="24.6509079" lon="121.6107050"/>
  <node id="5273785062" lat="24.6508226" lon="121.6105548"/>
  <node id="5273785061" lat="24.6506909" lon="121.6103536"/>
  <node id="5273785060" lat="24.6506227" lon="121.6101766"/>
  <node id="5273785059" lat="24.6505983" lon="121.6100720"/>
  <node id="5273785058" lat="24.6506105" lon="121.6098627"/>
  <node id="5273785057" lat="24.6508518" lon="121.6096884"/>
  <node id="5273785056" lat="24.6508982" lon="121.6095865"/>
  <node id="5273785055" lat="24.6508713" lon="121.6094980"/>
  <node id="5273785054" lat="24.6508201" lon="121.6094229"/>
  <node id="5273785053" lat="24.6507251" lon="121.6093048"/>
  <node id="5273785052" lat="24.6506641" lon="121.6090715"/>
  <node id="5273785051" lat="24.6506495" lon="121.6089883"/>
  <node id="5273785050" lat="24.6506861" lon="121.6084787"/>
  <node id="11006314804" lat="24.6506707" lon="121.6084238"/>
  <node id="5273785048" lat="24.6505203" lon="121.6081622"/>
  <node id="5273785047" lat="24.6504423" lon="121.6080388"/>
  <node id="5273785046" lat="24.6503911" lon="121.6076821"/>
  <node id="5273785045" lat="24.6503253" lon="121.6075078"/>
  <node id="5273785044" lat="24.6502058" lon="121.6074434"/>
  <node id="5273785375" lat="24.6500791" lon="121.6074702"/>
  <node id="5273785372" lat="24.6497426" lon="121.6067970"/>
  <node id="5273785117" lat="24.6496574" lon="121.6068130"/>
  <node id="5273785116" lat="24.6495915" lon="121.6069204"/>
  <node id="11006277184" lat="24.6495488" lon="121.6070243"/>
  <node id="11006277183" lat="24.6494940" lon="121.6071094"/>
  <node id="5273785115" lat="24.6494477" lon="121.6071349"/>
  <node id="11006277182" lat="24.6494178" lon="121.6071208"/>
  <node id="5273785114" lat="24.6493977" lon="121.6070961"/>
  <node id="5273785113" lat="24.6493867" lon="121.6070572"/>
  <node id="5273785112" lat="24.6497256" lon="121.6061559"/>
  <node id="5273785111" lat="24.6497134" lon="121.6060969"/>
  <node id="5273785110" lat="24.6496500" lon="121.6060728"/>
  <node id="5273785109" lat="24.6495964" lon="121.6061130"/>
  <node id="5273785108" lat="24.6495184" lon="121.6062364"/>
  <node id="5273785107" lat="24.6494550" lon="121.6063276"/>
  <node id="5273785106" lat="24.6493721" lon="121.6063678"/>
  <node id="5273785105" lat="24.6492185" lon="121.6064134"/>
  <node id="5273785104" lat="24.6490503" lon="121.6065395"/>
  <node id="5273785103" lat="24.6489114" lon="121.6067004"/>
  <node id="5273785102" lat="24.6487310" lon="121.6069794"/>
  <node id="5273785101" lat="24.6485993" lon="121.6069096"/>
  <node id="5273785100" lat="24.6485871" lon="121.6068265"/>
  <node id="5273785099" lat="24.6486310" lon="121.6066736"/>
  <node id="5273785098" lat="24.6487700" lon="121.6064000"/>
  <node id="5273785097" lat="24.6487358" lon="121.6061962"/>
  <node id="5273785096" lat="24.6487066" lon="121.6061479"/>
  <node id="5273785095" lat="24.6486481" lon="121.6061559"/>
  <node id="5273785094" lat="24.6485774" lon="121.6062418"/>
  <node id="5273785093" lat="24.6485067" lon="121.6063786"/>
  <node id="5273785092" lat="24.6484433" lon="121.6066575"/>
  <node id="5273785091" lat="24.6483872" lon="121.6069391"/>
  <node id="5273785090" lat="24.6483872" lon="121.6071966"/>
  <node id="5273785089" lat="24.6484165" lon="121.6073361"/>
  <node id="5273785088" lat="24.6484579" lon="121.6075319"/>
  <node id="5273785087" lat="24.6484238" lon="121.6075748"/>
  <node id="5273785369" lat="24.6502570" lon="121.6063571"/>
  <node id="5273785325" lat="24.6503131" lon="121.6062605"/>
  <node id="5273785324" lat="24.6503984" lon="121.6060808"/>
  <node id="11006313473" lat="24.6505088" lon="121.6059817"/>
  <node id="5273785323" lat="24.6506373" lon="121.6058663"/>
  <node id="5273785322" lat="24.6507397" lon="121.6058153"/>
  <node id="5273785321" lat="24.6508290" lon="121.6057019"/>
  <node id="5273785120" lat="24.6508811" lon="121.6055739"/>
  <node id="5273785119" lat="24.6508533" lon="121.6054576"/>
  <node id="5273785118" lat="24.6508449" lon="121.6052909"/>
  <node id="11006313487" lat="24.6508750" lon="121.6051301"/>
  <node id="11006313488" lat="24.6509467" lon="121.6049095"/>
  <node id="987453115" lat="24.6500579" lon="121.6147393"/>
  <node id="5273785634" lat="24.6501108" lon="121.6145298"/>
  <node id="5273785633" lat="24.6502570" lon="121.6138673"/>
  <node id="5273785632" lat="24.6502351" lon="121.6137493"/>
  <node id="5273785631" lat="24.6501863" lon="121.6136983"/>
  <node id="5273785630" lat="24.6500644" lon="121.6136259"/>
  <node id="5273785629" lat="24.6500425" lon="121.6136004"/>
  <node id="5273785628" lat="24.6500267" lon="121.6135307"/>
  <node id="5273785627" lat="24.6500023" lon="121.6133792"/>
  <node id="11006277152" lat="24.6499822" lon="121.6133429"/>
  <node id="11006277153" lat="24.6499380" lon="121.6133168"/>
  <node id="11006277154" lat="24.6498830" lon="121.6133124"/>
  <node id="5273785626" lat="24.6497317" lon="121.6133590"/>
  <node id="11006277155" lat="24.6495921" lon="121.6133999"/>
  <node id="11006277156" lat="24.6495089" lon="121.6134136"/>
  <node id="5273785625" lat="24.6494282" lon="121.6134059"/>
  <node id="5273785624" lat="24.6493941" lon="121.6133966"/>
  <node id="11006277157" lat="24.6493672" lon="121.6133812"/>
  <node id="11006277158" lat="24.6493392" lon="121.6133493"/>
  <node id="5273785623" lat="24.6493307" lon="121.6132933"/>
  <node id="5273785622" lat="24.6493465" lon="121.6132409"/>
  <node id="5273785621" lat="24.6495061" lon="121.6130519"/>
  <node id="5273785420" lat="24.6495220" lon="121.6129982"/>
  <node id="5273785419" lat="24.6495147" lon="121.6129432"/>
  <node id="11006277159" lat="24.6494922" lon="121.6128500"/>
  <node id="11006277160" lat="24.6494638" lon="121.6128048"/>
  <node id="5273785418" lat="24.6494026" lon="121.6127729"/>
  <node id="11006277161" lat="24.6493556" lon="121.6127689"/>
  <node id="5273785417" lat="24.6492063" lon="121.6128024"/>
  <node id="5273785416" lat="24.6490723" lon="121.6128213"/>
  <node id="5273785415" lat="24.6489942" lon="121.6128145"/>
  <node id="5273785414" lat="24.6489309" lon="121.6127944"/>
  <node id="5273785413" lat="24.6488772" lon="121.6127635"/>
  <node id="5273785412" lat="24.6488602" lon="121.6127152"/>
  <node id="11006277162" lat="24.6488614" lon="121.6126596"/>
  <node id="11006277163" lat="24.6489022" lon="121.6126184"/>
  <node id="11006277164" lat="24.6489750" lon="121.6125843"/>
  <node id="11006277165" lat="24.6490626" lon="121.6125325"/>
  <node id="11006277166" lat="24.6490735" lon="121.6125011"/>
  <node id="11006277167" lat="24.6490375" lon="121.6124457"/>
  <node id="5273785410" lat="24.6489845" lon="121.6124404"/>
  <node id="5273785409" lat="24.6489114" lon="121.6124645"/>
  <node id="5273785408" lat="24.6488078" lon="121.6124926"/>
  <node id="5273785407" lat="24.6487504" lon="121.6124953"/>
  <node id="5273785406" lat="24.6486908" lon="121.6124712"/>
  <node id="11006277168" lat="24.6486402" lon="121.6124034"/>
  <node id="5273785405" lat="24.6486176" lon="121.6123344"/>
  <node id="5273785404" lat="24.6486042" lon="121.6122164"/>
  <node id="5273785403" lat="24.6485798" lon="121.6121641"/>
  <node id="11006277169" lat="24.6485286" lon="121.6121105"/>
  <node id="5273785402" lat="24.6483567" lon="121.6120461"/>
  <node id="5273785401" lat="24.6482739" lon="121.6120005"/>
  <node id="5273785400" lat="24.6482446" lon="121.6119602"/>
  <node id="11006277170" lat="24.6482489" lon="121.6119120"/>
  <node id="5273785399" lat="24.6482690" lon="121.6118623"/>
  <node id="11006277171" lat="24.6483196" lon="121.6118389"/>
  <node id="11006277172" lat="24.6484070" lon="121.6118607"/>
  <node id="5273785398" lat="24.6486980" lon="121.6119938"/>
  <node id="5273785397" lat="24.6487602" lon="121.6120085"/>
  <node id="11006277173" lat="24.6488187" lon="121.6119951"/>
  <node id="5273785396" lat="24.6488796" lon="121.6119629"/>
  <node id="5273785395" lat="24.6496622" lon="121.6112173"/>
  <node id="5273785394" lat="24.6496939" lon="121.6110429"/>
  <node id="5273785393" lat="24.6497475" lon="121.6109383"/>
  <node id="5273785392" lat="24.6501985" lon="121.6106433"/>
  <node id="11006277174" lat="24.6502485" lon="121.6105615"/>
  <node id="5273785391" lat="24.6502716" lon="121.6104743"/>
  <node id="5273785389" lat="24.6502570" lon="121.6102248"/>
  <node id="5273785388" lat="24.6500242" lon="121.6099271"/>
  <node id="11006277175" lat="24.6499761" lon="121.6098359"/>
  <node id="11006277176" lat="24.6499471" lon="121.6097501"/>
  <node id="11006277177" lat="24.6499320" lon="121.6096642"/>
  <node id="5273785387" lat="24.6499487" lon="121.6095891"/>
  <node id="5273785386" lat="24.6500352" lon="121.6094148"/>
  <node id="5273785385" lat="24.6500571" lon="121.6093236"/>
  <node id="5273785384" lat="24.6500522" lon="121.6090259"/>
  <node id="11006348323" lat="24.6500350" lon="121.6088723"/>
  <node id="5273785383" lat="24.6500283" lon="121.6088118"/>
  <node id="11006314805" lat="24.6500113" lon="121.6086976"/>
  <node id="5273785382" lat="24.6499767" lon="121.6085726"/>
  <node id="11006277178" lat="24.6499352" lon="121.6084941"/>
  <node id="5273785381" lat="24.6498572" lon="121.6083862"/>
  <node id="5273785380" lat="24.6498401" lon="121.6083271"/>
  <node id="11006277179" lat="24.6498438" lon="121.6082675"/>
  <node id="11006314803" lat="24.6498784" lon="121.6081851"/>
  <node id="5273785379" lat="24.6498840" lon="121.6081716"/>
  <node id="5273785378" lat="24.6500693" lon="121.6079222"/>
  <node id="11006277180" lat="24.6501107" lon="121.6078518"/>
  <node id="5273785377" lat="24.6501294" lon="121.6077794"/>
  <node id="11006314768" lat="24.6501337" lon="121.6077168"/>
  <node id="11006277181" lat="24.6501316" lon="121.6076553"/>
  <node id="5273785376" lat="24.6501193" lon="121.6075869"/>
  <node id="5273785374" lat="24.6498962" lon="121.6072476"/>
  <node id="5273785373" lat="24.6498109" lon="121.6071229"/>
  <node id="11006277185" lat="24.6497341" lon="121.6070297"/>
  <node id="11006277186" lat="24.6497177" lon="121.6069737"/>
  <node id="11006277187" lat="24.6497216" lon="121.6068853"/>
  <node id="5273785371" lat="24.6498206" lon="121.6066763"/>
  <node id="5273785370" lat="24.6498987" lon="121.6065985"/>
  <node id="11006314798" lat="24.6500193" lon="121.6065063"/>
  <node id="5273785368" lat="24.6503058" lon="121.6060969"/>
  <node id="5273785367" lat="24.6504642" lon="121.6058475"/>
  <node id="5273785366" lat="24.6504667" lon="121.6057938"/>
  <node id="5273785365" lat="24.6503082" lon="121.6052520"/>
  <node id="5273785364" lat="24.6503033" lon="121.6051018"/>
  <node id="5273785363" lat="24.6504325" lon="121.6049167"/>
  <node id="5273785362" lat="24.6505715" lon="121.6047451"/>
  <node id="5273785361" lat="24.6505422" lon="121.6047290"/>
  <node id="5273785360" lat="24.6504252" lon="121.6047960"/>
  <node id="5273785359" lat="24.6503155" lon="121.6048470"/>
  <node id="5273785358" lat="24.6500937" lon="121.6048819"/>
  <node id="5273785357" lat="24.6498670" lon="121.6049570"/>
  <node id="5273785356" lat="24.6497475" lon="121.6050160"/>
  <node id="6012277470" lat="24.6694196" lon="121.5929821"/>
  <node id="11016423524" lat="24.6694188" lon="121.5930632"/>
  <node id="6012277471" lat="24.6693710" lon="121.5931825"/>
  <node id="6012277472" lat="24.6692749" lon="121.5933532"/>
  <node id="6012277473" lat="24.6692323" lon="121.5934675"/>
  <node id="11016423525" lat="24.6692197" lon="121.5935553"/>
  <node id="6012277474" lat="24.6692297" lon="121.5936240"/>
  <node id="11016423526" lat="24.6692710" lon="121.5937038"/>
  <node id="6012277475" lat="24.6693192" lon="121.5937760"/>
  <node id="6012277476" lat="24.6694522" lon="121.5938817"/>
  <node id="11016423564" lat="24.6695116" lon="121.5939340"/>
  <node id="11016423565" lat="24.6695326" lon="121.5939848"/>
  <node id="6012277477" lat="24.6695319" lon="121.5940285"/>
  <node id="6012277478" lat="24.6695221" lon="121.5940718"/>
  <node id="11016423566" lat="24.6694988" lon="121.5940848"/>
  <node id="11016423567" lat="24.6694422" lon="121.5940889"/>
  <node id="6012277479" lat="24.6693857" lon="121.5940850"/>
  <node id="6012277480" lat="24.6692734" lon="121.5940882"/>
  <node id="11016423568" lat="24.6691353" lon="121.5941169"/>
  <node id="6012277481" lat="24.6690089" lon="121.5941663"/>
  <node id="11016423569" lat="24.6689167" lon="121.5942219"/>
  <node id="6012277482" lat="24.6688586" lon="121.5942774"/>
  <node id="6012277483" lat="24.6687012" lon="121.5945034"/>
  <node id="6012277484" lat="24.6686519" lon="121.5945984"/>
  <node id="11016423571" lat="24.6686384" lon="121.5946683"/>
  <node id="6012279785" lat="24.6686336" lon="121.5947301"/>
  <node id="6012279786" lat="24.6686392" lon="121.5948581"/>
  <node id="6012279787" lat="24.6686590" lon="121.5949307"/>
  <node id="6012279822" lat="24.6687071" lon="121.5950699"/>
  <node id="6012279788" lat="24.6687484" lon="121.5952362"/>
  <node id="6012279789" lat="24.6688130" lon="121.5955619"/>
  <node id="6012279790" lat="24.6688512" lon="121.5957360"/>
  <node id="11016423573" lat="24.6688820" lon="121.5958135"/>
  <node id="6012279791" lat="24.6689285" lon="121.5958681"/>
  <node id="6012279792" lat="24.6689942" lon="121.5959148"/>
  <node id="6012279793" lat="24.6691788" lon="121.5960202"/>
  <node id="6012279794" lat="24.6693098" lon="121.5961193"/>
  <node id="6012279795" lat="24.6694744" lon="121.5962966"/>
  <node id="6012279796" lat="24.6696517" lon="121.5965080"/>
  <node id="6012279797" lat="24.6697226" lon="121.5966074"/>
  <node id="11016423574" lat="24.6697574" lon="121.5966997"/>
  <node id="11016423575" lat="24.6697676" lon="121.5967826"/>
  <node id="6012279798" lat="24.6697902" lon="121.5968344"/>
  <node id="6012279799" lat="24.6698857" lon="121.5969303"/>
  <node id="6012279800" lat="24.6699600" lon="121.5970226"/>
  <node id="6012279801" lat="24.6699839" lon="121.5970891"/>
  <node id="11016423590" lat="24.6699928" lon="121.5971453"/>
  <node id="11016423591" lat="24.6699849" lon="121.5972060"/>
  <node id="6012279802" lat="24.6699503" lon="121.5972953"/>
  <node id="11016423592" lat="24.6699185" lon="121.5974093"/>
  <node id="6012279803" lat="24.6699099" lon="121.5975001"/>
  <node id="11016423593" lat="24.6699138" lon="121.5975957"/>
  <node id="6012279804" lat="24.6699351" lon="121.5977255"/>
  <node id="6012279805" lat="24.6699592" lon="121.5978461"/>
  <node id="6012279806" lat="24.6700053" lon="121.5980074"/>
  <node id="11016423595" lat="24.6700266" lon="121.5980961"/>
  <node id="11016423594" lat="24.6700376" lon="121.5981640"/>
  <node id="6012279807" lat="24.6700352" lon="121.5982362"/>
  <node id="11016423596" lat="24.6700171" lon="121.5983330"/>
  <node id="6012279808" lat="24.6699990" lon="121.5984107"/>
  <node id="6012279809" lat="24.6699621" lon="121.5985814"/>
  <node id="6012279810" lat="24.6699103" lon="121.5988009"/>
  <node id="11016423597" lat="24.6698841" lon="121.5988664"/>
  <node id="6012279811" lat="24.6698492" lon="121.5989057"/>
  <node id="11016423598" lat="24.6697989" lon="121.5989390"/>
  <node id="6012279812" lat="24.6696517" lon="121.5990042"/>
  <node id="11016423599" lat="24.6695856" lon="121.5990426"/>
  <node id="11016423600" lat="24.6695135" lon="121.5991088"/>
  <node id="6012279813" lat="24.6694516" lon="121.5992052"/>
  <node id="6012279814" lat="24.6694005" lon="121.5992644"/>
  <node id="6012279815" lat="24.6692897" lon="121.5994677"/>
  <node id="6012279816" lat="24.6692723" lon="121.5995791"/>
  <node id="11016432720" lat="24.6692558" lon="121.5997319"/>
  <node id="6012279817" lat="24.6692540" lon="121.5998742"/>
  <node id="6012279818" lat="24.6692601" lon="121.6000020"/>
  <node id="6012279819" lat="24.6692567" lon="121.6002406"/>
  <node id="11016423572" lat="24.6686832" lon="121.5947608"/>
  <node id="6012279820" lat="24.6687328" lon="121.5947835"/>
  <node id="6012279821" lat="24.6688352" lon="121.5947949"/>
  <node id="6012279823" lat="24.6687698" lon="121.5949037"/>
  <node id="6012279824" lat="24.6687919" lon="121.5948543"/>
  <node id="11016423570" lat="24.6690012" lon="121.5947347"/>
  <node id="6012279825" lat="24.6690645" lon="121.5947382"/>
  <node id="6012279826" lat="24.6690976" lon="121.5947459"/>
  <node id="6012279827" lat="24.6691364" lon="121.5947748"/>
  <node id="6012279828" lat="24.6691626" lon="121.5948107"/>
  <node id="6012279829" lat="24.6691926" lon="121.5948839"/>
  <node id="6012279830" lat="24.6692225" lon="121.5949644"/>
  <node id="6012279831" lat="24.6692515" lon="121.5950942"/>
  <node id="6012279832" lat="24.6692720" lon="121.5952165"/>
  <node id="6012279833" lat="24.6692932" lon="121.5953644"/>
  <node id="6012279834" lat="24.6693078" lon="121.5954757"/>
  <node id="11016423589" lat="24.6693308" lon="121.5955636"/>
  <node id="6012279835" lat="24.6693537" lon="121.5956046"/>
  <node id="6012279836" lat="24.6693958" lon="121.5956650"/>
  <node id="6012279837" lat="24.6694499" lon="121.5957109"/>
  <node id="6012279838" lat="24.6695046" lon="121.5957546"/>
  <node id="11016423588" lat="24.6695437" lon="121.5957979"/>
  <node id="11016423587" lat="24.6695654" lon="121.5958460"/>
  <node id="6012279839" lat="24.6695756" lon="121.5958945"/>
  <node id="6012279840" lat="24.6696215" lon="121.5959704"/>
  <node id="6012279841" lat="24.6696880" lon="121.5960370"/>
  <node id="6012279842" lat="24.6697809" lon="121.5961082"/>
  <node id="6012279843" lat="24.6698734" lon="121.5961904"/>
  <node id="6012279844" lat="24.6699605" lon="121.5963164"/>
  <node id="6012279845" lat="24.6700465" lon="121.5964713"/>
  <node id="11016423586" lat="24.6701100" lon="121.5965478"/>
  <node id="6012279846" lat="24.6701685" lon="121.5966355"/>
  <node id="6012279847" lat="24.6702398" lon="121.5967058"/>
  <node id="6012279848" lat="24.6702892" lon="121.5967385"/>
  <node id="6012279849" lat="24.6704215" lon="121.5968047"/>
  <node id="6012279850" lat="24.6705678" lon="121.5968236"/>
  <node id="6012279851" lat="24.6706498" lon="121.5968189"/>
  <node id="11016423585" lat="24.6707040" lon="121.5968231"/>
  <node id="11016423584" lat="24.6707401" lon="121.5968432"/>
  <node id="11016423583" lat="24.6707675" lon="121.5968833"/>
  <node id="6012279852" lat="24.6707744" lon="121.5969191"/>
  <node id="6012279853" lat="24.6707660" lon="121.5969516"/>
  <node id="6012279854" lat="24.6707400" lon="121.5969945"/>
  <node id="6012279855" lat="24.6707259" lon="121.5970502"/>
  <node id="6012279856" lat="24.6707197" lon="121.5971153"/>
  <node id="6012279857" lat="24.6707278" lon="121.5972713"/>
  <node id="6012279858" lat="24.6707669" lon="121.5974711"/>
  <node id="6012279859" lat="24.6708030" lon="121.5975978"/>
  <node id="6012279860" lat="24.6708249" lon="121.5976692"/>
  <node id="6012279861" lat="24.6708483" lon="121.5977197"/>
  <node id="6012279862" lat="24.6710447" lon="121.5979137"/>
  <node id="6012279863" lat="24.6710795" lon="121.5979685"/>
  <node id="6012279864" lat="24.6711059" lon="121.5980574"/>
  <node id="6012279865" lat="24.6711079" lon="121.5981381"/>
  <node id="6012279866" lat="24.6711009" lon="121.5982247"/>
  <node id="6012279867" lat="24.6710781" lon="121.5983205"/>
  <node id="11016423582" lat="24.6710131" lon="121.5984059"/>
  <node id="6012279868" lat="24.6709727" lon="121.5984180"/>
  <node id="6012279869" lat="24.6709427" lon="121.5984140"/>
  <node id="6012279870" lat="24.6709059" lon="121.5983779"/>
  <node id="6012279871" lat="24.6708311" lon="121.5983429"/>
  <node id="6012279872" lat="24.6707871" lon="121.5983318"/>
  <node id="6012279873" lat="24.6707571" lon="121.5983361"/>
  <node id="11016423581" lat="24.6707224" lon="121.5983727"/>
  <node id="6012279874" lat="24.6706805" lon="121.5984770"/>
  <node id="6012279875" lat="24.6706283" lon="121.5986054"/>
  <node id="6012279876" lat="24.6705776" lon="121.5987092"/>
  <node id="6012279877" lat="24.6705264" lon="121.5987922"/>
  <node id="6012279878" lat="24.6704755" lon="121.5988575"/>
  <node id="11016423580" lat="24.6704184" lon="121.5989189"/>
  <node id="6012279879" lat="24.6703627" lon="121.5989675"/>
  <node id="6012279880" lat="24.6702968" lon="121.5990069"/>
  <node id="6012279881" lat="24.6702110" lon="121.5990287"/>
  <node id="6012279882" lat="24.6701766" lon="121.5990153"/>
  <node id="6012279883" lat="24.6701491" lon="121.5989730"/>
  <node id="6012279884" lat="24.6701403" lon="121.5989186"/>
  <node id="6012279985" lat="24.6701657" lon="121.5987828"/>
  <node id="6012279986" lat="24.6702209" lon="121.5986147"/>
  <node id="6012279987" lat="24.6702803" lon="121.5984279"/>
  <node id="6012279988" lat="24.6703142" lon="121.5983252"/>
  <node id="6012279989" lat="24.6703567" lon="121.5982224"/>
  <node id="6012279990" lat="24.6704118" lon="121.5980683"/>
  <node id="6012279991" lat="24.6705023" lon="121.5979043"/>
  <node id="11016423579" lat="24.6705177" lon="121.5978665"/>
  <node id="11016423578" lat="24.6705267" lon="121.5977897"/>
  <node id="6012279992" lat="24.6705142" lon="121.5976951"/>
  <node id="6012279993" lat="24.6704962" lon="121.5976514"/>
  <node id="6012279994" lat="24.6704741" lon="121.5976249"/>
  <node id="6012279995" lat="24.6704213" lon="121.5976079"/>
  <node id="6012279996" lat="24.6703653" lon="121.5975843"/>
  <node id="6012279997" lat="24.6703012" lon="121.5975446"/>
  <node id="6012279998" lat="24.6702209" lon="121.5974846"/>
  <node id="6012279999" lat="24.6701744" lon="121.5974412"/>
  <node id="6012280000" lat="24.6701177" lon="121.5973790"/>
  <node id="11016423577" lat="24.6700909" lon="121.5973353"/>
  <node id="6012280001" lat="24.6700837" lon="121.5972845"/>
  <node id="6012280002" lat="24.6700872" lon="121.5971576"/>
  <node id="6012280003" lat="24.6700843" lon="121.5970831"/>
  <node id="6012280004" lat="24.6700699" lon="121.5970427"/>
  <node id="11016423576" lat="24.6700394" lon="121.5970183"/>
  <node id="6012280005" lat="24.6700002" lon="121.5970129"/>
  <node id="6012280006" lat="24.6704266" lon="121.5969109"/>
  <node id="6012280007" lat="24.6704398" lon="121.5969759"/>
  <node id="6012280008" lat="24.6704697" lon="121.5970211"/>
  <node id="6012280009" lat="24.6705228" lon="121.5970417"/>
  <node id="6012280010" lat="24.6706376" lon="121.5970714"/>
  <node id="6012280011" lat="24.6707758" lon="121.5982919"/>
  <node id="6012280012" lat="24.6708295" lon="121.5982061"/>
  <node id="6012280013" lat="24.6695909" lon="121.5940863"/>
  <node id="6012280014" lat="24.6696510" lon="121.5940723"/>
  <node id="11016423527" lat="24.6696710" lon="121.5940350"/>
  <node id="6012280015" lat="24.6696745" lon="121.5939854"/>
  <node id="6012280016" lat="24.6696724" lon="121.5939265"/>
  <node id="6012280017" lat="24.6696586" lon="121.5938753"/>
  <node id="6012280018" lat="24.6696295" lon="121.5937890"/>
  <node id="6012280019" lat="24.6696018" lon="121.5937218"/>
  <node id="6012280020" lat="24.6695620" lon="121.5936227"/>
  <node id="6012280021" lat="24.6695331" lon="121.5935448"/>
  <node id="11016423528" lat="24.6695367" lon="121.5935104"/>
  <node id="6012280022" lat="24.6695576" lon="121.5934750"/>
  <node id="6012280023" lat="24.6696351" lon="121.5934201"/>
  <node id="11016423529" lat="24.6696682" lon="121.5933900"/>
  <node id="6012280024" lat="24.6696874" lon="121.5933466"/>
  <node id="6012280025" lat="24.6697010" lon="121.5932250"/>
  <node id="6012280026" lat="24.6697164" lon="121.5931378"/>
  <node id="6012280027" lat="24.6697441" lon="121.5930741"/>
  <node id="11016423530" lat="24.6698089" lon="121.5930177"/>
  <node id="6012280028" lat="24.6698476" lon="121.5929765"/>
  <node id="6012280029" lat="24.6698882" lon="121.5929315"/>
  <node id="6012280030" lat="24.6699222" lon="121.5929219"/>
  <node id="11016423531" lat="24.6699402" lon="121.5929448"/>
  <node id="6012280031" lat="24.6699590" lon="121.5929965"/>
  <node id="11016423532" lat="24.6699481" lon="121.5930394"/>
  <node id="6012280032" lat="24.6699197" lon="121.5931092"/>
  <node id="6012280033" lat="24.6698997" lon="121.5931767"/>
  <node id="6012280034" lat="24.6698933" lon="121.5932758"/>
  <node id="6012280035" lat="24.6698965" lon="121.5933572"/>
  <node id="6012280036" lat="24.6698853" lon="121.5934172"/>
  <node id="6012280037" lat="24.6698772" lon="121.5934811"/>
  <node id="6012280038" lat="24.6698675" lon="121.5935767"/>
  <node id="6012280039" lat="24.6698670" lon="121.5936969"/>
  <node id="6012280040" lat="24.6698772" lon="121.5937784"/>
  <node id="6012280041" lat="24.6699422" lon="121.5939056"/>
  <node id="6012280042" lat="24.6700178" lon="121.5939765"/>
  <node id="6012280043" lat="24.6700682" lon="121.5941028"/>
  <node id="6012280044" lat="24.6700598" lon="121.5941798"/>
  <node id="6012280045" lat="24.6700374" lon="121.5942445"/>
  <node id="6012280046" lat="24.6700029" lon="121.5942974"/>
  <node id="6012280047" lat="24.6699582" lon="121.5943299"/>
  <node id="11016423533" lat="24.6699177" lon="121.5943363"/>
  <node id="11016423534" lat="24.6698792" lon="121.5943348"/>
  <node id="11016423535" lat="24.6698477" lon="121.5943589"/>
  <node id="6012280048" lat="24.6698389" lon="121.5944136"/>
  <node id="6012280049" lat="24.6698572" lon="121.5944543"/>
  <node id="6012280050" lat="24.6698991" lon="121.5944907"/>
  <node id="6012280051" lat="24.6700044" lon="121.5945120"/>
  <node id="6012280052" lat="24.6700422" lon="121.5945342"/>
  <node id="6012280053" lat="24.6700726" lon="121.5945999"/>
  <node id="11016423536" lat="24.6700741" lon="121.5946435"/>
  <node id="6012280054" lat="24.6700564" lon="121.5947177"/>
  <node id="11016423537" lat="24.6700501" lon="121.5948422"/>
  <node id="11016423539" lat="24.6700663" lon="121.5949656"/>
  <node id="11016423538" lat="24.6701034" lon="121.5950909"/>
  <node id="6012280055" lat="24.6701932" lon="121.5952812"/>
  <node id="6012280056" lat="24.6702530" lon="121.5953738"/>
  <node id="6012280057" lat="24.6703279" lon="121.5954740"/>
  <node id="6012280058" lat="24.6704281" lon="121.5955750"/>
  <node id="6012280059" lat="24.6705361" lon="121.5956684"/>
  <node id="6012280060" lat="24.6705990" lon="121.5956983"/>
  <node id="6012280061" lat="24.6706763" lon="121.5957538"/>
  <node id="6012280062" lat="24.6708033" lon="121.5959200"/>
  <node id="11016423540" lat="24.6709042" lon="121.5959888"/>
  <node id="6673684096" lat="24.6408810" lon="121.6113541"/>
  <node id="6673684094" lat="24.6408590" lon="121.6116089"/>
  <node id="6673684093" lat="24.6404494" lon="121.6120702"/>
  <node id="6673684092" lat="24.6400789" lon="121.6123331"/>
  <node id="6673684091" lat="24.6399131" lon="121.6126817"/>
  <node id="6673684090" lat="24.6395328" lon="121.6128641"/>
  <node id="6673684095" lat="24.6404470" lon="121.6110402"/>
  <node id="6673684104" lat="24.6412381" lon="121.6116679"/>
  <node id="6673684103" lat="24.6413673" lon="121.6112857"/>
  <node id="6673684101" lat="24.6428179" lon="121.6106037"/>
  <node id="6673684098" lat="24.6411930" lon="121.6104716"/>
  <node id="11029770201" lat="24.6407252" lon="121.6097031"/>
  <node id="11029781340" lat="24.6406699" lon="121.6096123"/>
  <node id="11029770200" lat="24.6405540" lon="121.6094218"/>
  <node id="6673684097" lat="24.6403090" lon="121.6090194"/>
  <node id="6673684118" lat="24.6436925" lon="121.6102932"/>
  <node id="6673684099" lat="24.6436498" lon="121.6102852"/>
  <node id="6673684100" lat="24.6435097" lon="121.6102953"/>
  <node id="6673684107" lat="24.6413460" lon="121.6122302"/>
  <node id="6673684106" lat="24.6412869" lon="121.6120555"/>
  <node id="6673684105" lat="24.6412595" lon="121.6119368"/>
  <node id="6673684102" lat="24.6417135" lon="121.6109537"/>
  <node id="6673684164" lat="24.6380163" lon="121.5705818"/>
  <node id="6673684163" lat="24.6380297" lon="121.5706777"/>
  <node id="6673684162" lat="24.6381260" lon="121.5707776"/>
  <node id="6673684161" lat="24.6379481" lon="121.5710002"/>
  <node id="4430974013" lat="24.6139706" lon="121.6368062"/>
  <node id="11027047613" lat="24.6138069" lon="121.6370537"/>
  <node id="11027047614" lat="24.6137569" lon="121.6371111"/>
  <node id="11027047615" lat="24.6137170" lon="121.6371395"/>
  <node id="6673684238" lat="24.6136758" lon="121.6371559"/>
  <node id="6673684237" lat="24.6135603" lon="121.6371740"/>
  <node id="11027047616" lat="24.6134355" lon="121.6371665"/>
  <node id="11027047617" lat="24.6133439" lon="121.6371575"/>
  <node id="11027047618" lat="24.6132934" lon="121.6371665"/>
  <node id="6673684236" lat="24.6132185" lon="121.6371918"/>
  <node id="9454786647" lat="24.6130895" lon="121.6372821"/>
  <node id="11027047619" lat="24.6130450" lon="121.6373078"/>
  <node id="11027047620" lat="24.6130065" lon="121.6373169"/>
  <node id="6673684235" lat="24.6129734" lon="121.6373186"/>
  <node id="11027047621" lat="24.6128898" lon="121.6372906"/>
  <node id="9454786646" lat="24.6128178" lon="121.6372626"/>
  <node id="6673684234" lat="24.6127315" lon="121.6372186"/>
  <node id="6673684233" lat="24.6126216" lon="121.6371464"/>
  <node id="6673684232" lat="24.6125532" lon="121.6370865"/>
  <node id="11027047622" lat="24.6125137" lon="121.6370145"/>
  <node id="11027047623" lat="24.6124826" lon="121.6368558"/>
  <node id="11013956487" lat="24.6737056" lon="121.6000141"/>
  <node id="6957790844" lat="24.6737623" lon="121.5999366"/>
  <node id="6957790843" lat="24.6737832" lon="121.5998296"/>
  <node id="4150366799" lat="24.6737984" lon="121.5996112"/>
  <node id="6957790842" lat="24.6738085" lon="121.5995567"/>
  <node id="6795850201" lat="24.6738555" lon="121.5994969"/>
  <node id="6957790841" lat="24.6738610" lon="121.5993773"/>
  <node id="4150366798" lat="24.6738939" lon="121.5992080"/>
  <node id="4150366797" lat="24.6738732" lon="121.5988737"/>
  <node id="7474177624" lat="24.6739238" lon="121.5985796"/>
  <node id="4150366796" lat="24.6739386" lon="121.5983707"/>
  <node id="11013956489" lat="24.6739204" lon="121.5982339"/>
  <node id="7474177626" lat="24.6738670" lon="121.5980523"/>
  <node id="7474177625" lat="24.6737875" lon="121.5978880"/>
  <node id="7474177627" lat="24.6735219" lon="121.5974036"/>
  <node id="11013956490" lat="24.6732941" lon="121.5969443"/>
  <node id="11013956491" lat="24.6732642" lon="121.5968517"/>
  <node id="4150366795" lat="24.6732559" lon="121.5967278"/>
  <node id="6795844556" lat="24.6733101" lon="121.5957763"/>
  <node id="11013956493" lat="24.6732965" lon="121.5955765"/>
  <node id="4150366794" lat="24.6732505" lon="121.5953280"/>
  <node id="11013956494" lat="24.6731942" lon="121.5950816"/>
  <node id="11013956495" lat="24.6731706" lon="121.5949827"/>
  <node id="4150366793" lat="24.6731587" lon="121.5949003"/>
  <node id="4150366792" lat="24.6731096" lon="121.5940953"/>
  <node id="6957790877" lat="24.6731199" lon="121.5936541"/>
  <node id="11013956496" lat="24.6731370" lon="121.5935161"/>
  <node id="7474177623" lat="24.6731677" lon="121.5934215"/>
  <node id="4150366791" lat="24.6732940" lon="121.5932581"/>
  <node id="4150366790" lat="24.6737764" lon="121.5929613"/>
  <node id="11013956497" lat="24.6738839" lon="121.5929364"/>
  <node id="11015047204" lat="24.6740166" lon="121.5929322"/>
  <node id="11015047196" lat="24.6740840" lon="121.5929301"/>
  <node id="11015047197" lat="24.6741320" lon="121.5929324"/>
  <node id="4150366789" lat="24.6742333" lon="121.5929300"/>
  <node id="11015047198" lat="24.6743095" lon="121.5929170"/>
  <node id="6957790876" lat="24.6744432" lon="121.5928764"/>
  <node id="11013956498" lat="24.6747056" lon="121.5927919"/>
  <node id="11013956499" lat="24.6748994" lon="121.5927041"/>
  <node id="11013956500" lat="24.6749540" lon="121.5927071"/>
  <node id="4150366188" lat="24.6750509" lon="121.5927359"/>
  <node id="4150366187" lat="24.6752865" lon="121.5929456"/>
  <node id="11013956501" lat="24.6754837" lon="121.5930366"/>
  <node id="6957790875" lat="24.6755564" lon="121.5930996"/>
  <node id="11013956502" lat="24.6756156" lon="121.5931103"/>
  <node id="11013956503" lat="24.6757422" lon="121.5931057"/>
  <node id="4150366186" lat="24.6758361" lon="121.5930850"/>
  <node id="4150366185" lat="24.6765511" lon="121.5925030"/>
  <node id="11013956504" lat="24.6766796" lon="121.5924355"/>
  <node id="11013957805" lat="24.6768352" lon="121.5923844"/>
  <node id="6957790874" lat="24.6769851" lon="121.5923569"/>
  <node id="11013957806" lat="24.6770846" lon="121.5923100"/>
  <node id="6957790873" lat="24.6772788" lon="121.5921886"/>
  <node id="6957790872" lat="24.6775231" lon="121.5920851"/>
  <node id="4150366184" lat="24.6776825" lon="121.5919962"/>
  <node id="11013957807" lat="24.6778383" lon="121.5918588"/>
  <node id="11013957808" lat="24.6779850" lon="121.5916226"/>
  <node id="4150366183" lat="24.6782737" lon="121.5911294"/>
  <node id="4150366182" lat="24.6788862" lon="121.5903796"/>
  <node id="7474177615" lat="24.6789692" lon="121.5902934"/>
  <node id="6795844570" lat="24.6790495" lon="121.5902228"/>
  <node id="7474177614" lat="24.6791142" lon="121.5901442"/>
  <node id="11013957809" lat="24.6791845" lon="121.5900052"/>
  <node id="6795844574" lat="24.6792863" lon="121.5897272"/>
  <node id="7474177612" lat="24.6793772" lon="121.5895404"/>
  <node id="7474177613" lat="24.6794895" lon="121.5893620"/>
  <node id="4150366181" lat="24.6796156" lon="121.5892213"/>
  <node id="7474177611" lat="24.6797567" lon="121.5890957"/>
  <node id="7474177609" lat="24.6799332" lon="121.5889578"/>
  <node id="7474177610" lat="24.6801049" lon="121.5888559"/>
  <node id="4150366180" lat="24.6802097" lon="121.5887962"/>
  <node id="7357068184" lat="24.6802586" lon="121.5887736"/>
  <node id="11013957810" lat="24.6803304" lon="121.5887541"/>
  <node id="7357099085" lat="24.6803965" lon="121.5887495"/>
  <node id="6795844579" lat="24.6805030" lon="121.5887570"/>
  <node id="7474177608" lat="24.6806852" lon="121.5887749"/>
  <node id="4150366179" lat="24.6808790" lon="121.5888014"/>
  <node id="11013957813" lat="24.6809499" lon="121.5887988"/>
  <node id="6795844578" lat="24.6810298" lon="121.5887665"/>
  <node id="4150366178" lat="24.6812639" lon="121.5884544"/>
  <node id="7357100785" lat="24.6813754" lon="121.5881964"/>
  <node id="6957790864" lat="24.6814628" lon="121.5880376"/>
  <node id="6957790865" lat="24.6816115" lon="121.5875307"/>
  <node id="7357041052" lat="24.6816425" lon="121.5874707"/>
  <node id="7357041053" lat="24.6816943" lon="121.5873707"/>
  <node id="6957790860" lat="24.6817686" lon="121.5872616"/>
  <node id="11013956486" lat="24.6818192" lon="121.5871650"/>
  <node id="6957790859" lat="24.6818799" lon="121.5868879"/>
  <node id="6957790858" lat="24.6819338" lon="121.5866267"/>
  <node id="7474177607" lat="24.6819950" lon="121.5865057"/>
  <node id="4150366177" lat="24.6821045" lon="121.5863901"/>
  <node id="6957790857" lat="24.6822210" lon="121.5862976"/>
  <node id="6795844577" lat="24.6823064" lon="121.5861359"/>
  <node id="6957790854" lat="24.6824754" lon="121.5860917"/>
  <node id="7357049931" lat="24.6824953" lon="121.5860762"/>
  <node id="6957790853" lat="24.6826899" lon="121.5859240"/>
  <node id="4150366176" lat="24.6828195" lon="121.5858372"/>
  <node id="6957790852" lat="24.6830534" lon="121.5856918"/>
  <node id="7474177629" lat="24.6832284" lon="121.5856364"/>
  <node id="6795844580" lat="24.6832405" lon="121.5856252"/>
  <node id="6795844581" lat="24.6833851" lon="121.5854917"/>
  <node id="7702736635" lat="24.6833976" lon="121.5854527"/>
  <node id="6795844582" lat="24.6834159" lon="121.5853954"/>
  <node id="4150366175" lat="24.6834426" lon="121.5853482"/>
  <node id="6957790846" lat="24.6736953" lon="121.5997991"/>
  <node id="6957790845" lat="24.6737099" lon="121.5995362"/>
  <node id="6795850205" lat="24.6735722" lon="121.5995303"/>
  <node id="6795850206" lat="24.6732968" lon="121.5996161"/>
  <node id="4431005287" lat="24.6723487" lon="121.6026970"/>
  <node id="6795850163" lat="24.6729396" lon="121.6017801"/>
  <node id="4431005689" lat="24.6729929" lon="121.6016759"/>
  <node id="6795850208" lat="24.6732212" lon="121.6011351"/>
  <node id="6795850210" lat="24.6735381" lon="121.6004269"/>
  <node id="6795850211" lat="24.6735942" lon="121.6002713"/>
  <node id="6795850213" lat="24.6736142" lon="121.6001317"/>
  <node id="7466194181" lat="24.6585372" lon="121.5742456"/>
  <node id="7466194182" lat="24.6585335" lon="121.5742169"/>
  <node id="7466194164" lat="24.6584768" lon="121.5740541"/>
  <node id="11016900308" lat="24.6584758" lon="121.5740021"/>
  <node id="7466194165" lat="24.6585109" lon="121.5739326"/>
  <node id="7466194166" lat="24.6585567" lon="121.5738434"/>
  <node id="7466194167" lat="24.6588534" lon="121.5736070"/>
  <node id="7466194168" lat="24.6592362" lon="121.5733592"/>
  <node id="7466194169" lat="24.6595867" lon="121.5730726"/>
  <node id="7466194170" lat="24.6598827" lon="121.5727717"/>
  <node id="7466194171" lat="24.6601689" lon="121.5724143"/>
  <node id="7466194172" lat="24.6603587" lon="121.5721064"/>
  <node id="7466197092" lat="24.6604177" lon="121.5720040"/>
  <node id="7466194173" lat="24.6605485" lon="121.5717772"/>
  <node id="7466194174" lat="24.6607586" lon="121.5715012"/>
  <node id="7466194175" lat="24.6611564" lon="121.5711048"/>
  <node id="7466194176" lat="24.6612818" lon="121.5709880"/>
  <node id="7466194177" lat="24.6613654" lon="121.5709597"/>
  <node id="11016900311" lat="24.6614079" lon="121.5709558"/>
  <node id="11016900310" lat="24.6614503" lon="121.5709662"/>
  <node id="7466194178" lat="24.6614904" lon="121.5710029"/>
  <node id="7466194179" lat="24.6615409" lon="121.5710780"/>
  <node id="7466194180" lat="24.6615773" lon="121.5711523"/>
  <node id="7466194183" lat="24.6588102" lon="121.5737668"/>
  <node id="7466194184" lat="24.6591743" lon="121.5735969"/>
  <node id="11016900309" lat="24.6594283" lon="121.5734436"/>
  <node id="7466197085" lat="24.6596823" lon="121.5732638"/>
  <node id="7466197086" lat="24.6598245" lon="121.5731037"/>
  <node id="7466197087" lat="24.6601471" lon="121.5728305"/>
  <node id="7466197088" lat="24.6603296" lon="121.5726157"/>
  <node id="7466197089" lat="24.6604314" lon="121.5724802"/>
  <node id="7466197090" lat="24.6604336" lon="121.5722818"/>
  <node id="7466197091" lat="24.6604336" lon="121.5721160"/>
  <node id="7760307429" lat="24.6604946" lon="121.6229967"/>
  <node id="4431033508" lat="24.6598358" lon="121.6229619"/>
  <node id="4431033503" lat="24.6594591" lon="121.6229398"/>
  <node id="4431033500" lat="24.6590990" lon="121.6229406"/>
  <node id="4431033496" lat="24.6587229" lon="121.6229036"/>
  <node id="3707841565" lat="24.6583692" lon="121.6228524"/>
  <node id="4431031685" lat="24.6583398" lon="121.6228524"/>
  <node id="4431031683" lat="24.6583036" lon="121.6228655"/>
  <node id="3707841564" lat="24.6581714" lon="121.6229175"/>
  <node id="11006708244" lat="24.6581315" lon="121.6229316"/>
  <node id="11006708245" lat="24.6581036" lon="121.6229336"/>
  <node id="11006708243" lat="24.6580688" lon="121.6229299"/>
  <node id="11006708246" lat="24.6577927" lon="121.6228377"/>
  <node id="3707841548" lat="24.6575670" lon="121.6227377"/>
  <node id="11006708248" lat="24.6574727" lon="121.6226853"/>
  <node id="11006708247" lat="24.6573673" lon="121.6226431"/>
  <node id="4431031677" lat="24.6570189" lon="121.6225537"/>
  <node id="3707841539" lat="24.6569885" lon="121.6225632"/>
  <node id="11006708249" lat="24.6569539" lon="121.6225797"/>
  <node id="4431031676" lat="24.6568669" lon="121.6227515"/>
  <node id="3707841538" lat="24.6568328" lon="121.6227690"/>
  <node id="11006708250" lat="24.6568010" lon="121.6227694"/>
  <node id="11006708251" lat="24.6565792" lon="121.6227253"/>
  <node id="11006708252" lat="24.6562440" lon="121.6226837"/>
  <node id="3707841532" lat="24.6560199" lon="121.6226381"/>
  <node id="11006708253" lat="24.6559549" lon="121.6226161"/>
  <node id="11006708254" lat="24.6558015" lon="121.6225307"/>
  <node id="11006708255" lat="24.6557434" lon="121.6225020"/>
  <node id="11006708256" lat="24.6557101" lon="121.6224969"/>
  <node id="11006708257" lat="24.6556774" lon="121.6224879"/>
  <node id="7760318710" lat="24.6556557" lon="121.6224677"/>
  <node id="11006708275" lat="24.6556452" lon="121.6224421"/>
  <node id="11006708276" lat="24.6555959" lon="121.6219805"/>
  <node id="11006708277" lat="24.6555882" lon="121.6219309"/>
  <node id="11006708278" lat="24.6555769" lon="121.6219123"/>
  <node id="11006708279" lat="24.6555678" lon="121.6219077"/>
  <node id="7760318711" lat="24.6555515" lon="121.6219064"/>
  <node id="7760307433" lat="24.6611267" lon="121.6230006"/>
  <node id="7760307434" lat="24.6611018" lon="121.6231086"/>
  <node id="7760307435" lat="24.6610214" lon="121.6232121"/>
  <node id="7760307436" lat="24.6608379" lon="121.6232471"/>
  <node id="7760307437" lat="24.6607758" lon="121.6233873"/>
  <node id="7760307454" lat="24.6608573" lon="121.6230020"/>
  <node id="7760307432" lat="24.6613611" lon="121.6229132"/>
  <node id="7760307431" lat="24.6614881" lon="121.6230486"/>
  <node id="7760307463" lat="24.6614887" lon="121.6230838"/>
  <node id="7760307438" lat="24.6614914" lon="121.6232421"/>
  <node id="7760307439" lat="24.6612549" lon="121.6234423"/>
  <node id="7760307440" lat="24.6611867" lon="121.6236309"/>
  <node id="7760307441" lat="24.6612443" lon="121.6238477"/>
  <node id="7760307442" lat="24.6611927" lon="121.6240947"/>
  <node id="7760307464" lat="24.6604995" lon="121.6236126"/>
  <node id="7760307465" lat="24.6604976" lon="121.6238345"/>
  <node id="7760307466" lat="24.6604696" lon="121.6239926"/>
  <node id="7760307467" lat="24.6601784" lon="121.6244815"/>
  <node id="7760307468" lat="24.6597640" lon="121.6249642"/>
  <node id="7760307470" lat="24.6595799" lon="121.6253436"/>
  <node id="7760307474" lat="24.6596283" lon="121.6254109"/>
  <node id="7760307475" lat="24.6595632" lon="121.6259152"/>
  <node id="8692699110" lat="24.6595537" lon="121.6259816"/>
  <node id="7760307476" lat="24.6594331" lon="121.6268243"/>
  <node id="8692699101" lat="24.6594289" lon="121.6269622"/>
  <node id="7760307477" lat="24.6594161" lon="121.6273785"/>
  <node id="7760307478" lat="24.6594585" lon="121.6277303"/>
  <node id="7760307479" lat="24.6597144" lon="121.6285616"/>
  <node id="3707841736" lat="24.6625010" lon="121.6183976"/>
  <node id="9104711827" lat="24.6624977" lon="121.6180408"/>
  <node id="7760318587" lat="24.6624435" lon="121.6175246"/>
  <node id="11005896678" lat="24.6624054" lon="121.6172857"/>
  <node id="7760318588" lat="24.6623267" lon="121.6169680"/>
  <node id="11005896677" lat="24.6622658" lon="121.6167725"/>
  <node id="7760318589" lat="24.6621398" lon="121.6164293"/>
  <node id="7760318590" lat="24.6618597" lon="121.6156768"/>
  <node id="11005896676" lat="24.6617039" lon="121.6152367"/>
  <node id="9104711836" lat="24.6616257" lon="121.6151246"/>
  <node id="4430931992" lat="24.6615884" lon="121.6150722"/>
  <node id="2833162125" lat="24.6615096" lon="121.6148254"/>
  <node id="11005896696" lat="24.6614598" lon="121.6145037"/>
  <node id="4430931991" lat="24.6614248" lon="121.6142740"/>
  <node id="11005896697" lat="24.6613708" lon="121.6140170"/>
  <node id="4430931990" lat="24.6612671" lon="121.6136096"/>
  <node id="4430931989" lat="24.6610945" lon="121.6130160"/>
  <node id="2833162126" lat="24.6610067" lon="121.6127384"/>
  <node id="11005896698" lat="24.6609454" lon="121.6125797"/>
  <node id="4430931788" lat="24.6608582" lon="121.6124004"/>
  <node id="4430931787" lat="24.6604692" lon="121.6116951"/>
  <node id="2833162127" lat="24.6604278" lon="121.6116159"/>
  <node id="9104711845" lat="24.6603612" lon="121.6114479"/>
  <node id="4430931786" lat="24.6596965" lon="121.6095653"/>
  <node id="9104711846" lat="24.6593422" lon="121.6085833"/>
  <node id="5527907472" lat="24.6591676" lon="121.6081001"/>
  <node id="2833162129" lat="24.6590847" lon="121.6079488"/>
  <node id="11006276909" lat="24.6590376" lon="121.6078954"/>
  <node id="11890758765" lat="24.6590161" lon="121.6078760"/>
  <node id="11005896700" lat="24.6589783" lon="121.6078419"/>
  <node id="11005906419" lat="24.6588296" lon="121.6077363"/>
  <node id="2833162130" lat="24.6584120" lon="121.6074330"/>
  <node id="7760318591" lat="24.6617512" lon="121.6160723"/>
  <node id="7760318593" lat="24.6620006" lon="121.6185924"/>
  <node id="7760318595" lat="24.6620785" lon="121.6185577"/>
  <node id="7760318684" lat="24.6616879" lon="121.6204987"/>
  <node id="8692445946" lat="24.6561393" lon="121.6291739"/>
  <node id="11006277292" lat="24.6561287" lon="121.6291596"/>
  <node id="11006277291" lat="24.6561175" lon="121.6291548"/>
  <node id="11006277290" lat="24.6561043" lon="121.6291569"/>
  <node id="11006277289" lat="24.6560685" lon="121.6291756"/>
  <node id="11006277288" lat="24.6559389" lon="121.6292575"/>
  <node id="8692445922" lat="24.6555854" lon="121.6294804"/>
  <node id="11006277287" lat="24.6552102" lon="121.6296821"/>
  <node id="11006277281" lat="24.6549803" lon="121.6297885"/>
  <node id="8692704545" lat="24.6548920" lon="121.6298219"/>
  <node id="11006424956" lat="24.6547884" lon="121.6298470"/>
  <node id="8692445923" lat="24.6545681" lon="121.6299005"/>
  <node id="11006277286" lat="24.6537718" lon="121.6300597"/>
  <node id="8692445924" lat="24.6533096" lon="121.6301729"/>
  <node id="8692704534" lat="24.6529779" lon="121.6302597"/>
  <node id="11006277285" lat="24.6529191" lon="121.6302826"/>
  <node id="8692445925" lat="24.6528644" lon="121.6303121"/>
  <node id="11006277284" lat="24.6525466" lon="121.6305514"/>
  <node id="8692445926" lat="24.6522906" lon="121.6307132"/>
  <node id="11006277283" lat="24.6520685" lon="121.6308081"/>
  <node id="11006277282" lat="24.6518464" lon="121.6308661"/>
  <node id="8692445927" lat="24.6512916" lon="121.6309671"/>
  <node id="8692445928" lat="24.6508639" lon="121.6310061"/>
  <node id="8692445929" lat="24.6508350" lon="121.6310486"/>
  <node id="8692445930" lat="24.6508350" lon="121.6311088"/>
  <node id="8692445931" lat="24.6508253" lon="121.6311619"/>
  <node id="8692445932" lat="24.6507417" lon="121.6312114"/>
  <node id="8692445933" lat="24.6505648" lon="121.6312256"/>
  <node id="8692445934" lat="24.6503589" lon="121.6311831"/>
  <node id="8692445935" lat="24.6501562" lon="121.6311194"/>
  <node id="8692445936" lat="24.6498378" lon="121.6312043"/>
  <node id="8692445937" lat="24.6497284" lon="121.6313424"/>
  <node id="8692445938" lat="24.6496512" lon="121.6313636"/>
  <node id="8692445939" lat="24.6495033" lon="121.6313636"/>
  <node id="8692445940" lat="24.6493553" lon="121.6314061"/>
  <node id="8692445941" lat="24.6493263" lon="121.6314804"/>
  <node id="8692445942" lat="24.6493360" lon="121.6315547"/>
  <node id="8692445943" lat="24.6495805" lon="121.6316821"/>
  <node id="8692445944" lat="24.6499279" lon="121.6317210"/>
  <node id="8692445945" lat="24.6504039" lon="121.6318308"/>
  <node id="7760318707" lat="24.6568887" lon="121.6277982"/>
  <node id="4526551153" lat="24.6567303" lon="121.6279180"/>
  <node id="7760318708" lat="24.6597193" lon="121.6288937"/>
  <node id="11006277305" lat="24.6596330" lon="121.6288815"/>
  <node id="4526551172" lat="24.6594968" lon="121.6288525"/>
  <node id="4526551171" lat="24.6582501" lon="121.6284866"/>
  <node id="4526551170" lat="24.6574543" lon="121.6282089"/>
  <node id="11006277302" lat="24.6571776" lon="121.6280333"/>
  <node id="4526551169" lat="24.6569777" lon="121.6278388"/>
  <node id="7760318709" lat="24.6597784" lon="121.6288970"/>
  <node id="11006708269" lat="24.6554363" lon="121.6219193"/>
  <node id="11006708273" lat="24.6554192" lon="121.6219262"/>
  <node id="11006708272" lat="24.6554101" lon="121.6219379"/>
  <node id="11006708271" lat="24.6554045" lon="121.6219704"/>
  <node id="11006708270" lat="24.6554059" lon="121.6220269"/>
  <node id="11006708268" lat="24.6554238" lon="121.6222306"/>
  <node id="11006708266" lat="24.6554248" lon="121.6222904"/>
  <node id="7760318713" lat="24.6554112" lon="121.6223262"/>
  <node id="11006708267" lat="24.6553887" lon="121.6223533"/>
  <node id="7760318714" lat="24.6551987" lon="121.6224718"/>
  <node id="7760318715" lat="24.6548989" lon="121.6227576"/>
  <node id="11006708235" lat="24.6548479" lon="121.6227909"/>
  <node id="11006708236" lat="24.6548051" lon="121.6228057"/>
  <node id="7760318716" lat="24.6547441" lon="121.6228028"/>
  <node id="11006714288" lat="24.6547162" lon="121.6227964"/>
  <node id="11006708237" lat="24.6546812" lon="121.6227803"/>
  <node id="11006708238" lat="24.6545791" lon="121.6226898"/>
  <node id="11006708241" lat="24.6545140" lon="121.6226205"/>
  <node id="7760318717" lat="24.6544928" lon="121.6226129"/>
  <node id="11006708242" lat="24.6544436" lon="121.6226165"/>
  <node id="7760318718" lat="24.6543370" lon="121.6226819"/>
  <node id="7760318719" lat="24.6540702" lon="121.6229062"/>
  <node id="11006708274" lat="24.6553904" lon="121.6218999"/>
  <node id="7760318712" lat="24.6553567" lon="121.6218022"/>
  <node id="7760318720" lat="24.6553205" lon="121.6216565"/>
  <node id="12574061340" lat="24.6773444" lon="121.6098352"/>
  <node id="300593541" lat="24.6777821" lon="121.6098547"/>
  <node id="2584473035" lat="24.6778417" lon="121.6098652"/>
  <node id="2584473036" lat="24.6778739" lon="121.6098778"/>
  <node id="300593542" lat="24.6779068" lon="121.6099014"/>
  <node id="2584473037" lat="24.6779521" lon="121.6099451"/>
  <node id="11004356673" lat="24.6779927" lon="121.6099987"/>
  <node id="11004356674" lat="24.6780302" lon="121.6100671"/>
  <node id="2178262211" lat="24.6546274" lon="121.5802002"/>
  <node id="2584473003" lat="24.6547824" lon="121.5802458"/>
  <node id="8603122071" lat="24.6450030" lon="121.6149294"/>
  <node id="8603122072" lat="24.6446665" lon="121.6141462"/>
  <node id="8603122073" lat="24.6445787" lon="121.6140550"/>
  <node id="8603122074" lat="24.6444276" lon="121.6139692"/>
  <node id="8603122075" lat="24.6443642" lon="121.6139048"/>
  <node id="8603122076" lat="24.6442569" lon="121.6136473"/>
  <node id="8603122077" lat="24.6441789" lon="121.6135669"/>
  <node id="8603122078" lat="24.6439838" lon="121.6134810"/>
  <node id="8603122079" lat="24.6437644" lon="121.6134274"/>
  <node id="8603122080" lat="24.6434523" lon="121.6134596"/>
  <node id="8603122081" lat="24.6431548" lon="121.6135240"/>
  <node id="8603122082" lat="24.6430476" lon="121.6135240"/>
  <node id="8603122083" lat="24.6430037" lon="121.6134757"/>
  <node id="8603122084" lat="24.6430427" lon="121.6132343"/>
  <node id="8603122085" lat="24.6430281" lon="121.6131860"/>
  <node id="8603122086" lat="24.6429842" lon="121.6131377"/>
  <node id="8603122087" lat="24.6428915" lon="121.6131055"/>
  <node id="8603122088" lat="24.6426477" lon="121.6131055"/>
  <node id="8603122089" lat="24.6425453" lon="121.6130465"/>
  <node id="8603122090" lat="24.6425209" lon="121.6129446"/>
  <node id="8603122091" lat="24.6425258" lon="121.6127998"/>
  <node id="8603122092" lat="24.6424917" lon="121.6127247"/>
  <node id="8603122093" lat="24.6424234" lon="121.6126764"/>
  <node id="8603122094" lat="24.6421845" lon="121.6125745"/>
  <node id="8603122095" lat="24.6416676" lon="121.6124994"/>
  <node id="8603122096" lat="24.6413311" lon="121.6124028"/>
  <node id="987453136" lat="24.6412628" lon="121.6123455"/>
  <node id="8692345373" lat="24.6440792" lon="121.6033382"/>
  <node id="8692345372" lat="24.6438504" lon="121.6035254"/>
  <node id="8692345371" lat="24.6437884" lon="121.6036159"/>
  <node id="8692345370" lat="24.6436864" lon="121.6037989"/>
  <node id="8692345369" lat="24.6435808" lon="121.6039201"/>
  <node id="8692345368" lat="24.6430726" lon="121.6044859"/>
  <node id="8692345367" lat="24.6427126" lon="121.6048796"/>
  <node id="8603122097" lat="24.6426193" lon="121.6049620"/>
  <node id="8603122098" lat="24.6425647" lon="121.6049972"/>
  <node id="8603122099" lat="24.6425106" lon="121.6050111"/>
  <node id="8603122100" lat="24.6424346" lon="121.6050080"/>
  <node id="8603122101" lat="24.6423756" lon="121.6050225"/>
  <node id="8603122102" lat="24.6423135" lon="121.6050550"/>
  <node id="8603122103" lat="24.6422351" lon="121.6051329"/>
  <node id="8603122104" lat="24.6420141" lon="121.6054025"/>
  <node id="11029781361" lat="24.6417876" lon="121.6056720"/>
  <node id="8603122105" lat="24.6407929" lon="121.6068556"/>
  <node id="11028895057" lat="24.6401784" lon="121.6076021"/>
  <node id="11028895058" lat="24.6400092" lon="121.6078136"/>
  <node id="8603122106" lat="24.6399147" lon="121.6079383"/>
  <node id="11028895059" lat="24.6397903" lon="121.6081311"/>
  <node id="8603122107" lat="24.6396119" lon="121.6084555"/>
  <node id="8603122108" lat="24.6393256" lon="121.6089880"/>
  <node id="11028895060" lat="24.6389426" lon="121.6096954"/>
  <node id="11028895061" lat="24.6388556" lon="121.6098557"/>
  <node id="8603122111" lat="24.6387786" lon="121.6100099"/>
  <node id="11028895062" lat="24.6386893" lon="121.6101908"/>
  <node id="8603122112" lat="24.6386281" lon="121.6103532"/>
  <node id="11028895063" lat="24.6385526" lon="121.6105831"/>
  <node id="8603122113" lat="24.6384940" lon="121.6108006"/>
  <node id="11028895064" lat="24.6384418" lon="121.6110631"/>
  <node id="11028895065" lat="24.6384044" lon="121.6112719"/>
  <node id="8603122114" lat="24.6383741" lon="121.6115844"/>
  <node id="11028895066" lat="24.6383368" lon="121.6123822"/>
  <node id="11028895067" lat="24.6383364" lon="121.6130801"/>
  <node id="11028895068" lat="24.6383053" lon="121.6135173"/>
  <node id="3109149553" lat="24.6382669" lon="121.6140341"/>
  <node id="8692345374" lat="24.6447728" lon="121.6098161"/>
  <node id="8692345381" lat="24.6446314" lon="121.6099547"/>
  <node id="8692345375" lat="24.6445433" lon="121.6099892"/>
  <node id="8692345376" lat="24.6444641" lon="121.6099923"/>
  <node id="8692345377" lat="24.6442788" lon="121.6099906"/>
  <node id="8692345382" lat="24.6441886" lon="121.6099586"/>
  <node id="8692345378" lat="24.6440984" lon="121.6099484"/>
  <node id="8692345383" lat="24.6439985" lon="121.6099433"/>
  <node id="8692345379" lat="24.6438985" lon="121.6099242"/>
  <node id="4312163794" lat="24.6434472" lon="121.6111451"/>
  <node id="4312163795" lat="24.6435816" lon="121.6110528"/>
  <node id="4312163817" lat="24.6464448" lon="121.6063639"/>
  <node id="4312163818" lat="24.6464737" lon="121.6063230"/>
  <node id="11028921822" lat="24.6464819" lon="121.6061636"/>
  <node id="4312163819" lat="24.6464602" lon="121.6058813"/>
  <node id="4312163820" lat="24.6464675" lon="121.6057232"/>
  <node id="11028921823" lat="24.6464873" lon="121.6056829"/>
  <node id="11028921824" lat="24.6465059" lon="121.6056717"/>
  <node id="11028921825" lat="24.6465268" lon="121.6056840"/>
  <node id="4312163821" lat="24.6465435" lon="121.6057038"/>
  <node id="4312163822" lat="24.6465996" lon="121.6059433"/>
  <node id="11028921826" lat="24.6466182" lon="121.6059790"/>
  <node id="11028921827" lat="24.6466387" lon="121.6059923"/>
  <node id="11028921828" lat="24.6466591" lon="121.6059834"/>
  <node id="4312163823" lat="24.6466700" lon="121.6059535"/>
  <node id="4312163824" lat="24.6466547" lon="121.6055681"/>
  <node id="4312163825" lat="24.6466530" lon="121.6054347"/>
  <node id="4312163826" lat="24.6466672" lon="121.6053580"/>
  <node id="4312163827" lat="24.6467027" lon="121.6052823"/>
  <node id="11028921829" lat="24.6467573" lon="121.6052573"/>
  <node id="11028921830" lat="24.6467973" lon="121.6052565"/>
  <node id="11028921831" lat="24.6468224" lon="121.6052789"/>
  <node id="11028921832" lat="24.6468291" lon="121.6053146"/>
  <node id="11028921833" lat="24.6467858" lon="121.6053936"/>
  <node id="8692345385" lat="24.6438067" lon="121.6100632"/>
  <node id="8692345393" lat="24.6462296" lon="121.6056512"/>
  <node id="8692345387" lat="24.6453286" lon="121.6048928"/>
  <node id="8692345388" lat="24.6452913" lon="121.6048465"/>
  <node id="11028921811" lat="24.6452742" lon="121.6048347"/>
  <node id="11028921810" lat="24.6452430" lon="121.6048409"/>
  <node id="8692345389" lat="24.6452017" lon="121.6048662"/>
  <node id="11028921812" lat="24.6451290" lon="121.6049537"/>
  <node id="8692345390" lat="24.6450166" lon="121.6051418"/>
  <node id="11028921813" lat="24.6449165" lon="121.6052756"/>
  <node id="8692345391" lat="24.6447882" lon="121.6054056"/>
  <node id="8692345392" lat="24.6446629" lon="121.6055156"/>
  <node id="11028921814" lat="24.6446144" lon="121.6055888"/>
  <node id="8692345394" lat="24.6458838" lon="121.6062066"/>
  <node id="8692345395" lat="24.6457728" lon="121.6063628"/>
  <node id="8692345396" lat="24.6456203" lon="121.6064703"/>
  <node id="8692345397" lat="24.6454209" lon="121.6065942"/>
  <node id="8692345398" lat="24.6478309" lon="121.6037770"/>
  <node id="8692345399" lat="24.6480214" lon="121.6039741"/>
  <node id="8692345401" lat="24.6462750" lon="121.6058051"/>
  <node id="4312163842" lat="24.6462912" lon="121.6058957"/>
  <node id="11028921821" lat="24.6463295" lon="121.6062973"/>
  <node id="11028921820" lat="24.6463259" lon="121.6063608"/>
  <node id="8692345403" lat="24.6382029" lon="121.6140400"/>
  <node id="8692345404" lat="24.6381636" lon="121.6143612"/>
  <node id="8692345405" lat="24.6381593" lon="121.6145271"/>
  <node id="11006277206" lat="24.6381693" lon="121.6145961"/>
  <node id="8692345406" lat="24.6381818" lon="121.6146568"/>
  <node id="11006277207" lat="24.6382091" lon="121.6146979"/>
  <node id="8692345416" lat="24.6382618" lon="121.6147316"/>
  <node id="8692345407" lat="24.6384275" lon="121.6147769"/>
  <node id="8692345408" lat="24.6385561" lon="121.6148118"/>
  <node id="11006277208" lat="24.6386356" lon="121.6148406"/>
  <node id="11028894971" lat="24.6387089" lon="121.6148762"/>
  <node id="8692345409" lat="24.6387694" lon="121.6149222"/>
  <node id="11006277209" lat="24.6388155" lon="121.6149696"/>
  <node id="8692445546" lat="24.6388520" lon="121.6150242"/>
  <node id="8692345410" lat="24.6389311" lon="121.6151600"/>
  <node id="8692345411" lat="24.6390010" lon="121.6153039"/>
  <node id="11028894968" lat="24.6390289" lon="121.6153829"/>
  <node id="11028894982" lat="24.6390443" lon="121.6154697"/>
  <node id="8692345412" lat="24.6390557" lon="121.6155652"/>
  <node id="11028894967" lat="24.6390960" lon="121.6159224"/>
  <node id="8692445519" lat="24.6391174" lon="121.6160422"/>
  <node id="8692445543" lat="24.6391493" lon="121.6161010"/>
  <node id="8692445520" lat="24.6391795" lon="121.6161374"/>
  <node id="11028894966" lat="24.6392512" lon="121.6161611"/>
  <node id="11028894965" lat="24.6394202" lon="121.6162017"/>
  <node id="8692445521" lat="24.6397043" lon="121.6163112"/>
  <node id="11028894964" lat="24.6399794" lon="121.6164689"/>
  <node id="11028894963" lat="24.6401114" lon="121.6165067"/>
  <node id="8692445522" lat="24.6401879" lon="121.6165048"/>
  <node id="8692445523" lat="24.6402609" lon="121.6164983"/>
  <node id="8692445524" lat="24.6403186" lon="121.6165015"/>
  <node id="8692445545" lat="24.6403729" lon="121.6165231"/>
  <node id="8692445542" lat="24.6403959" lon="121.6165490"/>
  <node id="8692445544" lat="24.6404104" lon="121.6166168"/>
  <node id="8692445525" lat="24.6404088" lon="121.6166682"/>
  <node id="8692445526" lat="24.6403925" lon="121.6167567"/>
  <node id="8692445527" lat="24.6403383" lon="121.6169528"/>
  <node id="8692445540" lat="24.6403150" lon="121.6170611"/>
  <node id="11028894959" lat="24.6403164" lon="121.6171166"/>
  <node id="8692445528" lat="24.6403275" lon="121.6171657"/>
  <node id="8692445541" lat="24.6403680" lon="121.6172110"/>
  <node id="8692445529" lat="24.6404670" lon="121.6172458"/>
  <node id="8692445530" lat="24.6405805" lon="121.6172245"/>
  <node id="8692445537" lat="24.6406879" lon="121.6172097"/>
  <node id="8692445531" lat="24.6407748" lon="121.6172097"/>
  <node id="11028894960" lat="24.6408810" lon="121.6172466"/>
  <node id="11028894911" lat="24.6409579" lon="121.6173050"/>
  <node id="8692445532" lat="24.6410208" lon="121.6173712"/>
  <node id="11028894912" lat="24.6410744" lon="121.6174782"/>
  <node id="8692445533" lat="24.6411250" lon="121.6176572"/>
  <node id="8692445534" lat="24.6411833" lon="121.6179601"/>
  <node id="11028894913" lat="24.6412218" lon="121.6180086"/>
  <node id="8692445535" lat="24.6415122" lon="121.6181796"/>
  <node id="8692445536" lat="24.6417561" lon="121.6183097"/>
  <node id="11028894919" lat="24.6418107" lon="121.6183634"/>
  <node id="11028894918" lat="24.6418536" lon="121.6184172"/>
  <node id="8692445547" lat="24.6418905" lon="121.6184946"/>
  <node id="8692445548" lat="24.6419409" lon="121.6187410"/>
  <node id="11028894920" lat="24.6419477" lon="121.6188614"/>
  <node id="8692445549" lat="24.6419175" lon="121.6190452"/>
  <node id="8692445550" lat="24.6417953" lon="121.6193757"/>
  <node id="8692445551" lat="24.6417393" lon="121.6196161"/>
  <node id="11028894921" lat="24.6417368" lon="121.6197116"/>
  <node id="8692445552" lat="24.6417617" lon="121.6198071"/>
  <node id="8692445553" lat="24.6418289" lon="121.6199488"/>
  <node id="8692445554" lat="24.6418626" lon="121.6200864"/>
  <node id="8692445555" lat="24.6418793" lon="121.6202692"/>
  <node id="8692445556" lat="24.6418289" lon="121.6206143"/>
  <node id="11028894926" lat="24.6418014" lon="121.6207655"/>
  <node id="11028894927" lat="24.6418043" lon="121.6208744"/>
  <node id="8692445557" lat="24.6418199" lon="121.6209650"/>
  <node id="8692445558" lat="24.6418541" lon="121.6210909"/>
  <node id="8692445559" lat="24.6418750" lon="121.6212058"/>
  <node id="11028894930" lat="24.6418987" lon="121.6212419"/>
  <node id="11028894931" lat="24.6419340" lon="121.6212578"/>
  <node id="11028894932" lat="24.6419643" lon="121.6212421"/>
  <node id="11028894933" lat="24.6419893" lon="121.6211913"/>
  <node id="8692445560" lat="24.6420025" lon="121.6211319"/>
  <node id="8692445561" lat="24.6420025" lon="121.6209964"/>
  <node id="11028894934" lat="24.6419927" lon="121.6208721"/>
  <node id="8692445562" lat="24.6420025" lon="121.6207499"/>
  <node id="11028894935" lat="24.6420775" lon="121.6206409"/>
  <node id="8692445563" lat="24.6421818" lon="121.6205404"/>
  <node id="8692445564" lat="24.6424506" lon="121.6202569"/>
  <node id="8692445565" lat="24.6426242" lon="121.6202199"/>
  <node id="8692445566" lat="24.6427587" lon="121.6200967"/>
  <node id="8692445567" lat="24.6429099" lon="121.6198872"/>
  <node id="8692445568" lat="24.6429667" lon="121.6198454"/>
  <node id="11028894936" lat="24.6430282" lon="121.6198271"/>
  <node id="11028894937" lat="24.6430931" lon="121.6198277"/>
  <node id="8692445569" lat="24.6431482" lon="121.6198540"/>
  <node id="8692445570" lat="24.6432457" lon="121.6199345"/>
  <node id="8692445571" lat="24.6432994" lon="121.6200257"/>
  <node id="8692445572" lat="24.6433920" lon="121.6202724"/>
  <node id="8692445573" lat="24.6437016" lon="121.6208290"/>
  <node id="8692445574" lat="24.6438016" lon="121.6209430"/>
  <node id="11006277210" lat="24.6438625" lon="121.6209564"/>
  <node id="8692445575" lat="24.6439088" lon="121.6209430"/>
  <node id="8692445592" lat="24.6439613" lon="121.6208962"/>
  <node id="8692445576" lat="24.6439881" lon="121.6207740"/>
  <node id="8692445577" lat="24.6439849" lon="121.6205761"/>
  <node id="11028894939" lat="24.6440059" lon="121.6205205"/>
  <node id="8692445578" lat="24.6440307" lon="121.6204950"/>
  <node id="8692445579" lat="24.6440795" lon="121.6204669"/>
  <node id="8692445580" lat="24.6441202" lon="121.6204577"/>
  <node id="11028894938" lat="24.6441540" lon="121.6204661"/>
  <node id="8692445581" lat="24.6441721" lon="121.6204938"/>
  <node id="8692445582" lat="24.6442014" lon="121.6206291"/>
  <node id="8692445591" lat="24.6442355" lon="121.6208668"/>
  <node id="8692445583" lat="24.6442599" lon="121.6208947"/>
  <node id="11006277211" lat="24.6442964" lon="121.6209000"/>
  <node id="8692445584" lat="24.6443379" lon="121.6208746"/>
  <node id="8692445585" lat="24.6443610" lon="121.6208357"/>
  <node id="8692445586" lat="24.6444147" lon="121.6207109"/>
  <node id="8692445589" lat="24.6444537" lon="121.6206572"/>
  <node id="8692445590" lat="24.6444995" lon="121.6206361"/>
  <node id="8692445587" lat="24.6445487" lon="121.6206399"/>
  <node id="8692445588" lat="24.6445720" lon="121.6206667"/>
  <node id="8692445593" lat="24.6445855" lon="121.6207248"/>
  <node id="11006277212" lat="24.6445833" lon="121.6209280"/>
  <node id="11006277213" lat="24.6445663" lon="121.6211140"/>
  <node id="8692445645" lat="24.6445383" lon="121.6212330"/>
  <node id="8692445594" lat="24.6445166" lon="121.6212812"/>
  <node id="8692445644" lat="24.6444567" lon="121.6213331"/>
  <node id="8692445595" lat="24.6442290" lon="121.6214541"/>
  <node id="8692445596" lat="24.6439052" lon="121.6216126"/>
  <node id="11006277214" lat="24.6438805" lon="121.6216650"/>
  <node id="8692445637" lat="24.6438655" lon="121.6218112"/>
  <node id="8692445597" lat="24.6438711" lon="121.6219221"/>
  <node id="8692445638" lat="24.6438722" lon="121.6219725"/>
  <node id="8692445636" lat="24.6438592" lon="121.6220076"/>
  <node id="8692445598" lat="24.6437787" lon="121.6220808"/>
  <node id="8692445599" lat="24.6435925" lon="121.6221747"/>
  <node id="11006277215" lat="24.6435573" lon="121.6222182"/>
  <node id="8692445600" lat="24.6435197" lon="121.6223288"/>
  <node id="8692445601" lat="24.6434861" lon="121.6224813"/>
  <node id="8692445635" lat="24.6434978" lon="121.6225110"/>
  <node id="8692445633" lat="24.6435232" lon="121.6225195"/>
  <node id="8692445634" lat="24.6435481" lon="121.6225164"/>
  <node id="8692445602" lat="24.6435652" lon="121.6225014"/>
  <node id="8692445603" lat="24.6435904" lon="121.6224392"/>
  <node id="11006277216" lat="24.6436414" lon="121.6224016"/>
  <node id="8692445604" lat="24.6437948" lon="121.6223747"/>
  <node id="8692445605" lat="24.6439404" lon="121.6223720"/>
  <node id="8692445643" lat="24.6439707" lon="121.6223852"/>
  <node id="8692445606" lat="24.6440132" lon="121.6224520"/>
  <node id="8692445642" lat="24.6440496" lon="121.6224734"/>
  <node id="8692445607" lat="24.6440860" lon="121.6224614"/>
  <node id="8692445641" lat="24.6441086" lon="121.6224234"/>
  <node id="8692445608" lat="24.6441140" lon="121.6223855"/>
  <node id="8692445639" lat="24.6441574" lon="121.6223432"/>
  <node id="8692445640" lat="24.6441791" lon="121.6223475"/>
  <node id="8692445609" lat="24.6442008" lon="121.6223813"/>
  <node id="8692445610" lat="24.6442317" lon="121.6227695"/>
  <node id="8692445611" lat="24.6438928" lon="121.6230807"/>
  <node id="8692445612" lat="24.6438088" lon="121.6232070"/>
  <node id="8692445613" lat="24.6438088" lon="121.6234196"/>
  <node id="11006277219" lat="24.6437812" lon="121.6234587"/>
  <node id="11006277220" lat="24.6437149" lon="121.6234943"/>
  <node id="11006277221" lat="24.6435490" lon="121.6235081"/>
  <node id="11006277218" lat="24.6434512" lon="121.6235648"/>
  <node id="11006277217" lat="24.6433009" lon="121.6237208"/>
  <node id="8692445614" lat="24.6431611" lon="121.6238208"/>
  <node id="8692445615" lat="24.6429647" lon="121.6239827"/>
  <node id="11006277222" lat="24.6429318" lon="121.6240422"/>
  <node id="8692445616" lat="24.6429318" lon="121.6241554"/>
  <node id="8692445617" lat="24.6429653" lon="121.6242854"/>
  <node id="8692445618" lat="24.6429918" lon="121.6243768"/>
  <node id="11006277223" lat="24.6430191" lon="121.6244084"/>
  <node id="11006277224" lat="24.6431009" lon="121.6244349"/>
  <node id="11006277225" lat="24.6432406" lon="121.6244629"/>
  <node id="8692445619" lat="24.6432693" lon="121.6245030"/>
  <node id="11006277226" lat="24.6432749" lon="121.6245498"/>
  <node id="11006277227" lat="24.6432655" lon="121.6246013"/>
  <node id="11006277228" lat="24.6432121" lon="121.6246566"/>
  <node id="11006277229" lat="24.6432097" lon="121.6246815"/>
  <node id="11006277230" lat="24.6432329" lon="121.6247101"/>
  <node id="11006277231" lat="24.6432677" lon="121.6247190"/>
  <node id="11006277232" lat="24.6433046" lon="121.6247101"/>
  <node id="8692445620" lat="24.6433548" lon="121.6246716"/>
  <node id="8692445621" lat="24.6436331" lon="121.6243696"/>
  <node id="11006277233" lat="24.6436879" lon="121.6243347"/>
  <node id="8692445622" lat="24.6437391" lon="121.6243334"/>
  <node id="11006277234" lat="24.6437835" lon="121.6243803"/>
  <node id="11006277235" lat="24.6438020" lon="121.6244520"/>
  <node id="11006277236" lat="24.6438089" lon="121.6245657"/>
  <node id="8692445623" lat="24.6438328" lon="121.6246136"/>
  <node id="11006277237" lat="24.6438685" lon="121.6246363"/>
  <node id="11006277238" lat="24.6439157" lon="121.6246463"/>
  <node id="11006277239" lat="24.6439527" lon="121.6246325"/>
  <node id="11006277240" lat="24.6439821" lon="121.6246001"/>
  <node id="8692445624" lat="24.6440396" lon="121.6243465"/>
  <node id="11006277241" lat="24.6440611" lon="121.6242659"/>
  <node id="11006277242" lat="24.6441023" lon="121.6242135"/>
  <node id="11006277243" lat="24.6441741" lon="121.6241860"/>
  <node id="8692445625" lat="24.6442874" lon="121.6241759"/>
  <node id="11006277244" lat="24.6443771" lon="121.6241924"/>
  <node id="11006277245" lat="24.6444792" lon="121.6242622"/>
  <node id="11006277246" lat="24.6445498" lon="121.6243777"/>
  <node id="8692445626" lat="24.6446374" lon="121.6245440"/>
  <node id="11006277247" lat="24.6447071" lon="121.6246388"/>
  <node id="8692445627" lat="24.6449620" lon="121.6248167"/>
  <node id="11006277248" lat="24.6451742" lon="121.6249152"/>
  <node id="8692445628" lat="24.6452096" lon="121.6249412"/>
  <node id="8692445664" lat="24.6452353" lon="121.6249923"/>
  <node id="8692445665" lat="24.6452449" lon="121.6250421"/>
  <node id="11006277250" lat="24.6452351" lon="121.6251376"/>
  <node id="11006277249" lat="24.6452033" lon="121.6251660"/>
  <node id="8692445629" lat="24.6451543" lon="121.6251666"/>
  <node id="8692445630" lat="24.6445686" lon="121.6248846"/>
  <node id="11006277251" lat="24.6445160" lon="121.6248862"/>
  <node id="11006277252" lat="24.6444471" lon="121.6249071"/>
  <node id="11006277253" lat="24.6443382" lon="121.6249686"/>
  <node id="8692445631" lat="24.6442075" lon="121.6250635"/>
  <node id="11006277255" lat="24.6441625" lon="121.6251175"/>
  <node id="11006277254" lat="24.6441224" lon="121.6252090"/>
  <node id="8692445632" lat="24.6440032" lon="121.6253975"/>
  <node id="11006277256" lat="24.6439104" lon="121.6255188"/>
  <node id="11006277257" lat="24.6438566" lon="121.6255675"/>
  <node id="8692445646" lat="24.6438419" lon="121.6256241"/>
  <node id="8692445647" lat="24.6438484" lon="121.6256855"/>
  <node id="11006277258" lat="24.6438750" lon="121.6257303"/>
  <node id="8692445648" lat="24.6439016" lon="121.6257564"/>
  <node id="11006277259" lat="24.6439741" lon="121.6257900"/>
  <node id="8692445649" lat="24.6440612" lon="121.6257995"/>
  <node id="8692445650" lat="24.6442572" lon="121.6257995"/>
  <node id="8692445651" lat="24.6443962" lon="121.6258525"/>
  <node id="8692445652" lat="24.6444924" lon="121.6258726"/>
  <node id="11006277260" lat="24.6445565" lon="121.6258962"/>
  <node id="11006277261" lat="24.6445922" lon="121.6259295"/>
  <node id="8692445653" lat="24.6446120" lon="121.6259775"/>
  <node id="8692445654" lat="24.6446091" lon="121.6260190"/>
  <node id="11006277262" lat="24.6445919" lon="121.6261320"/>
  <node id="11006277263" lat="24.6446028" lon="121.6261752"/>
  <node id="11006277264" lat="24.6446679" lon="121.6262396"/>
  <node id="8692445655" lat="24.6447185" lon="121.6263350"/>
  <node id="8692445656" lat="24.6447503" lon="121.6264669"/>
  <node id="8692445657" lat="24.6447570" lon="121.6266989"/>
  <node id="8692445691" lat="24.6447775" lon="121.6267420"/>
  <node id="8692445690" lat="24.6448146" lon="121.6267588"/>
  <node id="8692445658" lat="24.6448979" lon="121.6267665"/>
  <node id="8692445659" lat="24.6449853" lon="121.6267542"/>
  <node id="8692445660" lat="24.6451086" lon="121.6267461"/>
  <node id="8692445661" lat="24.6451954" lon="121.6267639"/>
  <node id="8692445662" lat="24.6451982" lon="121.6268563"/>
  <node id="8692445663" lat="24.6452094" lon="121.6270412"/>
  <node id="8692445666" lat="24.6452271" lon="121.6270983"/>
  <node id="8692445689" lat="24.6452806" lon="121.6270597"/>
  <node id="8692445667" lat="24.6453121" lon="121.6270069"/>
  <node id="8692445668" lat="24.6453970" lon="121.6268910"/>
  <node id="8692445669" lat="24.6454605" lon="121.6267786"/>
  <node id="8692445670" lat="24.6454963" lon="121.6264264"/>
  <node id="8692445688" lat="24.6455362" lon="121.6262988"/>
  <node id="8692445671" lat="24.6456040" lon="121.6262242"/>
  <node id="8692445672" lat="24.6457635" lon="121.6260871"/>
  <node id="8692445673" lat="24.6458661" lon="121.6260178"/>
  <node id="8692445674" lat="24.6459020" lon="121.6260082"/>
  <node id="8692445686" lat="24.6459514" lon="121.6260166"/>
  <node id="8692445675" lat="24.6460030" lon="121.6260508"/>
  <node id="8692445687" lat="24.6460983" lon="121.6261317"/>
  <node id="8692445676" lat="24.6460942" lon="121.6261628"/>
  <node id="8692445677" lat="24.6460094" lon="121.6262176"/>
  <node id="8692445678" lat="24.6458072" lon="121.6263178"/>
  <node id="8692445679" lat="24.6457666" lon="121.6263665"/>
  <node id="8692445680" lat="24.6457592" lon="121.6264479"/>
  <node id="8692445681" lat="24.6457887" lon="121.6264844"/>
  <node id="8692445682" lat="24.6458552" lon="121.6264885"/>
  <node id="11006277273" lat="24.6458943" lon="121.6265434"/>
  <node id="8692445683" lat="24.6459070" lon="121.6265983"/>
  <node id="8692445684" lat="24.6459883" lon="121.6269154"/>
  <node id="8692445685" lat="24.6459883" lon="121.6270536"/>
  <node id="8692445692" lat="24.6464698" lon="121.6270474"/>
  <node id="8692445693" lat="24.6467947" lon="121.6267607"/>
  <node id="8692445694" lat="24.6468558" lon="121.6267218"/>
  <node id="8692445695" lat="24.6468751" lon="121.6266899"/>
  <node id="8692445696" lat="24.6468751" lon="121.6266333"/>
  <node id="8692445697" lat="24.6468623" lon="121.6265554"/>
  <node id="8692445698" lat="24.6467754" lon="121.6263997"/>
  <node id="8692445699" lat="24.6467497" lon="121.6263431"/>
  <node id="8692445700" lat="24.6467561" lon="121.6261980"/>
  <node id="8692445701" lat="24.6467754" lon="121.6261626"/>
  <node id="8692445702" lat="24.6468140" lon="121.6261201"/>
  <node id="8692445703" lat="24.6470167" lon="121.6259785"/>
  <node id="8692445704" lat="24.6471968" lon="121.6258228"/>
  <node id="8692445705" lat="24.6473512" lon="121.6256352"/>
  <node id="8692445706" lat="24.6474863" lon="121.6253592"/>
  <node id="8692445707" lat="24.6475732" lon="121.6250300"/>
  <node id="8692445708" lat="24.6475957" lon="121.6249451"/>
  <node id="8692445709" lat="24.6476439" lon="121.6249451"/>
  <node id="8692445710" lat="24.6478691" lon="121.6249451"/>
  <node id="8692445789" lat="24.6480217" lon="121.6250345"/>
  <node id="8692445711" lat="24.6481487" lon="121.6251734"/>
  <node id="8692445788" lat="24.6481934" lon="121.6252580"/>
  <node id="11006277274" lat="24.6482076" lon="121.6253526"/>
  <node id="8692445712" lat="24.6482042" lon="121.6254359"/>
  <node id="8692445787" lat="24.6481089" lon="121.6255348"/>
  <node id="8692445713" lat="24.6480328" lon="121.6256549"/>
  <node id="8692445790" lat="24.6479816" lon="121.6257668"/>
  <node id="8692445714" lat="24.6479690" lon="121.6258857"/>
  <node id="8692445791" lat="24.6480344" lon="121.6259905"/>
  <node id="8692445786" lat="24.6481062" lon="121.6260493"/>
  <node id="8692445715" lat="24.6482177" lon="121.6261350"/>
  <node id="8692445784" lat="24.6482880" lon="121.6262193"/>
  <node id="8692445716" lat="24.6482908" lon="121.6263744"/>
  <node id="8692445785" lat="24.6482601" lon="121.6265254"/>
  <node id="8692445717" lat="24.6481650" lon="121.6266375"/>
  <node id="8692445792" lat="24.6481096" lon="121.6267352"/>
  <node id="8692445718" lat="24.6481314" lon="121.6268470"/>
  <node id="8692445719" lat="24.6484114" lon="121.6274263"/>
  <node id="8692445720" lat="24.6486242" lon="121.6274263"/>
  <node id="8692445721" lat="24.6487418" lon="121.6274879"/>
  <node id="8692445783" lat="24.6487679" lon="121.6275189"/>
  <node id="8692445782" lat="24.6487735" lon="121.6275746"/>
  <node id="8692445722" lat="24.6487418" lon="121.6276666"/>
  <node id="8692445723" lat="24.6487138" lon="121.6280178"/>
  <node id="8692445781" lat="24.6487622" lon="121.6280801"/>
  <node id="8692445724" lat="24.6488203" lon="121.6281103"/>
  <node id="8692445780" lat="24.6489245" lon="121.6281290"/>
  <node id="8692445725" lat="24.6489946" lon="121.6280834"/>
  <node id="8692445726" lat="24.6490275" lon="121.6278330"/>
  <node id="8692445727" lat="24.6490387" lon="121.6275742"/>
  <node id="8692445728" lat="24.6490163" lon="121.6273585"/>
  <node id="8692445729" lat="24.6489435" lon="121.6272352"/>
  <node id="8692445779" lat="24.6489379" lon="121.6271890"/>
  <node id="8692445730" lat="24.6489547" lon="121.6271490"/>
  <node id="8692445778" lat="24.6489980" lon="121.6271448"/>
  <node id="8692445731" lat="24.6490443" lon="121.6271613"/>
  <node id="8692445732" lat="24.6492179" lon="121.6274447"/>
  <node id="8692445733" lat="24.6493691" lon="121.6275618"/>
  <node id="8692445734" lat="24.6495147" lon="121.6276543"/>
  <node id="8692445777" lat="24.6495451" lon="121.6277218"/>
  <node id="8692445775" lat="24.6495626" lon="121.6278176"/>
  <node id="8692445776" lat="24.6495543" lon="121.6279204"/>
  <node id="8692445735" lat="24.6495203" lon="121.6279809"/>
  <node id="8692445774" lat="24.6494828" lon="121.6281511"/>
  <node id="8692445736" lat="24.6492459" lon="121.6285478"/>
  <node id="11006277275" lat="24.6492147" lon="121.6286357"/>
  <node id="8692445737" lat="24.6492011" lon="121.6287203"/>
  <node id="8692445773" lat="24.6492712" lon="121.6288498"/>
  <node id="8692445738" lat="24.6494699" lon="121.6291208"/>
  <node id="8692445739" lat="24.6494755" lon="121.6294659"/>
  <node id="8692445770" lat="24.6496183" lon="121.6294946"/>
  <node id="8692445771" lat="24.6497058" lon="121.6295409"/>
  <node id="8692445740" lat="24.6497612" lon="121.6296508"/>
  <node id="8692445772" lat="24.6497192" lon="121.6297518"/>
  <node id="8692445741" lat="24.6496771" lon="121.6297679"/>
  <node id="8692445742" lat="24.6493971" lon="121.6297679"/>
  <node id="8692445743" lat="24.6488483" lon="121.6305196"/>
  <node id="8692445744" lat="24.6487082" lon="121.6305011"/>
  <node id="8692445745" lat="24.6483220" lon="121.6301288"/>
  <node id="11006277276" lat="24.6482016" lon="121.6300395"/>
  <node id="8692445746" lat="24.6479788" lon="121.6299196"/>
  <node id="8692445747" lat="24.6478494" lon="121.6298851"/>
  <node id="8692445748" lat="24.6477858" lon="121.6298925"/>
  <node id="11006277277" lat="24.6476463" lon="121.6299504"/>
  <node id="8692445749" lat="24.6475653" lon="121.6300341"/>
  <node id="11006277278" lat="24.6475389" lon="121.6301343"/>
  <node id="8692445768" lat="24.6475549" lon="121.6302425"/>
  <node id="8692445750" lat="24.6476329" lon="121.6304149"/>
  <node id="8692445769" lat="24.6477693" lon="121.6305364"/>
  <node id="8692445751" lat="24.6479186" lon="121.6306367"/>
  <node id="8692445767" lat="24.6479231" lon="121.6308291"/>
  <node id="8692445752" lat="24.6480720" lon="121.6311524"/>
  <node id="8692445753" lat="24.6481018" lon="121.6312758"/>
  <node id="11006277266" lat="24.6481062" lon="121.6313337"/>
  <node id="8692445895" lat="24.6480934" lon="121.6313862"/>
  <node id="8692704517" lat="24.6488015" lon="121.6331072"/>
  <node id="8692445921" lat="24.6488203" lon="121.6331511"/>
  <node id="8692445966" lat="24.6491175" lon="121.6338142"/>
  <node id="8692445967" lat="24.6493625" lon="121.6339277"/>
  <node id="8692704524" lat="24.6494708" lon="121.6339873"/>
  <node id="8692445968" lat="24.6495966" lon="121.6340565"/>
  <node id="8692445969" lat="24.6496648" lon="121.6341960"/>
  <node id="8692704302" lat="24.6497648" lon="121.6343373"/>
  <node id="8692445965" lat="24.6498280" lon="121.6343533"/>
  <node id="8692445964" lat="24.6500618" lon="121.6342661"/>
  <node id="8692445963" lat="24.6506586" lon="121.6341061"/>
  <node id="8692445962" lat="24.6509498" lon="121.6339366"/>
  <node id="8692445961" lat="24.6510618" lon="121.6337209"/>
  <node id="8692445960" lat="24.6510842" lon="121.6335607"/>
  <node id="8692445959" lat="24.6510646" lon="121.6333327"/>
  <node id="8692445958" lat="24.6511290" lon="121.6329353"/>
  <node id="8692445957" lat="24.6511878" lon="121.6327442"/>
  <node id="8692704289" lat="24.6512666" lon="121.6326407"/>
  <node id="8692445956" lat="24.6513614" lon="121.6325162"/>
  <node id="8692445955" lat="24.6519579" lon="121.6320171"/>
  <node id="8692704293" lat="24.6522169" lon="121.6318423"/>
  <node id="8692445954" lat="24.6528708" lon="121.6314009"/>
  <node id="8692445953" lat="24.6541029" lon="121.6307077"/>
  <node id="8692445952" lat="24.6546769" lon="121.6304026"/>
  <node id="8692704261" lat="24.6547897" lon="121.6303410"/>
  <node id="8692445951" lat="24.6551277" lon="121.6301562"/>
  <node id="8692445950" lat="24.6557158" lon="121.6298573"/>
  <node id="8692445949" lat="24.6559006" lon="121.6297402"/>
  <node id="8692445948" lat="24.6560041" lon="121.6296451"/>
  <node id="11006277294" lat="24.6561009" lon="121.6295410"/>
  <node id="11006277295" lat="24.6561419" lon="121.6294712"/>
  <node id="11006277296" lat="24.6561737" lon="121.6293949"/>
  <node id="11006277297" lat="24.6561912" lon="121.6293353"/>
  <node id="11006277298" lat="24.6561917" lon="121.6293073"/>
  <node id="8692445947" lat="24.6561840" lon="121.6292729"/>
  <node id="8692699031" lat="24.6615868" lon="121.6271808"/>
  <node id="8692699032" lat="24.6615844" lon="121.6272935"/>
  <node id="8692699033" lat="24.6615332" lon="121.6273981"/>
  <node id="8692699034" lat="24.6615259" lon="121.6276234"/>
  <node id="8692699040" lat="24.6623283" lon="121.6291945"/>
  <node id="8692699041" lat="24.6622932" lon="121.6292291"/>
  <node id="8692699042" lat="24.6622895" lon="121.6292555"/>
  <node id="8692699043" lat="24.6622599" lon="121.6293063"/>
  <node id="8692699044" lat="24.6622230" lon="121.6293165"/>
  <node id="8692699045" lat="24.6621620" lon="121.6293470"/>
  <node id="8692699046" lat="24.6621288" lon="121.6293632"/>
  <node id="8692699048" lat="24.6629213" lon="121.6286497"/>
  <node id="8692699049" lat="24.6630728" lon="121.6289282"/>
  <node id="8692699050" lat="24.6632150" lon="121.6289628"/>
  <node id="8692699051" lat="24.6632538" lon="121.6290014"/>
  <node id="8692699052" lat="24.6638301" lon="121.6290725"/>
  <node id="8692699053" lat="24.6640315" lon="121.6290827"/>
  <node id="8692699054" lat="24.6641959" lon="121.6291721"/>
  <node id="8692699055" lat="24.6641867" lon="121.6293510"/>
  <node id="8692699056" lat="24.6643455" lon="121.6294140"/>
  <node id="8692699057" lat="24.6645303" lon="121.6294140"/>
  <node id="8692699058" lat="24.6645524" lon="121.6290502"/>
  <node id="8692699059" lat="24.6645617" lon="121.6288672"/>
  <node id="8692699060" lat="24.6645524" lon="121.6286070"/>
  <node id="8692699061" lat="24.6645340" lon="121.6285115"/>
  <node id="11840665234" lat="24.6645377" lon="121.6285059"/>
  <node id="8692699064" lat="24.6631744" lon="121.6286192"/>
  <node id="8692699062" lat="24.6645838" lon="121.6284363"/>
  <node id="8692699065" lat="24.6646337" lon="121.6286436"/>
  <node id="8692699066" lat="24.6646337" lon="121.6287249"/>
  <node id="8692699067" lat="24.6646670" lon="121.6289567"/>
  <node id="8692699068" lat="24.6647686" lon="121.6292453"/>
  <node id="8692699069" lat="24.6647833" lon="121.6295502"/>
  <node id="8692699070" lat="24.6648074" lon="121.6298816"/>
  <node id="8692699071" lat="24.6648314" lon="121.6303918"/>
  <node id="8692699072" lat="24.6649145" lon="121.6313207"/>
  <node id="11840665251" lat="24.6649168" lon="121.6313565"/>
  <node id="11840665253" lat="24.6649197" lon="121.6314008"/>
  <node id="8692699074" lat="24.6610827" lon="121.6279164"/>
  <node id="8692699075" lat="24.6610799" lon="121.6281598"/>
  <node id="8692699076" lat="24.6612451" lon="121.6281752"/>
  <node id="8692699078" lat="24.6605087" lon="121.6278949"/>
  <node id="8692699079" lat="24.6605759" lon="121.6282430"/>
  <node id="8692699082" lat="24.6602987" lon="121.6290503"/>
  <node id="8692699083" lat="24.6603631" lon="121.6290503"/>
  <node id="8692699084" lat="24.6604275" lon="121.6290626"/>
  <node id="8692699085" lat="24.6605087" lon="121.6290903"/>
  <node id="8692699086" lat="24.6605759" lon="121.6291427"/>
  <node id="8692699087" lat="24.6606235" lon="121.6291858"/>
  <node id="8692699090" lat="24.6583548" lon="121.6254602"/>
  <node id="8692699091" lat="24.6583294" lon="121.6256190"/>
  <node id="8692699096" lat="24.6597344" lon="121.6268262"/>
  <node id="8692699097" lat="24.6597127" lon="121.6269126"/>
  <node id="8692699098" lat="24.6596901" lon="121.6269445"/>
  <node id="8692699099" lat="24.6596258" lon="121.6269639"/>
  <node id="8692699100" lat="24.6594988" lon="121.6269622"/>
  <node id="8692699102" lat="24.6599893" lon="121.6260862"/>
  <node id="8692699103" lat="24.6598928" lon="121.6261464"/>
  <node id="8692699104" lat="24.6598301" lon="121.6261729"/>
  <node id="8692699105" lat="24.6597979" lon="121.6261800"/>
  <node id="8692699106" lat="24.6597657" lon="121.6261906"/>
  <node id="8692699107" lat="24.6597464" lon="121.6261765"/>
  <node id="8692699108" lat="24.6596982" lon="121.6261269"/>
  <node id="8692699109" lat="24.6596403" lon="121.6260013"/>
  <node id="7760307462" lat="24.6615545" lon="121.6230476"/>
  <node id="8692699111" lat="24.6626570" lon="121.6274219"/>
  <node id="8692699112" lat="24.6624872" lon="121.6273986"/>
  <node id="8692699114" lat="24.6597137" lon="121.6210306"/>
  <node id="8692699115" lat="24.6594771" lon="121.6213337"/>
  <node id="8692699116" lat="24.6592271" lon="121.6211443"/>
  <node id="13844667383" lat="24.6591455" lon="121.6211327"/>
  <node id="8692704224" lat="24.6584636" lon="121.6197718"/>
  <node id="8692704223" lat="24.6583447" lon="121.6197468"/>
  <node id="8692704222" lat="24.6582023" lon="121.6196655"/>
  <node id="8692704221" lat="24.6580521" lon="121.6195257"/>
  <node id="8692704220" lat="24.6579805" lon="121.6193731"/>
  <node id="8692704219" lat="24.6579169" lon="121.6191806"/>
  <node id="8692704218" lat="24.6578501" lon="121.6190643"/>
  <node id="8692704217" lat="24.6577345" lon="121.6189440"/>
  <node id="13844667373" lat="24.6576744" lon="121.6188160"/>
  <node id="13844667372" lat="24.6576756" lon="121.6187449"/>
  <node id="13844667371" lat="24.6576689" lon="121.6186222"/>
  <node id="13844667370" lat="24.6575799" lon="121.6184049"/>
  <node id="13844667369" lat="24.6574830" lon="121.6182648"/>
  <node id="13844667368" lat="24.6574336" lon="121.6181695"/>
  <node id="13844667367" lat="24.6574135" lon="121.6181193"/>
  <node id="13844667366" lat="24.6574257" lon="121.6180509"/>
  <node id="13844667365" lat="24.6576713" lon="121.6178007"/>
  <node id="13844667364" lat="24.6577694" lon="121.6176378"/>
  <node id="13844667363" lat="24.6577780" lon="121.6175674"/>
  <node id="13844667362" lat="24.6577743" lon="121.6174521"/>
  <node id="13844667361" lat="24.6577481" lon="121.6173575"/>
  <node id="8692704229" lat="24.6608103" lon="121.6212713"/>
  <node id="8692704230" lat="24.6608611" lon="121.6208317"/>
  <node id="13844667384" lat="24.6608298" lon="121.6207753"/>
  <node id="8692704231" lat="24.6607354" lon="121.6207128"/>
  <node id="8692704232" lat="24.6607700" lon="121.6205008"/>
  <node id="8692704243" lat="24.6566623" lon="121.6312259"/>
  <node id="8692704246" lat="24.6565104" lon="121.6311500"/>
  <node id="8692704248" lat="24.6564918" lon="121.6311463"/>
  <node id="8692704247" lat="24.6563486" lon="121.6311179"/>
  <node id="8692704244" lat="24.6562334" lon="121.6311045"/>
  <node id="8692704249" lat="24.6565243" lon="121.6314197"/>
  <node id="8692704250" lat="24.6565031" lon="121.6317303"/>
  <node id="8692704251" lat="24.6562360" lon="121.6310697"/>
  <node id="8692704245" lat="24.6558559" lon="121.6310625"/>
  <node id="11006277301" lat="24.6562152" lon="121.6293600"/>
  <node id="11006277300" lat="24.6562293" lon="121.6293857"/>
  <node id="11006277299" lat="24.6562464" lon="121.6294481"/>
  <node id="8692704233" lat="24.6562540" lon="121.6295227"/>
  <node id="8692704242" lat="24.6562506" lon="121.6296168"/>
  <node id="8692704234" lat="24.6562378" lon="121.6299067"/>
  <node id="8692704235" lat="24.6562421" lon="121.6301659"/>
  <node id="8692704260" lat="24.6562433" lon="121.6301852"/>
  <node id="8692704236" lat="24.6562484" lon="121.6302639"/>
  <node id="8692704237" lat="24.6562612" lon="121.6305558"/>
  <node id="8692704238" lat="24.6562527" lon="121.6308477"/>
  <node id="8692704239" lat="24.6562315" lon="121.6311302"/>
  <node id="8692704240" lat="24.6562378" lon="121.6313637"/>
  <node id="8692704241" lat="24.6562612" lon="121.6316532"/>
  <node id="8692704252" lat="24.6559323" lon="121.6299767"/>
  <node id="8692704253" lat="24.6557646" lon="121.6301799"/>
  <node id="8692704254" lat="24.6556479" lon="121.6305184"/>
  <node id="8692704255" lat="24.6555970" lon="121.6308033"/>
  <node id="8692704256" lat="24.6565505" lon="121.6296360"/>
  <node id="8692704257" lat="24.6564341" lon="121.6299978"/>
  <node id="8692704258" lat="24.6563935" lon="121.6301279"/>
  <node id="8692704259" lat="24.6563307" lon="121.6301889"/>
  <node id="8692704262" lat="24.6545862" lon="121.6313522"/>
  <node id="8692704283" lat="24.6545451" lon="121.6314728"/>
  <node id="8692704263" lat="24.6545350" lon="121.6315024"/>
  <node id="8692704264" lat="24.6545057" lon="121.6316848"/>
  <node id="8692704265" lat="24.6545520" lon="121.6318967"/>
  <node id="8692704266" lat="24.6546227" lon="121.6320657"/>
  <node id="8692704267" lat="24.6546520" lon="121.6321944"/>
  <node id="8692704268" lat="24.6546227" lon="121.6323125"/>
  <node id="8692704269" lat="24.6545545" lon="121.6324734"/>
  <node id="8692704270" lat="24.6545520" lon="121.6326504"/>
  <node id="8692704271" lat="24.6545008" lon="121.6327121"/>
  <node id="8692704272" lat="24.6543497" lon="121.6327899"/>
  <node id="8692704276" lat="24.6543109" lon="121.6328020"/>
  <node id="8692704273" lat="24.6541693" lon="121.6328462"/>
  <node id="8692704274" lat="24.6540060" lon="121.6328918"/>
  <node id="8692704275" lat="24.6537330" lon="121.6328489"/>
  <node id="8692704277" lat="24.6543509" lon="121.6329709"/>
  <node id="8692704278" lat="24.6543847" lon="121.6330957"/>
  <node id="8692704279" lat="24.6545151" lon="121.6330904"/>
  <node id="8692704280" lat="24.6547468" lon="121.6331011"/>
  <node id="8692704281" lat="24.6541482" lon="121.6315713"/>
  <node id="8692704282" lat="24.6543461" lon="121.6314783"/>
  <node id="8692704284" lat="24.6547347" lon="121.6314783"/>
  <node id="8692704285" lat="24.6548120" lon="121.6315261"/>
  <node id="8692704286" lat="24.6548699" lon="121.6316855"/>
  <node id="8692704287" lat="24.6549375" lon="121.6319404"/>
  <node id="8692704288" lat="24.6549327" lon="121.6320068"/>
  <node id="8692704290" lat="24.6514153" lon="121.6329109"/>
  <node id="8692704291" lat="24.6515395" lon="121.6330370"/>
  <node id="8692704292" lat="24.6517370" lon="121.6331071"/>
  <node id="8692704294" lat="24.6522753" lon="121.6324903"/>
  <node id="8692704295" lat="24.6523262" lon="121.6326340"/>
  <node id="8692704299" lat="24.6523812" lon="121.6326874"/>
  <node id="8692704296" lat="24.6524362" lon="121.6326920"/>
  <node id="8692704300" lat="24.6524883" lon="121.6326986"/>
  <node id="8692704301" lat="24.6525140" lon="121.6327154"/>
  <node id="8692704297" lat="24.6525237" lon="121.6327357"/>
  <node id="8692704298" lat="24.6525842" lon="121.6329529"/>
  <node id="8692704303" lat="24.6494264" lon="121.6344798"/>
  <node id="8692704304" lat="24.6490442" lon="121.6348092"/>
  <node id="8692704305" lat="24.6486333" lon="121.6349950"/>
  <node id="8692704306" lat="24.6483817" lon="121.6349879"/>
  <node id="8692704307" lat="24.6482128" lon="121.6349424"/>
  <node id="8692704308" lat="24.6480058" lon="121.6349424"/>
  <node id="8692704309" lat="24.6477733" lon="121.6349704"/>
  <node id="8692704310" lat="24.6477128" lon="121.6350615"/>
  <node id="8692704311" lat="24.6476363" lon="121.6351316"/>
  <node id="8692704312" lat="24.6476363" lon="121.6353454"/>
  <node id="8692704313" lat="24.6476363" lon="121.6355136"/>
  <node id="8692704314" lat="24.6476045" lon="121.6355417"/>
  <node id="8692704315" lat="24.6475216" lon="121.6355452"/>
  <node id="8692704316" lat="24.6472573" lon="121.6353629"/>
  <node id="8692704317" lat="24.6471139" lon="121.6351912"/>
  <node id="8692704318" lat="24.6471044" lon="121.6350861"/>
  <node id="8692704319" lat="24.6471171" lon="121.6350230"/>
  <node id="8692704320" lat="24.6472859" lon="121.6349108"/>
  <node id="8692704321" lat="24.6473592" lon="121.6347952"/>
  <node id="8692704322" lat="24.6473592" lon="121.6345989"/>
  <node id="8692704351" lat="24.6473590" lon="121.6345446"/>
  <node id="8692704323" lat="24.6473369" lon="121.6344903"/>
  <node id="8692704352" lat="24.6473087" lon="121.6344693"/>
  <node id="8692704350" lat="24.6472772" lon="121.6344758"/>
  <node id="8692704349" lat="24.6472175" lon="121.6345136"/>
  <node id="8692704324" lat="24.6470980" lon="121.6346254"/>
  <node id="8692704353" lat="24.6470518" lon="121.6346253"/>
  <node id="8692704325" lat="24.6469892" lon="121.6345769"/>
  <node id="8692704326" lat="24.6468846" lon="121.6347315"/>
  <node id="8692704354" lat="24.6468340" lon="121.6347682"/>
  <node id="8692704327" lat="24.6467834" lon="121.6347607"/>
  <node id="8692704355" lat="24.6467700" lon="121.6347285"/>
  <node id="8692704328" lat="24.6467859" lon="121.6346760"/>
  <node id="8692704329" lat="24.6468432" lon="121.6344658"/>
  <node id="8692704330" lat="24.6468336" lon="121.6344167"/>
  <node id="8692704331" lat="24.6467891" lon="121.6344167"/>
  <node id="8692704332" lat="24.6467827" lon="121.6344658"/>
  <node id="8692704333" lat="24.6466839" lon="121.6346165"/>
  <node id="8692704334" lat="24.6465693" lon="121.6346901"/>
  <node id="8692704335" lat="24.6464896" lon="121.6347286"/>
  <node id="8692704336" lat="24.6464514" lon="121.6347847"/>
  <node id="8692704337" lat="24.6464737" lon="121.6348653"/>
  <node id="8692704338" lat="24.6465374" lon="121.6349809"/>
  <node id="8692704339" lat="24.6465852" lon="121.6351071"/>
  <node id="8692704340" lat="24.6465597" lon="121.6351842"/>
  <node id="8692704341" lat="24.6465151" lon="121.6352192"/>
  <node id="8692704342" lat="24.6464578" lon="121.6352508"/>
  <node id="8692704343" lat="24.6463909" lon="121.6352508"/>
  <node id="8692704344" lat="24.6461616" lon="121.6351982"/>
  <node id="8692704348" lat="24.6461287" lon="121.6352151"/>
  <node id="8692704345" lat="24.6461138" lon="121.6352473"/>
  <node id="8692704346" lat="24.6461074" lon="121.6353279"/>
  <node id="8692704347" lat="24.6461393" lon="121.6355417"/>
  <node id="8692704356" lat="24.6474159" lon="121.6356711"/>
  <node id="8692704357" lat="24.6473632" lon="121.6360464"/>
  <node id="8692704358" lat="24.6474991" lon="121.6362203"/>
  <node id="8692704359" lat="24.6475324" lon="121.6363027"/>
  <node id="8692704360" lat="24.6475351" lon="121.6363454"/>
  <node id="8692704361" lat="24.6475185" lon="121.6363820"/>
  <node id="8692704362" lat="24.6474908" lon="121.6363698"/>
  <node id="8692704363" lat="24.6474131" lon="121.6363210"/>
  <node id="8692704364" lat="24.6472967" lon="121.6361928"/>
  <node id="8692704365" lat="24.6472190" lon="121.6361928"/>
  <node id="8692704366" lat="24.6471469" lon="121.6362294"/>
  <node id="8692704367" lat="24.6470665" lon="121.6362874"/>
  <node id="8692704368" lat="24.6470665" lon="121.6363240"/>
  <node id="8692704369" lat="24.6470887" lon="121.6363606"/>
  <node id="8692704370" lat="24.6471164" lon="121.6364247"/>
  <node id="8692704371" lat="24.6471552" lon="121.6367847"/>
  <node id="8692704372" lat="24.6472856" lon="121.6369677"/>
  <node id="8692704373" lat="24.6473105" lon="121.6370898"/>
  <node id="8692704374" lat="24.6472689" lon="121.6374955"/>
  <node id="8692704375" lat="24.6470138" lon="121.6377915"/>
  <node id="8692704376" lat="24.6468863" lon="121.6379288"/>
  <node id="8692704377" lat="24.6467199" lon="121.6379379"/>
  <node id="8692704378" lat="24.6465840" lon="121.6379318"/>
  <node id="8692704379" lat="24.6464010" lon="121.6378494"/>
  <node id="8692704380" lat="24.6463040" lon="121.6378220"/>
  <node id="8692704381" lat="24.6461820" lon="121.6378433"/>
  <node id="8692704382" lat="24.6461071" lon="121.6378860"/>
  <node id="8692704383" lat="24.6460572" lon="121.6378860"/>
  <node id="8692704384" lat="24.6460322" lon="121.6378616"/>
  <node id="8692704385" lat="24.6460045" lon="121.6377610"/>
  <node id="8692704386" lat="24.6461431" lon="121.6375566"/>
  <node id="8692704387" lat="24.6463400" lon="121.6374193"/>
  <node id="8692704388" lat="24.6464204" lon="121.6373277"/>
  <node id="8692704389" lat="24.6464204" lon="121.6372820"/>
  <node id="8692704390" lat="24.6463677" lon="121.6372454"/>
  <node id="8692704391" lat="24.6462901" lon="121.6372759"/>
  <node id="8692704392" lat="24.6461764" lon="121.6373064"/>
  <node id="8692704393" lat="24.6460627" lon="121.6373064"/>
  <node id="8692704394" lat="24.6459546" lon="121.6373186"/>
  <node id="8692704395" lat="24.6459296" lon="121.6373674"/>
  <node id="8692704396" lat="24.6458825" lon="121.6374223"/>
  <node id="8692704397" lat="24.6458298" lon="121.6374284"/>
  <node id="8692704398" lat="24.6458104" lon="121.6374010"/>
  <node id="8692704399" lat="24.6457938" lon="121.6372995"/>
  <node id="8692704400" lat="24.6458121" lon="121.6371747"/>
  <node id="8692704401" lat="24.6458779" lon="121.6371062"/>
  <node id="8692704402" lat="24.6459913" lon="121.6370901"/>
  <node id="8692704403" lat="24.6461377" lon="121.6370861"/>
  <node id="8692704404" lat="24.6461743" lon="121.6370619"/>
  <node id="8692704405" lat="24.6461743" lon="121.6370096"/>
  <node id="8692704406" lat="24.6461633" lon="121.6369573"/>
  <node id="8692704407" lat="24.6460974" lon="121.6369492"/>
  <node id="8692704408" lat="24.6459730" lon="121.6368647"/>
  <node id="8692704409" lat="24.6458358" lon="121.6365693"/>
  <node id="8692704410" lat="24.6457875" lon="121.6363409"/>
  <node id="8692704411" lat="24.6457440" lon="121.6362878"/>
  <node id="8692704412" lat="24.6456523" lon="121.6362240"/>
  <node id="8692704413" lat="24.6454785" lon="121.6362294"/>
  <node id="8692704414" lat="24.6452226" lon="121.6363568"/>
  <node id="8692704415" lat="24.6448750" lon="121.6362453"/>
  <node id="8692704416" lat="24.6446433" lon="121.6360222"/>
  <node id="8692704417" lat="24.6445419" lon="121.6359797"/>
  <node id="8692704418" lat="24.6443246" lon="121.6359372"/>
  <node id="8692704419" lat="24.6441701" lon="121.6358522"/>
  <node id="8692704420" lat="24.6440639" lon="121.6356875"/>
  <node id="8692704421" lat="24.6440131" lon="121.6356253"/>
  <node id="8692704422" lat="24.6439729" lon="121.6356253"/>
  <node id="8692704423" lat="24.6439538" lon="121.6356783"/>
  <node id="8692704424" lat="24.6439538" lon="121.6357448"/>
  <node id="8692704425" lat="24.6440306" lon="121.6358796"/>
  <node id="8692704426" lat="24.6442300" lon="121.6361232"/>
  <node id="8692704427" lat="24.6443526" lon="121.6361836"/>
  <node id="8692704428" lat="24.6444478" lon="121.6362782"/>
  <node id="8692704429" lat="24.6444935" lon="121.6363245"/>
  <node id="8692704430" lat="24.6445008" lon="121.6363929"/>
  <node id="8692704431" lat="24.6445008" lon="121.6365378"/>
  <node id="8692704432" lat="24.6444880" lon="121.6365841"/>
  <node id="8692704433" lat="24.6444587" lon="121.6365861"/>
  <node id="8692704434" lat="24.6444349" lon="121.6365680"/>
  <node id="8692704435" lat="24.6443636" lon="121.6364331"/>
  <node id="8692704436" lat="24.6442813" lon="121.6363365"/>
  <node id="8692704437" lat="24.6442429" lon="121.6363224"/>
  <node id="8692704438" lat="24.6441697" lon="121.6363144"/>
  <node id="8692704439" lat="24.6439831" lon="121.6362158"/>
  <node id="8692704440" lat="24.6436940" lon="121.6360749"/>
  <node id="8692704441" lat="24.6435056" lon="121.6358575"/>
  <node id="8692704442" lat="24.6434964" lon="121.6356542"/>
  <node id="8692704443" lat="24.6434964" lon="121.6354167"/>
  <node id="8692704444" lat="24.6434617" lon="121.6352577"/>
  <node id="8692704445" lat="24.6434635" lon="121.6351832"/>
  <node id="8692704446" lat="24.6434690" lon="121.6351369"/>
  <node id="8692704447" lat="24.6434909" lon="121.6350564"/>
  <node id="8692704448" lat="24.6434836" lon="121.6350302"/>
  <node id="8692704449" lat="24.6434617" lon="121.6350181"/>
  <node id="8692704450" lat="24.6434123" lon="121.6350262"/>
  <node id="8692704451" lat="24.6433830" lon="121.6350665"/>
  <node id="8692704452" lat="24.6433336" lon="121.6351751"/>
  <node id="8692704453" lat="24.6433336" lon="121.6353221"/>
  <node id="8692704454" lat="24.6433336" lon="121.6354207"/>
  <node id="8692704455" lat="24.6433171" lon="121.6354690"/>
  <node id="8692704456" lat="24.6432879" lon="121.6355052"/>
  <node id="8692704457" lat="24.6431726" lon="121.6356401"/>
  <node id="8692704458" lat="24.6431196" lon="121.6356723"/>
  <node id="8692704459" lat="24.6431013" lon="121.6357005"/>
  <node id="8692704460" lat="24.6430976" lon="121.6357528"/>
  <node id="8692704461" lat="24.6430976" lon="121.6358957"/>
  <node id="8692704462" lat="24.6431305" lon="121.6359581"/>
  <node id="8692704463" lat="24.6431452" lon="121.6360487"/>
  <node id="8692704464" lat="24.6431287" lon="121.6361554"/>
  <node id="8692704465" lat="24.6430738" lon="121.6362379"/>
  <node id="8692704466" lat="24.6430336" lon="121.6362278"/>
  <node id="8692704491" lat="24.6429448" lon="121.6361869"/>
  <node id="8692704467" lat="24.6428561" lon="121.6360950"/>
  <node id="8692704468" lat="24.6427902" lon="121.6359803"/>
  <node id="8692704469" lat="24.6427848" lon="121.6355656"/>
  <node id="8692704470" lat="24.6426238" lon="121.6353362"/>
  <node id="8692704471" lat="24.6425305" lon="121.6352355"/>
  <node id="8692704472" lat="24.6424975" lon="121.6352174"/>
  <node id="8692704473" lat="24.6424591" lon="121.6352174"/>
  <node id="8692704474" lat="24.6424262" lon="121.6352416"/>
  <node id="8692704475" lat="24.6423896" lon="121.6352798"/>
  <node id="8692704476" lat="24.6422341" lon="121.6357065"/>
  <node id="8692704477" lat="24.6421719" lon="121.6358394"/>
  <node id="8692704478" lat="24.6421609" lon="121.6359058"/>
  <node id="8692704479" lat="24.6421609" lon="121.6359440"/>
  <node id="8692704480" lat="24.6421719" lon="121.6360185"/>
  <node id="8692704481" lat="24.6424628" lon="121.6364875"/>
  <node id="8692704482" lat="24.6425689" lon="121.6366022"/>
  <node id="8692704483" lat="24.6426402" lon="121.6367532"/>
  <node id="8692704484" lat="24.6427134" lon="121.6369343"/>
  <node id="8692704485" lat="24.6427610" lon="121.6370430"/>
  <node id="8692704486" lat="24.6427738" lon="121.6371034"/>
  <node id="8692704487" lat="24.6427738" lon="121.6371779"/>
  <node id="8692704488" lat="24.6427610" lon="121.6372363"/>
  <node id="8692704489" lat="24.6426969" lon="121.6372644"/>
  <node id="8692704490" lat="24.6423841" lon="121.6373329"/>
  <node id="8692445896" lat="24.6481063" lon="121.6314559"/>
  <node id="8692445897" lat="24.6481127" lon="121.6315415"/>
  <node id="8692445898" lat="24.6480821" lon="121.6315853"/>
  <node id="8692445899" lat="24.6480120" lon="121.6315839"/>
  <node id="8692445900" lat="24.6477993" lon="121.6315435"/>
  <node id="8692445901" lat="24.6476408" lon="121.6315915"/>
  <node id="8692445902" lat="24.6475865" lon="121.6316362"/>
  <node id="11006277279" lat="24.6473854" lon="121.6319334"/>
  <node id="8692445903" lat="24.6473131" lon="121.6319697"/>
  <node id="8692445904" lat="24.6472424" lon="121.6319832"/>
  <node id="8692445905" lat="24.6471449" lon="121.6319832"/>
  <node id="8692445906" lat="24.6471132" lon="121.6319992"/>
  <node id="8692445907" lat="24.6471108" lon="121.6320288"/>
  <node id="8692445908" lat="24.6471522" lon="121.6320663"/>
  <node id="8692445909" lat="24.6472327" lon="121.6321119"/>
  <node id="8692445910" lat="24.6472375" lon="121.6321494"/>
  <node id="8692445911" lat="24.6472107" lon="121.6321897"/>
  <node id="8692445912" lat="24.6471425" lon="121.6321897"/>
  <node id="8692445913" lat="24.6470596" lon="121.6321897"/>
  <node id="8692445914" lat="24.6470157" lon="121.6322299"/>
  <node id="8692445915" lat="24.6468109" lon="121.6326966"/>
  <node id="8692445916" lat="24.6468085" lon="121.6329487"/>
  <node id="8692445917" lat="24.6469952" lon="121.6330110"/>
  <node id="8692445918" lat="24.6475809" lon="121.6330110"/>
  <node id="11006439252" lat="24.6478704" lon="121.6329936"/>
  <node id="8692445919" lat="24.6486675" lon="121.6329456"/>
  <node id="8692445920" lat="24.6487524" lon="121.6329923"/>
  <node id="8692704518" lat="24.6487650" lon="121.6330219"/>
  <node id="8692704529" lat="24.6500402" lon="121.6329875"/>
  <node id="8692704528" lat="24.6499820" lon="121.6331401"/>
  <node id="8692704527" lat="24.6499487" lon="121.6331675"/>
  <node id="8692704519" lat="24.6498655" lon="121.6332011"/>
  <node id="8692704520" lat="24.6496992" lon="121.6331370"/>
  <node id="8692704521" lat="24.6496687" lon="121.6331980"/>
  <node id="8692704522" lat="24.6496160" lon="121.6334452"/>
  <node id="8692704526" lat="24.6495310" lon="121.6336762"/>
  <node id="8692704525" lat="24.6495006" lon="121.6337589"/>
  <node id="8692704523" lat="24.6494690" lon="121.6338448"/>
  <node id="8692704530" lat="24.6526291" lon="121.6285245"/>
  <node id="8692704531" lat="24.6525559" lon="121.6289096"/>
  <node id="8692704532" lat="24.6525998" lon="121.6291109"/>
  <node id="8692704533" lat="24.6526108" lon="121.6294088"/>
  <node id="8692704535" lat="24.6549017" lon="121.6277609"/>
  <node id="8692704536" lat="24.6545259" lon="121.6279046"/>
  <node id="8692704537" lat="24.6546055" lon="121.6282270"/>
  <node id="8692704538" lat="24.6544845" lon="121.6282936"/>
  <node id="8692704539" lat="24.6546915" lon="121.6290856"/>
  <node id="8692704540" lat="24.6548157" lon="121.6292398"/>
  <node id="8692704541" lat="24.6548579" lon="121.6292890"/>
  <node id="11006424958" lat="24.6548774" lon="121.6293475"/>
  <node id="8692704542" lat="24.6548762" lon="121.6293940"/>
  <node id="8692704543" lat="24.6548490" lon="121.6294509"/>
  <node id="8692704544" lat="24.6548407" lon="121.6295221"/>
  <node id="11006424954" lat="24.6548519" lon="121.6296123"/>
  <node id="8692704575" lat="24.6535479" lon="121.6253261"/>
  <node id="8692704574" lat="24.6536469" lon="121.6254563"/>
  <node id="8692704573" lat="24.6537048" lon="121.6255970"/>
  <node id="8692704572" lat="24.6537459" lon="121.6259237"/>
  <node id="8692704571" lat="24.6537966" lon="121.6261255"/>
  <node id="8692704576" lat="24.6538412" lon="121.6262012"/>
  <node id="8692704570" lat="24.6538955" lon="121.6262663"/>
  <node id="11006351402" lat="24.6540703" lon="121.6264031"/>
  <node id="8692704569" lat="24.6541466" lon="121.6264628"/>
  <node id="8692704568" lat="24.6543831" lon="121.6265850"/>
  <node id="8692704546" lat="24.6547467" lon="121.6266851"/>
  <node id="8692704547" lat="24.6548836" lon="121.6267096"/>
  <node id="8692704554" lat="24.6551573" lon="121.6268497"/>
  <node id="8692704567" lat="24.6552697" lon="121.6268998"/>
  <node id="8692704548" lat="24.6556605" lon="121.6270682"/>
  <node id="8692704549" lat="24.6560780" lon="121.6272283"/>
  <node id="8692704550" lat="24.6562468" lon="121.6273860"/>
  <node id="8692704551" lat="24.6563710" lon="121.6275332"/>
  <node id="8692704552" lat="24.6564953" lon="121.6277364"/>
  <node id="8692704553" lat="24.6567087" lon="121.6279548"/>
  <node id="8692704555" lat="24.6549696" lon="121.6269094"/>
  <node id="8692704556" lat="24.6545779" lon="121.6271021"/>
  <node id="8692704557" lat="24.6545269" lon="121.6271301"/>
  <node id="8692704558" lat="24.6545658" lon="121.6262365"/>
  <node id="8692704559" lat="24.6546894" lon="121.6261524"/>
  <node id="8692704560" lat="24.6547658" lon="121.6261524"/>
  <node id="8692704561" lat="24.6548136" lon="121.6261979"/>
  <node id="8692704562" lat="24.6548741" lon="121.6262856"/>
  <node id="8692704563" lat="24.6549951" lon="121.6263486"/>
  <node id="8692704564" lat="24.6551066" lon="121.6263451"/>
  <node id="8692704565" lat="24.6551958" lon="121.6264082"/>
  <node id="8692704566" lat="24.6552658" lon="121.6265239"/>
  <node id="4526551152" lat="24.6566145" lon="121.6283900"/>
  <node id="4526551151" lat="24.6564146" lon="121.6287601"/>
  <node id="11006277280" lat="24.6563325" lon="121.6289026"/>
  <node id="4526551150" lat="24.6562698" lon="121.6289970"/>
  <node id="11006277293" lat="24.6561688" lon="121.6291209"/>
  <node id="987453092" lat="24.6524868" lon="121.6150970"/>
  <node id="8692704577" lat="24.6523694" lon="121.6154914"/>
  <node id="8692704578" lat="24.6526707" lon="121.6160004"/>
  <node id="8692704579" lat="24.6527853" lon="121.6162386"/>
  <node id="8692704580" lat="24.6529806" lon="121.6163647"/>
  <node id="8692704581" lat="24.6531800" lon="121.6167476"/>
  <node id="8692704582" lat="24.6532946" lon="121.6169998"/>
  <node id="8692704583" lat="24.6532946" lon="121.6173034"/>
  <node id="8692704584" lat="24.6532522" lon="121.6175088"/>
  <node id="8692704585" lat="24.6531546" lon="121.6175882"/>
  <node id="8692704586" lat="24.6531206" lon="121.6176536"/>
  <node id="8692704587" lat="24.6531206" lon="121.6177563"/>
  <node id="8692704588" lat="24.6532182" lon="121.6178497"/>
  <node id="8692704589" lat="24.6535917" lon="121.6178638"/>
  <node id="8692704590" lat="24.6537870" lon="121.6181766"/>
  <node id="8692704591" lat="24.6539568" lon="121.6183588"/>
  <node id="8692704592" lat="24.6539992" lon="121.6184802"/>
  <node id="8692704593" lat="24.6541435" lon="121.6186016"/>
  <node id="8692704594" lat="24.6541902" lon="121.6193535"/>
  <node id="8692704595" lat="24.6540459" lon="121.6194749"/>
  <node id="8692704596" lat="24.6538973" lon="121.6196757"/>
  <node id="8692704597" lat="24.6538252" lon="121.6198438"/>
  <node id="8692704598" lat="24.6537912" lon="121.6199466"/>
  <node id="8692704599" lat="24.6539992" lon="121.6202595"/>
  <node id="8692704600" lat="24.6544279" lon="121.6209179"/>
  <node id="8692704601" lat="24.6545892" lon="121.6212682"/>
  <node id="8692704602" lat="24.6546571" lon="121.6214410"/>
  <node id="8692704603" lat="24.6548141" lon="121.6220294"/>
  <node id="8692704604" lat="24.6548396" lon="121.6223610"/>
  <node id="8692704605" lat="24.6548141" lon="121.6223937"/>
  <node id="8692704606" lat="24.6545976" lon="121.6222816"/>
  <node id="8692704608" lat="24.6545217" lon="121.6222778"/>
  <node id="11006708240" lat="24.6544787" lon="121.6223087"/>
  <node id="8692704607" lat="24.6544576" lon="121.6223610"/>
  <node id="11006708239" lat="24.6544831" lon="121.6225024"/>
  <node id="8704933852" lat="24.6568825" lon="121.5754274"/>
  <node id="8704933853" lat="24.6566185" lon="121.5752952"/>
  <node id="8704933854" lat="24.6557154" lon="121.5774889"/>
  <node id="8704933855" lat="24.6558069" lon="121.5778847"/>
  <node id="8704933857" lat="24.6546903" lon="121.5788108"/>
  <node id="8704933858" lat="24.6548560" lon="121.5786606"/>
  <node id="8704933860" lat="24.6551422" lon="121.5787852"/>
  <node id="8704933861" lat="24.6565988" lon="121.5799286"/>
  <node id="8704933862" lat="24.6565294" lon="121.5797925"/>
  <node id="8932944043" lat="24.6609754" lon="121.5876920"/>
  <node id="11019990687" lat="24.6608543" lon="121.5878361"/>
  <node id="8932944044" lat="24.6607492" lon="121.5879258"/>
  <node id="8932944045" lat="24.6606550" lon="121.5879618"/>
  <node id="8932944046" lat="24.6605359" lon="121.5879816"/>
  <node id="8932944047" lat="24.6602661" lon="121.5879816"/>
  <node id="8932944048" lat="24.6600321" lon="121.5880138"/>
  <node id="8932944049" lat="24.6598549" lon="121.5880163"/>
  <node id="8932944050" lat="24.6595933" lon="121.5879933"/>
  <node id="8932944051" lat="24.6593836" lon="121.5879546"/>
  <node id="8932944052" lat="24.6591910" lon="121.5878853"/>
  <node id="8932944053" lat="24.6590830" lon="121.5878191"/>
  <node id="8932944054" lat="24.6589831" lon="121.5877174"/>
  <node id="8932944055" lat="24.6588986" lon="121.5876502"/>
  <node id="8932944056" lat="24.6588388" lon="121.5876324"/>
  <node id="8932944095" lat="24.6586563" lon="121.5877501"/>
  <node id="8932944060" lat="24.6549908" lon="121.5827404"/>
  <node id="8932944061" lat="24.6550365" lon="121.5828545"/>
  <node id="8932944062" lat="24.6550485" lon="121.5829333"/>
  <node id="8932944063" lat="24.6550323" lon="121.5830412"/>
  <node id="8932944064" lat="24.6549899" lon="121.5831038"/>
  <node id="8932944065" lat="24.6549444" lon="121.5831357"/>
  <node id="8932944066" lat="24.6548930" lon="121.5831540"/>
  <node id="8932944067" lat="24.6548376" lon="121.5831489"/>
  <node id="8932944068" lat="24.6547238" lon="121.5830912"/>
  <node id="8932944069" lat="24.6546415" lon="121.5830212"/>
  <node id="8932944070" lat="24.6545868" lon="121.5829553"/>
  <node id="8932944071" lat="24.6545363" lon="121.5828569"/>
  <node id="8932944072" lat="24.6544576" lon="121.5827266"/>
  <node id="8932944073" lat="24.6543624" lon="121.5825794"/>
  <node id="8932944074" lat="24.6542465" lon="121.5824282"/>
  <node id="8932944075" lat="24.6541332" lon="121.5822969"/>
  <node id="8932944076" lat="24.6540592" lon="121.5821844"/>
  <node id="8932944077" lat="24.6539266" lon="121.5819602"/>
  <node id="8932944078" lat="24.6538375" lon="121.5817745"/>
  <node id="8932944079" lat="24.6537866" lon="121.5816184"/>
  <node id="11019990688" lat="24.6537846" lon="121.5814833"/>
  <node id="11019990689" lat="24.6538206" lon="121.5813013"/>
  <node id="11019990690" lat="24.6538501" lon="121.5811884"/>
  <node id="11019990691" lat="24.6538501" lon="121.5811093"/>
  <node id="11019990692" lat="24.6538193" lon="121.5810487"/>
  <node id="11019990693" lat="24.6537513" lon="121.5810077"/>
  <node id="11019990694" lat="24.6536808" lon="121.5809993"/>
  <node id="11019990695" lat="24.6536118" lon="121.5809739"/>
  <node id="11019990696" lat="24.6535603" lon="121.5809323"/>
  <node id="11019990697" lat="24.6535317" lon="121.5808778"/>
  <node id="11019990698" lat="24.6535226" lon="121.5808337"/>
  <node id="9923564898" lat="24.6652977" lon="121.5945788"/>
  <node id="8932944102" lat="24.6652484" lon="121.5945756"/>
  <node id="8932944103" lat="24.6649723" lon="121.5945584"/>
  <node id="8932944104" lat="24.6646785" lon="121.5945435"/>
  <node id="8932944105" lat="24.6645300" lon="121.5945580"/>
  <node id="11015132266" lat="24.6643762" lon="121.5945983"/>
  <node id="11015132265" lat="24.6642712" lon="121.5946563"/>
  <node id="8932944106" lat="24.6640611" lon="121.5948172"/>
  <node id="8932944107" lat="24.6634918" lon="121.5952693"/>
  <node id="8932944108" lat="24.6654261" lon="121.5945805"/>
  <node id="8932944109" lat="24.6655316" lon="121.5948424"/>
  <node id="8932944110" lat="24.6656551" lon="121.5951678"/>
  <node id="8932944111" lat="24.6657591" lon="121.5955397"/>
  <node id="8932944112" lat="24.6658923" lon="121.5959510"/>
  <node id="8932944113" lat="24.6660028" lon="121.5963408"/>
  <node id="8932944114" lat="24.6660906" lon="121.5967020"/>
  <node id="8932944115" lat="24.6660938" lon="121.5968057"/>
  <node id="8932944116" lat="24.6660776" lon="121.5968665"/>
  <node id="8932944117" lat="24.6660346" lon="121.5969242"/>
  <node id="9923564901" lat="24.6659941" lon="121.5969548"/>
  <node id="9064218613" lat="24.6317650" lon="121.5953690"/>
  <node id="9064218614" lat="24.6320085" lon="121.5954611"/>
  <node id="12162772392" lat="24.6320520" lon="121.5954777"/>
  <node id="12162772391" lat="24.6320810" lon="121.5954944"/>
  <node id="12162772394" lat="24.6320959" lon="121.5955092"/>
  <node id="12162772393" lat="24.6321132" lon="121.5955633"/>
  <node id="12162772389" lat="24.6321202" lon="121.5956448"/>
  <node id="12162772390" lat="24.6320556" lon="121.5956862"/>
  <node id="12162772384" lat="24.6319272" lon="121.5957736"/>
  <node id="12162772397" lat="24.6319150" lon="121.5957920"/>
  <node id="12162772396" lat="24.6319060" lon="121.5958149"/>
  <node id="12162772395" lat="24.6319003" lon="121.5958571"/>
  <node id="12162772387" lat="24.6318934" lon="121.5959794"/>
  <node id="12162772398" lat="24.6318929" lon="121.5960327"/>
  <node id="12162772388" lat="24.6319013" lon="121.5961092"/>
  <node id="12162772399" lat="24.6319228" lon="121.5961984"/>
  <node id="12162772385" lat="24.6319393" lon="121.5962465"/>
  <node id="12162772386" lat="24.6319930" lon="121.5963250"/>
  <node id="12162808201" lat="24.6320311" lon="121.5963595"/>
  <node id="12162772400" lat="24.6320594" lon="121.5963788"/>
  <node id="9064218615" lat="24.6320958" lon="121.5963968"/>
  <node id="12162808203" lat="24.6321582" lon="121.5964316"/>
  <node id="12162808202" lat="24.6322327" lon="121.5964763"/>
  <node id="9064218616" lat="24.6323079" lon="121.5965362"/>
  <node id="12162808205" lat="24.6323611" lon="121.5965593"/>
  <node id="12162808204" lat="24.6324119" lon="121.5965749"/>
  <node id="12162808206" lat="24.6324709" lon="121.5965859"/>
  <node id="12162808207" lat="24.6325227" lon="121.5965877"/>
  <node id="9064226917" lat="24.6325753" lon="121.5965948"/>
  <node id="12162808209" lat="24.6326519" lon="121.5966383"/>
  <node id="12162808210" lat="24.6326959" lon="121.5966794"/>
  <node id="12162808208" lat="24.6327399" lon="121.5967266"/>
  <node id="12162808213" lat="24.6327586" lon="121.5967727"/>
  <node id="12162808214" lat="24.6328001" lon="121.5968302"/>
  <node id="12162808212" lat="24.6328160" lon="121.5968425"/>
  <node id="12162808211" lat="24.6328425" lon="121.5968646"/>
  <node id="12162808215" lat="24.6328787" lon="121.5968790"/>
  <node id="9064226918" lat="24.6330069" lon="121.5969099"/>
  <node id="12162808216" lat="24.6330930" lon="121.5969211"/>
  <node id="12162808217" lat="24.6331288" lon="121.5969200"/>
  <node id="12162808218" lat="24.6331654" lon="121.5969284"/>
  <node id="9064226919" lat="24.6331930" lon="121.5969332"/>
  <node id="12162808220" lat="24.6332313" lon="121.5969273"/>
  <node id="12162808219" lat="24.6332696" lon="121.5969258"/>
  <node id="12162808222" lat="24.6333601" lon="121.5968969"/>
  <node id="12162808223" lat="24.6334014" lon="121.5968936"/>
  <node id="12162808221" lat="24.6334239" lon="121.5968957"/>
  <node id="12162808224" lat="24.6335102" lon="121.5969321"/>
  <node id="9064226920" lat="24.6335501" lon="121.5969685"/>
  <node id="12162808225" lat="24.6336060" lon="121.5970543"/>
  <node id="12162808229" lat="24.6336105" lon="121.5970836"/>
  <node id="12162808226" lat="24.6336102" lon="121.5970968"/>
  <node id="12162808227" lat="24.6336046" lon="121.5971122"/>
  <node id="12162808228" lat="24.6335871" lon="121.5971333"/>
  <node id="9064226921" lat="24.6335729" lon="121.5971437"/>
  <node id="9064226922" lat="24.6335242" lon="121.5971513"/>
  <node id="12162808230" lat="24.6334796" lon="121.5971665"/>
  <node id="12162808233" lat="24.6333688" lon="121.5972179"/>
  <node id="9064226923" lat="24.6333465" lon="121.5972300"/>
  <node id="12162808232" lat="24.6333344" lon="121.5972389"/>
  <node id="12162808231" lat="24.6332915" lon="121.5972854"/>
  <node id="9064226924" lat="24.6332584" lon="121.5973382"/>
  <node id="12162808235" lat="24.6332394" lon="121.5973642"/>
  <node id="12162808236" lat="24.6332238" lon="121.5973719"/>
  <node id="12162808234" lat="24.6331220" lon="121.5974055"/>
  <node id="9064226925" lat="24.6330073" lon="121.5974133"/>
  <node id="12162808237" lat="24.6329729" lon="121.5974332"/>
  <node id="9064226926" lat="24.6329236" lon="121.5975125"/>
  <node id="12162808238" lat="24.6329039" lon="121.5976191"/>
  <node id="12162808239" lat="24.6329074" lon="121.5977346"/>
  <node id="9064226927" lat="24.6329065" lon="121.5977919"/>
  <node id="9064226928" lat="24.6329093" lon="121.5978903"/>
  <node id="12162808240" lat="24.6329524" lon="121.5981301"/>
  <node id="9064226929" lat="24.6329573" lon="121.5981794"/>
  <node id="12162829868" lat="24.6329417" lon="121.5983161"/>
  <node id="12162808241" lat="24.6329244" lon="121.5984671"/>
  <node id="9064226930" lat="24.6329134" lon="121.5987933"/>
  <node id="9064226931" lat="24.6329199" lon="121.5989408"/>
  <node id="9064226932" lat="24.6329499" lon="121.5991594"/>
  <node id="9064226933" lat="24.6329687" lon="121.5992564"/>
  <node id="9064226934" lat="24.6330597" lon="121.5993597"/>
  <node id="12162829870" lat="24.6330942" lon="121.5993896"/>
  <node id="12162808242" lat="24.6331625" lon="121.5994488"/>
  <node id="12162808243" lat="24.6332192" lon="121.5994876"/>
  <node id="9064226935" lat="24.6334112" lon="121.5995528"/>
  <node id="12162808244" lat="24.6334731" lon="121.5995847"/>
  <node id="9064226936" lat="24.6335233" lon="121.5996158"/>
  <node id="12162808245" lat="24.6335780" lon="121.5996534"/>
  <node id="12162808246" lat="24.6336146" lon="121.5996905"/>
  <node id="12162808247" lat="24.6336888" lon="121.5997893"/>
  <node id="9064226937" lat="24.6337248" lon="121.5998254"/>
  <node id="12162808250" lat="24.6337668" lon="121.5998552"/>
  <node id="12162808249" lat="24.6337932" lon="121.5998654"/>
  <node id="12162808248" lat="24.6338510" lon="121.5998784"/>
  <node id="9064226938" lat="24.6339390" lon="121.5998814"/>
  <node id="12162808251" lat="24.6340634" lon="121.5998621"/>
  <node id="9064226939" lat="24.6342580" lon="121.5998116"/>
  <node id="12162829875" lat="24.6343314" lon="121.5997856"/>
  <node id="9064226940" lat="24.6344271" lon="121.5997518"/>
  <node id="9064226941" lat="24.6344498" lon="121.5997379"/>
  <node id="12162808252" lat="24.6345512" lon="121.5996402"/>
  <node id="9064226942" lat="24.6345794" lon="121.5996194"/>
  <node id="12162808253" lat="24.6345938" lon="121.5995912"/>
  <node id="9064226943" lat="24.6346042" lon="121.5995559"/>
  <node id="12162808255" lat="24.6346109" lon="121.5995309"/>
  <node id="12162808254" lat="24.6346128" lon="121.5994352"/>
  <node id="9064226944" lat="24.6346067" lon="121.5993718"/>
  <node id="9064226945" lat="24.6346278" lon="121.5992667"/>
  <node id="12162808256" lat="24.6346778" lon="121.5991567"/>
  <node id="12162808257" lat="24.6347195" lon="121.5990852"/>
  <node id="9064226946" lat="24.6347514" lon="121.5990145"/>
  <node id="12162808259" lat="24.6347876" lon="121.5989196"/>
  <node id="12162808258" lat="24.6348141" lon="121.5987917"/>
  <node id="9064226947" lat="24.6348200" lon="121.5984607"/>
  <node id="9064226948" lat="24.6348261" lon="121.5982725"/>
  <node id="9064226949" lat="24.6348867" lon="121.5980284"/>
  <node id="9064226950" lat="24.6349053" lon="121.5979689"/>
  <node id="9064226951" lat="24.6349785" lon="121.5978241"/>
  <node id="9064226952" lat="24.6352418" lon="121.5973413"/>
  <node id="9064226953" lat="24.6353068" lon="121.5971464"/>
  <node id="9064226954" lat="24.6352792" lon="121.5969783"/>
  <node id="9064186686" lat="24.6352566" lon="121.5969481"/>
  <node id="9064226955" lat="24.6351881" lon="121.5968567"/>
  <node id="9064226956" lat="24.6351443" lon="121.5967029"/>
  <node id="9064226957" lat="24.6352304" lon="121.5965617"/>
  <node id="9064226958" lat="24.6353003" lon="121.5965116"/>
  <node id="9064226959" lat="24.6353897" lon="121.5963632"/>
  <node id="9064226960" lat="24.6354336" lon="121.5962738"/>
  <node id="9064226961" lat="24.6354157" lon="121.5961021"/>
  <node id="9064226962" lat="24.6353556" lon="121.5959483"/>
  <node id="9064226963" lat="24.6352922" lon="121.5958250"/>
  <node id="9064226964" lat="24.6352629" lon="121.5956730"/>
  <node id="9064226965" lat="24.6352694" lon="121.5954763"/>
  <node id="9064226966" lat="24.6351670" lon="121.5952277"/>
  <node id="9064226967" lat="24.6350370" lon="121.5950650"/>
  <node id="9064226968" lat="24.6349265" lon="121.5949005"/>
  <node id="9064226969" lat="24.6349606" lon="121.5947092"/>
  <node id="9064226970" lat="24.6349931" lon="121.5946662"/>
  <node id="9064226971" lat="24.6351150" lon="121.5947467"/>
  <node id="9064226972" lat="24.6352304" lon="121.5948755"/>
  <node id="9064226973" lat="24.6353344" lon="121.5948111"/>
  <node id="9064226974" lat="24.6353312" lon="121.5946841"/>
  <node id="9064226975" lat="24.6353328" lon="121.5945321"/>
  <node id="9064226976" lat="24.6354807" lon="121.5942764"/>
  <node id="9064226977" lat="24.6356611" lon="121.5941155"/>
  <node id="9064226978" lat="24.6357863" lon="121.5940476"/>
  <node id="9064226979" lat="24.6360252" lon="121.5938866"/>
  <node id="9064226980" lat="24.6361162" lon="121.5939832"/>
  <node id="9064226981" lat="24.6362105" lon="121.5940511"/>
  <node id="9064226982" lat="24.6363438" lon="121.5938991"/>
  <node id="9064226983" lat="24.6364576" lon="121.5937597"/>
  <node id="11028799333" lat="24.6365159" lon="121.5937507"/>
  <node id="11028799332" lat="24.6365741" lon="121.5937727"/>
  <node id="9064226984" lat="24.6366963" lon="121.5937656"/>
  <node id="11028799334" lat="24.6367105" lon="121.5937256"/>
  <node id="9064226985" lat="24.6366825" lon="121.5936360"/>
  <node id="9064226986" lat="24.6366296" lon="121.5935436"/>
  <node id="9064226987" lat="24.6365627" lon="121.5933791"/>
  <node id="9064226988" lat="24.6365756" lon="121.5932937"/>
  <node id="9064226989" lat="24.6367033" lon="121.5932223"/>
  <node id="9064226990" lat="24.6367569" lon="121.5932116"/>
  <node id="9064226991" lat="24.6368737" lon="121.5933313"/>
  <node id="9064226992" lat="24.6370042" lon="121.5933893"/>
  <node id="9064226993" lat="24.6371077" lon="121.5935040"/>
  <node id="9064226994" lat="24.6372296" lon="121.5936452"/>
  <node id="9064226995" lat="24.6372784" lon="121.5938580"/>
  <node id="9064226996" lat="24.6372621" lon="121.5939581"/>
  <node id="9064218571" lat="24.6345916" lon="121.6037804"/>
  <node id="9064218572" lat="24.6345120" lon="121.6037285"/>
  <node id="9064218573" lat="24.6344161" lon="121.6037035"/>
  <node id="9064218574" lat="24.6343494" lon="121.6036999"/>
  <node id="9064218575" lat="24.6337074" lon="121.6037822"/>
  <node id="9064218576" lat="24.6335258" lon="121.6037945"/>
  <node id="9064218577" lat="24.6334230" lon="121.6037965"/>
  <node id="9064218578" lat="24.6333312" lon="121.6037935"/>
  <node id="11028553306" lat="24.6331991" lon="121.6037444"/>
  <node id="11028553305" lat="24.6330694" lon="121.6036747"/>
  <node id="9064218579" lat="24.6328992" lon="121.6035378"/>
  <node id="9064218580" lat="24.6328372" lon="121.6034362"/>
  <node id="11028548704" lat="24.6328008" lon="121.6033493"/>
  <node id="9064218581" lat="24.6327444" lon="121.6031760"/>
  <node id="9064218582" lat="24.6325515" lon="121.6027018"/>
  <node id="9064218583" lat="24.6324671" lon="121.6025340"/>
  <node id="11028548703" lat="24.6324146" lon="121.6024901"/>
  <node id="9064218584" lat="24.6323363" lon="121.6024708"/>
  <node id="11028548702" lat="24.6322464" lon="121.6024780"/>
  <node id="9064218585" lat="24.6320802" lon="121.6025148"/>
  <node id="9064218586" lat="24.6320022" lon="121.6025124"/>
  <node id="9064218587" lat="24.6319438" lon="121.6024983"/>
  <node id="9064218588" lat="24.6317894" lon="121.6023696"/>
  <node id="9064218589" lat="24.6316232" lon="121.6022178"/>
  <node id="9064218590" lat="24.6313747" lon="121.6020279"/>
  <node id="9064218591" lat="24.6308000" lon="121.6016485"/>
  <node id="11028548699" lat="24.6307023" lon="121.6015418"/>
  <node id="11028548700" lat="24.6306416" lon="121.6014177"/>
  <node id="11028548701" lat="24.6305960" lon="121.6012440"/>
  <node id="11028548698" lat="24.6305572" lon="121.6010481"/>
  <node id="9064218592" lat="24.6305451" lon="121.6008776"/>
  <node id="9064218593" lat="24.6305577" lon="121.6006740"/>
  <node id="9064218594" lat="24.6306191" lon="121.6003865"/>
  <node id="9064218595" lat="24.6307183" lon="121.6000593"/>
  <node id="9064218596" lat="24.6308906" lon="121.5996981"/>
  <node id="9064218597" lat="24.6310466" lon="121.5994227"/>
  <node id="9064218598" lat="24.6311279" lon="121.5991563"/>
  <node id="9064218599" lat="24.6311588" lon="121.5988040"/>
  <node id="9064218600" lat="24.6311214" lon="121.5985000"/>
  <node id="9064218601" lat="24.6310580" lon="121.5981567"/>
  <node id="9064218602" lat="24.6311019" lon="121.5978277"/>
  <node id="9064218603" lat="24.6311555" lon="121.5974575"/>
  <node id="9064218604" lat="24.6311831" lon="121.5971375"/>
  <node id="9064218605" lat="24.6312026" lon="121.5967923"/>
  <node id="9064218606" lat="24.6312254" lon="121.5964812"/>
  <node id="9064218607" lat="24.6312823" lon="121.5960699"/>
  <node id="9064218608" lat="24.6313392" lon="121.5957999"/>
  <node id="9064217790" lat="24.6314596" lon="121.5946197"/>
  <node id="11028791288" lat="24.6314287" lon="121.5944624"/>
  <node id="9064217791" lat="24.6313815" lon="121.5943408"/>
  <node id="9064217792" lat="24.6312580" lon="121.5941620"/>
  <node id="11028791289" lat="24.6310011" lon="121.5940051"/>
  <node id="11028791290" lat="24.6308585" lon="121.5939333"/>
  <node id="9064217793" lat="24.6307118" lon="121.5938973"/>
  <node id="11028791291" lat="24.6306041" lon="121.5939912"/>
  <node id="9064217794" lat="24.6305493" lon="121.5942192"/>
  <node id="11028791292" lat="24.6305253" lon="121.5944646"/>
  <node id="9064217795" lat="24.6304973" lon="121.5946698"/>
  <node id="11028799231" lat="24.6305055" lon="121.5948162"/>
  <node id="11028791293" lat="24.6305278" lon="121.5949523"/>
  <node id="11028799232" lat="24.6305578" lon="121.5950789"/>
  <node id="11028799233" lat="24.6305681" lon="121.5951589"/>
  <node id="9064217796" lat="24.6305655" lon="121.5952248"/>
  <node id="11028799234" lat="24.6305445" lon="121.5952759"/>
  <node id="11028799235" lat="24.6305046" lon="121.5953079"/>
  <node id="9064217797" lat="24.6304472" lon="121.5953154"/>
  <node id="11028799236" lat="24.6303875" lon="121.5952980"/>
  <node id="9064217798" lat="24.6303114" lon="121.5952405"/>
  <node id="11028799237" lat="24.6302376" lon="121.5951428"/>
  <node id="9064217799" lat="24.6301733" lon="121.5950400"/>
  <node id="11028799238" lat="24.6301199" lon="121.5949909"/>
  <node id="11028799239" lat="24.6300615" lon="121.5949599"/>
  <node id="9064217800" lat="24.6300138" lon="121.5949521"/>
  <node id="11028799240" lat="24.6299688" lon="121.5949634"/>
  <node id="9064217801" lat="24.6299156" lon="121.5949954"/>
  <node id="11028799241" lat="24.6297459" lon="121.5951532"/>
  <node id="11028799242" lat="24.6296588" lon="121.5952167"/>
  <node id="11028799243" lat="24.6296141" lon="121.5952368"/>
  <node id="9064217802" lat="24.6295810" lon="121.5952415"/>
  <node id="10101411878" lat="24.6295274" lon="121.5952300"/>
  <node id="11028799244" lat="24.6294926" lon="121.5952112"/>
  <node id="10101411879" lat="24.6294777" lon="121.5951705"/>
  <node id="11028799245" lat="24.6294715" lon="121.5951029"/>
  <node id="10101411880" lat="24.6295168" lon="121.5948495"/>
  <node id="10101411881" lat="24.6296054" lon="121.5945392"/>
  <node id="10101411882" lat="24.6296513" lon="121.5943660"/>
  <node id="10101411883" lat="24.6296776" lon="121.5942216"/>
  <node id="10101411884" lat="24.6297038" lon="121.5940231"/>
  <node id="10101411885" lat="24.6297104" lon="121.5939329"/>
  <node id="11028799246" lat="24.6296855" lon="121.5938922"/>
  <node id="10101411886" lat="24.6296419" lon="121.5938618"/>
  <node id="10101411887" lat="24.6295809" lon="121.5938388"/>
  <node id="10101411888" lat="24.6293739" lon="121.5938197"/>
  <node id="11028799247" lat="24.6292762" lon="121.5937882"/>
  <node id="10101411889" lat="24.6292183" lon="121.5937489"/>
  <node id="11028799248" lat="24.6291766" lon="121.5936899"/>
  <node id="11028799249" lat="24.6291663" lon="121.5936436"/>
  <node id="10101411890" lat="24.6291818" lon="121.5935728"/>
  <node id="11028799250" lat="24.6292104" lon="121.5935139"/>
  <node id="10101411891" lat="24.6292624" lon="121.5934434"/>
  <node id="10101411892" lat="24.6293889" lon="121.5933230"/>
  <node id="11028799251" lat="24.6294693" lon="121.5932096"/>
  <node id="10101411893" lat="24.6295309" lon="121.5930950"/>
  <node id="10101411894" lat="24.6295647" lon="121.5929773"/>
  <node id="11028799252" lat="24.6295483" lon="121.5929246"/>
  <node id="10101411895" lat="24.6295049" lon="121.5928886"/>
  <node id="11028799253" lat="24.6294604" lon="121.5928874"/>
  <node id="11028799254" lat="24.6293794" lon="121.5929332"/>
  <node id="10101411896" lat="24.6292610" lon="121.5931029"/>
  <node id="10101411897" lat="24.6291330" lon="121.5932328"/>
  <node id="10101411898" lat="24.6290215" lon="121.5933591"/>
  <node id="10101411899" lat="24.6289329" lon="121.5934421"/>
  <node id="11028799255" lat="24.6288767" lon="121.5934460"/>
  <node id="10101411900" lat="24.6288369" lon="121.5934176"/>
  <node id="11028799256" lat="24.6288300" lon="121.5933479"/>
  <node id="10101411901" lat="24.6288654" lon="121.5932486"/>
  <node id="10101411902" lat="24.6290077" lon="121.5930558"/>
  <node id="11028799257" lat="24.6291049" lon="121.5928981"/>
  <node id="10101411903" lat="24.6291153" lon="121.5928255"/>
  <node id="10101411904" lat="24.6290870" lon="121.5927067"/>
  <node id="10101411905" lat="24.6289678" lon="121.5925439"/>
  <node id="10101411906" lat="24.6287014" lon="121.5921347"/>
  <node id="10101411907" lat="24.6285393" lon="121.5918182"/>
  <node id="10101411908" lat="24.6284212" lon="121.5916197"/>
  <node id="10101411909" lat="24.6283260" lon="121.5915367"/>
  <node id="11028799258" lat="24.6282454" lon="121.5915130"/>
  <node id="10101411910" lat="24.6281719" lon="121.5915151"/>
  <node id="11028799259" lat="24.6281408" lon="121.5915696"/>
  <node id="10101411916" lat="24.6281309" lon="121.5916757"/>
  <node id="10101411911" lat="24.6281948" lon="121.5918074"/>
  <node id="10101411912" lat="24.6283457" lon="121.5919589"/>
  <node id="11028799260" lat="24.6284052" lon="121.5920636"/>
  <node id="10101411913" lat="24.6284343" lon="121.5921682"/>
  <node id="10101411914" lat="24.6283785" lon="121.5924317"/>
  <node id="10101411915" lat="24.6282932" lon="121.5925436"/>
  <node id="10101419317" lat="24.6282211" lon="121.5926554"/>
  <node id="10101419318" lat="24.6282014" lon="121.5927204"/>
  <node id="10101419319" lat="24.6282079" lon="121.5928235"/>
  <node id="10101419320" lat="24.6282504" lon="121.5929487"/>
  <node id="10101419321" lat="24.6282754" lon="121.5930056"/>
  <node id="10101419322" lat="24.6282777" lon="121.5930608"/>
  <node id="11028799261" lat="24.6282660" lon="121.5931040"/>
  <node id="11028799262" lat="24.6282343" lon="121.5931398"/>
  <node id="11028799263" lat="24.6281985" lon="121.5931551"/>
  <node id="11028799264" lat="24.6281607" lon="121.5931550"/>
  <node id="10101419323" lat="24.6281252" lon="121.5931498"/>
  <node id="10101419324" lat="24.6280816" lon="121.5931268"/>
  <node id="10101419325" lat="24.6280423" lon="121.5930766"/>
  <node id="10101419326" lat="24.6279931" lon="121.5929745"/>
  <node id="10101419327" lat="24.6279521" lon="121.5928081"/>
  <node id="10101419328" lat="24.6278414" lon="121.5920600"/>
  <node id="10101419329" lat="24.6277627" lon="121.5918543"/>
  <node id="10101419330" lat="24.6274445" lon="121.5914429"/>
  <node id="10101419331" lat="24.6273100" lon="121.5913130"/>
  <node id="11028799265" lat="24.6272568" lon="121.5912109"/>
  <node id="10101419332" lat="24.6272148" lon="121.5910965"/>
  <node id="10101419333" lat="24.6271919" lon="121.5909750"/>
  <node id="11028799266" lat="24.6271774" lon="121.5907893"/>
  <node id="11028799267" lat="24.6271603" lon="121.5906841"/>
  <node id="10101419334" lat="24.6271320" lon="121.5906051"/>
  <node id="10101419335" lat="24.6270960" lon="121.5905603"/>
  <node id="10101419351" lat="24.6270524" lon="121.5905416"/>
  <node id="10101419336" lat="24.6270087" lon="121.5905503"/>
  <node id="10101419337" lat="24.6269726" lon="121.5905851"/>
  <node id="10101419338" lat="24.6269528" lon="121.5906706"/>
  <node id="11028799268" lat="24.6269589" lon="121.5908925"/>
  <node id="11028799269" lat="24.6269831" lon="121.5910607"/>
  <node id="10101419339" lat="24.6270326" lon="121.5912213"/>
  <node id="10101419340" lat="24.6271169" lon="121.5914074"/>
  <node id="10101419341" lat="24.6272312" lon="121.5915981"/>
  <node id="11028799270" lat="24.6273001" lon="121.5917195"/>
  <node id="10101419342" lat="24.6273423" lon="121.5918487"/>
  <node id="11028799271" lat="24.6273648" lon="121.5919830"/>
  <node id="10101419343" lat="24.6273662" lon="121.5921172"/>
  <node id="10101419344" lat="24.6273358" lon="121.5922342"/>
  <node id="10101419345" lat="24.6272961" lon="121.5923458"/>
  <node id="10101419346" lat="24.6272588" lon="121.5924218"/>
  <node id="10101419347" lat="24.6272233" lon="121.5924582"/>
  <node id="10101419348" lat="24.6271852" lon="121.5924805"/>
  <node id="10101419349" lat="24.6271485" lon="121.5924835"/>
  <node id="10101419350" lat="24.6271145" lon="121.5924717"/>
  <node id="10101419352" lat="24.6271005" lon="121.5924347"/>
  <node id="11028799272" lat="24.6271153" lon="121.5923538"/>
  <node id="10101419353" lat="24.6271454" lon="121.5922547"/>
  <node id="11028799273" lat="24.6271533" lon="121.5921521"/>
  <node id="11028799274" lat="24.6271549" lon="121.5919808"/>
  <node id="11028799275" lat="24.6271358" lon="121.5919158"/>
  <node id="11028799276" lat="24.6271027" lon="121.5918511"/>
  <node id="10101419354" lat="24.6269571" lon="121.5916664"/>
  <node id="10101419355" lat="24.6268406" lon="121.5914932"/>
  <node id="11028799277" lat="24.6267805" lon="121.5914085"/>
  <node id="10101419356" lat="24.6267463" lon="121.5913818"/>
  <node id="11028799283" lat="24.6266998" lon="121.5913540"/>
  <node id="10101419357" lat="24.6266616" lon="121.5913442"/>
  <node id="11028799282" lat="24.6266206" lon="121.5913536"/>
  <node id="11028799281" lat="24.6265936" lon="121.5913784"/>
  <node id="10101419358" lat="24.6265937" lon="121.5914178"/>
  <node id="11028799280" lat="24.6266397" lon="121.5914938"/>
  <node id="11028799279" lat="24.6267011" lon="121.5915530"/>
  <node id="11028799278" lat="24.6267839" lon="121.5916532"/>
  <node id="10101419359" lat="24.6268674" lon="121.5917686"/>
  <node id="10101419360" lat="24.6269110" lon="121.5918594"/>
  <node id="10101419361" lat="24.6269346" lon="121.5919396"/>
  <node id="10101419362" lat="24.6269402" lon="121.5920371"/>
  <node id="10101419363" lat="24.6269215" lon="121.5921801"/>
  <node id="10101419364" lat="24.6268707" lon="121.5923150"/>
  <node id="10101419365" lat="24.6264702" lon="121.5929874"/>
  <node id="10101419366" lat="24.6263750" lon="121.5932437"/>
  <node id="10101419367" lat="24.6263488" lon="121.5934999"/>
  <node id="10101419368" lat="24.6264144" lon="121.5940556"/>
  <node id="10101419369" lat="24.6264603" lon="121.5942938"/>
  <node id="11028799284" lat="24.6264660" lon="121.5943564"/>
  <node id="10101419370" lat="24.6264505" lon="121.5944165"/>
  <node id="11028799285" lat="24.6264189" lon="121.5944314"/>
  <node id="10101419371" lat="24.6263849" lon="121.5944309"/>
  <node id="11028799286" lat="24.6263453" lon="121.5944116"/>
  <node id="10101419372" lat="24.6262963" lon="121.5943588"/>
  <node id="10101419373" lat="24.6259510" lon="121.5935753"/>
  <node id="10101419374" lat="24.6259262" lon="121.5934595"/>
  <node id="11028799287" lat="24.6259050" lon="121.5932497"/>
  <node id="10101419375" lat="24.6259191" lon="121.5931283"/>
  <node id="10101419376" lat="24.6259659" lon="121.5930274"/>
  <node id="11028799288" lat="24.6260770" lon="121.5928696"/>
  <node id="11028799289" lat="24.6261016" lon="121.5927814"/>
  <node id="11028799290" lat="24.6261097" lon="121.5926769"/>
  <node id="10101419377" lat="24.6261037" lon="121.5925631"/>
  <node id="11028799291" lat="24.6261267" lon="121.5924485"/>
  <node id="10101419378" lat="24.6261637" lon="121.5923121"/>
  <node id="10101419379" lat="24.6261872" lon="121.5921283"/>
  <node id="10101419380" lat="24.6261940" lon="121.5919907"/>
  <node id="10101419381" lat="24.6258764" lon="121.5917316"/>
  <node id="11049020294" lat="24.6256975" lon="121.5915473"/>
  <node id="10101419393" lat="24.6255978" lon="121.5914445"/>
  <node id="10101419382" lat="24.6255050" lon="121.5913476"/>
  <node id="10101419394" lat="24.6254181" lon="121.5913260"/>
  <node id="10101419395" lat="24.6252521" lon="121.5913146"/>
  <node id="10101419396" lat="24.6251899" lon="121.5912917"/>
  <node id="10101419397" lat="24.6251497" lon="121.5912569"/>
  <node id="11028799294" lat="24.6251320" lon="121.5910035"/>
  <node id="10101419398" lat="24.6250975" lon="121.5907749"/>
  <node id="11028799295" lat="24.6250540" lon="121.5906159"/>
  <node id="10101419399" lat="24.6249458" lon="121.5903701"/>
  <node id="10101419400" lat="24.6249382" lon="121.5903260"/>
  <node id="10101419401" lat="24.6249483" lon="121.5902836"/>
  <node id="11028799293" lat="24.6249752" lon="121.5902711"/>
  <node id="11028799292" lat="24.6250162" lon="121.5902942"/>
  <node id="10101419402" lat="24.6250672" lon="121.5903590"/>
  <node id="10101419403" lat="24.6251484" lon="121.5903781"/>
  <node id="10101419404" lat="24.6252136" lon="121.5903783"/>
  <node id="10101419405" lat="24.6252699" lon="121.5903514"/>
  <node id="10101419406" lat="24.6254476" lon="121.5902300"/>
  <node id="10101419407" lat="24.6255937" lon="121.5901229"/>
  <node id="10101419408" lat="24.6256680" lon="121.5900088"/>
  <node id="11028799298" lat="24.6256931" lon="121.5899107"/>
  <node id="10101419409" lat="24.6257083" lon="121.5897677"/>
  <node id="10101419410" lat="24.6257051" lon="121.5895181"/>
  <node id="11028799299" lat="24.6257280" lon="121.5893721"/>
  <node id="11028799300" lat="24.6257916" lon="121.5892789"/>
  <node id="10101419411" lat="24.6258482" lon="121.5892493"/>
  <node id="11028799301" lat="24.6259002" lon="121.5892130"/>
  <node id="10101419412" lat="24.6259297" lon="121.5891674"/>
  <node id="10101419413" lat="24.6259496" lon="121.5890615"/>
  <node id="11028799302" lat="24.6259369" lon="121.5889593"/>
  <node id="11028799303" lat="24.6258912" lon="121.5888493"/>
  <node id="10101419414" lat="24.6258482" lon="121.5887780"/>
  <node id="11028799304" lat="24.6258349" lon="121.5886987"/>
  <node id="11028799305" lat="24.6258423" lon="121.5886171"/>
  <node id="11028799306" lat="24.6258862" lon="121.5885741"/>
  <node id="11028799307" lat="24.6259954" lon="121.5885339"/>
  <node id="10101419415" lat="24.6260906" lon="121.5884876"/>
  <node id="10101419416" lat="24.6261969" lon="121.5884132"/>
  <node id="10101419417" lat="24.6263244" lon="121.5883137"/>
  <node id="11028799308" lat="24.6263462" lon="121.5882808"/>
  <node id="11028799309" lat="24.6263501" lon="121.5882163"/>
  <node id="10101419418" lat="24.6263356" lon="121.5881503"/>
  <node id="10101419419" lat="24.6262667" lon="121.5879741"/>
  <node id="10101419420" lat="24.6261945" lon="121.5878569"/>
  <node id="11028799310" lat="24.6261472" lon="121.5878019"/>
  <node id="10101419421" lat="24.6261224" lon="121.5878026"/>
  <node id="11028799311" lat="24.6261061" lon="121.5878327"/>
  <node id="11028799312" lat="24.6261177" lon="121.5879222"/>
  <node id="10101419422" lat="24.6261574" lon="121.5880023"/>
  <node id="11028799313" lat="24.6261977" lon="121.5880937"/>
  <node id="10101419423" lat="24.6262154" lon="121.5881759"/>
  <node id="11028799314" lat="24.6261964" lon="121.5882329"/>
  <node id="10101419424" lat="24.6261690" lon="121.5882652"/>
  <node id="11028799315" lat="24.6261039" lon="121.5883023"/>
  <node id="10101419425" lat="24.6260402" lon="121.5883131"/>
  <node id="11028799316" lat="24.6259748" lon="121.5882927"/>
  <node id="10101419426" lat="24.6259347" lon="121.5882352"/>
  <node id="10101419427" lat="24.6258791" lon="121.5880661"/>
  <node id="10101419428" lat="24.6258655" lon="121.5879839"/>
  <node id="11028799318" lat="24.6258431" lon="121.5878783"/>
  <node id="11028799317" lat="24.6257925" lon="121.5877696"/>
  <node id="10101419429" lat="24.6256857" lon="121.5876544"/>
  <node id="10101419430" lat="24.6255808" lon="121.5875976"/>
  <node id="10101419431" lat="24.6253945" lon="121.5875803"/>
  <node id="10101419432" lat="24.6252113" lon="121.5876126"/>
  <node id="11028799323" lat="24.6251735" lon="121.5876474"/>
  <node id="10101419433" lat="24.6251553" lon="121.5877038"/>
  <node id="11028799322" lat="24.6251690" lon="121.5877685"/>
  <node id="10101419434" lat="24.6252249" lon="121.5878084"/>
  <node id="11028799321" lat="24.6253003" lon="121.5878558"/>
  <node id="10101419435" lat="24.6253475" lon="121.5879280"/>
  <node id="11028799320" lat="24.6253507" lon="121.5880220"/>
  <node id="11028799319" lat="24.6253004" lon="121.5880881"/>
  <node id="10101419436" lat="24.6252053" lon="121.5882048"/>
  <node id="10101419437" lat="24.6251335" lon="121.5882198"/>
  <node id="10101419438" lat="24.6250903" lon="121.5882030"/>
  <node id="3707841611" lat="24.6600159" lon="121.6404232"/>
  <node id="11054672962" lat="24.6599441" lon="121.6403957"/>
  <node id="9064228294" lat="24.6598372" lon="121.6403889"/>
  <node id="9064228295" lat="24.6597397" lon="121.6403997"/>
  <node id="9064228296" lat="24.6596525" lon="121.6403986"/>
  <node id="9064228297" lat="24.6595251" lon="121.6403737"/>
  <node id="11054672963" lat="24.6594508" lon="121.6403240"/>
  <node id="9064228298" lat="24.6594047" lon="121.6402472"/>
  <node id="9064228299" lat="24.6593789" lon="121.6401458"/>
  <node id="11054672964" lat="24.6593256" lon="121.6401038"/>
  <node id="9064228300" lat="24.6592652" lon="121.6400850"/>
  <node id="9064228301" lat="24.6591886" lon="121.6401052"/>
  <node id="9064228302" lat="24.6591059" lon="121.6401386"/>
  <node id="9064228303" lat="24.6589593" lon="121.6401708"/>
  <node id="9064228304" lat="24.6588459" lon="121.6401529"/>
  <node id="9064228305" lat="24.6587419" lon="121.6401064"/>
  <node id="9064228306" lat="24.6586606" lon="121.6400528"/>
  <node id="11054672965" lat="24.6585839" lon="121.6400645"/>
  <node id="9064228307" lat="24.6584884" lon="121.6401279"/>
  <node id="9064228308" lat="24.6583714" lon="121.6402101"/>
  <node id="9064228309" lat="24.6582966" lon="121.6402745"/>
  <node id="9064228310" lat="24.6582544" lon="121.6402995"/>
  <node id="11054672966" lat="24.6582292" lon="121.6402893"/>
  <node id="9064228311" lat="24.6582122" lon="121.6402546"/>
  <node id="11054672967" lat="24.6582227" lon="121.6402065"/>
  <node id="9064228312" lat="24.6582966" lon="121.6401172"/>
  <node id="9064228313" lat="24.6583358" lon="121.6400032"/>
  <node id="11054672968" lat="24.6583617" lon="121.6399047"/>
  <node id="9064228314" lat="24.6583782" lon="121.6398036"/>
  <node id="9064228315" lat="24.6583805" lon="121.6397023"/>
  <node id="11054672969" lat="24.6583638" lon="121.6396463"/>
  <node id="9064228316" lat="24.6583413" lon="121.6396109"/>
  <node id="11054672970" lat="24.6583002" lon="121.6395941"/>
  <node id="9064240917" lat="24.6582544" lon="121.6396057"/>
  <node id="11054672971" lat="24.6582141" lon="121.6396365"/>
  <node id="9064240918" lat="24.6581926" lon="121.6396880"/>
  <node id="9064240919" lat="24.6581504" lon="121.6397524"/>
  <node id="9064240920" lat="24.6581081" lon="121.6398382"/>
  <node id="9064240921" lat="24.6580691" lon="121.6399026"/>
  <node id="11054672972" lat="24.6580363" lon="121.6399171"/>
  <node id="9064240922" lat="24.6580106" lon="121.6398954"/>
  <node id="9064240923" lat="24.6580106" lon="121.6397738"/>
  <node id="9064240924" lat="24.6580366" lon="121.6396773"/>
  <node id="9064240925" lat="24.6580626" lon="121.6395414"/>
  <node id="9064240926" lat="24.6580645" lon="121.6394758"/>
  <node id="11054672973" lat="24.6580543" lon="121.6394313"/>
  <node id="9064240927" lat="24.6580289" lon="121.6394229"/>
  <node id="11054672974" lat="24.6579941" lon="121.6394565"/>
  <node id="9064240928" lat="24.6579781" lon="121.6395056"/>
  <node id="9064240929" lat="24.6579416" lon="121.6395364"/>
  <node id="11054672975" lat="24.6579023" lon="121.6395253"/>
  <node id="11054672976" lat="24.6578851" lon="121.6394695"/>
  <node id="9064240930" lat="24.6578936" lon="121.6394162"/>
  <node id="9064240931" lat="24.6579846" lon="121.6393125"/>
  <node id="9064240932" lat="24.6580854" lon="121.6392124"/>
  <node id="9064240933" lat="24.6581699" lon="121.6391301"/>
  <node id="11054672977" lat="24.6581833" lon="121.6390716"/>
  <node id="9064240934" lat="24.6581685" lon="121.6390080"/>
  <node id="11054672978" lat="24.6581370" lon="121.6389670"/>
  <node id="9064240935" lat="24.6580984" lon="121.6389441"/>
  <node id="9064240936" lat="24.6579846" lon="121.6389012"/>
  <node id="9064240937" lat="24.6579131" lon="121.6388975"/>
  <node id="11054672979" lat="24.6578311" lon="121.6389116"/>
  <node id="11054672980" lat="24.6577244" lon="121.6389393"/>
  <node id="11054672981" lat="24.6576810" lon="121.6389421"/>
  <node id="9064240938" lat="24.6576447" lon="121.6389321"/>
  <node id="9064240939" lat="24.6575361" lon="121.6388476"/>
  <node id="9064240940" lat="24.6573833" lon="121.6386902"/>
  <node id="11054672982" lat="24.6573375" lon="121.6386862"/>
  <node id="9064240941" lat="24.6572471" lon="121.6387171"/>
  <node id="11054672983" lat="24.6572113" lon="121.6387509"/>
  <node id="9064240942" lat="24.6571591" lon="121.6388440"/>
  <node id="9064240943" lat="24.6570583" lon="121.6390621"/>
  <node id="11054672984" lat="24.6570397" lon="121.6391469"/>
  <node id="9064240944" lat="24.6570188" lon="121.6392858"/>
  <node id="11054672985" lat="24.6569855" lon="121.6393957"/>
  <node id="9064240945" lat="24.6569406" lon="121.6394759"/>
  <node id="9064240946" lat="24.6568308" lon="121.6396308"/>
  <node id="9064240947" lat="24.6567914" lon="121.6396626"/>
  <node id="11054672986" lat="24.6567645" lon="121.6396600"/>
  <node id="9064240948" lat="24.6567529" lon="121.6396380"/>
  <node id="11054672987" lat="24.6567514" lon="121.6396000"/>
  <node id="9064240949" lat="24.6568038" lon="121.6394370"/>
  <node id="9064240950" lat="24.6568373" lon="121.6393161"/>
  <node id="11054672988" lat="24.6568296" lon="121.6392302"/>
  <node id="9064240951" lat="24.6567820" lon="121.6391623"/>
  <node id="11054672989" lat="24.6567448" lon="121.6391505"/>
  <node id="11054672990" lat="24.6567168" lon="121.6391666"/>
  <node id="11054672991" lat="24.6567099" lon="121.6392120"/>
  <node id="9064240952" lat="24.6567041" lon="121.6392884"/>
  <node id="11054672992" lat="24.6566827" lon="121.6393700"/>
  <node id="9064240953" lat="24.6566157" lon="121.6394670"/>
  <node id="11054672993" lat="24.6565217" lon="121.6395352"/>
  <node id="9064240954" lat="24.6564278" lon="121.6395880"/>
  <node id="9064240955" lat="24.6563075" lon="121.6396200"/>
  <node id="9064248605" lat="24.6717402" lon="121.6338095"/>
  <node id="9064252056" lat="24.6717465" lon="121.6335214"/>
  <node id="9064248606" lat="24.6717548" lon="121.6331443"/>
  <node id="9073737924" lat="24.6615845" lon="121.6162540"/>
  <node id="9073737926" lat="24.6615097" lon="121.6161700"/>
  <node id="9073737927" lat="24.6614947" lon="121.6161087"/>
  <node id="9073737929" lat="24.6614772" lon="121.6160349"/>
  <node id="9073737930" lat="24.6614415" lon="121.6159848"/>
  <node id="9073737931" lat="24.6613988" lon="121.6159777"/>
  <node id="9104711830" lat="24.6613399" lon="121.6159996"/>
  <node id="9104711831" lat="24.6610425" lon="121.6163363"/>
  <node id="9073737932" lat="24.6609470" lon="121.6165163"/>
  <node id="9104711833" lat="24.6609340" lon="121.6165937"/>
  <node id="9104711832" lat="24.6609072" lon="121.6166206"/>
  <node id="4430995698" lat="24.6627538" lon="121.6250054"/>
  <node id="3707841752" lat="24.6627013" lon="121.6248340"/>
  <node id="4430995697" lat="24.6626553" lon="121.6246071"/>
  <node id="4430995696" lat="24.6626574" lon="121.6243865"/>
  <node id="4430995695" lat="24.6626107" lon="121.6226284"/>
  <node id="4430995694" lat="24.6625728" lon="121.6215568"/>
  <node id="11840702000" lat="24.6625646" lon="121.6205023"/>
  <node id="11840701982" lat="24.6625616" lon="121.6200876"/>
  <node id="9104711826" lat="24.6625587" lon="121.6194181"/>
  <node id="11840701983" lat="24.6625307" lon="121.6189226"/>
  <node id="11840665254" lat="24.6669091" lon="121.6316590"/>
  <node id="4430995732" lat="24.6665321" lon="121.6309870"/>
  <node id="4430995728" lat="24.6660878" lon="121.6302454"/>
  <node id="8692699063" lat="24.6649700" lon="121.6283256"/>
  <node id="4430995715" lat="24.6647882" lon="121.6280134"/>
  <node id="4430995711" lat="24.6642821" lon="121.6271270"/>
  <node id="11840665232" lat="24.6641962" lon="121.6269799"/>
  <node id="9073737933" lat="24.6610243" lon="121.6161364"/>
  <node id="9073737934" lat="24.6610198" lon="121.6159191"/>
  <node id="9073737935" lat="24.6609853" lon="121.6157832"/>
  <node id="9073737936" lat="24.6609459" lon="121.6157197"/>
  <node id="9073737937" lat="24.6608946" lon="121.6156818"/>
  <node id="9104711834" lat="24.6608792" lon="121.6156188"/>
  <node id="9104711835" lat="24.6609036" lon="121.6155638"/>
  <node id="9073737938" lat="24.6608244" lon="121.6156500"/>
  <node id="11005896684" lat="24.6617735" lon="121.6159654"/>
  <node id="11005896685" lat="24.6617741" lon="121.6158672"/>
  <node id="2833162124" lat="24.6617632" lon="121.6157512"/>
  <node id="11005896686" lat="24.6617441" lon="121.6156398"/>
  <node id="4431005222" lat="24.6667602" lon="121.6144497"/>
  <node id="11005824608" lat="24.6659554" lon="121.6163939"/>
  <node id="9500926493" lat="24.6662186" lon="121.6168418"/>
  <node id="9500926492" lat="24.6665147" lon="121.6174346"/>
  <node id="9500926488" lat="24.6665342" lon="121.6175097"/>
  <node id="9500926491" lat="24.6665440" lon="121.6175888"/>
  <node id="9500926490" lat="24.6665501" lon="121.6176680"/>
  <node id="9500926489" lat="24.6666451" lon="121.6178557"/>
  <node id="9500926494" lat="24.6658822" lon="121.6160814"/>
  <node id="9500926495" lat="24.6660017" lon="121.6162035"/>
  <node id="4430919454" lat="24.6413113" lon="121.5696943"/>
  <node id="987453201" lat="24.6411586" lon="121.5701739"/>
  <node id="2178262228" lat="24.6557267" lon="121.5807756"/>
  <node id="2178262231" lat="24.6557903" lon="121.5808372"/>
  <node id="2584473008" lat="24.6558431" lon="121.5809096"/>
  <node id="11009348275" lat="24.6714911" lon="121.6048492"/>
  <node id="11009348276" lat="24.6715492" lon="121.6049140"/>
  <node id="7760318683" lat="24.6684224" lon="121.6115311"/>
  <node id="412685658" lat="24.6662804" lon="121.6155065"/>
  <node id="4566091264" lat="24.6626023" lon="121.5880203"/>
  <node id="4566091265" lat="24.6625664" lon="121.5879884"/>
  <node id="11020032865" lat="24.6625789" lon="121.5878766"/>
  <node id="11020032864" lat="24.6626516" lon="121.5877906"/>
  <node id="4566091266" lat="24.6626700" lon="121.5877017"/>
  <node id="4566091267" lat="24.6626542" lon="121.5875192"/>
  <node id="4566091268" lat="24.6626255" lon="121.5873814"/>
  <node id="4566091269" lat="24.6625457" lon="121.5871665"/>
  <node id="11020032862" lat="24.6625063" lon="121.5870323"/>
  <node id="4566091270" lat="24.6624880" lon="121.5870109"/>
  <node id="11020032863" lat="24.6624595" lon="121.5870066"/>
  <node id="11020032861" lat="24.6624311" lon="121.5870196"/>
  <node id="4566091271" lat="24.6623697" lon="121.5871177"/>
  <node id="4566091272" lat="24.6622811" lon="121.5872966"/>
  <node id="4566091273" lat="24.6622482" lon="121.5875166"/>
  <node id="11020032860" lat="24.6622646" lon="121.5876762"/>
  <node id="11020032859" lat="24.6622532" lon="121.5877587"/>
  <node id="4566091274" lat="24.6622236" lon="121.5877865"/>
  <node id="4566091275" lat="24.6621735" lon="121.5877898"/>
  <node id="4566091276" lat="24.6621063" lon="121.5877685"/>
  <node id="11020032858" lat="24.6620641" lon="121.5876930"/>
  <node id="4566091277" lat="24.6620298" lon="121.5875893"/>
  <node id="4566091278" lat="24.6620298" lon="121.5873047"/>
  <node id="4566091279" lat="24.6620446" lon="121.5870608"/>
  <node id="11020032857" lat="24.6620367" lon="121.5870102"/>
  <node id="4566091280" lat="24.6620155" lon="121.5869644"/>
  <node id="11020032856" lat="24.6619813" lon="121.5869522"/>
  <node id="11020032855" lat="24.6619439" lon="121.5869682"/>
  <node id="4566091281" lat="24.6618377" lon="121.5870933"/>
  <node id="4566091282" lat="24.6616899" lon="121.5874104"/>
  <node id="4566091283" lat="24.6615013" lon="121.5877250"/>
  <node id="9923433832" lat="24.6633465" lon="121.5871132"/>
  <node id="9923433823" lat="24.6634224" lon="121.5871049"/>
  <node id="9923433824" lat="24.6635199" lon="121.5871013"/>
  <node id="9923433825" lat="24.6636434" lon="121.5871300"/>
  <node id="9923433826" lat="24.6637344" lon="121.5871478"/>
  <node id="9923433827" lat="24.6638612" lon="121.5871765"/>
  <node id="9923433828" lat="24.6639684" lon="121.5871943"/>
  <node id="9923433829" lat="24.6640822" lon="121.5871872"/>
  <node id="9923433830" lat="24.6641829" lon="121.5872229"/>
  <node id="9923433831" lat="24.6642317" lon="121.5872372"/>
  <node id="9923564897" lat="24.6656685" lon="121.5909646"/>
  <node id="8932944100" lat="24.6657038" lon="121.5944996"/>
  <node id="11015132220" lat="24.6655991" lon="121.5945422"/>
  <node id="8932944101" lat="24.6655085" lon="121.5945667"/>
  <node id="9923564899" lat="24.6653852" lon="121.5945817"/>
  <node id="9923564900" lat="24.6659294" lon="121.5969916"/>
  <node id="8932944118" lat="24.6655811" lon="121.5971364"/>
  <node id="10018219522" lat="24.6505455" lon="121.5767589"/>
  <node id="10018219523" lat="24.6506762" lon="121.5764713"/>
  <node id="10018219524" lat="24.6507231" lon="121.5763739"/>
  <node id="10018219525" lat="24.6507684" lon="121.5763196"/>
  <node id="10018219526" lat="24.6508667" lon="121.5762765"/>
  <node id="10018219527" lat="24.6509427" lon="121.5762516"/>
  <node id="10018219528" lat="24.6512040" lon="121.5762407"/>
  <node id="11016900317" lat="24.6512493" lon="121.5762471"/>
  <node id="11016900316" lat="24.6512658" lon="121.5762697"/>
  <node id="10018219529" lat="24.6512711" lon="121.5763073"/>
  <node id="10018219530" lat="24.6512543" lon="121.5763804"/>
  <node id="10018219531" lat="24.6512033" lon="121.5765006"/>
  <node id="11016900315" lat="24.6512010" lon="121.5765592"/>
  <node id="10018219532" lat="24.6512151" lon="121.5765948"/>
  <node id="10018219533" lat="24.6512407" lon="121.5766050"/>
  <node id="10018219534" lat="24.6512664" lon="121.5765840"/>
  <node id="10018219535" lat="24.6512902" lon="121.5765429"/>
  <node id="10018219536" lat="24.6514468" lon="121.5761659"/>
  <node id="10018219537" lat="24.6514761" lon="121.5760731"/>
  <node id="10018219538" lat="24.6514746" lon="121.5760233"/>
  <node id="10018219539" lat="24.6514594" lon="121.5760009"/>
  <node id="10018219540" lat="24.6514319" lon="121.5759871"/>
  <node id="10018219541" lat="24.6513594" lon="121.5759802"/>
  <node id="11016900321" lat="24.6512707" lon="121.5759655"/>
  <node id="10018219542" lat="24.6510673" lon="121.5758897"/>
  <node id="10018219543" lat="24.6510159" lon="121.5758370"/>
  <node id="10018219544" lat="24.6509658" lon="121.5757902"/>
  <node id="10018219545" lat="24.6509234" lon="121.5757649"/>
  <node id="10018219546" lat="24.6506361" lon="121.5756916"/>
  <node id="10018219547" lat="24.6505260" lon="121.5756556"/>
  <node id="10018219548" lat="24.6504750" lon="121.5756377"/>
  <node id="10018219549" lat="24.6504301" lon="121.5756128"/>
  <node id="10018219550" lat="24.6504063" lon="121.5755860"/>
  <node id="11016900322" lat="24.6503955" lon="121.5755598"/>
  <node id="11016900323" lat="24.6504040" lon="121.5755420"/>
  <node id="11016900324" lat="24.6504230" lon="121.5755273"/>
  <node id="10018219551" lat="24.6504576" lon="121.5755213"/>
  <node id="10018219552" lat="24.6506420" lon="121.5755484"/>
  <node id="10018219553" lat="24.6507222" lon="121.5755477"/>
  <node id="11016900325" lat="24.6507511" lon="121.5755279"/>
  <node id="11016900326" lat="24.6507586" lon="121.5754913"/>
  <node id="10018219554" lat="24.6507469" lon="121.5754594"/>
  <node id="10018219555" lat="24.6507197" lon="121.5754431"/>
  <node id="10018219556" lat="24.6505353" lon="121.5754004"/>
  <node id="10018219557" lat="24.6504217" lon="121.5753749"/>
  <node id="10018219558" lat="24.6503349" lon="121.5753509"/>
  <node id="10018219559" lat="24.6502625" lon="121.5753194"/>
  <node id="10018219560" lat="24.6501929" lon="121.5752725"/>
  <node id="11016900327" lat="24.6501531" lon="121.5752258"/>
  <node id="11016900328" lat="24.6501383" lon="121.5751823"/>
  <node id="10018219561" lat="24.6501332" lon="121.5751226"/>
  <node id="10018219562" lat="24.6501579" lon="121.5750316"/>
  <node id="10018219563" lat="24.6502616" lon="121.5748033"/>
  <node id="11016900329" lat="24.6503109" lon="121.5747277"/>
  <node id="10018219564" lat="24.6503428" lon="121.5746885"/>
  <node id="10018219565" lat="24.6504011" lon="121.5746489"/>
  <node id="11016900330" lat="24.6504491" lon="121.5746327"/>
  <node id="11016900331" lat="24.6504774" lon="121.5746484"/>
  <node id="10018219566" lat="24.6504857" lon="121.5746709"/>
  <node id="11016900332" lat="24.6504716" lon="121.5747148"/>
  <node id="10018219567" lat="24.6504341" lon="121.5747672"/>
  <node id="10018219568" lat="24.6504141" lon="121.5748224"/>
  <node id="10018219569" lat="24.6504167" lon="121.5748763"/>
  <node id="10018219570" lat="24.6504449" lon="121.5749182"/>
  <node id="11016900333" lat="24.6504936" lon="121.5749398"/>
  <node id="10018219571" lat="24.6505379" lon="121.5749328"/>
  <node id="10018219572" lat="24.6505759" lon="121.5749082"/>
  <node id="11016900334" lat="24.6506092" lon="121.5748589"/>
  <node id="10018219573" lat="24.6506226" lon="121.5747982"/>
  <node id="11016900335" lat="24.6506384" lon="121.5747647"/>
  <node id="10018219574" lat="24.6506681" lon="121.5747465"/>
  <node id="11016900336" lat="24.6507255" lon="121.5747421"/>
  <node id="10018219575" lat="24.6508177" lon="121.5747587"/>
  <node id="10018219576" lat="24.6508934" lon="121.5747612"/>
  <node id="11016900337" lat="24.6509576" lon="121.5747526"/>
  <node id="10018219577" lat="24.6511000" lon="121.5747115"/>
  <node id="10018219578" lat="24.6512647" lon="121.5746537"/>
  <node id="10018219579" lat="24.6514157" lon="121.5745937"/>
  <node id="10018219580" lat="24.6514882" lon="121.5745557"/>
  <node id="10018219581" lat="24.6515093" lon="121.5745363"/>
  <node id="10018219582" lat="24.6515157" lon="121.5745056"/>
  <node id="10018219583" lat="24.6515093" lon="121.5744775"/>
  <node id="11016900338" lat="24.6514846" lon="121.5744567"/>
  <node id="10018219584" lat="24.6514443" lon="121.5744569"/>
  <node id="10018219585" lat="24.6512867" lon="121.5744667"/>
  <node id="10018219586" lat="24.6512371" lon="121.5744664"/>
  <node id="10018219587" lat="24.6511653" lon="121.5744581"/>
  <node id="10018219588" lat="24.6511296" lon="121.5744364"/>
  <node id="11016900339" lat="24.6511035" lon="121.5743991"/>
  <node id="11016900340" lat="24.6510914" lon="121.5743508"/>
  <node id="10018219589" lat="24.6510966" lon="121.5743053"/>
  <node id="10018219590" lat="24.6511583" lon="121.5742087"/>
  <node id="10018219591" lat="24.6511942" lon="121.5741646"/>
  <node id="11016900341" lat="24.6512074" lon="121.5741295"/>
  <node id="11016900342" lat="24.6512045" lon="121.5740890"/>
  <node id="11016900343" lat="24.6511821" lon="121.5740353"/>
  <node id="10018219592" lat="24.6511589" lon="121.5740227"/>
  <node id="10018219593" lat="24.6511192" lon="121.5740208"/>
  <node id="10018219594" lat="24.6510235" lon="121.5740300"/>
  <node id="10018219595" lat="24.6508644" lon="121.5740486"/>
  <node id="10018219596" lat="24.6507562" lon="121.5740850"/>
  <node id="10018219597" lat="24.6506976" lon="121.5740961"/>
  <node id="10018219598" lat="24.6506268" lon="121.5740987"/>
  <node id="10018219599" lat="24.6505573" lon="121.5740898"/>
  <node id="10018219600" lat="24.6504624" lon="121.5740492"/>
  <node id="10018219601" lat="24.6503366" lon="121.5739613"/>
  <node id="10018219602" lat="24.6502126" lon="121.5738566"/>
  <node id="11016900344" lat="24.6501910" lon="121.5738052"/>
  <node id="10018219603" lat="24.6501694" lon="121.5737175"/>
  <node id="10018219604" lat="24.6501453" lon="121.5734592"/>
  <node id="11016900345" lat="24.6501467" lon="121.5733363"/>
  <node id="10018219605" lat="24.6501671" lon="121.5732135"/>
  <node id="10018219606" lat="24.6502089" lon="121.5730949"/>
  <node id="10018219607" lat="24.6502738" lon="121.5729877"/>
  <node id="10018219608" lat="24.6503457" lon="121.5728244"/>
  <node id="10018219609" lat="24.6503735" lon="121.5726585"/>
  <node id="11016900346" lat="24.6503875" lon="121.5725606"/>
  <node id="10018219610" lat="24.6503910" lon="121.5724895"/>
  <node id="10018219611" lat="24.6503840" lon="121.5724339"/>
  <node id="11016900347" lat="24.6503605" lon="121.5723593"/>
  <node id="10018219612" lat="24.6503587" lon="121.5722981"/>
  <node id="10018219613" lat="24.6503687" lon="121.5722582"/>
  <node id="11016900348" lat="24.6504016" lon="121.5722258"/>
  <node id="10018219614" lat="24.6504527" lon="121.5722135"/>
  <node id="10018219615" lat="24.6505290" lon="121.5722080"/>
  <node id="11016900349" lat="24.6506075" lon="121.5721822"/>
  <node id="11016900350" lat="24.6506511" lon="121.5721377"/>
  <node id="10018219616" lat="24.6506939" lon="121.5720664"/>
  <node id="11016900351" lat="24.6507152" lon="121.5719807"/>
  <node id="10018229917" lat="24.6507191" lon="121.5718547"/>
  <node id="10018229918" lat="24.6507214" lon="121.5717424"/>
  <node id="11016900352" lat="24.6507025" lon="121.5716570"/>
  <node id="10018229919" lat="24.6506750" lon="121.5715715"/>
  <node id="10018229920" lat="24.6505985" lon="121.5714847"/>
  <node id="11016900353" lat="24.6505362" lon="121.5714436"/>
  <node id="10018229921" lat="24.6504634" lon="121.5713776"/>
  <node id="11016900354" lat="24.6504428" lon="121.5713466"/>
  <node id="10018229922" lat="24.6504362" lon="121.5713061"/>
  <node id="10018229923" lat="24.6504463" lon="121.5712326"/>
  <node id="10018229924" lat="24.6505220" lon="121.5709412"/>
  <node id="11016900355" lat="24.6505825" lon="121.5707600"/>
  <node id="10018229925" lat="24.6506101" lon="121.5706400"/>
  <node id="11016900356" lat="24.6506277" lon="121.5705322"/>
  <node id="10018229926" lat="24.6506359" lon="121.5704311"/>
  <node id="10018229927" lat="24.6506339" lon="121.5703039"/>
  <node id="10018229928" lat="24.6506058" lon="121.5701479"/>
  <node id="11016900357" lat="24.6506001" lon="121.5700758"/>
  <node id="10018229929" lat="24.6506031" lon="121.5699999"/>
  <node id="11016900358" lat="24.6506290" lon="121.5699133"/>
  <node id="11016900359" lat="24.6506880" lon="121.5698557"/>
  <node id="10018229930" lat="24.6508017" lon="121.5697961"/>
  <node id="10018229931" lat="24.6508930" lon="121.5697266"/>
  <node id="10018229932" lat="24.6511226" lon="121.5695250"/>
  <node id="10018229933" lat="24.6512316" lon="121.5693923"/>
  <node id="10018229934" lat="24.6512734" lon="121.5693208"/>
  <node id="10018229935" lat="24.6513546" lon="121.5691396"/>
  <node id="10018229936" lat="24.6513945" lon="121.5690097"/>
  <node id="10018229937" lat="24.6514618" lon="121.5687824"/>
  <node id="10018229938" lat="24.6515008" lon="121.5686494"/>
  <node id="10018229939" lat="24.6516022" lon="121.5684799"/>
  <node id="10018229940" lat="24.6517056" lon="121.5683469"/>
  <node id="10018229941" lat="24.6517836" lon="121.5682589"/>
  <node id="10018229942" lat="24.6518519" lon="121.5681666"/>
  <node id="10018229943" lat="24.6519084" lon="121.5680314"/>
  <node id="10018229944" lat="24.6519318" lon="121.5678598"/>
  <node id="10018229945" lat="24.6519396" lon="121.5676967"/>
  <node id="10018229946" lat="24.6519825" lon="121.5675701"/>
  <node id="10018229947" lat="24.6520118" lon="121.5675679"/>
  <node id="10018229948" lat="24.6520547" lon="121.5677375"/>
  <node id="10018229949" lat="24.6520937" lon="121.5679113"/>
  <node id="10018229950" lat="24.6521561" lon="121.5680422"/>
  <node id="11016900360" lat="24.6521879" lon="121.5680832"/>
  <node id="10018229951" lat="24.6522302" lon="121.5680937"/>
  <node id="11016900361" lat="24.6522444" lon="121.5680582"/>
  <node id="10018229952" lat="24.6522516" lon="121.5680035"/>
  <node id="10018229953" lat="24.6522107" lon="121.5678169"/>
  <node id="11016900362" lat="24.6522131" lon="121.5677223"/>
  <node id="10018229954" lat="24.6522329" lon="121.5676478"/>
  <node id="10018229955" lat="24.6522848" lon="121.5675293"/>
  <node id="10018229956" lat="24.6523297" lon="121.5675014"/>
  <node id="10018229957" lat="24.6523492" lon="121.5675379"/>
  <node id="10018229958" lat="24.6523667" lon="121.5677139"/>
  <node id="10018229959" lat="24.6524174" lon="121.5678920"/>
  <node id="11016900363" lat="24.6524427" lon="121.5679273"/>
  <node id="10018229960" lat="24.6524662" lon="121.5679435"/>
  <node id="10018229961" lat="24.6524935" lon="121.5679327"/>
  <node id="10018229962" lat="24.6525364" lon="121.5678447"/>
  <node id="10018229963" lat="24.6525695" lon="121.5677310"/>
  <node id="10018229964" lat="24.6525812" lon="121.5675787"/>
  <node id="10018229965" lat="24.6525832" lon="121.5674564"/>
  <node id="11016900364" lat="24.6525929" lon="121.5674084"/>
  <node id="10018229966" lat="24.6526183" lon="121.5673834"/>
  <node id="11016900365" lat="24.6526456" lon="121.5674035"/>
  <node id="10018229967" lat="24.6526729" lon="121.5674542"/>
  <node id="10018229968" lat="24.6527275" lon="121.5676151"/>
  <node id="10018229969" lat="24.6528034" lon="121.5677839"/>
  <node id="10018229970" lat="24.6528454" lon="121.5679207"/>
  <node id="10018229971" lat="24.6529167" lon="121.5680483"/>
  <node id="10018229972" lat="24.6529506" lon="121.5680736"/>
  <node id="11016900366" lat="24.6529725" lon="121.5680700"/>
  <node id="10018229973" lat="24.6529908" lon="121.5680550"/>
  <node id="10018229974" lat="24.6530126" lon="121.5679981"/>
  <node id="10018229975" lat="24.6530333" lon="121.5678397"/>
  <node id="10018229976" lat="24.6531331" lon="121.5673619"/>
  <node id="10018229977" lat="24.6532189" lon="121.5672675"/>
  <node id="10018229978" lat="24.6532989" lon="121.5671753"/>
  <node id="10018229979" lat="24.6533480" lon="121.5671355"/>
  <node id="11016900367" lat="24.6533838" lon="121.5671108"/>
  <node id="10018229980" lat="24.6534031" lon="121.5671168"/>
  <node id="11016900368" lat="24.6534108" lon="121.5671401"/>
  <node id="10018229981" lat="24.6534177" lon="121.5671969"/>
  <node id="10018229982" lat="24.6534352" lon="121.5672415"/>
  <node id="10018229983" lat="24.6534891" lon="121.5673059"/>
  <node id="11016900371" lat="24.6535543" lon="121.5673476"/>
  <node id="10018229984" lat="24.6536300" lon="121.5673567"/>
  <node id="10018229991" lat="24.6537600" lon="121.5673473"/>
  <node id="10018229985" lat="24.6538060" lon="121.5673769"/>
  <node id="10018229986" lat="24.6538439" lon="121.5674292"/>
  <node id="11016900372" lat="24.6538686" lon="121.5675172"/>
  <node id="11016900373" lat="24.6538661" lon="121.5675984"/>
  <node id="10018229987" lat="24.6538055" lon="121.5677361"/>
  <node id="10018229988" lat="24.6536957" lon="121.5679224"/>
  <node id="10018229989" lat="24.6535686" lon="121.5681314"/>
  <node id="10018229990" lat="24.6534889" lon="121.5683294"/>
  <node id="10019940381" lat="24.6667494" lon="121.6369664"/>
  <node id="10019940382" lat="24.6666469" lon="121.6371273"/>
  <node id="10019940383" lat="24.6665494" lon="121.6373150"/>
  <node id="10019940384" lat="24.6664958" lon="121.6373901"/>
  <node id="10019940385" lat="24.6664665" lon="121.6374116"/>
  <node id="10019940386" lat="24.6664372" lon="121.6374170"/>
  <node id="10019940387" lat="24.6664080" lon="121.6374170"/>
  <node id="10019940388" lat="24.6663494" lon="121.6373848"/>
  <node id="10019940389" lat="24.6662324" lon="121.6372936"/>
  <node id="10019940390" lat="24.6660666" lon="121.6372346"/>
  <node id="10019940391" lat="24.6656422" lon="121.6373258"/>
  <node id="10019940394" lat="24.6623829" lon="121.6350675"/>
  <node id="10019940395" lat="24.6615249" lon="121.6351962"/>
  <node id="10019940396" lat="24.6607724" lon="121.6351575"/>
  <node id="10019940401" lat="24.6607288" lon="121.6351536"/>
  <node id="10019940397" lat="24.6604681" lon="121.6351498"/>
  <node id="10019940398" lat="24.6603986" lon="121.6351517"/>
  <node id="10019940399" lat="24.6601150" lon="121.6351526"/>
  <node id="10019940400" lat="24.6594624" lon="121.6351568"/>
  <node id="10019949226" lat="24.6593561" lon="121.6351294"/>
  <node id="10019949227" lat="24.6590532" lon="121.6351294"/>
  <node id="4431004639" lat="24.6612175" lon="121.6370607"/>
  <node id="11840665247" lat="24.6636816" lon="121.6348928"/>
  <node id="10019940404" lat="24.6644840" lon="121.6343379"/>
  <node id="10019940406" lat="24.6651372" lon="121.6340858"/>
  <node id="10019940407" lat="24.6655613" lon="121.6340482"/>
  <node id="10019940408" lat="24.6632204" lon="121.6341824"/>
  <node id="10019940409" lat="24.6636406" lon="121.6340912"/>
  <node id="10019940410" lat="24.6639477" lon="121.6340643"/>
  <node id="10019940411" lat="24.6640793" lon="121.6338980"/>
  <node id="10019940413" lat="24.6650348" lon="121.6333187"/>
  <node id="10019940414" lat="24.6651811" lon="121.6337103"/>
  <node id="10019940415" lat="24.6651323" lon="121.6340321"/>
  <node id="11840665237" lat="24.6636515" lon="121.6312372"/>
  <node id="10019949218" lat="24.6639477" lon="121.6309690"/>
  <node id="10019949219" lat="24.6641914" lon="121.6308001"/>
  <node id="10019949220" lat="24.6644377" lon="121.6306043"/>
  <node id="10019949221" lat="24.6645107" lon="121.6304004"/>
  <node id="10019949222" lat="24.6605025" lon="121.6321279"/>
  <node id="10019949223" lat="24.6604586" lon="121.6329325"/>
  <node id="10019949224" lat="24.6606341" lon="121.6345203"/>
  <node id="10019949225" lat="24.6605515" lon="121.6347780"/>
  <node id="10019949230" lat="24.6661108" lon="121.6377601"/>
  <node id="10019949228" lat="24.6658352" lon="121.6378869"/>
  <node id="10019949233" lat="24.6691176" lon="121.6336460"/>
  <node id="10019949234" lat="24.6692301" lon="121.6335528"/>
  <node id="10019949235" lat="24.6693120" lon="121.6331654"/>
  <node id="11750228676" lat="24.6687717" lon="121.6313191"/>
  <node id="10019949237" lat="24.6687326" lon="121.6304948"/>
  <node id="10019949239" lat="24.6696975" lon="121.6388553"/>
  <node id="10019949241" lat="24.6712682" lon="121.6394731"/>
  <node id="10019949242" lat="24.6713260" lon="121.6392377"/>
  <node id="10019949244" lat="24.6715496" lon="121.6380284"/>
  <node id="10019949245" lat="24.6715061" lon="121.6384268"/>
  <node id="10019949247" lat="24.6743863" lon="121.6388493"/>
  <node id="10019949248" lat="24.6743326" lon="121.6388761"/>
  <node id="10019949249" lat="24.6742693" lon="121.6392730"/>
  <node id="10019949250" lat="24.6742449" lon="121.6397021"/>
  <node id="10293679517" lat="24.6771663" lon="121.6348858"/>
  <node id="10293679512" lat="24.6771635" lon="121.6353511"/>
  <node id="10293679514" lat="24.6771620" lon="121.6356029"/>
  <node id="10293679526" lat="24.6771552" lon="121.6367515"/>
  <node id="10293860763" lat="24.6771424" lon="121.6389049"/>
  <node id="10293860770" lat="24.6771399" lon="121.6393356"/>
  <node id="10293860761" lat="24.6771377" lon="121.6397088"/>
  <node id="10293650006" lat="24.6771343" lon="121.6402778"/>
  <node id="10293649988" lat="24.6771336" lon="121.6404053"/>
  <node id="10293679509" lat="24.6771328" lon="121.6405296"/>
  <node id="10293679528" lat="24.6771181" lon="121.6430067"/>
  <node id="10293650000" lat="24.6771121" lon="121.6440236"/>
  <node id="10293649989" lat="24.6771114" lon="121.6441428"/>
  <node id="10293650003" lat="24.6771106" lon="121.6442754"/>
  <node id="10293679523" lat="24.6771062" lon="121.6450141"/>
  <node id="10293679531" lat="24.6770922" lon="121.6473760"/>
  <node id="10293649991" lat="24.6770739" lon="121.6504618"/>
  <node id="10293649993" lat="24.6770645" lon="121.6506208"/>
  <node id="10293649985" lat="24.6770610" lon="121.6506796"/>
  <node id="10293649992" lat="24.6771100" lon="121.6528685"/>
  <node id="10293679527" lat="24.6772439" lon="121.6367518"/>
  <node id="3707842406" lat="24.6772306" lon="121.6389052"/>
  <node id="10293679515" lat="24.6772510" lon="121.6356034"/>
  <node id="10293679518" lat="24.6772555" lon="121.6348862"/>
  <node id="10293860768" lat="24.6772601" lon="121.6397096"/>
  <node id="3707842413" lat="24.6774960" lon="121.6397112"/>
  <node id="3707842412" lat="24.6774976" lon="121.6394119"/>
  <node id="4430939402" lat="24.6776806" lon="121.6393940"/>
  <node id="3707842416" lat="24.6776821" lon="121.6391677"/>
  <node id="10293860760" lat="24.6776287" lon="121.6389547"/>
  <node id="3707842415" lat="24.6776288" lon="121.6388168"/>
  <node id="10293860769" lat="24.6772661" lon="121.6388973"/>
  <node id="10297998977" lat="24.6409525" lon="121.5714750"/>
  <node id="10297998978" lat="24.6412069" lon="121.5714734"/>
  <node id="10297998979" lat="24.6412987" lon="121.5714636"/>
  <node id="10297998980" lat="24.6413848" lon="121.5714287"/>
  <node id="10297998981" lat="24.6415555" lon="121.5713062"/>
  <node id="10297998982" lat="24.6416221" lon="121.5712704"/>
  <node id="11030611107" lat="24.6417236" lon="121.5712433"/>
  <node id="11030611108" lat="24.6418459" lon="121.5712396"/>
  <node id="11030611109" lat="24.6420055" lon="121.5712601"/>
  <node id="10297998983" lat="24.6422301" lon="121.5712538"/>
  <node id="10297998984" lat="24.6435337" lon="121.5741065"/>
  <node id="10297998985" lat="24.6432699" lon="121.5735207"/>
  <node id="10297998986" lat="24.6422713" lon="121.5713153"/>
  <node id="10297998987" lat="24.6422226" lon="121.5711744"/>
  <node id="10297998988" lat="24.6416175" lon="121.5698060"/>
  <node id="11033126489" lat="24.6426656" lon="121.5745619"/>
  <node id="10297998989" lat="24.6426139" lon="121.5745890"/>
  <node id="10297998990" lat="24.6425506" lon="121.5746829"/>
  <node id="10297998991" lat="24.6423994" lon="121.5750583"/>
  <node id="10297998992" lat="24.6423409" lon="121.5751415"/>
  <node id="11033126490" lat="24.6422919" lon="121.5751824"/>
  <node id="10297998993" lat="24.6420581" lon="121.5753775"/>
  <node id="10297998994" lat="24.6418924" lon="121.5755438"/>
  <node id="11033126493" lat="24.6418319" lon="121.5756174"/>
  <node id="11033126477" lat="24.6413384" lon="121.5762171"/>
  <node id="10297998995" lat="24.6410538" lon="121.5765630"/>
  <node id="10297998996" lat="24.6409855" lon="121.5766274"/>
  <node id="10297998997" lat="24.6408247" lon="121.5766810"/>
  <node id="10297998998" lat="24.6406199" lon="121.5767078"/>
  <node id="11030611103" lat="24.6437495" lon="121.5745902"/>
  <node id="11030611104" lat="24.6438155" lon="121.5747501"/>
  <node id="10297999000" lat="24.6439287" lon="121.5750832"/>
  <node id="10297999001" lat="24.6448063" lon="121.5783332"/>
  <node id="11031562947" lat="24.6448925" lon="121.5785434"/>
  <node id="10297999002" lat="24.6449490" lon="121.5786814"/>
  <node id="10297999003" lat="24.6450681" lon="121.5793910"/>
  <node id="11031562933" lat="24.6450770" lon="121.5795522"/>
  <node id="10297999004" lat="24.6451056" lon="121.5800737"/>
  <node id="11030752255" lat="24.6359349" lon="121.5768164"/>
  <node id="10297999005" lat="24.6359755" lon="121.5772656"/>
  <node id="10297999006" lat="24.6360100" lon="121.5773975"/>
  <node id="10297999007" lat="24.6360618" lon="121.5774957"/>
  <node id="10298039609" lat="24.6359896" lon="121.5672687"/>
  <node id="11033346706" lat="24.6360482" lon="121.5674437"/>
  <node id="10298039610" lat="24.6360608" lon="121.5675025"/>
  <node id="11033346705" lat="24.6360540" lon="121.5676274"/>
  <node id="10298039611" lat="24.6360320" lon="121.5677270"/>
  <node id="10298039612" lat="24.6359877" lon="121.5678029"/>
  <node id="10298039613" lat="24.6357098" lon="121.5680925"/>
  <node id="11033346707" lat="24.6356618" lon="121.5681875"/>
  <node id="4431004651" lat="24.6613797" lon="121.6317399"/>
  <node id="4431004650" lat="24.6613651" lon="121.6317989"/>
  <node id="3707841672" lat="24.6612993" lon="121.6332701"/>
  <node id="4431004646" lat="24.6612725" lon="121.6341230"/>
  <node id="4431004640" lat="24.6612286" lon="121.6342652"/>
  <node id="4431004635" lat="24.6607892" lon="121.6351094"/>
  <node id="4431004633" lat="24.6607386" lon="121.6352697"/>
  <node id="3707841647" lat="24.6607313" lon="121.6356264"/>
  <node id="4431004634" lat="24.6607801" lon="121.6359925"/>
  <node id="4431004636" lat="24.6608386" lon="121.6361655"/>
  <node id="4431004638" lat="24.6610494" lon="121.6364753"/>
  <node id="3707841661" lat="24.6611128" lon="121.6366242"/>
  <node id="4431004642" lat="24.6612463" lon="121.6373933"/>
  <node id="4431004647" lat="24.6612785" lon="121.6375871"/>
  <node id="4431004649" lat="24.6613243" lon="121.6377816"/>
  <node id="3707841676" lat="24.6613761" lon="121.6379284"/>
  <node id="4431004652" lat="24.6614248" lon="121.6381846"/>
  <node id="4431004654" lat="24.6614565" lon="121.6384796"/>
  <node id="4431004655" lat="24.6614705" lon="121.6385192"/>
  <node id="4431004657" lat="24.6616125" lon="121.6388645"/>
  <node id="4431004658" lat="24.6616448" lon="121.6389765"/>
  <node id="4431004659" lat="24.6616978" lon="121.6392943"/>
  <node id="3707841698" lat="24.6617295" lon="121.6394814"/>
  <node id="4431004660" lat="24.6617246" lon="121.6397630"/>
  <node id="3707841691" lat="24.6616515" lon="121.6403182"/>
  <node id="3707841690" lat="24.6615991" lon="121.6404738"/>
  <node id="4430915593" lat="24.6615587" lon="121.6406720"/>
  <node id="3707841668" lat="24.6611860" lon="121.6418882"/>
  <node id="4430915477" lat="24.6610890" lon="121.6421559"/>
  <node id="4430915466" lat="24.6609378" lon="121.6423544"/>
  <node id="3707841620" lat="24.6603496" lon="121.6429151"/>
  <node id="4430915440" lat="24.6602602" lon="121.6430518"/>
  <node id="3707841612" lat="24.6601921" lon="121.6432102"/>
  <node id="4430915437" lat="24.6601895" lon="121.6434300"/>
  <node id="3707841618" lat="24.6602222" lon="121.6436210"/>
  <node id="4430915444" lat="24.6603492" lon="121.6438361"/>
  <node id="4430915450" lat="24.6605429" lon="121.6441649"/>
  <node id="3707841636" lat="24.6606481" lon="121.6444599"/>
  <node id="4430915458" lat="24.6606819" lon="121.6446879"/>
  <node id="3707841641" lat="24.6606478" lon="121.6458988"/>
  <node id="4430915452" lat="24.6605576" lon="121.6462275"/>
  <node id="3707841623" lat="24.6604142" lon="121.6464223"/>
  <node id="3707841591" lat="24.6595454" lon="121.6473815"/>
  <node id="4430915502" lat="24.6594216" lon="121.6475928"/>
  <node id="4430915500" lat="24.6593973" lon="121.6478476"/>
  <node id="3707841598" lat="24.6596504" lon="121.6486828"/>
  <node id="4430915513" lat="24.6597556" lon="121.6490653"/>
  <node id="3707841599" lat="24.6597795" lon="121.6499061"/>
  <node id="11005207808" lat="24.6744635" lon="121.6282277"/>
  <node id="4430939252" lat="24.6747745" lon="121.6285397"/>
  <node id="11005207807" lat="24.6759742" lon="121.6299678"/>
  <node id="4430939398" lat="24.6770474" lon="121.6313099"/>
  <node id="4430939400" lat="24.6778161" lon="121.6322627"/>
  <node id="988504668" lat="24.6787104" lon="121.6334157"/>
  <node id="4430939411" lat="24.6787334" lon="121.6334648"/>
  <node id="4430939412" lat="24.6787453" lon="121.6335267"/>
  <node id="11005207810" lat="24.6787488" lon="121.6335971"/>
  <node id="4430939410" lat="24.6787312" lon="121.6336726"/>
  <node id="11005207814" lat="24.6785404" lon="121.6340532"/>
  <node id="4430939406" lat="24.6785056" lon="121.6341707"/>
  <node id="11005207811" lat="24.6784974" lon="121.6343188"/>
  <node id="11005207812" lat="24.6785091" lon="121.6344213"/>
  <node id="988504670" lat="24.6785290" lon="121.6345070"/>
  <node id="11005207813" lat="24.6785617" lon="121.6345741"/>
  <node id="4430939407" lat="24.6786131" lon="121.6346349"/>
  <node id="4430939409" lat="24.6786817" lon="121.6346919"/>
  <node id="11005207867" lat="24.6711030" lon="121.6195117"/>
  <node id="11005207868" lat="24.6711973" lon="121.6195426"/>
  <node id="11005207869" lat="24.6712987" lon="121.6195473"/>
  <node id="11005207870" lat="24.6714591" lon="121.6195101"/>
  <node id="11005207871" lat="24.6714507" lon="121.6194295"/>
  <node id="11005207872" lat="24.6714577" lon="121.6193443"/>
  <node id="11005207873" lat="24.6714718" lon="121.6191616"/>
  <node id="11005207874" lat="24.6715028" lon="121.6190159"/>
  <node id="11005207876" lat="24.6715049" lon="121.6196382"/>
  <node id="11005207877" lat="24.6715926" lon="121.6197804"/>
  <node id="11005207878" lat="24.6717437" lon="121.6199681"/>
  <node id="11005327972" lat="24.6717862" lon="121.6200229"/>
  <node id="11005207879" lat="24.6718290" lon="121.6200781"/>
  <node id="11005207880" lat="24.6718802" lon="121.6201961"/>
  <node id="11005207881" lat="24.6719338" lon="121.6204000"/>
  <node id="11005207882" lat="24.6719533" lon="121.6205260"/>
  <node id="11005207883" lat="24.6719485" lon="121.6206146"/>
  <node id="11005207884" lat="24.6719192" lon="121.6206628"/>
  <node id="11005314118" lat="24.6716655" lon="121.6207821"/>
  <node id="11005207885" lat="24.6714342" lon="121.6208908"/>
  <node id="11005218190" lat="24.6770173" lon="121.6313304"/>
  <node id="11005218187" lat="24.6769616" lon="121.6313683"/>
  <node id="11005218185" lat="24.6769046" lon="121.6314041"/>
  <node id="11005218188" lat="24.6766982" lon="121.6315159"/>
  <node id="11005218189" lat="24.6766714" lon="121.6315481"/>
  <node id="11005218181" lat="24.6766597" lon="121.6315704"/>
  <node id="11005218182" lat="24.6765935" lon="121.6316829"/>
  <node id="11005290092" lat="24.6707124" lon="121.6253596"/>
  <node id="11005290093" lat="24.6708150" lon="121.6253749"/>
  <node id="11005290094" lat="24.6709038" lon="121.6254039"/>
  <node id="11005290095" lat="24.6710464" lon="121.6254630"/>
  <node id="11005290096" lat="24.6711020" lon="121.6254684"/>
  <node id="11005290097" lat="24.6711577" lon="121.6254533"/>
  <node id="11005290098" lat="24.6712075" lon="121.6254222"/>
  <node id="11005290099" lat="24.6712533" lon="121.6253545"/>
  <node id="11005290100" lat="24.6712880" lon="121.6252949"/>
  <node id="11005328027" lat="24.6696764" lon="121.6194800"/>
  <node id="11005328028" lat="24.6697006" lon="121.6194738"/>
  <node id="11005328029" lat="24.6697345" lon="121.6194515"/>
  <node id="11005328040" lat="24.6697559" lon="121.6194224"/>
  <node id="11005328030" lat="24.6697728" lon="121.6193993"/>
  <node id="11005328120" lat="24.6698279" lon="121.6192976"/>
  <node id="11005328031" lat="24.6698574" lon="121.6192431"/>
  <node id="11005884529" lat="24.6634167" lon="121.6178182"/>
  <node id="11005884563" lat="24.6634002" lon="121.6176832"/>
  <node id="11005884530" lat="24.6633769" lon="121.6175989"/>
  <node id="9948222909" lat="24.6633482" lon="121.6175423"/>
  <node id="11005884531" lat="24.6633343" lon="121.6175215"/>
  <node id="11005884555" lat="24.6632899" lon="121.6174607"/>
  <node id="11005884532" lat="24.6632591" lon="121.6174044"/>
  <node id="11005884533" lat="24.6632456" lon="121.6173383"/>
  <node id="11005884522" lat="24.6632541" lon="121.6171291"/>
  <node id="11005884523" lat="24.6632835" lon="121.6170291"/>
  <node id="11005884524" lat="24.6632581" lon="121.6169268"/>
  <node id="11005884525" lat="24.6630316" lon="121.6165380"/>
  <node id="11005884534" lat="24.6630170" lon="121.6164649"/>
  <node id="11005884672" lat="24.6616578" lon="121.6151088"/>
  <node id="13844815775" lat="24.6617161" lon="121.6150732"/>
  <node id="13844815776" lat="24.6619155" lon="121.6148940"/>
  <node id="13844815773" lat="24.6620067" lon="121.6147778"/>
  <node id="13844815772" lat="24.6621069" lon="121.6146913"/>
  <node id="13844815774" lat="24.6621977" lon="121.6146360"/>
  <node id="11005884673" lat="24.6622470" lon="121.6145985"/>
  <node id="11005884681" lat="24.6623873" lon="121.6144816"/>
  <node id="11005884674" lat="24.6624877" lon="121.6143912"/>
  <node id="11005884675" lat="24.6625318" lon="121.6143775"/>
  <node id="11005884676" lat="24.6626187" lon="121.6144017"/>
  <node id="13844815771" lat="24.6627713" lon="121.6144708"/>
  <node id="11005884677" lat="24.6628297" lon="121.6145179"/>
  <node id="11005886534" lat="24.6661127" lon="121.6120133"/>
  <node id="11006110993" lat="24.6658122" lon="121.6117499"/>
  <node id="11005886535" lat="24.6657095" lon="121.6116599"/>
  <node id="11005886536" lat="24.6655042" lon="121.6114877"/>
  <node id="11890758761" lat="24.6653604" lon="121.6113706"/>
  <node id="11005886545" lat="24.6648128" lon="121.6109247"/>
  <node id="11005886546" lat="24.6644705" lon="121.6106847"/>
  <node id="11890758762" lat="24.6638395" lon="121.6102521"/>
  <node id="11890758763" lat="24.6613554" lon="121.6088655"/>
  <node id="11890758764" lat="24.6606111" lon="121.6085708"/>
  <node id="11005886540" lat="24.6664891" lon="121.6124685"/>
  <node id="11005886541" lat="24.6664682" lon="121.6126026"/>
  <node id="11005886527" lat="24.6664453" lon="121.6128741"/>
  <node id="4431031686" lat="24.6582499" lon="121.6173854"/>
  <node id="11006277095" lat="24.6584818" lon="121.6174720"/>
  <node id="11006277096" lat="24.6586383" lon="121.6174905"/>
  <node id="11006277097" lat="24.6587114" lon="121.6174561"/>
  <node id="13844667393" lat="24.6587467" lon="121.6173997"/>
  <node id="11006277099" lat="24.6587477" lon="121.6173298"/>
  <node id="11006277102" lat="24.6587414" lon="121.6171377"/>
  <node id="11006277104" lat="24.6587488" lon="121.6170495"/>
  <node id="11006277106" lat="24.6588303" lon="121.6168498"/>
  <node id="11006277107" lat="24.6592113" lon="121.6160877"/>
  <node id="11006277108" lat="24.6593482" lon="121.6159454"/>
  <node id="11006277109" lat="24.6594189" lon="121.6158457"/>
  <node id="13844667392" lat="24.6594636" lon="121.6157106"/>
  <node id="13844667391" lat="24.6594300" lon="121.6155980"/>
  <node id="8692445754" lat="24.6479768" lon="121.6314048"/>
  <node id="8692445755" lat="24.6478282" lon="121.6313646"/>
  <node id="8692445766" lat="24.6477330" lon="121.6312660"/>
  <node id="8692445756" lat="24.6476217" lon="121.6311851"/>
  <node id="8692445761" lat="24.6476171" lon="121.6311477"/>
  <node id="8692445760" lat="24.6476341" lon="121.6311259"/>
  <node id="8692445759" lat="24.6477237" lon="121.6311338"/>
  <node id="11006277265" lat="24.6477737" lon="121.6311152"/>
  <node id="8692445764" lat="24.6478688" lon="121.6311035"/>
  <node id="8692445757" lat="24.6478796" lon="121.6310734"/>
  <node id="8692445765" lat="24.6478713" lon="121.6310479"/>
  <node id="8692445763" lat="24.6478300" lon="121.6310196"/>
  <node id="8692445762" lat="24.6477428" lon="121.6310053"/>
  <node id="8692445758" lat="24.6475507" lon="121.6309976"/>
  <node id="8692445831" lat="24.6473551" lon="121.6310353"/>
  <node id="8692445833" lat="24.6472656" lon="121.6311618"/>
  <node id="8692445832" lat="24.6471761" lon="121.6312328"/>
  <node id="8692445830" lat="24.6469635" lon="121.6313318"/>
  <node id="8692445835" lat="24.6467775" lon="121.6313137"/>
  <node id="8692445834" lat="24.6465914" lon="121.6312462"/>
  <node id="8692445836" lat="24.6464810" lon="121.6312528"/>
  <node id="8692445793" lat="24.6463706" lon="121.6313147"/>
  <node id="8692445841" lat="24.6461342" lon="121.6316746"/>
  <node id="8692445843" lat="24.6460022" lon="121.6320142"/>
  <node id="8692445842" lat="24.6459599" lon="121.6321072"/>
  <node id="8692445794" lat="24.6458977" lon="121.6321516"/>
  <node id="8692445840" lat="24.6458234" lon="121.6321233"/>
  <node id="8692445839" lat="24.6457940" lon="121.6320395"/>
  <node id="8692445837" lat="24.6457687" lon="121.6318965"/>
  <node id="8692445838" lat="24.6456398" lon="121.6317474"/>
  <node id="11006277267" lat="24.6455859" lon="121.6316847"/>
  <node id="8692445795" lat="24.6455109" lon="121.6316414"/>
  <node id="8692445796" lat="24.6452357" lon="121.6317686"/>
  <node id="11006277268" lat="24.6451342" lon="121.6317702"/>
  <node id="8692445797" lat="24.6448044" lon="121.6315753"/>
  <node id="11006277269" lat="24.6447232" lon="121.6315007"/>
  <node id="8692445844" lat="24.6447035" lon="121.6314391"/>
  <node id="8692445798" lat="24.6449742" lon="121.6311549"/>
  <node id="11006277270" lat="24.6450690" lon="121.6307960"/>
  <node id="8692445799" lat="24.6450643" lon="121.6307399"/>
  <node id="8692445800" lat="24.6449311" lon="121.6304965"/>
  <node id="8692445845" lat="24.6449182" lon="121.6304111"/>
  <node id="8692445846" lat="24.6449469" lon="121.6303890"/>
  <node id="8692445801" lat="24.6449865" lon="121.6303996"/>
  <node id="11006277271" lat="24.6451885" lon="121.6306845"/>
  <node id="8692445802" lat="24.6452442" lon="121.6307986"/>
  <node id="8692445848" lat="24.6452422" lon="121.6310338"/>
  <node id="8692445803" lat="24.6452459" lon="121.6310902"/>
  <node id="11006277272" lat="24.6452733" lon="121.6311228"/>
  <node id="8692445847" lat="24.6453358" lon="121.6311201"/>
  <node id="8692445804" lat="24.6453590" lon="121.6310964"/>
  <node id="8692445849" lat="24.6453949" lon="121.6309727"/>
  <node id="8692445805" lat="24.6454700" lon="121.6308920"/>
  <node id="8692445850" lat="24.6455069" lon="121.6308487"/>
  <node id="8692445855" lat="24.6458039" lon="121.6307320"/>
  <node id="8692445856" lat="24.6460096" lon="121.6306379"/>
  <node id="8692445806" lat="24.6461010" lon="121.6305590"/>
  <node id="8692445851" lat="24.6461872" lon="121.6304841"/>
  <node id="8692445854" lat="24.6462126" lon="121.6304452"/>
  <node id="8692445852" lat="24.6462234" lon="121.6304064"/>
  <node id="8692445853" lat="24.6462012" lon="121.6303675"/>
  <node id="8692445807" lat="24.6461718" lon="121.6303636"/>
  <node id="8692445857" lat="24.6460072" lon="121.6304956"/>
  <node id="8692445808" lat="24.6458559" lon="121.6305224"/>
  <node id="8692445858" lat="24.6457155" lon="121.6305320"/>
  <node id="8692445859" lat="24.6456075" lon="121.6305485"/>
  <node id="8692445809" lat="24.6455482" lon="121.6305465"/>
  <node id="8692445861" lat="24.6455142" lon="121.6305229"/>
  <node id="8692445860" lat="24.6454947" lon="121.6304693"/>
  <node id="8692445810" lat="24.6454408" lon="121.6300870"/>
  <node id="8692445864" lat="24.6454580" lon="121.6300709"/>
  <node id="8692445862" lat="24.6454886" lon="121.6300635"/>
  <node id="8692445863" lat="24.6455126" lon="121.6300729"/>
  <node id="8692445811" lat="24.6455365" lon="121.6300977"/>
  <node id="8692445812" lat="24.6455906" lon="121.6302993"/>
  <node id="8692445866" lat="24.6456315" lon="121.6303386"/>
  <node id="8692445865" lat="24.6456724" lon="121.6303390"/>
  <node id="8692445867" lat="24.6457051" lon="121.6303056"/>
  <node id="8692445813" lat="24.6457073" lon="121.6302634"/>
  <node id="8692445868" lat="24.6455845" lon="121.6298906"/>
  <node id="8692445814" lat="24.6455466" lon="121.6294759"/>
  <node id="8692445869" lat="24.6454042" lon="121.6292243"/>
  <node id="8692445815" lat="24.6454606" lon="121.6286738"/>
  <node id="8692445871" lat="24.6454527" lon="121.6286252"/>
  <node id="8692445870" lat="24.6454139" lon="121.6286043"/>
  <node id="8692445872" lat="24.6453823" lon="121.6286172"/>
  <node id="8692445816" lat="24.6453673" lon="121.6286364"/>
  <node id="8692445817" lat="24.6452781" lon="121.6290334"/>
  <node id="8692445818" lat="24.6452484" lon="121.6291024"/>
  <node id="8692445876" lat="24.6452335" lon="121.6291352"/>
  <node id="8692445874" lat="24.6452069" lon="121.6291513"/>
  <node id="8692445873" lat="24.6451653" lon="121.6291278"/>
  <node id="8692445819" lat="24.6451453" lon="121.6290777"/>
  <node id="8692445877" lat="24.6451372" lon="121.6288449"/>
  <node id="8692445875" lat="24.6450844" lon="121.6287508"/>
  <node id="8692445820" lat="24.6450234" lon="121.6286458"/>
  <node id="8692445821" lat="24.6447432" lon="121.6283298"/>
  <node id="8692445878" lat="24.6446809" lon="121.6282621"/>
  <node id="8692445880" lat="24.6446688" lon="121.6282209"/>
  <node id="8692445879" lat="24.6446819" lon="121.6281797"/>
  <node id="8692445822" lat="24.6447306" lon="121.6281621"/>
  <node id="8692445881" lat="24.6450005" lon="121.6282794"/>
  <node id="8692445882" lat="24.6450844" lon="121.6282857"/>
  <node id="8692445823" lat="24.6451683" lon="121.6282582"/>
  <node id="8692445824" lat="24.6454132" lon="121.6279419"/>
  <node id="8692445883" lat="24.6453622" lon="121.6275555"/>
  <node id="8692445825" lat="24.6454119" lon="121.6274772"/>
  <node id="8692445884" lat="24.6453663" lon="121.6273946"/>
  <node id="8692445826" lat="24.6453291" lon="121.6273335"/>
  <node id="8692445888" lat="24.6453217" lon="121.6272924"/>
  <node id="8692445887" lat="24.6453452" lon="121.6272513"/>
  <node id="8692445886" lat="24.6454313" lon="121.6272030"/>
  <node id="8692445889" lat="24.6454501" lon="121.6271655"/>
  <node id="8692445827" lat="24.6454466" lon="121.6271156"/>
  <node id="8692445890" lat="24.6454189" lon="121.6270988"/>
  <node id="8692445885" lat="24.6453911" lon="121.6271036"/>
  <node id="8692445828" lat="24.6451886" lon="121.6272948"/>
  <node id="8692445894" lat="24.6451585" lon="121.6273110"/>
  <node id="8692445893" lat="24.6451312" lon="121.6272840"/>
  <node id="8692445891" lat="24.6451256" lon="121.6272362"/>
  <node id="8692445892" lat="24.6451340" lon="121.6271761"/>
  <node id="8692445829" lat="24.6451593" lon="121.6271560"/>
  <node id="11009348267" lat="24.6720790" lon="121.6058344"/>
  <node id="11009348266" lat="24.6720361" lon="121.6058340"/>
  <node id="11009358515" lat="24.6756856" lon="121.6024321"/>
  <node id="11009358516" lat="24.6757392" lon="121.6024831"/>
  <node id="11009358517" lat="24.6758294" lon="121.6026131"/>
  <node id="11009358518" lat="24.6759098" lon="121.6026815"/>
  <node id="11009358519" lat="24.6760086" lon="121.6027459"/>
  <node id="11009358520" lat="24.6760792" lon="121.6027674"/>
  <node id="11009358521" lat="24.6761450" lon="121.6027727"/>
  <node id="11009358522" lat="24.6762230" lon="121.6027982"/>
  <node id="11009358523" lat="24.6763546" lon="121.6028197"/>
  <node id="11009358524" lat="24.6764509" lon="121.6027969"/>
  <node id="11009358525" lat="24.6765265" lon="121.6027634"/>
  <node id="11009358526" lat="24.6767958" lon="121.6025971"/>
  <node id="11009358527" lat="24.6768579" lon="121.6025635"/>
  <node id="11009358528" lat="24.6769213" lon="121.6025434"/>
  <node id="11009381462" lat="24.6769507" lon="121.6025394"/>
  <node id="11009358529" lat="24.6769987" lon="121.6025459"/>
  <node id="11009381461" lat="24.6770644" lon="121.6025721"/>
  <node id="11009358530" lat="24.6771092" lon="121.6025825"/>
  <node id="11009381460" lat="24.6771287" lon="121.6025905"/>
  <node id="11009358531" lat="24.6771405" lon="121.6026140"/>
  <node id="11009358532" lat="24.6771407" lon="121.6026306"/>
  <node id="11009358533" lat="24.6771248" lon="121.6026418"/>
  <node id="11009358534" lat="24.6771029" lon="121.6026489"/>
  <node id="11009358535" lat="24.6770444" lon="121.6026520"/>
  <node id="11009358536" lat="24.6769944" lon="121.6026614"/>
  <node id="11009358537" lat="24.6769518" lon="121.6026963"/>
  <node id="11009358538" lat="24.6768518" lon="121.6028586"/>
  <node id="11009358539" lat="24.6767916" lon="121.6030169"/>
  <node id="11009358540" lat="24.6767215" lon="121.6032046"/>
  <node id="11009358541" lat="24.6766873" lon="121.6033253"/>
  <node id="11009358542" lat="24.6766781" lon="121.6033991"/>
  <node id="11009358543" lat="24.6766825" lon="121.6034755"/>
  <node id="11009358544" lat="24.6767063" lon="121.6035510"/>
  <node id="11009358545" lat="24.6767300" lon="121.6036705"/>
  <node id="11009358546" lat="24.6767251" lon="121.6038529"/>
  <node id="11009260599" lat="24.6767066" lon="121.6027802"/>
  <node id="11009260600" lat="24.6766447" lon="121.6029242"/>
  <node id="11009358497" lat="24.6766151" lon="121.6029992"/>
  <node id="11009358562" lat="24.6765336" lon="121.6031353"/>
  <node id="11009358498" lat="24.6763848" lon="121.6033841"/>
  <node id="11009381407" lat="24.6763366" lon="121.6034686"/>
  <node id="11009260601" lat="24.6762407" lon="121.6036368"/>
  <node id="11009260602" lat="24.6762273" lon="121.6037034"/>
  <node id="11009260603" lat="24.6762351" lon="121.6037414"/>
  <node id="11009260604" lat="24.6762569" lon="121.6037600"/>
  <node id="11009381405" lat="24.6762879" lon="121.6037631"/>
  <node id="11009381406" lat="24.6764054" lon="121.6037460"/>
  <node id="11009381412" lat="24.6764504" lon="121.6037491"/>
  <node id="11009381413" lat="24.6765152" lon="121.6037724"/>
  <node id="11009381414" lat="24.6765652" lon="121.6038088"/>
  <node id="11009381415" lat="24.6766289" lon="121.6038308"/>
  <node id="11009358581" lat="24.6767965" lon="121.6038914"/>
  <node id="11009358582" lat="24.6768521" lon="121.6038962"/>
  <node id="11009358583" lat="24.6769263" lon="121.6038913"/>
  <node id="11009381423" lat="24.6769631" lon="121.6038821"/>
  <node id="11009381422" lat="24.6770006" lon="121.6038682"/>
  <node id="11009381421" lat="24.6770198" lon="121.6038724"/>
  <node id="11009381420" lat="24.6770295" lon="121.6038876"/>
  <node id="11009381419" lat="24.6770322" lon="121.6039179"/>
  <node id="11009381418" lat="24.6770220" lon="121.6039538"/>
  <node id="11009381417" lat="24.6769959" lon="121.6039821"/>
  <node id="11009381416" lat="24.6768819" lon="121.6040264"/>
  <node id="11009381424" lat="24.6767860" lon="121.6040632"/>
  <node id="11009381425" lat="24.6767327" lon="121.6040929"/>
  <node id="11009381426" lat="24.6766795" lon="121.6041274"/>
  <node id="11009381427" lat="24.6766457" lon="121.6041692"/>
  <node id="11009381428" lat="24.6766305" lon="121.6042036"/>
  <node id="11009381429" lat="24.6766296" lon="121.6042399"/>
  <node id="11009381491" lat="24.6766415" lon="121.6043419"/>
  <node id="11009381430" lat="24.6766567" lon="121.6044724"/>
  <node id="11009381431" lat="24.6766524" lon="121.6046854"/>
  <node id="11009381432" lat="24.6766448" lon="121.6048863"/>
  <node id="11009381433" lat="24.6766516" lon="121.6049105"/>
  <node id="11009381434" lat="24.6766727" lon="121.6049142"/>
  <node id="11009381435" lat="24.6767074" lon="121.6048965"/>
  <node id="11009381436" lat="24.6768358" lon="121.6047607"/>
  <node id="11009381437" lat="24.6769542" lon="121.6046742"/>
  <node id="11009381438" lat="24.6770294" lon="121.6046417"/>
  <node id="11009381439" lat="24.6771519" lon="121.6046054"/>
  <node id="11009381440" lat="24.6772178" lon="121.6045961"/>
  <node id="11009381441" lat="24.6772880" lon="121.6045701"/>
  <node id="11009381442" lat="24.6773877" lon="121.6045152"/>
  <node id="11009381443" lat="24.6774579" lon="121.6044585"/>
  <node id="11009381444" lat="24.6774841" lon="121.6044259"/>
  <node id="11009381445" lat="24.6775010" lon="121.6043748"/>
  <node id="11009381446" lat="24.6775086" lon="121.6042985"/>
  <node id="11009381447" lat="24.6775221" lon="121.6042445"/>
  <node id="11009381448" lat="24.6775584" lon="121.6041850"/>
  <node id="11009381449" lat="24.6776151" lon="121.6041580"/>
  <node id="11009381450" lat="24.6776903" lon="121.6041320"/>
  <node id="11009381451" lat="24.6777494" lon="121.6040994"/>
  <node id="11009381452" lat="24.6777917" lon="121.6041032"/>
  <node id="11009381453" lat="24.6778238" lon="121.6041292"/>
  <node id="11009381454" lat="24.6778508" lon="121.6041934"/>
  <node id="11009381455" lat="24.6779945" lon="121.6045561"/>
  <node id="11009381456" lat="24.6780257" lon="121.6046208"/>
  <node id="11009381457" lat="24.6780613" lon="121.6046621"/>
  <node id="11009381458" lat="24.6781280" lon="121.6047170"/>
  <node id="11009381459" lat="24.6782041" lon="121.6047537"/>
  <node id="11009381515" lat="24.6782246" lon="121.6047689"/>
  <node id="11009381510" lat="24.6782606" lon="121.6048200"/>
  <node id="11009381511" lat="24.6783349" lon="121.6049286"/>
  <node id="11009381512" lat="24.6784348" lon="121.6050466"/>
  <node id="11009381516" lat="24.6785682" lon="121.6051469"/>
  <node id="11009381513" lat="24.6787076" lon="121.6052337"/>
  <node id="11009381519" lat="24.6787774" lon="121.6052840"/>
  <node id="11009381520" lat="24.6788154" lon="121.6053248"/>
  <node id="11009381517" lat="24.6788391" lon="121.6053678"/>
  <node id="11009381518" lat="24.6788559" lon="121.6054468"/>
  <node id="11009381521" lat="24.6788975" lon="121.6057350"/>
  <node id="11009381522" lat="24.6789340" lon="121.6058924"/>
  <node id="11009381523" lat="24.6789858" lon="121.6060242"/>
  <node id="11009381524" lat="24.6790314" lon="121.6061214"/>
  <node id="11009381525" lat="24.6790994" lon="121.6062320"/>
  <node id="11009381526" lat="24.6791542" lon="121.6063034"/>
  <node id="11009381527" lat="24.6791948" lon="121.6063358"/>
  <node id="11009381528" lat="24.6792405" lon="121.6063526"/>
  <node id="11009381529" lat="24.6793166" lon="121.6063559"/>
  <node id="11009381530" lat="24.6793379" lon="121.6063738"/>
  <node id="11009381531" lat="24.6793480" lon="121.6064028"/>
  <node id="11009381532" lat="24.6793430" lon="121.6064319"/>
  <node id="11009381533" lat="24.6793278" lon="121.6064553"/>
  <node id="11009381534" lat="24.6792861" lon="121.6064799"/>
  <node id="11009381535" lat="24.6792293" lon="121.6064810"/>
  <node id="11009381536" lat="24.6788214" lon="121.6063939"/>
  <node id="11009381537" lat="24.6787026" lon="121.6063448"/>
  <node id="11009381538" lat="24.6786509" lon="121.6063247"/>
  <node id="11009381539" lat="24.6785697" lon="121.6062543"/>
  <node id="11009381540" lat="24.6784946" lon="121.6061493"/>
  <node id="11009381541" lat="24.6784743" lon="121.6060276"/>
  <node id="11009381542" lat="24.6784844" lon="121.6059595"/>
  <node id="11009381543" lat="24.6784753" lon="121.6059036"/>
  <node id="11009381544" lat="24.6784398" lon="121.6058668"/>
  <node id="11009381545" lat="24.6783860" lon="121.6058567"/>
  <node id="11009381546" lat="24.6782510" lon="121.6058857"/>
  <node id="11009381547" lat="24.6782206" lon="121.6059114"/>
  <node id="11009381548" lat="24.6782125" lon="121.6059595"/>
  <node id="11009381549" lat="24.6782307" lon="121.6060376"/>
  <node id="11009381550" lat="24.6783769" lon="121.6064732"/>
  <node id="11009381551" lat="24.6784317" lon="121.6066217"/>
  <node id="11009381552" lat="24.6786113" lon="121.6069981"/>
  <node id="11009381553" lat="24.6786509" lon="121.6070662"/>
  <node id="11009381554" lat="24.6787097" lon="121.6071377"/>
  <node id="11009381555" lat="24.6788650" lon="121.6072974"/>
  <node id="11009381556" lat="24.6789239" lon="121.6073544"/>
  <node id="11009381557" lat="24.6789573" lon="121.6073767"/>
  <node id="11009381558" lat="24.6790274" lon="121.6073968"/>
  <node id="11009381559" lat="24.6791806" lon="121.6074091"/>
  <node id="11009381560" lat="24.6793907" lon="121.6074147"/>
  <node id="11009381561" lat="24.6795419" lon="121.6074024"/>
  <node id="11009381562" lat="24.6795997" lon="121.6074046"/>
  <node id="11009381408" lat="24.6762914" lon="121.6034951"/>
  <node id="11009381409" lat="24.6762470" lon="121.6035113"/>
  <node id="11009381410" lat="24.6762119" lon="121.6035144"/>
  <node id="11009381411" lat="24.6761661" lon="121.6035046"/>
  <node id="11009381729" lat="24.6736770" lon="121.6053619"/>
  <node id="11009381728" lat="24.6736699" lon="121.6054311"/>
  <node id="11009381727" lat="24.6736800" lon="121.6055573"/>
  <node id="11009381695" lat="24.6737005" lon="121.6056653"/>
  <node id="11009381696" lat="24.6737493" lon="121.6058611"/>
  <node id="11009381697" lat="24.6737810" lon="121.6059617"/>
  <node id="11009381684" lat="24.6738114" lon="121.6061602"/>
  <node id="11009381698" lat="24.6738005" lon="121.6064726"/>
  <node id="11009381699" lat="24.6738090" lon="121.6065853"/>
  <node id="11009381700" lat="24.6738382" lon="121.6067127"/>
  <node id="11009381690" lat="24.6738614" lon="121.6067811"/>
  <node id="11009381701" lat="24.6738602" lon="121.6067999"/>
  <node id="11009381702" lat="24.6738419" lon="121.6068361"/>
  <node id="11009381703" lat="24.6737505" lon="121.6069729"/>
  <node id="11009381704" lat="24.6737347" lon="121.6070413"/>
  <node id="11009381705" lat="24.6737225" lon="121.6071459"/>
  <node id="11009381706" lat="24.6737432" lon="121.6072585"/>
  <node id="11009381707" lat="24.6737822" lon="121.6073470"/>
  <node id="11009381708" lat="24.6738395" lon="121.6074208"/>
  <node id="11009381709" lat="24.6739967" lon="121.6075683"/>
  <node id="11009381710" lat="24.6741027" lon="121.6076340"/>
  <node id="11009381711" lat="24.6741929" lon="121.6076649"/>
  <node id="11009381712" lat="24.6743659" lon="121.6077024"/>
  <node id="11009381713" lat="24.6746328" lon="121.6077239"/>
  <node id="11009381714" lat="24.6747205" lon="121.6077145"/>
  <node id="11009381715" lat="24.6748729" lon="121.6076689"/>
  <node id="11009381716" lat="24.6749679" lon="121.6076166"/>
  <node id="11009381717" lat="24.6750350" lon="121.6075737"/>
  <node id="11009381718" lat="24.6751568" lon="121.6075683"/>
  <node id="11009381719" lat="24.6752531" lon="121.6075844"/>
  <node id="11009381720" lat="24.6753152" lon="121.6075750"/>
  <node id="11009717169" lat="24.6780746" lon="121.6078566"/>
  <node id="11009717170" lat="24.6784471" lon="121.6075815"/>
  <node id="11015187226" lat="24.6662944" lon="121.6114202"/>
  <node id="11015187225" lat="24.6662708" lon="121.6112862"/>
  <node id="11015187224" lat="24.6662860" lon="121.6110649"/>
  <node id="8933450888" lat="24.6664847" lon="121.6102365"/>
  <node id="11015187223" lat="24.6666900" lon="121.6094540"/>
  <node id="11015187222" lat="24.6668540" lon="121.6086169"/>
  <node id="11015187221" lat="24.6669537" lon="121.6080496"/>
  <node id="11015187220" lat="24.6669909" lon="121.6077557"/>
  <node id="11015187219" lat="24.6670291" lon="121.6075812"/>
  <node id="11015187218" lat="24.6671315" lon="121.6074498"/>
  <node id="11015187217" lat="24.6673290" lon="121.6073372"/>
  <node id="11015187216" lat="24.6675532" lon="121.6072111"/>
  <node id="11015187215" lat="24.6683746" lon="121.6065888"/>
  <node id="11015187228" lat="24.6671516" lon="121.6122076"/>
  <node id="4431005221" lat="24.6668907" lon="121.6119636"/>
  <node id="11015187227" lat="24.6663621" lon="121.6115169"/>
  <node id="11015187214" lat="24.6661996" lon="121.6114202"/>
  <node id="11015187229" lat="24.6656108" lon="121.6110755"/>
  <node id="11015187230" lat="24.6652647" lon="121.6108421"/>
  <node id="11015187231" lat="24.6650185" lon="121.6106919"/>
  <node id="11015187232" lat="24.6648698" lon="121.6105793"/>
  <node id="11015187233" lat="24.6640923" lon="121.6100133"/>
  <node id="11015187234" lat="24.6637047" lon="121.6097692"/>
  <node id="11015187235" lat="24.6627199" lon="121.6091255"/>
  <node id="11015187236" lat="24.6624031" lon="121.6089619"/>
  <node id="11015187237" lat="24.6616279" lon="121.6085623"/>
  <node id="11015187238" lat="24.6613476" lon="121.6084416"/>
  <node id="11015187239" lat="24.6611258" lon="121.6083530"/>
  <node id="11015187240" lat="24.6610258" lon="121.6082699"/>
  <node id="11015187241" lat="24.6608893" lon="121.6081170"/>
  <node id="11015187242" lat="24.6608406" lon="121.6079400"/>
  <node id="11015187243" lat="24.6608430" lon="121.6077120"/>
  <node id="11015187244" lat="24.6608991" lon="121.6073928"/>
  <node id="11015187245" lat="24.6669231" lon="121.6076006"/>
  <node id="11015187246" lat="24.6668109" lon="121.6075335"/>
  <node id="11015187247" lat="24.6655362" lon="121.6069515"/>
  <node id="11015187248" lat="24.6653363" lon="121.6068522"/>
  <node id="11015187249" lat="24.6651242" lon="121.6067986"/>
  <node id="11015187250" lat="24.6649959" lon="121.6067648"/>
  <node id="11015187251" lat="24.6648974" lon="121.6067018"/>
  <node id="11015187255" lat="24.6648840" lon="121.6066396"/>
  <node id="11015187207" lat="24.6648870" lon="121.6065670"/>
  <node id="11015258387" lat="24.6649566" lon="121.6064184"/>
  <node id="11015187252" lat="24.6650610" lon="121.6061956"/>
  <node id="11015187253" lat="24.6651706" lon="121.6060488"/>
  <node id="11015187254" lat="24.6652937" lon="121.6059869"/>
  <node id="11015187256" lat="24.6654496" lon="121.6059379"/>
  <node id="11015187257" lat="24.6656114" lon="121.6059263"/>
  <node id="11015187258" lat="24.6657872" lon="121.6059560"/>
  <node id="11015187259" lat="24.6661038" lon="121.6060463"/>
  <node id="11015187260" lat="24.6662937" lon="121.6061262"/>
  <node id="11016316857" lat="24.6670545" lon="121.5854045"/>
  <node id="11016316858" lat="24.6670745" lon="121.5853604"/>
  <node id="11016316859" lat="24.6671033" lon="121.5852046"/>
  <node id="11016316860" lat="24.6671096" lon="121.5850392"/>
  <node id="11016316861" lat="24.6671334" lon="121.5849881"/>
  <node id="11016316862" lat="24.6672612" lon="121.5848654"/>
  <node id="11016316863" lat="24.6672963" lon="121.5847951"/>
  <node id="11016316864" lat="24.6673414" lon="121.5846338"/>
  <node id="11016316865" lat="24.6673514" lon="121.5845759"/>
  <node id="11016316866" lat="24.6673489" lon="121.5845249"/>
  <node id="11016316867" lat="24.6673351" lon="121.5844159"/>
  <node id="11016316868" lat="24.6673489" lon="121.5842822"/>
  <node id="11016316869" lat="24.6674116" lon="121.5839678"/>
  <node id="11016316870" lat="24.6674654" lon="121.5836976"/>
  <node id="11016316871" lat="24.6675569" lon="121.5833598"/>
  <node id="11016432750" lat="24.6665945" lon="121.5902545"/>
  <node id="11016900374" lat="24.6515794" lon="121.5745103"/>
  <node id="11016900375" lat="24.6516324" lon="121.5744998"/>
  <node id="11016900376" lat="24.6516985" lon="121.5745074"/>
  <node id="11016900377" lat="24.6517837" lon="121.5745399"/>
  <node id="11016900378" lat="24.6520018" lon="121.5746815"/>
  <node id="11016900379" lat="24.6521365" lon="121.5747618"/>
  <node id="11016900380" lat="24.6521930" lon="121.5747905"/>
  <node id="11016900381" lat="24.6522362" lon="121.5747999"/>
  <node id="11016900382" lat="24.6522866" lon="121.5747980"/>
  <node id="11016900383" lat="24.6523492" lon="121.5747788"/>
  <node id="11016900384" lat="24.6523943" lon="121.5747482"/>
  <node id="11016900385" lat="24.6524882" lon="121.5746890"/>
  <node id="11016900386" lat="24.6525569" lon="121.5746784"/>
  <node id="11016900387" lat="24.6526029" lon="121.5746918"/>
  <node id="11016900388" lat="24.6526342" lon="121.5746861"/>
  <node id="11016900389" lat="24.6526568" lon="121.5746603"/>
  <node id="11016900390" lat="24.6526863" lon="121.5745761"/>
  <node id="11016900391" lat="24.6527237" lon="121.5743371"/>
  <node id="11016900392" lat="24.6527142" lon="121.5742806"/>
  <node id="11016900393" lat="24.6526976" lon="121.5742491"/>
  <node id="11016900394" lat="24.6526603" lon="121.5742338"/>
  <node id="11016900395" lat="24.6526212" lon="121.5742347"/>
  <node id="11016900396" lat="24.6524830" lon="121.5742854"/>
  <node id="11016900397" lat="24.6524395" lon="121.5742845"/>
  <node id="11016900398" lat="24.6523665" lon="121.5742596"/>
  <node id="11016900399" lat="24.6523040" lon="121.5742156"/>
  <node id="11016900400" lat="24.6522675" lon="121.5741707"/>
  <node id="11016900401" lat="24.6522483" lon="121.5741229"/>
  <node id="11016900402" lat="24.6522310" lon="121.5740703"/>
  <node id="11016900403" lat="24.6522310" lon="121.5740033"/>
  <node id="11016900404" lat="24.6522501" lon="121.5739622"/>
  <node id="11016900405" lat="24.6522805" lon="121.5739345"/>
  <node id="11016900406" lat="24.6523361" lon="121.5739106"/>
  <node id="11016900407" lat="24.6526898" lon="121.5737471"/>
  <node id="11018849830" lat="24.6527339" lon="121.5737207"/>
  <node id="11016900408" lat="24.6527819" lon="121.5736878"/>
  <node id="11016900409" lat="24.6528106" lon="121.5736390"/>
  <node id="11016900410" lat="24.6528150" lon="121.5735998"/>
  <node id="11016900411" lat="24.6528063" lon="121.5735616"/>
  <node id="11016900412" lat="24.6527846" lon="121.5735291"/>
  <node id="11016900413" lat="24.6527454" lon="121.5735185"/>
  <node id="11016900414" lat="24.6526881" lon="121.5735138"/>
  <node id="11016900415" lat="24.6525742" lon="121.5735262"/>
  <node id="11016900416" lat="24.6524891" lon="121.5735185"/>
  <node id="11016900417" lat="24.6521458" lon="121.5734095"/>
  <node id="11016900418" lat="24.6521049" lon="121.5733780"/>
  <node id="11016900419" lat="24.6520737" lon="121.5733416"/>
  <node id="11016900420" lat="24.6520319" lon="121.5732670"/>
  <node id="11016900421" lat="24.6520154" lon="121.5732173"/>
  <node id="11016900422" lat="24.6520067" lon="121.5731724"/>
  <node id="11016900423" lat="24.6520076" lon="121.5731121"/>
  <node id="11016900424" lat="24.6520259" lon="121.5730605"/>
  <node id="11016900425" lat="24.6520311" lon="121.5729945"/>
  <node id="11016900426" lat="24.6520120" lon="121.5729725"/>
  <node id="11016900427" lat="24.6519798" lon="121.5729697"/>
  <node id="11016900428" lat="24.6514922" lon="121.5729687"/>
  <node id="11016900429" lat="24.6513845" lon="121.5729591"/>
  <node id="11016900430" lat="24.6513584" lon="121.5729458"/>
  <node id="11016900431" lat="24.6513210" lon="121.5728827"/>
  <node id="11016900432" lat="24.6511811" lon="121.5724981"/>
  <node id="11016900433" lat="24.6511488" lon="121.5724533"/>
  <node id="11016900434" lat="24.6511175" lon="121.5724269"/>
  <node id="11016900439" lat="24.6510960" lon="121.5724241"/>
  <node id="11016900435" lat="24.6510705" lon="121.5724234"/>
  <node id="11016900436" lat="24.6510338" lon="121.5724049"/>
  <node id="11016900437" lat="24.6509947" lon="121.5723557"/>
  <node id="11016900438" lat="24.6508827" lon="121.5721321"/>
  <node id="11017313997" lat="24.6725247" lon="121.5885271"/>
  <node id="11017313998" lat="24.6724384" lon="121.5885959"/>
  <node id="11017313999" lat="24.6723688" lon="121.5886735"/>
  <node id="11017314000" lat="24.6721150" lon="121.5889770"/>
  <node id="8418291702" lat="24.6559004" lon="121.5810880"/>
  <node id="11019848380" lat="24.6559083" lon="121.5811437"/>
  <node id="300593476" lat="24.6559124" lon="121.5811993"/>
  <node id="11020063397" lat="24.6611366" lon="121.5873919"/>
  <node id="12574061319" lat="24.6611375" lon="121.5873580"/>
  <node id="12574061311" lat="24.6611407" lon="121.5872359"/>
  <node id="12574061312" lat="24.6611874" lon="121.5871017"/>
  <node id="11020063400" lat="24.6612648" lon="121.5869555"/>
  <node id="11020063401" lat="24.6614631" lon="121.5865332"/>
  <node id="11020063402" lat="24.6616981" lon="121.5861707"/>
  <node id="11020063403" lat="24.6619991" lon="121.5857564"/>
  <node id="11020063404" lat="24.6621490" lon="121.5854825"/>
  <node id="11021473148" lat="24.6714348" lon="121.5885956"/>
  <node id="11021473146" lat="24.6713800" lon="121.5886296"/>
  <node id="11021473147" lat="24.6712525" lon="121.5886964"/>
  <node id="11063237523" lat="24.6711730" lon="121.5887528"/>
  <node id="11063237521" lat="24.6711141" lon="121.5888677"/>
  <node id="11063237519" lat="24.6710752" lon="121.5889883"/>
  <node id="11063237517" lat="24.6710800" lon="121.5891151"/>
  <node id="2946927067" lat="24.6067950" lon="121.6391084"/>
  <node id="11027022111" lat="24.6067246" lon="121.6391622"/>
  <node id="11027022112" lat="24.6065997" lon="121.6393096"/>
  <node id="11027022149" lat="24.6065727" lon="121.6393590"/>
  <node id="11027022113" lat="24.6065369" lon="121.6394707"/>
  <node id="5273749381" lat="24.6065384" lon="121.6398163"/>
  <node id="5273749380" lat="24.6065274" lon="121.6399598"/>
  <node id="11027022114" lat="24.6065288" lon="121.6400331"/>
  <node id="5273749379" lat="24.6065351" lon="121.6400993"/>
  <node id="11027022115" lat="24.6065450" lon="121.6401451"/>
  <node id="5273749378" lat="24.6065582" lon="121.6401784"/>
  <node id="11027022116" lat="24.6065942" lon="121.6402229"/>
  <node id="5273749377" lat="24.6066692" lon="121.6402495"/>
  <node id="5273749376" lat="24.6066863" lon="121.6404614"/>
  <node id="5273749375" lat="24.6067399" lon="121.6408101"/>
  <node id="5273749374" lat="24.6067033" lon="121.6408771"/>
  <node id="5273749373" lat="24.6065643" lon="121.6409844"/>
  <node id="5273749372" lat="24.6065400" lon="121.6410515"/>
  <node id="5273749371" lat="24.6065619" lon="121.6411722"/>
  <node id="11027022110" lat="24.6068734" lon="121.6390753"/>
  <node id="11027012979" lat="24.6090886" lon="121.6381054"/>
  <node id="4430973991" lat="24.6090001" lon="121.6381516"/>
  <node id="11027012982" lat="24.6085655" lon="121.6383335"/>
  <node id="5273749349" lat="24.6079154" lon="121.6386053"/>
  <node id="11027012981" lat="24.6069509" lon="121.6390404"/>
  <node id="4430973992" lat="24.6091678" lon="121.6380644"/>
  <node id="11027047609" lat="24.6145790" lon="121.6366511"/>
  <node id="4430974015" lat="24.6145218" lon="121.6366661"/>
  <node id="4430974014" lat="24.6141539" lon="121.6368285"/>
  <node id="11027047612" lat="24.6140979" lon="121.6368300"/>
  <node id="11027047611" lat="24.6140392" lon="121.6368263"/>
  <node id="5273749268" lat="24.6138741" lon="121.6367489"/>
  <node id="11027853607" lat="24.6136693" lon="121.6366368"/>
  <node id="5273749267" lat="24.6135779" lon="121.6365641"/>
  <node id="9454786668" lat="24.6132647" lon="121.6363229"/>
  <node id="4430974011" lat="24.6129470" lon="121.6361413"/>
  <node id="4430974009" lat="24.6127298" lon="121.6360208"/>
  <node id="4430974008" lat="24.6126410" lon="121.6359851"/>
  <node id="11027853608" lat="24.6125756" lon="121.6359637"/>
  <node id="5273749269" lat="24.6125007" lon="121.6359527"/>
  <node id="4430974001" lat="24.6121195" lon="121.6359197"/>
  <node id="11027849704" lat="24.6119209" lon="121.6358922"/>
  <node id="5273749299" lat="24.6117610" lon="121.6358762"/>
  <node id="11027849703" lat="24.6116103" lon="121.6358714"/>
  <node id="4430973998" lat="24.6114796" lon="121.6358809"/>
  <node id="11027849702" lat="24.6113768" lon="121.6358980"/>
  <node id="2946927076" lat="24.6112658" lon="121.6359307"/>
  <node id="11027849701" lat="24.6111719" lon="121.6359747"/>
  <node id="4430973997" lat="24.6111084" lon="121.6360149"/>
  <node id="4430973996" lat="24.6109238" lon="121.6361702"/>
  <node id="4430973995" lat="24.6103459" lon="121.6368555"/>
  <node id="4430973994" lat="24.6097596" lon="121.6375471"/>
  <node id="4430973993" lat="24.6095548" lon="121.6377638"/>
  <node id="5273749300" lat="24.6094343" lon="121.6378862"/>
  <node id="11027012980" lat="24.6093380" lon="121.6379613"/>
  <node id="11027853677" lat="24.6146587" lon="121.6366525"/>
  <node id="4430978597" lat="24.6332922" lon="121.6188970"/>
  <node id="4430978596" lat="24.6331630" lon="121.6190356"/>
  <node id="4430978595" lat="24.6330410" lon="121.6191246"/>
  <node id="4430978594" lat="24.6328991" lon="121.6192088"/>
  <node id="4430978593" lat="24.6327942" lon="121.6192924"/>
  <node id="4430978592" lat="24.6326004" lon="121.6195235"/>
  <node id="4430978591" lat="24.6325402" lon="121.6195552"/>
  <node id="4430978590" lat="24.6324707" lon="121.6195739"/>
  <node id="4430978589" lat="24.6322402" lon="121.6195501"/>
  <node id="4430978588" lat="24.6321311" lon="121.6195579"/>
  <node id="4430978587" lat="24.6318909" lon="121.6195915"/>
  <node id="4430978586" lat="24.6314035" lon="121.6195846"/>
  <node id="4430978585" lat="24.6313131" lon="121.6196156"/>
  <node id="4430978584" lat="24.6312711" lon="121.6196536"/>
  <node id="4430978583" lat="24.6312390" lon="121.6197584"/>
  <node id="4430978582" lat="24.6311660" lon="121.6200408"/>
  <node id="4430978581" lat="24.6311411" lon="121.6203413"/>
  <node id="4430978580" lat="24.6311114" lon="121.6205051"/>
  <node id="4430978579" lat="24.6310486" lon="121.6206236"/>
  <node id="4430978578" lat="24.6309419" lon="121.6207296"/>
  <node id="4430978577" lat="24.6307419" lon="121.6209917"/>
  <node id="4430978576" lat="24.6306055" lon="121.6210999"/>
  <node id="4430978575" lat="24.6304768" lon="121.6211726"/>
  <node id="11407072746" lat="24.6304442" lon="121.6211915"/>
  <node id="4430978574" lat="24.6303841" lon="121.6212263"/>
  <node id="4430978573" lat="24.6303098" lon="121.6212798"/>
  <node id="4430978572" lat="24.6302140" lon="121.6213825"/>
  <node id="4430978571" lat="24.6301429" lon="121.6215002"/>
  <node id="4430978570" lat="24.6300133" lon="121.6216264"/>
  <node id="4430978569" lat="24.6299228" lon="121.6216893"/>
  <node id="4430978568" lat="24.6296261" lon="121.6218524"/>
  <node id="4430978567" lat="24.6294564" lon="121.6219143"/>
  <node id="4430978566" lat="24.6293162" lon="121.6219625"/>
  <node id="4430978565" lat="24.6287274" lon="121.6220618"/>
  <node id="4430978564" lat="24.6284848" lon="121.6221114"/>
  <node id="4430978563" lat="24.6284311" lon="121.6221624"/>
  <node id="4430978562" lat="24.6281349" lon="121.6225084"/>
  <node id="4430978561" lat="24.6280105" lon="121.6226143"/>
  <node id="4430978560" lat="24.6279020" lon="121.6226653"/>
  <node id="4430978559" lat="24.6277570" lon="121.6226921"/>
  <node id="3109161264" lat="24.6270435" lon="121.6228031"/>
  <node id="4430978558" lat="24.6269499" lon="121.6228343"/>
  <node id="2946927141" lat="24.6268630" lon="121.6229010"/>
  <node id="2946927140" lat="24.6266368" lon="121.6230555"/>
  <node id="4430974090" lat="24.6265673" lon="121.6230622"/>
  <node id="2946927139" lat="24.6264406" lon="121.6231333"/>
  <node id="4430974089" lat="24.6262955" lon="121.6232943"/>
  <node id="2946927138" lat="24.6261675" lon="121.6233989"/>
  <node id="3109161263" lat="24.6260297" lon="121.6235397"/>
  <node id="2946927137" lat="24.6259139" lon="121.6237382"/>
  <node id="4430974088" lat="24.6258688" lon="121.6239652"/>
  <node id="4430974085" lat="24.6258510" lon="121.6240668"/>
  <node id="4430974086" lat="24.6258493" lon="121.6241769"/>
  <node id="4430974087" lat="24.6258595" lon="121.6243299"/>
  <node id="4430974084" lat="24.6258475" lon="121.6245892"/>
  <node id="4430974083" lat="24.6258253" lon="121.6247231"/>
  <node id="4430974082" lat="24.6257942" lon="121.6248594"/>
  <node id="4430974080" lat="24.6257571" lon="121.6249749"/>
  <node id="4430974076" lat="24.6257104" lon="121.6252135"/>
  <node id="4430974073" lat="24.6256911" lon="121.6254522"/>
  <node id="4430974072" lat="24.6256919" lon="121.6257731"/>
  <node id="4430974075" lat="24.6257065" lon="121.6261384"/>
  <node id="4430974078" lat="24.6257533" lon="121.6268310"/>
  <node id="4430974081" lat="24.6257385" lon="121.6271076"/>
  <node id="11027853644" lat="24.6160648" lon="121.6367104"/>
  <node id="11027853645" lat="24.6160195" lon="121.6364537"/>
  <node id="11027853646" lat="24.6160000" lon="121.6364256"/>
  <node id="11027853647" lat="24.6159573" lon="121.6364189"/>
  <node id="11027853680" lat="24.6148212" lon="121.6365042"/>
  <node id="11027853692" lat="24.6148012" lon="121.6365194"/>
  <node id="11027853690" lat="24.6147812" lon="121.6365438"/>
  <node id="11027853691" lat="24.6147561" lon="121.6366048"/>
  <node id="11028553331" lat="24.6347915" lon="121.6033481"/>
  <node id="11028553333" lat="24.6348456" lon="121.6033155"/>
  <node id="11892568962" lat="24.6348754" lon="121.6032996"/>
  <node id="11892568961" lat="24.6349194" lon="121.6032760"/>
  <node id="11028553334" lat="24.6349324" lon="121.6032690"/>
  <node id="11028553335" lat="24.6350415" lon="121.6032497"/>
  <node id="11892582182" lat="24.6350449" lon="121.6032495"/>
  <node id="9064218570" lat="24.6342479" lon="121.6047728"/>
  <node id="11028553330" lat="24.6346444" lon="121.6036176"/>
  <node id="11892582181" lat="24.6347040" lon="121.6034589"/>
  <node id="11028553367" lat="24.6389017" lon="121.6036339"/>
  <node id="11028553368" lat="24.6389756" lon="121.6035694"/>
  <node id="11028553369" lat="24.6390189" lon="121.6035217"/>
  <node id="11028553370" lat="24.6390236" lon="121.6034610"/>
  <node id="11028553371" lat="24.6389978" lon="121.6032895"/>
  <node id="11028553372" lat="24.6390846" lon="121.6035449"/>
  <node id="11028553373" lat="24.6391514" lon="121.6035591"/>
  <node id="11028553374" lat="24.6392054" lon="121.6035591"/>
  <node id="11029770187" lat="24.6402991" lon="121.6089946"/>
  <node id="11029770188" lat="24.6402946" lon="121.6089631"/>
  <node id="11029770189" lat="24.6402984" lon="121.6089425"/>
  <node id="11029770190" lat="24.6403154" lon="121.6089114"/>
  <node id="11029781319" lat="24.6405560" lon="121.6086382"/>
  <node id="11029781344" lat="24.6408751" lon="121.6082759"/>
  <node id="11029770191" lat="24.6411147" lon="121.6080021"/>
  <node id="11029770192" lat="24.6411389" lon="121.6079788"/>
  <node id="11029770193" lat="24.6411765" lon="121.6079631"/>
  <node id="11029770194" lat="24.6412292" lon="121.6079557"/>
  <node id="11030611029" lat="24.6446102" lon="121.5926954"/>
  <node id="11030611030" lat="24.6446769" lon="121.5926491"/>
  <node id="11030611031" lat="24.6447868" lon="121.5926262"/>
  <node id="11030611032" lat="24.6449289" lon="121.5925570"/>
  <node id="11030611033" lat="24.6452883" lon="121.5924922"/>
  <node id="11030611028" lat="24.6454324" lon="121.5924081"/>
  <node id="11030611034" lat="24.6456233" lon="121.5923314"/>
  <node id="11030611035" lat="24.6457491" lon="121.5923068"/>
  <node id="11030611036" lat="24.6459156" lon="121.5922844"/>
  <node id="11030588159" lat="24.6460826" lon="121.5923441"/>
  <node id="11030588160" lat="24.6461573" lon="121.5923683"/>
  <node id="11030588161" lat="24.6462283" lon="121.5923720"/>
  <node id="11030588162" lat="24.6462942" lon="121.5923608"/>
  <node id="11030588163" lat="24.6463601" lon="121.5923292"/>
  <node id="11030588164" lat="24.6465444" lon="121.5922436"/>
  <node id="11030611148" lat="24.6466102" lon="121.5922189"/>
  <node id="11030588166" lat="24.6467653" lon="121.5921607"/>
  <node id="11030588167" lat="24.6470341" lon="121.5920714"/>
  <node id="11030611047" lat="24.6468208" lon="121.5882521"/>
  <node id="11031466858" lat="24.6469415" lon="121.5888543"/>
  <node id="11030752337" lat="24.6470558" lon="121.5894156"/>
  <node id="11030611046" lat="24.6471838" lon="121.5900715"/>
  <node id="11030611045" lat="24.6474673" lon="121.5914238"/>
  <node id="11030611044" lat="24.6474556" lon="121.5914625"/>
  <node id="11030611043" lat="24.6470370" lon="121.5916044"/>
  <node id="11030611042" lat="24.6469714" lon="121.5916405"/>
  <node id="11030611041" lat="24.6469550" lon="121.5917153"/>
  <node id="11030611040" lat="24.6469732" lon="121.5918271"/>
  <node id="11030588168" lat="24.6475954" lon="121.5919189"/>
  <node id="11030611037" lat="24.6476983" lon="121.5919134"/>
  <node id="11030611038" lat="24.6477545" lon="121.5919637"/>
  <node id="11030611039" lat="24.6480664" lon="121.5929119"/>
  <node id="11030611102" lat="24.6451006" lon="121.5805842"/>
  <node id="11030611101" lat="24.6451006" lon="121.5809892"/>
  <node id="11030611100" lat="24.6450884" lon="121.5810643"/>
  <node id="11030611099" lat="24.6450469" lon="121.5811206"/>
  <node id="11031562937" lat="24.6445092" lon="121.5812337"/>
  <node id="11030611098" lat="24.6443838" lon="121.5812601"/>
  <node id="11031498146" lat="24.6445852" lon="121.5822074"/>
  <node id="11031498128" lat="24.6446008" lon="121.5822810"/>
  <node id="11030611097" lat="24.6447544" lon="121.5830036"/>
  <node id="11030611096" lat="24.6447885" lon="121.5832101"/>
  <node id="11030611095" lat="24.6447885" lon="121.5833227"/>
  <node id="11030611094" lat="24.6447568" lon="121.5834542"/>
  <node id="11030611093" lat="24.6444106" lon="121.5840282"/>
  <node id="11030611092" lat="24.6443364" lon="121.5842083"/>
  <node id="11030611091" lat="24.6443259" lon="121.5843231"/>
  <node id="11030611090" lat="24.6443528" lon="121.5844598"/>
  <node id="11030611089" lat="24.6444478" lon="121.5846817"/>
  <node id="11030611088" lat="24.6445146" lon="121.5848172"/>
  <node id="11030611087" lat="24.6445768" lon="121.5848972"/>
  <node id="11030611086" lat="24.6446471" lon="121.5849384"/>
  <node id="11030611085" lat="24.6446917" lon="121.5850094"/>
  <node id="11030611084" lat="24.6447562" lon="121.5852403"/>
  <node id="11030611083" lat="24.6448148" lon="121.5855061"/>
  <node id="11030611082" lat="24.6449004" lon="121.5860311"/>
  <node id="11030611081" lat="24.6449614" lon="121.5863562"/>
  <node id="11030611080" lat="24.6449754" lon="121.5865433"/>
  <node id="11030611079" lat="24.6449743" lon="121.5868954"/>
  <node id="11030611078" lat="24.6449848" lon="121.5870683"/>
  <node id="11030611077" lat="24.6450259" lon="121.5874102"/>
  <node id="11030611076" lat="24.6450200" lon="121.5879946"/>
  <node id="11030611075" lat="24.6450083" lon="121.5880939"/>
  <node id="11030611074" lat="24.6449825" lon="121.5881610"/>
  <node id="11030611073" lat="24.6449133" lon="121.5882345"/>
  <node id="11030611072" lat="24.6448043" lon="121.5883106"/>
  <node id="11030611071" lat="24.6445651" lon="121.5884370"/>
  <node id="11030611070" lat="24.6445381" lon="121.5884680"/>
  <node id="11030611069" lat="24.6445299" lon="121.5885144"/>
  <node id="11030611068" lat="24.6445416" lon="121.5885880"/>
  <node id="11030611067" lat="24.6445698" lon="121.5886512"/>
  <node id="11030611066" lat="24.6446342" lon="121.5887337"/>
  <node id="11030611065" lat="24.6447691" lon="121.5888769"/>
  <node id="11030611064" lat="24.6448758" lon="121.5889776"/>
  <node id="11030611063" lat="24.6450247" lon="121.5890769"/>
  <node id="11030611062" lat="24.6452111" lon="121.5892265"/>
  <node id="11030611061" lat="24.6453108" lon="121.5893491"/>
  <node id="11030611060" lat="24.6454292" lon="121.5895310"/>
  <node id="11030611059" lat="24.6454691" lon="121.5896136"/>
  <node id="11030611058" lat="24.6455816" lon="121.5899167"/>
  <node id="11030611057" lat="24.6456626" lon="121.5900586"/>
  <node id="11030611056" lat="24.6459158" lon="121.5907746"/>
  <node id="11030611055" lat="24.6459522" lon="121.5909333"/>
  <node id="11030611054" lat="24.6459721" lon="121.5911061"/>
  <node id="11030611053" lat="24.6459498" lon="121.5913603"/>
  <node id="11030611052" lat="24.6459252" lon="121.5915190"/>
  <node id="11030611048" lat="24.6458537" lon="121.5918376"/>
  <node id="11030611049" lat="24.6458373" lon="121.5920105"/>
  <node id="11030611050" lat="24.6458396" lon="121.5920969"/>
  <node id="11030611051" lat="24.6458642" lon="121.5921795"/>
  <node id="11030611105" lat="24.6430666" lon="121.5751739"/>
  <node id="11030611106" lat="24.6429962" lon="121.5752405"/>
  <node id="11031564557" lat="24.6401502" lon="121.5806347"/>
  <node id="11031564541" lat="24.6402445" lon="121.5806094"/>
  <node id="11030611121" lat="24.6406365" lon="121.5805043"/>
  <node id="11030611122" lat="24.6408436" lon="121.5804775"/>
  <node id="11030611123" lat="24.6412456" lon="121.5804998"/>
  <node id="11030611124" lat="24.6413593" lon="121.5804797"/>
  <node id="11030611125" lat="24.6415237" lon="121.5804060"/>
  <node id="11030611126" lat="24.6416273" lon="121.5803122"/>
  <node id="11030611127" lat="24.6418019" lon="121.5800732"/>
  <node id="11032391106" lat="24.6418729" lon="121.5800244"/>
  <node id="11031564523" lat="24.6419406" lon="121.5799778"/>
  <node id="11030611128" lat="24.6419806" lon="121.5799503"/>
  <node id="11030611129" lat="24.6420882" lon="121.5798387"/>
  <node id="11031564513" lat="24.6421620" lon="121.5797289"/>
  <node id="11030611130" lat="24.6422262" lon="121.5796332"/>
  <node id="11030611131" lat="24.6423115" lon="121.5795907"/>
  <node id="11030611132" lat="24.6424089" lon="121.5795550"/>
  <node id="11030611133" lat="24.6425308" lon="121.5794478"/>
  <node id="11030611134" lat="24.6413309" lon="121.5806785"/>
  <node id="11030611135" lat="24.6413979" lon="121.5807880"/>
  <node id="11030611136" lat="24.6414202" lon="121.5808617"/>
  <node id="11030611137" lat="24.6414324" lon="121.5811945"/>
  <node id="11030611138" lat="24.6414385" lon="121.5814603"/>
  <node id="11030611139" lat="24.6414507" lon="121.5814983"/>
  <node id="11030611140" lat="24.6414892" lon="121.5815117"/>
  <node id="11030611141" lat="24.6418770" lon="121.5814581"/>
  <node id="4430924405" lat="24.6340877" lon="121.5839493"/>
  <node id="4312164067" lat="24.6339104" lon="121.5838242"/>
  <node id="4312164068" lat="24.6337092" lon="121.5836271"/>
  <node id="4312164074" lat="24.6362302" lon="121.5828688"/>
  <node id="11030752228" lat="24.6361933" lon="121.5828995"/>
  <node id="11030752226" lat="24.6361277" lon="121.5829709"/>
  <node id="11030752229" lat="24.6360807" lon="121.5830487"/>
  <node id="4312164057" lat="24.6360209" lon="121.5831287"/>
  <node id="11030752227" lat="24.6359636" lon="121.5831768"/>
  <node id="4312164058" lat="24.6358975" lon="121.5832089"/>
  <node id="11030752223" lat="24.6351330" lon="121.5834938"/>
  <node id="4312164059" lat="24.6349672" lon="121.5835667"/>
  <node id="4312164060" lat="24.6343940" lon="121.5839612"/>
  <node id="11030752222" lat="24.6343703" lon="121.5839979"/>
  <node id="4430924408" lat="24.6343701" lon="121.5840398"/>
  <node id="4430924407" lat="24.6344461" lon="121.5841669"/>
  <node id="4312164061" lat="24.6344881" lon="121.5842654"/>
  <node id="4312164062" lat="24.6345101" lon="121.5845417"/>
  <node id="4312164063" lat="24.6342722" lon="121.5850626"/>
  <node id="11030752253" lat="24.6382640" lon="121.5769738"/>
  <node id="11030752359" lat="24.6390214" lon="121.5784038"/>
  <node id="11031498014" lat="24.6418775" lon="121.5881687"/>
  <node id="11031498016" lat="24.6419339" lon="121.5881206"/>
  <node id="11030611019" lat="24.6420005" lon="121.5880281"/>
  <node id="11031498017" lat="24.6420648" lon="121.5879766"/>
  <node id="11031498018" lat="24.6421423" lon="121.5879719"/>
  <node id="11031498019" lat="24.6422817" lon="121.5880230"/>
  <node id="11031498021" lat="24.6423915" lon="121.5880819"/>
  <node id="11031498013" lat="24.6424788" lon="121.5881175"/>
  <node id="11031498012" lat="24.6425323" lon="121.5881160"/>
  <node id="11031498011" lat="24.6426027" lon="121.5880804"/>
  <node id="9960403159" lat="24.6427977" lon="121.5879587"/>
  <node id="11033238712" lat="24.6327551" lon="121.5769500"/>
  <node id="11033238706" lat="24.6323134" lon="121.5771890"/>
  <node id="11033238780" lat="24.6322671" lon="121.5772019"/>
  <node id="11033238779" lat="24.6322204" lon="121.5771918"/>
  <node id="11033238778" lat="24.6321666" lon="121.5771952"/>
  <node id="11033238777" lat="24.6321361" lon="121.5772186"/>
  <node id="11033238776" lat="24.6321209" lon="121.5772566"/>
  <node id="11033238775" lat="24.6321178" lon="121.5773102"/>
  <node id="11033238774" lat="24.6321351" lon="121.5773616"/>
  <node id="11033238773" lat="24.6321656" lon="121.5774063"/>
  <node id="11033238713" lat="24.6322468" lon="121.5775036"/>
  <node id="11033238714" lat="24.6322979" lon="121.5775753"/>
  <node id="11033238715" lat="24.6323014" lon="121.5776160"/>
  <node id="11033238716" lat="24.6322917" lon="121.5776441"/>
  <node id="11033238717" lat="24.6322715" lon="121.5776529"/>
  <node id="11033238718" lat="24.6322292" lon="121.5776451"/>
  <node id="11033238719" lat="24.6321111" lon="121.5775055"/>
  <node id="11033238720" lat="24.6320555" lon="121.5774590"/>
  <node id="11033238756" lat="24.6320406" lon="121.5774546"/>
  <node id="11033238721" lat="24.6320256" lon="121.5774580"/>
  <node id="11033238722" lat="24.6319824" lon="121.5774900"/>
  <node id="11033238723" lat="24.6319621" lon="121.5775869"/>
  <node id="11033238724" lat="24.6319410" lon="121.5777576"/>
  <node id="11033238725" lat="24.6319110" lon="121.5778216"/>
  <node id="11033238726" lat="24.6318749" lon="121.5778623"/>
  <node id="11033238727" lat="24.6318326" lon="121.5778633"/>
  <node id="11033238728" lat="24.6317665" lon="121.5778342"/>
  <node id="11033238729" lat="24.6314915" lon="121.5775705"/>
  <node id="11033238730" lat="24.6313972" lon="121.5774784"/>
  <node id="11033238731" lat="24.6313716" lon="121.5774250"/>
  <node id="11033238732" lat="24.6313143" lon="121.5773494"/>
  <node id="11033238733" lat="24.6312800" lon="121.5773339"/>
  <node id="11033238734" lat="24.6312491" lon="121.5773387"/>
  <node id="11033238735" lat="24.6311072" lon="121.5774434"/>
  <node id="11033238736" lat="24.6309777" lon="121.5775831"/>
  <node id="11033238737" lat="24.6309415" lon="121.5776480"/>
  <node id="11033238738" lat="24.6309406" lon="121.5776791"/>
  <node id="11033238739" lat="24.6309547" lon="121.5776907"/>
  <node id="11033238740" lat="24.6309768" lon="121.5776897"/>
  <node id="11033238741" lat="24.6310297" lon="121.5776529"/>
  <node id="11033238742" lat="24.6311178" lon="121.5775714"/>
  <node id="11033238743" lat="24.6311478" lon="121.5775588"/>
  <node id="11033238744" lat="24.6311865" lon="121.5775569"/>
  <node id="11033238745" lat="24.6312394" lon="121.5775811"/>
  <node id="11033238746" lat="24.6312738" lon="121.5776218"/>
  <node id="11033238747" lat="24.6312949" lon="121.5777081"/>
  <node id="11033238748" lat="24.6313522" lon="121.5778788"/>
  <node id="11033238749" lat="24.6314033" lon="121.5779263"/>
  <node id="11033238750" lat="24.6314227" lon="121.5779612"/>
  <node id="11033238751" lat="24.6314324" lon="121.5780252"/>
  <node id="12162441459" lat="24.6143836" lon="121.5593272"/>
  <node id="12162467066" lat="24.6144853" lon="121.5593348"/>
  <node id="12162467649" lat="24.6145646" lon="121.5593396"/>
  <node id="12162467121" lat="24.6146483" lon="121.5593140"/>
  <node id="12162467092" lat="24.6147310" lon="121.5592836"/>
  <node id="12162467135" lat="24.6148069" lon="121.5592381"/>
  <node id="12162467140" lat="24.6148629" lon="121.5591859"/>
  <node id="12162467063" lat="24.6149155" lon="121.5591243"/>
  <node id="12162467838" lat="24.6149267" lon="121.5589877"/>
  <node id="12162467859" lat="24.6149155" lon="121.5589479"/>
  <node id="12162467608" lat="24.6148638" lon="121.5588796"/>
  <node id="12162441463" lat="24.6148241" lon="121.5588303"/>
  <node id="12162467716" lat="24.6147707" lon="121.5587668"/>
  <node id="12162467815" lat="24.6146914" lon="121.5586113"/>
  <node id="12162467159" lat="24.6146276" lon="121.5583875"/>
  <node id="12162467700" lat="24.6145465" lon="121.5582689"/>
  <node id="12162467708" lat="24.6143336" lon="121.5581134"/>
  <node id="12162467660" lat="24.6142543" lon="121.5580878"/>
  <node id="12162467757" lat="24.6141724" lon="121.5580859"/>
  <node id="12162467097" lat="24.6141379" lon="121.5580470"/>
  <node id="12162467229" lat="24.6141138" lon="121.5579683"/>
  <node id="12162467157" lat="24.6139844" lon="121.5577312"/>
  <node id="12162467851" lat="24.6139404" lon="121.5576623"/>
  <node id="12162467162" lat="24.6138715" lon="121.5576415"/>
  <node id="12162467113" lat="24.6134423" lon="121.5577058"/>
  <node id="12162467629" lat="24.6132460" lon="121.5577179"/>
  <node id="12162467737" lat="24.6131363" lon="121.5577394"/>
  <node id="11046159741" lat="24.6129637" lon="121.5576029"/>
  <node id="11046159742" lat="24.6129245" lon="121.5577208"/>
  <node id="11046159743" lat="24.6128557" lon="121.5577748"/>
  <node id="11046159744" lat="24.6125719" lon="121.5578235"/>
  <node id="11046159745" lat="24.6123865" lon="121.5578307"/>
  <node id="11046159746" lat="24.6122176" lon="121.5578289"/>
  <node id="11046159747" lat="24.6120470" lon="121.5578397"/>
  <node id="11046159748" lat="24.6119502" lon="121.5578686"/>
  <node id="11046159749" lat="24.6119649" lon="121.5580094"/>
  <node id="11046159750" lat="24.6120683" lon="121.5580707"/>
  <node id="11046159751" lat="24.6123570" lon="121.5583215"/>
  <node id="11046159752" lat="24.6125178" lon="121.5584280"/>
  <node id="11046159753" lat="24.6126523" lon="121.5585056"/>
  <node id="11046159754" lat="24.6128189" lon="121.5585548"/>
  <node id="11046159755" lat="24.6128598" lon="121.5586167"/>
  <node id="11046159756" lat="24.6127908" lon="121.5586653"/>
  <node id="11046159757" lat="24.6126956" lon="121.5587138"/>
  <node id="11046159758" lat="24.6125632" lon="121.5587730"/>
  <node id="11046159759" lat="24.6124611" lon="121.5588610"/>
  <node id="11046159760" lat="24.6124266" lon="121.5589612"/>
  <node id="11046159761" lat="24.6124280" lon="121.5591463"/>
  <node id="11046159762" lat="24.6124942" lon="121.5592054"/>
  <node id="11046159763" lat="24.6125894" lon="121.5592555"/>
  <node id="11046159764" lat="24.6126266" lon="121.5593283"/>
  <node id="11046159765" lat="24.6126335" lon="121.5594118"/>
  <node id="11046159766" lat="24.6126294" lon="121.5594634"/>
  <node id="11046159767" lat="24.6130432" lon="121.5598093"/>
  <node id="11046159768" lat="24.6133329" lon="121.5600870"/>
  <node id="11049020295" lat="24.6254259" lon="121.5914347"/>
  <node id="11049020296" lat="24.6253472" lon="121.5914347"/>
  <node id="11049020297" lat="24.6252258" lon="121.5914671"/>
  <node id="11049020298" lat="24.6251667" lon="121.5915538"/>
  <node id="11049020300" lat="24.6251547" lon="121.5916331"/>
  <node id="11049020299" lat="24.6251438" lon="121.5917053"/>
  <node id="11049020301" lat="24.6252073" lon="121.5916169"/>
  <node id="11049020302" lat="24.6252401" lon="121.5916241"/>
  <node id="11049020303" lat="24.6252811" lon="121.5916674"/>
  <node id="11049020304" lat="24.6252959" lon="121.5917703"/>
  <node id="11049029505" lat="24.6252910" lon="121.5918948"/>
  <node id="11049029506" lat="24.6252926" lon="121.5919796"/>
  <node id="11049029507" lat="24.6252729" lon="121.5920139"/>
  <node id="11049029508" lat="24.6252418" lon="121.5920427"/>
  <node id="11049029509" lat="24.6251926" lon="121.5920572"/>
  <node id="11049029510" lat="24.6251712" lon="121.5920626"/>
  <node id="11049029511" lat="24.6251712" lon="121.5921293"/>
  <node id="11049029512" lat="24.6251630" lon="121.5921835"/>
  <node id="11049029513" lat="24.6251434" lon="121.5922647"/>
  <node id="11049029514" lat="24.6250876" lon="121.5924307"/>
  <node id="11049029515" lat="24.6250499" lon="121.5925101"/>
  <node id="11049029516" lat="24.6250449" lon="121.5925840"/>
  <node id="11049029517" lat="24.6250745" lon="121.5927122"/>
  <node id="11049029518" lat="24.6251073" lon="121.5928096"/>
  <node id="11049029519" lat="24.6251532" lon="121.5928800"/>
  <node id="11049029520" lat="24.6252221" lon="121.5929287"/>
  <node id="11049029521" lat="24.6253057" lon="121.5929630"/>
  <node id="11049029542" lat="24.6251271" lon="121.5929696"/>
  <node id="11049029543" lat="24.6251388" lon="121.5932507"/>
  <node id="11049029544" lat="24.6250062" lon="121.5930834"/>
  <node id="11049029545" lat="24.6249008" lon="121.5928774"/>
  <node id="11049029546" lat="24.6247662" lon="121.5927894"/>
  <node id="11049029547" lat="24.6246804" lon="121.5926907"/>
  <node id="11049029548" lat="24.6245282" lon="121.5925534"/>
  <node id="11049029549" lat="24.6244385" lon="121.5924160"/>
  <node id="11049029550" lat="24.6243839" lon="121.5923109"/>
  <node id="11049029522" lat="24.6251270" lon="121.5921149"/>
  <node id="11049029523" lat="24.6251073" lon="121.5920788"/>
  <node id="11049029524" lat="24.6250777" lon="121.5920193"/>
  <node id="11049029525" lat="24.6250548" lon="121.5919778"/>
  <node id="11049029526" lat="24.6250335" lon="121.5919579"/>
  <node id="11049029527" lat="24.6249990" lon="121.5919994"/>
  <node id="11049029528" lat="24.6249646" lon="121.5920716"/>
  <node id="11049029529" lat="24.6249301" lon="121.5921257"/>
  <node id="11049029530" lat="24.6248891" lon="121.5921023"/>
  <node id="11049029531" lat="24.6248514" lon="121.5920572"/>
  <node id="11049029532" lat="24.6248268" lon="121.5920175"/>
  <node id="11049029533" lat="24.6247694" lon="121.5919814"/>
  <node id="11049029534" lat="24.6247317" lon="121.5920319"/>
  <node id="11049029535" lat="24.6247038" lon="121.5920662"/>
  <node id="11016369346" lat="24.6747046" lon="121.5870606"/>
  <node id="11016369347" lat="24.6747516" lon="121.5869917"/>
  <node id="11016369348" lat="24.6748991" lon="121.5866860"/>
  <node id="11076464967" lat="24.6615936" lon="121.5647735"/>
  <node id="11076464968" lat="24.6615164" lon="121.5648456"/>
  <node id="11076464969" lat="24.6614431" lon="121.5649518"/>
  <node id="11076464970" lat="24.6613679" lon="121.5650664"/>
  <node id="11076464971" lat="24.6613486" lon="121.5651364"/>
  <node id="11076464972" lat="24.6613660" lon="121.5653827"/>
  <node id="11076464973" lat="24.6613853" lon="121.5655440"/>
  <node id="11076464974" lat="24.6614142" lon="121.5657711"/>
  <node id="11076464975" lat="24.6614084" lon="121.5660174"/>
  <node id="11076464976" lat="24.6614277" lon="121.5661490"/>
  <node id="11076464977" lat="24.6614084" lon="121.5662212"/>
  <node id="11076464978" lat="24.6613640" lon="121.5662572"/>
  <node id="11076464979" lat="24.6612849" lon="121.5662763"/>
  <node id="11228709199" lat="24.6288851" lon="121.6135732"/>
  <node id="13083754025" lat="24.6288978" lon="121.6134328"/>
  <node id="11228709200" lat="24.6289290" lon="121.6132916"/>
  <node id="11228709201" lat="24.6290485" lon="121.6128892"/>
  <node id="11228709202" lat="24.6291265" lon="121.6126800"/>
  <node id="11228709203" lat="24.6292313" lon="121.6125163"/>
  <node id="11228709204" lat="24.6293752" lon="121.6123957"/>
  <node id="13083754024" lat="24.6294708" lon="121.6122848"/>
  <node id="11228709205" lat="24.6295215" lon="121.6121731"/>
  <node id="11228709206" lat="24.6295141" lon="121.6119987"/>
  <node id="11228709207" lat="24.6294654" lon="121.6116071"/>
  <node id="11228709208" lat="24.6294239" lon="121.6112557"/>
  <node id="11228709209" lat="24.6293800" lon="121.6108561"/>
  <node id="11228709210" lat="24.6293361" lon="121.6107595"/>
  <node id="13083754022" lat="24.6292818" lon="121.6107506"/>
  <node id="13083754023" lat="24.6292465" lon="121.6107908"/>
  <node id="11228709211" lat="24.6292045" lon="121.6108695"/>
  <node id="11228709212" lat="24.6291363" lon="121.6110600"/>
  <node id="11228709213" lat="24.6289948" lon="121.6114462"/>
  <node id="11228709214" lat="24.6289071" lon="121.6118110"/>
  <node id="11228709215" lat="24.6288339" lon="121.6120202"/>
  <node id="11228709216" lat="24.6288193" lon="121.6121865"/>
  <node id="11228709217" lat="24.6287071" lon="121.6125191"/>
  <node id="13083754017" lat="24.6286467" lon="121.6126013"/>
  <node id="11228709218" lat="24.6285291" lon="121.6126639"/>
  <node id="11228709219" lat="24.6283292" lon="121.6127739"/>
  <node id="11228709220" lat="24.6282365" lon="121.6129214"/>
  <node id="13083754021" lat="24.6281566" lon="121.6132504"/>
  <node id="11228709221" lat="24.6281170" lon="121.6133076"/>
  <node id="13083754018" lat="24.6280590" lon="121.6133040"/>
  <node id="13083754019" lat="24.6280078" lon="121.6132262"/>
  <node id="13083754020" lat="24.6279883" lon="121.6131216"/>
  <node id="11228709222" lat="24.6280049" lon="121.6129912"/>
  <node id="11228709223" lat="24.6281219" lon="121.6127551"/>
  <node id="11228709224" lat="24.6282170" lon="121.6125539"/>
  <node id="13083754016" lat="24.6282931" lon="121.6124591"/>
  <node id="11228709225" lat="24.6283365" lon="121.6123582"/>
  <node id="11228709226" lat="24.6283389" lon="121.6121838"/>
  <node id="11228709227" lat="24.6283243" lon="121.6119263"/>
  <node id="11228709228" lat="24.6282878" lon="121.6117171"/>
  <node id="11228709229" lat="24.6282390" lon="121.6114757"/>
  <node id="11228709230" lat="24.6282390" lon="121.6112853"/>
  <node id="11228709231" lat="24.6281878" lon="121.6110706"/>
  <node id="11228709232" lat="24.6280951" lon="121.6109151"/>
  <node id="11228709233" lat="24.6278781" lon="121.6108400"/>
  <node id="13083754013" lat="24.6277567" lon="121.6107398"/>
  <node id="11228709234" lat="24.6277075" lon="121.6106321"/>
  <node id="11228709235" lat="24.6276672" lon="121.6104672"/>
  <node id="11228709236" lat="24.6276611" lon="121.6102204"/>
  <node id="11228741162" lat="24.6276536" lon="121.6100524"/>
  <node id="11228752737" lat="24.6276514" lon="121.6100032"/>
  <node id="11228752738" lat="24.6276501" lon="121.6099200"/>
  <node id="13083754014" lat="24.6276238" lon="121.6098627"/>
  <node id="13083754015" lat="24.6275763" lon="121.6098547"/>
  <node id="11228752739" lat="24.6275270" lon="121.6098892"/>
  <node id="11228752740" lat="24.6274929" lon="121.6099361"/>
  <node id="11228752741" lat="24.6274831" lon="121.6100997"/>
  <node id="11228752742" lat="24.6275100" lon="121.6105020"/>
  <node id="11228752743" lat="24.6275173" lon="121.6109875"/>
  <node id="11228752744" lat="24.6274265" lon="121.6112571"/>
  <node id="11228752745" lat="24.6272011" lon="121.6114604"/>
  <node id="11228752746" lat="24.6268684" lon="121.6117246"/>
  <node id="13083754012" lat="24.6267302" lon="121.6117886"/>
  <node id="11228752747" lat="24.6265849" lon="121.6118156"/>
  <node id="13083754011" lat="24.6264132" lon="121.6117778"/>
  <node id="11228752748" lat="24.6262871" lon="121.6117704"/>
  <node id="13083754010" lat="24.6261231" lon="121.6117832"/>
  <node id="11228752749" lat="24.6260150" lon="121.6118348"/>
  <node id="13083754005" lat="24.6259158" lon="121.6119710"/>
  <node id="13083754009" lat="24.6258037" lon="121.6122124"/>
  <node id="13083754006" lat="24.6257257" lon="121.6122526"/>
  <node id="11228752750" lat="24.6256380" lon="121.6122262"/>
  <node id="13083754007" lat="24.6256062" lon="121.6121453"/>
  <node id="13083754008" lat="24.6256233" lon="121.6120300"/>
  <node id="11228752751" lat="24.6257675" lon="121.6117395"/>
  <node id="11228752752" lat="24.6259482" lon="121.6115213"/>
  <node id="11228752753" lat="24.6262550" lon="121.6113181"/>
  <node id="13083754002" lat="24.6264474" lon="121.6112655"/>
  <node id="11228752754" lat="24.6265447" lon="121.6112168"/>
  <node id="13083754003" lat="24.6265742" lon="121.6111314"/>
  <node id="11228752755" lat="24.6265802" lon="121.6110172"/>
  <node id="11228752756" lat="24.6266268" lon="121.6106771"/>
  <node id="11228752757" lat="24.6266627" lon="121.6104867"/>
  <node id="11228752758" lat="24.6266555" lon="121.6103463"/>
  <node id="13083754004" lat="24.6265644" lon="121.6102517"/>
  <node id="11228752759" lat="24.6264653" lon="121.6101908"/>
  <node id="11228752760" lat="24.6262587" lon="121.6100171"/>
  <node id="11228752761" lat="24.6262476" lon="121.6099805"/>
  <node id="11407072747" lat="24.6304880" lon="121.6212867"/>
  <node id="11407072748" lat="24.6305118" lon="121.6213046"/>
  <node id="11407072749" lat="24.6305379" lon="121.6213160"/>
  <node id="11407072750" lat="24.6305727" lon="121.6213135"/>
  <node id="11407072751" lat="24.6307513" lon="121.6212299"/>
  <node id="11407072752" lat="24.6311415" lon="121.6210652"/>
  <node id="11407072753" lat="24.6312292" lon="121.6210502"/>
  <node id="11407072754" lat="24.6312644" lon="121.6211274"/>
  <node id="11407072755" lat="24.6312039" lon="121.6212197"/>
  <node id="11407072756" lat="24.6311122" lon="121.6213012"/>
  <node id="11407072757" lat="24.6310127" lon="121.6213892"/>
  <node id="11407072758" lat="24.6309737" lon="121.6214965"/>
  <node id="11407072759" lat="24.6309952" lon="121.6215802"/>
  <node id="11407072760" lat="24.6310869" lon="121.6216081"/>
  <node id="11407072761" lat="24.6312312" lon="121.6215330"/>
  <node id="11407072762" lat="24.6319412" lon="121.6210566"/>
  <node id="11407072763" lat="24.6320758" lon="121.6210201"/>
  <node id="11407072764" lat="24.6322435" lon="121.6210695"/>
  <node id="11407072765" lat="24.6322942" lon="121.6212948"/>
  <node id="11407072766" lat="24.6323040" lon="121.6214922"/>
  <node id="11407072767" lat="24.6322864" lon="121.6216724"/>
  <node id="11407072768" lat="24.6321850" lon="121.6218205"/>
  <node id="11407119069" lat="24.6321304" lon="121.6219342"/>
  <node id="11407119070" lat="24.6320426" lon="121.6222432"/>
  <node id="11407119071" lat="24.6320017" lon="121.6223720"/>
  <node id="11407119072" lat="24.6319295" lon="121.6224728"/>
  <node id="11407119073" lat="24.6318593" lon="121.6225565"/>
  <node id="11407119074" lat="24.6317403" lon="121.6226530"/>
  <node id="11407119075" lat="24.6316096" lon="121.6227131"/>
  <node id="11407119076" lat="24.6315452" lon="121.6227968"/>
  <node id="11407119077" lat="24.6315335" lon="121.6228934"/>
  <node id="11407119078" lat="24.6316194" lon="121.6229277"/>
  <node id="11407119079" lat="24.6317578" lon="121.6229191"/>
  <node id="11407119080" lat="24.6319178" lon="121.6229256"/>
  <node id="11407119081" lat="24.6320699" lon="121.6229964"/>
  <node id="11407119082" lat="24.6321499" lon="121.6230436"/>
  <node id="11407119083" lat="24.6322494" lon="121.6230243"/>
  <node id="11407119084" lat="24.6325653" lon="121.6228333"/>
  <node id="11407119085" lat="24.6326824" lon="121.6227818"/>
  <node id="11407119086" lat="24.6328423" lon="121.6227711"/>
  <node id="11407119087" lat="24.6330081" lon="121.6227389"/>
  <node id="11407119088" lat="24.6331876" lon="121.6226938"/>
  <node id="11407119089" lat="24.6333124" lon="121.6226230"/>
  <node id="11407119090" lat="24.6334177" lon="121.6225050"/>
  <node id="11407119091" lat="24.6335152" lon="121.6224106"/>
  <node id="11407119092" lat="24.6336225" lon="121.6223462"/>
  <node id="11407119093" lat="24.6337064" lon="121.6223848"/>
  <node id="11407119094" lat="24.6337434" lon="121.6225200"/>
  <node id="11407119095" lat="24.6337630" lon="121.6226402"/>
  <node id="11407119096" lat="24.6337942" lon="121.6227432"/>
  <node id="11407119097" lat="24.6338722" lon="121.6227925"/>
  <node id="11407119098" lat="24.6339834" lon="121.6227839"/>
  <node id="11407119099" lat="24.6340419" lon="121.6227153"/>
  <node id="11407119100" lat="24.6341257" lon="121.6226659"/>
  <node id="11407119101" lat="24.6342330" lon="121.6227839"/>
  <node id="11407119102" lat="24.6342818" lon="121.6229449"/>
  <node id="11407119103" lat="24.6343695" lon="121.6230715"/>
  <node id="11407119104" lat="24.6344944" lon="121.6231723"/>
  <node id="11407119105" lat="24.6345880" lon="121.6232174"/>
  <node id="11407119106" lat="24.6346641" lon="121.6232238"/>
  <node id="11407119107" lat="24.6347772" lon="121.6231530"/>
  <node id="11407119108" lat="24.6348455" lon="121.6229899"/>
  <node id="11407119109" lat="24.6349722" lon="121.6227990"/>
  <node id="11407119110" lat="24.6350737" lon="121.6227088"/>
  <node id="11407119111" lat="24.6351751" lon="121.6226981"/>
  <node id="11407119112" lat="24.6352024" lon="121.6229256"/>
  <node id="11407119113" lat="24.6351751" lon="121.6231380"/>
  <node id="11407119114" lat="24.6351517" lon="121.6232818"/>
  <node id="11407119115" lat="24.6351790" lon="121.6234105"/>
  <node id="11407119116" lat="24.6352687" lon="121.6234320"/>
  <node id="11407119117" lat="24.6353701" lon="121.6233590"/>
  <node id="11407119118" lat="24.6354677" lon="121.6231981"/>
  <node id="11407119119" lat="24.6355496" lon="121.6229899"/>
  <node id="11407119120" lat="24.6356491" lon="121.6229513"/>
  <node id="11407119121" lat="24.6357641" lon="121.6229771"/>
  <node id="11407119122" lat="24.6363551" lon="121.6232796"/>
  <node id="11407119123" lat="24.6364702" lon="121.6233118"/>
  <node id="11407119124" lat="24.6365950" lon="121.6234234"/>
  <node id="11407119125" lat="24.6366730" lon="121.6236251"/>
  <node id="11407119126" lat="24.6366769" lon="121.6237731"/>
  <node id="11407119127" lat="24.6366886" lon="121.6238740"/>
  <node id="11407119128" lat="24.6367842" lon="121.6239427"/>
  <node id="11407119129" lat="24.6368915" lon="121.6239298"/>
  <node id="11407119130" lat="24.6369597" lon="121.6237839"/>
  <node id="11407119131" lat="24.6369812" lon="121.6235822"/>
  <node id="11407119132" lat="24.6369929" lon="121.6234599"/>
  <node id="11407119133" lat="24.6369519" lon="121.6232710"/>
  <node id="11407119134" lat="24.6368778" lon="121.6230500"/>
  <node id="11407119135" lat="24.6368135" lon="121.6229234"/>
  <node id="11407119136" lat="24.6367550" lon="121.6227947"/>
  <node id="11407119137" lat="24.6367315" lon="121.6226852"/>
  <node id="11407119138" lat="24.6367530" lon="121.6225822"/>
  <node id="11407119139" lat="24.6367667" lon="121.6225543"/>
  <node id="11407119140" lat="24.6371353" lon="121.6230371"/>
  <node id="11407119141" lat="24.6372679" lon="121.6231702"/>
  <node id="11407119142" lat="24.6374396" lon="121.6232860"/>
  <node id="11407119143" lat="24.6375722" lon="121.6234084"/>
  <node id="11407119144" lat="24.6376678" lon="121.6235671"/>
  <node id="11407119145" lat="24.6377224" lon="121.6237667"/>
  <node id="11407119146" lat="24.6377185" lon="121.6239469"/>
  <node id="11407119147" lat="24.6377107" lon="121.6240735"/>
  <node id="11407119148" lat="24.6377243" lon="121.6241658"/>
  <node id="11407119149" lat="24.6377848" lon="121.6242752"/>
  <node id="11407119150" lat="24.6383445" lon="121.6244255"/>
  <node id="11407119151" lat="24.6384889" lon="121.6245306"/>
  <node id="11407119152" lat="24.6385786" lon="121.6246121"/>
  <node id="11407119153" lat="24.6386664" lon="121.6247323"/>
  <node id="11407119154" lat="24.6386196" lon="121.6249919"/>
  <node id="11407119155" lat="24.6386761" lon="121.6250649"/>
  <node id="11407119156" lat="24.6387639" lon="121.6250155"/>
  <node id="11407119157" lat="24.6388400" lon="121.6246851"/>
  <node id="11407119158" lat="24.6388712" lon="121.6245478"/>
  <node id="11407119159" lat="24.6389316" lon="121.6244941"/>
  <node id="11407119160" lat="24.6389706" lon="121.6246164"/>
  <node id="11407119161" lat="24.6389960" lon="121.6247902"/>
  <node id="11407119162" lat="24.6390155" lon="121.6249812"/>
  <node id="11407119163" lat="24.6390057" lon="121.6251572"/>
  <node id="11407119164" lat="24.6389765" lon="121.6253224"/>
  <node id="11407119165" lat="24.6389414" lon="121.6254361"/>
  <node id="11407119166" lat="24.6389765" lon="121.6255649"/>
  <node id="11407119167" lat="24.6390233" lon="121.6259253"/>
  <node id="11407119168" lat="24.6390096" lon="121.6261099"/>
  <node id="11407119169" lat="24.6390038" lon="121.6262815"/>
  <node id="11407119170" lat="24.6389940" lon="121.6263545"/>
  <node id="11407119171" lat="24.6391657" lon="121.6258653"/>
  <node id="11407119172" lat="24.6392222" lon="121.6257987"/>
  <node id="11407119173" lat="24.6393373" lon="121.6256764"/>
  <node id="11407119174" lat="24.6394290" lon="121.6256078"/>
  <node id="11407119175" lat="24.6395694" lon="121.6256013"/>
  <node id="11407119176" lat="24.6396942" lon="121.6256164"/>
  <node id="11407119177" lat="24.6398698" lon="121.6257022"/>
  <node id="11407119178" lat="24.6399673" lon="121.6258309"/>
  <node id="11407119179" lat="24.6399322" lon="121.6259811"/>
  <node id="11407119180" lat="24.6398639" lon="121.6261442"/>
  <node id="11407119181" lat="24.6398191" lon="121.6263416"/>
  <node id="11407119182" lat="24.6397722" lon="121.6265133"/>
  <node id="11407119183" lat="24.6397235" lon="121.6265648"/>
  <node id="11407119184" lat="24.6396260" lon="121.6265862"/>
  <node id="11407119185" lat="24.6395284" lon="121.6266249"/>
  <node id="11407119186" lat="24.6393549" lon="121.6270690"/>
  <node id="11407119187" lat="24.6393080" lon="121.6272643"/>
  <node id="11407119188" lat="24.6392281" lon="121.6273759"/>
  <node id="11407119189" lat="24.6389648" lon="121.6274746"/>
  <node id="11407119190" lat="24.6388302" lon="121.6274660"/>
  <node id="11407119191" lat="24.6386898" lon="121.6273630"/>
  <node id="11407119192" lat="24.6385747" lon="121.6272471"/>
  <node id="11407119193" lat="24.6384752" lon="121.6272021"/>
  <node id="11407119194" lat="24.6380091" lon="121.6272815"/>
  <node id="11407119195" lat="24.6378238" lon="121.6273394"/>
  <node id="11407119196" lat="24.6377009" lon="121.6274081"/>
  <node id="11407119197" lat="24.6376326" lon="121.6275068"/>
  <node id="11407119198" lat="24.6375683" lon="121.6276141"/>
  <node id="11407119199" lat="24.6374805" lon="121.6281526"/>
  <node id="11407119200" lat="24.6374708" lon="121.6283093"/>
  <node id="11407119201" lat="24.6375917" lon="121.6286440"/>
  <node id="11407119202" lat="24.6377048" lon="121.6287384"/>
  <node id="11407119203" lat="24.6378491" lon="121.6287792"/>
  <node id="11407119204" lat="24.6379525" lon="121.6288736"/>
  <node id="11407119205" lat="24.6379350" lon="121.6290260"/>
  <node id="11407119206" lat="24.6377380" lon="121.6291869"/>
  <node id="11407119207" lat="24.6376346" lon="121.6292921"/>
  <node id="11407119208" lat="24.6375800" lon="121.6294766"/>
  <node id="11407119209" lat="24.6375176" lon="121.6297684"/>
  <node id="11407119210" lat="24.6374025" lon="121.6299830"/>
  <node id="11407119211" lat="24.6372523" lon="121.6300817"/>
  <node id="11407119212" lat="24.6370690" lon="121.6301740"/>
  <node id="11407119213" lat="24.6369929" lon="121.6302727"/>
  <node id="11407119214" lat="24.6366945" lon="121.6309443"/>
  <node id="11407119215" lat="24.6366009" lon="121.6311996"/>
  <node id="11407119216" lat="24.6365209" lon="121.6314056"/>
  <node id="11407119217" lat="24.6364682" lon="121.6315022"/>
  <node id="11407119218" lat="24.6364429" lon="121.6315580"/>
  <node id="11407119219" lat="24.6362751" lon="121.6316653"/>
  <node id="11407119220" lat="24.6360430" lon="121.6317769"/>
  <node id="11407119221" lat="24.6352960" lon="121.6324828"/>
  <node id="11407119222" lat="24.6350951" lon="121.6328154"/>
  <node id="11407119223" lat="24.6348845" lon="121.6331695"/>
  <node id="11407119224" lat="24.6346563" lon="121.6337939"/>
  <node id="11407119225" lat="24.6344729" lon="121.6340127"/>
  <node id="11407119226" lat="24.6342798" lon="121.6341737"/>
  <node id="11407119227" lat="24.6341218" lon="121.6343775"/>
  <node id="11407119228" lat="24.6340789" lon="121.6345599"/>
  <node id="11407119229" lat="24.6340828" lon="121.6347680"/>
  <node id="11407119230" lat="24.6341745" lon="121.6348753"/>
  <node id="11407119231" lat="24.6342525" lon="121.6350255"/>
  <node id="11407119232" lat="24.6343852" lon="121.6352916"/>
  <node id="4430931995" lat="24.6646236" lon="121.6175605"/>
  <node id="11005884537" lat="24.6644651" lon="121.6176338"/>
  <node id="412685660" lat="24.6643207" lon="121.6176968"/>
  <node id="2178261534" lat="24.6656385" lon="121.6166764"/>
  <node id="9500926496" lat="24.6655276" lon="121.6168217"/>
  <node id="2178261537" lat="24.6653926" lon="121.6169744"/>
  <node id="9500926497" lat="24.6652387" lon="121.6171288"/>
  <node id="412685659" lat="24.6649920" lon="121.6173381"/>
  <node id="6875264844" lat="24.6626153" lon="121.6183509"/>
  <node id="3109149599" lat="24.6599378" lon="121.6211035"/>
  <node id="8692704228" lat="24.6603069" lon="121.6211845"/>
  <node id="5017989243" lat="24.6604382" lon="121.6212032"/>
  <node id="4431033509" lat="24.6604887" lon="121.6212122"/>
  <node id="11006277150" lat="24.6506768" lon="121.6149531"/>
  <node id="987453114" lat="24.6507727" lon="121.6150059"/>
  <node id="987453113" lat="24.6508630" lon="121.6150689"/>
  <node id="11006277149" lat="24.6509276" lon="121.6151353"/>
  <node id="11006277148" lat="24.6509802" lon="121.6152017"/>
  <node id="987453112" lat="24.6510170" lon="121.6152674"/>
  <node id="11006277147" lat="24.6510412" lon="121.6153318"/>
  <node id="987453110" lat="24.6510629" lon="121.6154284"/>
  <node id="987453109" lat="24.6510844" lon="121.6155893"/>
  <node id="987453106" lat="24.6512209" lon="121.6170752"/>
  <node id="987453105" lat="24.6512638" lon="121.6173006"/>
  <node id="11006277146" lat="24.6513026" lon="121.6174481"/>
  <node id="11006277145" lat="24.6513500" lon="121.6175393"/>
  <node id="11006277144" lat="24.6514130" lon="121.6176050"/>
  <node id="3109149580" lat="24.6515389" lon="121.6176694"/>
  <node id="987453103" lat="24.6516206" lon="121.6177055"/>
  <node id="10158328172" lat="24.6516860" lon="121.6177145"/>
  <node id="10158328183" lat="24.6517738" lon="121.6177226"/>
  <node id="3109149581" lat="24.6518354" lon="121.6177337"/>
  <node id="987453101" lat="24.6519044" lon="121.6177350"/>
  <node id="3109149582" lat="24.6519532" lon="121.6177216"/>
  <node id="987453100" lat="24.6520288" lon="121.6176546"/>
  <node id="3109149584" lat="24.6520980" lon="121.6175862"/>
  <node id="3109149585" lat="24.6521438" lon="121.6175164"/>
  <node id="11006277135" lat="24.6521819" lon="121.6174575"/>
  <node id="11006277134" lat="24.6522176" lon="121.6173474"/>
  <node id="11006277133" lat="24.6522291" lon="121.6172898"/>
  <node id="987453099" lat="24.6522206" lon="121.6171959"/>
  <node id="3109149583" lat="24.6522053" lon="121.6171115"/>
  <node id="11006277132" lat="24.6521731" lon="121.6170156"/>
  <node id="11006277131" lat="24.6521420" lon="121.6169022"/>
  <node id="987453098" lat="24.6521067" lon="121.6167372"/>
  <node id="987453097" lat="24.6520894" lon="121.6165750"/>
  <node id="11006277130" lat="24.6520834" lon="121.6163849"/>
  <node id="11006277129" lat="24.6520895" lon="121.6161747"/>
  <node id="11006277128" lat="24.6521065" lon="121.6159232"/>
  <node id="987453096" lat="24.6521370" lon="121.6157099"/>
  <node id="11006277127" lat="24.6521981" lon="121.6154913"/>
  <node id="987453108" lat="24.6522922" lon="121.6153143"/>
  <node id="987453093" lat="24.6524228" lon="121.6151574"/>
  <node id="11006277124" lat="24.6526245" lon="121.6149712"/>
  <node id="11006277125" lat="24.6527762" lon="121.6148808"/>
  <node id="11006277123" lat="24.6529317" lon="121.6147770"/>
  <node id="987453090" lat="24.6537649" lon="121.6142709"/>
  <node id="11006277122" lat="24.6539923" lon="121.6141509"/>
  <node id="11006277121" lat="24.6541492" lon="121.6140986"/>
  <node id="11006277120" lat="24.6543093" lon="121.6140855"/>
  <node id="11006277118" lat="24.6544670" lon="121.6140964"/>
  <node id="11006277117" lat="24.6546824" lon="121.6141641"/>
  <node id="11006277116" lat="24.6549068" lon="121.6142534"/>
  <node id="11006277115" lat="24.6555838" lon="121.6145397"/>
  <node id="11006277114" lat="24.6576318" lon="121.6154013"/>
  <node id="4431031687" lat="24.6582700" lon="121.6156564"/>
  <node id="11006277113" lat="24.6583845" lon="121.6157245"/>
  <node id="11006277111" lat="24.6585010" lon="121.6158490"/>
  <node id="11006277110" lat="24.6585652" lon="121.6159739"/>
  <node id="4431033489" lat="24.6585990" lon="121.6161023"/>
  <node id="4431033494" lat="24.6586024" lon="121.6162525"/>
  <node id="4431033492" lat="24.6585248" lon="121.6165414"/>
  <node id="11006277094" lat="24.6580496" lon="121.6180200"/>
  <node id="4431031681" lat="24.6580049" lon="121.6183000"/>
  <node id="4431031680" lat="24.6580525" lon="121.6186847"/>
  <node id="11006277092" lat="24.6581473" lon="121.6191936"/>
  <node id="11006277091" lat="24.6582462" lon="121.6194732"/>
  <node id="11006277090" lat="24.6587060" lon="121.6200208"/>
  <node id="4431033497" lat="24.6588423" lon="121.6201056"/>
  <node id="11006277089" lat="24.6591131" lon="121.6201726"/>
  <node id="4431033499" lat="24.6592857" lon="121.6202446"/>
  <node id="4431033502" lat="24.6593741" lon="121.6203170"/>
  <node id="11006277087" lat="24.6594296" lon="121.6203995"/>
  <node id="11006277086" lat="24.6595394" lon="121.6207895"/>
  <node id="987453131" lat="24.6435679" lon="121.6114215"/>
  <node id="987453130" lat="24.6438250" lon="121.6120102"/>
  <node id="987453129" lat="24.6438970" lon="121.6121336"/>
  <node id="987453128" lat="24.6439993" lon="121.6122521"/>
  <node id="994358056" lat="24.6445918" lon="121.6127059"/>
  <node id="11006277193" lat="24.6451862" lon="121.6130458"/>
  <node id="987453127" lat="24.6454677" lon="121.6131827"/>
  <node id="4430930226" lat="24.6460326" lon="121.6133841"/>
  <node id="11006277192" lat="24.6463727" lon="121.6134828"/>
  <node id="11006277191" lat="24.6466179" lon="121.6135776"/>
  <node id="11006277190" lat="24.6471822" lon="121.6138523"/>
  <node id="6673684117" lat="24.6477940" lon="121.6140730"/>
  <node id="11006277189" lat="24.6483106" lon="121.6142111"/>
  <node id="11006277188" lat="24.6487006" lon="121.6143338"/>
  <node id="3109149566" lat="24.6418552" lon="121.6115247"/>
  <node id="987453135" lat="24.6421404" lon="121.6112332"/>
  <node id="11006277196" lat="24.6422109" lon="121.6111785"/>
  <node id="987453134" lat="24.6422855" lon="121.6111237"/>
  <node id="994358058" lat="24.6425106" lon="121.6109985"/>
  <node id="3109149568" lat="24.6427400" lon="121.6108874"/>
  <node id="3109149569" lat="24.6429239" lon="121.6108257"/>
  <node id="987453133" lat="24.6430167" lon="121.6108120"/>
  <node id="987453132" lat="24.6430852" lon="121.6108121"/>
  <node id="11006277195" lat="24.6431418" lon="121.6108243"/>
  <node id="11006277194" lat="24.6432136" lon="121.6108587"/>
  <node id="3109149570" lat="24.6432821" lon="121.6109008"/>
  <node id="3109149572" lat="24.6433326" lon="121.6109521"/>
  <node id="11028895070" lat="24.6383614" lon="121.6140115"/>
  <node id="3109149554" lat="24.6389145" lon="121.6138493"/>
  <node id="987453141" lat="24.6394367" lon="121.6136866"/>
  <node id="987453140" lat="24.6396500" lon="121.6135900"/>
  <node id="987453138" lat="24.6398878" lon="121.6134381"/>
  <node id="11028835367" lat="24.6409663" lon="121.6126292"/>
  <node id="987453137" lat="24.6411348" lon="121.6124858"/>
  <node id="987453142" lat="24.6380128" lon="121.6140323"/>
  <node id="11028895069" lat="24.6381103" lon="121.6140406"/>
  <node id="3109149616" lat="24.6628939" lon="121.6323953"/>
  <node id="4430995700" lat="24.6631875" lon="121.6317172"/>
  <node id="4430995701" lat="24.6632479" lon="121.6315944"/>
  <node id="4430995705" lat="24.6634912" lon="121.6313650"/>
  <node id="11749905475" lat="24.6627447" lon="121.6316367"/>
  <node id="11749905476" lat="24.6621726" lon="121.6318150"/>
  <node id="11750228675" lat="24.6708359" lon="121.6308081"/>
  <node id="11750228677" lat="24.6687743" lon="121.6313739"/>
  <node id="11750228678" lat="24.6674708" lon="121.6317539"/>
  <node id="11750228681" lat="24.6626492" lon="121.6311058"/>
  <node id="11750228680" lat="24.6626576" lon="121.6311602"/>
  <node id="11750228682" lat="24.6602740" lon="121.6290081"/>
  <node id="11750228728" lat="24.6652313" lon="121.6205729"/>
  <node id="11750228729" lat="24.6643003" lon="121.6209645"/>
  <node id="11750228730" lat="24.6639444" lon="121.6211629"/>
  <node id="11750228731" lat="24.6639006" lon="121.6212648"/>
  <node id="11750228732" lat="24.6638616" lon="121.6212916"/>
  <node id="11750228733" lat="24.6636276" lon="121.6213185"/>
  <node id="11750228734" lat="24.6631475" lon="121.6214150"/>
  <node id="11750228735" lat="24.6630256" lon="121.6215491"/>
  <node id="11840665227" lat="24.6626962" lon="121.6215605"/>
  <node id="11750228727" lat="24.6626252" lon="121.6215584"/>
  <node id="11840665229" lat="24.6646488" lon="121.6259711"/>
  <node id="3707841868" lat="24.6648414" lon="121.6260648"/>
  <node id="11005328150" lat="24.6669321" lon="121.6270146"/>
  <node id="11840665231" lat="24.6641616" lon="121.6269205"/>
  <node id="4430995710" lat="24.6641120" lon="121.6268355"/>
  <node id="3707841799" lat="24.6638679" lon="121.6264298"/>
  <node id="4430995707" lat="24.6636434" lon="121.6260973"/>
  <node id="4430995702" lat="24.6633841" lon="121.6257726"/>
  <node id="4430995699" lat="24.6629312" lon="121.6252777"/>
  <node id="11840665233" lat="24.6645767" lon="121.6284471"/>
  <node id="11840665238" lat="24.6636093" lon="121.6312754"/>
  <node id="11840665240" lat="24.6628566" lon="121.6322057"/>
  <node id="11840665239" lat="24.6628703" lon="121.6322752"/>
  <node id="11840665246" lat="24.6632252" lon="121.6342089"/>
  <node id="10019940403" lat="24.6634602" lon="121.6350460"/>
  <node id="11840665248" lat="24.6636315" lon="121.6349275"/>
  <node id="11840665250" lat="24.6639044" lon="121.6363731"/>
  <node id="11840665252" lat="24.6649232" lon="121.6314553"/>
  <node id="4430995737" lat="24.6669320" lon="121.6316998"/>
  <node id="11840665255" lat="24.6761931" lon="121.6340423"/>
  <node id="11840702001" lat="24.6625131" lon="121.6204499"/>
  <node id="11005886537" lat="24.6654497" lon="121.6115222"/>
  <node id="11005886538" lat="24.6652440" lon="121.6117013"/>
  <node id="11005886539" lat="24.6652008" lon="121.6117420"/>
  <node id="11005886548" lat="24.6644271" lon="121.6107053"/>
  <node id="11005886549" lat="24.6642585" lon="121.6109212"/>
  <node id="11890816277" lat="24.6575514" lon="121.6061819"/>
  <node id="11890758768" lat="24.6574347" lon="121.6059942"/>
  <node id="11890816269" lat="24.6573060" lon="121.6059314"/>
  <node id="11890816279" lat="24.6569190" lon="121.6061309"/>
  <node id="11890816270" lat="24.6568286" lon="121.6061775"/>
  <node id="11890816271" lat="24.6565979" lon="121.6063686"/>
  <node id="11890816272" lat="24.6562424" lon="121.6065316"/>
  <node id="11890816273" lat="24.6557830" lon="121.6069685"/>
  <node id="11890816274" lat="24.6553045" lon="121.6071207"/>
  <node id="11890816275" lat="24.6549593" lon="121.6069240"/>
  <node id="11890816276" lat="24.6545704" lon="121.6064118"/>
  <node id="11890758766" lat="24.6580854" lon="121.6069037"/>
  <node id="11890758767" lat="24.6576468" lon="121.6063352"/>
  <node id="11890816278" lat="24.6575887" lon="121.6062418"/>
  <node id="11890816280" lat="24.6567827" lon="121.6060665"/>
  <node id="11890816281" lat="24.6564703" lon="121.6055257"/>
  <node id="11890816282" lat="24.6563610" lon="121.6050846"/>
  <node id="11890816283" lat="24.6563541" lon="121.6047341"/>
  <node id="11890816284" lat="24.6564214" lon="121.6044120"/>
  <node id="11890816285" lat="24.6569145" lon="121.6061288"/>
  <node id="11892568954" lat="24.6315586" lon="121.6067580"/>
  <node id="11892568956" lat="24.6321374" lon="121.6064834"/>
  <node id="11892568960" lat="24.6318688" lon="121.6062747"/>
  <node id="11892568957" lat="24.6316138" lon="121.6060766"/>
  <node id="11892568958" lat="24.6322108" lon="121.6058622"/>
  <node id="11892568959" lat="24.6320068" lon="121.6060922"/>
  <node id="11892568963" lat="24.6346033" lon="121.6031191"/>
  <node id="11892568966" lat="24.6345491" lon="121.6030760"/>
  <node id="11892568964" lat="24.6343398" lon="121.6029094"/>
  <node id="11892568965" lat="24.6342480" lon="121.6026229"/>
  <node id="11892568967" lat="24.6345555" lon="121.6030140"/>
  <node id="11892568968" lat="24.6346744" lon="121.6030365"/>
  <node id="11892582169" lat="24.6348266" lon="121.6031132"/>
  <node id="11892582170" lat="24.6349035" lon="121.6031008"/>
  <node id="11892582171" lat="24.6350992" lon="121.6028819"/>
  <node id="11892582172" lat="24.6352100" lon="121.6026155"/>
  <node id="11892582173" lat="24.6352365" lon="121.6022587"/>
  <node id="11892582175" lat="24.6351881" lon="121.6040166"/>
  <node id="11892582176" lat="24.6353573" lon="121.6039332"/>
  <node id="11892582177" lat="24.6354067" lon="121.6038776"/>
  <node id="11892582178" lat="24.6355617" lon="121.6037260"/>
  <node id="11892582179" lat="24.6358701" lon="121.6034968"/>
  <node id="11892582180" lat="24.6360465" lon="121.6032505"/>
  <node id="11892582183" lat="24.6327387" lon="121.6028717"/>
  <node id="11892582184" lat="24.6325835" lon="121.6022304"/>
  <node id="11892582185" lat="24.6324739" lon="121.6018753"/>
  <node id="11892582192" lat="24.6324842" lon="121.6018536"/>
  <node id="11892582191" lat="24.6325805" lon="121.6017598"/>
  <node id="11892582186" lat="24.6325890" lon="121.6017506"/>
  <node id="11892582187" lat="24.6324412" lon="121.6015867"/>
  <node id="11892582188" lat="24.6322967" lon="121.6014170"/>
  <node id="11892582189" lat="24.6322672" lon="121.6011760"/>
  <node id="11892582190" lat="24.6321557" lon="121.6010299"/>
  <node id="11892582193" lat="24.6301220" lon="121.5972939"/>
  <node id="11892582194" lat="24.6300741" lon="121.5974451"/>
  <node id="11892582195" lat="24.6299135" lon="121.5974472"/>
  <node id="11892582196" lat="24.6297630" lon="121.5974046"/>
  <node id="11892582197" lat="24.6295571" lon="121.5975601"/>
  <node id="11892582198" lat="24.6298626" lon="121.5977810"/>
  <node id="11892582199" lat="24.6301978" lon="121.5980992"/>
  <node id="11892582200" lat="24.6305067" lon="121.5982219"/>
  <node id="11892582201" lat="24.6306752" lon="121.5982622"/>
  <node id="11892582202" lat="24.6291995" lon="121.5953470"/>
  <node id="11892582203" lat="24.6291825" lon="121.5956093"/>
  <node id="11892582204" lat="24.6292132" lon="121.5958737"/>
  <node id="11892582205" lat="24.6291147" lon="121.5962087"/>
  <node id="11892582206" lat="24.6292058" lon="121.5963729"/>
  <node id="11892582207" lat="24.6291893" lon="121.5965864"/>
  <node id="11892582208" lat="24.6293516" lon="121.5969103"/>
  <node id="11892582209" lat="24.6293496" lon="121.5971489"/>
  <node id="11892582210" lat="24.6291196" lon="121.5972090"/>
  <node id="11892582211" lat="24.6289538" lon="121.5968961"/>
  <node id="11892582212" lat="24.6286542" lon="121.5968137"/>
  <node id="11892582213" lat="24.6285543" lon="121.5968258"/>
  <node id="11892582214" lat="24.6283237" lon="121.5967961"/>
  <node id="11892582215" lat="24.6282161" lon="121.5966875"/>
  <node id="11892582216" lat="24.6281936" lon="121.5968769"/>
  <node id="11892582217" lat="24.6281752" lon="121.5970253"/>
  <node id="11892582218" lat="24.6284407" lon="121.5973633"/>
  <node id="11892582219" lat="24.6284029" lon="121.5975530"/>
  <node id="11892582220" lat="24.6284933" lon="121.5978298"/>
  <node id="11892582221" lat="24.6286473" lon="121.5981763"/>
  <node id="11892582222" lat="24.6286191" lon="121.5987090"/>
  <node id="11892582223" lat="24.6285711" lon="121.5987907"/>
  <node id="11892582224" lat="24.6283170" lon="121.5987009"/>
  <node id="11892582225" lat="24.6281451" lon="121.5984918"/>
  <node id="11892582226" lat="24.6279536" lon="121.5984439"/>
  <node id="11892582227" lat="24.6277793" lon="121.5983465"/>
  <node id="11892582228" lat="24.6274626" lon="121.5984161"/>
  <node id="11892582229" lat="24.6273243" lon="121.5984016"/>
  <node id="11892582230" lat="24.6271117" lon="121.5985120"/>
  <node id="11892582231" lat="24.6266902" lon="121.5988012"/>
  <node id="11892582232" lat="24.6258125" lon="121.5872788"/>
  <node id="11892582233" lat="24.6257765" lon="121.5871771"/>
  <node id="11892582234" lat="24.6253601" lon="121.5872040"/>
  <node id="11892582235" lat="24.6252766" lon="121.5871327"/>
  <node id="11892582236" lat="24.6254266" lon="121.5868659"/>
  <node id="11892582237" lat="24.6252858" lon="121.5866166"/>
  <node id="11892582238" lat="24.6254143" lon="121.5863916"/>
  <node id="11892582239" lat="24.6256004" lon="121.5859554"/>
  <node id="11892582240" lat="24.6258778" lon="121.5857548"/>
  <node id="11892582241" lat="24.6263854" lon="121.5859086"/>
  <node id="11892582242" lat="24.6265673" lon="121.5859671"/>
  <node id="11892582243" lat="24.6266939" lon="121.5857082"/>
  <node id="11892582244" lat="24.6263090" lon="121.5847250"/>
  <node id="11892582245" lat="24.6270480" lon="121.5841746"/>
  <node id="11892582246" lat="24.6275026" lon="121.5835248"/>
  <node id="11892582247" lat="24.6278884" lon="121.5830281"/>
  <node id="11892582248" lat="24.6279559" lon="121.5827483"/>
  <node id="11892582249" lat="24.6279978" lon="121.5826331"/>
  <node id="11892582250" lat="24.6285099" lon="121.5822652"/>
  <node id="11892582251" lat="24.6286429" lon="121.5818557"/>
  <node id="11892582252" lat="24.6285836" lon="121.5817176"/>
  <node id="11892582253" lat="24.6285956" lon="121.5811757"/>
  <node id="11892582254" lat="24.6284666" lon="121.5809700"/>
  <node id="11892582255" lat="24.6285315" lon="121.5807894"/>
  <node id="11892582256" lat="24.6290202" lon="121.5806881"/>
  <node id="11892582257" lat="24.6298665" lon="121.5803105"/>
  <node id="11892582258" lat="24.6302151" lon="121.5804674"/>
  <node id="11892582259" lat="24.6306306" lon="121.5809921"/>
  <node id="11892582260" lat="24.6308416" lon="121.5814552"/>
  <node id="11892582261" lat="24.6308610" lon="121.5816776"/>
  <node id="11892582262" lat="24.6307245" lon="121.5815080"/>
  <node id="11892582263" lat="24.6305555" lon="121.5812612"/>
  <node id="11892582264" lat="24.6301591" lon="121.5810229"/>
  <node id="11892582265" lat="24.6300310" lon="121.5810748"/>
  <node id="11892582266" lat="24.6300152" lon="121.5812318"/>
  <node id="11892582267" lat="24.6301183" lon="121.5814561"/>
  <node id="11892582268" lat="24.6305109" lon="121.5817121"/>
  <node id="11892582269" lat="24.6306841" lon="121.5821896"/>
  <node id="11892582270" lat="24.6312983" lon="121.5827521"/>
  <node id="11892582271" lat="24.6314529" lon="121.5831771"/>
  <node id="11892582272" lat="24.6317464" lon="121.5835606"/>
  <node id="11892582273" lat="24.6322160" lon="121.5837721"/>
  <node id="11892582274" lat="24.6324101" lon="121.5837402"/>
  <node id="11892582275" lat="24.6324306" lon="121.5835430"/>
  <node id="11892582276" lat="24.6324858" lon="121.5830837"/>
  <node id="11892582277" lat="24.6326501" lon="121.5828732"/>
  <node id="11892582278" lat="24.6327530" lon="121.5827615"/>
  <node id="11892582279" lat="24.6329742" lon="121.5827045"/>
  <node id="11892582280" lat="24.6330193" lon="121.5827675"/>
  <node id="11892582281" lat="24.6326821" lon="121.5830470"/>
  <node id="11892582282" lat="24.6326137" lon="121.5833757"/>
  <node id="11892582283" lat="24.6327975" lon="121.5840202"/>
  <node id="11892582284" lat="24.6329389" lon="121.5844060"/>
  <node id="11892582285" lat="24.6330595" lon="121.5844863"/>
  <node id="11892582286" lat="24.6331832" lon="121.5837402"/>
  <node id="11892582287" lat="24.6333030" lon="121.5837281"/>
  <node id="11030752218" lat="24.6333900" lon="121.5837753"/>
  <node id="11892582288" lat="24.6270128" lon="121.5926526"/>
  <node id="11892582291" lat="24.6270155" lon="121.5929616"/>
  <node id="11892582289" lat="24.6269328" lon="121.5932198"/>
  <node id="11892582290" lat="24.6270898" lon="121.5932449"/>
  <node id="12162829869" lat="24.6328865" lon="121.5984375"/>
  <node id="12162829871" lat="24.6331514" lon="121.5991241"/>
  <node id="12162829872" lat="24.6332262" lon="121.5988917"/>
  <node id="12162829873" lat="24.6333042" lon="121.5985555"/>
  <node id="12162829874" lat="24.6333692" lon="121.5984124"/>
  <node id="12162829876" lat="24.6342534" lon="121.5995068"/>
  <node id="12162829878" lat="24.6350548" lon="121.5945626"/>
  <node id="12343369304" lat="24.6685195" lon="121.5732211"/>
  <node id="12343369305" lat="24.6684775" lon="121.5731594"/>
  <node id="12343369306" lat="24.6683325" lon="121.5730648"/>
  <node id="12343369307" lat="24.6682167" lon="121.5729361"/>
  <node id="12343369308" lat="24.6681064" lon="121.5727638"/>
  <node id="12343369309" lat="24.6680796" lon="121.5726578"/>
  <node id="12343369310" lat="24.6680851" lon="121.5725928"/>
  <node id="12343369311" lat="24.6680497" lon="121.5725264"/>
  <node id="12343369312" lat="24.6679863" lon="121.5724882"/>
  <node id="12343369313" lat="24.6678736" lon="121.5724728"/>
  <node id="12343369314" lat="24.6677816" lon="121.5724386"/>
  <node id="12343369315" lat="24.6677322" lon="121.5724090"/>
  <node id="12343369316" lat="24.6677054" lon="121.5723467"/>
  <node id="12343369317" lat="24.6676975" lon="121.5722783"/>
  <node id="12343369318" lat="24.6677274" lon="121.5722421"/>
  <node id="12343369437" lat="24.6677926" lon="121.5722206"/>
  <node id="12343369438" lat="24.6679541" lon="121.5722508"/>
  <node id="12343369439" lat="24.6680260" lon="121.5722360"/>
  <node id="12343369440" lat="24.6681783" lon="121.5721871"/>
  <node id="12343369441" lat="24.6683197" lon="121.5721858"/>
  <node id="12343369442" lat="24.6683544" lon="121.5722106"/>
  <node id="12343369443" lat="24.6683928" lon="121.5722615"/>
  <node id="12343369449" lat="24.6684799" lon="121.5725505"/>
  <node id="12343369450" lat="24.6685500" lon="121.5726357"/>
  <node id="12343369451" lat="24.6686530" lon="121.5726806"/>
  <node id="12343369452" lat="24.6687706" lon="121.5727450"/>
  <node id="12343369453" lat="24.6688705" lon="121.5728134"/>
  <node id="12343369444" lat="24.6689241" lon="121.5728248"/>
  <node id="12343369454" lat="24.6689875" lon="121.5728214"/>
  <node id="12343369455" lat="24.6690521" lon="121.5727832"/>
  <node id="12343369456" lat="24.6691265" lon="121.5727141"/>
  <node id="12343369445" lat="24.6691709" lon="121.5726592"/>
  <node id="12343369446" lat="24.6691837" lon="121.5725908"/>
  <node id="12343369457" lat="24.6691405" lon="121.5725311"/>
  <node id="12343369458" lat="24.6690350" lon="121.5724848"/>
  <node id="12343369459" lat="24.6689034" lon="121.5723802"/>
  <node id="12343369460" lat="24.6688596" lon="121.5723145"/>
  <node id="12343369461" lat="24.6688620" lon="121.5721978"/>
  <node id="12343369462" lat="24.6689168" lon="121.5719859"/>
  <node id="12343369463" lat="24.6689900" lon="121.5718907"/>
  <node id="12343369448" lat="24.6690326" lon="121.5718465"/>
  <node id="12343369464" lat="24.6691106" lon="121.5718947"/>
  <node id="12343369465" lat="24.6691447" lon="121.5719658"/>
  <node id="12343369466" lat="24.6691338" lon="121.5720315"/>
  <node id="12343369447" lat="24.6691143" lon="121.5721013"/>
  <node id="12343369319" lat="24.6678566" lon="121.5721904"/>
  <node id="12343369320" lat="24.6681076" lon="121.5720429"/>
  <node id="12343369321" lat="24.6681381" lon="121.5719980"/>
  <node id="12343369322" lat="24.6681247" lon="121.5719464"/>
  <node id="12343369323" lat="24.6680266" lon="121.5718216"/>
  <node id="12343369324" lat="24.6679193" lon="121.5716513"/>
  <node id="12343369325" lat="24.6678578" lon="121.5715199"/>
  <node id="12343369326" lat="24.6678310" lon="121.5713616"/>
  <node id="12343369327" lat="24.6678578" lon="121.5712383"/>
  <node id="12343369328" lat="24.6680375" lon="121.5709090"/>
  <node id="12343369329" lat="24.6681131" lon="121.5707065"/>
  <node id="12343369330" lat="24.6682331" lon="121.5705335"/>
  <node id="12343369331" lat="24.6682307" lon="121.5704430"/>
  <node id="12343369332" lat="24.6681539" lon="121.5702284"/>
  <node id="12343369333" lat="24.6681771" lon="121.5701064"/>
  <node id="12343369334" lat="24.6682368" lon="121.5698536"/>
  <node id="12343369335" lat="24.6682764" lon="121.5697496"/>
  <node id="12343369336" lat="24.6683544" lon="121.5696906"/>
  <node id="12343369337" lat="24.6684744" lon="121.5696584"/>
  <node id="12343369338" lat="24.6684781" lon="121.5696142"/>
  <node id="12343369339" lat="24.6684562" lon="121.5695880"/>
  <node id="12343369340" lat="24.6682191" lon="121.5695679"/>
  <node id="12343369341" lat="24.6680893" lon="121.5695827"/>
  <node id="12343369342" lat="24.6680223" lon="121.5695740"/>
  <node id="12343369343" lat="24.6680125" lon="121.5695491"/>
  <node id="12343369344" lat="24.6680278" lon="121.5695009"/>
  <node id="12343369345" lat="24.6682441" lon="121.5692675"/>
  <node id="12343369346" lat="24.6683325" lon="121.5692621"/>
  <node id="12343369347" lat="24.6684269" lon="121.5692749"/>
  <node id="12343369348" lat="24.6684878" lon="121.5692849"/>
  <node id="12343369349" lat="24.6685049" lon="121.5692400"/>
  <node id="12343369350" lat="24.6684921" lon="121.5692145"/>
  <node id="12343369351" lat="24.6682563" lon="121.5691441"/>
  <node id="12343369352" lat="24.6681570" lon="121.5691401"/>
  <node id="12343369353" lat="24.6679047" lon="121.5692367"/>
  <node id="12343369354" lat="24.6678279" lon="121.5692937"/>
  <node id="12343369355" lat="24.6677987" lon="121.5693688"/>
  <node id="12343369356" lat="24.6677859" lon="121.5695404"/>
  <node id="12343369357" lat="24.6677566" lon="121.5695592"/>
  <node id="12343369358" lat="24.6677280" lon="121.5695545"/>
  <node id="12343369360" lat="24.6677298" lon="121.5695183"/>
  <node id="12343369359" lat="24.6677018" lon="121.5693661"/>
  <node id="12343369361" lat="24.6676335" lon="121.5691408"/>
  <node id="12343369362" lat="24.6676152" lon="121.5690107"/>
  <node id="12343369363" lat="24.6676335" lon="121.5689456"/>
  <node id="12343369364" lat="24.6677237" lon="121.5688779"/>
  <node id="12343369365" lat="24.6677444" lon="121.5688303"/>
  <node id="12343369366" lat="24.6676981" lon="121.5687988"/>
  <node id="12343369367" lat="24.6676244" lon="121.5688149"/>
  <node id="12343369368" lat="24.6675525" lon="121.5688920"/>
  <node id="12343369369" lat="24.6675074" lon="121.5689926"/>
  <node id="12343369370" lat="24.6675062" lon="121.5692367"/>
  <node id="12343369371" lat="24.6675001" lon="121.5693580"/>
  <node id="12343369372" lat="24.6674739" lon="121.5694157"/>
  <node id="12343369373" lat="24.6674361" lon="121.5694419"/>
  <node id="12343369374" lat="24.6674135" lon="121.5693929"/>
  <node id="12343369375" lat="24.6673733" lon="121.5692192"/>
  <node id="12343369376" lat="24.6672691" lon="121.5690435"/>
  <node id="12343369377" lat="24.6672228" lon="121.5689155"/>
  <node id="12343369378" lat="24.6671369" lon="121.5687063"/>
  <node id="12343369379" lat="24.6672801" lon="121.5682711"/>
  <node id="12343369380" lat="24.6672594" lon="121.5680940"/>
  <node id="12343369381" lat="24.6673276" lon="121.5680444"/>
  <node id="12343369382" lat="24.6673337" lon="121.5679680"/>
  <node id="12343369383" lat="24.6672838" lon="121.5679224"/>
  <node id="12343369384" lat="24.6671765" lon="121.5679291"/>
  <node id="12343369385" lat="24.6671046" lon="121.5679733"/>
  <node id="12343369386" lat="24.6670754" lon="121.5679385"/>
  <node id="12343369387" lat="24.6670741" lon="121.5679023"/>
  <node id="12343369389" lat="24.6672691" lon="121.5678138"/>
  <node id="12343369390" lat="24.6672825" lon="121.5677829"/>
  <node id="12343369388" lat="24.6672508" lon="121.5677427"/>
  <node id="12343369391" lat="24.6671960" lon="121.5677266"/>
  <node id="12343369392" lat="24.6671034" lon="121.5677454"/>
  <node id="12343369393" lat="24.6667707" lon="121.5679546"/>
  <node id="12343369394" lat="24.6666975" lon="121.5679921"/>
  <node id="12343369395" lat="24.6666805" lon="121.5679640"/>
  <node id="12343369396" lat="24.6666963" lon="121.5679358"/>
  <node id="12343369397" lat="24.6668670" lon="121.5677682"/>
  <node id="12343369398" lat="24.6669108" lon="121.5676770"/>
  <node id="12343369399" lat="24.6669060" lon="121.5675844"/>
  <node id="12343369400" lat="24.6668828" lon="121.5675281"/>
  <node id="12343369401" lat="24.6668450" lon="121.5674999"/>
  <node id="12343369402" lat="24.6667755" lon="121.5674879"/>
  <node id="12343369403" lat="24.6667012" lon="121.5675107"/>
  <node id="12343369404" lat="24.6666135" lon="121.5675683"/>
  <node id="12343369405" lat="24.6665818" lon="121.5676501"/>
  <node id="12343369406" lat="24.6665391" lon="121.5678003"/>
  <node id="12343369407" lat="24.6664977" lon="121.5679117"/>
  <node id="12343369408" lat="24.6664562" lon="121.5679505"/>
  <node id="12343369409" lat="24.6664160" lon="121.5679465"/>
  <node id="12343369410" lat="24.6663526" lon="121.5677387"/>
  <node id="12343369411" lat="24.6661028" lon="121.5674664"/>
  <node id="12343369412" lat="24.6659614" lon="121.5672599"/>
  <node id="12343369413" lat="24.6659078" lon="121.5671298"/>
  <node id="12343369414" lat="24.6659042" lon="121.5670560"/>
  <node id="12343369415" lat="24.6659529" lon="121.5669635"/>
  <node id="12343369416" lat="24.6659663" lon="121.5668951"/>
  <node id="12343369417" lat="24.6659346" lon="121.5668723"/>
  <node id="12343369418" lat="24.6658578" lon="121.5668817"/>
  <node id="12343369419" lat="24.6658310" lon="121.5669394"/>
  <node id="12343369420" lat="24.6657993" lon="121.5670198"/>
  <node id="12343369421" lat="24.6657518" lon="121.5670721"/>
  <node id="12343369422" lat="24.6657201" lon="121.5670373"/>
  <node id="12343369423" lat="24.6656848" lon="121.5668428"/>
  <node id="12343369424" lat="24.6656385" lon="121.5667503"/>
  <node id="12343369425" lat="24.6655093" lon="121.5666711"/>
  <node id="12343369426" lat="24.6654093" lon="121.5666483"/>
  <node id="12343369427" lat="24.6652850" lon="121.5666430"/>
  <node id="12343369428" lat="24.6650998" lon="121.5666054"/>
  <node id="12343369429" lat="24.6649133" lon="121.5665156"/>
  <node id="12343369430" lat="24.6646866" lon="121.5664016"/>
  <node id="12343369431" lat="24.6645855" lon="121.5661186"/>
  <node id="12343369432" lat="24.6645611" lon="121.5660247"/>
  <node id="12343369433" lat="24.6645733" lon="121.5659134"/>
  <node id="12343369434" lat="24.6645526" lon="121.5657002"/>
  <node id="12343369435" lat="24.6645757" lon="121.5656345"/>
  <node id="12343369436" lat="24.6646391" lon="121.5656090"/>
  <node id="2584490396" lat="24.6739407" lon="121.5752073"/>
  <node id="2584490393" lat="24.6737320" lon="121.5752045"/>
  <node id="2584490365" lat="24.6734530" lon="121.5751811"/>
  <node id="2584490362" lat="24.6733453" lon="121.5751878"/>
  <node id="2584490359" lat="24.6732574" lon="121.5751469"/>
  <node id="2584490356" lat="24.6732068" lon="121.5750940"/>
  <node id="12343369516" lat="24.6731658" lon="121.5749994"/>
  <node id="2584490354" lat="24.6731282" lon="121.5748873"/>
  <node id="2584490352" lat="24.6731223" lon="121.5747632"/>
  <node id="12343369517" lat="24.6731286" lon="121.5745877"/>
  <node id="12343369518" lat="24.6731244" lon="121.5744623"/>
  <node id="2584490351" lat="24.6730923" lon="121.5743377"/>
  <node id="2584490345" lat="24.6730074" lon="121.5742027"/>
  <node id="2584490341" lat="24.6729841" lon="121.5741346"/>
  <node id="2584490339" lat="24.6729834" lon="121.5740493"/>
  <node id="12343369519" lat="24.6729799" lon="121.5739882"/>
  <node id="2584490333" lat="24.6729397" lon="121.5739052"/>
  <node id="2584490332" lat="24.6729134" lon="121.5738378"/>
  <node id="2584490331" lat="24.6729261" lon="121.5737872"/>
  <node id="12343369515" lat="24.6729580" lon="121.5736147"/>
  <node id="12343369514" lat="24.6729653" lon="121.5735175"/>
  <node id="12343369513" lat="24.6729507" lon="121.5733981"/>
  <node id="12343369512" lat="24.6729202" lon="121.5733130"/>
  <node id="12343369511" lat="24.6728343" lon="121.5730762"/>
  <node id="12343369510" lat="24.6728252" lon="121.5730193"/>
  <node id="12343369509" lat="24.6729355" lon="121.5727537"/>
  <node id="12343369508" lat="24.6729300" lon="121.5726893"/>
  <node id="12343369507" lat="24.6729166" lon="121.5726565"/>
  <node id="12343369506" lat="24.6726338" lon="121.5724419"/>
  <node id="12343369505" lat="24.6725022" lon="121.5723769"/>
  <node id="12343369504" lat="24.6723322" lon="121.5723225"/>
  <node id="12343369503" lat="24.6722798" lon="121.5722964"/>
  <node id="12343369502" lat="24.6722426" lon="121.5722488"/>
  <node id="12343369501" lat="24.6721921" lon="121.5721690"/>
  <node id="12343369500" lat="24.6721494" lon="121.5721294"/>
  <node id="12343369499" lat="24.6720678" lon="121.5720966"/>
  <node id="12343369498" lat="24.6718990" lon="121.5721247"/>
  <node id="12343369497" lat="24.6717722" lon="121.5721549"/>
  <node id="12343369496" lat="24.6716827" lon="121.5721931"/>
  <node id="12343369495" lat="24.6715114" lon="121.5723138"/>
  <node id="12343369494" lat="24.6713384" lon="121.5723822"/>
  <node id="12343369493" lat="24.6712470" lon="121.5725043"/>
  <node id="12343369492" lat="24.6711793" lon="121.5725438"/>
  <node id="12343369491" lat="24.6711330" lon="121.5725418"/>
  <node id="12343369490" lat="24.6710544" lon="121.5725365"/>
  <node id="12343369489" lat="24.6710057" lon="121.5725237"/>
  <node id="12343369488" lat="24.6709557" lon="121.5724761"/>
  <node id="12343369487" lat="24.6707924" lon="121.5722521"/>
  <node id="12343369486" lat="24.6707333" lon="121.5720416"/>
  <node id="12343369485" lat="24.6707364" lon="121.5719128"/>
  <node id="12343369484" lat="24.6707498" lon="121.5718397"/>
  <node id="12343369483" lat="24.6707260" lon="121.5717955"/>
  <node id="2584490493" lat="24.6747669" lon="121.5727155"/>
  <node id="2584490484" lat="24.6746986" lon="121.5725653"/>
  <node id="2584490472" lat="24.6746496" lon="121.5723996"/>
  <node id="2584490469" lat="24.6746380" lon="121.5723286"/>
  <node id="2584490471" lat="24.6746514" lon="121.5721570"/>
  <node id="2584490468" lat="24.6746809" lon="121.5719997"/>
  <node id="12574061320" lat="24.6609509" lon="121.5872901"/>
  <node id="12574061321" lat="24.6608191" lon="121.5872250"/>
  <node id="12574061338" lat="24.6608082" lon="121.5871882"/>
  <node id="12574061322" lat="24.6608138" lon="121.5871333"/>
  <node id="12574061323" lat="24.6608675" lon="121.5869498"/>
  <node id="12574061324" lat="24.6609025" lon="121.5867812"/>
  <node id="12574061325" lat="24.6609482" lon="121.5865564"/>
  <node id="12574061326" lat="24.6609778" lon="121.5864765"/>
  <node id="12574061327" lat="24.6610450" lon="121.5864026"/>
  <node id="12574061328" lat="24.6611283" lon="121.5863730"/>
  <node id="12574061329" lat="24.6611713" lon="121.5863464"/>
  <node id="12574061330" lat="24.6612036" lon="121.5862724"/>
  <node id="12574061331" lat="24.6612385" lon="121.5861481"/>
  <node id="12574061332" lat="24.6612950" lon="121.5860209"/>
  <node id="12574061333" lat="24.6613246" lon="121.5859854"/>
  <node id="12630339081" lat="24.6637132" lon="121.6388312"/>
  <node id="12630339082" lat="24.6633209" lon="121.6385215"/>
  <node id="12630339084" lat="24.6632568" lon="121.6368497"/>
  <node id="12630339085" lat="24.6633677" lon="121.6372988"/>
  <node id="12630339088" lat="24.6676871" lon="121.6396166"/>
  <node id="12630339089" lat="24.6683350" lon="121.6390978"/>
  <node id="5017989007" lat="24.6561872" lon="121.6177071"/>
  <node id="3707840124" lat="24.6554274" lon="121.6170751"/>
  <node id="4431031673" lat="24.6550682" lon="121.6167882"/>
  <node id="12870864971" lat="24.6550021" lon="121.6167158"/>
  <node id="4312163936" lat="24.6549665" lon="121.6166566"/>
  <node id="4431031672" lat="24.6549137" lon="121.6162519"/>
  <node id="13162431293" lat="24.6566878" lon="121.6273417"/>
  <node id="13162431294" lat="24.6564401" lon="121.6262941"/>
  <node id="13162431295" lat="24.6564434" lon="121.6261631"/>
  <node id="13162431296" lat="24.6566010" lon="121.6251792"/>
  <node id="13162431297" lat="24.6565817" lon="121.6249492"/>
  <node id="13162431298" lat="24.6565366" lon="121.6246873"/>
  <node id="13162431299" lat="24.6564369" lon="121.6244926"/>
  <node id="13162431300" lat="24.6563726" lon="121.6243935"/>
  <node id="13162441101" lat="24.6562311" lon="121.6242838"/>
  <node id="13162441102" lat="24.6559802" lon="121.6241316"/>
  <node id="13162441103" lat="24.6559094" lon="121.6240502"/>
  <node id="13162441104" lat="24.6558805" lon="121.6239441"/>
  <node id="13162441105" lat="24.6554934" lon="121.6212712"/>
  <node id="13162441106" lat="24.6553715" lon="121.6199275"/>
  <node id="13162441107" lat="24.6553290" lon="121.6198645"/>
  <node id="13162441108" lat="24.6553142" lon="121.6198178"/>
  <node id="13162441109" lat="24.6553160" lon="121.6197791"/>
  <node id="13162441110" lat="24.6553419" lon="121.6197039"/>
  <node id="13162441114" lat="24.6552256" lon="121.6186942"/>
  <node id="13162441113" lat="24.6552123" lon="121.6185637"/>
  <node id="13162441111" lat="24.6551332" lon="121.6178928"/>
  <node id="13162441112" lat="24.6550648" lon="121.6175696"/>
  <node id="13162441115" lat="24.6553798" lon="121.6174853"/>
  <node id="13162441116" lat="24.6558851" lon="121.6182983"/>
  <node id="13162441117" lat="24.6560952" lon="121.6180379"/>
  <node id="13162441118" lat="24.6561257" lon="121.6179186"/>
  <node id="13760266552" lat="24.6781225" lon="121.6082961"/>
  <way id="58199459">
    <nd ref="2178261857"/>
    <nd ref="11004356666"/>
    <nd ref="721791772"/>
    <nd ref="11004356665"/>
    <nd ref="721791773"/>
    <nd ref="721791774"/>
    <nd ref="2178261894"/>
    <nd ref="2178261884"/>
    <nd ref="2584473051"/>
    <nd ref="721791775"/>
    <nd ref="2584473050"/>
    <nd ref="11004356659"/>
    <nd ref="11004356658"/>
    <nd ref="2584473049"/>
    <nd ref="721791776"/>
    <nd ref="2584473046"/>
    <nd ref="11004356657"/>
    <nd ref="11004356656"/>
    <nd ref="2584473044"/>
    <nd ref="2584473045"/>
    <nd ref="721791777"/>
    <nd ref="11004356655"/>
    <nd ref="721791778"/>
    <nd ref="721791780"/>
    <nd ref="11010259734"/>
    <nd ref="2584473041"/>
    <nd ref="5108903618"/>
    <nd ref="2584473038"/>
    <nd ref="5108903619"/>
    <nd ref="11010259728"/>
    <nd ref="721791781"/>
    <nd ref="2584473034"/>
    <nd ref="5108903620"/>
    <nd ref="2584473032"/>
    <nd ref="2584473030"/>
    <nd ref="721791782"/>
    <nd ref="12574063546"/>
    <nd ref="721791783"/>
    <nd ref="11009348291"/>
    <nd ref="2584473021"/>
    <nd ref="2584473020"/>
    <nd ref="11004356654"/>
    <nd ref="11009348292"/>
    <nd ref="721791786"/>
    <nd ref="2584473023"/>
    <nd ref="11004356653"/>
    <nd ref="11009348293"/>
    <nd ref="2584473024"/>
    <nd ref="721791787"/>
    <nd ref="300593539"/>
    <tag k="highway" v="unclassified"/>
  </way>
  <way id="85130272">
    <nd ref="987453071"/>
    <nd ref="2178261523"/>
    <nd ref="2178261460"/>
    <nd ref="2178261473"/>
    <nd ref="2178261480"/>
    <nd ref="987453072"/>
    <nd ref="11009348269"/>
    <nd ref="11009348270"/>
    <nd ref="11009348271"/>
    <nd ref="11009348272"/>
    <nd ref="11009348268"/>
    <tag k="bridge" v="yes"/>
    <tag k="highway" v="tertiary"/>
    <tag k="layer" v="1"/>
    <tag k="name" v="泰雅大橋"/>
    <tag k="name:en" v="Taiya Bridge"/>
    <tag k="name:zh" v="泰雅大橋"/>
    <tag k="ref:zh" v="宜63"/>
  </way>
  <way id="85130273">
    <nd ref="11005824609"/>
    <nd ref="2178261525"/>
    <tag k="highway" v="tertiary"/>
    <tag k="name" v="福山街"/>
    <tag k="ref" v="宜63"/>
    <tag k="ref:en" v="IL63"/>
    <tag k="ref:zh" v="宜63"/>
  </way>
  <way id="85130277">
    <nd ref="987453074"/>
    <nd ref="3707841696"/>
    <nd ref="7760318685"/>
    <tag k="highway" v="tertiary"/>
    <tag k="name" v="福山街"/>
    <tag k="ref" v="宜63"/>
    <tag k="ref:en" v="IL63"/>
    <tag k="ref:zh" v="宜63"/>
  </way>
  <way id="85134843">
    <nd ref="11840665245"/>
    <nd ref="10019940393"/>
    <nd ref="10019940402"/>
    <nd ref="3109149619"/>
    <nd ref="12630339086"/>
    <nd ref="12630339083"/>
    <nd ref="4431004672"/>
    <nd ref="3063277926"/>
    <nd ref="12630339073"/>
    <nd ref="12630339075"/>
    <nd ref="12630339076"/>
    <nd ref="12630339079"/>
    <nd ref="3109149624"/>
    <tag k="cycleway:both" v="shoulder"/>
    <tag k="highway" v="primary"/>
    <tag k="lanes" v="2"/>
    <tag k="name" v="三星路六段"/>
    <tag k="name:en" v="Section 6, SanXing Road"/>
    <tag k="name:nan" v="Sam-seng-lō͘ 6-tōaⁿ"/>
    <tag k="name:nan-Hant" v="三星路六段"/>
    <tag k="name:nan-Latn-pehoeji" v="Sam-seng-lō͘ 6-tōaⁿ"/>
    <tag k="name:nan-Latn-tailo" v="Sam-sing-lōo 6-tuānn"/>
    <tag k="name:zh" v="三星路六段"/>
    <tag k="ref" v="7丙"/>
    <tag k="ref:en" v="Provincial Highway 7C"/>
    <tag k="ref:zh" v="台7丙線"/>
    <tag k="surface" v="asphalt"/>
  </way>
  <way id="85134845">
    <nd ref="987453074"/>
    <nd ref="7760307430"/>
    <nd ref="9553805577"/>
    <nd ref="9553805574"/>
    <nd ref="3707841712"/>
    <nd ref="3109149609"/>
    <nd ref="3109149610"/>
    <nd ref="8692699113"/>
    <nd ref="8692699047"/>
    <nd ref="3109149611"/>
    <nd ref="3109149612"/>
    <nd ref="3109149613"/>
    <nd ref="3109149614"/>
    <tag k="highway" v="primary"/>
    <tag k="name" v="三星路七段"/>
    <tag k="name:en" v="Section 7, SanXing Road"/>
    <tag k="name:nan" v="Sam-seng-lō͘ 7-tōaⁿ"/>
    <tag k="name:nan-Hant" v="三星路七段"/>
    <tag k="name:nan-Latn-pehoeji" v="Sam-seng-lō͘ 7-tōaⁿ"/>
    <tag k="name:nan-Latn-tailo" v="Sam-sing-lōo 7-tuānn"/>
    <tag k="name:zh" v="三星路七段"/>
    <tag k="ref" v="7丙"/>
    <tag k="ref:en" v="Provincial Highway 7C"/>
    <tag k="ref:zh" v="台7丙線"/>
  </way>
  <way id="85134847">
    <nd ref="3109149550"/>
    <nd ref="11006277204"/>
    <nd ref="11006277205"/>
    <nd ref="987453143"/>
    <nd ref="2946927195"/>
    <tag k="cycleway" v="lane"/>
    <tag k="highway" v="primary"/>
    <tag k="name" v="三星路八段"/>
    <tag k="name:en" v="Section 8, SanXing Road"/>
    <tag k="name:nan" v="Sam-seng-lō͘ 8-tōaⁿ"/>
    <tag k="name:nan-Hant" v="三星路八段"/>
    <tag k="name:nan-Latn-pehoeji" v="Sam-seng-lō͘ 8-tōaⁿ"/>
    <tag k="name:nan-Latn-tailo" v="Sam-sing-lōo 8-tuānn"/>
    <tag k="name:zh" v="三星路八段"/>
    <tag k="oneway" v="no"/>
    <tag k="ref" v="7丙"/>
    <tag k="ref:en" v="Provincial Highway 7C"/>
    <tag k="ref:zh" v="台7丙線"/>
    <tag k="surface" v="asphalt"/>
  </way>
  <way id="85134850">
    <nd ref="987453145"/>
    <nd ref="4430930222"/>
    <nd ref="987453144"/>
    <tag k="bridge" v="yes"/>
    <tag k="cycleway" v="lane"/>
    <tag k="highway" v="primary"/>
    <tag k="layer" v="1"/>
    <tag k="name" v="清水橋"/>
    <tag k="name:en" v="QingShui Bridge"/>
    <tag k="name:nan" v="Chheng-chúi-kiô"/>
    <tag k="name:nan-Hant" v="清水橋"/>
    <tag k="name:nan-Latn-pehoeji" v="Chheng-chúi-kiô"/>
    <tag k="name:nan-Latn-tailo" v="Tshing-tsuí-kiô"/>
    <tag k="name:zh" v="清水橋"/>
    <tag k="oneway" v="no"/>
    <tag k="ref" v="7丙"/>
    <tag k="ref:en" v="Provincial Highway 7C"/>
    <tag k="ref:zh" v="台7丙線"/>
    <tag k="surface" v="asphalt"/>
  </way>
  <way id="85134851">
    <nd ref="4430924427"/>
    <nd ref="987453188"/>
    <nd ref="987453187"/>
    <nd ref="3109149562"/>
    <nd ref="987453186"/>
    <nd ref="11030525795"/>
    <nd ref="3109149561"/>
    <nd ref="987453185"/>
    <nd ref="3109149557"/>
    <nd ref="987453184"/>
    <nd ref="11030525796"/>
    <nd ref="987453183"/>
    <nd ref="987453181"/>
    <nd ref="3109149556"/>
    <nd ref="987453180"/>
    <nd ref="3109149560"/>
    <nd ref="987453179"/>
    <nd ref="4430924428"/>
    <nd ref="11031498015"/>
    <nd ref="3109149565"/>
    <nd ref="11030525797"/>
    <nd ref="11030525798"/>
    <nd ref="3109149567"/>
    <nd ref="987453178"/>
    <nd ref="11030525799"/>
    <nd ref="2833193026"/>
    <nd ref="3109149571"/>
    <nd ref="987453177"/>
    <nd ref="3109149573"/>
    <nd ref="3109149574"/>
    <nd ref="994358084"/>
    <nd ref="3109149575"/>
    <nd ref="11030525800"/>
    <nd ref="3109149576"/>
    <nd ref="987453175"/>
    <nd ref="11030525801"/>
    <nd ref="11030525802"/>
    <nd ref="3109149577"/>
    <nd ref="994358083"/>
    <nd ref="4312163789"/>
    <nd ref="987453174"/>
    <nd ref="11030611007"/>
    <nd ref="987453171"/>
    <nd ref="3109149579"/>
    <nd ref="994358081"/>
    <nd ref="11028553329"/>
    <nd ref="3109149578"/>
    <nd ref="987453170"/>
    <nd ref="11028553328"/>
    <nd ref="987453169"/>
    <nd ref="11028553327"/>
    <nd ref="987453168"/>
    <nd ref="11028553326"/>
    <nd ref="11028553325"/>
    <nd ref="987453163"/>
    <nd ref="987453167"/>
    <nd ref="11028553324"/>
    <nd ref="987453166"/>
    <nd ref="987453165"/>
    <nd ref="987453164"/>
    <nd ref="11028553323"/>
    <nd ref="11028553322"/>
    <nd ref="987453162"/>
    <nd ref="11028553321"/>
    <nd ref="11028553320"/>
    <nd ref="987453161"/>
    <nd ref="11028553319"/>
    <nd ref="987453160"/>
    <nd ref="11028849426"/>
    <nd ref="11028553318"/>
    <nd ref="11028553317"/>
    <nd ref="11028553316"/>
    <nd ref="11028553315"/>
    <nd ref="987453158"/>
    <nd ref="987453157"/>
    <nd ref="987453156"/>
    <nd ref="987453155"/>
    <nd ref="3109149549"/>
    <nd ref="987453154"/>
    <nd ref="11028553336"/>
    <nd ref="987453153"/>
    <nd ref="987453152"/>
    <nd ref="987453151"/>
    <nd ref="11892582174"/>
    <nd ref="11028553314"/>
    <nd ref="3109149548"/>
    <nd ref="987453150"/>
    <nd ref="11028548697"/>
    <nd ref="11028548696"/>
    <nd ref="987453148"/>
    <nd ref="11892568955"/>
    <nd ref="11028548695"/>
    <nd ref="994358073"/>
    <nd ref="11028548694"/>
    <nd ref="3109149546"/>
    <nd ref="11028548693"/>
    <nd ref="987453147"/>
    <nd ref="987453146"/>
    <nd ref="3109149542"/>
    <nd ref="3109149543"/>
    <nd ref="3109149544"/>
    <nd ref="11028548692"/>
    <nd ref="3109149545"/>
    <nd ref="3109149547"/>
    <tag k="cycleway" v="lane"/>
    <tag k="highway" v="primary"/>
    <tag k="name" v="泰雅一路"/>
    <tag k="oneway" v="no"/>
    <tag k="ref" v="7丙"/>
    <tag k="ref:en" v="Provincial Highway 7C"/>
    <tag k="ref:zh" v="台7丙線"/>
  </way>
  <way id="85135237">
    <nd ref="6795850204"/>
    <nd ref="6795850212"/>
    <nd ref="2178261457"/>
    <nd ref="11015047401"/>
    <nd ref="2178261468"/>
    <nd ref="11015047399"/>
    <nd ref="11015047400"/>
    <nd ref="987501794"/>
    <nd ref="2178261429"/>
    <nd ref="987501796"/>
    <nd ref="987501799"/>
    <nd ref="987501801"/>
    <nd ref="11009348273"/>
    <nd ref="11009348274"/>
    <nd ref="2178262300"/>
    <tag k="highway" v="unclassified"/>
  </way>
  <way id="85244848">
    <nd ref="988504672"/>
    <nd ref="11005207818"/>
    <nd ref="988504674"/>
    <nd ref="11004975339"/>
    <nd ref="4430939443"/>
    <nd ref="11004975340"/>
    <nd ref="988504676"/>
    <nd ref="11004975358"/>
    <nd ref="11002533051"/>
    <nd ref="4430939459"/>
    <nd ref="11002533045"/>
    <nd ref="11002508299"/>
    <nd ref="988504678"/>
    <nd ref="11002508298"/>
    <nd ref="3707842730"/>
    <nd ref="988504611"/>
    <tag k="highway" v="unclassified"/>
    <tag k="name" v="安平路三段"/>
  </way>
  <way id="187812020">
    <nd ref="2178261505"/>
    <nd ref="2178261518"/>
    <nd ref="11016900462"/>
    <nd ref="11016900463"/>
    <nd ref="11016900461"/>
    <tag k="highway" v="primary_link"/>
    <tag k="oneway" v="yes"/>
  </way>
  <way id="207565249">
    <nd ref="11009348263"/>
    <nd ref="11009348265"/>
    <nd ref="11009348264"/>
    <nd ref="8418291679"/>
    <nd ref="6551857038"/>
    <nd ref="987453069"/>
    <nd ref="987453071"/>
    <tag k="bridge" v="yes"/>
    <tag k="highway" v="tertiary"/>
    <tag k="layer" v="1"/>
    <tag k="name" v="泰雅大橋"/>
    <tag k="name:en" v="Taiya Bridge"/>
    <tag k="name:zh" v="泰雅大橋"/>
    <tag k="ref" v="宜63"/>
    <tag k="ref:en" v="IL63"/>
    <tag k="ref:zh" v="宜63"/>
  </way>
  <way id="207565251">
    <nd ref="3104018253"/>
    <nd ref="11016894897"/>
    <tag k="bridge" v="yes"/>
    <tag k="highway" v="primary"/>
    <tag k="layer" v="1"/>
    <tag k="maxspeed" v="50"/>
    <tag k="name" v="松羅橋"/>
    <tag k="name:en" v="Songluo Bridge"/>
    <tag k="name:nan" v="Siông-lô-kiô"/>
    <tag k="name:nan-Hant" v="松羅橋"/>
    <tag k="name:nan-Latn-pehoeji" v="Siông-lô-kiô"/>
    <tag k="name:nan-Latn-tailo" v="Siông-lô-kiô"/>
    <tag k="name:zh" v="松羅橋"/>
    <tag k="ref" v="7"/>
    <tag k="ref:en" v="Provincial Highway 7"/>
    <tag k="ref:zh" v="台7線"/>
  </way>
  <way id="207565252">
    <nd ref="3104018246"/>
    <nd ref="11016900459"/>
    <nd ref="13417419526"/>
    <nd ref="3104018245"/>
    <nd ref="11016900458"/>
    <nd ref="3104018244"/>
    <nd ref="3104018243"/>
    <nd ref="3104018242"/>
    <nd ref="11016900457"/>
    <nd ref="987453202"/>
    <tag k="bridge" v="yes"/>
    <tag k="highway" v="primary"/>
    <tag k="layer" v="1"/>
    <tag k="name" v="牛鬥橋"/>
    <tag k="name:de" v="Niudou Brücke"/>
    <tag k="name:en" v="Niudou Bridge"/>
    <tag k="name:nan" v="Gû-tàu-kiô"/>
    <tag k="name:nan-Hant" v="牛鬥橋"/>
    <tag k="name:nan-Latn-pehoeji" v="Gû-tàu-kiô"/>
    <tag k="name:nan-Latn-tailo" v="Gû-tàu-kiô"/>
    <tag k="name:zh" v="牛鬥橋"/>
    <tag k="ref" v="7丙"/>
    <tag k="ref:en" v="Provincial Highway 7C"/>
    <tag k="ref:zh" v="台7丙線"/>
    <tag k="wikidata" v="Q15916831"/>
    <tag k="wikipedia" v="zh:牛鬥橋"/>
  </way>
  <way id="207565253">
    <nd ref="11019848381"/>
    <nd ref="8418291701"/>
    <nd ref="2178262237"/>
    <nd ref="300593478"/>
    <nd ref="8418291697"/>
    <nd ref="4430888868"/>
    <nd ref="8418291696"/>
    <nd ref="2584473005"/>
    <nd ref="8418291695"/>
    <nd ref="300593479"/>
    <nd ref="2584473004"/>
    <nd ref="8418291694"/>
    <nd ref="2178262239"/>
    <nd ref="8418291693"/>
    <nd ref="300593480"/>
    <nd ref="4430888869"/>
    <nd ref="4430888870"/>
    <nd ref="300593488"/>
    <nd ref="2178262243"/>
    <nd ref="8932944080"/>
    <nd ref="2584473009"/>
    <nd ref="8932944081"/>
    <nd ref="300593489"/>
    <nd ref="8932944082"/>
    <nd ref="8932944083"/>
    <nd ref="2178262247"/>
    <nd ref="2178262259"/>
    <nd ref="2178262245"/>
    <nd ref="8418291665"/>
    <nd ref="300593490"/>
    <nd ref="2178262249"/>
    <nd ref="8418291666"/>
    <nd ref="2178262260"/>
    <nd ref="300593491"/>
    <nd ref="2178262261"/>
    <nd ref="8418291667"/>
    <nd ref="2178262262"/>
    <nd ref="300593495"/>
    <nd ref="2178262269"/>
    <nd ref="8932944088"/>
    <nd ref="8418291668"/>
    <nd ref="300593496"/>
    <nd ref="2178262271"/>
    <nd ref="300593497"/>
    <nd ref="8932944089"/>
    <nd ref="8418291669"/>
    <nd ref="2178262273"/>
    <nd ref="11020063445"/>
    <nd ref="4566091284"/>
    <nd ref="2178262274"/>
    <nd ref="300593498"/>
    <nd ref="300593499"/>
    <nd ref="2178262276"/>
    <nd ref="8418291670"/>
    <nd ref="8418291671"/>
    <nd ref="4430888875"/>
    <nd ref="2178262278"/>
    <nd ref="11021402208"/>
    <nd ref="300593501"/>
    <nd ref="2584489781"/>
    <nd ref="6551857077"/>
    <nd ref="2584473010"/>
    <nd ref="8418291673"/>
    <nd ref="300593504"/>
    <nd ref="8418291674"/>
    <nd ref="2584473011"/>
    <tag k="highway" v="primary"/>
    <tag k="maxspeed" v="50"/>
    <tag k="name" v="泰雅路二段"/>
    <tag k="name:en" v="Section 2, Taiya Road"/>
    <tag k="name:nan" v="Thài-ngá-lō͘ 2-tōaⁿ"/>
    <tag k="name:nan-Hant" v="泰雅路二段"/>
    <tag k="name:nan-Latn-pehoeji" v="Thài-ngá-lō͘ 2-tōaⁿ"/>
    <tag k="name:nan-Latn-tailo" v="Thài-ngá-lōo 2-tuānn"/>
    <tag k="name:zh" v="泰雅路二段"/>
    <tag k="ref" v="7"/>
    <tag k="ref:en" v="Provincial Highway 7"/>
    <tag k="ref:zh" v="台7線"/>
  </way>
  <way id="207565256">
    <nd ref="11016900480"/>
    <nd ref="300593270"/>
    <nd ref="2178261698"/>
    <nd ref="11016900479"/>
    <nd ref="11016900478"/>
    <nd ref="2178261700"/>
    <nd ref="2178261701"/>
    <nd ref="11016900477"/>
    <nd ref="300593276"/>
    <nd ref="11016900476"/>
    <nd ref="2178261714"/>
    <nd ref="11016900475"/>
    <nd ref="11016900474"/>
    <nd ref="300593283"/>
    <nd ref="300593292"/>
    <nd ref="11016900473"/>
    <nd ref="4430919453"/>
    <nd ref="11016900470"/>
    <nd ref="11016900471"/>
    <nd ref="300593305"/>
    <nd ref="11016900472"/>
    <nd ref="2178261716"/>
    <nd ref="4446632375"/>
    <nd ref="300593315"/>
    <nd ref="2178261718"/>
    <nd ref="300593321"/>
    <nd ref="11016900469"/>
    <nd ref="3104018238"/>
    <nd ref="2178261720"/>
    <nd ref="2178261726"/>
    <nd ref="2178261724"/>
    <nd ref="300593330"/>
    <nd ref="11016900468"/>
    <nd ref="2178261728"/>
    <nd ref="2178261730"/>
    <nd ref="300593337"/>
    <nd ref="2178261736"/>
    <nd ref="11016900467"/>
    <nd ref="300593347"/>
    <nd ref="3104018240"/>
    <nd ref="300593353"/>
    <nd ref="2178261747"/>
    <nd ref="11016900466"/>
    <nd ref="3104018239"/>
    <nd ref="11016900465"/>
    <nd ref="300593360"/>
    <nd ref="300593372"/>
    <nd ref="11016900464"/>
    <nd ref="9107347606"/>
    <nd ref="2178261435"/>
    <nd ref="2178261438"/>
    <nd ref="2178261452"/>
    <nd ref="300593377"/>
    <nd ref="2178261444"/>
    <nd ref="11019651808"/>
    <nd ref="2178261462"/>
    <nd ref="2178261502"/>
    <nd ref="300593383"/>
    <nd ref="2178261496"/>
    <nd ref="2178261505"/>
    <nd ref="1984505638"/>
    <tag k="highway" v="primary"/>
    <tag k="maxspeed" v="50"/>
    <tag k="name" v="泰雅路三段"/>
    <tag k="name:en" v="Section 3, Taiya Road"/>
    <tag k="name:nan" v="Thài-ngá-lō͘ 3-tōaⁿ"/>
    <tag k="name:nan-Hant" v="泰雅路三段"/>
    <tag k="name:nan-Latn-pehoeji" v="Thài-ngá-lō͘ 3-tōaⁿ"/>
    <tag k="name:nan-Latn-tailo" v="Thài-ngá-lōo 3-tuānn"/>
    <tag k="name:zh" v="泰雅路三段"/>
    <tag k="ref" v="7"/>
    <tag k="ref:en" v="Provincial Highway 7"/>
    <tag k="ref:zh" v="台7線"/>
  </way>
  <way id="217561073">
    <nd ref="3707842381"/>
    <nd ref="3707842360"/>
    <nd ref="4430939274"/>
    <nd ref="3707842358"/>
    <nd ref="3707842359"/>
    <nd ref="3707842356"/>
    <tag k="highway" v="service"/>
    <tag k="name" v="人和十一路"/>
  </way>
  <way id="225806445">
    <nd ref="987453200"/>
    <nd ref="2345933020"/>
    <nd ref="11033321064"/>
    <nd ref="4312164089"/>
    <nd ref="2345933066"/>
    <nd ref="3110882929"/>
    <nd ref="987453204"/>
    <nd ref="11017263814"/>
    <nd ref="11017263815"/>
    <nd ref="3110882828"/>
    <nd ref="3110882827"/>
    <nd ref="11017263813"/>
    <nd ref="3110882826"/>
    <nd ref="11017263812"/>
    <nd ref="2345933063"/>
    <nd ref="11017263811"/>
    <nd ref="11017263810"/>
    <nd ref="3110882825"/>
    <nd ref="2345933069"/>
    <nd ref="11017263809"/>
    <nd ref="3110882824"/>
    <nd ref="3110882823"/>
    <nd ref="3110882819"/>
    <nd ref="11017263808"/>
    <nd ref="2345933052"/>
    <nd ref="2345933018"/>
    <nd ref="11017263807"/>
    <nd ref="11017263806"/>
    <nd ref="3110882815"/>
    <nd ref="11017263805"/>
    <nd ref="2345933022"/>
    <nd ref="5527907484"/>
    <nd ref="3110882813"/>
    <nd ref="2345933033"/>
    <nd ref="11017263804"/>
    <nd ref="2345933030"/>
    <nd ref="3110882805"/>
    <nd ref="2345933027"/>
    <nd ref="3110882802"/>
    <nd ref="2345933035"/>
    <nd ref="11017263803"/>
    <nd ref="11017263802"/>
    <nd ref="11017263800"/>
    <nd ref="11017263801"/>
    <nd ref="3110882798"/>
    <nd ref="2345933014"/>
    <nd ref="2345933072"/>
    <nd ref="3110882796"/>
    <nd ref="11017263799"/>
    <nd ref="11017263798"/>
    <nd ref="2345933012"/>
    <nd ref="11017263797"/>
    <nd ref="3110882788"/>
    <nd ref="3110882785"/>
    <nd ref="2345933016"/>
    <nd ref="3110882783"/>
    <nd ref="3110882782"/>
    <nd ref="3110882784"/>
    <nd ref="2345933010"/>
    <nd ref="3110882789"/>
    <nd ref="11017263796"/>
    <nd ref="2345933024"/>
    <nd ref="11017263795"/>
    <nd ref="3110882800"/>
    <nd ref="2345933049"/>
    <nd ref="11017263794"/>
    <nd ref="2345933047"/>
    <nd ref="2345933045"/>
    <nd ref="11017263793"/>
    <nd ref="2345933050"/>
    <nd ref="11017263792"/>
    <nd ref="11017263791"/>
    <nd ref="2345933043"/>
    <nd ref="3110882801"/>
    <nd ref="3110882803"/>
    <nd ref="2345933041"/>
    <nd ref="3110882807"/>
    <nd ref="2345933039"/>
    <nd ref="3110882814"/>
    <tag k="highway" v="tertiary"/>
    <tag k="name" v="大同產業道路"/>
    <tag k="oneway" v="no"/>
    <tag k="ref" v="宜51"/>
    <tag k="ref:en" v="IL51"/>
    <tag k="ref:zh" v="宜51"/>
  </way>
  <way id="225808170">
    <nd ref="3110882814"/>
    <nd ref="2345990534"/>
    <nd ref="11017263790"/>
    <nd ref="2345990780"/>
    <nd ref="11017263789"/>
    <nd ref="11017263788"/>
    <nd ref="3110882816"/>
    <nd ref="3110882818"/>
    <nd ref="2345990773"/>
    <nd ref="3110882822"/>
    <nd ref="11017263787"/>
    <nd ref="11017263786"/>
    <nd ref="11017263785"/>
    <nd ref="11017263784"/>
    <nd ref="2345990605"/>
    <nd ref="3110882821"/>
    <nd ref="3110882820"/>
    <nd ref="2345990682"/>
    <nd ref="3110882817"/>
    <nd ref="11017263783"/>
    <nd ref="11017263782"/>
    <nd ref="2345990684"/>
    <nd ref="2345990678"/>
    <nd ref="2345933037"/>
    <nd ref="2345990656"/>
    <nd ref="11017263781"/>
    <nd ref="11017263780"/>
    <nd ref="11017263779"/>
    <nd ref="2345990602"/>
    <nd ref="3110882810"/>
    <nd ref="3110882812"/>
    <nd ref="2345990709"/>
    <nd ref="11017263778"/>
    <nd ref="11017263777"/>
    <nd ref="11017263776"/>
    <nd ref="3110882811"/>
    <nd ref="3110882809"/>
    <nd ref="3110882808"/>
    <nd ref="2345990736"/>
    <nd ref="3110882806"/>
    <nd ref="3110882804"/>
    <nd ref="2345990664"/>
    <nd ref="11017263775"/>
    <nd ref="9107309833"/>
    <nd ref="11017263774"/>
    <nd ref="2345990791"/>
    <nd ref="3110882799"/>
    <nd ref="3110882797"/>
    <nd ref="2345990744"/>
    <nd ref="11017263773"/>
    <nd ref="11017263772"/>
    <nd ref="11017263771"/>
    <nd ref="3110882787"/>
    <nd ref="3110882781"/>
    <nd ref="2345990666"/>
    <nd ref="3110882780"/>
    <nd ref="3110882778"/>
    <nd ref="3110882777"/>
    <nd ref="3110882775"/>
    <nd ref="2345990586"/>
    <nd ref="2345990765"/>
    <nd ref="3110882779"/>
    <nd ref="2345990781"/>
    <nd ref="11017263769"/>
    <nd ref="11017263770"/>
    <nd ref="3110882776"/>
    <nd ref="2345990711"/>
    <nd ref="11017263768"/>
    <nd ref="3110882772"/>
    <nd ref="11017263767"/>
    <nd ref="9107309832"/>
    <nd ref="11017263766"/>
    <nd ref="2345990568"/>
    <nd ref="11017263765"/>
    <nd ref="3110882771"/>
    <nd ref="2345990628"/>
    <nd ref="3110882770"/>
    <nd ref="3110882769"/>
    <nd ref="2345990799"/>
    <nd ref="11017263764"/>
    <nd ref="3110882766"/>
    <nd ref="2345990697"/>
    <nd ref="9107309831"/>
    <nd ref="3110882764"/>
    <nd ref="2345990712"/>
    <nd ref="9107309830"/>
    <nd ref="11017263763"/>
    <nd ref="3110882763"/>
    <nd ref="11017263762"/>
    <nd ref="2345990692"/>
    <nd ref="3110882760"/>
    <nd ref="11017263761"/>
    <nd ref="3110882758"/>
    <nd ref="2345990724"/>
    <nd ref="3110882755"/>
    <nd ref="3110882756"/>
    <nd ref="3110882757"/>
    <nd ref="3110882759"/>
    <nd ref="11017263760"/>
    <nd ref="2345990680"/>
    <nd ref="11017263759"/>
    <nd ref="2345990674"/>
    <nd ref="2345990676"/>
    <nd ref="11017263758"/>
    <nd ref="3110882774"/>
    <nd ref="9107309829"/>
    <nd ref="11017263757"/>
    <nd ref="2345990625"/>
    <nd ref="3110882786"/>
    <nd ref="2345990539"/>
    <nd ref="3110882790"/>
    <nd ref="3110882791"/>
    <nd ref="2345990603"/>
    <nd ref="3110882793"/>
    <nd ref="2345990562"/>
    <nd ref="3110882795"/>
    <nd ref="9107301048"/>
    <nd ref="3110882794"/>
    <nd ref="11017263756"/>
    <nd ref="9107301049"/>
    <nd ref="2345990789"/>
    <nd ref="3110882792"/>
    <nd ref="2345990740"/>
    <nd ref="11017263755"/>
    <nd ref="9107309823"/>
    <nd ref="11017263754"/>
    <nd ref="2345990672"/>
    <nd ref="9107309824"/>
    <nd ref="11017263753"/>
    <nd ref="2345990550"/>
    <nd ref="9107309825"/>
    <nd ref="11017263752"/>
    <nd ref="3110882773"/>
    <nd ref="3110882768"/>
    <nd ref="3110882767"/>
    <nd ref="3110882765"/>
    <nd ref="2345990694"/>
    <nd ref="3110882762"/>
    <nd ref="3110882761"/>
    <nd ref="2345990609"/>
    <nd ref="11017263751"/>
    <nd ref="11017263750"/>
    <nd ref="3110882754"/>
    <nd ref="2345990745"/>
    <nd ref="11017263749"/>
    <nd ref="3110882753"/>
    <nd ref="3110882752"/>
    <nd ref="11017263748"/>
    <nd ref="3110882751"/>
    <nd ref="2345990733"/>
    <nd ref="11017263747"/>
    <nd ref="11017263746"/>
    <nd ref="3110882746"/>
    <nd ref="3110882740"/>
    <nd ref="11017263745"/>
    <nd ref="4430919448"/>
    <nd ref="3110882739"/>
    <nd ref="11017263744"/>
    <nd ref="2345990660"/>
    <nd ref="3110882741"/>
    <nd ref="11017263743"/>
    <nd ref="2345990596"/>
    <nd ref="3110882743"/>
    <nd ref="11017263742"/>
    <nd ref="11017263741"/>
    <nd ref="2345990701"/>
    <nd ref="11017263740"/>
    <nd ref="11017263739"/>
    <nd ref="9107309826"/>
    <nd ref="2345990718"/>
    <nd ref="2345990533"/>
    <nd ref="3110882747"/>
    <nd ref="11017263738"/>
    <nd ref="3110882748"/>
    <nd ref="2345990727"/>
    <nd ref="11017263737"/>
    <nd ref="3110882750"/>
    <nd ref="11017263736"/>
    <nd ref="11017263735"/>
    <nd ref="11017263734"/>
    <nd ref="11017263733"/>
    <nd ref="3110882749"/>
    <nd ref="2345990571"/>
    <nd ref="3110882745"/>
    <nd ref="3110882744"/>
    <nd ref="2345990804"/>
    <nd ref="11017263732"/>
    <nd ref="9107309827"/>
    <nd ref="11017263731"/>
    <nd ref="11017263730"/>
    <nd ref="3110882738"/>
    <nd ref="11017263729"/>
    <nd ref="4430919447"/>
    <nd ref="11017263728"/>
    <nd ref="9107309828"/>
    <nd ref="2345990695"/>
    <nd ref="2345990738"/>
    <nd ref="11017263727"/>
    <nd ref="11017263726"/>
    <nd ref="3110882737"/>
    <nd ref="11017263725"/>
    <nd ref="3110882736"/>
    <nd ref="3110882735"/>
    <nd ref="11017263724"/>
    <nd ref="2345990670"/>
    <nd ref="11017263723"/>
    <nd ref="11017263722"/>
    <nd ref="2345990530"/>
    <nd ref="11017263721"/>
    <nd ref="3110882734"/>
    <nd ref="3110882733"/>
    <nd ref="11017263720"/>
    <nd ref="2345990722"/>
    <nd ref="11017263719"/>
    <nd ref="2345990686"/>
    <nd ref="11017263718"/>
    <nd ref="3110882732"/>
    <nd ref="11017263717"/>
    <nd ref="11017263716"/>
    <nd ref="2345990777"/>
    <nd ref="11017263715"/>
    <nd ref="3110882731"/>
    <nd ref="3110882730"/>
    <nd ref="3110882729"/>
    <nd ref="2345990621"/>
    <nd ref="11017263714"/>
    <nd ref="11017263713"/>
    <nd ref="3110882628"/>
    <nd ref="11017263712"/>
    <nd ref="11017263711"/>
    <nd ref="2345990749"/>
    <nd ref="11017263710"/>
    <nd ref="2345990735"/>
    <nd ref="11017263709"/>
    <nd ref="3110882627"/>
    <nd ref="3110882626"/>
    <nd ref="3110882625"/>
    <nd ref="11017263708"/>
    <nd ref="3110882620"/>
    <nd ref="11017263707"/>
    <nd ref="2345990662"/>
    <nd ref="3110882617"/>
    <nd ref="11017263706"/>
    <nd ref="11017263705"/>
    <nd ref="2345990515"/>
    <nd ref="3110882615"/>
    <nd ref="9050325251"/>
    <nd ref="3110882614"/>
    <nd ref="11017263704"/>
    <nd ref="2345990699"/>
    <nd ref="3110882616"/>
    <nd ref="2345990584"/>
    <nd ref="3110882621"/>
    <nd ref="3110882624"/>
    <nd ref="3110882623"/>
    <nd ref="3110882622"/>
    <nd ref="2345990783"/>
    <nd ref="3110882619"/>
    <nd ref="2345990787"/>
    <nd ref="3110882618"/>
    <nd ref="2345990703"/>
    <nd ref="3110882613"/>
    <nd ref="2345990771"/>
    <nd ref="3110882612"/>
    <nd ref="2345990716"/>
    <nd ref="3110882611"/>
    <nd ref="3110882610"/>
    <nd ref="2345990613"/>
    <nd ref="3110882609"/>
    <nd ref="3110882608"/>
    <nd ref="2345990714"/>
    <nd ref="3110882607"/>
    <nd ref="3110882606"/>
    <nd ref="3110882599"/>
    <nd ref="2345990548"/>
    <nd ref="3110882597"/>
    <nd ref="2345990590"/>
    <nd ref="3110882593"/>
    <nd ref="2345990575"/>
    <nd ref="3110882589"/>
    <nd ref="2345990731"/>
    <nd ref="3110882588"/>
    <nd ref="3110882587"/>
    <nd ref="2345990801"/>
    <nd ref="2345990619"/>
    <nd ref="3110882595"/>
    <nd ref="2345990577"/>
    <nd ref="3110882594"/>
    <nd ref="3110882590"/>
    <nd ref="2345990797"/>
    <nd ref="2345990752"/>
    <nd ref="2345990756"/>
    <nd ref="3110882591"/>
    <nd ref="3110882592"/>
    <nd ref="2345990519"/>
    <nd ref="4446620599"/>
    <nd ref="4446620600"/>
    <nd ref="2345990782"/>
    <nd ref="2345990785"/>
    <nd ref="3110882601"/>
    <nd ref="3110882604"/>
    <nd ref="3110882605"/>
    <nd ref="3110882603"/>
    <nd ref="3110882602"/>
    <nd ref="11017263703"/>
    <nd ref="11017263702"/>
    <nd ref="3110882600"/>
    <nd ref="11017263701"/>
    <nd ref="11017263700"/>
    <nd ref="2345990786"/>
    <nd ref="3110882598"/>
    <nd ref="2345990767"/>
    <nd ref="11017263699"/>
    <nd ref="11017263698"/>
    <nd ref="3110882596"/>
    <nd ref="2345990705"/>
    <nd ref="2345990769"/>
    <nd ref="2345990779"/>
    <nd ref="3110882586"/>
    <nd ref="2345990720"/>
    <nd ref="3110882585"/>
    <nd ref="2345990614"/>
    <nd ref="3110882584"/>
    <nd ref="3110882583"/>
    <nd ref="3110882582"/>
    <nd ref="2345990806"/>
    <nd ref="3110882581"/>
    <nd ref="2345990543"/>
    <nd ref="3110882580"/>
    <nd ref="3110882579"/>
    <nd ref="3110882578"/>
    <nd ref="2345990729"/>
    <nd ref="2345990707"/>
    <nd ref="3110882577"/>
    <nd ref="3110882576"/>
    <nd ref="2345990594"/>
    <nd ref="3110882575"/>
    <nd ref="3110882574"/>
    <nd ref="2345990573"/>
    <nd ref="11017263697"/>
    <nd ref="11017263696"/>
    <nd ref="11017263695"/>
    <nd ref="3110882573"/>
    <nd ref="11017263693"/>
    <nd ref="11017263694"/>
    <nd ref="11017263692"/>
    <nd ref="2345990688"/>
    <nd ref="11017263691"/>
    <nd ref="11017263690"/>
    <nd ref="11017263689"/>
    <nd ref="11017263688"/>
    <nd ref="3110882570"/>
    <nd ref="3110882569"/>
    <nd ref="2345990623"/>
    <nd ref="3110882567"/>
    <nd ref="3110882564"/>
    <nd ref="2345990788"/>
    <nd ref="11017263687"/>
    <nd ref="3110882565"/>
    <nd ref="3110882568"/>
    <nd ref="11017263686"/>
    <nd ref="11017263685"/>
    <nd ref="2345990592"/>
    <nd ref="11017263684"/>
    <nd ref="3110882571"/>
    <nd ref="11017263683"/>
    <nd ref="11017263682"/>
    <nd ref="2345990510"/>
    <nd ref="3110882572"/>
    <nd ref="11017263681"/>
    <nd ref="11017263680"/>
    <nd ref="11017263679"/>
    <nd ref="2345990795"/>
    <nd ref="11017263678"/>
    <nd ref="3110882566"/>
    <nd ref="11017263677"/>
    <nd ref="11017263676"/>
    <nd ref="11017263675"/>
    <nd ref="2345990725"/>
    <nd ref="3110882563"/>
    <nd ref="3110882562"/>
    <nd ref="11017263674"/>
    <nd ref="3110882561"/>
    <nd ref="2345990617"/>
    <nd ref="2345990535"/>
    <nd ref="11017263673"/>
    <nd ref="11017263672"/>
    <nd ref="11017263671"/>
    <nd ref="3110882557"/>
    <nd ref="3110882554"/>
    <nd ref="3110882555"/>
    <nd ref="11017263670"/>
    <nd ref="11017263669"/>
    <nd ref="11017263668"/>
    <nd ref="2345990808"/>
    <nd ref="3110882560"/>
    <nd ref="11017263667"/>
    <nd ref="2345990668"/>
    <nd ref="3110882559"/>
    <nd ref="3110882558"/>
    <nd ref="3110882556"/>
    <nd ref="2345990570"/>
    <nd ref="3110882553"/>
    <nd ref="3110882552"/>
    <nd ref="3110882551"/>
    <nd ref="11017263664"/>
    <nd ref="3110882550"/>
    <nd ref="2345990754"/>
    <nd ref="3110882549"/>
    <nd ref="11017263663"/>
    <tag k="highway" v="tertiary"/>
    <tag k="name" v="大同產業道路"/>
    <tag k="oneway" v="no"/>
    <tag k="ref" v="宜51"/>
    <tag k="ref:en" v="IL51"/>
    <tag k="ref:zh" v="宜51"/>
    <tag k="surface" v="asphalt"/>
  </way>
  <way id="252390662">
    <nd ref="2584489781"/>
    <nd ref="2584489782"/>
    <nd ref="2584489783"/>
    <nd ref="11021402206"/>
    <nd ref="8418291672"/>
    <nd ref="2584489784"/>
    <nd ref="2584489786"/>
    <nd ref="2584489787"/>
    <nd ref="2584489788"/>
    <nd ref="2584489790"/>
    <nd ref="2584489809"/>
    <nd ref="11016319437"/>
    <nd ref="2584489812"/>
    <nd ref="2584489811"/>
    <nd ref="2584489808"/>
    <nd ref="2584489807"/>
    <nd ref="2584489810"/>
    <nd ref="11016319436"/>
    <nd ref="11016319435"/>
    <nd ref="2584489814"/>
    <nd ref="2584489816"/>
    <nd ref="2584489835"/>
    <nd ref="11016319434"/>
    <nd ref="2584489836"/>
    <nd ref="2584489838"/>
    <nd ref="2584489840"/>
    <nd ref="2584489842"/>
    <nd ref="11016319433"/>
    <nd ref="2584489843"/>
    <nd ref="2584489848"/>
    <nd ref="2584489864"/>
    <nd ref="2584489869"/>
    <nd ref="2584489873"/>
    <nd ref="2584489886"/>
    <nd ref="2584489921"/>
    <nd ref="2584489931"/>
    <nd ref="2584489950"/>
    <nd ref="2584489953"/>
    <nd ref="2584489970"/>
    <nd ref="2584489972"/>
    <nd ref="2584489976"/>
    <nd ref="2584489979"/>
    <nd ref="2584489975"/>
    <nd ref="2584489978"/>
    <nd ref="2584489982"/>
    <nd ref="2584489983"/>
    <nd ref="11016319432"/>
    <nd ref="2584489998"/>
    <nd ref="2584490001"/>
    <nd ref="2584490007"/>
    <nd ref="2584490026"/>
    <nd ref="2584490029"/>
    <nd ref="11016319431"/>
    <nd ref="2584490032"/>
    <nd ref="2584490023"/>
    <nd ref="2584490022"/>
    <nd ref="2584490025"/>
    <nd ref="2584490027"/>
    <nd ref="11016319430"/>
    <nd ref="2584490050"/>
    <nd ref="2584490054"/>
    <nd ref="2584490058"/>
    <nd ref="2584490069"/>
    <nd ref="2584490075"/>
    <nd ref="2584490081"/>
    <nd ref="2584490092"/>
    <nd ref="11016319429"/>
    <nd ref="2584490108"/>
    <nd ref="2584490115"/>
    <nd ref="2584490126"/>
    <nd ref="11016319428"/>
    <nd ref="2584490129"/>
    <nd ref="11016319427"/>
    <nd ref="2584490131"/>
    <nd ref="11016319426"/>
    <nd ref="2584490144"/>
    <nd ref="2584490157"/>
    <nd ref="11016319425"/>
    <nd ref="11016319424"/>
    <nd ref="2584490168"/>
    <nd ref="2584490180"/>
    <nd ref="2584490184"/>
    <nd ref="2584490183"/>
    <nd ref="2584490182"/>
    <nd ref="2584490193"/>
    <nd ref="2584490192"/>
    <nd ref="2584490191"/>
    <nd ref="2584490187"/>
    <nd ref="2584490178"/>
    <nd ref="2584490173"/>
    <nd ref="11016319423"/>
    <nd ref="2584490151"/>
    <nd ref="11016319422"/>
    <nd ref="2584490148"/>
    <nd ref="2584490161"/>
    <nd ref="11016319421"/>
    <nd ref="2584490156"/>
    <nd ref="2584490141"/>
    <nd ref="2584490136"/>
    <nd ref="2584490133"/>
    <nd ref="2584490114"/>
    <nd ref="11016319420"/>
    <nd ref="11016319419"/>
    <nd ref="11016319418"/>
    <nd ref="2584490097"/>
    <nd ref="11016319417"/>
    <nd ref="11016319416"/>
    <nd ref="2584490091"/>
    <nd ref="2584490090"/>
    <nd ref="2584490105"/>
    <nd ref="2584490107"/>
    <nd ref="2584490106"/>
    <nd ref="2584490096"/>
    <nd ref="2584490077"/>
    <nd ref="2584490062"/>
    <nd ref="2584490056"/>
    <nd ref="2584490034"/>
    <nd ref="2584490010"/>
    <nd ref="2584490000"/>
    <nd ref="2584489989"/>
    <nd ref="2584489981"/>
    <nd ref="2584489974"/>
    <nd ref="2584489971"/>
    <nd ref="2584489969"/>
    <nd ref="2584489966"/>
    <nd ref="11016319415"/>
    <nd ref="2584489916"/>
    <nd ref="11017814239"/>
    <nd ref="2584489905"/>
    <nd ref="2584489890"/>
    <nd ref="2584489885"/>
    <nd ref="2584489872"/>
    <nd ref="11016319414"/>
    <nd ref="2584489865"/>
    <nd ref="2584489858"/>
    <nd ref="2584489834"/>
    <nd ref="2584489833"/>
    <nd ref="2584489826"/>
    <nd ref="2584489821"/>
    <nd ref="11017814232"/>
    <nd ref="2584489804"/>
    <nd ref="11016319412"/>
    <nd ref="2584489803"/>
    <nd ref="2584489799"/>
    <nd ref="2584489798"/>
    <nd ref="2584489801"/>
    <nd ref="2584489802"/>
    <nd ref="2584489825"/>
    <nd ref="2584489831"/>
    <nd ref="11016319410"/>
    <nd ref="2584489841"/>
    <nd ref="2584489861"/>
    <nd ref="2584489881"/>
    <nd ref="11016316856"/>
    <nd ref="2584489901"/>
    <nd ref="2584489911"/>
    <nd ref="2584489915"/>
    <nd ref="2584489920"/>
    <nd ref="11016316873"/>
    <nd ref="11016316874"/>
    <nd ref="2584489910"/>
    <nd ref="2584489903"/>
    <nd ref="2584489900"/>
    <nd ref="2584489899"/>
    <nd ref="2584489909"/>
    <nd ref="11016316872"/>
    <nd ref="2584489898"/>
    <nd ref="2584489904"/>
    <nd ref="2584489914"/>
    <nd ref="2584489936"/>
    <nd ref="2584489942"/>
    <nd ref="2584489941"/>
    <nd ref="2584489935"/>
    <nd ref="2584489940"/>
    <nd ref="2584489947"/>
    <nd ref="2584489949"/>
    <nd ref="2584489956"/>
    <nd ref="11016319438"/>
    <nd ref="11016319439"/>
    <nd ref="2584489986"/>
    <nd ref="2584489991"/>
    <nd ref="2584489997"/>
    <nd ref="2584490002"/>
    <nd ref="2584490015"/>
    <nd ref="2584490031"/>
    <nd ref="2584490037"/>
    <nd ref="2584490042"/>
    <nd ref="11016319440"/>
    <nd ref="2584490041"/>
    <nd ref="11016319441"/>
    <nd ref="2584490048"/>
    <nd ref="2584490047"/>
    <nd ref="2584490046"/>
    <nd ref="2584490036"/>
    <nd ref="2584490021"/>
    <nd ref="2584490014"/>
    <nd ref="11016319442"/>
    <nd ref="2584490009"/>
    <nd ref="2584490006"/>
    <nd ref="2584490008"/>
    <nd ref="2584490012"/>
    <nd ref="2584490018"/>
    <nd ref="2584490040"/>
    <nd ref="2584490045"/>
    <nd ref="2584490052"/>
    <nd ref="11016319443"/>
    <nd ref="2584490049"/>
    <nd ref="2584490039"/>
    <nd ref="2584490035"/>
    <nd ref="2584490044"/>
    <nd ref="2584490066"/>
    <nd ref="2584490073"/>
    <nd ref="11016319444"/>
    <nd ref="2584490085"/>
    <nd ref="2584490095"/>
    <nd ref="2584490111"/>
    <nd ref="2584490120"/>
    <nd ref="2584490121"/>
    <nd ref="2584490112"/>
    <nd ref="2584490086"/>
    <nd ref="2584490082"/>
    <nd ref="2584490078"/>
    <nd ref="2584490079"/>
    <nd ref="2584490068"/>
    <nd ref="2584490071"/>
    <nd ref="2584490074"/>
    <nd ref="2584490080"/>
    <nd ref="11016319445"/>
    <nd ref="2584490087"/>
    <nd ref="11016319446"/>
    <nd ref="2584490100"/>
    <nd ref="2584490109"/>
    <nd ref="11016319447"/>
    <nd ref="2584490113"/>
    <nd ref="11016319448"/>
    <nd ref="2584490162"/>
    <nd ref="2584490167"/>
    <nd ref="2584490171"/>
    <nd ref="2584490166"/>
    <nd ref="2584490172"/>
    <nd ref="2584490177"/>
    <nd ref="2584490181"/>
    <nd ref="2584490196"/>
    <nd ref="2584490202"/>
    <nd ref="2584490205"/>
    <nd ref="11016319449"/>
    <nd ref="2584490209"/>
    <nd ref="2584490210"/>
    <nd ref="11016319451"/>
    <nd ref="11016319450"/>
    <nd ref="2584490211"/>
    <nd ref="2584490198"/>
    <nd ref="2584490197"/>
    <nd ref="2584490199"/>
    <nd ref="2584490206"/>
    <nd ref="2584490208"/>
    <nd ref="11016319452"/>
    <nd ref="2584490200"/>
    <nd ref="2584490201"/>
    <nd ref="2584490203"/>
    <nd ref="11016319453"/>
    <nd ref="2584490217"/>
    <nd ref="2584490225"/>
    <nd ref="2584490228"/>
    <nd ref="11016319454"/>
    <nd ref="2584490230"/>
    <nd ref="2584490220"/>
    <nd ref="2584490223"/>
    <nd ref="11016319455"/>
    <nd ref="2584490235"/>
    <nd ref="2584490237"/>
    <nd ref="2584490234"/>
    <nd ref="2584490224"/>
    <nd ref="2584490222"/>
    <nd ref="2584490233"/>
    <nd ref="11016319456"/>
    <nd ref="2584490236"/>
    <nd ref="11016319457"/>
    <nd ref="2584490240"/>
    <nd ref="11016319458"/>
    <nd ref="2584490241"/>
    <nd ref="2584490242"/>
    <nd ref="2584490243"/>
    <nd ref="2584490244"/>
    <nd ref="2584490245"/>
    <nd ref="2584490250"/>
    <nd ref="2584490252"/>
    <nd ref="2584490255"/>
    <nd ref="2584490258"/>
    <nd ref="2584490257"/>
    <nd ref="2584490256"/>
    <nd ref="2584490249"/>
    <nd ref="2584490248"/>
    <nd ref="2584490247"/>
    <nd ref="2584490251"/>
    <nd ref="2584490254"/>
    <nd ref="2584490265"/>
    <nd ref="2584490288"/>
    <nd ref="2584490290"/>
    <nd ref="2584490292"/>
    <nd ref="2584490296"/>
    <nd ref="2584490298"/>
    <nd ref="2584490300"/>
    <nd ref="2584490299"/>
    <nd ref="2584490295"/>
    <nd ref="2584490282"/>
    <nd ref="2584490275"/>
    <nd ref="2584490271"/>
    <nd ref="2584490270"/>
    <nd ref="2584490274"/>
    <nd ref="2584490289"/>
    <nd ref="2584490291"/>
    <nd ref="2584490294"/>
    <nd ref="2584490312"/>
    <nd ref="2584490314"/>
    <nd ref="2584490316"/>
    <nd ref="2584490320"/>
    <nd ref="2584490321"/>
    <nd ref="2584490322"/>
    <nd ref="2584490323"/>
    <nd ref="11016319459"/>
    <nd ref="2584490348"/>
    <nd ref="2584490357"/>
    <nd ref="2584490369"/>
    <nd ref="2584490375"/>
    <nd ref="2584490378"/>
    <nd ref="2584490380"/>
    <nd ref="2584490379"/>
    <nd ref="2584490382"/>
    <nd ref="11016319460"/>
    <nd ref="2584490383"/>
    <nd ref="2584490387"/>
    <nd ref="2584490394"/>
    <nd ref="2584490397"/>
    <nd ref="2584490402"/>
    <nd ref="2584490407"/>
    <nd ref="2584490412"/>
    <nd ref="2584490425"/>
    <nd ref="2584490440"/>
    <nd ref="2584490453"/>
    <nd ref="2584490460"/>
    <nd ref="2584490465"/>
    <nd ref="2584490479"/>
    <tag k="highway" v="service"/>
  </way>
  <way id="252390663">
    <nd ref="300593478"/>
    <nd ref="2584489621"/>
    <nd ref="8418291700"/>
    <nd ref="2584489623"/>
    <nd ref="2584489624"/>
    <nd ref="2584489625"/>
    <nd ref="2584489626"/>
    <nd ref="8418291699"/>
    <nd ref="2584489627"/>
    <nd ref="8418291698"/>
    <nd ref="2584489628"/>
    <nd ref="2584489629"/>
    <nd ref="2584489637"/>
    <nd ref="2584489639"/>
    <nd ref="2584489643"/>
    <nd ref="2584489654"/>
    <nd ref="2584489656"/>
    <nd ref="2584489662"/>
    <nd ref="2584489665"/>
    <nd ref="2584489677"/>
    <nd ref="2584489688"/>
    <nd ref="12860581306"/>
    <nd ref="2584489693"/>
    <nd ref="11016319464"/>
    <nd ref="11016319465"/>
    <nd ref="2584489695"/>
    <nd ref="2584489692"/>
    <nd ref="2584489691"/>
    <nd ref="2584489687"/>
    <nd ref="2584489684"/>
    <nd ref="2584489683"/>
    <nd ref="11016319463"/>
    <nd ref="2584489680"/>
    <nd ref="2584489678"/>
    <nd ref="2584489672"/>
    <nd ref="2584489660"/>
    <nd ref="2584489649"/>
    <nd ref="11016319462"/>
    <nd ref="2584489645"/>
    <nd ref="2584489642"/>
    <nd ref="2584489640"/>
    <nd ref="12860581307"/>
    <nd ref="2584489638"/>
    <nd ref="2584489636"/>
    <nd ref="2584489631"/>
    <nd ref="2584489630"/>
    <nd ref="2584489632"/>
    <nd ref="11016319461"/>
    <nd ref="2584489633"/>
    <nd ref="2584489634"/>
    <nd ref="2584489635"/>
    <nd ref="2584489641"/>
    <nd ref="2584489644"/>
    <nd ref="2584489652"/>
    <nd ref="2584489658"/>
    <nd ref="2584489664"/>
    <nd ref="2584489673"/>
    <nd ref="2584489690"/>
    <nd ref="2584489697"/>
    <nd ref="2584489698"/>
    <nd ref="2584489696"/>
    <nd ref="11016319466"/>
    <nd ref="11016319467"/>
    <nd ref="2584489694"/>
    <nd ref="2584489689"/>
    <nd ref="2584489686"/>
    <nd ref="2584489671"/>
    <nd ref="2584489663"/>
    <nd ref="2584489655"/>
    <nd ref="11016319468"/>
    <nd ref="2584489651"/>
    <nd ref="11016319469"/>
    <nd ref="2584489647"/>
    <nd ref="2584489646"/>
    <nd ref="2584489648"/>
    <nd ref="2584489650"/>
    <nd ref="11016319470"/>
    <nd ref="2584489653"/>
    <nd ref="11016319471"/>
    <nd ref="2584489661"/>
    <nd ref="2584489670"/>
    <nd ref="2584489676"/>
    <nd ref="2584489682"/>
    <nd ref="2584489701"/>
    <nd ref="2584489703"/>
    <nd ref="2584489704"/>
    <nd ref="2584489702"/>
    <nd ref="2584489700"/>
    <nd ref="2584489699"/>
    <nd ref="11016319486"/>
    <nd ref="11016319487"/>
    <nd ref="11016319488"/>
    <nd ref="11016319485"/>
    <nd ref="11016319484"/>
    <nd ref="2584489681"/>
    <nd ref="2584489675"/>
    <nd ref="2584489669"/>
    <nd ref="2584489667"/>
    <nd ref="2584489666"/>
    <nd ref="2584489668"/>
    <nd ref="2584489674"/>
    <nd ref="2584489679"/>
    <nd ref="2584489685"/>
    <nd ref="2584489705"/>
    <nd ref="2584489706"/>
    <nd ref="2584489707"/>
    <nd ref="2584489708"/>
    <nd ref="11016319489"/>
    <nd ref="2584489714"/>
    <nd ref="2584489716"/>
    <nd ref="2584489725"/>
    <nd ref="2584489726"/>
    <nd ref="2584489727"/>
    <nd ref="2584489728"/>
    <nd ref="2584489729"/>
    <nd ref="4430888872"/>
    <nd ref="11016319490"/>
    <nd ref="2584489731"/>
    <nd ref="4430888873"/>
    <nd ref="2584489733"/>
    <nd ref="11016319491"/>
    <nd ref="2584489732"/>
    <nd ref="11016319492"/>
    <nd ref="2584489730"/>
    <nd ref="2584489724"/>
    <nd ref="2584489723"/>
    <nd ref="2584489721"/>
    <nd ref="2584489720"/>
    <nd ref="11016319493"/>
    <nd ref="2584489715"/>
    <nd ref="2584489712"/>
    <nd ref="2584489710"/>
    <nd ref="2584489709"/>
    <nd ref="2584489711"/>
    <nd ref="11016319494"/>
    <nd ref="11016319495"/>
    <nd ref="11016319496"/>
    <nd ref="11016319497"/>
    <nd ref="11016319498"/>
    <nd ref="11016319499"/>
    <nd ref="2584489713"/>
    <nd ref="11016319500"/>
    <nd ref="2584489717"/>
    <nd ref="2584489718"/>
    <nd ref="2584489719"/>
    <nd ref="2584489722"/>
    <nd ref="2584489734"/>
    <nd ref="2584489735"/>
    <nd ref="11016319501"/>
    <nd ref="2584489736"/>
    <nd ref="2584489737"/>
    <nd ref="2584489738"/>
    <nd ref="2584489739"/>
    <nd ref="11016319502"/>
    <nd ref="2584489740"/>
    <nd ref="2584489741"/>
    <nd ref="2584489742"/>
    <nd ref="2584489743"/>
    <nd ref="2584489744"/>
    <nd ref="11016319503"/>
    <nd ref="11016319504"/>
    <nd ref="2584489754"/>
    <nd ref="2584489755"/>
    <nd ref="2584489757"/>
    <nd ref="11016319505"/>
    <nd ref="2584489758"/>
    <nd ref="2584489749"/>
    <nd ref="2584489750"/>
    <nd ref="2584489751"/>
    <nd ref="2584489753"/>
    <nd ref="11016319506"/>
    <nd ref="2584489759"/>
    <nd ref="2584489767"/>
    <nd ref="2584489773"/>
    <nd ref="11016319507"/>
    <nd ref="2584489776"/>
    <nd ref="2584489780"/>
    <nd ref="2584489779"/>
    <nd ref="2584489778"/>
    <nd ref="2584489777"/>
    <nd ref="2584489775"/>
    <nd ref="2584489771"/>
    <nd ref="2584489770"/>
    <nd ref="2584489768"/>
    <nd ref="2584489766"/>
    <nd ref="11016319508"/>
    <nd ref="11016319509"/>
    <nd ref="11016319510"/>
    <nd ref="2584489765"/>
    <nd ref="2584489764"/>
    <nd ref="2584489763"/>
    <nd ref="11016319511"/>
    <nd ref="2584489762"/>
    <nd ref="2584489760"/>
    <nd ref="2584489756"/>
    <nd ref="2584489747"/>
    <nd ref="11016319512"/>
    <nd ref="11016319513"/>
    <nd ref="11016319514"/>
    <nd ref="2584489745"/>
    <nd ref="2584489746"/>
    <nd ref="2584489748"/>
    <nd ref="2584489752"/>
    <nd ref="2584489761"/>
    <nd ref="11016319515"/>
    <nd ref="2584489769"/>
    <nd ref="2584489772"/>
    <nd ref="11016319516"/>
    <nd ref="11016319517"/>
    <nd ref="2584489774"/>
    <nd ref="11016319518"/>
    <nd ref="11016319519"/>
    <nd ref="2584489785"/>
    <nd ref="11016319520"/>
    <nd ref="11016319521"/>
    <nd ref="2584489789"/>
    <nd ref="11016319522"/>
    <nd ref="2584489795"/>
    <nd ref="2584489806"/>
    <nd ref="2584489813"/>
    <nd ref="2584489851"/>
    <nd ref="2584489857"/>
    <nd ref="2584489860"/>
    <nd ref="2584489856"/>
    <nd ref="11016319523"/>
    <nd ref="11016319524"/>
    <nd ref="2584489853"/>
    <nd ref="11016319525"/>
    <nd ref="2584489847"/>
    <nd ref="11016319526"/>
    <nd ref="2584489805"/>
    <nd ref="2584489800"/>
    <nd ref="2584489796"/>
    <nd ref="2584489793"/>
    <nd ref="2584489792"/>
    <nd ref="2584489791"/>
    <nd ref="2584489794"/>
    <nd ref="11016319527"/>
    <nd ref="11016319528"/>
    <nd ref="2584489797"/>
    <nd ref="2584489820"/>
    <nd ref="11016319529"/>
    <nd ref="2584489845"/>
    <nd ref="11016319530"/>
    <nd ref="2584489859"/>
    <nd ref="2584489878"/>
    <nd ref="2584489884"/>
    <nd ref="2584489894"/>
    <nd ref="2584489945"/>
    <nd ref="2584489948"/>
    <nd ref="2584489952"/>
    <nd ref="2584489958"/>
    <nd ref="2584489957"/>
    <nd ref="2584489955"/>
    <nd ref="2584489951"/>
    <nd ref="11016319531"/>
    <nd ref="2584489939"/>
    <nd ref="11016319532"/>
    <nd ref="2584489897"/>
    <nd ref="11016319533"/>
    <nd ref="2584489889"/>
    <nd ref="2584489883"/>
    <nd ref="11016319534"/>
    <nd ref="2584489868"/>
    <nd ref="2584489837"/>
    <nd ref="2584489827"/>
    <nd ref="2584489824"/>
    <nd ref="2584489819"/>
    <nd ref="2584489818"/>
    <nd ref="2584489823"/>
    <nd ref="2584489828"/>
    <nd ref="11016319535"/>
    <nd ref="2584489830"/>
    <nd ref="11016319536"/>
    <nd ref="2584489882"/>
    <nd ref="11016319537"/>
    <nd ref="2584489888"/>
    <nd ref="2584489891"/>
    <nd ref="11016319538"/>
    <nd ref="2584489934"/>
    <nd ref="2584489944"/>
    <nd ref="11016319539"/>
    <nd ref="2584489943"/>
    <nd ref="11016319540"/>
    <nd ref="2584489930"/>
    <nd ref="11016319541"/>
    <nd ref="2584489919"/>
    <nd ref="11016319542"/>
    <nd ref="11016319543"/>
    <nd ref="2584489887"/>
    <nd ref="11016319544"/>
    <nd ref="2584489879"/>
    <nd ref="2584489876"/>
    <nd ref="2584489855"/>
    <nd ref="2584489850"/>
    <nd ref="2584489846"/>
    <nd ref="2584489849"/>
    <nd ref="2584489854"/>
    <nd ref="11016319545"/>
    <nd ref="2584489862"/>
    <nd ref="2584489863"/>
    <nd ref="11016319546"/>
    <nd ref="2584489867"/>
    <nd ref="2584489874"/>
    <nd ref="11016319547"/>
    <nd ref="2584489877"/>
    <nd ref="11016319548"/>
    <nd ref="2584489908"/>
    <nd ref="2584489922"/>
    <nd ref="2584489927"/>
    <nd ref="2584489929"/>
    <nd ref="11016319549"/>
    <nd ref="2584489928"/>
    <nd ref="2584489896"/>
    <nd ref="2584489893"/>
    <nd ref="2584489895"/>
    <nd ref="2584489907"/>
    <nd ref="11016319550"/>
    <nd ref="2584489918"/>
    <nd ref="2584489926"/>
    <nd ref="2584489938"/>
    <nd ref="2584489954"/>
    <nd ref="2584489961"/>
    <nd ref="2584489968"/>
    <nd ref="2584489985"/>
    <nd ref="2584489990"/>
    <nd ref="11016319551"/>
    <nd ref="11016319552"/>
    <nd ref="2584490003"/>
    <nd ref="2584490005"/>
    <nd ref="2584490030"/>
    <nd ref="2584490038"/>
    <nd ref="11016319553"/>
    <nd ref="2584490055"/>
    <nd ref="11016319554"/>
    <nd ref="11016319555"/>
    <nd ref="11016319556"/>
    <nd ref="2584490076"/>
    <nd ref="2584490084"/>
    <nd ref="11016319557"/>
    <nd ref="2584490104"/>
    <nd ref="11016319558"/>
    <nd ref="2584490119"/>
    <nd ref="11016319559"/>
    <nd ref="2584490135"/>
    <nd ref="11016319560"/>
    <nd ref="2584490139"/>
    <nd ref="2584490142"/>
    <nd ref="2584490147"/>
    <nd ref="2584490150"/>
    <nd ref="2584490164"/>
    <nd ref="11016319561"/>
    <nd ref="11016319562"/>
    <nd ref="2584490204"/>
    <nd ref="2584490213"/>
    <nd ref="2584490214"/>
    <nd ref="2584490216"/>
    <nd ref="2584490218"/>
    <nd ref="2584490227"/>
    <nd ref="2584490232"/>
    <nd ref="11016319563"/>
    <nd ref="11016319564"/>
    <nd ref="2584490239"/>
    <nd ref="11016319565"/>
    <nd ref="2584490253"/>
    <nd ref="2584490267"/>
    <nd ref="2584490269"/>
    <nd ref="11016319566"/>
    <nd ref="2584490278"/>
    <nd ref="2584490293"/>
    <nd ref="2584490297"/>
    <nd ref="11016319567"/>
    <nd ref="2584490302"/>
    <nd ref="2584490305"/>
    <nd ref="2584490306"/>
    <nd ref="11016319571"/>
    <nd ref="11016319570"/>
    <nd ref="11016319569"/>
    <nd ref="11016319568"/>
    <nd ref="2584490309"/>
    <nd ref="2584490310"/>
    <nd ref="2584490317"/>
    <nd ref="2584490318"/>
    <nd ref="2584490319"/>
    <nd ref="2584490315"/>
    <nd ref="2584490307"/>
    <nd ref="2584490303"/>
    <nd ref="2584490301"/>
    <nd ref="11016319572"/>
    <nd ref="2584490304"/>
    <nd ref="2584490308"/>
    <nd ref="2584490311"/>
    <nd ref="2584490324"/>
    <nd ref="2584490328"/>
    <nd ref="11016319573"/>
    <nd ref="2584490330"/>
    <nd ref="2584490338"/>
    <nd ref="2584490343"/>
    <nd ref="11016319574"/>
    <nd ref="11016365189"/>
    <nd ref="2584490399"/>
    <nd ref="2584490433"/>
    <nd ref="2584490441"/>
    <nd ref="2584490449"/>
    <nd ref="2584490452"/>
    <nd ref="2584490478"/>
    <nd ref="2584490485"/>
    <nd ref="2584490457"/>
    <nd ref="11016365190"/>
    <nd ref="2584490447"/>
    <nd ref="2584490430"/>
    <nd ref="2584490422"/>
    <nd ref="2584490423"/>
    <nd ref="2584490424"/>
    <nd ref="2584490419"/>
    <nd ref="2584490404"/>
    <nd ref="2584490400"/>
    <nd ref="2584490401"/>
    <nd ref="2584490405"/>
    <nd ref="11016365191"/>
    <nd ref="11016365192"/>
    <nd ref="11016365193"/>
    <nd ref="11016365194"/>
    <nd ref="2584490425"/>
    <tag k="highway" v="residential"/>
    <tag k="surface" v="unpaved"/>
  </way>
  <way id="252390665">
    <nd ref="11016319575"/>
    <nd ref="11016319576"/>
    <nd ref="2584490337"/>
    <nd ref="2584490342"/>
    <nd ref="2584490353"/>
    <nd ref="2584490361"/>
    <nd ref="2584490363"/>
    <nd ref="2584490366"/>
    <nd ref="11016319577"/>
    <nd ref="2584490373"/>
    <nd ref="2584490377"/>
    <nd ref="2584490395"/>
    <nd ref="2584490398"/>
    <nd ref="2584490414"/>
    <nd ref="2584490418"/>
    <nd ref="2584490429"/>
    <nd ref="2584490455"/>
    <nd ref="2584490473"/>
    <nd ref="2584490496"/>
    <nd ref="2584490518"/>
    <nd ref="2584490533"/>
    <nd ref="2584490536"/>
    <nd ref="11016319578"/>
    <nd ref="11016319579"/>
    <nd ref="2584490532"/>
    <nd ref="11016319580"/>
    <nd ref="2584490508"/>
    <nd ref="2584490507"/>
    <nd ref="11016319581"/>
    <nd ref="12343369520"/>
    <nd ref="12343369521"/>
    <nd ref="2584490451"/>
    <nd ref="11016319582"/>
    <nd ref="2584490444"/>
    <nd ref="2584490417"/>
    <nd ref="2584490411"/>
    <nd ref="2584490409"/>
    <nd ref="11016319583"/>
    <nd ref="12343369303"/>
    <nd ref="12343369302"/>
    <nd ref="12343369301"/>
    <nd ref="12343357800"/>
    <nd ref="12343357799"/>
    <nd ref="12343357798"/>
    <nd ref="12343357797"/>
    <nd ref="12343357796"/>
    <nd ref="12343357795"/>
    <nd ref="12343357794"/>
    <nd ref="12343357793"/>
    <nd ref="12343357792"/>
    <tag k="highway" v="track"/>
  </way>
  <way id="252390666">
    <nd ref="2584490490"/>
    <nd ref="3016459989"/>
    <nd ref="2584490487"/>
    <nd ref="3016459987"/>
    <nd ref="3016459990"/>
    <nd ref="3016459988"/>
    <nd ref="2584490439"/>
    <nd ref="3016459985"/>
    <nd ref="2584490435"/>
    <nd ref="11016369333"/>
    <nd ref="11016369332"/>
    <nd ref="11016369331"/>
    <nd ref="2584490436"/>
    <nd ref="2584490438"/>
    <nd ref="2584490443"/>
    <nd ref="2584490454"/>
    <nd ref="2584490466"/>
    <nd ref="11017313927"/>
    <nd ref="2584490512"/>
    <nd ref="11016369330"/>
    <nd ref="11016369329"/>
    <nd ref="11016369328"/>
    <nd ref="2584490522"/>
    <nd ref="2584490527"/>
    <nd ref="2584490540"/>
    <nd ref="2584490542"/>
    <nd ref="11016369327"/>
    <nd ref="11017313964"/>
    <nd ref="11016369326"/>
    <nd ref="2584490589"/>
    <nd ref="11016369325"/>
    <nd ref="2584490595"/>
    <nd ref="2584490601"/>
    <nd ref="2584490605"/>
    <nd ref="11016369324"/>
    <nd ref="2584490604"/>
    <nd ref="11016369323"/>
    <nd ref="11016369322"/>
    <nd ref="11016369321"/>
    <nd ref="2584490592"/>
    <nd ref="11017313934"/>
    <nd ref="11016369320"/>
    <nd ref="2584490558"/>
    <nd ref="11016369319"/>
    <nd ref="2584490557"/>
    <nd ref="2584490556"/>
    <nd ref="2584490567"/>
    <nd ref="11016369318"/>
    <nd ref="2584490572"/>
    <nd ref="11016369317"/>
    <nd ref="2584490587"/>
    <nd ref="2584490598"/>
    <nd ref="2584490618"/>
    <nd ref="2584490629"/>
    <nd ref="2584490634"/>
    <nd ref="2584490635"/>
    <nd ref="2584490640"/>
    <nd ref="2584490642"/>
    <nd ref="11016369316"/>
    <nd ref="2584490639"/>
    <nd ref="2584490637"/>
    <nd ref="11016369315"/>
    <nd ref="2584490638"/>
    <nd ref="2584490641"/>
    <nd ref="11016369314"/>
    <nd ref="2584490645"/>
    <nd ref="2584490644"/>
    <nd ref="2584490643"/>
    <nd ref="11016369313"/>
    <nd ref="2584490636"/>
    <nd ref="2584490631"/>
    <nd ref="11016369312"/>
    <nd ref="2584490628"/>
    <nd ref="11016369311"/>
    <nd ref="2584490626"/>
    <nd ref="2584490624"/>
    <nd ref="11016369310"/>
    <nd ref="11016369309"/>
    <nd ref="2584490623"/>
    <nd ref="2584490622"/>
    <nd ref="2584490621"/>
    <nd ref="2584490619"/>
    <nd ref="2584490612"/>
    <nd ref="2584490571"/>
    <nd ref="11016369308"/>
    <nd ref="2584490564"/>
    <nd ref="11016369307"/>
    <nd ref="2584490563"/>
    <nd ref="11016369306"/>
    <nd ref="2584490562"/>
    <nd ref="11016369305"/>
    <nd ref="2584490561"/>
    <nd ref="11016365204"/>
    <nd ref="11016365203"/>
    <nd ref="2584490553"/>
    <nd ref="2584490544"/>
    <nd ref="2584490541"/>
    <nd ref="2584490539"/>
    <nd ref="2584490520"/>
    <nd ref="11016365202"/>
    <nd ref="2584490516"/>
    <nd ref="2584490511"/>
    <nd ref="11016365201"/>
    <nd ref="2584490509"/>
    <nd ref="2584490504"/>
    <nd ref="11016365200"/>
    <nd ref="11016365199"/>
    <nd ref="2584490501"/>
    <nd ref="11016365198"/>
    <nd ref="2584490476"/>
    <nd ref="11016365197"/>
    <nd ref="2584490464"/>
    <nd ref="2584490461"/>
    <nd ref="2584490458"/>
    <nd ref="2584490470"/>
    <nd ref="2584490480"/>
    <nd ref="2584490479"/>
    <tag k="highway" v="unclassified"/>
  </way>
  <way id="252390667">
    <nd ref="2584490479"/>
    <nd ref="11016365195"/>
    <nd ref="11016365196"/>
    <nd ref="2584490486"/>
    <nd ref="2584490474"/>
    <nd ref="2584490475"/>
    <nd ref="11016365188"/>
    <nd ref="11016365187"/>
    <nd ref="2584490489"/>
    <nd ref="11016365186"/>
    <nd ref="11016365185"/>
    <nd ref="2584490503"/>
    <nd ref="2584490528"/>
    <nd ref="11016365184"/>
    <nd ref="11016365183"/>
    <nd ref="6012230060"/>
    <nd ref="11016365182"/>
    <nd ref="2584490555"/>
    <nd ref="2584490568"/>
    <nd ref="2584490582"/>
    <nd ref="6012230059"/>
    <nd ref="11016365181"/>
    <nd ref="2584490600"/>
    <nd ref="11016365180"/>
    <nd ref="2584490603"/>
    <nd ref="11016365179"/>
    <nd ref="6012230058"/>
    <nd ref="2584490609"/>
    <nd ref="2584490608"/>
    <nd ref="2584490597"/>
    <nd ref="2584490591"/>
    <nd ref="2584490586"/>
    <nd ref="2584490579"/>
    <nd ref="12343369534"/>
    <nd ref="2584490526"/>
    <nd ref="2584490519"/>
    <nd ref="12343369533"/>
    <nd ref="11016365178"/>
    <nd ref="11016365177"/>
    <nd ref="2584490515"/>
    <nd ref="2584490510"/>
    <nd ref="2584490514"/>
    <nd ref="2584490521"/>
    <nd ref="2584490525"/>
    <nd ref="2584490534"/>
    <nd ref="11016365176"/>
    <nd ref="2584490537"/>
    <nd ref="2584490543"/>
    <nd ref="2584490551"/>
    <nd ref="12343369532"/>
    <nd ref="2584490594"/>
    <nd ref="6012230063"/>
    <nd ref="2584490602"/>
    <nd ref="6012230062"/>
    <nd ref="2584490611"/>
    <nd ref="6012230061"/>
    <nd ref="6012230064"/>
    <nd ref="2584490615"/>
    <nd ref="2584490617"/>
    <nd ref="2584490614"/>
    <nd ref="2584490610"/>
    <nd ref="2584490607"/>
    <nd ref="2584490599"/>
    <nd ref="2584490578"/>
    <nd ref="2584490566"/>
    <nd ref="2584490552"/>
    <nd ref="2584490549"/>
    <nd ref="11016365175"/>
    <nd ref="2584490548"/>
    <nd ref="6012230065"/>
    <nd ref="2584490547"/>
    <nd ref="11016365174"/>
    <nd ref="2584490550"/>
    <nd ref="2584490559"/>
    <nd ref="2584490565"/>
    <nd ref="11016365173"/>
    <nd ref="2584490577"/>
    <nd ref="2584490588"/>
    <nd ref="11016365172"/>
    <nd ref="2584490596"/>
    <nd ref="2584490606"/>
    <nd ref="2584490613"/>
    <nd ref="2584490620"/>
    <nd ref="2584490625"/>
    <nd ref="2584490627"/>
    <nd ref="2584490630"/>
    <nd ref="2584490633"/>
    <nd ref="6012230070"/>
    <nd ref="2584490632"/>
    <nd ref="12343369531"/>
    <nd ref="2584490616"/>
    <nd ref="11016365171"/>
    <nd ref="12343369529"/>
    <nd ref="12343369530"/>
    <nd ref="2500402465"/>
    <nd ref="2584490593"/>
    <nd ref="2584490590"/>
    <nd ref="11016365170"/>
    <nd ref="2584490583"/>
    <nd ref="11016365168"/>
    <nd ref="11016365169"/>
    <nd ref="2584490574"/>
    <nd ref="6012230066"/>
    <nd ref="11016365167"/>
    <nd ref="2584490570"/>
    <nd ref="2584490569"/>
    <nd ref="6012230067"/>
    <nd ref="11016319590"/>
    <nd ref="2584490576"/>
    <nd ref="11016319589"/>
    <nd ref="2584490585"/>
    <nd ref="6012230068"/>
    <nd ref="2584490575"/>
    <nd ref="6012230069"/>
    <nd ref="6012343001"/>
    <nd ref="4226143093"/>
    <nd ref="4430712243"/>
    <nd ref="4430712242"/>
    <nd ref="11016319588"/>
    <nd ref="2584490546"/>
    <nd ref="2584490545"/>
    <nd ref="4430712241"/>
    <nd ref="11016319587"/>
    <nd ref="2584490538"/>
    <nd ref="4430712240"/>
    <nd ref="2584490535"/>
    <nd ref="4430712239"/>
    <nd ref="4430712238"/>
    <nd ref="2584490513"/>
    <nd ref="2584490502"/>
    <nd ref="11016319586"/>
    <nd ref="2584490500"/>
    <nd ref="2584490499"/>
    <nd ref="12343369525"/>
    <nd ref="12343369524"/>
    <nd ref="12343369523"/>
    <nd ref="12343369522"/>
    <tag k="highway" v="unclassified"/>
  </way>
  <way id="252390668">
    <nd ref="2584490059"/>
    <nd ref="11016423563"/>
    <nd ref="11016423562"/>
    <nd ref="11016423561"/>
    <nd ref="2584490063"/>
    <nd ref="11016432765"/>
    <nd ref="2584490053"/>
    <nd ref="11016423560"/>
    <nd ref="2584490051"/>
    <nd ref="11016423559"/>
    <nd ref="11016423558"/>
    <nd ref="11016423557"/>
    <nd ref="2584490057"/>
    <nd ref="4431044415"/>
    <nd ref="2584490064"/>
    <nd ref="2584490065"/>
    <nd ref="2584490060"/>
    <nd ref="2584490061"/>
    <nd ref="4431044414"/>
    <nd ref="4431044416"/>
    <nd ref="2584490072"/>
    <nd ref="4431044417"/>
    <nd ref="2584490103"/>
    <nd ref="4431044418"/>
    <nd ref="11016423523"/>
    <nd ref="2584490123"/>
    <nd ref="2584490125"/>
    <nd ref="2584490128"/>
    <nd ref="11016423522"/>
    <nd ref="2584490130"/>
    <nd ref="2584490132"/>
    <nd ref="4431044423"/>
    <nd ref="4431044420"/>
    <nd ref="4431044419"/>
    <nd ref="2584490118"/>
    <nd ref="2584490110"/>
    <nd ref="2584490117"/>
    <nd ref="2584490122"/>
    <nd ref="2584490127"/>
    <nd ref="4431044421"/>
    <nd ref="4431044422"/>
    <nd ref="4431044424"/>
    <nd ref="2584490138"/>
    <nd ref="2584490143"/>
    <nd ref="2584490170"/>
    <nd ref="11016369429"/>
    <nd ref="11016369430"/>
    <nd ref="11016369431"/>
    <nd ref="2584490175"/>
    <nd ref="2584490176"/>
    <nd ref="4431044425"/>
    <nd ref="4431044426"/>
    <nd ref="2584490195"/>
    <nd ref="2584490194"/>
    <nd ref="2584490186"/>
    <nd ref="4431044427"/>
    <nd ref="2584490190"/>
    <nd ref="11063237530"/>
    <nd ref="2584490207"/>
    <nd ref="2584490212"/>
    <nd ref="4431044430"/>
    <nd ref="2584490215"/>
    <nd ref="4431044431"/>
    <nd ref="2584490231"/>
    <nd ref="2584490238"/>
    <nd ref="11016369428"/>
    <nd ref="11016369427"/>
    <nd ref="11016369426"/>
    <nd ref="2584490246"/>
    <nd ref="2584490266"/>
    <nd ref="2584490272"/>
    <nd ref="11016369425"/>
    <nd ref="2584490277"/>
    <nd ref="11063237529"/>
    <nd ref="11063237528"/>
    <nd ref="2584490276"/>
    <nd ref="2584490279"/>
    <nd ref="2584490280"/>
    <nd ref="11016369424"/>
    <nd ref="2584490284"/>
    <nd ref="2584490285"/>
    <nd ref="2584490283"/>
    <nd ref="2584490286"/>
    <nd ref="2584490287"/>
    <nd ref="4431044439"/>
    <nd ref="4431044438"/>
    <nd ref="2584490273"/>
    <nd ref="4431044437"/>
    <nd ref="11016369423"/>
    <nd ref="11016369422"/>
    <nd ref="2584490260"/>
    <nd ref="11017359856"/>
    <nd ref="4433706858"/>
    <nd ref="11016369421"/>
    <nd ref="2584490262"/>
    <nd ref="4431044434"/>
    <nd ref="4431044432"/>
    <nd ref="4431044433"/>
    <nd ref="2584490259"/>
    <nd ref="2584490263"/>
    <nd ref="2584490264"/>
    <nd ref="4431044435"/>
    <nd ref="4431044436"/>
    <nd ref="2584490268"/>
    <nd ref="3210187570"/>
    <nd ref="2584490281"/>
    <nd ref="4431044440"/>
    <nd ref="4431044441"/>
    <nd ref="2584490313"/>
    <nd ref="4431044442"/>
    <nd ref="4431044443"/>
    <nd ref="4431044444"/>
    <nd ref="2584490325"/>
    <nd ref="4431044445"/>
    <nd ref="2584490326"/>
    <nd ref="2584490327"/>
    <nd ref="11017313996"/>
    <nd ref="11017313989"/>
    <nd ref="2584490329"/>
    <nd ref="11016369403"/>
    <nd ref="2584490368"/>
    <nd ref="11017313990"/>
    <nd ref="11016369380"/>
    <nd ref="2584490347"/>
    <nd ref="2584490350"/>
    <nd ref="11016369379"/>
    <nd ref="11063195085"/>
    <nd ref="11016369378"/>
    <nd ref="2584490346"/>
    <nd ref="2584490336"/>
    <nd ref="11016369377"/>
    <nd ref="11016369376"/>
    <nd ref="11016369375"/>
    <nd ref="11016369374"/>
    <nd ref="11016369373"/>
    <nd ref="11016369372"/>
    <nd ref="11016369371"/>
    <nd ref="2584490334"/>
    <nd ref="2584490335"/>
    <nd ref="2584490340"/>
    <nd ref="2584490344"/>
    <nd ref="2584490349"/>
    <nd ref="2584490355"/>
    <nd ref="2584490358"/>
    <nd ref="2584490360"/>
    <nd ref="2584490364"/>
    <nd ref="2584490367"/>
    <nd ref="2584490370"/>
    <nd ref="2584490371"/>
    <nd ref="2584490374"/>
    <nd ref="2584490372"/>
    <nd ref="2584490376"/>
    <nd ref="2584490381"/>
    <nd ref="2584490410"/>
    <nd ref="2584490415"/>
    <nd ref="2584490428"/>
    <nd ref="4431044446"/>
    <nd ref="4431044447"/>
    <nd ref="4431044448"/>
    <nd ref="2584490450"/>
    <nd ref="2584490467"/>
    <nd ref="4431044453"/>
    <nd ref="2584490498"/>
    <nd ref="4431044457"/>
    <nd ref="4431044458"/>
    <nd ref="2584490506"/>
    <nd ref="4431044459"/>
    <nd ref="2584490524"/>
    <nd ref="2584490531"/>
    <nd ref="2584490530"/>
    <nd ref="2584490523"/>
    <nd ref="2584490529"/>
    <nd ref="2584490517"/>
    <nd ref="2584490505"/>
    <nd ref="2584490497"/>
    <nd ref="2584490495"/>
    <nd ref="4431044455"/>
    <nd ref="4431044450"/>
    <nd ref="2584490462"/>
    <nd ref="11063195083"/>
    <nd ref="4431044449"/>
    <nd ref="11016369370"/>
    <nd ref="2584490432"/>
    <nd ref="2584490427"/>
    <nd ref="2584490421"/>
    <nd ref="2584490420"/>
    <nd ref="2584490426"/>
    <nd ref="2584490431"/>
    <nd ref="2584490442"/>
    <nd ref="11016369345"/>
    <nd ref="2584490446"/>
    <nd ref="11016369344"/>
    <nd ref="4431044451"/>
    <nd ref="4431044452"/>
    <nd ref="2584490477"/>
    <nd ref="2584490483"/>
    <nd ref="11016369343"/>
    <nd ref="2584490482"/>
    <nd ref="4431044454"/>
    <nd ref="2584490492"/>
    <nd ref="2584490494"/>
    <nd ref="2584490491"/>
    <nd ref="4431044456"/>
    <nd ref="2584490490"/>
    <tag k="highway" v="unclassified"/>
    <tag k="name" v="玉蘭農路"/>
  </way>
  <way id="252390669">
    <nd ref="2584490059"/>
    <nd ref="11021473145"/>
    <nd ref="2584490070"/>
    <nd ref="2584490089"/>
    <nd ref="2584490093"/>
    <nd ref="2584490094"/>
    <nd ref="2584490099"/>
    <nd ref="2584490098"/>
    <nd ref="2584490102"/>
    <nd ref="2584490134"/>
    <nd ref="2584490137"/>
    <nd ref="2584490146"/>
    <nd ref="2584490149"/>
    <nd ref="2584490174"/>
    <nd ref="2584490179"/>
    <nd ref="2584490189"/>
    <nd ref="2584490188"/>
    <nd ref="2584490185"/>
    <nd ref="2584490169"/>
    <nd ref="2584490163"/>
    <nd ref="2584490158"/>
    <nd ref="2584490152"/>
    <nd ref="11016432731"/>
    <nd ref="11016432730"/>
    <nd ref="11016432729"/>
    <nd ref="2584490153"/>
    <nd ref="2584490159"/>
    <nd ref="2584490160"/>
    <nd ref="2584490154"/>
    <nd ref="2584490145"/>
    <nd ref="11016432732"/>
    <nd ref="2584490140"/>
    <nd ref="11016432733"/>
    <nd ref="2584490124"/>
    <nd ref="2584490116"/>
    <nd ref="11016432734"/>
    <nd ref="2584490067"/>
    <nd ref="2584490019"/>
    <nd ref="11016432736"/>
    <nd ref="11016432735"/>
    <nd ref="2584490016"/>
    <nd ref="11016432737"/>
    <nd ref="2584490017"/>
    <nd ref="2584490013"/>
    <nd ref="2584490011"/>
    <nd ref="2584489988"/>
    <nd ref="2584489980"/>
    <nd ref="2584489977"/>
    <nd ref="2584489963"/>
    <nd ref="2584489924"/>
    <nd ref="2584489902"/>
    <nd ref="11016432738"/>
    <nd ref="11016432739"/>
    <nd ref="11016432740"/>
    <nd ref="11016432741"/>
    <nd ref="2584489880"/>
    <nd ref="11016432742"/>
    <nd ref="11016432743"/>
    <nd ref="11016432744"/>
    <nd ref="2584489871"/>
    <nd ref="2584489866"/>
    <nd ref="11016432745"/>
    <nd ref="2584489844"/>
    <nd ref="11016432762"/>
    <nd ref="11016432759"/>
    <nd ref="2584489839"/>
    <nd ref="2584489832"/>
    <nd ref="4297377402"/>
    <nd ref="2584489829"/>
    <nd ref="2584489822"/>
    <nd ref="2584489817"/>
    <nd ref="2584489815"/>
    <nd ref="2178262280"/>
    <tag k="highway" v="unclassified"/>
    <tag k="name" v="鹿場路"/>
  </way>
  <way id="252392699">
    <nd ref="2584490070"/>
    <nd ref="2584506001"/>
    <nd ref="11016432727"/>
    <nd ref="2584506002"/>
    <nd ref="11016432728"/>
    <nd ref="2584506003"/>
    <nd ref="2584506004"/>
    <nd ref="2584506005"/>
    <nd ref="2584506006"/>
    <nd ref="2584506007"/>
    <nd ref="11016432725"/>
    <nd ref="11016432726"/>
    <nd ref="2584506008"/>
    <nd ref="2584506009"/>
    <nd ref="11016432724"/>
    <nd ref="2584506010"/>
    <nd ref="2584506011"/>
    <nd ref="2584506012"/>
    <nd ref="2584506013"/>
    <nd ref="2584506014"/>
    <nd ref="2584506015"/>
    <nd ref="2584506016"/>
    <nd ref="2584506017"/>
    <nd ref="2584506018"/>
    <nd ref="2584506020"/>
    <tag k="highway" v="track"/>
  </way>
  <way id="252395568">
    <nd ref="2584525117"/>
    <nd ref="11016900305"/>
    <nd ref="2584525116"/>
    <nd ref="2584525115"/>
    <nd ref="2584525114"/>
    <nd ref="2584525110"/>
    <nd ref="2584525108"/>
    <nd ref="2584525107"/>
    <nd ref="2584525102"/>
    <nd ref="2584525092"/>
    <nd ref="2584525090"/>
    <nd ref="2584525089"/>
    <nd ref="2584525084"/>
    <nd ref="2584525083"/>
    <nd ref="300593472"/>
    <tag k="highway" v="unclassified"/>
  </way>
  <way id="252395569">
    <nd ref="300593474"/>
    <nd ref="2584525085"/>
    <nd ref="2584525086"/>
    <nd ref="2584525087"/>
    <nd ref="2584525088"/>
    <nd ref="2584525091"/>
    <nd ref="2584525094"/>
    <nd ref="2584525095"/>
    <nd ref="8704933856"/>
    <nd ref="11016894900"/>
    <nd ref="2584525097"/>
    <nd ref="11016894899"/>
    <nd ref="2584525105"/>
    <nd ref="2584525103"/>
    <nd ref="11016894901"/>
    <nd ref="11016894902"/>
    <nd ref="2584525104"/>
    <nd ref="11016894903"/>
    <nd ref="2584525106"/>
    <nd ref="8704933851"/>
    <nd ref="2584525109"/>
    <nd ref="2584525111"/>
    <nd ref="11016894904"/>
    <nd ref="2584525112"/>
    <nd ref="11019848351"/>
    <nd ref="2584525113"/>
    <nd ref="11019783773"/>
    <nd ref="2584525117"/>
    <tag k="highway" v="unclassified"/>
  </way>
  <way id="252395570">
    <nd ref="2584525117"/>
    <nd ref="11016900306"/>
    <nd ref="11016900307"/>
    <nd ref="7466194163"/>
    <nd ref="2584525118"/>
    <nd ref="2584525119"/>
    <nd ref="2584525120"/>
    <nd ref="2584525121"/>
    <nd ref="2584525122"/>
    <nd ref="2584525123"/>
    <nd ref="8699855378"/>
    <nd ref="2584525124"/>
    <nd ref="2584525125"/>
    <nd ref="2584525126"/>
    <nd ref="2584525127"/>
    <nd ref="2584525128"/>
    <nd ref="2584525130"/>
    <nd ref="2584525133"/>
    <nd ref="2584525132"/>
    <nd ref="2584525129"/>
    <nd ref="2584525131"/>
    <nd ref="2584525144"/>
    <nd ref="2584525146"/>
    <nd ref="2584525147"/>
    <nd ref="2584525150"/>
    <nd ref="2584525149"/>
    <nd ref="11016900312"/>
    <nd ref="2584525148"/>
    <nd ref="2584525145"/>
    <nd ref="2584525141"/>
    <nd ref="4430851583"/>
    <nd ref="2584525140"/>
    <nd ref="2584525138"/>
    <nd ref="2584525137"/>
    <nd ref="2584525135"/>
    <nd ref="11016900313"/>
    <nd ref="2584525134"/>
    <nd ref="2584525136"/>
    <nd ref="2584525139"/>
    <nd ref="2584525142"/>
    <nd ref="2584525143"/>
    <nd ref="11076464980"/>
    <nd ref="2584525151"/>
    <nd ref="2584525152"/>
    <nd ref="2584525153"/>
    <nd ref="2584525154"/>
    <nd ref="2584525155"/>
    <nd ref="2584525156"/>
    <nd ref="2584525157"/>
    <nd ref="2584525158"/>
    <nd ref="2584525159"/>
    <nd ref="2584525160"/>
    <nd ref="2584525161"/>
    <nd ref="2584525162"/>
    <nd ref="2584525163"/>
    <nd ref="2584525164"/>
    <nd ref="2584525165"/>
    <nd ref="2584525166"/>
    <nd ref="2584525167"/>
    <nd ref="2584525168"/>
    <nd ref="2584525169"/>
    <nd ref="2584525170"/>
    <nd ref="2584525171"/>
    <nd ref="2584525172"/>
    <nd ref="2584525173"/>
    <nd ref="2584525174"/>
    <nd ref="2584525175"/>
    <nd ref="2584525186"/>
    <nd ref="4430741564"/>
    <nd ref="4430741565"/>
    <nd ref="2584525236"/>
    <nd ref="2584525241"/>
    <nd ref="2584525253"/>
    <nd ref="2584525264"/>
    <nd ref="2584525273"/>
    <nd ref="2584525274"/>
    <tag k="highway" v="unclassified"/>
    <tag k="name" v="泰雅路二段88巷"/>
    <tag k="ref" v="農宜同5"/>
  </way>
  <way id="279054918">
    <nd ref="412685656"/>
    <nd ref="2833162123"/>
    <nd ref="9073737923"/>
    <nd ref="4430931993"/>
    <nd ref="7760318592"/>
    <tag k="highway" v="residential"/>
    <tag k="name" v="福山街"/>
  </way>
  <way id="279059590">
    <nd ref="987453204"/>
    <nd ref="987453205"/>
    <nd ref="11017263816"/>
    <nd ref="11017263817"/>
    <nd ref="11017263818"/>
    <nd ref="11017263819"/>
    <nd ref="987453206"/>
    <nd ref="11017263820"/>
    <nd ref="11017263821"/>
    <nd ref="994358097"/>
    <nd ref="994358098"/>
    <nd ref="987453208"/>
    <nd ref="994358102"/>
    <nd ref="11017263822"/>
    <nd ref="11017263823"/>
    <nd ref="11017263824"/>
    <nd ref="11017263825"/>
    <nd ref="2178261753"/>
    <nd ref="994358101"/>
    <nd ref="994358099"/>
    <nd ref="987453203"/>
    <nd ref="4312164000"/>
    <nd ref="3110887782"/>
    <nd ref="4312164001"/>
    <nd ref="3110887784"/>
    <nd ref="11033346785"/>
    <nd ref="3110887785"/>
    <nd ref="11033379511"/>
    <nd ref="3110887786"/>
    <nd ref="11033346775"/>
    <nd ref="11033346768"/>
    <nd ref="987453197"/>
    <tag k="cycleway" v="lane"/>
    <tag k="highway" v="residential"/>
    <tag k="ref:en" v="Provincial Highway 7C"/>
    <tag k="ref:zh" v="台7丙線"/>
  </way>
  <way id="297890215">
    <nd ref="2584473033"/>
    <nd ref="12753543880"/>
    <nd ref="3017901211"/>
    <tag k="highway" v="service"/>
  </way>
  <way id="297890216">
    <nd ref="2584473026"/>
    <nd ref="3017901208"/>
    <nd ref="3017901209"/>
    <nd ref="3017901210"/>
    <nd ref="4458292941"/>
    <nd ref="3017901211"/>
    <nd ref="12753543877"/>
    <nd ref="12753543873"/>
    <nd ref="12753543870"/>
    <nd ref="3017901214"/>
    <nd ref="11004356652"/>
    <nd ref="4458292946"/>
    <nd ref="11409705045"/>
    <nd ref="3017901216"/>
    <nd ref="3017901217"/>
    <nd ref="4875011371"/>
    <tag k="highway" v="unclassified"/>
    <tag k="name" v="朝陽巷"/>
  </way>
  <way id="297892869">
    <nd ref="11004356675"/>
    <nd ref="8418291684"/>
    <nd ref="3017942636"/>
    <nd ref="3017942637"/>
    <nd ref="3017942638"/>
    <nd ref="11009651483"/>
    <tag k="highway" v="residential"/>
  </way>
  <way id="297892870">
    <nd ref="8418291682"/>
    <nd ref="11004356675"/>
    <nd ref="2584473039"/>
    <nd ref="8418291681"/>
    <nd ref="2584473040"/>
    <nd ref="8418291680"/>
    <nd ref="300593543"/>
    <nd ref="11004356672"/>
    <nd ref="2584473042"/>
    <nd ref="300593544"/>
    <nd ref="11004356671"/>
    <nd ref="2584473043"/>
    <nd ref="11004356670"/>
    <nd ref="300593545"/>
    <nd ref="2584473047"/>
    <nd ref="2584473048"/>
    <nd ref="300593546"/>
    <nd ref="11004356669"/>
    <nd ref="300593548"/>
    <nd ref="4399031920"/>
    <nd ref="11004356668"/>
    <nd ref="300593549"/>
    <nd ref="11004356667"/>
    <nd ref="300593550"/>
    <nd ref="8418291715"/>
    <nd ref="8418291716"/>
    <nd ref="2584473053"/>
    <nd ref="8418301217"/>
    <nd ref="300593551"/>
    <nd ref="2584473054"/>
    <nd ref="2178261857"/>
    <nd ref="8418301222"/>
    <nd ref="2178261900"/>
    <nd ref="300593552"/>
    <nd ref="11004356676"/>
    <nd ref="2178261933"/>
    <nd ref="8418301221"/>
    <nd ref="8418301218"/>
    <nd ref="2178261986"/>
    <nd ref="4399031923"/>
    <nd ref="11004356677"/>
    <nd ref="4399031922"/>
    <nd ref="300593555"/>
    <nd ref="8418301220"/>
    <nd ref="11004356678"/>
    <nd ref="2178261991"/>
    <nd ref="8418301219"/>
    <nd ref="11004356679"/>
    <nd ref="11004356680"/>
    <nd ref="8418301232"/>
    <nd ref="2178261994"/>
    <nd ref="11004356681"/>
    <nd ref="300593556"/>
    <nd ref="300593557"/>
    <nd ref="2178262000"/>
    <nd ref="11004356682"/>
    <nd ref="2584473058"/>
    <nd ref="2178262031"/>
    <nd ref="11004356683"/>
    <nd ref="11004356684"/>
    <nd ref="2178262003"/>
    <nd ref="2178262032"/>
    <nd ref="11004356685"/>
    <nd ref="300593568"/>
    <nd ref="8418301228"/>
    <nd ref="8418301229"/>
    <nd ref="8418301230"/>
    <nd ref="2178262081"/>
    <nd ref="4399031924"/>
    <nd ref="2584473063"/>
    <nd ref="5108904433"/>
    <nd ref="2584473065"/>
    <nd ref="300593571"/>
    <nd ref="2178262135"/>
    <nd ref="11004356686"/>
    <nd ref="11004356689"/>
    <nd ref="2584473066"/>
    <tag k="highway" v="primary"/>
    <tag k="maxspeed" v="50"/>
    <tag k="name" v="員山路三段"/>
    <tag k="name:en" v="Section 3, Yuanshan Road"/>
    <tag k="name:nan" v="Îⁿ-soaⁿ-lō͘ 3-tōaⁿ"/>
    <tag k="name:nan-Hant" v="員山路三段"/>
    <tag k="name:nan-Latn-pehoeji" v="Îⁿ-soaⁿ-lō͘ 3-tōaⁿ"/>
    <tag k="name:nan-Latn-tailo" v="ÎNN-suann-lōo 3-tuānn"/>
    <tag k="name:zh" v="員山路三段"/>
    <tag k="ref" v="7"/>
    <tag k="ref:en" v="Provincial Highway 7"/>
    <tag k="ref:zh" v="台7線"/>
  </way>
  <way id="297892871">
    <nd ref="8418291683"/>
    <nd ref="8418291682"/>
    <tag k="bridge" v="yes"/>
    <tag k="highway" v="primary"/>
    <tag k="layer" v="1"/>
    <tag k="maxspeed" v="50"/>
    <tag k="name" v="崙埤一號橋"/>
    <tag k="name:en" v="Lunpi No.1 Bridge"/>
    <tag k="name:nan" v="Lūn-pi 1-hō-kiô"/>
    <tag k="name:nan-Hant" v="崙埤一號橋"/>
    <tag k="name:nan-Latn-pehoeji" v="Lūn-pi 1-hō-kiô"/>
    <tag k="name:nan-Latn-tailo" v="Lūn-pi 1-hō-kiô"/>
    <tag k="name:zh" v="崙埤一號橋"/>
    <tag k="ref" v="7"/>
    <tag k="ref:en" v="Provincial Highway 7"/>
    <tag k="ref:zh" v="台7線"/>
  </way>
  <way id="299766894">
    <nd ref="300593475"/>
    <nd ref="3038304030"/>
    <nd ref="3038304635"/>
    <nd ref="3038304644"/>
    <nd ref="3038304651"/>
    <tag k="highway" v="residential"/>
  </way>
  <way id="299766895">
    <nd ref="3038304634"/>
    <nd ref="3038304636"/>
    <nd ref="3038304637"/>
    <nd ref="3038304639"/>
    <nd ref="3038304640"/>
    <nd ref="3038304643"/>
    <nd ref="11016894898"/>
    <nd ref="2584525105"/>
    <tag k="highway" v="residential"/>
  </way>
  <way id="299766896">
    <nd ref="3038304651"/>
    <nd ref="3038304652"/>
    <nd ref="8418291703"/>
    <nd ref="8418291704"/>
    <nd ref="8418291705"/>
    <nd ref="3038304653"/>
    <nd ref="8418291706"/>
    <nd ref="3038304650"/>
    <nd ref="3038304648"/>
    <nd ref="3038304646"/>
    <nd ref="3038304031"/>
    <nd ref="3038304633"/>
    <nd ref="3038304634"/>
    <tag k="highway" v="residential"/>
    <tag k="name" v="松羅中巷"/>
  </way>
  <way id="299766897">
    <nd ref="2178262229"/>
    <nd ref="8704933864"/>
    <nd ref="3038304025"/>
    <nd ref="8704933863"/>
    <nd ref="3038304028"/>
    <nd ref="3038304031"/>
    <tag k="highway" v="residential"/>
    <tag k="name" v="松羅東巷"/>
  </way>
  <way id="299766898">
    <nd ref="3038304028"/>
    <nd ref="3038304642"/>
    <nd ref="3038304645"/>
    <nd ref="3038304647"/>
    <nd ref="3038304651"/>
    <tag k="highway" v="residential"/>
    <tag k="name" v="松羅東巷"/>
  </way>
  <way id="299766899">
    <nd ref="3038304634"/>
    <nd ref="8418291710"/>
    <nd ref="3038304641"/>
    <nd ref="3038304649"/>
    <nd ref="8418291709"/>
    <nd ref="3038304654"/>
    <nd ref="8418291707"/>
    <nd ref="3038304655"/>
    <nd ref="3038304657"/>
    <nd ref="8418291708"/>
    <nd ref="3038304658"/>
    <nd ref="3038304656"/>
    <tag k="highway" v="residential"/>
    <tag k="name" v="松羅西巷"/>
  </way>
  <way id="299768504">
    <nd ref="2584473002"/>
    <nd ref="3038317108"/>
    <nd ref="3038317106"/>
    <nd ref="3038317107"/>
    <nd ref="3038317109"/>
    <nd ref="11019990684"/>
    <nd ref="3038317110"/>
    <nd ref="3038317111"/>
    <tag k="highway" v="residential"/>
  </way>
  <way id="302089885">
    <nd ref="4430995706"/>
    <nd ref="3707841814"/>
    <nd ref="8692699073"/>
    <nd ref="3707841911"/>
    <nd ref="3707841956"/>
    <nd ref="3707841991"/>
    <nd ref="3707842146"/>
    <nd ref="10019949236"/>
    <nd ref="3707842196"/>
    <nd ref="3707842238"/>
    <nd ref="3707842240"/>
    <nd ref="11005117962"/>
    <nd ref="4430939167"/>
    <nd ref="3707842242"/>
    <nd ref="4430939175"/>
    <nd ref="3707842282"/>
    <nd ref="3707842291"/>
    <nd ref="4430939233"/>
    <nd ref="4430939241"/>
    <nd ref="3063279033"/>
    <nd ref="3063279035"/>
    <nd ref="3707842379"/>
    <nd ref="3707842381"/>
    <nd ref="3063279037"/>
    <nd ref="10293649986"/>
    <nd ref="3707842407"/>
    <nd ref="3063279051"/>
    <nd ref="3063279052"/>
    <nd ref="11005117959"/>
    <nd ref="3063279053"/>
    <nd ref="4430939414"/>
    <nd ref="3063279054"/>
    <nd ref="4430939416"/>
    <nd ref="11005218107"/>
    <nd ref="3063279055"/>
    <nd ref="11005218106"/>
    <nd ref="11005213702"/>
    <nd ref="3063279056"/>
    <tag k="highway" v="residential"/>
    <tag k="name" v="雙和三路"/>
  </way>
  <way id="302089886">
    <nd ref="3063279044"/>
    <nd ref="3063279047"/>
    <nd ref="3063279046"/>
    <nd ref="3063279048"/>
    <nd ref="3063279050"/>
    <nd ref="3063279049"/>
    <nd ref="3063279051"/>
    <tag k="highway" v="residential"/>
    <tag k="name" v="人和十二路"/>
  </way>
  <way id="305737043">
    <nd ref="11016900461"/>
    <nd ref="4446632378"/>
    <nd ref="3104018247"/>
    <nd ref="11016900460"/>
    <nd ref="300593385"/>
    <tag k="highway" v="primary_link"/>
    <tag k="oneway" v="yes"/>
  </way>
  <way id="306100218">
    <nd ref="3109152702"/>
    <nd ref="3109152701"/>
    <nd ref="3109152700"/>
    <nd ref="11028849579"/>
    <nd ref="3109152699"/>
    <nd ref="3109152698"/>
    <nd ref="3109152697"/>
    <nd ref="3109152696"/>
    <nd ref="3109152695"/>
    <nd ref="3109152694"/>
    <nd ref="3109152693"/>
    <nd ref="3109152692"/>
    <nd ref="3109152691"/>
    <nd ref="3109152685"/>
    <nd ref="3109152684"/>
    <nd ref="3109152683"/>
    <nd ref="11028548687"/>
    <nd ref="3109152682"/>
    <nd ref="11028548686"/>
    <nd ref="3109152681"/>
    <nd ref="3109152680"/>
    <nd ref="3109152679"/>
    <nd ref="4430929983"/>
    <nd ref="3109152677"/>
    <nd ref="3109152676"/>
    <nd ref="3109152675"/>
    <nd ref="3109152673"/>
    <nd ref="3109152674"/>
    <nd ref="3109152678"/>
    <nd ref="11028548683"/>
    <nd ref="11028548684"/>
    <nd ref="11028548685"/>
    <tag k="highway" v="residential"/>
  </way>
  <way id="306100221">
    <nd ref="3109149547"/>
    <nd ref="3109152686"/>
    <nd ref="3109152688"/>
    <nd ref="3109152694"/>
    <tag k="highway" v="residential"/>
    <tag k="oneway" v="yes"/>
  </way>
  <way id="306100223">
    <nd ref="3109152695"/>
    <nd ref="3109152690"/>
    <nd ref="3109152689"/>
    <nd ref="3109152687"/>
    <nd ref="3109149547"/>
    <tag k="highway" v="residential"/>
    <tag k="oneway" v="yes"/>
  </way>
  <way id="306101231">
    <nd ref="2946927194"/>
    <nd ref="3109149550"/>
    <tag k="highway" v="unclassified"/>
    <tag k="oneway" v="no"/>
    <tag k="surface" v="asphalt"/>
  </way>
  <way id="314945150">
    <nd ref="2584490186"/>
    <nd ref="3210187554"/>
    <nd ref="3210187555"/>
    <nd ref="3210187557"/>
    <nd ref="4431044429"/>
    <nd ref="3210187556"/>
    <nd ref="11016369432"/>
    <nd ref="11016369433"/>
    <nd ref="11016369434"/>
    <nd ref="11016369435"/>
    <nd ref="4431044428"/>
    <nd ref="11016369453"/>
    <nd ref="3210187558"/>
    <nd ref="11016369452"/>
    <nd ref="11016369436"/>
    <nd ref="11016369437"/>
    <nd ref="11016369451"/>
    <nd ref="3210187559"/>
    <nd ref="3210187560"/>
    <nd ref="3210187561"/>
    <nd ref="3210187562"/>
    <nd ref="11016369438"/>
    <nd ref="11016369439"/>
    <nd ref="11016369440"/>
    <nd ref="11016369441"/>
    <nd ref="11016369442"/>
    <nd ref="11016369443"/>
    <tag k="highway" v="service"/>
  </way>
  <way id="314945156">
    <nd ref="3210187566"/>
    <nd ref="11017366455"/>
    <nd ref="3210187565"/>
    <tag k="highway" v="service"/>
  </way>
  <way id="314945162">
    <nd ref="2584489923"/>
    <nd ref="3210187508"/>
    <nd ref="11016432776"/>
    <nd ref="11016432777"/>
    <nd ref="3210187527"/>
    <nd ref="11016432778"/>
    <nd ref="3210187528"/>
    <nd ref="11016432779"/>
    <nd ref="3210187531"/>
    <nd ref="11016432780"/>
    <nd ref="3210187532"/>
    <nd ref="11016432781"/>
    <nd ref="3210187538"/>
    <nd ref="3210187547"/>
    <nd ref="11016432782"/>
    <nd ref="11016432783"/>
    <nd ref="3210187549"/>
    <nd ref="11016432784"/>
    <nd ref="11016432785"/>
    <nd ref="11016432786"/>
    <nd ref="11016432787"/>
    <nd ref="11016432788"/>
    <nd ref="3210187541"/>
    <nd ref="3210187543"/>
    <nd ref="3210187545"/>
    <nd ref="11016432789"/>
    <nd ref="3210187544"/>
    <nd ref="3210187537"/>
    <nd ref="3210187513"/>
    <nd ref="11016432790"/>
    <nd ref="11016432791"/>
    <nd ref="11016432792"/>
    <nd ref="11016432793"/>
    <nd ref="3210187509"/>
    <nd ref="11016432794"/>
    <nd ref="3210187510"/>
    <nd ref="11016432795"/>
    <nd ref="11016432796"/>
    <nd ref="11016432797"/>
    <nd ref="3210187502"/>
    <nd ref="3210187505"/>
    <nd ref="3210187507"/>
    <nd ref="11016894824"/>
    <nd ref="11016894825"/>
    <nd ref="11016894826"/>
    <nd ref="11016894827"/>
    <nd ref="3210187512"/>
    <nd ref="3210187515"/>
    <nd ref="11016894828"/>
    <nd ref="11016894829"/>
    <nd ref="11016894831"/>
    <nd ref="11016894830"/>
    <nd ref="11016894832"/>
    <nd ref="3210187517"/>
    <nd ref="11016894834"/>
    <nd ref="11016894833"/>
    <nd ref="3210187524"/>
    <nd ref="11016894835"/>
    <nd ref="11016894836"/>
    <nd ref="3210187526"/>
    <nd ref="11016894837"/>
    <nd ref="11016894838"/>
    <nd ref="11016894846"/>
    <nd ref="3210187523"/>
    <nd ref="3210187525"/>
    <nd ref="11016894847"/>
    <nd ref="11016894848"/>
    <nd ref="3210187533"/>
    <nd ref="11016894849"/>
    <nd ref="11016894850"/>
    <nd ref="3210187540"/>
    <nd ref="3210187546"/>
    <nd ref="11016894851"/>
    <nd ref="11016894852"/>
    <nd ref="3210187550"/>
    <nd ref="11016894853"/>
    <nd ref="11016894854"/>
    <nd ref="11016894856"/>
    <nd ref="11016894855"/>
    <nd ref="3210187553"/>
    <nd ref="11016894857"/>
    <nd ref="11016894858"/>
    <nd ref="11016894859"/>
    <nd ref="3210187552"/>
    <nd ref="11016894860"/>
    <nd ref="11016894861"/>
    <nd ref="11016894862"/>
    <nd ref="3210187551"/>
    <nd ref="11016894863"/>
    <nd ref="3210187548"/>
    <nd ref="11016894864"/>
    <nd ref="11016894865"/>
    <nd ref="11016894866"/>
    <nd ref="3210187542"/>
    <nd ref="11016894867"/>
    <nd ref="11016894868"/>
    <nd ref="11016894869"/>
    <nd ref="11016894870"/>
    <nd ref="3210187539"/>
    <nd ref="4431005246"/>
    <nd ref="11016894871"/>
    <nd ref="11016894872"/>
    <nd ref="3210187530"/>
    <nd ref="3210187522"/>
    <nd ref="11016894873"/>
    <nd ref="11016894874"/>
    <nd ref="11016894875"/>
    <nd ref="11016894876"/>
    <nd ref="11016894877"/>
    <nd ref="11016894878"/>
    <nd ref="11016894879"/>
    <nd ref="3210187514"/>
    <nd ref="3210187520"/>
    <nd ref="11016894880"/>
    <nd ref="11016894881"/>
    <nd ref="11016894882"/>
    <nd ref="11016894883"/>
    <nd ref="3210187534"/>
    <nd ref="11016894884"/>
    <nd ref="11016894885"/>
    <nd ref="11021474299"/>
    <nd ref="3210187536"/>
    <nd ref="11016894886"/>
    <nd ref="11016894887"/>
    <nd ref="11016894888"/>
    <nd ref="11021474297"/>
    <nd ref="11016894889"/>
    <nd ref="3210187535"/>
    <nd ref="11016894890"/>
    <nd ref="3210187529"/>
    <nd ref="11016894891"/>
    <nd ref="11016894892"/>
    <nd ref="11016894893"/>
    <nd ref="3210187518"/>
    <nd ref="8418291643"/>
    <nd ref="8418291644"/>
    <nd ref="3210187516"/>
    <nd ref="8418291645"/>
    <nd ref="3210187521"/>
    <nd ref="8418291647"/>
    <nd ref="11016894894"/>
    <nd ref="8418291646"/>
    <nd ref="8418291648"/>
    <nd ref="3210187519"/>
    <nd ref="11016894895"/>
    <nd ref="8418291649"/>
    <nd ref="3210187511"/>
    <nd ref="8418291650"/>
    <nd ref="3210187506"/>
    <nd ref="8418291651"/>
    <nd ref="3210187504"/>
    <nd ref="8418291654"/>
    <nd ref="3210187501"/>
    <nd ref="8418291653"/>
    <nd ref="8418291652"/>
    <nd ref="3210187500"/>
    <nd ref="11016894896"/>
    <nd ref="3210187503"/>
    <nd ref="300593508"/>
    <tag k="highway" v="unclassified"/>
  </way>
  <way id="314945174">
    <nd ref="3210187570"/>
    <nd ref="3210187571"/>
    <nd ref="11016369404"/>
    <nd ref="11016369405"/>
    <nd ref="11016369406"/>
    <nd ref="3210187572"/>
    <nd ref="3210187569"/>
    <nd ref="11017359889"/>
    <nd ref="11016369407"/>
    <nd ref="11016369408"/>
    <nd ref="11016369409"/>
    <nd ref="3210187568"/>
    <nd ref="11016369410"/>
    <nd ref="3210187567"/>
    <nd ref="3210187566"/>
    <nd ref="11017366476"/>
    <nd ref="3210187563"/>
    <nd ref="3210187564"/>
    <nd ref="11016369411"/>
    <nd ref="11016369412"/>
    <tag k="highway" v="service"/>
  </way>
  <way id="316353332">
    <nd ref="3224620189"/>
    <nd ref="3224620190"/>
    <nd ref="5273751958"/>
    <nd ref="3224620192"/>
    <nd ref="3224620193"/>
    <nd ref="3224620194"/>
    <nd ref="3224620195"/>
    <nd ref="3224620196"/>
    <nd ref="3224620197"/>
    <nd ref="3224618659"/>
    <tag k="highway" v="service"/>
    <tag k="service" v="alley"/>
  </way>
  <way id="327529162">
    <nd ref="300593526"/>
    <nd ref="8418291678"/>
    <nd ref="4566091287"/>
    <nd ref="2178261548"/>
    <nd ref="300593529"/>
    <nd ref="11009348277"/>
    <nd ref="2178261786"/>
    <nd ref="2178261797"/>
    <nd ref="300593532"/>
    <nd ref="11009348278"/>
    <nd ref="11009348279"/>
    <nd ref="11009348280"/>
    <nd ref="2178261822"/>
    <nd ref="11009348281"/>
    <nd ref="2178261826"/>
    <nd ref="2178261834"/>
    <nd ref="11009348282"/>
    <nd ref="11009348283"/>
    <nd ref="300593535"/>
    <nd ref="11009348284"/>
    <nd ref="11009348285"/>
    <nd ref="300593536"/>
    <nd ref="11009348286"/>
    <nd ref="2178261846"/>
    <nd ref="11009348287"/>
    <nd ref="2584473019"/>
    <nd ref="11009348288"/>
    <nd ref="300593537"/>
    <nd ref="11009348289"/>
    <nd ref="11009348290"/>
    <nd ref="300593539"/>
    <nd ref="2584473026"/>
    <tag k="highway" v="primary"/>
    <tag k="maxspeed" v="50"/>
    <tag k="name" v="泰雅路一段"/>
    <tag k="name:en" v="Section 1, Taiya Road"/>
    <tag k="name:nan" v="Thài-ngá-lō͘ 1-tōaⁿ"/>
    <tag k="name:nan-Hant" v="泰雅路一段"/>
    <tag k="name:nan-Latn-pehoeji" v="Thài-ngá-lō͘ 1-tōaⁿ"/>
    <tag k="name:nan-Latn-tailo" v="Thài-ngá-lōo 1-tuānn"/>
    <tag k="name:zh" v="泰雅路一段"/>
    <tag k="ref" v="7"/>
    <tag k="ref:en" v="Provincial Highway 7"/>
    <tag k="ref:zh" v="台7線"/>
  </way>
  <way id="327529163">
    <nd ref="1984505638"/>
    <nd ref="300593385"/>
    <nd ref="300593399"/>
    <nd ref="11016900456"/>
    <nd ref="300593386"/>
    <nd ref="11019651827"/>
    <nd ref="11016900455"/>
    <nd ref="2178261566"/>
    <nd ref="300593387"/>
    <nd ref="11016900454"/>
    <nd ref="2178261556"/>
    <nd ref="11016900453"/>
    <nd ref="2178261558"/>
    <nd ref="11016900452"/>
    <nd ref="300593388"/>
    <nd ref="11016900451"/>
    <nd ref="4430851577"/>
    <nd ref="2178261552"/>
    <nd ref="300593433"/>
    <nd ref="2178261596"/>
    <nd ref="2178261612"/>
    <nd ref="2178261589"/>
    <nd ref="11016900450"/>
    <nd ref="300593415"/>
    <nd ref="2178261604"/>
    <nd ref="2178261614"/>
    <nd ref="2178261610"/>
    <nd ref="11016900449"/>
    <nd ref="4430851578"/>
    <nd ref="11016900448"/>
    <nd ref="2178261628"/>
    <nd ref="2178261638"/>
    <nd ref="300593447"/>
    <nd ref="11016900447"/>
    <nd ref="2178261636"/>
    <nd ref="4430851579"/>
    <nd ref="4430851581"/>
    <nd ref="11016900446"/>
    <nd ref="2178261630"/>
    <nd ref="4430851580"/>
    <nd ref="2178261632"/>
    <nd ref="300593448"/>
    <nd ref="300593449"/>
    <nd ref="11016900445"/>
    <nd ref="4430851582"/>
    <nd ref="300593450"/>
    <nd ref="11016900444"/>
    <nd ref="11016900443"/>
    <nd ref="300593460"/>
    <nd ref="2178261643"/>
    <nd ref="300593461"/>
    <nd ref="4430888867"/>
    <nd ref="2178261652"/>
    <nd ref="11016900442"/>
    <nd ref="2178261641"/>
    <nd ref="2178261656"/>
    <nd ref="11016900441"/>
    <nd ref="300593462"/>
    <nd ref="11016900440"/>
    <nd ref="2178262209"/>
    <nd ref="2178262165"/>
    <nd ref="2178262184"/>
    <nd ref="11016900320"/>
    <nd ref="300593463"/>
    <nd ref="11016900319"/>
    <nd ref="11016900318"/>
    <nd ref="300593465"/>
    <nd ref="2178262196"/>
    <nd ref="300593466"/>
    <nd ref="11016900314"/>
    <nd ref="2178262226"/>
    <nd ref="300593467"/>
    <nd ref="3104018248"/>
    <nd ref="2178262198"/>
    <nd ref="3104018249"/>
    <nd ref="2178262190"/>
    <nd ref="3104018250"/>
    <nd ref="300593470"/>
    <nd ref="3104018251"/>
    <nd ref="2178262187"/>
    <nd ref="8704933859"/>
    <nd ref="3104018252"/>
    <nd ref="300593471"/>
    <nd ref="3104018253"/>
    <tag k="highway" v="primary"/>
    <tag k="maxspeed" v="50"/>
    <tag k="name" v="泰雅路二段"/>
    <tag k="name:en" v="Section 2, Taiya Road"/>
    <tag k="name:nan" v="Thài-ngá-lō͘ 2-tōaⁿ"/>
    <tag k="name:nan-Hant" v="泰雅路二段"/>
    <tag k="name:nan-Latn-pehoeji" v="Thài-ngá-lō͘ 2-tōaⁿ"/>
    <tag k="name:nan-Latn-tailo" v="Thài-ngá-lōo 2-tuānn"/>
    <tag k="name:zh" v="泰雅路二段"/>
    <tag k="ref" v="7"/>
    <tag k="ref:en" v="Provincial Highway 7"/>
    <tag k="ref:zh" v="台7線"/>
  </way>
  <way id="366806400">
    <nd ref="3707841778"/>
    <nd ref="4430995704"/>
    <nd ref="9500926499"/>
    <nd ref="3707841787"/>
    <nd ref="4430995708"/>
    <nd ref="4430995709"/>
    <nd ref="9500926498"/>
    <nd ref="4430995712"/>
    <nd ref="4430995714"/>
    <nd ref="3707841845"/>
    <nd ref="4430995717"/>
    <nd ref="4430995718"/>
    <nd ref="4430995722"/>
    <nd ref="4430995723"/>
    <nd ref="3707841899"/>
    <nd ref="3707841916"/>
    <nd ref="4430995730"/>
    <nd ref="4430995733"/>
    <nd ref="3707841944"/>
    <nd ref="11005328146"/>
    <nd ref="4430995734"/>
    <nd ref="11005328147"/>
    <nd ref="3707841951"/>
    <nd ref="11005328149"/>
    <nd ref="11005328148"/>
    <nd ref="4430995736"/>
    <nd ref="11005328151"/>
    <nd ref="3707841965"/>
    <nd ref="4430938183"/>
    <nd ref="4430938184"/>
    <nd ref="4430939089"/>
    <nd ref="4430939094"/>
    <nd ref="11005117965"/>
    <nd ref="3707842005"/>
    <nd ref="11005117967"/>
    <nd ref="4430939098"/>
    <nd ref="11005117966"/>
    <nd ref="4430939097"/>
    <nd ref="3707841998"/>
    <nd ref="4430939092"/>
    <nd ref="3707842002"/>
    <nd ref="4430939095"/>
    <nd ref="3707841982"/>
    <nd ref="4430938185"/>
    <nd ref="11750228679"/>
    <tag k="highway" v="residential"/>
    <tag k="name" v="東興路"/>
  </way>
  <way id="366806402">
    <nd ref="3707842165"/>
    <nd ref="9500942522"/>
    <nd ref="3707842145"/>
    <nd ref="9500942521"/>
    <nd ref="3707842141"/>
    <nd ref="4430972078"/>
    <nd ref="3707842132"/>
    <nd ref="4430972077"/>
    <nd ref="4430972075"/>
    <nd ref="3707842127"/>
    <nd ref="3707842129"/>
    <nd ref="4430972076"/>
    <nd ref="3707842023"/>
    <nd ref="4430939109"/>
    <nd ref="3707842020"/>
    <nd ref="3707842018"/>
    <nd ref="4430939104"/>
    <nd ref="4430939101"/>
    <nd ref="3707842003"/>
    <nd ref="11296587884"/>
    <nd ref="4430939090"/>
    <nd ref="3707841990"/>
    <nd ref="10019949231"/>
    <nd ref="4430938188"/>
    <nd ref="3707841991"/>
    <tag k="highway" v="residential"/>
    <tag k="ibe" v="bi"/>
    <tag k="name" v="雙和中路"/>
  </way>
  <way id="366806403">
    <nd ref="11840665249"/>
    <nd ref="3707841854"/>
    <nd ref="3707841947"/>
    <nd ref="3707842003"/>
    <nd ref="3707842158"/>
    <nd ref="3707842237"/>
    <nd ref="9064248604"/>
    <nd ref="3707842281"/>
    <nd ref="3707842332"/>
    <nd ref="3707842350"/>
    <nd ref="3707842360"/>
    <nd ref="10293679513"/>
    <nd ref="3707842392"/>
    <nd ref="10293649987"/>
    <nd ref="3707842404"/>
    <tag k="highway" v="service"/>
    <tag k="name" v="雙和二路"/>
    <tag k="smoothness" v="excellent"/>
    <tag k="surface" v="asphalt"/>
  </way>
  <way id="366806406">
    <nd ref="3707842282"/>
    <nd ref="3707842281"/>
    <nd ref="3707842269"/>
    <nd ref="4433722640"/>
    <nd ref="10293649982"/>
    <nd ref="4433722641"/>
    <nd ref="3707842275"/>
    <nd ref="10293649983"/>
    <nd ref="3707842279"/>
    <nd ref="3063277931"/>
    <nd ref="4430972129"/>
    <nd ref="3707842284"/>
    <nd ref="4430972130"/>
    <nd ref="3707842277"/>
    <nd ref="4430972128"/>
    <nd ref="3707842278"/>
    <nd ref="3707842274"/>
    <nd ref="3707842273"/>
    <nd ref="3707842261"/>
    <nd ref="2268453725"/>
    <tag k="highway" v="service"/>
    <tag k="name" v="人和五路"/>
  </way>
  <way id="366806412">
    <nd ref="3707841814"/>
    <nd ref="4430995713"/>
    <nd ref="10019940412"/>
    <nd ref="4430995716"/>
    <nd ref="10019940405"/>
    <nd ref="3707841837"/>
    <nd ref="3707841854"/>
    <nd ref="10019940392"/>
    <nd ref="10019949229"/>
    <nd ref="4430995720"/>
    <nd ref="3707841878"/>
    <nd ref="4430995721"/>
    <nd ref="4430995724"/>
    <nd ref="9501128197"/>
    <nd ref="4430995725"/>
    <nd ref="9501128196"/>
    <nd ref="3707841894"/>
    <nd ref="4430995727"/>
    <nd ref="3707841917"/>
    <nd ref="8318236524"/>
    <tag k="highway" v="service"/>
    <tag k="name" v="忠平二路"/>
  </way>
  <way id="366806414">
    <nd ref="988504616"/>
    <nd ref="3707842399"/>
    <nd ref="10293649995"/>
    <nd ref="10293649997"/>
    <nd ref="10293649994"/>
    <nd ref="3707842396"/>
    <nd ref="10293679532"/>
    <nd ref="10293679524"/>
    <nd ref="10293650004"/>
    <nd ref="3707842401"/>
    <nd ref="10293679529"/>
    <nd ref="10293679510"/>
    <nd ref="3707842403"/>
    <nd ref="3707842405"/>
    <tag k="frontage_road" v="yes"/>
    <tag k="highway" v="service"/>
    <tag k="lit" v="yes"/>
    <tag k="name" v="上將路七段"/>
    <tag k="oneway" v="yes"/>
    <tag k="postal_code" v="266001"/>
    <tag k="surface" v="asphalt"/>
  </way>
  <way id="366806418">
    <nd ref="3707842379"/>
    <nd ref="11005117961"/>
    <nd ref="11005117960"/>
    <nd ref="4430939389"/>
    <nd ref="3707842350"/>
    <tag k="highway" v="service"/>
  </way>
  <way id="366806430">
    <nd ref="3707841847"/>
    <nd ref="11005328138"/>
    <nd ref="11005328139"/>
    <nd ref="3707841900"/>
    <nd ref="11005328140"/>
    <nd ref="11005328141"/>
    <nd ref="3707841963"/>
    <nd ref="4430938187"/>
    <nd ref="4430939103"/>
    <nd ref="4430939106"/>
    <nd ref="3707842022"/>
    <nd ref="4430939108"/>
    <nd ref="11005328142"/>
    <nd ref="4430939110"/>
    <nd ref="4430939112"/>
    <nd ref="3707842024"/>
    <nd ref="4430939117"/>
    <nd ref="11005339892"/>
    <nd ref="3707842147"/>
    <nd ref="3707842172"/>
    <nd ref="4430939127"/>
    <nd ref="3707842177"/>
    <nd ref="11005207857"/>
    <nd ref="4430939132"/>
    <nd ref="4430939126"/>
    <nd ref="3707842171"/>
    <nd ref="11005118004"/>
    <nd ref="11005207858"/>
    <nd ref="4430939125"/>
    <nd ref="3707842170"/>
    <nd ref="4430939128"/>
    <nd ref="11005118003"/>
    <nd ref="3707842249"/>
    <nd ref="11005118002"/>
    <nd ref="4430939214"/>
    <nd ref="11005207839"/>
    <nd ref="4430939226"/>
    <nd ref="3707842293"/>
    <nd ref="3707842301"/>
    <nd ref="4430939237"/>
    <nd ref="4430939236"/>
    <nd ref="3707842300"/>
    <nd ref="4430939238"/>
    <nd ref="4430939240"/>
    <nd ref="4430939248"/>
    <nd ref="3707842324"/>
    <nd ref="4430939253"/>
    <nd ref="11005117996"/>
    <nd ref="3707842336"/>
    <nd ref="11005218246"/>
    <nd ref="11005218242"/>
    <nd ref="3707842341"/>
    <nd ref="11005117997"/>
    <nd ref="4430939264"/>
    <nd ref="4430939263"/>
    <nd ref="4430939260"/>
    <nd ref="4430939259"/>
    <nd ref="3707842339"/>
    <nd ref="4430939262"/>
    <nd ref="4430939267"/>
    <nd ref="11005117998"/>
    <nd ref="11005117999"/>
    <nd ref="11005218208"/>
    <nd ref="3707842363"/>
    <nd ref="11005218176"/>
    <nd ref="4430939276"/>
    <nd ref="4430939278"/>
    <nd ref="3707842365"/>
    <nd ref="4430939280"/>
    <nd ref="4430939283"/>
    <nd ref="11005118001"/>
    <nd ref="11005118000"/>
    <nd ref="4430939285"/>
    <nd ref="3707842370"/>
    <nd ref="11005218172"/>
    <tag k="highway" v="service"/>
  </way>
  <way id="366806433">
    <nd ref="3707841740"/>
    <nd ref="11840702002"/>
    <nd ref="4431033517"/>
    <nd ref="3707841707"/>
    <nd ref="4431033514"/>
    <nd ref="3707841696"/>
    <tag k="highway" v="residential"/>
  </way>
  <way id="366806442">
    <nd ref="3707841712"/>
    <nd ref="3707841758"/>
    <nd ref="4430995703"/>
    <nd ref="5017989238"/>
    <nd ref="11840665230"/>
    <tag k="highway" v="service"/>
  </way>
  <way id="366806452">
    <nd ref="3707841911"/>
    <nd ref="4430995729"/>
    <nd ref="4430995731"/>
    <nd ref="3707841947"/>
    <nd ref="4430995738"/>
    <nd ref="3707841986"/>
    <nd ref="4430995739"/>
    <nd ref="12630339087"/>
    <nd ref="3707842018"/>
    <tag k="highway" v="service"/>
    <tag k="name" v="忠平三路"/>
  </way>
  <way id="366806459">
    <nd ref="3707842146"/>
    <nd ref="10019949232"/>
    <nd ref="3707842135"/>
    <nd ref="3707842159"/>
    <nd ref="3707842158"/>
    <nd ref="4430939120"/>
    <nd ref="10019949238"/>
    <nd ref="3707842156"/>
    <tag k="highway" v="service"/>
    <tag k="name" v="人和一路"/>
  </way>
  <way id="366806470">
    <nd ref="3707842238"/>
    <nd ref="9064250194"/>
    <nd ref="3707842237"/>
    <nd ref="3707842235"/>
    <nd ref="10019949243"/>
    <nd ref="10019949240"/>
    <nd ref="3707842234"/>
    <nd ref="3707842233"/>
    <nd ref="4430972107"/>
    <nd ref="3707842231"/>
    <tag k="highway" v="service"/>
    <tag k="name" v="人和三路"/>
  </way>
  <way id="366806471">
    <nd ref="987453075"/>
    <nd ref="4431033506"/>
    <nd ref="4431033501"/>
    <nd ref="4431033498"/>
    <nd ref="3707841583"/>
    <nd ref="11006277044"/>
    <nd ref="4431031688"/>
    <nd ref="4431031684"/>
    <nd ref="3707841554"/>
    <nd ref="7760307481"/>
    <nd ref="4431031679"/>
    <nd ref="3707841540"/>
    <nd ref="11006708281"/>
    <nd ref="4431031675"/>
    <nd ref="4431031674"/>
    <tag k="highway" v="unclassified"/>
    <tag k="name" v="電力路"/>
  </way>
  <way id="366806483">
    <nd ref="3063279033"/>
    <nd ref="3707842332"/>
    <nd ref="3707842328"/>
    <nd ref="4430939251"/>
    <nd ref="3707842316"/>
    <nd ref="3707842317"/>
    <nd ref="4430939245"/>
    <nd ref="4430939246"/>
    <nd ref="3707842335"/>
    <nd ref="10019949246"/>
    <nd ref="3063277932"/>
    <nd ref="3707842326"/>
    <tag k="highway" v="service"/>
    <tag k="name" v="人和六路"/>
  </way>
  <way id="366806488">
    <nd ref="3707841675"/>
    <nd ref="4431033512"/>
    <nd ref="4431033511"/>
    <nd ref="3707841643"/>
    <nd ref="4431033510"/>
    <nd ref="3707841630"/>
    <nd ref="7760307444"/>
    <nd ref="7760307445"/>
    <tag k="highway" v="unclassified"/>
    <tag k="name" v="三星路八段1巷"/>
  </way>
  <way id="366806491">
    <nd ref="3063279037"/>
    <nd ref="10293679511"/>
    <nd ref="3707842392"/>
    <nd ref="10293679525"/>
    <nd ref="10293860762"/>
    <nd ref="10293650005"/>
    <nd ref="3707842390"/>
    <nd ref="4430972139"/>
    <nd ref="10293679519"/>
    <nd ref="10293649999"/>
    <nd ref="3707842388"/>
    <nd ref="10293679522"/>
    <nd ref="10293679530"/>
    <nd ref="10293649984"/>
    <nd ref="3707842386"/>
    <nd ref="10293679516"/>
    <nd ref="3707842391"/>
    <nd ref="988504616"/>
    <tag k="frontage_road" v="yes"/>
    <tag k="highway" v="service"/>
    <tag k="lit" v="yes"/>
    <tag k="name" v="上將路七段"/>
    <tag k="oneway" v="yes"/>
    <tag k="postal_code" v="266001"/>
    <tag k="surface" v="asphalt"/>
  </way>
  <way id="430464505">
    <nd ref="2584473014"/>
    <nd ref="4297377400"/>
    <nd ref="4297377401"/>
    <nd ref="9454720384"/>
    <nd ref="9454720385"/>
    <nd ref="9454720386"/>
    <nd ref="9454720387"/>
    <nd ref="9454720388"/>
    <nd ref="9454720389"/>
    <nd ref="9454720390"/>
    <nd ref="9454720391"/>
    <nd ref="9454720392"/>
    <nd ref="9454720393"/>
    <nd ref="9454720394"/>
    <nd ref="9454720395"/>
    <nd ref="2584489815"/>
    <tag k="highway" v="service"/>
  </way>
  <way id="430464506">
    <nd ref="2584473012"/>
    <nd ref="2584489829"/>
    <tag k="highway" v="service"/>
  </way>
  <way id="430464507">
    <nd ref="4297377402"/>
    <nd ref="4297377403"/>
    <nd ref="11016432763"/>
    <tag k="highway" v="service"/>
  </way>
  <way id="430464508">
    <nd ref="2584489844"/>
    <nd ref="11016432761"/>
    <nd ref="11016432760"/>
    <nd ref="11016432746"/>
    <nd ref="11016432747"/>
    <nd ref="11016432748"/>
    <nd ref="4297377404"/>
    <nd ref="4297377405"/>
    <nd ref="11016432751"/>
    <nd ref="11016432752"/>
    <nd ref="11016432753"/>
    <nd ref="4297377406"/>
    <nd ref="4297377407"/>
    <tag k="highway" v="service"/>
  </way>
  <way id="430464509">
    <nd ref="11016432754"/>
    <nd ref="11016432749"/>
    <tag k="bridge" v="yes"/>
    <tag k="highway" v="service"/>
    <tag k="layer" v="1"/>
  </way>
  <way id="430464510">
    <nd ref="11016432754"/>
    <nd ref="11016432756"/>
    <nd ref="11016432755"/>
    <nd ref="4297377408"/>
    <nd ref="4297377412"/>
    <nd ref="4297377410"/>
    <nd ref="4297377411"/>
    <nd ref="11016432757"/>
    <nd ref="11016432758"/>
    <tag k="highway" v="service"/>
  </way>
  <way id="430464511">
    <nd ref="9923564896"/>
    <nd ref="9923564895"/>
    <nd ref="2584489839"/>
    <tag k="highway" v="service"/>
  </way>
  <way id="432045969">
    <nd ref="3109149561"/>
    <nd ref="4312163666"/>
    <nd ref="4312163667"/>
    <nd ref="4312163668"/>
    <nd ref="4312163669"/>
    <nd ref="4312163670"/>
    <nd ref="4312163671"/>
    <nd ref="4312163672"/>
    <nd ref="4312163673"/>
    <nd ref="4312163674"/>
    <nd ref="4312163667"/>
    <tag k="highway" v="service"/>
  </way>
  <way id="432045970">
    <nd ref="4312163675"/>
    <nd ref="4312163676"/>
    <nd ref="4312163677"/>
    <nd ref="4430930225"/>
    <nd ref="994358081"/>
    <tag k="highway" v="service"/>
  </way>
  <way id="432045971">
    <nd ref="994358083"/>
    <nd ref="4430924431"/>
    <nd ref="4430924430"/>
    <nd ref="4312163678"/>
    <nd ref="11030525803"/>
    <nd ref="4312163679"/>
    <nd ref="4312163687"/>
    <nd ref="4312163680"/>
    <nd ref="11030525804"/>
    <nd ref="5017988987"/>
    <nd ref="11030611005"/>
    <nd ref="4312163681"/>
    <nd ref="4430924429"/>
    <nd ref="4312163682"/>
    <nd ref="4312163683"/>
    <nd ref="4312163684"/>
    <nd ref="4312163685"/>
    <nd ref="4312163686"/>
    <nd ref="987453168"/>
    <tag k="highway" v="service"/>
    <tag k="name" v="泰雅一路203巷"/>
  </way>
  <way id="432045972">
    <nd ref="4312163686"/>
    <nd ref="994358081"/>
    <tag k="highway" v="service"/>
  </way>
  <way id="432045973">
    <nd ref="5017989002"/>
    <nd ref="5017989001"/>
    <nd ref="5017989008"/>
    <nd ref="4312163687"/>
    <nd ref="4312163688"/>
    <nd ref="11030611006"/>
    <nd ref="4430924432"/>
    <nd ref="4430924433"/>
    <nd ref="3109149579"/>
    <tag k="highway" v="service"/>
  </way>
  <way id="432045974">
    <nd ref="4312163679"/>
    <nd ref="4312163789"/>
    <tag k="highway" v="service"/>
  </way>
  <way id="432045975">
    <nd ref="4312163790"/>
    <nd ref="5017988986"/>
    <nd ref="4312163791"/>
    <nd ref="4312163792"/>
    <nd ref="4312163680"/>
    <tag k="highway" v="service"/>
  </way>
  <way id="432045976">
    <nd ref="4312163796"/>
    <nd ref="4312163797"/>
    <nd ref="4312163798"/>
    <nd ref="4312163799"/>
    <nd ref="6673684116"/>
    <nd ref="6673684115"/>
    <nd ref="6673684114"/>
    <nd ref="6673684113"/>
    <nd ref="6673684112"/>
    <nd ref="6673684111"/>
    <nd ref="6673684110"/>
    <nd ref="6673684109"/>
    <nd ref="6673684108"/>
    <tag k="highway" v="service"/>
  </way>
  <way id="432045977">
    <nd ref="4312163800"/>
    <nd ref="8692345380"/>
    <nd ref="4312163801"/>
    <nd ref="4312163802"/>
    <nd ref="11028921805"/>
    <nd ref="4312163803"/>
    <nd ref="4312163804"/>
    <nd ref="4312163805"/>
    <nd ref="4312163806"/>
    <nd ref="4430930223"/>
    <nd ref="4312163807"/>
    <nd ref="4312163808"/>
    <nd ref="4430930224"/>
    <nd ref="4312163809"/>
    <nd ref="4312163810"/>
    <nd ref="11028921804"/>
    <nd ref="4312163811"/>
    <nd ref="4312163812"/>
    <nd ref="4312163813"/>
    <nd ref="4312163814"/>
    <nd ref="11028921806"/>
    <nd ref="4312163815"/>
    <nd ref="11028921815"/>
    <nd ref="4312163816"/>
    <nd ref="11028921816"/>
    <nd ref="11028921817"/>
    <nd ref="11028921818"/>
    <nd ref="11028921819"/>
    <nd ref="4312163843"/>
    <nd ref="8692345384"/>
    <tag k="highway" v="service"/>
    <tag k="name" v="三星路八段236巷"/>
  </way>
  <way id="432045978">
    <nd ref="4312163828"/>
    <nd ref="4312163907"/>
    <nd ref="11029941971"/>
    <nd ref="4312163829"/>
    <nd ref="4312163830"/>
    <nd ref="4312163906"/>
    <nd ref="11028921781"/>
    <nd ref="4312163831"/>
    <nd ref="4312163832"/>
    <nd ref="4312163833"/>
    <nd ref="11029844834"/>
    <nd ref="11029844833"/>
    <nd ref="4312163834"/>
    <nd ref="8692345400"/>
    <nd ref="11029844827"/>
    <nd ref="11029844828"/>
    <nd ref="4312163835"/>
    <nd ref="4312163836"/>
    <nd ref="11029844814"/>
    <nd ref="4312163837"/>
    <nd ref="11029844815"/>
    <nd ref="11029844819"/>
    <nd ref="4312163838"/>
    <nd ref="4312163839"/>
    <nd ref="11029942007"/>
    <nd ref="11028921798"/>
    <nd ref="11028921799"/>
    <nd ref="4430930227"/>
    <nd ref="4312163840"/>
    <nd ref="11028921803"/>
    <nd ref="4312163841"/>
    <nd ref="8692345386"/>
    <nd ref="8692345402"/>
    <tag k="highway" v="service"/>
    <tag k="name" v="三星路八段236巷"/>
  </way>
  <way id="432045986">
    <nd ref="994358092"/>
    <nd ref="11030752356"/>
    <nd ref="4312163988"/>
    <nd ref="11030752358"/>
    <nd ref="11030752357"/>
    <nd ref="4312163989"/>
    <nd ref="4312163990"/>
    <nd ref="11030752241"/>
    <nd ref="11030752242"/>
    <nd ref="4430924423"/>
    <nd ref="4312164032"/>
    <nd ref="4312163991"/>
    <nd ref="11030752243"/>
    <nd ref="4312163992"/>
    <nd ref="11030752244"/>
    <nd ref="4430924424"/>
    <nd ref="4312163993"/>
    <nd ref="4312163994"/>
    <nd ref="11033346725"/>
    <nd ref="4430924426"/>
    <nd ref="11033312751"/>
    <nd ref="11033312750"/>
    <nd ref="4312163995"/>
    <nd ref="4312163996"/>
    <nd ref="11033312749"/>
    <nd ref="11033312748"/>
    <nd ref="4312163997"/>
    <nd ref="11033346780"/>
    <nd ref="4312163998"/>
    <nd ref="11033312783"/>
    <nd ref="11033312782"/>
    <nd ref="6673684165"/>
    <nd ref="11033312781"/>
    <nd ref="4312163999"/>
    <nd ref="11033312780"/>
    <nd ref="11033312779"/>
    <nd ref="11033312778"/>
    <nd ref="4312164001"/>
    <tag k="highway" v="service"/>
  </way>
  <way id="432045987">
    <nd ref="4312163997"/>
    <nd ref="3110887785"/>
    <tag k="highway" v="service"/>
  </way>
  <way id="432045988">
    <nd ref="4312163999"/>
    <nd ref="11033312777"/>
    <nd ref="4312164085"/>
    <nd ref="11033312776"/>
    <nd ref="4312164002"/>
    <nd ref="4312164003"/>
    <nd ref="11033312766"/>
    <nd ref="4312164004"/>
    <nd ref="11033312767"/>
    <nd ref="11033312768"/>
    <nd ref="6673684166"/>
    <nd ref="11033312769"/>
    <nd ref="4312164005"/>
    <nd ref="11033312770"/>
    <nd ref="11033312771"/>
    <nd ref="6673684127"/>
    <nd ref="11033312802"/>
    <nd ref="4312164006"/>
    <nd ref="11033312804"/>
    <nd ref="11033312803"/>
    <nd ref="4312164007"/>
    <nd ref="10298039614"/>
    <nd ref="11033346708"/>
    <nd ref="11033346709"/>
    <nd ref="4312164008"/>
    <nd ref="11033346710"/>
    <nd ref="4312164009"/>
    <nd ref="4312164010"/>
    <nd ref="4312164011"/>
    <tag k="highway" v="service"/>
  </way>
  <way id="432045989">
    <nd ref="11033346720"/>
    <nd ref="11033346719"/>
    <nd ref="11033346718"/>
    <nd ref="11033346717"/>
    <nd ref="11033346716"/>
    <nd ref="11033346715"/>
    <nd ref="11033346714"/>
    <nd ref="4312164012"/>
    <nd ref="4312164013"/>
    <nd ref="4312164014"/>
    <nd ref="11033346713"/>
    <nd ref="11033346712"/>
    <nd ref="11033312799"/>
    <nd ref="4312164015"/>
    <nd ref="11033312800"/>
    <nd ref="11033312801"/>
    <nd ref="11033312798"/>
    <nd ref="11033312797"/>
    <nd ref="4312164016"/>
    <nd ref="11033312796"/>
    <nd ref="11033312794"/>
    <nd ref="4312164017"/>
    <nd ref="11033312795"/>
    <nd ref="11033312772"/>
    <nd ref="11033312773"/>
    <nd ref="4312164018"/>
    <nd ref="11033312774"/>
    <nd ref="11033312775"/>
    <nd ref="4312164019"/>
    <nd ref="4312164020"/>
    <nd ref="4312164021"/>
    <nd ref="4312164022"/>
    <nd ref="11033312747"/>
    <nd ref="4312164023"/>
    <nd ref="4312164024"/>
    <nd ref="11033312746"/>
    <nd ref="11033312745"/>
    <nd ref="11033312744"/>
    <nd ref="4312164025"/>
    <nd ref="11033312743"/>
    <nd ref="11033312742"/>
    <nd ref="11033312741"/>
    <nd ref="4312164026"/>
    <nd ref="4312164027"/>
    <nd ref="4312164028"/>
    <nd ref="4312164029"/>
    <nd ref="11030752250"/>
    <nd ref="11030752249"/>
    <nd ref="4312164030"/>
    <nd ref="4312164031"/>
    <tag k="highway" v="service"/>
  </way>
  <way id="432045990">
    <nd ref="11030752254"/>
    <nd ref="4312164031"/>
    <nd ref="4312164033"/>
    <nd ref="4312164034"/>
    <nd ref="10297999008"/>
    <nd ref="11030752256"/>
    <nd ref="11030752257"/>
    <nd ref="4430924413"/>
    <nd ref="4312164035"/>
    <nd ref="11030752264"/>
    <nd ref="4312164036"/>
    <nd ref="11030752268"/>
    <nd ref="11030752269"/>
    <nd ref="11030752270"/>
    <nd ref="4312164037"/>
    <nd ref="11030752271"/>
    <nd ref="11030752272"/>
    <nd ref="11030752273"/>
    <nd ref="4312164038"/>
    <nd ref="4312164039"/>
    <nd ref="11030752282"/>
    <nd ref="11030752283"/>
    <nd ref="11030752284"/>
    <nd ref="11030752285"/>
    <nd ref="11030752286"/>
    <tag k="highway" v="service"/>
  </way>
  <way id="432045991">
    <nd ref="4312164040"/>
    <nd ref="11030752274"/>
    <nd ref="4430924399"/>
    <nd ref="11030752275"/>
    <nd ref="4430924400"/>
    <nd ref="11030752276"/>
    <nd ref="11030752266"/>
    <nd ref="4430924401"/>
    <nd ref="11033238772"/>
    <nd ref="11030752267"/>
    <nd ref="4312164044"/>
    <nd ref="11030752262"/>
    <nd ref="11030752261"/>
    <nd ref="4312164045"/>
    <nd ref="4312164046"/>
    <nd ref="4312164047"/>
    <nd ref="4312164048"/>
    <nd ref="4430924422"/>
    <nd ref="11030752233"/>
    <nd ref="4312164049"/>
    <nd ref="4312164050"/>
    <nd ref="11030752354"/>
    <nd ref="4312164052"/>
    <nd ref="11030752355"/>
    <tag k="highway" v="service"/>
  </way>
  <way id="432045992">
    <nd ref="987453188"/>
    <nd ref="4312164053"/>
    <nd ref="4430924425"/>
    <nd ref="11030752235"/>
    <nd ref="4312164054"/>
    <nd ref="11030752234"/>
    <nd ref="4312164055"/>
    <nd ref="4430924418"/>
    <nd ref="4312164056"/>
    <nd ref="11032341932"/>
    <nd ref="11030752225"/>
    <tag k="highway" v="service"/>
  </way>
  <way id="432045993">
    <nd ref="4312164064"/>
    <nd ref="4312164065"/>
    <nd ref="4430924403"/>
    <nd ref="4430924404"/>
    <nd ref="11030752211"/>
    <nd ref="4312164066"/>
    <tag k="highway" v="service"/>
  </way>
  <way id="432045994">
    <nd ref="4312164069"/>
    <nd ref="4430924402"/>
    <nd ref="4430924409"/>
    <nd ref="4430924410"/>
    <nd ref="11030752219"/>
    <nd ref="4312164070"/>
    <nd ref="11030752220"/>
    <nd ref="4312164071"/>
    <nd ref="4430924414"/>
    <nd ref="4312164072"/>
    <nd ref="11030752221"/>
    <nd ref="4312164073"/>
    <tag k="highway" v="service"/>
  </way>
  <way id="432045995">
    <nd ref="11030752230"/>
    <nd ref="4312164073"/>
    <nd ref="4430924416"/>
    <nd ref="4430924415"/>
    <nd ref="4312164075"/>
    <nd ref="4312164076"/>
    <nd ref="4430924417"/>
    <nd ref="4312164077"/>
    <nd ref="4312164078"/>
    <nd ref="4312164079"/>
    <nd ref="4430924421"/>
    <nd ref="4312164080"/>
    <nd ref="4430924419"/>
    <nd ref="4312164081"/>
    <nd ref="4312164082"/>
    <tag k="highway" v="service"/>
  </way>
  <way id="432045996">
    <nd ref="4312164083"/>
    <nd ref="4312164082"/>
    <nd ref="4312164050"/>
    <tag k="highway" v="service"/>
  </way>
  <way id="432045997">
    <nd ref="11033312785"/>
    <nd ref="11033312784"/>
    <tag k="bridge" v="yes"/>
    <tag k="highway" v="service"/>
    <tag k="layer" v="1"/>
  </way>
  <way id="432045998">
    <nd ref="987453203"/>
    <nd ref="4312164107"/>
    <nd ref="4312164086"/>
    <nd ref="4312164087"/>
    <nd ref="11033312786"/>
    <nd ref="4312164088"/>
    <nd ref="11033312787"/>
    <nd ref="11033312788"/>
    <nd ref="4312164089"/>
    <tag k="highway" v="service"/>
  </way>
  <way id="432045999">
    <nd ref="3110887784"/>
    <nd ref="11033379506"/>
    <nd ref="11033346797"/>
    <nd ref="4312164090"/>
    <nd ref="4312164091"/>
    <tag k="highway" v="service"/>
  </way>
  <way id="432046001">
    <nd ref="4312164089"/>
    <nd ref="4312164098"/>
    <nd ref="11033321063"/>
    <tag k="highway" v="unclassified"/>
  </way>
  <way id="432046003">
    <nd ref="4312164107"/>
    <nd ref="4312164108"/>
    <nd ref="4312164109"/>
    <nd ref="11033312789"/>
    <nd ref="11033312790"/>
    <nd ref="4312164110"/>
    <nd ref="11033312791"/>
    <nd ref="4312164111"/>
    <nd ref="11033312792"/>
    <nd ref="4312164112"/>
    <nd ref="4312164113"/>
    <nd ref="11033312793"/>
    <tag k="highway" v="service"/>
  </way>
  <way id="445709704">
    <nd ref="3707841673"/>
    <nd ref="4431004648"/>
    <nd ref="4431004645"/>
    <nd ref="4431004643"/>
    <nd ref="4431004641"/>
    <nd ref="4431004644"/>
    <nd ref="4431004653"/>
    <nd ref="4431004656"/>
    <nd ref="4431004664"/>
    <nd ref="4431004665"/>
    <nd ref="4431004666"/>
    <nd ref="4431004667"/>
    <nd ref="4431004668"/>
    <nd ref="4431004669"/>
    <nd ref="4431004670"/>
    <nd ref="4431004671"/>
    <nd ref="4430915531"/>
    <nd ref="4430915539"/>
    <nd ref="4430915540"/>
    <nd ref="4430915549"/>
    <tag k="highway" v="service"/>
  </way>
  <way id="445711085">
    <nd ref="987453200"/>
    <nd ref="4446632377"/>
    <nd ref="4312164091"/>
    <nd ref="4446632376"/>
    <nd ref="987453198"/>
    <nd ref="987453197"/>
    <nd ref="987453196"/>
    <nd ref="3109149559"/>
    <nd ref="10297998999"/>
    <nd ref="3109149558"/>
    <nd ref="11030611110"/>
    <nd ref="987453195"/>
    <nd ref="11030611111"/>
    <nd ref="994358092"/>
    <nd ref="3109149555"/>
    <nd ref="987453193"/>
    <nd ref="11030611112"/>
    <nd ref="987453192"/>
    <nd ref="987453191"/>
    <nd ref="987453189"/>
    <tag k="cycleway" v="lane"/>
    <tag k="highway" v="primary"/>
    <tag k="name" v="泰雅一路"/>
    <tag k="ref" v="7丙"/>
    <tag k="ref:en" v="Provincial Highway 7C"/>
    <tag k="ref:zh" v="台7丙線"/>
  </way>
  <way id="445711086">
    <nd ref="987453189"/>
    <nd ref="4430924427"/>
    <tag k="bridge" v="yes"/>
    <tag k="cycleway" v="lane"/>
    <tag k="highway" v="primary"/>
    <tag k="layer" v="1"/>
    <tag k="name" v="泰雅一路"/>
    <tag k="ref" v="7丙"/>
    <tag k="ref:en" v="Provincial Highway 7C"/>
    <tag k="ref:zh" v="台7丙線"/>
  </way>
  <way id="445712087">
    <nd ref="3109149543"/>
    <nd ref="11028548691"/>
    <nd ref="11028548690"/>
    <nd ref="4430930221"/>
    <nd ref="4430930220"/>
    <nd ref="4430930219"/>
    <nd ref="4430930218"/>
    <nd ref="4430930217"/>
    <nd ref="4430930216"/>
    <nd ref="4430930215"/>
    <nd ref="4430930214"/>
    <nd ref="11028548689"/>
    <nd ref="4430930205"/>
    <nd ref="4430930206"/>
    <nd ref="4430930211"/>
    <nd ref="4430930213"/>
    <nd ref="4430930208"/>
    <nd ref="11028548688"/>
    <nd ref="4430930207"/>
    <nd ref="4430930210"/>
    <nd ref="4430930212"/>
    <nd ref="4430930209"/>
    <nd ref="4430930204"/>
    <nd ref="4430930203"/>
    <nd ref="11028586190"/>
    <nd ref="4430930202"/>
    <nd ref="11028603120"/>
    <nd ref="11028548671"/>
    <nd ref="4430930200"/>
    <nd ref="4430930199"/>
    <nd ref="4430930197"/>
    <nd ref="4430930195"/>
    <nd ref="4430930194"/>
    <nd ref="4430930192"/>
    <nd ref="4430930190"/>
    <nd ref="4430929986"/>
    <nd ref="4430929984"/>
    <nd ref="4430929987"/>
    <nd ref="4430930189"/>
    <nd ref="4430929988"/>
    <nd ref="4430929985"/>
    <nd ref="4430929982"/>
    <nd ref="4430929981"/>
    <nd ref="4430929980"/>
    <nd ref="4430929979"/>
    <nd ref="4430929978"/>
    <nd ref="4430929977"/>
    <tag k="highway" v="residential"/>
    <tag k="name" v="泰雅一路13巷"/>
  </way>
  <way id="445712088">
    <nd ref="11028586190"/>
    <nd ref="4430930201"/>
    <nd ref="11028586189"/>
    <nd ref="4430930198"/>
    <nd ref="4430930196"/>
    <nd ref="11028586192"/>
    <nd ref="11028586193"/>
    <nd ref="4430930193"/>
    <nd ref="11028849571"/>
    <nd ref="4430930191"/>
    <nd ref="4430929983"/>
    <tag k="highway" v="unclassified"/>
  </way>
  <way id="445713418">
    <nd ref="11750228674"/>
    <nd ref="4430939168"/>
    <nd ref="4430939170"/>
    <nd ref="11005117963"/>
    <nd ref="11005117964"/>
    <nd ref="4430939172"/>
    <nd ref="4430939184"/>
    <nd ref="4430939191"/>
    <nd ref="11005117991"/>
    <nd ref="4430939192"/>
    <nd ref="11005117992"/>
    <nd ref="4430939194"/>
    <nd ref="4430939195"/>
    <nd ref="4430939196"/>
    <nd ref="4430939202"/>
    <nd ref="11005117993"/>
    <nd ref="11005117994"/>
    <nd ref="4430939204"/>
    <nd ref="4430939207"/>
    <nd ref="4430939221"/>
    <nd ref="4430939222"/>
    <nd ref="4430939223"/>
    <nd ref="4430939225"/>
    <nd ref="11005117995"/>
    <nd ref="4430939228"/>
    <nd ref="4430939235"/>
    <nd ref="4430939238"/>
    <tag k="highway" v="unclassified"/>
    <tag k="name" v="星平路"/>
  </way>
  <way id="445713419">
    <nd ref="4430939396"/>
    <nd ref="4430939394"/>
    <nd ref="4430939393"/>
    <nd ref="4430939392"/>
    <nd ref="11005272419"/>
    <nd ref="4430939391"/>
    <nd ref="4430939288"/>
    <nd ref="11005207819"/>
    <nd ref="4430939286"/>
    <nd ref="4430939281"/>
    <nd ref="11005207820"/>
    <nd ref="4430939279"/>
    <nd ref="4430939275"/>
    <nd ref="4430939273"/>
    <nd ref="4430939271"/>
    <nd ref="4430939270"/>
    <nd ref="4430939269"/>
    <nd ref="4430939268"/>
    <nd ref="4430939258"/>
    <nd ref="4430939257"/>
    <nd ref="4430939255"/>
    <nd ref="4430939254"/>
    <nd ref="4430939250"/>
    <nd ref="4430939249"/>
    <nd ref="11005207821"/>
    <nd ref="11005207822"/>
    <nd ref="11005207823"/>
    <nd ref="11005207824"/>
    <nd ref="11005207825"/>
    <nd ref="11005207826"/>
    <nd ref="11005207827"/>
    <nd ref="11005207828"/>
    <nd ref="11005207829"/>
    <nd ref="11005207830"/>
    <nd ref="11005272563"/>
    <nd ref="11005207831"/>
    <nd ref="11005207832"/>
    <nd ref="11005207833"/>
    <nd ref="11005207834"/>
    <nd ref="11005207835"/>
    <nd ref="11005207836"/>
    <nd ref="11005207837"/>
    <nd ref="11005207838"/>
    <nd ref="11005207839"/>
    <tag k="highway" v="unclassified"/>
  </way>
  <way id="445713420">
    <nd ref="3707841899"/>
    <nd ref="11005328145"/>
    <nd ref="11005328144"/>
    <nd ref="4430938182"/>
    <nd ref="4430938186"/>
    <nd ref="4430939091"/>
    <nd ref="4430939093"/>
    <nd ref="4430939096"/>
    <nd ref="4430939099"/>
    <nd ref="4430939105"/>
    <nd ref="11005328143"/>
    <nd ref="4430939112"/>
    <nd ref="4430939115"/>
    <nd ref="4430939119"/>
    <nd ref="11005340107"/>
    <nd ref="4430939124"/>
    <nd ref="4430939129"/>
    <nd ref="11005340110"/>
    <nd ref="11005328026"/>
    <nd ref="4430939131"/>
    <nd ref="4430939133"/>
    <nd ref="4430939134"/>
    <nd ref="4430939136"/>
    <nd ref="11005328025"/>
    <nd ref="4430939138"/>
    <nd ref="4430939143"/>
    <nd ref="11005328023"/>
    <nd ref="11005328024"/>
    <nd ref="11005328022"/>
    <nd ref="4430939144"/>
    <nd ref="4430939145"/>
    <nd ref="4430939146"/>
    <nd ref="4430939147"/>
    <nd ref="11005328021"/>
    <nd ref="4430939148"/>
    <nd ref="4430939150"/>
    <nd ref="4430939152"/>
    <nd ref="4430939151"/>
    <nd ref="4430939140"/>
    <nd ref="4430939137"/>
    <nd ref="4431005259"/>
    <nd ref="4458292936"/>
    <nd ref="4431005257"/>
    <nd ref="11005746626"/>
    <nd ref="4431005258"/>
    <nd ref="4458292935"/>
    <nd ref="4431005255"/>
    <nd ref="4458292934"/>
    <nd ref="11005746646"/>
    <nd ref="4458292933"/>
    <nd ref="11005746647"/>
    <nd ref="4431005253"/>
    <nd ref="4431005250"/>
    <nd ref="4458292932"/>
    <nd ref="4431005247"/>
    <nd ref="4431005243"/>
    <nd ref="4458292931"/>
    <nd ref="11005782077"/>
    <nd ref="4458292930"/>
    <nd ref="4458292929"/>
    <nd ref="11005207863"/>
    <nd ref="4431005237"/>
    <nd ref="4458292928"/>
    <nd ref="11005782102"/>
    <nd ref="4458292927"/>
    <nd ref="4431005233"/>
    <nd ref="4458292926"/>
    <nd ref="11005207862"/>
    <nd ref="4431005230"/>
    <nd ref="11005796714"/>
    <nd ref="4458292925"/>
    <nd ref="11005796715"/>
    <nd ref="4458292924"/>
    <nd ref="9500926486"/>
    <tag k="highway" v="unclassified"/>
  </way>
  <way id="445713421">
    <nd ref="4430939184"/>
    <nd ref="11005117990"/>
    <nd ref="11005117989"/>
    <nd ref="11005117988"/>
    <nd ref="11005117987"/>
    <nd ref="11005117986"/>
    <nd ref="11005117985"/>
    <nd ref="11005117984"/>
    <nd ref="4430939181"/>
    <nd ref="4430939180"/>
    <nd ref="4430939179"/>
    <nd ref="4430939177"/>
    <nd ref="4430939174"/>
    <nd ref="4430939164"/>
    <nd ref="4430939163"/>
    <nd ref="4430939162"/>
    <nd ref="4430939161"/>
    <nd ref="11005117983"/>
    <nd ref="11005117982"/>
    <nd ref="4430939159"/>
    <nd ref="11005117981"/>
    <nd ref="4430939158"/>
    <nd ref="11005117980"/>
    <nd ref="4430939156"/>
    <nd ref="4430939155"/>
    <nd ref="4430939154"/>
    <nd ref="11005117979"/>
    <nd ref="11005117978"/>
    <nd ref="11005117977"/>
    <nd ref="4430939153"/>
    <nd ref="11005117976"/>
    <nd ref="4430939141"/>
    <nd ref="11005117975"/>
    <nd ref="11005117974"/>
    <nd ref="4430939135"/>
    <nd ref="4430939130"/>
    <nd ref="11005117973"/>
    <nd ref="4430939123"/>
    <nd ref="4430939122"/>
    <nd ref="4430939121"/>
    <nd ref="11005117972"/>
    <nd ref="4430939116"/>
    <nd ref="4430939114"/>
    <nd ref="4430939113"/>
    <nd ref="4430939111"/>
    <nd ref="11005117971"/>
    <nd ref="11005117968"/>
    <nd ref="11005117969"/>
    <nd ref="11005117970"/>
    <nd ref="4430939107"/>
    <nd ref="4430939102"/>
    <nd ref="4430939100"/>
    <nd ref="3707842005"/>
    <tag k="highway" v="unclassified"/>
  </way>
  <way id="445713422">
    <nd ref="4430939126"/>
    <nd ref="11005313931"/>
    <nd ref="4430939139"/>
    <nd ref="11005207856"/>
    <nd ref="11005313923"/>
    <nd ref="4430939142"/>
    <nd ref="11005207855"/>
    <nd ref="11005207854"/>
    <nd ref="4430939149"/>
    <nd ref="11005207853"/>
    <nd ref="11005207851"/>
    <nd ref="11005207852"/>
    <nd ref="4430939157"/>
    <nd ref="11005207850"/>
    <nd ref="4430939160"/>
    <nd ref="4430939165"/>
    <nd ref="11005207848"/>
    <nd ref="11005290036"/>
    <nd ref="11005207849"/>
    <nd ref="4430939166"/>
    <nd ref="4430939169"/>
    <nd ref="4430939171"/>
    <nd ref="4430939173"/>
    <nd ref="4430939176"/>
    <nd ref="11005327943"/>
    <nd ref="4430939186"/>
    <nd ref="11005207845"/>
    <nd ref="11005272527"/>
    <nd ref="11005207846"/>
    <nd ref="11005207847"/>
    <nd ref="4430939188"/>
    <nd ref="4430939187"/>
    <nd ref="4430939183"/>
    <nd ref="4430939185"/>
    <nd ref="4430939190"/>
    <nd ref="4430939193"/>
    <nd ref="4430939199"/>
    <nd ref="4430939201"/>
    <nd ref="11005314001"/>
    <nd ref="4430939200"/>
    <nd ref="4430939198"/>
    <nd ref="11005314111"/>
    <nd ref="11005314009"/>
    <nd ref="4430939205"/>
    <nd ref="4430939208"/>
    <nd ref="4430939209"/>
    <nd ref="11005314067"/>
    <nd ref="4430939211"/>
    <nd ref="11005314073"/>
    <nd ref="4430939210"/>
    <nd ref="4430939212"/>
    <nd ref="4430939213"/>
    <nd ref="4430939216"/>
    <nd ref="4430939217"/>
    <nd ref="4430939219"/>
    <tag k="highway" v="unclassified"/>
  </way>
  <way id="445713423">
    <nd ref="3707842335"/>
    <nd ref="4430939266"/>
    <nd ref="4430939265"/>
    <nd ref="4430939251"/>
    <tag k="highway" v="service"/>
  </way>
  <way id="445713425">
    <nd ref="4430939443"/>
    <nd ref="4430939442"/>
    <nd ref="4430939440"/>
    <nd ref="4430939436"/>
    <nd ref="4430939437"/>
    <nd ref="4430939438"/>
    <nd ref="4430939441"/>
    <nd ref="4430939444"/>
    <nd ref="4430939449"/>
    <nd ref="4430939450"/>
    <nd ref="11005193423"/>
    <nd ref="4430939452"/>
    <nd ref="4430939454"/>
    <nd ref="11004975335"/>
    <nd ref="11004975369"/>
    <nd ref="4430939453"/>
    <nd ref="11005193422"/>
    <nd ref="4430939451"/>
    <nd ref="4430939446"/>
    <nd ref="4430939435"/>
    <nd ref="11005193410"/>
    <nd ref="4430939434"/>
    <nd ref="4430939433"/>
    <nd ref="11005193409"/>
    <nd ref="4430939432"/>
    <nd ref="4430939431"/>
    <nd ref="4430939430"/>
    <nd ref="11005193408"/>
    <nd ref="4430939429"/>
    <nd ref="11005193407"/>
    <nd ref="11005193406"/>
    <nd ref="4430939423"/>
    <nd ref="11005193405"/>
    <nd ref="4430939422"/>
    <nd ref="4430939424"/>
    <nd ref="4430939426"/>
    <nd ref="4430939428"/>
    <nd ref="4430939427"/>
    <nd ref="4430939425"/>
    <nd ref="4430939421"/>
    <nd ref="4430939420"/>
    <nd ref="4430939419"/>
    <nd ref="4430939418"/>
    <nd ref="4430939417"/>
    <nd ref="11005193564"/>
    <nd ref="4430939415"/>
    <nd ref="4430939413"/>
    <nd ref="4430939408"/>
    <nd ref="11005193563"/>
    <nd ref="4430939405"/>
    <nd ref="4430939404"/>
    <nd ref="4430939403"/>
    <nd ref="4430939401"/>
    <nd ref="4430939399"/>
    <nd ref="4430939397"/>
    <nd ref="4430939396"/>
    <nd ref="4430939395"/>
    <nd ref="4430939390"/>
    <nd ref="11005272408"/>
    <nd ref="4430939287"/>
    <nd ref="4430939284"/>
    <nd ref="11005193562"/>
    <nd ref="4430939282"/>
    <nd ref="11005193561"/>
    <nd ref="4430939277"/>
    <nd ref="4430939261"/>
    <nd ref="4430939256"/>
    <nd ref="4430939247"/>
    <nd ref="4430939243"/>
    <nd ref="4430939242"/>
    <nd ref="11005207840"/>
    <nd ref="4430939239"/>
    <nd ref="11005207841"/>
    <nd ref="4430939234"/>
    <nd ref="4430939232"/>
    <nd ref="11005207842"/>
    <nd ref="4430939231"/>
    <nd ref="4430939230"/>
    <nd ref="4430939229"/>
    <nd ref="4430939227"/>
    <nd ref="4430939224"/>
    <nd ref="4430939220"/>
    <nd ref="4430939219"/>
    <nd ref="4430939218"/>
    <nd ref="4430939215"/>
    <nd ref="4430939206"/>
    <nd ref="11005207843"/>
    <nd ref="4430939203"/>
    <nd ref="4430939197"/>
    <nd ref="4430939189"/>
    <nd ref="11005207875"/>
    <nd ref="4430939182"/>
    <nd ref="4430939178"/>
    <nd ref="4431005281"/>
    <nd ref="4431005277"/>
    <nd ref="11005207859"/>
    <nd ref="4431005271"/>
    <nd ref="4431005263"/>
    <nd ref="4431005251"/>
    <nd ref="11005207888"/>
    <nd ref="11005207887"/>
    <nd ref="11005207886"/>
    <nd ref="4431005238"/>
    <nd ref="4431005236"/>
    <nd ref="4431005231"/>
    <nd ref="4431005227"/>
    <tag k="highway" v="unclassified"/>
  </way>
  <way id="445716998">
    <nd ref="4430974079"/>
    <nd ref="4430974077"/>
    <nd ref="4430974074"/>
    <nd ref="4430974071"/>
    <nd ref="4430974070"/>
    <nd ref="11027047649"/>
    <nd ref="4430974069"/>
    <nd ref="4430974068"/>
    <nd ref="4430974067"/>
    <nd ref="4430974066"/>
    <nd ref="4430974065"/>
    <nd ref="11027047593"/>
    <nd ref="4430974064"/>
    <nd ref="4430974063"/>
    <nd ref="4430974062"/>
    <nd ref="4430974061"/>
    <nd ref="4430974060"/>
    <nd ref="4430974059"/>
    <nd ref="4430974058"/>
    <nd ref="4430974056"/>
    <nd ref="4430974053"/>
    <nd ref="4430974054"/>
    <nd ref="11027047594"/>
    <nd ref="4430974057"/>
    <nd ref="4430974055"/>
    <nd ref="4430974052"/>
    <nd ref="4430974051"/>
    <nd ref="4430974050"/>
    <nd ref="4430974049"/>
    <nd ref="4430974048"/>
    <nd ref="4430974047"/>
    <nd ref="4430974046"/>
    <nd ref="4430974045"/>
    <nd ref="4430974044"/>
    <nd ref="11027047595"/>
    <nd ref="4430974043"/>
    <nd ref="4430974042"/>
    <nd ref="11027047596"/>
    <nd ref="4430974041"/>
    <nd ref="4430974040"/>
    <nd ref="4430974039"/>
    <nd ref="11027047597"/>
    <nd ref="6162732553"/>
    <nd ref="4430974038"/>
    <nd ref="4430974037"/>
    <nd ref="4430974036"/>
    <nd ref="4430974035"/>
    <nd ref="4430974034"/>
    <nd ref="4430974033"/>
    <nd ref="4430974032"/>
    <nd ref="4430974030"/>
    <nd ref="11027047605"/>
    <nd ref="4430974029"/>
    <nd ref="5273749225"/>
    <nd ref="11027047606"/>
    <nd ref="4430974028"/>
    <nd ref="5273749226"/>
    <nd ref="4430974025"/>
    <nd ref="4430974024"/>
    <nd ref="4430974023"/>
    <nd ref="11027047607"/>
    <nd ref="4430974021"/>
    <nd ref="6162735886"/>
    <nd ref="5273749227"/>
    <nd ref="11027853643"/>
    <nd ref="4430974020"/>
    <nd ref="11027047608"/>
    <nd ref="5273749244"/>
    <nd ref="5273749245"/>
    <nd ref="5273749243"/>
    <nd ref="4430974016"/>
    <tag k="highway" v="service"/>
    <tag k="name" v="三星路八段501巷"/>
    <tag k="oneway" v="no"/>
    <tag k="source" v="Bing"/>
    <tag k="surface" v="asphalt"/>
  </way>
  <way id="445717548">
    <nd ref="2946927168"/>
    <nd ref="2946927169"/>
    <nd ref="2946927171"/>
    <nd ref="2946927170"/>
    <nd ref="2946927172"/>
    <nd ref="2946927173"/>
    <nd ref="2946927174"/>
    <nd ref="11028894327"/>
    <nd ref="2946927175"/>
    <nd ref="2946927176"/>
    <nd ref="11028894328"/>
    <nd ref="2946927177"/>
    <nd ref="11028894329"/>
    <nd ref="2946927178"/>
    <nd ref="2946927179"/>
    <nd ref="2946927180"/>
    <nd ref="2946927181"/>
    <nd ref="2946927182"/>
    <nd ref="2946927183"/>
    <nd ref="11028894330"/>
    <nd ref="2946927186"/>
    <nd ref="11028894331"/>
    <nd ref="2946927184"/>
    <nd ref="2946927185"/>
    <nd ref="2946927187"/>
    <nd ref="2946927189"/>
    <nd ref="2946927188"/>
    <nd ref="2946927191"/>
    <nd ref="2946927192"/>
    <nd ref="2946927190"/>
    <nd ref="2946927193"/>
    <nd ref="11006277198"/>
    <nd ref="11006277200"/>
    <nd ref="11006277201"/>
    <nd ref="2946927194"/>
    <nd ref="11006277202"/>
    <nd ref="11006277203"/>
    <nd ref="11006277199"/>
    <nd ref="2946927196"/>
    <nd ref="2946927195"/>
    <tag k="highway" v="service"/>
    <tag k="name" v="三星路八段501巷"/>
    <tag k="oneway" v="no"/>
    <tag k="source" v="Bing"/>
    <tag k="surface" v="asphalt"/>
  </way>
  <way id="445721475">
    <nd ref="4431004891"/>
    <nd ref="4431004684"/>
    <nd ref="9501128198"/>
    <nd ref="4431004683"/>
    <nd ref="4431004682"/>
    <nd ref="4431004687"/>
    <nd ref="4431004686"/>
    <nd ref="4431004685"/>
    <nd ref="4431004680"/>
    <nd ref="4431004678"/>
    <nd ref="4431004679"/>
    <nd ref="4431004688"/>
    <tag k="highway" v="unclassified"/>
  </way>
  <way id="445721476">
    <nd ref="4431004894"/>
    <nd ref="4431004892"/>
    <nd ref="4431004891"/>
    <nd ref="4431004890"/>
    <nd ref="9501128199"/>
    <nd ref="4431004889"/>
    <nd ref="9501128200"/>
    <nd ref="4431004681"/>
    <nd ref="4431004677"/>
    <nd ref="4431004676"/>
    <nd ref="4431004675"/>
    <nd ref="4431004674"/>
    <nd ref="4431004673"/>
    <nd ref="4431004672"/>
    <tag k="highway" v="unclassified"/>
  </way>
  <way id="445721477">
    <nd ref="412685652"/>
    <nd ref="3707841711"/>
    <nd ref="4431004663"/>
    <nd ref="4431004662"/>
    <nd ref="4431004661"/>
    <nd ref="3707841694"/>
    <nd ref="3707841673"/>
    <tag k="highway" v="service"/>
    <tag k="name" v="三星路六段669巷"/>
  </way>
  <way id="445721529">
    <nd ref="4431005236"/>
    <nd ref="11005207889"/>
    <nd ref="4431005234"/>
    <nd ref="4431005242"/>
    <nd ref="4431005249"/>
    <nd ref="4431005254"/>
    <nd ref="4431005260"/>
    <nd ref="4431005265"/>
    <nd ref="4431005269"/>
    <nd ref="4431005274"/>
    <nd ref="4431005276"/>
    <nd ref="4431005279"/>
    <nd ref="4431005282"/>
    <nd ref="4431005286"/>
    <nd ref="11005207866"/>
    <nd ref="11005207865"/>
    <nd ref="4431005285"/>
    <nd ref="4431005284"/>
    <nd ref="4431005283"/>
    <nd ref="11005207864"/>
    <nd ref="4431005280"/>
    <nd ref="4431005278"/>
    <nd ref="4431005275"/>
    <nd ref="4431005273"/>
    <nd ref="4431005272"/>
    <nd ref="4431005267"/>
    <nd ref="4431005262"/>
    <nd ref="4431005256"/>
    <nd ref="4431005252"/>
    <nd ref="11005207860"/>
    <nd ref="4431005245"/>
    <nd ref="9500926487"/>
    <nd ref="4431005229"/>
    <nd ref="11005886533"/>
    <nd ref="4431005225"/>
    <nd ref="4431005220"/>
    <nd ref="4431005219"/>
    <tag k="highway" v="unclassified"/>
  </way>
  <way id="445721531">
    <nd ref="4431005246"/>
    <nd ref="4431005248"/>
    <nd ref="4431005244"/>
    <nd ref="11016894839"/>
    <nd ref="11016894840"/>
    <nd ref="11016894841"/>
    <nd ref="11016894842"/>
    <nd ref="4431005241"/>
    <nd ref="11016894843"/>
    <nd ref="4431005239"/>
    <nd ref="4431005240"/>
    <nd ref="11016894844"/>
    <nd ref="11016894845"/>
    <nd ref="3210187523"/>
    <tag k="highway" v="unclassified"/>
  </way>
  <way id="445721533">
    <nd ref="4431005257"/>
    <nd ref="11005746591"/>
    <nd ref="11005207861"/>
    <nd ref="4431005261"/>
    <nd ref="4431005264"/>
    <nd ref="4431005266"/>
    <nd ref="4431005268"/>
    <nd ref="4431005270"/>
    <nd ref="11005746585"/>
    <nd ref="4431005273"/>
    <tag k="highway" v="service"/>
  </way>
  <way id="445726615">
    <nd ref="2178262284"/>
    <nd ref="2584489852"/>
    <nd ref="2584489870"/>
    <nd ref="2584489875"/>
    <nd ref="2584489892"/>
    <nd ref="4431043672"/>
    <nd ref="4431043678"/>
    <nd ref="4431043680"/>
    <nd ref="4431043687"/>
    <nd ref="4431044389"/>
    <nd ref="4431044391"/>
    <nd ref="4431044394"/>
    <nd ref="4431044396"/>
    <nd ref="4431044398"/>
    <nd ref="4431044402"/>
    <nd ref="4431044403"/>
    <nd ref="2584489996"/>
    <nd ref="4431044400"/>
    <nd ref="4431044399"/>
    <nd ref="4431044393"/>
    <nd ref="4431044390"/>
    <nd ref="4431043688"/>
    <nd ref="4431043685"/>
    <nd ref="4431043682"/>
    <nd ref="4431043679"/>
    <nd ref="2584489923"/>
    <nd ref="11016432774"/>
    <nd ref="11016432775"/>
    <nd ref="4431043674"/>
    <nd ref="4431043671"/>
    <nd ref="4431043670"/>
    <nd ref="4431043669"/>
    <nd ref="4431043676"/>
    <nd ref="4431043677"/>
    <nd ref="4431043681"/>
    <nd ref="4431043683"/>
    <nd ref="4431043684"/>
    <nd ref="4431043686"/>
    <nd ref="4431044392"/>
    <nd ref="4431044395"/>
    <nd ref="4431044397"/>
    <nd ref="4431044401"/>
    <nd ref="4431044405"/>
    <nd ref="11016432773"/>
    <nd ref="4431044406"/>
    <nd ref="11016432772"/>
    <nd ref="11016432771"/>
    <nd ref="4431044407"/>
    <nd ref="4431044408"/>
    <nd ref="11016432770"/>
    <nd ref="11016432769"/>
    <nd ref="4431044409"/>
    <nd ref="4431044410"/>
    <nd ref="4431044411"/>
    <nd ref="11016432768"/>
    <nd ref="11016432767"/>
    <nd ref="4431044412"/>
    <nd ref="11016432766"/>
    <nd ref="4431044413"/>
    <nd ref="11016432764"/>
    <nd ref="2584490059"/>
    <tag k="highway" v="unclassified"/>
    <tag k="name" v="鹿場路"/>
  </way>
  <way id="448855015">
    <nd ref="4458292944"/>
    <nd ref="4458292947"/>
    <tag k="highway" v="service"/>
  </way>
  <way id="448855016">
    <nd ref="4458292940"/>
    <nd ref="4458292941"/>
    <tag k="highway" v="service"/>
  </way>
  <way id="448855017">
    <nd ref="4458292943"/>
    <nd ref="4458292944"/>
    <nd ref="4458292945"/>
    <nd ref="8418291712"/>
    <nd ref="4458292946"/>
    <tag k="highway" v="residential"/>
  </way>
  <way id="448855018">
    <nd ref="4458292937"/>
    <nd ref="8418291711"/>
    <nd ref="4458292938"/>
    <nd ref="4458292939"/>
    <nd ref="4458292940"/>
    <nd ref="4458292942"/>
    <nd ref="8418291713"/>
    <nd ref="8418291714"/>
    <nd ref="4458292945"/>
    <tag k="highway" v="residential"/>
  </way>
  <way id="456390663">
    <nd ref="8692699089"/>
    <nd ref="8692699088"/>
    <nd ref="4526551159"/>
    <nd ref="4526551158"/>
    <nd ref="4526551157"/>
    <nd ref="4526551156"/>
    <nd ref="4526551155"/>
    <nd ref="9073804798"/>
    <nd ref="4526551154"/>
    <nd ref="4526551163"/>
    <tag k="highway" v="track"/>
  </way>
  <way id="456390664">
    <nd ref="4526551168"/>
    <nd ref="4526551167"/>
    <nd ref="4526551166"/>
    <nd ref="8692699095"/>
    <nd ref="4526551165"/>
    <nd ref="8692699094"/>
    <nd ref="4526551164"/>
    <nd ref="8692699093"/>
    <nd ref="4526551163"/>
    <nd ref="4526551162"/>
    <nd ref="8692699092"/>
    <nd ref="4526551161"/>
    <nd ref="4526551160"/>
    <nd ref="7760307473"/>
    <nd ref="7760307472"/>
    <nd ref="7760307471"/>
    <nd ref="7760307469"/>
    <tag k="highway" v="service"/>
    <tag k="name" v="南湖路"/>
  </way>
  <way id="456390665">
    <nd ref="3109149611"/>
    <nd ref="4526551177"/>
    <nd ref="11006277308"/>
    <nd ref="8692699077"/>
    <nd ref="4526551176"/>
    <nd ref="4526551175"/>
    <nd ref="8692699080"/>
    <nd ref="8692699081"/>
    <nd ref="11006277306"/>
    <nd ref="4526551174"/>
    <nd ref="4526551173"/>
    <nd ref="7760307480"/>
    <tag k="highway" v="service"/>
    <tag k="name" v="福山街"/>
    <tag k="ref" v="農宜三24"/>
  </way>
  <way id="456390667">
    <nd ref="7760307481"/>
    <nd ref="13844667382"/>
    <nd ref="13844667380"/>
    <nd ref="7760307483"/>
    <nd ref="13844667379"/>
    <nd ref="13844667378"/>
    <nd ref="13844667377"/>
    <nd ref="7760318586"/>
    <nd ref="13844667376"/>
    <nd ref="13844667374"/>
    <nd ref="13844667375"/>
    <nd ref="4526551393"/>
    <nd ref="4526551392"/>
    <nd ref="4526551391"/>
    <nd ref="4526551390"/>
    <nd ref="4431031678"/>
    <tag k="highway" v="service"/>
    <tag k="name" v="電力路36巷"/>
  </way>
  <way id="461051312">
    <nd ref="2584489798"/>
    <nd ref="11016319413"/>
    <nd ref="4566091227"/>
    <nd ref="4566091228"/>
    <nd ref="4566091229"/>
    <nd ref="4566091230"/>
    <nd ref="11016319411"/>
    <nd ref="11020032892"/>
    <nd ref="4566091231"/>
    <nd ref="4566091232"/>
    <nd ref="4566091233"/>
    <nd ref="4566091234"/>
    <nd ref="4566091235"/>
    <nd ref="4566091236"/>
    <nd ref="4566091237"/>
    <nd ref="4566091238"/>
    <nd ref="4566091239"/>
    <nd ref="4566091240"/>
    <nd ref="11020032891"/>
    <nd ref="4566091241"/>
    <nd ref="4566091242"/>
    <nd ref="4566091243"/>
    <nd ref="4566091244"/>
    <nd ref="4566091245"/>
    <nd ref="4566091246"/>
    <nd ref="4566091247"/>
    <nd ref="11020032890"/>
    <nd ref="4566091248"/>
    <nd ref="11020032889"/>
    <nd ref="11020032888"/>
    <nd ref="4566091249"/>
    <nd ref="4566091250"/>
    <nd ref="11020032887"/>
    <nd ref="11020032886"/>
    <nd ref="4566091251"/>
    <nd ref="4566091252"/>
    <nd ref="11020032885"/>
    <nd ref="4566091253"/>
    <nd ref="11020032883"/>
    <nd ref="4566091254"/>
    <nd ref="11020032884"/>
    <nd ref="4566091255"/>
    <nd ref="11020032882"/>
    <nd ref="4566091256"/>
    <nd ref="4566091257"/>
    <nd ref="11020032867"/>
    <nd ref="11020032868"/>
    <nd ref="4566091258"/>
    <nd ref="11020032869"/>
    <nd ref="11020032866"/>
    <nd ref="4566091259"/>
    <nd ref="4566091260"/>
    <nd ref="4566091261"/>
    <nd ref="4566091262"/>
    <nd ref="4566091263"/>
    <tag k="highway" v="track"/>
    <tag k="name" v="泰雅路二段33巷"/>
    <tag k="surface" v="unpaved"/>
    <tag k="tracktype" v="grade4"/>
  </way>
  <way id="461051313">
    <nd ref="4566091287"/>
    <nd ref="4566091288"/>
    <nd ref="8418291675"/>
    <nd ref="4566149789"/>
    <nd ref="8418291676"/>
    <nd ref="4566149790"/>
    <nd ref="8418291677"/>
    <nd ref="4566149791"/>
    <nd ref="4566149792"/>
    <nd ref="4566149793"/>
    <nd ref="4566149794"/>
    <nd ref="4566149795"/>
    <nd ref="4566149796"/>
    <nd ref="11009348257"/>
    <nd ref="11009348260"/>
    <nd ref="11009348261"/>
    <nd ref="11009348262"/>
    <nd ref="11009348259"/>
    <nd ref="11009348258"/>
    <nd ref="4566149797"/>
    <nd ref="4566149798"/>
    <nd ref="4566149799"/>
    <nd ref="4566149800"/>
    <nd ref="4566149801"/>
    <nd ref="4566149802"/>
    <nd ref="4566149803"/>
    <nd ref="4566149804"/>
    <nd ref="4566149805"/>
    <nd ref="4566149806"/>
    <nd ref="11009348248"/>
    <nd ref="11009348249"/>
    <nd ref="11009348250"/>
    <nd ref="11009348251"/>
    <nd ref="11009348252"/>
    <nd ref="11009348253"/>
    <nd ref="11009348254"/>
    <nd ref="11009348255"/>
    <nd ref="11009348256"/>
    <nd ref="4566149807"/>
    <nd ref="4566149808"/>
    <nd ref="4566149809"/>
    <nd ref="11009348247"/>
    <nd ref="11009348246"/>
    <nd ref="4566149810"/>
    <nd ref="4566149811"/>
    <nd ref="4566149812"/>
    <nd ref="4566149813"/>
    <nd ref="11009348245"/>
    <nd ref="4566149814"/>
    <nd ref="4566149815"/>
    <nd ref="11009348240"/>
    <nd ref="4566149816"/>
    <nd ref="4566149817"/>
    <nd ref="4566149818"/>
    <nd ref="11009348241"/>
    <nd ref="11009348242"/>
    <nd ref="11009348243"/>
    <nd ref="11009348244"/>
    <nd ref="4566149819"/>
    <nd ref="4566149820"/>
    <nd ref="11009348239"/>
    <nd ref="4566149821"/>
    <nd ref="4566149822"/>
    <nd ref="11009348238"/>
    <nd ref="4566149823"/>
    <nd ref="11009348237"/>
    <nd ref="11009348236"/>
    <nd ref="4566149824"/>
    <nd ref="4566149825"/>
    <nd ref="11009348235"/>
    <nd ref="11009348234"/>
    <nd ref="4566149826"/>
    <nd ref="11009348233"/>
    <nd ref="4566149827"/>
    <nd ref="11009348232"/>
    <nd ref="11009348231"/>
    <nd ref="4566149828"/>
    <nd ref="4566149829"/>
    <nd ref="4566149830"/>
    <nd ref="4566149831"/>
    <nd ref="4566149832"/>
    <nd ref="4566149833"/>
    <nd ref="4566149834"/>
    <nd ref="11009348230"/>
    <nd ref="11009348229"/>
    <nd ref="4566149835"/>
    <nd ref="4566149836"/>
    <nd ref="4566149837"/>
    <nd ref="11009348228"/>
    <nd ref="11009348227"/>
    <nd ref="4566149838"/>
    <nd ref="11009348226"/>
    <nd ref="11009348225"/>
    <nd ref="4566149839"/>
    <tag k="highway" v="unclassified"/>
  </way>
  <way id="461051314">
    <nd ref="4566149839"/>
    <nd ref="11009348224"/>
    <nd ref="11009348223"/>
    <nd ref="11009348222"/>
    <nd ref="4566149840"/>
    <nd ref="11009348221"/>
    <nd ref="4566149841"/>
    <nd ref="4566149842"/>
    <nd ref="11009348220"/>
    <nd ref="4566149843"/>
    <nd ref="11009348219"/>
    <nd ref="4566149844"/>
    <nd ref="4566149845"/>
    <nd ref="4566149846"/>
    <nd ref="11009348218"/>
    <nd ref="11009348217"/>
    <nd ref="11009348216"/>
    <nd ref="4566149847"/>
    <nd ref="4566149848"/>
    <nd ref="4566149849"/>
    <nd ref="4566149850"/>
    <nd ref="4566149851"/>
    <nd ref="4566149852"/>
    <nd ref="11009348215"/>
    <nd ref="4566149853"/>
    <nd ref="4566149854"/>
    <nd ref="11009348214"/>
    <nd ref="4566149855"/>
    <nd ref="11009348213"/>
    <nd ref="4566149856"/>
    <nd ref="4566149857"/>
    <nd ref="11009348212"/>
    <nd ref="4566149858"/>
    <nd ref="11009348211"/>
    <nd ref="4566149859"/>
    <nd ref="4566149860"/>
    <nd ref="11009348210"/>
    <nd ref="11009358514"/>
    <nd ref="4566149861"/>
    <nd ref="11009348209"/>
    <nd ref="11009348208"/>
    <nd ref="11009348207"/>
    <nd ref="11009348206"/>
    <nd ref="4566149862"/>
    <nd ref="4566149863"/>
    <nd ref="11009348205"/>
    <nd ref="4566149864"/>
    <nd ref="4566149865"/>
    <nd ref="4566149866"/>
    <nd ref="11009348204"/>
    <nd ref="4566149867"/>
    <nd ref="4566149868"/>
    <nd ref="4566149869"/>
    <nd ref="4566149870"/>
    <nd ref="11009348203"/>
    <nd ref="11009348202"/>
    <nd ref="11009348201"/>
    <nd ref="11009348200"/>
    <nd ref="11009348199"/>
    <nd ref="11009348198"/>
    <nd ref="11009348197"/>
    <nd ref="4566149871"/>
    <nd ref="4566149872"/>
    <nd ref="4566149873"/>
    <nd ref="4566149874"/>
    <nd ref="11009348196"/>
    <nd ref="11009348195"/>
    <nd ref="4566149875"/>
    <nd ref="4566149876"/>
    <nd ref="11009348194"/>
    <nd ref="11009348193"/>
    <nd ref="4566149877"/>
    <nd ref="4566149878"/>
    <nd ref="4566149879"/>
    <nd ref="4566149880"/>
    <nd ref="11009348192"/>
    <nd ref="11009348191"/>
    <nd ref="4566149881"/>
    <nd ref="4566149882"/>
    <nd ref="11009348190"/>
    <nd ref="11009348189"/>
    <nd ref="4566149883"/>
    <nd ref="4566149884"/>
    <nd ref="11009348188"/>
    <nd ref="4566149885"/>
    <nd ref="4566149886"/>
    <nd ref="11009348187"/>
    <nd ref="11009348186"/>
    <nd ref="4566149887"/>
    <nd ref="11009348185"/>
    <nd ref="11009348184"/>
    <nd ref="4566149888"/>
    <nd ref="4566149889"/>
    <nd ref="11009348183"/>
    <nd ref="11009348182"/>
    <nd ref="11009348181"/>
    <nd ref="4566149890"/>
    <nd ref="4566149891"/>
    <nd ref="4566149892"/>
    <nd ref="4566149893"/>
    <nd ref="4566149894"/>
    <nd ref="4566149895"/>
    <nd ref="4566149896"/>
    <nd ref="11009348180"/>
    <nd ref="11009348179"/>
    <nd ref="11009348178"/>
    <nd ref="11009348177"/>
    <nd ref="11009348176"/>
    <nd ref="11009348175"/>
    <nd ref="11009348174"/>
    <nd ref="11009348173"/>
    <nd ref="11009348172"/>
    <nd ref="11009348171"/>
    <nd ref="4566149897"/>
    <nd ref="4566149898"/>
    <nd ref="4566149899"/>
    <nd ref="4566149900"/>
    <nd ref="4566149901"/>
    <nd ref="4566149902"/>
    <nd ref="4566149903"/>
    <nd ref="4566149904"/>
    <nd ref="11009348170"/>
    <nd ref="11009348169"/>
    <nd ref="4566149905"/>
    <nd ref="4566149906"/>
    <nd ref="4566149907"/>
    <nd ref="11009348168"/>
    <nd ref="11009348167"/>
    <nd ref="4566149908"/>
    <nd ref="4566149909"/>
    <nd ref="11009348166"/>
    <nd ref="11009348165"/>
    <nd ref="4566149910"/>
    <nd ref="11009348164"/>
    <nd ref="4566149911"/>
    <nd ref="4566149912"/>
    <nd ref="11009348163"/>
    <nd ref="4566149913"/>
    <nd ref="11009348162"/>
    <nd ref="4566149914"/>
    <nd ref="11009348161"/>
    <nd ref="4566149915"/>
    <nd ref="11009348160"/>
    <nd ref="11009348159"/>
    <nd ref="4566149916"/>
    <nd ref="11009348344"/>
    <nd ref="4566149917"/>
    <nd ref="4566149918"/>
    <nd ref="4566149919"/>
    <nd ref="11009348387"/>
    <nd ref="11009348158"/>
    <nd ref="4566149920"/>
    <nd ref="4566149921"/>
    <nd ref="4566149922"/>
    <nd ref="11009348157"/>
    <nd ref="4566149923"/>
    <nd ref="11009348156"/>
    <nd ref="4566149924"/>
    <nd ref="11009348327"/>
    <nd ref="4566149925"/>
    <nd ref="11009348155"/>
    <nd ref="11009348154"/>
    <nd ref="11009348153"/>
    <nd ref="4566149926"/>
    <nd ref="4566149927"/>
    <nd ref="11009348152"/>
    <nd ref="4566149928"/>
    <nd ref="4566149929"/>
    <nd ref="11009348151"/>
    <nd ref="11009348150"/>
    <nd ref="4566149930"/>
    <nd ref="11009348149"/>
    <nd ref="11009348148"/>
    <nd ref="11009348147"/>
    <nd ref="11009348146"/>
    <nd ref="4566149931"/>
    <nd ref="4566149932"/>
    <nd ref="4566149933"/>
    <nd ref="11009348145"/>
    <nd ref="4566149934"/>
    <nd ref="4566149935"/>
    <nd ref="4566149936"/>
    <nd ref="4566149937"/>
    <nd ref="11009270744"/>
    <nd ref="4566149938"/>
    <nd ref="4566150005"/>
    <nd ref="11009270745"/>
    <nd ref="11009270743"/>
    <nd ref="4566149939"/>
    <nd ref="4566149940"/>
    <nd ref="11009270742"/>
    <nd ref="4566149941"/>
    <nd ref="4566149942"/>
    <nd ref="11009270741"/>
    <nd ref="4566149943"/>
    <nd ref="11009270740"/>
    <nd ref="4566149944"/>
    <nd ref="11009270739"/>
    <nd ref="4566149945"/>
    <nd ref="11009270738"/>
    <nd ref="4566149946"/>
    <nd ref="4566149947"/>
    <nd ref="11009270737"/>
    <nd ref="4566149948"/>
    <nd ref="4566149949"/>
    <nd ref="11009270736"/>
    <nd ref="4566149950"/>
    <nd ref="11009270735"/>
    <nd ref="4566149951"/>
    <nd ref="4566149952"/>
    <nd ref="4566149953"/>
    <nd ref="4566149954"/>
    <nd ref="11009270734"/>
    <nd ref="4566149955"/>
    <nd ref="4566149956"/>
    <nd ref="11009270657"/>
    <nd ref="4566149957"/>
    <nd ref="4566149958"/>
    <nd ref="11009270656"/>
    <nd ref="11009270655"/>
    <nd ref="4566149959"/>
    <nd ref="11009270658"/>
    <nd ref="4566149960"/>
    <nd ref="4566149961"/>
    <nd ref="4566149962"/>
    <nd ref="11009270659"/>
    <nd ref="4566149963"/>
    <nd ref="4566149964"/>
    <nd ref="11009270660"/>
    <nd ref="4566149965"/>
    <nd ref="4566149966"/>
    <nd ref="4566149967"/>
    <nd ref="4566149968"/>
    <nd ref="4566149969"/>
    <nd ref="11009270661"/>
    <nd ref="4566149970"/>
    <nd ref="11009270662"/>
    <nd ref="4566149971"/>
    <nd ref="4566149972"/>
    <nd ref="4566149973"/>
    <nd ref="4566149974"/>
    <nd ref="4566149975"/>
    <nd ref="4566149976"/>
    <nd ref="4566149977"/>
    <nd ref="11009270663"/>
    <nd ref="11009270664"/>
    <nd ref="4566149978"/>
    <nd ref="11009270665"/>
    <nd ref="11009270666"/>
    <nd ref="4566149979"/>
    <nd ref="4566149980"/>
    <nd ref="11009270667"/>
    <nd ref="4566149981"/>
    <nd ref="11009270668"/>
    <nd ref="4566149982"/>
    <nd ref="11009270621"/>
    <nd ref="4566149983"/>
    <nd ref="4566149984"/>
    <nd ref="4566149985"/>
    <nd ref="4566149986"/>
    <nd ref="11009270669"/>
    <nd ref="4566149987"/>
    <nd ref="4566149988"/>
    <nd ref="11009270670"/>
    <nd ref="4566149989"/>
    <nd ref="4566149990"/>
    <nd ref="4566149991"/>
    <nd ref="4566149992"/>
    <nd ref="11009270671"/>
    <nd ref="4566149993"/>
    <nd ref="11009270672"/>
    <nd ref="4566149994"/>
    <nd ref="11009270673"/>
    <nd ref="4566149995"/>
    <nd ref="4566149996"/>
    <nd ref="4566149997"/>
    <nd ref="4566149998"/>
    <nd ref="4566149999"/>
    <nd ref="4566150000"/>
    <nd ref="11009270676"/>
    <nd ref="11009270677"/>
    <nd ref="11009270678"/>
    <nd ref="4566150001"/>
    <nd ref="4566150002"/>
    <tag k="highway" v="unclassified"/>
  </way>
  <way id="513301637">
    <nd ref="5017989001"/>
    <nd ref="5017989003"/>
    <tag k="highway" v="service"/>
  </way>
  <way id="513301660">
    <nd ref="5017989280"/>
    <nd ref="5017989281"/>
    <nd ref="5017989282"/>
    <nd ref="5017989283"/>
    <tag k="highway" v="service"/>
  </way>
  <way id="525098155">
    <nd ref="2178261465"/>
    <nd ref="300593523"/>
    <tag k="bridge" v="yes"/>
    <tag k="highway" v="primary"/>
    <tag k="maxspeed" v="50"/>
    <tag k="name" v="羅裕橋"/>
    <tag k="name:etymology" v="羅裕"/>
    <tag k="name:etymology:wikidata" v="Q114907132"/>
    <tag k="ref" v="7"/>
    <tag k="ref:en" v="Provincial Highway 7"/>
    <tag k="ref:zh" v="台7線"/>
    <tag k="wikidata" v="Q114907472"/>
  </way>
  <way id="525098156">
    <nd ref="300593508"/>
    <nd ref="8418291642"/>
    <nd ref="300593509"/>
    <nd ref="300593510"/>
    <nd ref="300593511"/>
    <nd ref="2178262292"/>
    <nd ref="2178262294"/>
    <nd ref="2178262296"/>
    <nd ref="2178262298"/>
    <nd ref="300593512"/>
    <nd ref="300593518"/>
    <nd ref="2584473017"/>
    <nd ref="2584473018"/>
    <nd ref="300593520"/>
    <nd ref="2178262300"/>
    <tag k="highway" v="primary"/>
    <tag k="maxspeed" v="50"/>
    <tag k="name" v="泰雅路一段"/>
    <tag k="name:en" v="Section 1, Taiya Road"/>
    <tag k="name:nan" v="Thài-ngá-lō͘ 1-tōaⁿ"/>
    <tag k="name:nan-Hant" v="泰雅路一段"/>
    <tag k="name:nan-Latn-pehoeji" v="Thài-ngá-lō͘ 1-tōaⁿ"/>
    <tag k="name:nan-Latn-tailo" v="Thài-ngá-lōo 1-tuānn"/>
    <tag k="name:zh" v="泰雅路一段"/>
    <tag k="ref" v="7"/>
    <tag k="ref:en" v="Provincial Highway 7"/>
    <tag k="ref:zh" v="台7線"/>
  </way>
  <way id="525098157">
    <nd ref="5108883433"/>
    <nd ref="2584473012"/>
    <nd ref="2178262280"/>
    <nd ref="2584473013"/>
    <nd ref="300593505"/>
    <nd ref="11015132221"/>
    <nd ref="2178262282"/>
    <nd ref="2584473014"/>
    <nd ref="2178262284"/>
    <nd ref="2584473015"/>
    <nd ref="2584473016"/>
    <nd ref="300593507"/>
    <nd ref="11015132420"/>
    <nd ref="11015132419"/>
    <nd ref="2178262286"/>
    <nd ref="2178262288"/>
    <nd ref="2178262290"/>
    <nd ref="4430931996"/>
    <nd ref="300593508"/>
    <tag k="highway" v="primary"/>
    <tag k="maxspeed" v="50"/>
    <tag k="name" v="泰雅路二段"/>
    <tag k="name:en" v="Section 2, Taiya Road"/>
    <tag k="name:nan" v="Thài-ngá-lō͘ 2-tōaⁿ"/>
    <tag k="name:nan-Hant" v="泰雅路二段"/>
    <tag k="name:nan-Latn-pehoeji" v="Thài-ngá-lō͘ 2-tōaⁿ"/>
    <tag k="name:nan-Latn-tailo" v="Thài-ngá-lōo 2-tuānn"/>
    <tag k="name:zh" v="泰雅路二段"/>
    <tag k="ref" v="7"/>
    <tag k="ref:en" v="Provincial Highway 7"/>
    <tag k="ref:zh" v="台7線"/>
  </way>
  <way id="525098158">
    <nd ref="2584473011"/>
    <nd ref="5108883433"/>
    <tag k="bridge" v="yes"/>
    <tag k="highway" v="primary"/>
    <tag k="maxspeed" v="50"/>
    <tag k="name" v="玉蘭橋"/>
    <tag k="ref" v="7"/>
    <tag k="ref:en" v="Provincial Highway 7"/>
    <tag k="ref:zh" v="台7線"/>
  </way>
  <way id="545686034">
    <nd ref="2946927065"/>
    <nd ref="5273749362"/>
    <nd ref="5273749361"/>
    <nd ref="5273749360"/>
    <nd ref="5273749359"/>
    <nd ref="5273749358"/>
    <nd ref="5273749357"/>
    <nd ref="5273749356"/>
    <nd ref="5273749355"/>
    <nd ref="5512795083"/>
    <nd ref="5273749354"/>
    <tag k="highway" v="service"/>
  </way>
  <way id="545686035">
    <nd ref="5273749382"/>
    <nd ref="5273749370"/>
    <nd ref="5273749369"/>
    <nd ref="5273749368"/>
    <nd ref="5273749367"/>
    <nd ref="5273749366"/>
    <nd ref="5273749365"/>
    <nd ref="5273749364"/>
    <nd ref="5273749363"/>
    <tag k="highway" v="service"/>
    <tag k="name" v="三星路八段501巷168弄"/>
  </way>
  <way id="545689098">
    <nd ref="5273752010"/>
    <nd ref="5273752009"/>
    <nd ref="11006277151"/>
    <nd ref="5273752008"/>
    <nd ref="5273752007"/>
    <nd ref="5273752006"/>
    <nd ref="5273752005"/>
    <nd ref="5273752004"/>
    <nd ref="5273752003"/>
    <nd ref="5273752002"/>
    <nd ref="5273752001"/>
    <nd ref="5273752000"/>
    <nd ref="5273751999"/>
    <tag k="highway" v="service"/>
  </way>
  <way id="545689099">
    <nd ref="5273752018"/>
    <nd ref="5273752017"/>
    <nd ref="5273752016"/>
    <nd ref="5273752015"/>
    <nd ref="5273752014"/>
    <nd ref="5273752013"/>
    <nd ref="5273752012"/>
    <nd ref="5273752011"/>
    <tag k="highway" v="track"/>
  </way>
  <way id="545689100">
    <nd ref="5273785027"/>
    <nd ref="5273785026"/>
    <nd ref="5273785025"/>
    <nd ref="5273752018"/>
    <nd ref="5273785024"/>
    <nd ref="5273785023"/>
    <nd ref="5273785022"/>
    <nd ref="5273785021"/>
    <nd ref="5273752020"/>
    <nd ref="5273752019"/>
    <tag k="highway" v="track"/>
  </way>
  <way id="545689101">
    <nd ref="5273785411"/>
    <nd ref="5273785031"/>
    <nd ref="5273785030"/>
    <nd ref="5273785029"/>
    <nd ref="5273785028"/>
    <tag k="highway" v="track"/>
  </way>
  <way id="545689102">
    <nd ref="5273785073"/>
    <nd ref="5273785038"/>
    <nd ref="5273785037"/>
    <nd ref="5273785036"/>
    <nd ref="5273785035"/>
    <nd ref="5273785034"/>
    <nd ref="5273785033"/>
    <nd ref="5273785032"/>
    <tag k="highway" v="track"/>
  </way>
  <way id="545689103">
    <nd ref="5273785049"/>
    <nd ref="5273785043"/>
    <nd ref="5273785042"/>
    <nd ref="5273785041"/>
    <nd ref="5273785040"/>
    <nd ref="5273785039"/>
    <tag k="highway" v="track"/>
  </way>
  <way id="545689104">
    <nd ref="5273785085"/>
    <nd ref="5273785081"/>
    <nd ref="5273785080"/>
    <nd ref="5273785079"/>
    <nd ref="5273785078"/>
    <nd ref="5273785077"/>
    <nd ref="5273785076"/>
    <tag k="highway" v="track"/>
  </way>
  <way id="545689105">
    <nd ref="5273785390"/>
    <nd ref="5273785086"/>
    <nd ref="5273785085"/>
    <nd ref="5273785084"/>
    <nd ref="5273785083"/>
    <nd ref="5273785082"/>
    <nd ref="5273785075"/>
    <nd ref="5273785074"/>
    <nd ref="5273785073"/>
    <nd ref="5273785072"/>
    <nd ref="5273785071"/>
    <nd ref="5273785070"/>
    <nd ref="5273785069"/>
    <nd ref="5273785068"/>
    <nd ref="5273785067"/>
    <nd ref="5273785066"/>
    <nd ref="5273785065"/>
    <nd ref="5273785064"/>
    <nd ref="5273785063"/>
    <nd ref="5273785062"/>
    <nd ref="5273785061"/>
    <nd ref="5273785060"/>
    <nd ref="5273785059"/>
    <nd ref="5273785058"/>
    <nd ref="5273785057"/>
    <nd ref="5273785056"/>
    <nd ref="5273785055"/>
    <nd ref="5273785054"/>
    <nd ref="5273785053"/>
    <nd ref="5273785052"/>
    <nd ref="5273785051"/>
    <nd ref="5273785050"/>
    <nd ref="11006314804"/>
    <nd ref="5273785049"/>
    <nd ref="5273785048"/>
    <nd ref="5273785047"/>
    <nd ref="5273785046"/>
    <nd ref="5273785045"/>
    <nd ref="5273785044"/>
    <nd ref="5273785375"/>
    <tag k="highway" v="track"/>
  </way>
  <way id="545689106">
    <nd ref="5273785372"/>
    <nd ref="5273785117"/>
    <nd ref="5273785116"/>
    <nd ref="11006277184"/>
    <nd ref="11006277183"/>
    <nd ref="5273785115"/>
    <nd ref="11006277182"/>
    <nd ref="5273785114"/>
    <nd ref="5273785113"/>
    <nd ref="5273785112"/>
    <nd ref="5273785111"/>
    <nd ref="5273785110"/>
    <nd ref="5273785109"/>
    <nd ref="5273785108"/>
    <nd ref="5273785107"/>
    <nd ref="5273785106"/>
    <nd ref="5273785105"/>
    <nd ref="5273785104"/>
    <nd ref="5273785103"/>
    <nd ref="5273785102"/>
    <nd ref="5273785101"/>
    <nd ref="5273785100"/>
    <nd ref="5273785099"/>
    <nd ref="5273785098"/>
    <nd ref="5273785097"/>
    <nd ref="5273785096"/>
    <nd ref="5273785095"/>
    <nd ref="5273785094"/>
    <nd ref="5273785093"/>
    <nd ref="5273785092"/>
    <nd ref="5273785091"/>
    <nd ref="5273785090"/>
    <nd ref="5273785089"/>
    <nd ref="5273785088"/>
    <nd ref="5273785087"/>
    <tag k="highway" v="track"/>
  </way>
  <way id="545689107">
    <nd ref="5273785369"/>
    <nd ref="5273785325"/>
    <nd ref="5273785324"/>
    <nd ref="11006313473"/>
    <nd ref="5273785323"/>
    <nd ref="5273785322"/>
    <nd ref="5273785321"/>
    <nd ref="5273785120"/>
    <nd ref="5273785119"/>
    <nd ref="5273785118"/>
    <nd ref="11006313487"/>
    <nd ref="11006313488"/>
    <tag k="highway" v="track"/>
  </way>
  <way id="545689109">
    <nd ref="987453115"/>
    <nd ref="5273785634"/>
    <nd ref="5273785633"/>
    <nd ref="5273785632"/>
    <nd ref="5273752010"/>
    <nd ref="5273785631"/>
    <nd ref="5273785630"/>
    <nd ref="5273785629"/>
    <nd ref="5273785628"/>
    <nd ref="5273785627"/>
    <nd ref="11006277152"/>
    <nd ref="11006277153"/>
    <nd ref="11006277154"/>
    <nd ref="5273785027"/>
    <nd ref="5273785626"/>
    <nd ref="11006277155"/>
    <nd ref="11006277156"/>
    <nd ref="5273785625"/>
    <nd ref="5273785624"/>
    <nd ref="11006277157"/>
    <nd ref="11006277158"/>
    <nd ref="5273785623"/>
    <nd ref="5273785622"/>
    <nd ref="5273785621"/>
    <nd ref="5273785420"/>
    <nd ref="5273785419"/>
    <nd ref="11006277159"/>
    <nd ref="11006277160"/>
    <nd ref="5273785418"/>
    <nd ref="11006277161"/>
    <nd ref="5273785417"/>
    <nd ref="5273785416"/>
    <nd ref="5273785415"/>
    <nd ref="5273785414"/>
    <nd ref="5273785413"/>
    <nd ref="5273785412"/>
    <nd ref="11006277162"/>
    <nd ref="11006277163"/>
    <nd ref="11006277164"/>
    <nd ref="11006277165"/>
    <nd ref="11006277166"/>
    <nd ref="5273785411"/>
    <nd ref="11006277167"/>
    <nd ref="5273785410"/>
    <nd ref="5273785409"/>
    <nd ref="5273785408"/>
    <nd ref="5273785407"/>
    <nd ref="5273785406"/>
    <nd ref="11006277168"/>
    <nd ref="5273785405"/>
    <nd ref="5273785404"/>
    <nd ref="5273785403"/>
    <nd ref="11006277169"/>
    <nd ref="5273785402"/>
    <nd ref="5273785401"/>
    <nd ref="5273785400"/>
    <nd ref="11006277170"/>
    <nd ref="5273785399"/>
    <nd ref="11006277171"/>
    <nd ref="11006277172"/>
    <nd ref="5273785398"/>
    <nd ref="5273785397"/>
    <nd ref="11006277173"/>
    <nd ref="5273785396"/>
    <nd ref="5273785395"/>
    <nd ref="5273785394"/>
    <nd ref="5273785393"/>
    <nd ref="5273785392"/>
    <nd ref="11006277174"/>
    <nd ref="5273785391"/>
    <nd ref="5273785390"/>
    <nd ref="5273785389"/>
    <nd ref="5273785388"/>
    <nd ref="11006277175"/>
    <nd ref="11006277176"/>
    <nd ref="11006277177"/>
    <nd ref="5273785387"/>
    <nd ref="5273785386"/>
    <nd ref="5273785385"/>
    <nd ref="5273785384"/>
    <nd ref="11006348323"/>
    <nd ref="5273785383"/>
    <nd ref="11006314805"/>
    <nd ref="5273785382"/>
    <nd ref="11006277178"/>
    <nd ref="5273785381"/>
    <nd ref="5273785380"/>
    <nd ref="11006277179"/>
    <nd ref="11006314803"/>
    <nd ref="5273785379"/>
    <nd ref="5273785378"/>
    <nd ref="11006277180"/>
    <nd ref="5273785377"/>
    <nd ref="11006314768"/>
    <nd ref="11006277181"/>
    <nd ref="5273785376"/>
    <nd ref="5273785375"/>
    <nd ref="5273785374"/>
    <nd ref="5273785373"/>
    <nd ref="11006277185"/>
    <nd ref="11006277186"/>
    <nd ref="11006277187"/>
    <nd ref="5273785372"/>
    <nd ref="5273785371"/>
    <nd ref="5273785370"/>
    <nd ref="11006314798"/>
    <nd ref="5273785369"/>
    <nd ref="5273785368"/>
    <nd ref="5273785367"/>
    <nd ref="5273785366"/>
    <nd ref="5273785365"/>
    <nd ref="5273785364"/>
    <nd ref="5273785363"/>
    <nd ref="5273785362"/>
    <nd ref="5273785361"/>
    <nd ref="5273785360"/>
    <nd ref="5273785359"/>
    <nd ref="5273785358"/>
    <nd ref="5273785357"/>
    <nd ref="5273785356"/>
    <tag k="highway" v="service"/>
  </way>
  <way id="637803209">
    <nd ref="2584490128"/>
    <nd ref="6012277470"/>
    <nd ref="11016423524"/>
    <nd ref="6012277471"/>
    <nd ref="6012277472"/>
    <nd ref="6012277473"/>
    <nd ref="11016423525"/>
    <nd ref="6012277474"/>
    <nd ref="11016423526"/>
    <nd ref="6012277475"/>
    <nd ref="6012277476"/>
    <nd ref="11016423564"/>
    <nd ref="11016423565"/>
    <nd ref="6012277477"/>
    <nd ref="6012277478"/>
    <nd ref="11016423566"/>
    <nd ref="11016423567"/>
    <nd ref="6012277479"/>
    <nd ref="6012277480"/>
    <nd ref="11016423568"/>
    <nd ref="6012277481"/>
    <nd ref="11016423569"/>
    <nd ref="6012277482"/>
    <nd ref="6012277483"/>
    <nd ref="6012277484"/>
    <nd ref="11016423571"/>
    <nd ref="6012279785"/>
    <nd ref="6012279786"/>
    <nd ref="6012279787"/>
    <nd ref="6012279822"/>
    <nd ref="6012279788"/>
    <nd ref="6012279789"/>
    <nd ref="6012279790"/>
    <nd ref="11016423573"/>
    <nd ref="6012279791"/>
    <nd ref="6012279792"/>
    <nd ref="6012279793"/>
    <nd ref="6012279794"/>
    <nd ref="6012279795"/>
    <nd ref="6012279796"/>
    <nd ref="6012279797"/>
    <nd ref="11016423574"/>
    <nd ref="11016423575"/>
    <nd ref="6012279798"/>
    <nd ref="6012279799"/>
    <nd ref="6012279800"/>
    <nd ref="6012279801"/>
    <nd ref="11016423590"/>
    <nd ref="11016423591"/>
    <nd ref="6012279802"/>
    <nd ref="11016423592"/>
    <nd ref="6012279803"/>
    <nd ref="11016423593"/>
    <nd ref="6012279804"/>
    <nd ref="6012279805"/>
    <nd ref="6012279806"/>
    <nd ref="11016423595"/>
    <nd ref="11016423594"/>
    <nd ref="6012279807"/>
    <nd ref="11016423596"/>
    <nd ref="6012279808"/>
    <nd ref="6012279809"/>
    <nd ref="6012279810"/>
    <nd ref="11016423597"/>
    <nd ref="6012279811"/>
    <nd ref="11016423598"/>
    <nd ref="6012279812"/>
    <nd ref="11016423599"/>
    <nd ref="11016423600"/>
    <nd ref="6012279813"/>
    <nd ref="6012279814"/>
    <nd ref="6012279815"/>
    <nd ref="6012279816"/>
    <nd ref="11016432720"/>
    <nd ref="6012279817"/>
    <nd ref="6012279818"/>
    <nd ref="6012279819"/>
    <tag k="highway" v="unclassified"/>
  </way>
  <way id="637803210">
    <nd ref="6012279785"/>
    <nd ref="11016423572"/>
    <nd ref="6012279820"/>
    <nd ref="6012279821"/>
    <tag k="highway" v="unclassified"/>
  </way>
  <way id="637803211">
    <nd ref="6012279822"/>
    <nd ref="6012279823"/>
    <nd ref="6012279824"/>
    <nd ref="6012279821"/>
    <nd ref="11016423570"/>
    <nd ref="6012279825"/>
    <nd ref="6012279826"/>
    <nd ref="6012279827"/>
    <nd ref="6012279828"/>
    <nd ref="6012279829"/>
    <nd ref="6012279830"/>
    <nd ref="6012279831"/>
    <nd ref="6012279832"/>
    <nd ref="6012279833"/>
    <nd ref="6012279834"/>
    <nd ref="11016423589"/>
    <nd ref="6012279835"/>
    <nd ref="6012279836"/>
    <nd ref="6012279837"/>
    <nd ref="6012279838"/>
    <nd ref="11016423588"/>
    <nd ref="11016423587"/>
    <nd ref="6012279839"/>
    <nd ref="6012279840"/>
    <nd ref="6012279841"/>
    <nd ref="6012279842"/>
    <nd ref="6012279843"/>
    <nd ref="6012279844"/>
    <nd ref="6012279845"/>
    <nd ref="11016423586"/>
    <nd ref="6012279846"/>
    <nd ref="6012279847"/>
    <nd ref="6012279848"/>
    <nd ref="6012279849"/>
    <nd ref="6012279850"/>
    <nd ref="6012279851"/>
    <nd ref="11016423585"/>
    <nd ref="11016423584"/>
    <nd ref="11016423583"/>
    <nd ref="6012279852"/>
    <nd ref="6012279853"/>
    <nd ref="6012279854"/>
    <nd ref="6012279855"/>
    <nd ref="6012279856"/>
    <nd ref="6012279857"/>
    <nd ref="6012279858"/>
    <nd ref="6012279859"/>
    <nd ref="6012279860"/>
    <nd ref="6012279861"/>
    <nd ref="6012279862"/>
    <nd ref="6012279863"/>
    <nd ref="6012279864"/>
    <nd ref="6012279865"/>
    <nd ref="6012279866"/>
    <nd ref="6012279867"/>
    <nd ref="11016423582"/>
    <nd ref="6012279868"/>
    <nd ref="6012279869"/>
    <nd ref="6012279870"/>
    <nd ref="6012279871"/>
    <nd ref="6012279872"/>
    <nd ref="6012279873"/>
    <nd ref="11016423581"/>
    <nd ref="6012279874"/>
    <nd ref="6012279875"/>
    <nd ref="6012279876"/>
    <nd ref="6012279877"/>
    <nd ref="6012279878"/>
    <nd ref="11016423580"/>
    <nd ref="6012279879"/>
    <nd ref="6012279880"/>
    <nd ref="6012279881"/>
    <nd ref="6012279882"/>
    <nd ref="6012279883"/>
    <nd ref="6012279884"/>
    <nd ref="6012279985"/>
    <nd ref="6012279986"/>
    <nd ref="6012279987"/>
    <nd ref="6012279988"/>
    <nd ref="6012279989"/>
    <nd ref="6012279990"/>
    <nd ref="6012279991"/>
    <nd ref="11016423579"/>
    <nd ref="11016423578"/>
    <nd ref="6012279992"/>
    <nd ref="6012279993"/>
    <nd ref="6012279994"/>
    <nd ref="6012279995"/>
    <nd ref="6012279996"/>
    <nd ref="6012279997"/>
    <nd ref="6012279998"/>
    <nd ref="6012279999"/>
    <nd ref="6012280000"/>
    <nd ref="11016423577"/>
    <nd ref="6012280001"/>
    <nd ref="6012280002"/>
    <nd ref="6012280003"/>
    <nd ref="6012280004"/>
    <nd ref="11016423576"/>
    <nd ref="6012280005"/>
    <nd ref="6012279800"/>
    <tag k="highway" v="unclassified"/>
  </way>
  <way id="637803212">
    <nd ref="6012279849"/>
    <nd ref="6012280006"/>
    <nd ref="6012280007"/>
    <nd ref="6012280008"/>
    <nd ref="6012280009"/>
    <nd ref="6012280010"/>
    <nd ref="6012279856"/>
    <tag k="highway" v="unclassified"/>
  </way>
  <way id="637803213">
    <nd ref="6012279873"/>
    <nd ref="6012280011"/>
    <nd ref="6012280012"/>
    <tag k="highway" v="unclassified"/>
  </way>
  <way id="637803214">
    <nd ref="6012277478"/>
    <nd ref="6012280013"/>
    <nd ref="6012280014"/>
    <nd ref="11016423527"/>
    <nd ref="6012280015"/>
    <nd ref="6012280016"/>
    <nd ref="6012280017"/>
    <nd ref="6012280018"/>
    <nd ref="6012280019"/>
    <nd ref="6012280020"/>
    <nd ref="6012280021"/>
    <nd ref="11016423528"/>
    <nd ref="6012280022"/>
    <nd ref="6012280023"/>
    <nd ref="11016423529"/>
    <nd ref="6012280024"/>
    <nd ref="6012280025"/>
    <nd ref="6012280026"/>
    <nd ref="6012280027"/>
    <nd ref="11016423530"/>
    <nd ref="6012280028"/>
    <nd ref="6012280029"/>
    <nd ref="6012280030"/>
    <nd ref="11016423531"/>
    <nd ref="6012280031"/>
    <nd ref="11016423532"/>
    <nd ref="6012280032"/>
    <nd ref="6012280033"/>
    <nd ref="6012280034"/>
    <nd ref="6012280035"/>
    <nd ref="6012280036"/>
    <nd ref="6012280037"/>
    <nd ref="6012280038"/>
    <nd ref="6012280039"/>
    <nd ref="6012280040"/>
    <nd ref="6012280041"/>
    <nd ref="6012280042"/>
    <nd ref="6012280043"/>
    <nd ref="6012280044"/>
    <nd ref="6012280045"/>
    <nd ref="6012280046"/>
    <nd ref="6012280047"/>
    <nd ref="11016423533"/>
    <nd ref="11016423534"/>
    <nd ref="11016423535"/>
    <nd ref="6012280048"/>
    <nd ref="6012280049"/>
    <nd ref="6012280050"/>
    <nd ref="6012280051"/>
    <nd ref="6012280052"/>
    <nd ref="6012280053"/>
    <nd ref="11016423536"/>
    <nd ref="6012280054"/>
    <nd ref="11016423537"/>
    <nd ref="11016423539"/>
    <nd ref="11016423538"/>
    <nd ref="6012280055"/>
    <nd ref="6012280056"/>
    <nd ref="6012280057"/>
    <nd ref="6012280058"/>
    <nd ref="6012280059"/>
    <nd ref="6012280060"/>
    <nd ref="6012280061"/>
    <nd ref="6012280062"/>
    <nd ref="11016423540"/>
    <tag k="highway" v="unclassified"/>
    <tag k="surface" v="unpaved"/>
  </way>
  <way id="709894027">
    <nd ref="6673684096"/>
    <nd ref="6673684094"/>
    <nd ref="6673684093"/>
    <nd ref="6673684092"/>
    <nd ref="6673684091"/>
    <nd ref="6673684090"/>
    <tag k="highway" v="service"/>
  </way>
  <way id="709894028">
    <nd ref="6673684111"/>
    <nd ref="6673684096"/>
    <nd ref="6673684095"/>
    <tag k="highway" v="service"/>
  </way>
  <way id="709894029">
    <nd ref="6673684110"/>
    <nd ref="6673684104"/>
    <tag k="highway" v="service"/>
  </way>
  <way id="709894030">
    <nd ref="6673684103"/>
    <nd ref="6673684112"/>
    <tag k="highway" v="service"/>
  </way>
  <way id="709894031">
    <nd ref="6673684101"/>
    <nd ref="4312163799"/>
    <tag k="highway" v="service"/>
  </way>
  <way id="709894032">
    <nd ref="6673684114"/>
    <nd ref="6673684098"/>
    <nd ref="11029770201"/>
    <nd ref="11029781340"/>
    <nd ref="11029770200"/>
    <nd ref="6673684097"/>
    <tag k="highway" v="service"/>
  </way>
  <way id="709894033">
    <nd ref="6673684118"/>
    <nd ref="6673684099"/>
    <nd ref="6673684100"/>
    <tag k="highway" v="service"/>
  </way>
  <way id="709894034">
    <nd ref="6673684107"/>
    <nd ref="6673684106"/>
    <nd ref="6673684105"/>
    <nd ref="6673684104"/>
    <nd ref="6673684103"/>
    <nd ref="6673684102"/>
    <nd ref="6673684101"/>
    <nd ref="6673684100"/>
    <nd ref="4312163798"/>
    <tag k="highway" v="service"/>
  </way>
  <way id="709894046">
    <nd ref="4312164017"/>
    <nd ref="6673684164"/>
    <nd ref="6673684163"/>
    <nd ref="6673684162"/>
    <nd ref="6673684161"/>
    <tag k="highway" v="service"/>
  </way>
  <way id="709894057">
    <nd ref="4430974013"/>
    <nd ref="11027047613"/>
    <nd ref="11027047614"/>
    <nd ref="11027047615"/>
    <nd ref="6673684238"/>
    <nd ref="6673684237"/>
    <nd ref="11027047616"/>
    <nd ref="11027047617"/>
    <nd ref="11027047618"/>
    <nd ref="6673684236"/>
    <nd ref="9454786647"/>
    <nd ref="11027047619"/>
    <nd ref="11027047620"/>
    <nd ref="6673684235"/>
    <nd ref="11027047621"/>
    <nd ref="9454786646"/>
    <nd ref="6673684234"/>
    <nd ref="6673684233"/>
    <nd ref="6673684232"/>
    <nd ref="11027047622"/>
    <nd ref="11027047623"/>
    <tag k="highway" v="service"/>
  </way>
  <way id="724613682">
    <nd ref="6795850204"/>
    <nd ref="11013956487"/>
    <nd ref="6957790844"/>
    <nd ref="6957790843"/>
    <nd ref="4150366799"/>
    <nd ref="6957790842"/>
    <nd ref="6795850201"/>
    <nd ref="6957790841"/>
    <nd ref="4150366798"/>
    <nd ref="4150366797"/>
    <nd ref="7474177624"/>
    <nd ref="4150366796"/>
    <nd ref="11013956489"/>
    <nd ref="7474177626"/>
    <nd ref="7474177625"/>
    <nd ref="7474177627"/>
    <nd ref="11013956490"/>
    <nd ref="11013956491"/>
    <nd ref="4150366795"/>
    <nd ref="6795844556"/>
    <nd ref="11013956493"/>
    <nd ref="4150366794"/>
    <nd ref="11013956494"/>
    <nd ref="11013956495"/>
    <nd ref="4150366793"/>
    <nd ref="4150366792"/>
    <nd ref="6957790877"/>
    <nd ref="11013956496"/>
    <nd ref="7474177623"/>
    <nd ref="4150366791"/>
    <nd ref="4150366790"/>
    <nd ref="11013956497"/>
    <nd ref="11015047204"/>
    <nd ref="11015047196"/>
    <nd ref="11015047197"/>
    <nd ref="4150366789"/>
    <nd ref="11015047198"/>
    <nd ref="6957790876"/>
    <nd ref="11013956498"/>
    <nd ref="11013956499"/>
    <nd ref="11013956500"/>
    <nd ref="4150366188"/>
    <nd ref="4150366187"/>
    <nd ref="11013956501"/>
    <nd ref="6957790875"/>
    <nd ref="11013956502"/>
    <nd ref="11013956503"/>
    <nd ref="4150366186"/>
    <nd ref="4150366185"/>
    <nd ref="11013956504"/>
    <nd ref="11013957805"/>
    <nd ref="6957790874"/>
    <nd ref="11013957806"/>
    <nd ref="6957790873"/>
    <nd ref="6957790872"/>
    <nd ref="4150366184"/>
    <nd ref="11013957807"/>
    <nd ref="11013957808"/>
    <nd ref="4150366183"/>
    <nd ref="4150366182"/>
    <nd ref="7474177615"/>
    <nd ref="6795844570"/>
    <nd ref="7474177614"/>
    <nd ref="11013957809"/>
    <nd ref="6795844574"/>
    <nd ref="7474177612"/>
    <nd ref="7474177613"/>
    <nd ref="4150366181"/>
    <nd ref="7474177611"/>
    <nd ref="7474177609"/>
    <nd ref="7474177610"/>
    <nd ref="4150366180"/>
    <nd ref="7357068184"/>
    <nd ref="11013957810"/>
    <nd ref="7357099085"/>
    <nd ref="6795844579"/>
    <nd ref="7474177608"/>
    <nd ref="4150366179"/>
    <nd ref="11013957813"/>
    <nd ref="6795844578"/>
    <nd ref="4150366178"/>
    <nd ref="7357100785"/>
    <nd ref="6957790864"/>
    <nd ref="6957790865"/>
    <nd ref="7357041052"/>
    <nd ref="7357041053"/>
    <nd ref="6957790860"/>
    <nd ref="11013956486"/>
    <nd ref="6957790859"/>
    <nd ref="6957790858"/>
    <nd ref="7474177607"/>
    <nd ref="4150366177"/>
    <nd ref="6957790857"/>
    <nd ref="6795844577"/>
    <nd ref="6957790854"/>
    <nd ref="7357049931"/>
    <nd ref="6957790853"/>
    <nd ref="4150366176"/>
    <nd ref="6957790852"/>
    <nd ref="7474177629"/>
    <nd ref="6795844580"/>
    <nd ref="6795844581"/>
    <nd ref="7702736635"/>
    <nd ref="6795844582"/>
    <nd ref="4150366175"/>
    <tag k="highway" v="track"/>
    <tag k="motor_vehicle" v="permissive"/>
    <tag k="surface" v="concrete"/>
    <tag k="tracktype" v="grade1"/>
  </way>
  <way id="724613696">
    <nd ref="6795850204"/>
    <nd ref="6957790846"/>
    <nd ref="6957790845"/>
    <nd ref="6795850205"/>
    <nd ref="6795850206"/>
    <tag k="highway" v="service"/>
    <tag k="surface" v="sett"/>
  </way>
  <way id="724613697">
    <nd ref="987501796"/>
    <nd ref="4431005287"/>
    <nd ref="6795850163"/>
    <nd ref="4431005689"/>
    <nd ref="6795850208"/>
    <nd ref="6795850210"/>
    <nd ref="6795850211"/>
    <nd ref="6795850213"/>
    <nd ref="6795850204"/>
    <tag k="highway" v="service"/>
  </way>
  <way id="798269799">
    <nd ref="7466194163"/>
    <nd ref="7466194181"/>
    <nd ref="7466194182"/>
    <tag k="highway" v="track"/>
    <tag k="tracktype" v="grade3"/>
  </way>
  <way id="798269800">
    <nd ref="7466194182"/>
    <nd ref="7466194164"/>
    <tag k="bridge" v="yes"/>
    <tag k="highway" v="track"/>
    <tag k="layer" v="1"/>
    <tag k="tracktype" v="grade3"/>
  </way>
  <way id="798269801">
    <nd ref="7466194164"/>
    <nd ref="11016900308"/>
    <nd ref="7466194165"/>
    <nd ref="7466194166"/>
    <nd ref="7466194167"/>
    <nd ref="7466194168"/>
    <nd ref="7466194169"/>
    <nd ref="7466194170"/>
    <nd ref="7466194171"/>
    <nd ref="7466194172"/>
    <nd ref="7466197092"/>
    <nd ref="7466194173"/>
    <nd ref="7466194174"/>
    <nd ref="7466194175"/>
    <nd ref="7466194176"/>
    <nd ref="7466194177"/>
    <nd ref="11016900311"/>
    <nd ref="11016900310"/>
    <nd ref="7466194178"/>
    <nd ref="7466194179"/>
    <nd ref="7466194180"/>
    <nd ref="2584525132"/>
    <tag k="highway" v="track"/>
    <tag k="tracktype" v="grade3"/>
  </way>
  <way id="798269802">
    <nd ref="7466194165"/>
    <nd ref="7466194183"/>
    <nd ref="7466194184"/>
    <nd ref="11016900309"/>
    <nd ref="7466197085"/>
    <nd ref="7466197086"/>
    <nd ref="7466197087"/>
    <nd ref="7466197088"/>
    <nd ref="7466197089"/>
    <nd ref="7466197090"/>
    <nd ref="7466197091"/>
    <nd ref="7466197092"/>
    <tag k="highway" v="track"/>
    <tag k="tracktype" v="grade3"/>
  </way>
  <way id="831121506">
    <nd ref="3707841630"/>
    <nd ref="7760307429"/>
    <nd ref="4431033508"/>
    <nd ref="4431033503"/>
    <nd ref="4431033500"/>
    <nd ref="4431033496"/>
    <nd ref="3707841565"/>
    <nd ref="4431031685"/>
    <nd ref="4431031683"/>
    <nd ref="3707841564"/>
    <nd ref="11006708244"/>
    <nd ref="11006708245"/>
    <nd ref="11006708243"/>
    <nd ref="11006708246"/>
    <nd ref="3707841548"/>
    <nd ref="11006708248"/>
    <nd ref="11006708247"/>
    <nd ref="4431031678"/>
    <nd ref="4431031677"/>
    <nd ref="3707841539"/>
    <nd ref="11006708249"/>
    <nd ref="4431031676"/>
    <nd ref="3707841538"/>
    <nd ref="11006708250"/>
    <nd ref="11006708251"/>
    <nd ref="11006708252"/>
    <nd ref="3707841532"/>
    <nd ref="11006708253"/>
    <nd ref="11006708254"/>
    <nd ref="11006708255"/>
    <nd ref="11006708256"/>
    <nd ref="11006708257"/>
    <nd ref="7760318710"/>
    <nd ref="11006708275"/>
    <nd ref="11006708276"/>
    <nd ref="11006708277"/>
    <nd ref="11006708278"/>
    <nd ref="11006708279"/>
    <nd ref="7760318711"/>
    <tag k="highway" v="service"/>
  </way>
  <way id="831121508">
    <nd ref="7760307433"/>
    <nd ref="7760307434"/>
    <nd ref="7760307435"/>
    <nd ref="7760307436"/>
    <nd ref="7760307437"/>
    <tag k="highway" v="service"/>
    <tag k="service" v="alley"/>
  </way>
  <way id="831121509">
    <nd ref="3707841630"/>
    <nd ref="7760307454"/>
    <nd ref="7760307433"/>
    <nd ref="7760307432"/>
    <nd ref="7760307431"/>
    <nd ref="7760307463"/>
    <nd ref="7760307438"/>
    <nd ref="7760307439"/>
    <nd ref="7760307440"/>
    <nd ref="7760307441"/>
    <nd ref="7760307442"/>
    <tag k="highway" v="service"/>
    <tag k="name" v="福山街"/>
    <tag k="service" v="alley"/>
  </way>
  <way id="831121512">
    <nd ref="7760307445"/>
    <nd ref="7760307464"/>
    <nd ref="7760307465"/>
    <nd ref="7760307466"/>
    <nd ref="7760307467"/>
    <nd ref="7760307468"/>
    <nd ref="7760307469"/>
    <tag k="highway" v="service"/>
  </way>
  <way id="831121513">
    <nd ref="7760307470"/>
    <nd ref="7760307469"/>
    <tag k="bridge" v="yes"/>
    <tag k="highway" v="service"/>
    <tag k="layer" v="1"/>
    <tag k="name" v="南湖三號橋"/>
  </way>
  <way id="831121514">
    <nd ref="7760307470"/>
    <nd ref="7760307474"/>
    <nd ref="7760307475"/>
    <nd ref="8692699110"/>
    <nd ref="7760307476"/>
    <nd ref="8692699101"/>
    <nd ref="7760307477"/>
    <nd ref="7760307478"/>
    <nd ref="7760307479"/>
    <nd ref="7760307480"/>
    <tag k="highway" v="service"/>
    <tag k="name" v="福山街"/>
  </way>
  <way id="831121515">
    <nd ref="3707841736"/>
    <nd ref="9104711827"/>
    <nd ref="7760318587"/>
    <nd ref="11005896678"/>
    <nd ref="7760318588"/>
    <nd ref="11005896677"/>
    <nd ref="7760318589"/>
    <nd ref="7760318590"/>
    <nd ref="11005896676"/>
    <nd ref="9104711836"/>
    <nd ref="4430931992"/>
    <nd ref="2833162125"/>
    <nd ref="11005896696"/>
    <nd ref="4430931991"/>
    <nd ref="11005896697"/>
    <nd ref="4430931990"/>
    <nd ref="4430931989"/>
    <nd ref="2833162126"/>
    <nd ref="11005896698"/>
    <nd ref="4430931788"/>
    <nd ref="4430931787"/>
    <nd ref="2833162127"/>
    <nd ref="9104711845"/>
    <nd ref="4430931786"/>
    <nd ref="9104711846"/>
    <nd ref="5527907472"/>
    <nd ref="2833162129"/>
    <nd ref="11006276909"/>
    <nd ref="11890758765"/>
    <nd ref="11005896700"/>
    <nd ref="11005906419"/>
    <nd ref="2833162130"/>
    <tag k="highway" v="residential"/>
    <tag k="name" v="東興路"/>
  </way>
  <way id="831121516">
    <nd ref="7760318592"/>
    <nd ref="7760318591"/>
    <tag k="bridge" v="yes"/>
    <tag k="highway" v="residential"/>
    <tag k="layer" v="1"/>
    <tag k="name" v="福山街"/>
  </way>
  <way id="831121517">
    <nd ref="7760318593"/>
    <nd ref="412685656"/>
    <tag k="highway" v="tertiary"/>
    <tag k="name" v="福山街"/>
    <tag k="ref" v="宜63"/>
    <tag k="ref:en" v="IL63"/>
    <tag k="ref:zh" v="宜63"/>
  </way>
  <way id="831121518">
    <nd ref="7760318595"/>
    <nd ref="7760318593"/>
    <tag k="bridge" v="yes"/>
    <tag k="highway" v="tertiary"/>
    <tag k="layer" v="1"/>
    <tag k="name" v="福山街"/>
    <tag k="ref" v="宜63"/>
    <tag k="ref:en" v="IL63"/>
    <tag k="ref:zh" v="宜63"/>
  </way>
  <way id="831121527">
    <nd ref="7760318684"/>
    <nd ref="412685656"/>
    <tag k="highway" v="tertiary"/>
    <tag k="name" v="福山街"/>
    <tag k="ref" v="宜63"/>
    <tag k="ref:en" v="IL63"/>
    <tag k="ref:zh" v="宜63"/>
  </way>
  <way id="831121528">
    <nd ref="7760318685"/>
    <nd ref="7760318684"/>
    <tag k="bridge" v="yes"/>
    <tag k="highway" v="tertiary"/>
    <tag k="layer" v="1"/>
    <tag k="name" v="天送埤二號橋"/>
    <tag k="ref" v="宜63"/>
    <tag k="ref:en" v="IL63"/>
    <tag k="ref:zh" v="宜63"/>
  </way>
  <way id="831121532">
    <nd ref="8692445946"/>
    <nd ref="11006277292"/>
    <nd ref="11006277291"/>
    <nd ref="11006277290"/>
    <nd ref="11006277289"/>
    <nd ref="11006277288"/>
    <nd ref="8692445922"/>
    <nd ref="11006277287"/>
    <nd ref="11006277281"/>
    <nd ref="8692704545"/>
    <nd ref="11006424956"/>
    <nd ref="8692445923"/>
    <nd ref="11006277286"/>
    <nd ref="8692445924"/>
    <nd ref="8692704534"/>
    <nd ref="11006277285"/>
    <nd ref="8692445925"/>
    <nd ref="11006277284"/>
    <nd ref="8692445926"/>
    <nd ref="11006277283"/>
    <nd ref="11006277282"/>
    <nd ref="8692445927"/>
    <nd ref="8692445928"/>
    <nd ref="8692445929"/>
    <nd ref="8692445930"/>
    <nd ref="8692445931"/>
    <nd ref="8692445932"/>
    <nd ref="8692445933"/>
    <nd ref="8692445934"/>
    <nd ref="8692445935"/>
    <nd ref="8692445936"/>
    <nd ref="8692445937"/>
    <nd ref="8692445938"/>
    <nd ref="8692445939"/>
    <nd ref="8692445940"/>
    <nd ref="8692445941"/>
    <nd ref="8692445942"/>
    <nd ref="8692445943"/>
    <nd ref="8692445944"/>
    <nd ref="8692445945"/>
    <tag k="highway" v="service"/>
    <tag k="name" v="下湖路"/>
  </way>
  <way id="831121533">
    <nd ref="7760318707"/>
    <nd ref="4526551153"/>
    <tag k="bridge" v="yes"/>
    <tag k="highway" v="service"/>
    <tag k="layer" v="1"/>
    <tag k="name" v="下湖橋"/>
    <tag k="ref" v="農宜三24"/>
  </way>
  <way id="831121534">
    <nd ref="7760318708"/>
    <nd ref="11006277305"/>
    <nd ref="4526551172"/>
    <nd ref="4526551171"/>
    <nd ref="4526551170"/>
    <nd ref="11006277302"/>
    <nd ref="4526551169"/>
    <nd ref="4526551168"/>
    <nd ref="7760318707"/>
    <tag k="highway" v="service"/>
    <tag k="name" v="南湖路"/>
    <tag k="ref" v="農宜三24"/>
  </way>
  <way id="831121535">
    <nd ref="7760318709"/>
    <nd ref="7760318708"/>
    <tag k="bridge" v="yes"/>
    <tag k="highway" v="service"/>
    <tag k="layer" v="1"/>
  </way>
  <way id="831121536">
    <nd ref="11006708269"/>
    <nd ref="11006708273"/>
    <nd ref="11006708272"/>
    <nd ref="11006708271"/>
    <nd ref="11006708270"/>
    <nd ref="11006708268"/>
    <nd ref="11006708266"/>
    <nd ref="7760318713"/>
    <nd ref="11006708267"/>
    <nd ref="7760318714"/>
    <nd ref="7760318715"/>
    <nd ref="11006708235"/>
    <nd ref="11006708236"/>
    <nd ref="7760318716"/>
    <nd ref="11006714288"/>
    <nd ref="11006708237"/>
    <nd ref="11006708238"/>
    <nd ref="11006708241"/>
    <nd ref="7760318717"/>
    <nd ref="11006708242"/>
    <nd ref="7760318718"/>
    <nd ref="7760318719"/>
    <tag k="highway" v="service"/>
  </way>
  <way id="831121537">
    <nd ref="7760318711"/>
    <nd ref="11006708269"/>
    <tag k="bridge" v="yes"/>
    <tag k="highway" v="service"/>
    <tag k="layer" v="1"/>
  </way>
  <way id="831121538">
    <nd ref="11006708272"/>
    <nd ref="11006708274"/>
    <nd ref="7760318712"/>
    <nd ref="7760318720"/>
    <tag k="highway" v="track"/>
  </way>
  <way id="906562954">
    <nd ref="2584473033"/>
    <nd ref="12574061340"/>
    <nd ref="300593541"/>
    <nd ref="2584473035"/>
    <nd ref="2584473036"/>
    <nd ref="300593542"/>
    <nd ref="2584473037"/>
    <nd ref="11004356673"/>
    <nd ref="11004356674"/>
    <nd ref="8418291683"/>
    <tag k="highway" v="primary"/>
    <tag k="maxspeed" v="50"/>
    <tag k="name" v="員山路三段"/>
    <tag k="name:en" v="Yuanshan Road Section 3"/>
    <tag k="name:nan" v="Îⁿ-soaⁿ-lō͘ 3-tōaⁿ"/>
    <tag k="name:nan-Hant" v="員山路三段"/>
    <tag k="name:nan-Latn-pehoeji" v="Îⁿ-soaⁿ-lō͘ 3-tōaⁿ"/>
    <tag k="name:nan-Latn-tailo" v="ÎNN-suann-lōo 3-tuānn"/>
    <tag k="name:zh" v="員山路三段"/>
    <tag k="ref" v="7"/>
    <tag k="ref:en" v="Provincial Highway 7"/>
    <tag k="ref:zh" v="台7線"/>
  </way>
  <way id="906562955">
    <nd ref="11016894897"/>
    <nd ref="300593472"/>
    <nd ref="2584473002"/>
    <nd ref="2178262211"/>
    <nd ref="2584473003"/>
    <nd ref="300593474"/>
    <nd ref="2178262229"/>
    <tag k="highway" v="primary"/>
    <tag k="maxspeed" v="50"/>
    <tag k="name" v="泰雅路二段"/>
    <tag k="name:en" v="Section 2, Taiya Road"/>
    <tag k="name:nan" v="Thài-ngá-lō͘ 2-tōaⁿ"/>
    <tag k="name:nan-Hant" v="泰雅路二段"/>
    <tag k="name:nan-Latn-pehoeji" v="Thài-ngá-lō͘ 2-tōaⁿ"/>
    <tag k="name:nan-Latn-tailo" v="Thài-ngá-lōo 2-tuānn"/>
    <tag k="name:zh" v="泰雅路二段"/>
    <tag k="ref" v="7"/>
    <tag k="ref:en" v="Provincial Highway 7"/>
    <tag k="ref:zh" v="台7線"/>
  </way>
  <way id="927236043">
    <nd ref="8603122071"/>
    <nd ref="8603122072"/>
    <nd ref="8603122073"/>
    <nd ref="8603122074"/>
    <nd ref="8603122075"/>
    <nd ref="8603122076"/>
    <nd ref="8603122077"/>
    <nd ref="8603122078"/>
    <nd ref="8603122079"/>
    <nd ref="8603122080"/>
    <nd ref="8603122081"/>
    <nd ref="8603122082"/>
    <nd ref="8603122083"/>
    <nd ref="8603122084"/>
    <nd ref="8603122085"/>
    <nd ref="8603122086"/>
    <nd ref="8603122087"/>
    <nd ref="8603122088"/>
    <nd ref="8603122089"/>
    <nd ref="8603122090"/>
    <nd ref="8603122091"/>
    <nd ref="8603122092"/>
    <nd ref="8603122093"/>
    <nd ref="8603122094"/>
    <nd ref="8603122095"/>
    <nd ref="8603122096"/>
    <nd ref="987453136"/>
    <tag k="highway" v="track"/>
    <tag k="source" v="maxar"/>
  </way>
  <way id="927236044">
    <nd ref="8692345373"/>
    <nd ref="8692345372"/>
    <nd ref="8692345371"/>
    <nd ref="8692345370"/>
    <nd ref="8692345369"/>
    <nd ref="8692345368"/>
    <nd ref="8692345367"/>
    <nd ref="8603122097"/>
    <nd ref="8603122098"/>
    <nd ref="8603122099"/>
    <nd ref="8603122100"/>
    <nd ref="8603122101"/>
    <nd ref="8603122102"/>
    <nd ref="8603122103"/>
    <nd ref="8603122104"/>
    <nd ref="11029781361"/>
    <nd ref="8603122105"/>
    <nd ref="11028895057"/>
    <nd ref="11028895058"/>
    <nd ref="8603122106"/>
    <nd ref="11028895059"/>
    <nd ref="8603122107"/>
    <nd ref="8603122108"/>
    <nd ref="11028895060"/>
    <nd ref="11028895061"/>
    <nd ref="8603122111"/>
    <nd ref="11028895062"/>
    <nd ref="8603122112"/>
    <nd ref="11028895063"/>
    <nd ref="8603122113"/>
    <nd ref="11028895064"/>
    <nd ref="11028895065"/>
    <nd ref="8603122114"/>
    <nd ref="11028895066"/>
    <nd ref="11028895067"/>
    <nd ref="11028895068"/>
    <nd ref="3109149553"/>
    <tag k="highway" v="residential"/>
    <tag k="source" v="maxar"/>
  </way>
  <way id="938274022">
    <nd ref="8692345374"/>
    <nd ref="8692345381"/>
    <nd ref="8692345375"/>
    <nd ref="8692345376"/>
    <nd ref="8692345377"/>
    <nd ref="8692345382"/>
    <nd ref="8692345378"/>
    <nd ref="8692345383"/>
    <nd ref="8692345379"/>
    <nd ref="8692345380"/>
    <tag k="highway" v="track"/>
  </way>
  <way id="938274023">
    <nd ref="4312163794"/>
    <nd ref="4312163795"/>
    <nd ref="4312163796"/>
    <tag k="highway" v="service"/>
    <tag k="name" v="三星路八段236巷"/>
  </way>
  <way id="938274024">
    <nd ref="4312163817"/>
    <nd ref="4312163818"/>
    <nd ref="11028921822"/>
    <nd ref="4312163819"/>
    <nd ref="4312163820"/>
    <nd ref="11028921823"/>
    <nd ref="11028921824"/>
    <nd ref="11028921825"/>
    <nd ref="4312163821"/>
    <nd ref="4312163822"/>
    <nd ref="11028921826"/>
    <nd ref="11028921827"/>
    <nd ref="11028921828"/>
    <nd ref="4312163823"/>
    <nd ref="4312163824"/>
    <nd ref="4312163825"/>
    <nd ref="4312163826"/>
    <nd ref="4312163827"/>
    <nd ref="11028921829"/>
    <nd ref="11028921830"/>
    <nd ref="11028921831"/>
    <nd ref="11028921832"/>
    <nd ref="11028921833"/>
    <tag k="highway" v="service"/>
    <tag k="name" v="="/>
  </way>
  <way id="938274025">
    <nd ref="8692345384"/>
    <nd ref="4312163817"/>
    <tag k="bridge" v="yes"/>
    <tag k="highway" v="service"/>
    <tag k="layer" v="1"/>
    <tag k="name" v="三星路八段238巷"/>
  </way>
  <way id="938274026">
    <nd ref="4312163796"/>
    <nd ref="8692345385"/>
    <tag k="highway" v="service"/>
    <tag k="name" v="三星路八段238巷"/>
  </way>
  <way id="938274027">
    <nd ref="8692345385"/>
    <nd ref="4312163800"/>
    <tag k="bridge" v="yes"/>
    <tag k="highway" v="service"/>
    <tag k="layer" v="1"/>
  </way>
  <way id="938274028">
    <nd ref="8692345386"/>
    <nd ref="8692345393"/>
    <nd ref="8692345387"/>
    <nd ref="8692345388"/>
    <nd ref="11028921811"/>
    <nd ref="11028921810"/>
    <nd ref="8692345389"/>
    <nd ref="11028921812"/>
    <nd ref="8692345390"/>
    <nd ref="11028921813"/>
    <nd ref="8692345391"/>
    <nd ref="8692345392"/>
    <nd ref="11028921814"/>
    <tag k="highway" v="track"/>
  </way>
  <way id="938274029">
    <nd ref="8692345393"/>
    <nd ref="8692345394"/>
    <nd ref="8692345395"/>
    <nd ref="8692345396"/>
    <nd ref="8692345397"/>
    <tag k="highway" v="track"/>
  </way>
  <way id="938274030">
    <nd ref="8692345398"/>
    <nd ref="8692345399"/>
    <nd ref="8692345400"/>
    <tag k="highway" v="track"/>
  </way>
  <way id="938274031">
    <nd ref="8692345401"/>
    <nd ref="4312163842"/>
    <nd ref="11028921821"/>
    <nd ref="11028921820"/>
    <nd ref="4312163843"/>
    <tag k="highway" v="service"/>
    <tag k="name" v="三星路八段236巷"/>
  </way>
  <way id="938274032">
    <nd ref="8692345402"/>
    <nd ref="8692345401"/>
    <tag k="bridge" v="yes"/>
    <tag k="highway" v="service"/>
    <tag k="layer" v="1"/>
  </way>
  <way id="938274033">
    <nd ref="8692345403"/>
    <nd ref="8692345404"/>
    <nd ref="8692345405"/>
    <nd ref="11006277206"/>
    <nd ref="8692345406"/>
    <nd ref="11006277207"/>
    <nd ref="8692345416"/>
    <nd ref="8692345407"/>
    <nd ref="8692345408"/>
    <nd ref="11006277208"/>
    <nd ref="11028894971"/>
    <nd ref="8692345409"/>
    <nd ref="11006277209"/>
    <nd ref="8692445546"/>
    <nd ref="8692345410"/>
    <nd ref="8692345411"/>
    <nd ref="11028894968"/>
    <nd ref="11028894982"/>
    <nd ref="8692345412"/>
    <nd ref="11028894967"/>
    <nd ref="8692445519"/>
    <nd ref="8692445543"/>
    <nd ref="8692445520"/>
    <nd ref="11028894966"/>
    <nd ref="11028894965"/>
    <nd ref="8692445521"/>
    <nd ref="11028894964"/>
    <nd ref="11028894963"/>
    <nd ref="8692445522"/>
    <nd ref="8692445523"/>
    <nd ref="8692445524"/>
    <nd ref="8692445545"/>
    <nd ref="8692445542"/>
    <nd ref="8692445544"/>
    <nd ref="8692445525"/>
    <nd ref="8692445526"/>
    <nd ref="8692445527"/>
    <nd ref="8692445540"/>
    <nd ref="11028894959"/>
    <nd ref="8692445528"/>
    <nd ref="8692445541"/>
    <nd ref="8692445529"/>
    <nd ref="8692445530"/>
    <nd ref="8692445537"/>
    <nd ref="8692445531"/>
    <nd ref="11028894960"/>
    <nd ref="11028894911"/>
    <nd ref="8692445532"/>
    <nd ref="11028894912"/>
    <nd ref="8692445533"/>
    <nd ref="8692445534"/>
    <nd ref="11028894913"/>
    <nd ref="8692445535"/>
    <nd ref="8692445536"/>
    <nd ref="11028894919"/>
    <nd ref="11028894918"/>
    <nd ref="8692445547"/>
    <nd ref="8692445548"/>
    <nd ref="11028894920"/>
    <nd ref="8692445549"/>
    <nd ref="8692445550"/>
    <nd ref="8692445551"/>
    <nd ref="11028894921"/>
    <nd ref="8692445552"/>
    <nd ref="8692445553"/>
    <nd ref="8692445554"/>
    <nd ref="8692445555"/>
    <nd ref="8692445556"/>
    <nd ref="11028894926"/>
    <nd ref="11028894927"/>
    <nd ref="8692445557"/>
    <nd ref="8692445558"/>
    <nd ref="8692445559"/>
    <nd ref="11028894930"/>
    <nd ref="11028894931"/>
    <nd ref="11028894932"/>
    <nd ref="11028894933"/>
    <nd ref="8692445560"/>
    <nd ref="8692445561"/>
    <nd ref="11028894934"/>
    <nd ref="8692445562"/>
    <nd ref="11028894935"/>
    <nd ref="8692445563"/>
    <nd ref="8692445564"/>
    <nd ref="8692445565"/>
    <nd ref="8692445566"/>
    <nd ref="8692445567"/>
    <nd ref="8692445568"/>
    <nd ref="11028894936"/>
    <nd ref="11028894937"/>
    <nd ref="8692445569"/>
    <nd ref="8692445570"/>
    <nd ref="8692445571"/>
    <nd ref="8692445572"/>
    <nd ref="8692445573"/>
    <nd ref="8692445574"/>
    <nd ref="11006277210"/>
    <nd ref="8692445575"/>
    <nd ref="8692445592"/>
    <nd ref="8692445576"/>
    <nd ref="8692445577"/>
    <nd ref="11028894939"/>
    <nd ref="8692445578"/>
    <nd ref="8692445579"/>
    <nd ref="8692445580"/>
    <nd ref="11028894938"/>
    <nd ref="8692445581"/>
    <nd ref="8692445582"/>
    <nd ref="8692445591"/>
    <nd ref="8692445583"/>
    <nd ref="11006277211"/>
    <nd ref="8692445584"/>
    <nd ref="8692445585"/>
    <nd ref="8692445586"/>
    <nd ref="8692445589"/>
    <nd ref="8692445590"/>
    <nd ref="8692445587"/>
    <nd ref="8692445588"/>
    <nd ref="8692445593"/>
    <nd ref="11006277212"/>
    <nd ref="11006277213"/>
    <nd ref="8692445645"/>
    <nd ref="8692445594"/>
    <nd ref="8692445644"/>
    <nd ref="8692445595"/>
    <nd ref="8692445596"/>
    <nd ref="11006277214"/>
    <nd ref="8692445637"/>
    <nd ref="8692445597"/>
    <nd ref="8692445638"/>
    <nd ref="8692445636"/>
    <nd ref="8692445598"/>
    <nd ref="8692445599"/>
    <nd ref="11006277215"/>
    <nd ref="8692445600"/>
    <nd ref="8692445601"/>
    <nd ref="8692445635"/>
    <nd ref="8692445633"/>
    <nd ref="8692445634"/>
    <nd ref="8692445602"/>
    <nd ref="8692445603"/>
    <nd ref="11006277216"/>
    <nd ref="8692445604"/>
    <nd ref="8692445605"/>
    <nd ref="8692445643"/>
    <nd ref="8692445606"/>
    <nd ref="8692445642"/>
    <nd ref="8692445607"/>
    <nd ref="8692445641"/>
    <nd ref="8692445608"/>
    <nd ref="8692445639"/>
    <nd ref="8692445640"/>
    <nd ref="8692445609"/>
    <nd ref="8692445610"/>
    <nd ref="8692445611"/>
    <nd ref="8692445612"/>
    <nd ref="8692445613"/>
    <nd ref="11006277219"/>
    <nd ref="11006277220"/>
    <nd ref="11006277221"/>
    <nd ref="11006277218"/>
    <nd ref="11006277217"/>
    <nd ref="8692445614"/>
    <nd ref="8692445615"/>
    <nd ref="11006277222"/>
    <nd ref="8692445616"/>
    <nd ref="8692445617"/>
    <nd ref="8692445618"/>
    <nd ref="11006277223"/>
    <nd ref="11006277224"/>
    <nd ref="11006277225"/>
    <nd ref="8692445619"/>
    <nd ref="11006277226"/>
    <nd ref="11006277227"/>
    <nd ref="11006277228"/>
    <nd ref="11006277229"/>
    <nd ref="11006277230"/>
    <nd ref="11006277231"/>
    <nd ref="11006277232"/>
    <nd ref="8692445620"/>
    <nd ref="8692445621"/>
    <nd ref="11006277233"/>
    <nd ref="8692445622"/>
    <nd ref="11006277234"/>
    <nd ref="11006277235"/>
    <nd ref="11006277236"/>
    <nd ref="8692445623"/>
    <nd ref="11006277237"/>
    <nd ref="11006277238"/>
    <nd ref="11006277239"/>
    <nd ref="11006277240"/>
    <nd ref="8692445624"/>
    <nd ref="11006277241"/>
    <nd ref="11006277242"/>
    <nd ref="11006277243"/>
    <nd ref="8692445625"/>
    <nd ref="11006277244"/>
    <nd ref="11006277245"/>
    <nd ref="11006277246"/>
    <nd ref="8692445626"/>
    <nd ref="11006277247"/>
    <nd ref="8692445627"/>
    <nd ref="11006277248"/>
    <nd ref="8692445628"/>
    <nd ref="8692445664"/>
    <nd ref="8692445665"/>
    <nd ref="11006277250"/>
    <nd ref="11006277249"/>
    <nd ref="8692445629"/>
    <nd ref="8692445630"/>
    <nd ref="11006277251"/>
    <nd ref="11006277252"/>
    <nd ref="11006277253"/>
    <nd ref="8692445631"/>
    <nd ref="11006277255"/>
    <nd ref="11006277254"/>
    <nd ref="8692445632"/>
    <nd ref="11006277256"/>
    <nd ref="11006277257"/>
    <nd ref="8692445646"/>
    <nd ref="8692445647"/>
    <nd ref="11006277258"/>
    <nd ref="8692445648"/>
    <nd ref="11006277259"/>
    <nd ref="8692445649"/>
    <nd ref="8692445650"/>
    <nd ref="8692445651"/>
    <nd ref="8692445652"/>
    <nd ref="11006277260"/>
    <nd ref="11006277261"/>
    <nd ref="8692445653"/>
    <nd ref="8692445654"/>
    <nd ref="11006277262"/>
    <nd ref="11006277263"/>
    <nd ref="11006277264"/>
    <nd ref="8692445655"/>
    <nd ref="8692445656"/>
    <nd ref="8692445657"/>
    <nd ref="8692445691"/>
    <nd ref="8692445690"/>
    <nd ref="8692445658"/>
    <nd ref="8692445659"/>
    <nd ref="8692445660"/>
    <nd ref="8692445661"/>
    <nd ref="8692445662"/>
    <nd ref="8692445663"/>
    <nd ref="8692445666"/>
    <nd ref="8692445689"/>
    <nd ref="8692445667"/>
    <nd ref="8692445668"/>
    <nd ref="8692445669"/>
    <nd ref="8692445670"/>
    <nd ref="8692445688"/>
    <nd ref="8692445671"/>
    <nd ref="8692445672"/>
    <nd ref="8692445673"/>
    <nd ref="8692445674"/>
    <nd ref="8692445686"/>
    <nd ref="8692445675"/>
    <nd ref="8692445687"/>
    <nd ref="8692445676"/>
    <nd ref="8692445677"/>
    <nd ref="8692445678"/>
    <nd ref="8692445679"/>
    <nd ref="8692445680"/>
    <nd ref="8692445681"/>
    <nd ref="8692445682"/>
    <nd ref="11006277273"/>
    <nd ref="8692445683"/>
    <nd ref="8692445684"/>
    <nd ref="8692445685"/>
    <nd ref="8692445692"/>
    <nd ref="8692445693"/>
    <nd ref="8692445694"/>
    <nd ref="8692445695"/>
    <nd ref="8692445696"/>
    <nd ref="8692445697"/>
    <nd ref="8692445698"/>
    <nd ref="8692445699"/>
    <nd ref="8692445700"/>
    <nd ref="8692445701"/>
    <nd ref="8692445702"/>
    <nd ref="8692445703"/>
    <nd ref="8692445704"/>
    <nd ref="8692445705"/>
    <nd ref="8692445706"/>
    <nd ref="8692445707"/>
    <nd ref="8692445708"/>
    <nd ref="8692445709"/>
    <nd ref="8692445710"/>
    <nd ref="8692445789"/>
    <nd ref="8692445711"/>
    <nd ref="8692445788"/>
    <nd ref="11006277274"/>
    <nd ref="8692445712"/>
    <nd ref="8692445787"/>
    <nd ref="8692445713"/>
    <nd ref="8692445790"/>
    <nd ref="8692445714"/>
    <nd ref="8692445791"/>
    <nd ref="8692445786"/>
    <nd ref="8692445715"/>
    <nd ref="8692445784"/>
    <nd ref="8692445716"/>
    <nd ref="8692445785"/>
    <nd ref="8692445717"/>
    <nd ref="8692445792"/>
    <nd ref="8692445718"/>
    <nd ref="8692445719"/>
    <nd ref="8692445720"/>
    <nd ref="8692445721"/>
    <nd ref="8692445783"/>
    <nd ref="8692445782"/>
    <nd ref="8692445722"/>
    <nd ref="8692445723"/>
    <nd ref="8692445781"/>
    <nd ref="8692445724"/>
    <nd ref="8692445780"/>
    <nd ref="8692445725"/>
    <nd ref="8692445726"/>
    <nd ref="8692445727"/>
    <nd ref="8692445728"/>
    <nd ref="8692445729"/>
    <nd ref="8692445779"/>
    <nd ref="8692445730"/>
    <nd ref="8692445778"/>
    <nd ref="8692445731"/>
    <nd ref="8692445732"/>
    <nd ref="8692445733"/>
    <nd ref="8692445734"/>
    <nd ref="8692445777"/>
    <nd ref="8692445775"/>
    <nd ref="8692445776"/>
    <nd ref="8692445735"/>
    <nd ref="8692445774"/>
    <nd ref="8692445736"/>
    <nd ref="11006277275"/>
    <nd ref="8692445737"/>
    <nd ref="8692445773"/>
    <nd ref="8692445738"/>
    <nd ref="8692445739"/>
    <nd ref="8692445770"/>
    <nd ref="8692445771"/>
    <nd ref="8692445740"/>
    <nd ref="8692445772"/>
    <nd ref="8692445741"/>
    <nd ref="8692445742"/>
    <nd ref="8692445743"/>
    <nd ref="8692445744"/>
    <nd ref="8692445745"/>
    <nd ref="11006277276"/>
    <nd ref="8692445746"/>
    <nd ref="8692445747"/>
    <nd ref="8692445748"/>
    <nd ref="11006277277"/>
    <nd ref="8692445749"/>
    <nd ref="11006277278"/>
    <nd ref="8692445768"/>
    <nd ref="8692445750"/>
    <nd ref="8692445769"/>
    <nd ref="8692445751"/>
    <nd ref="8692445767"/>
    <nd ref="8692445752"/>
    <nd ref="8692445753"/>
    <nd ref="11006277266"/>
    <nd ref="8692445895"/>
    <tag k="highway" v="service"/>
    <tag k="name" v="三星路八段371巷"/>
  </way>
  <way id="938274034">
    <nd ref="8692704517"/>
    <nd ref="8692445921"/>
    <nd ref="8692445966"/>
    <nd ref="8692445967"/>
    <nd ref="8692704524"/>
    <nd ref="8692445968"/>
    <nd ref="8692445969"/>
    <nd ref="8692704302"/>
    <nd ref="8692445965"/>
    <nd ref="8692445964"/>
    <nd ref="8692445963"/>
    <nd ref="8692445962"/>
    <nd ref="8692445961"/>
    <nd ref="8692445960"/>
    <nd ref="8692445959"/>
    <nd ref="8692445958"/>
    <nd ref="8692445957"/>
    <nd ref="8692704289"/>
    <nd ref="8692445956"/>
    <nd ref="8692445955"/>
    <nd ref="8692704293"/>
    <nd ref="8692445954"/>
    <nd ref="8692445953"/>
    <nd ref="8692445952"/>
    <nd ref="8692704261"/>
    <nd ref="8692445951"/>
    <nd ref="8692445950"/>
    <nd ref="8692445949"/>
    <nd ref="8692445948"/>
    <nd ref="11006277294"/>
    <nd ref="11006277295"/>
    <nd ref="11006277296"/>
    <nd ref="11006277297"/>
    <nd ref="11006277298"/>
    <nd ref="8692445947"/>
    <tag k="highway" v="service"/>
    <tag k="name" v="下湖路"/>
    <tag k="ref" v="農宜三24"/>
  </way>
  <way id="938274035">
    <nd ref="8692445946"/>
    <nd ref="8692445947"/>
    <tag k="bridge" v="yes"/>
    <tag k="highway" v="service"/>
    <tag k="layer" v="1"/>
    <tag k="name" v="下湖二號橋"/>
  </way>
  <way id="938297079">
    <nd ref="3109149609"/>
    <nd ref="8692699031"/>
    <nd ref="8692699032"/>
    <nd ref="8692699033"/>
    <nd ref="8692699034"/>
    <tag k="highway" v="service"/>
    <tag k="name" v="三星路七段95巷"/>
    <tag k="service" v="alley"/>
  </way>
  <way id="938297081">
    <nd ref="3109149613"/>
    <nd ref="8692699040"/>
    <nd ref="8692699041"/>
    <nd ref="8692699042"/>
    <nd ref="8692699043"/>
    <nd ref="8692699044"/>
    <nd ref="8692699045"/>
    <nd ref="8692699046"/>
    <tag k="highway" v="service"/>
    <tag k="name" v="三星路七段55巷"/>
  </way>
  <way id="938297082">
    <nd ref="8692699047"/>
    <nd ref="8692699048"/>
    <nd ref="8692699049"/>
    <nd ref="8692699050"/>
    <nd ref="8692699051"/>
    <nd ref="8692699052"/>
    <nd ref="8692699053"/>
    <nd ref="8692699054"/>
    <nd ref="8692699055"/>
    <nd ref="8692699056"/>
    <nd ref="8692699057"/>
    <nd ref="8692699058"/>
    <nd ref="8692699059"/>
    <nd ref="8692699060"/>
    <nd ref="8692699061"/>
    <nd ref="11840665234"/>
    <tag k="highway" v="track"/>
    <tag k="name" v="三星路七段62巷"/>
  </way>
  <way id="938297083">
    <nd ref="8692699064"/>
    <nd ref="8692699048"/>
    <tag k="highway" v="track"/>
  </way>
  <way id="938297084">
    <nd ref="8692699062"/>
    <nd ref="8692699065"/>
    <nd ref="8692699066"/>
    <nd ref="8692699067"/>
    <nd ref="8692699068"/>
    <nd ref="8692699069"/>
    <nd ref="8692699070"/>
    <nd ref="8692699071"/>
    <nd ref="8692699072"/>
    <nd ref="11840665251"/>
    <nd ref="11840665253"/>
    <tag k="highway" v="track"/>
  </way>
  <way id="938297085">
    <nd ref="8692699074"/>
    <nd ref="8692699075"/>
    <nd ref="8692699076"/>
    <nd ref="8692699077"/>
    <tag k="highway" v="service"/>
  </way>
  <way id="938297086">
    <nd ref="8692699078"/>
    <nd ref="8692699079"/>
    <nd ref="8692699080"/>
    <tag k="highway" v="service"/>
  </way>
  <way id="938297087">
    <nd ref="8692699082"/>
    <nd ref="8692699083"/>
    <nd ref="8692699084"/>
    <nd ref="8692699085"/>
    <nd ref="8692699086"/>
    <nd ref="8692699087"/>
    <nd ref="3707841673"/>
    <tag k="highway" v="service"/>
  </way>
  <way id="938297088">
    <nd ref="7760307480"/>
    <nd ref="7760318709"/>
    <tag k="highway" v="service"/>
    <tag k="name" v="南湖路"/>
    <tag k="ref" v="農宜三24"/>
  </way>
  <way id="938297089">
    <nd ref="8692699090"/>
    <nd ref="8692699091"/>
    <nd ref="8692699092"/>
    <tag k="highway" v="service"/>
  </way>
  <way id="938297090">
    <nd ref="8692699096"/>
    <nd ref="8692699097"/>
    <nd ref="8692699098"/>
    <nd ref="8692699099"/>
    <nd ref="8692699100"/>
    <nd ref="8692699101"/>
    <tag k="highway" v="track"/>
  </way>
  <way id="938297091">
    <nd ref="8692699102"/>
    <nd ref="8692699103"/>
    <nd ref="8692699104"/>
    <nd ref="8692699105"/>
    <nd ref="8692699106"/>
    <nd ref="8692699107"/>
    <nd ref="8692699108"/>
    <nd ref="8692699109"/>
    <nd ref="8692699110"/>
    <tag k="highway" v="track"/>
  </way>
  <way id="938297092">
    <nd ref="7760307430"/>
    <nd ref="7760307462"/>
    <nd ref="7760307431"/>
    <tag k="highway" v="service"/>
    <tag k="name" v="三星路七段231巷"/>
    <tag k="service" v="alley"/>
  </way>
  <way id="938297093">
    <nd ref="8692699111"/>
    <nd ref="8692699112"/>
    <nd ref="8692699113"/>
    <tag k="highway" v="track"/>
    <tag k="name" v="三星路七段92巷"/>
  </way>
  <way id="938297094">
    <nd ref="8692699114"/>
    <nd ref="8692699115"/>
    <nd ref="8692699116"/>
    <nd ref="13844667383"/>
    <tag k="highway" v="service"/>
  </way>
  <way id="938297095">
    <nd ref="8692704224"/>
    <nd ref="8692704223"/>
    <nd ref="8692704222"/>
    <nd ref="8692704221"/>
    <nd ref="8692704220"/>
    <nd ref="8692704219"/>
    <nd ref="8692704218"/>
    <nd ref="8692704217"/>
    <nd ref="13844667373"/>
    <nd ref="13844667372"/>
    <nd ref="13844667371"/>
    <nd ref="13844667370"/>
    <nd ref="13844667369"/>
    <nd ref="13844667368"/>
    <nd ref="13844667367"/>
    <nd ref="13844667366"/>
    <nd ref="13844667365"/>
    <nd ref="13844667364"/>
    <nd ref="13844667363"/>
    <nd ref="13844667362"/>
    <nd ref="13844667361"/>
    <tag k="highway" v="service"/>
    <tag k="service" v="alley"/>
  </way>
  <way id="938297097">
    <nd ref="8692704229"/>
    <nd ref="8692704230"/>
    <nd ref="13844667384"/>
    <nd ref="8692704231"/>
    <nd ref="8692704232"/>
    <tag k="highway" v="service"/>
    <tag k="name" v="三星路七段28巷"/>
  </way>
  <way id="938297098">
    <nd ref="8692704243"/>
    <nd ref="8692704246"/>
    <nd ref="8692704248"/>
    <nd ref="8692704247"/>
    <nd ref="8692704244"/>
    <tag k="highway" v="service"/>
  </way>
  <way id="938297099">
    <nd ref="8692704248"/>
    <nd ref="8692704249"/>
    <nd ref="8692704250"/>
    <tag k="highway" v="service"/>
  </way>
  <way id="938297100">
    <nd ref="8692704251"/>
    <nd ref="8692704245"/>
    <tag k="highway" v="service"/>
  </way>
  <way id="938297101">
    <nd ref="11006277297"/>
    <nd ref="11006277301"/>
    <nd ref="11006277300"/>
    <nd ref="11006277299"/>
    <nd ref="8692704233"/>
    <nd ref="8692704242"/>
    <nd ref="8692704234"/>
    <nd ref="8692704235"/>
    <nd ref="8692704260"/>
    <nd ref="8692704236"/>
    <nd ref="8692704237"/>
    <nd ref="8692704238"/>
    <nd ref="8692704251"/>
    <nd ref="8692704244"/>
    <nd ref="8692704239"/>
    <nd ref="8692704240"/>
    <nd ref="8692704241"/>
    <tag k="highway" v="service"/>
  </way>
  <way id="938297102">
    <nd ref="8692704242"/>
    <nd ref="8692704252"/>
    <nd ref="8692704253"/>
    <nd ref="8692704254"/>
    <nd ref="8692704255"/>
    <tag k="highway" v="service"/>
  </way>
  <way id="938297103">
    <nd ref="8692704256"/>
    <nd ref="8692704257"/>
    <nd ref="8692704258"/>
    <nd ref="8692704259"/>
    <nd ref="8692704260"/>
    <tag k="highway" v="track"/>
  </way>
  <way id="938297104">
    <nd ref="8692704261"/>
    <nd ref="8692704262"/>
    <nd ref="8692704283"/>
    <nd ref="8692704263"/>
    <nd ref="8692704264"/>
    <nd ref="8692704265"/>
    <nd ref="8692704266"/>
    <nd ref="8692704267"/>
    <nd ref="8692704268"/>
    <nd ref="8692704269"/>
    <nd ref="8692704270"/>
    <nd ref="8692704271"/>
    <nd ref="8692704272"/>
    <nd ref="8692704276"/>
    <nd ref="8692704273"/>
    <nd ref="8692704274"/>
    <nd ref="8692704275"/>
    <tag k="highway" v="service"/>
  </way>
  <way id="938297105">
    <nd ref="8692704276"/>
    <nd ref="8692704277"/>
    <nd ref="8692704278"/>
    <nd ref="8692704279"/>
    <nd ref="8692704280"/>
    <tag k="highway" v="track"/>
  </way>
  <way id="938297106">
    <nd ref="8692704281"/>
    <nd ref="8692704282"/>
    <nd ref="8692704283"/>
    <nd ref="8692704284"/>
    <nd ref="8692704285"/>
    <nd ref="8692704286"/>
    <nd ref="8692704287"/>
    <nd ref="8692704288"/>
    <tag k="highway" v="track"/>
  </way>
  <way id="938297107">
    <nd ref="8692704289"/>
    <nd ref="8692704290"/>
    <nd ref="8692704291"/>
    <nd ref="8692704292"/>
    <tag k="highway" v="track"/>
  </way>
  <way id="938297108">
    <nd ref="8692704293"/>
    <nd ref="8692704294"/>
    <nd ref="8692704295"/>
    <nd ref="8692704299"/>
    <nd ref="8692704296"/>
    <nd ref="8692704300"/>
    <nd ref="8692704301"/>
    <nd ref="8692704297"/>
    <nd ref="8692704298"/>
    <tag k="highway" v="track"/>
  </way>
  <way id="938297109">
    <nd ref="8692704302"/>
    <nd ref="8692704303"/>
    <nd ref="8692704304"/>
    <nd ref="8692704305"/>
    <nd ref="8692704306"/>
    <nd ref="8692704307"/>
    <nd ref="8692704308"/>
    <nd ref="8692704309"/>
    <nd ref="8692704310"/>
    <nd ref="8692704311"/>
    <nd ref="8692704312"/>
    <nd ref="8692704313"/>
    <nd ref="8692704314"/>
    <nd ref="8692704315"/>
    <nd ref="8692704316"/>
    <nd ref="8692704317"/>
    <nd ref="8692704318"/>
    <nd ref="8692704319"/>
    <nd ref="8692704320"/>
    <nd ref="8692704321"/>
    <nd ref="8692704322"/>
    <nd ref="8692704351"/>
    <nd ref="8692704323"/>
    <nd ref="8692704352"/>
    <nd ref="8692704350"/>
    <nd ref="8692704349"/>
    <nd ref="8692704324"/>
    <nd ref="8692704353"/>
    <nd ref="8692704325"/>
    <nd ref="8692704326"/>
    <nd ref="8692704354"/>
    <nd ref="8692704327"/>
    <nd ref="8692704355"/>
    <nd ref="8692704328"/>
    <nd ref="8692704329"/>
    <nd ref="8692704330"/>
    <nd ref="8692704331"/>
    <nd ref="8692704332"/>
    <nd ref="8692704333"/>
    <nd ref="8692704334"/>
    <nd ref="8692704335"/>
    <nd ref="8692704336"/>
    <nd ref="8692704337"/>
    <nd ref="8692704338"/>
    <nd ref="8692704339"/>
    <nd ref="8692704340"/>
    <nd ref="8692704341"/>
    <nd ref="8692704342"/>
    <nd ref="8692704343"/>
    <nd ref="8692704344"/>
    <nd ref="8692704348"/>
    <nd ref="8692704345"/>
    <nd ref="8692704346"/>
    <nd ref="8692704347"/>
    <tag k="highway" v="track"/>
  </way>
  <way id="938297110">
    <nd ref="8692704315"/>
    <nd ref="8692704356"/>
    <nd ref="8692704357"/>
    <nd ref="8692704358"/>
    <nd ref="8692704359"/>
    <nd ref="8692704360"/>
    <nd ref="8692704361"/>
    <nd ref="8692704362"/>
    <nd ref="8692704363"/>
    <nd ref="8692704364"/>
    <nd ref="8692704365"/>
    <nd ref="8692704366"/>
    <nd ref="8692704367"/>
    <nd ref="8692704368"/>
    <nd ref="8692704369"/>
    <nd ref="8692704370"/>
    <nd ref="8692704371"/>
    <nd ref="8692704372"/>
    <nd ref="8692704373"/>
    <nd ref="8692704374"/>
    <nd ref="8692704375"/>
    <nd ref="8692704376"/>
    <nd ref="8692704377"/>
    <nd ref="8692704378"/>
    <nd ref="8692704379"/>
    <nd ref="8692704380"/>
    <nd ref="8692704381"/>
    <nd ref="8692704382"/>
    <nd ref="8692704383"/>
    <nd ref="8692704384"/>
    <nd ref="8692704385"/>
    <nd ref="8692704386"/>
    <nd ref="8692704387"/>
    <nd ref="8692704388"/>
    <nd ref="8692704389"/>
    <nd ref="8692704390"/>
    <nd ref="8692704391"/>
    <nd ref="8692704392"/>
    <nd ref="8692704393"/>
    <nd ref="8692704394"/>
    <nd ref="8692704395"/>
    <nd ref="8692704396"/>
    <nd ref="8692704397"/>
    <nd ref="8692704398"/>
    <nd ref="8692704399"/>
    <nd ref="8692704400"/>
    <nd ref="8692704401"/>
    <nd ref="8692704402"/>
    <nd ref="8692704403"/>
    <nd ref="8692704404"/>
    <nd ref="8692704405"/>
    <nd ref="8692704406"/>
    <nd ref="8692704407"/>
    <nd ref="8692704408"/>
    <nd ref="8692704409"/>
    <nd ref="8692704410"/>
    <nd ref="8692704411"/>
    <nd ref="8692704412"/>
    <nd ref="8692704413"/>
    <nd ref="8692704414"/>
    <nd ref="8692704415"/>
    <nd ref="8692704416"/>
    <nd ref="8692704417"/>
    <nd ref="8692704418"/>
    <nd ref="8692704419"/>
    <nd ref="8692704420"/>
    <nd ref="8692704421"/>
    <nd ref="8692704422"/>
    <nd ref="8692704423"/>
    <nd ref="8692704424"/>
    <nd ref="8692704425"/>
    <nd ref="8692704426"/>
    <nd ref="8692704427"/>
    <nd ref="8692704428"/>
    <nd ref="8692704429"/>
    <nd ref="8692704430"/>
    <nd ref="8692704431"/>
    <nd ref="8692704432"/>
    <nd ref="8692704433"/>
    <nd ref="8692704434"/>
    <nd ref="8692704435"/>
    <nd ref="8692704436"/>
    <nd ref="8692704437"/>
    <nd ref="8692704438"/>
    <nd ref="8692704439"/>
    <nd ref="8692704440"/>
    <nd ref="8692704441"/>
    <nd ref="8692704442"/>
    <nd ref="8692704443"/>
    <nd ref="8692704444"/>
    <nd ref="8692704445"/>
    <nd ref="8692704446"/>
    <nd ref="8692704447"/>
    <nd ref="8692704448"/>
    <nd ref="8692704449"/>
    <nd ref="8692704450"/>
    <nd ref="8692704451"/>
    <nd ref="8692704452"/>
    <nd ref="8692704453"/>
    <nd ref="8692704454"/>
    <nd ref="8692704455"/>
    <nd ref="8692704456"/>
    <nd ref="8692704457"/>
    <nd ref="8692704458"/>
    <nd ref="8692704459"/>
    <nd ref="8692704460"/>
    <nd ref="8692704461"/>
    <nd ref="8692704462"/>
    <nd ref="8692704463"/>
    <nd ref="8692704464"/>
    <nd ref="8692704465"/>
    <nd ref="8692704466"/>
    <nd ref="8692704491"/>
    <nd ref="8692704467"/>
    <nd ref="8692704468"/>
    <nd ref="8692704469"/>
    <nd ref="8692704470"/>
    <nd ref="8692704471"/>
    <nd ref="8692704472"/>
    <nd ref="8692704473"/>
    <nd ref="8692704474"/>
    <nd ref="8692704475"/>
    <nd ref="8692704476"/>
    <nd ref="8692704477"/>
    <nd ref="8692704478"/>
    <nd ref="8692704479"/>
    <nd ref="8692704480"/>
    <nd ref="8692704481"/>
    <nd ref="8692704482"/>
    <nd ref="8692704483"/>
    <nd ref="8692704484"/>
    <nd ref="8692704485"/>
    <nd ref="8692704486"/>
    <nd ref="8692704487"/>
    <nd ref="8692704488"/>
    <nd ref="8692704489"/>
    <nd ref="8692704490"/>
    <tag k="highway" v="track"/>
  </way>
  <way id="938297111">
    <nd ref="8692445895"/>
    <nd ref="8692445896"/>
    <nd ref="8692445897"/>
    <nd ref="8692445898"/>
    <nd ref="8692445899"/>
    <nd ref="8692445900"/>
    <nd ref="8692445901"/>
    <nd ref="8692445902"/>
    <nd ref="11006277279"/>
    <nd ref="8692445903"/>
    <nd ref="8692445904"/>
    <nd ref="8692445905"/>
    <nd ref="8692445906"/>
    <nd ref="8692445907"/>
    <nd ref="8692445908"/>
    <nd ref="8692445909"/>
    <nd ref="8692445910"/>
    <nd ref="8692445911"/>
    <nd ref="8692445912"/>
    <nd ref="8692445913"/>
    <nd ref="8692445914"/>
    <nd ref="8692445915"/>
    <nd ref="8692445916"/>
    <nd ref="8692445917"/>
    <nd ref="8692445918"/>
    <nd ref="11006439252"/>
    <nd ref="8692445919"/>
    <nd ref="8692445920"/>
    <nd ref="8692704518"/>
    <tag k="highway" v="service"/>
    <tag k="name" v="下湖路"/>
  </way>
  <way id="938297112">
    <nd ref="8692704518"/>
    <nd ref="8692704517"/>
    <tag k="bridge" v="yes"/>
    <tag k="highway" v="service"/>
    <tag k="layer" v="1"/>
    <tag k="name" v="下湖路"/>
  </way>
  <way id="938297113">
    <nd ref="8692704529"/>
    <nd ref="8692704528"/>
    <nd ref="8692704527"/>
    <nd ref="8692704519"/>
    <nd ref="8692704520"/>
    <nd ref="8692704521"/>
    <nd ref="8692704522"/>
    <nd ref="8692704526"/>
    <tag k="highway" v="service"/>
  </way>
  <way id="938297114">
    <nd ref="8692704525"/>
    <nd ref="8692704523"/>
    <nd ref="8692704524"/>
    <tag k="highway" v="service"/>
  </way>
  <way id="938297115">
    <nd ref="8692704526"/>
    <nd ref="8692704525"/>
    <tag k="bridge" v="yes"/>
    <tag k="highway" v="service"/>
    <tag k="layer" v="1"/>
  </way>
  <way id="938297116">
    <nd ref="8692704530"/>
    <nd ref="8692704531"/>
    <nd ref="8692704532"/>
    <nd ref="8692704533"/>
    <nd ref="8692704534"/>
    <tag k="highway" v="track"/>
  </way>
  <way id="938297117">
    <nd ref="8692704535"/>
    <nd ref="8692704536"/>
    <nd ref="8692704537"/>
    <nd ref="8692704538"/>
    <nd ref="8692704539"/>
    <nd ref="8692704540"/>
    <nd ref="8692704541"/>
    <nd ref="11006424958"/>
    <nd ref="8692704542"/>
    <nd ref="8692704543"/>
    <nd ref="8692704544"/>
    <nd ref="11006424954"/>
    <nd ref="8692704545"/>
    <tag k="highway" v="service"/>
  </way>
  <way id="938297118">
    <nd ref="8692704575"/>
    <nd ref="8692704574"/>
    <nd ref="8692704573"/>
    <nd ref="8692704572"/>
    <nd ref="8692704571"/>
    <nd ref="8692704576"/>
    <nd ref="8692704570"/>
    <nd ref="11006351402"/>
    <nd ref="8692704569"/>
    <nd ref="8692704568"/>
    <nd ref="8692704546"/>
    <nd ref="8692704547"/>
    <nd ref="8692704554"/>
    <nd ref="8692704567"/>
    <nd ref="8692704548"/>
    <nd ref="8692704549"/>
    <nd ref="8692704550"/>
    <nd ref="8692704551"/>
    <nd ref="8692704552"/>
    <nd ref="8692704553"/>
    <tag k="highway" v="service"/>
  </way>
  <way id="938297119">
    <nd ref="8692704554"/>
    <nd ref="8692704555"/>
    <nd ref="8692704556"/>
    <nd ref="8692704557"/>
    <tag k="highway" v="service"/>
  </way>
  <way id="938297120">
    <nd ref="8692704558"/>
    <nd ref="8692704559"/>
    <nd ref="8692704560"/>
    <nd ref="8692704561"/>
    <nd ref="8692704562"/>
    <nd ref="8692704563"/>
    <nd ref="8692704564"/>
    <nd ref="8692704565"/>
    <nd ref="8692704566"/>
    <nd ref="8692704567"/>
    <tag k="highway" v="service"/>
  </way>
  <way id="938297121">
    <nd ref="4526551153"/>
    <nd ref="8692704553"/>
    <nd ref="4526551152"/>
    <nd ref="4526551151"/>
    <nd ref="11006277280"/>
    <nd ref="4526551150"/>
    <nd ref="11006277293"/>
    <nd ref="11006277292"/>
    <tag k="highway" v="service"/>
    <tag k="name" v="下湖路"/>
    <tag k="ref" v="農宜三24"/>
  </way>
  <way id="938297122">
    <nd ref="987453092"/>
    <nd ref="8692704577"/>
    <nd ref="8692704578"/>
    <nd ref="8692704579"/>
    <nd ref="8692704580"/>
    <nd ref="8692704581"/>
    <nd ref="8692704582"/>
    <nd ref="8692704583"/>
    <nd ref="8692704584"/>
    <nd ref="8692704585"/>
    <nd ref="8692704586"/>
    <nd ref="8692704587"/>
    <nd ref="8692704588"/>
    <nd ref="8692704589"/>
    <nd ref="8692704590"/>
    <nd ref="8692704591"/>
    <nd ref="8692704592"/>
    <nd ref="8692704593"/>
    <nd ref="8692704594"/>
    <nd ref="8692704595"/>
    <nd ref="8692704596"/>
    <nd ref="8692704597"/>
    <nd ref="8692704598"/>
    <nd ref="8692704599"/>
    <nd ref="8692704600"/>
    <nd ref="8692704601"/>
    <nd ref="8692704602"/>
    <nd ref="8692704603"/>
    <nd ref="8692704604"/>
    <nd ref="8692704605"/>
    <nd ref="8692704606"/>
    <nd ref="8692704608"/>
    <nd ref="11006708240"/>
    <nd ref="8692704607"/>
    <nd ref="11006708239"/>
    <nd ref="7760318717"/>
    <tag k="highway" v="track"/>
  </way>
  <way id="939771348">
    <nd ref="8704933851"/>
    <nd ref="8704933852"/>
    <nd ref="8704933853"/>
    <nd ref="2584525102"/>
    <tag k="highway" v="residential"/>
    <tag k="source" v="maxar"/>
  </way>
  <way id="939771349">
    <nd ref="8704933854"/>
    <nd ref="8704933855"/>
    <nd ref="8704933856"/>
    <tag k="highway" v="residential"/>
    <tag k="source" v="maxar"/>
  </way>
  <way id="939771350">
    <nd ref="8704933857"/>
    <nd ref="8704933858"/>
    <nd ref="2584525091"/>
    <tag k="highway" v="residential"/>
    <tag k="source" v="maxar"/>
  </way>
  <way id="939771351">
    <nd ref="8704933860"/>
    <nd ref="2584525088"/>
    <nd ref="3038304028"/>
    <tag k="highway" v="residential"/>
    <tag k="source" v="maxar"/>
  </way>
  <way id="939771352">
    <nd ref="8704933863"/>
    <nd ref="2584525087"/>
    <tag k="highway" v="residential"/>
    <tag k="source" v="maxar"/>
  </way>
  <way id="939771353">
    <nd ref="3038304644"/>
    <nd ref="8704933861"/>
    <nd ref="8704933862"/>
    <nd ref="8704933863"/>
    <tag k="highway" v="residential"/>
    <tag k="source" v="maxar"/>
  </way>
  <way id="939771354">
    <nd ref="2584525085"/>
    <nd ref="8704933864"/>
    <tag k="highway" v="residential"/>
    <tag k="source" v="maxar"/>
  </way>
  <way id="965615051">
    <nd ref="300593497"/>
    <nd ref="8932944043"/>
    <nd ref="11019990687"/>
    <nd ref="8932944044"/>
    <nd ref="8932944045"/>
    <nd ref="8932944046"/>
    <nd ref="8932944047"/>
    <nd ref="8932944048"/>
    <nd ref="8932944049"/>
    <nd ref="8932944050"/>
    <nd ref="8932944051"/>
    <nd ref="8932944052"/>
    <nd ref="8932944053"/>
    <nd ref="8932944054"/>
    <nd ref="8932944055"/>
    <nd ref="8932944056"/>
    <nd ref="8932944095"/>
    <tag k="highway" v="track"/>
    <tag k="surface" v="unpaved"/>
    <tag k="tracktype" v="grade4"/>
  </way>
  <way id="965615052">
    <nd ref="3038317111"/>
    <nd ref="8932944060"/>
    <nd ref="8932944061"/>
    <nd ref="8932944062"/>
    <nd ref="8932944063"/>
    <nd ref="8932944064"/>
    <nd ref="8932944065"/>
    <nd ref="8932944066"/>
    <nd ref="8932944067"/>
    <nd ref="8932944068"/>
    <nd ref="8932944069"/>
    <nd ref="8932944070"/>
    <nd ref="8932944071"/>
    <nd ref="8932944072"/>
    <nd ref="8932944073"/>
    <nd ref="8932944074"/>
    <nd ref="8932944075"/>
    <nd ref="8932944076"/>
    <nd ref="8932944077"/>
    <nd ref="8932944078"/>
    <nd ref="8932944079"/>
    <nd ref="11019990688"/>
    <nd ref="11019990689"/>
    <nd ref="11019990690"/>
    <nd ref="11019990691"/>
    <nd ref="11019990692"/>
    <nd ref="11019990693"/>
    <nd ref="11019990694"/>
    <nd ref="11019990695"/>
    <nd ref="11019990696"/>
    <nd ref="11019990697"/>
    <nd ref="11019990698"/>
    <tag k="highway" v="track"/>
    <tag k="surface" v="unpaved"/>
    <tag k="tracktype" v="grade4"/>
  </way>
  <way id="965615053">
    <nd ref="9923564898"/>
    <nd ref="8932944102"/>
    <nd ref="8932944103"/>
    <nd ref="8932944104"/>
    <nd ref="8932944105"/>
    <nd ref="11015132266"/>
    <nd ref="11015132265"/>
    <nd ref="8932944106"/>
    <nd ref="8932944107"/>
    <tag k="highway" v="track"/>
    <tag k="tracktype" v="grade3"/>
  </way>
  <way id="965615054">
    <nd ref="8932944108"/>
    <nd ref="8932944109"/>
    <nd ref="8932944110"/>
    <nd ref="8932944111"/>
    <nd ref="8932944112"/>
    <nd ref="8932944113"/>
    <nd ref="8932944114"/>
    <nd ref="8932944115"/>
    <nd ref="8932944116"/>
    <nd ref="8932944117"/>
    <nd ref="9923564901"/>
    <tag k="highway" v="track"/>
    <tag k="surface" v="unpaved"/>
    <tag k="tracktype" v="grade4"/>
  </way>
  <way id="979828940">
    <nd ref="9064218613"/>
    <nd ref="9064218614"/>
    <nd ref="12162772392"/>
    <nd ref="12162772391"/>
    <nd ref="12162772394"/>
    <nd ref="12162772393"/>
    <nd ref="12162772389"/>
    <nd ref="12162772390"/>
    <nd ref="12162772384"/>
    <nd ref="12162772397"/>
    <nd ref="12162772396"/>
    <nd ref="12162772395"/>
    <nd ref="12162772387"/>
    <nd ref="12162772398"/>
    <nd ref="12162772388"/>
    <nd ref="12162772399"/>
    <nd ref="12162772385"/>
    <nd ref="12162772386"/>
    <nd ref="12162808201"/>
    <nd ref="12162772400"/>
    <nd ref="9064218615"/>
    <nd ref="12162808203"/>
    <nd ref="12162808202"/>
    <nd ref="9064218616"/>
    <nd ref="12162808205"/>
    <nd ref="12162808204"/>
    <nd ref="12162808206"/>
    <nd ref="12162808207"/>
    <nd ref="9064226917"/>
    <nd ref="12162808209"/>
    <nd ref="12162808210"/>
    <nd ref="12162808208"/>
    <nd ref="12162808213"/>
    <nd ref="12162808214"/>
    <nd ref="12162808212"/>
    <nd ref="12162808211"/>
    <nd ref="12162808215"/>
    <nd ref="9064226918"/>
    <nd ref="12162808216"/>
    <nd ref="12162808217"/>
    <nd ref="12162808218"/>
    <nd ref="9064226919"/>
    <nd ref="12162808220"/>
    <nd ref="12162808219"/>
    <nd ref="12162808222"/>
    <nd ref="12162808223"/>
    <nd ref="12162808221"/>
    <nd ref="12162808224"/>
    <nd ref="9064226920"/>
    <nd ref="12162808225"/>
    <nd ref="12162808229"/>
    <nd ref="12162808226"/>
    <nd ref="12162808227"/>
    <nd ref="12162808228"/>
    <nd ref="9064226921"/>
    <nd ref="9064226922"/>
    <nd ref="12162808230"/>
    <nd ref="12162808233"/>
    <nd ref="9064226923"/>
    <nd ref="12162808232"/>
    <nd ref="12162808231"/>
    <nd ref="9064226924"/>
    <nd ref="12162808235"/>
    <nd ref="12162808236"/>
    <nd ref="12162808234"/>
    <nd ref="9064226925"/>
    <nd ref="12162808237"/>
    <nd ref="9064226926"/>
    <nd ref="12162808238"/>
    <nd ref="12162808239"/>
    <nd ref="9064226927"/>
    <nd ref="9064226928"/>
    <nd ref="12162808240"/>
    <nd ref="9064226929"/>
    <nd ref="12162829868"/>
    <nd ref="12162808241"/>
    <nd ref="9064226930"/>
    <nd ref="9064226931"/>
    <nd ref="9064226932"/>
    <nd ref="9064226933"/>
    <nd ref="9064226934"/>
    <nd ref="12162829870"/>
    <nd ref="12162808242"/>
    <nd ref="12162808243"/>
    <nd ref="9064226935"/>
    <nd ref="12162808244"/>
    <nd ref="9064226936"/>
    <nd ref="12162808245"/>
    <nd ref="12162808246"/>
    <nd ref="12162808247"/>
    <nd ref="9064226937"/>
    <nd ref="12162808250"/>
    <nd ref="12162808249"/>
    <nd ref="12162808248"/>
    <nd ref="9064226938"/>
    <nd ref="12162808251"/>
    <nd ref="9064226939"/>
    <nd ref="12162829875"/>
    <nd ref="9064226940"/>
    <nd ref="9064226941"/>
    <nd ref="12162808252"/>
    <nd ref="9064226942"/>
    <nd ref="12162808253"/>
    <nd ref="9064226943"/>
    <nd ref="12162808255"/>
    <nd ref="12162808254"/>
    <nd ref="9064226944"/>
    <nd ref="9064226945"/>
    <nd ref="12162808256"/>
    <nd ref="12162808257"/>
    <nd ref="9064226946"/>
    <nd ref="12162808259"/>
    <nd ref="12162808258"/>
    <nd ref="9064226947"/>
    <nd ref="9064226948"/>
    <nd ref="9064226949"/>
    <nd ref="9064226950"/>
    <nd ref="9064226951"/>
    <nd ref="9064226952"/>
    <nd ref="9064226953"/>
    <nd ref="9064226954"/>
    <nd ref="9064186686"/>
    <nd ref="9064226955"/>
    <nd ref="9064226956"/>
    <nd ref="9064226957"/>
    <nd ref="9064226958"/>
    <nd ref="9064226959"/>
    <nd ref="9064226960"/>
    <nd ref="9064226961"/>
    <nd ref="9064226962"/>
    <nd ref="9064226963"/>
    <nd ref="9064226964"/>
    <nd ref="9064226965"/>
    <nd ref="9064226966"/>
    <nd ref="9064226967"/>
    <nd ref="9064226968"/>
    <nd ref="9064226969"/>
    <nd ref="9064226970"/>
    <nd ref="9064226971"/>
    <nd ref="9064226972"/>
    <nd ref="9064226973"/>
    <nd ref="9064226974"/>
    <nd ref="9064226975"/>
    <nd ref="9064226976"/>
    <nd ref="9064226977"/>
    <nd ref="9064226978"/>
    <nd ref="9064226979"/>
    <nd ref="9064226980"/>
    <nd ref="9064226981"/>
    <nd ref="9064226982"/>
    <nd ref="9064226983"/>
    <nd ref="11028799333"/>
    <nd ref="11028799332"/>
    <nd ref="9064226984"/>
    <nd ref="11028799334"/>
    <nd ref="9064226985"/>
    <nd ref="9064226986"/>
    <nd ref="9064226987"/>
    <nd ref="9064226988"/>
    <nd ref="9064226989"/>
    <nd ref="9064226990"/>
    <nd ref="9064226991"/>
    <nd ref="9064226992"/>
    <nd ref="9064226993"/>
    <nd ref="9064226994"/>
    <nd ref="9064226995"/>
    <nd ref="9064226996"/>
    <tag k="highway" v="track"/>
  </way>
  <way id="979828941">
    <nd ref="9064218571"/>
    <nd ref="9064218572"/>
    <nd ref="9064218573"/>
    <nd ref="9064218574"/>
    <nd ref="9064218575"/>
    <nd ref="9064218576"/>
    <nd ref="9064218577"/>
    <nd ref="9064218578"/>
    <nd ref="11028553306"/>
    <nd ref="11028553305"/>
    <nd ref="9064218579"/>
    <nd ref="9064218580"/>
    <nd ref="11028548704"/>
    <nd ref="9064218581"/>
    <nd ref="9064218582"/>
    <nd ref="9064218583"/>
    <nd ref="11028548703"/>
    <nd ref="9064218584"/>
    <nd ref="11028548702"/>
    <nd ref="9064218585"/>
    <nd ref="9064218586"/>
    <nd ref="9064218587"/>
    <nd ref="9064218588"/>
    <nd ref="9064218589"/>
    <nd ref="9064218590"/>
    <nd ref="9064218591"/>
    <nd ref="11028548699"/>
    <nd ref="11028548700"/>
    <nd ref="11028548701"/>
    <nd ref="11028548698"/>
    <nd ref="9064218592"/>
    <nd ref="9064218593"/>
    <nd ref="9064218594"/>
    <nd ref="9064218595"/>
    <nd ref="9064218596"/>
    <nd ref="9064218597"/>
    <nd ref="9064218598"/>
    <nd ref="9064218599"/>
    <nd ref="9064218600"/>
    <nd ref="9064218601"/>
    <nd ref="9064218602"/>
    <nd ref="9064218603"/>
    <nd ref="9064218604"/>
    <nd ref="9064218605"/>
    <nd ref="9064218606"/>
    <nd ref="9064218607"/>
    <nd ref="9064218608"/>
    <tag k="highway" v="service"/>
    <tag k="name" v="泰雅一路81巷"/>
  </way>
  <way id="979829810">
    <nd ref="9064218608"/>
    <nd ref="9064217790"/>
    <nd ref="11028791288"/>
    <nd ref="9064217791"/>
    <nd ref="9064217792"/>
    <nd ref="11028791289"/>
    <nd ref="11028791290"/>
    <nd ref="9064217793"/>
    <nd ref="11028791291"/>
    <nd ref="9064217794"/>
    <nd ref="11028791292"/>
    <nd ref="9064217795"/>
    <nd ref="11028799231"/>
    <nd ref="11028791293"/>
    <nd ref="11028799232"/>
    <nd ref="11028799233"/>
    <nd ref="9064217796"/>
    <nd ref="11028799234"/>
    <nd ref="11028799235"/>
    <nd ref="9064217797"/>
    <nd ref="11028799236"/>
    <nd ref="9064217798"/>
    <nd ref="11028799237"/>
    <nd ref="9064217799"/>
    <nd ref="11028799238"/>
    <nd ref="11028799239"/>
    <nd ref="9064217800"/>
    <nd ref="11028799240"/>
    <nd ref="9064217801"/>
    <nd ref="11028799241"/>
    <nd ref="11028799242"/>
    <nd ref="11028799243"/>
    <nd ref="9064217802"/>
    <nd ref="10101411878"/>
    <nd ref="11028799244"/>
    <nd ref="10101411879"/>
    <nd ref="11028799245"/>
    <nd ref="10101411880"/>
    <nd ref="10101411881"/>
    <nd ref="10101411882"/>
    <nd ref="10101411883"/>
    <nd ref="10101411884"/>
    <nd ref="10101411885"/>
    <nd ref="11028799246"/>
    <nd ref="10101411886"/>
    <nd ref="10101411887"/>
    <nd ref="10101411888"/>
    <nd ref="11028799247"/>
    <nd ref="10101411889"/>
    <nd ref="11028799248"/>
    <nd ref="11028799249"/>
    <nd ref="10101411890"/>
    <nd ref="11028799250"/>
    <nd ref="10101411891"/>
    <nd ref="10101411892"/>
    <nd ref="11028799251"/>
    <nd ref="10101411893"/>
    <nd ref="10101411894"/>
    <nd ref="11028799252"/>
    <nd ref="10101411895"/>
    <nd ref="11028799253"/>
    <nd ref="11028799254"/>
    <nd ref="10101411896"/>
    <nd ref="10101411897"/>
    <nd ref="10101411898"/>
    <nd ref="10101411899"/>
    <nd ref="11028799255"/>
    <nd ref="10101411900"/>
    <nd ref="11028799256"/>
    <nd ref="10101411901"/>
    <nd ref="10101411902"/>
    <nd ref="11028799257"/>
    <nd ref="10101411903"/>
    <nd ref="10101411904"/>
    <nd ref="10101411905"/>
    <nd ref="10101411906"/>
    <nd ref="10101411907"/>
    <nd ref="10101411908"/>
    <nd ref="10101411909"/>
    <nd ref="11028799258"/>
    <nd ref="10101411910"/>
    <nd ref="11028799259"/>
    <nd ref="10101411916"/>
    <nd ref="10101411911"/>
    <nd ref="10101411912"/>
    <nd ref="11028799260"/>
    <nd ref="10101411913"/>
    <nd ref="10101411914"/>
    <nd ref="10101411915"/>
    <nd ref="10101419317"/>
    <nd ref="10101419318"/>
    <nd ref="10101419319"/>
    <nd ref="10101419320"/>
    <nd ref="10101419321"/>
    <nd ref="10101419322"/>
    <nd ref="11028799261"/>
    <nd ref="11028799262"/>
    <nd ref="11028799263"/>
    <nd ref="11028799264"/>
    <nd ref="10101419323"/>
    <nd ref="10101419324"/>
    <nd ref="10101419325"/>
    <nd ref="10101419326"/>
    <nd ref="10101419327"/>
    <nd ref="10101419328"/>
    <nd ref="10101419329"/>
    <nd ref="10101419330"/>
    <nd ref="10101419331"/>
    <nd ref="11028799265"/>
    <nd ref="10101419332"/>
    <nd ref="10101419333"/>
    <nd ref="11028799266"/>
    <nd ref="11028799267"/>
    <nd ref="10101419334"/>
    <nd ref="10101419335"/>
    <nd ref="10101419351"/>
    <nd ref="10101419336"/>
    <nd ref="10101419337"/>
    <nd ref="10101419338"/>
    <nd ref="11028799268"/>
    <nd ref="11028799269"/>
    <nd ref="10101419339"/>
    <nd ref="10101419340"/>
    <nd ref="10101419341"/>
    <nd ref="11028799270"/>
    <nd ref="10101419342"/>
    <nd ref="11028799271"/>
    <nd ref="10101419343"/>
    <nd ref="10101419344"/>
    <nd ref="10101419345"/>
    <nd ref="10101419346"/>
    <nd ref="10101419347"/>
    <nd ref="10101419348"/>
    <nd ref="10101419349"/>
    <nd ref="10101419350"/>
    <nd ref="10101419352"/>
    <nd ref="11028799272"/>
    <nd ref="10101419353"/>
    <nd ref="11028799273"/>
    <nd ref="11028799274"/>
    <nd ref="11028799275"/>
    <nd ref="11028799276"/>
    <nd ref="10101419354"/>
    <nd ref="10101419355"/>
    <nd ref="11028799277"/>
    <nd ref="10101419356"/>
    <nd ref="11028799283"/>
    <nd ref="10101419357"/>
    <nd ref="11028799282"/>
    <nd ref="11028799281"/>
    <nd ref="10101419358"/>
    <nd ref="11028799280"/>
    <nd ref="11028799279"/>
    <nd ref="11028799278"/>
    <nd ref="10101419359"/>
    <nd ref="10101419360"/>
    <nd ref="10101419361"/>
    <nd ref="10101419362"/>
    <nd ref="10101419363"/>
    <nd ref="10101419364"/>
    <nd ref="10101419365"/>
    <nd ref="10101419366"/>
    <nd ref="10101419367"/>
    <nd ref="10101419368"/>
    <nd ref="10101419369"/>
    <nd ref="11028799284"/>
    <nd ref="10101419370"/>
    <nd ref="11028799285"/>
    <nd ref="10101419371"/>
    <nd ref="11028799286"/>
    <nd ref="10101419372"/>
    <nd ref="10101419373"/>
    <nd ref="10101419374"/>
    <nd ref="11028799287"/>
    <nd ref="10101419375"/>
    <nd ref="10101419376"/>
    <nd ref="11028799288"/>
    <nd ref="11028799289"/>
    <nd ref="11028799290"/>
    <nd ref="10101419377"/>
    <nd ref="11028799291"/>
    <nd ref="10101419378"/>
    <nd ref="10101419379"/>
    <nd ref="10101419380"/>
    <nd ref="10101419381"/>
    <nd ref="11049020294"/>
    <nd ref="10101419393"/>
    <nd ref="10101419382"/>
    <nd ref="10101419394"/>
    <nd ref="10101419395"/>
    <nd ref="10101419396"/>
    <nd ref="10101419397"/>
    <nd ref="11028799294"/>
    <nd ref="10101419398"/>
    <nd ref="11028799295"/>
    <nd ref="10101419399"/>
    <nd ref="10101419400"/>
    <nd ref="10101419401"/>
    <nd ref="11028799293"/>
    <nd ref="11028799292"/>
    <nd ref="10101419402"/>
    <nd ref="10101419403"/>
    <nd ref="10101419404"/>
    <nd ref="10101419405"/>
    <nd ref="10101419406"/>
    <nd ref="10101419407"/>
    <nd ref="10101419408"/>
    <nd ref="11028799298"/>
    <nd ref="10101419409"/>
    <nd ref="10101419410"/>
    <nd ref="11028799299"/>
    <nd ref="11028799300"/>
    <nd ref="10101419411"/>
    <nd ref="11028799301"/>
    <nd ref="10101419412"/>
    <nd ref="10101419413"/>
    <nd ref="11028799302"/>
    <nd ref="11028799303"/>
    <nd ref="10101419414"/>
    <nd ref="11028799304"/>
    <nd ref="11028799305"/>
    <nd ref="11028799306"/>
    <nd ref="11028799307"/>
    <nd ref="10101419415"/>
    <nd ref="10101419416"/>
    <nd ref="10101419417"/>
    <nd ref="11028799308"/>
    <nd ref="11028799309"/>
    <nd ref="10101419418"/>
    <nd ref="10101419419"/>
    <nd ref="10101419420"/>
    <nd ref="11028799310"/>
    <nd ref="10101419421"/>
    <nd ref="11028799311"/>
    <nd ref="11028799312"/>
    <nd ref="10101419422"/>
    <nd ref="11028799313"/>
    <nd ref="10101419423"/>
    <nd ref="11028799314"/>
    <nd ref="10101419424"/>
    <nd ref="11028799315"/>
    <nd ref="10101419425"/>
    <nd ref="11028799316"/>
    <nd ref="10101419426"/>
    <nd ref="10101419427"/>
    <nd ref="10101419428"/>
    <nd ref="11028799318"/>
    <nd ref="11028799317"/>
    <nd ref="10101419429"/>
    <nd ref="10101419430"/>
    <nd ref="10101419431"/>
    <nd ref="10101419432"/>
    <nd ref="11028799323"/>
    <nd ref="10101419433"/>
    <nd ref="11028799322"/>
    <nd ref="10101419434"/>
    <nd ref="11028799321"/>
    <nd ref="10101419435"/>
    <nd ref="11028799320"/>
    <nd ref="11028799319"/>
    <nd ref="10101419436"/>
    <nd ref="10101419437"/>
    <nd ref="10101419438"/>
    <tag k="highway" v="service"/>
  </way>
  <way id="979830238">
    <nd ref="3707841611"/>
    <nd ref="11054672962"/>
    <nd ref="9064228294"/>
    <nd ref="9064228295"/>
    <nd ref="9064228296"/>
    <nd ref="9064228297"/>
    <nd ref="11054672963"/>
    <nd ref="9064228298"/>
    <nd ref="9064228299"/>
    <nd ref="11054672964"/>
    <nd ref="9064228300"/>
    <nd ref="9064228301"/>
    <nd ref="9064228302"/>
    <nd ref="9064228303"/>
    <nd ref="9064228304"/>
    <nd ref="9064228305"/>
    <nd ref="9064228306"/>
    <nd ref="11054672965"/>
    <nd ref="9064228307"/>
    <nd ref="9064228308"/>
    <nd ref="9064228309"/>
    <nd ref="9064228310"/>
    <nd ref="11054672966"/>
    <nd ref="9064228311"/>
    <nd ref="11054672967"/>
    <nd ref="9064228312"/>
    <nd ref="9064228313"/>
    <nd ref="11054672968"/>
    <nd ref="9064228314"/>
    <nd ref="9064228315"/>
    <nd ref="11054672969"/>
    <nd ref="9064228316"/>
    <nd ref="11054672970"/>
    <nd ref="9064240917"/>
    <nd ref="11054672971"/>
    <nd ref="9064240918"/>
    <nd ref="9064240919"/>
    <nd ref="9064240920"/>
    <nd ref="9064240921"/>
    <nd ref="11054672972"/>
    <nd ref="9064240922"/>
    <nd ref="9064240923"/>
    <nd ref="9064240924"/>
    <nd ref="9064240925"/>
    <nd ref="9064240926"/>
    <nd ref="11054672973"/>
    <nd ref="9064240927"/>
    <nd ref="11054672974"/>
    <nd ref="9064240928"/>
    <nd ref="9064240929"/>
    <nd ref="11054672975"/>
    <nd ref="11054672976"/>
    <nd ref="9064240930"/>
    <nd ref="9064240931"/>
    <nd ref="9064240932"/>
    <nd ref="9064240933"/>
    <nd ref="11054672977"/>
    <nd ref="9064240934"/>
    <nd ref="11054672978"/>
    <nd ref="9064240935"/>
    <nd ref="9064240936"/>
    <nd ref="9064240937"/>
    <nd ref="11054672979"/>
    <nd ref="11054672980"/>
    <nd ref="11054672981"/>
    <nd ref="9064240938"/>
    <nd ref="9064240939"/>
    <nd ref="9064240940"/>
    <nd ref="11054672982"/>
    <nd ref="9064240941"/>
    <nd ref="11054672983"/>
    <nd ref="9064240942"/>
    <nd ref="9064240943"/>
    <nd ref="11054672984"/>
    <nd ref="9064240944"/>
    <nd ref="11054672985"/>
    <nd ref="9064240945"/>
    <nd ref="9064240946"/>
    <nd ref="9064240947"/>
    <nd ref="11054672986"/>
    <nd ref="9064240948"/>
    <nd ref="11054672987"/>
    <nd ref="9064240949"/>
    <nd ref="9064240950"/>
    <nd ref="11054672988"/>
    <nd ref="9064240951"/>
    <nd ref="11054672989"/>
    <nd ref="11054672990"/>
    <nd ref="11054672991"/>
    <nd ref="9064240952"/>
    <nd ref="11054672992"/>
    <nd ref="9064240953"/>
    <nd ref="11054672993"/>
    <nd ref="9064240954"/>
    <nd ref="9064240955"/>
    <tag k="highway" v="service"/>
    <tag k="name" v="雙和一路"/>
  </way>
  <way id="979831591">
    <nd ref="9064248604"/>
    <nd ref="9064248605"/>
    <nd ref="9064252056"/>
    <nd ref="9064248606"/>
    <tag k="highway" v="track"/>
  </way>
  <way id="980912646">
    <nd ref="9073737923"/>
    <nd ref="9073737924"/>
    <nd ref="9073737926"/>
    <nd ref="9073737927"/>
    <nd ref="9073737929"/>
    <nd ref="9073737930"/>
    <nd ref="9073737931"/>
    <nd ref="9104711830"/>
    <nd ref="9104711831"/>
    <nd ref="9073737932"/>
    <nd ref="9104711833"/>
    <nd ref="9104711832"/>
    <tag k="highway" v="unclassified"/>
    <tag k="name" v="南湖路"/>
  </way>
  <way id="984803152">
    <nd ref="3707841758"/>
    <nd ref="4430995698"/>
    <nd ref="3707841752"/>
    <nd ref="4430995697"/>
    <nd ref="4430995696"/>
    <nd ref="4430995695"/>
    <nd ref="4430995694"/>
    <nd ref="11840702000"/>
    <nd ref="3707841740"/>
    <nd ref="11840701982"/>
    <nd ref="9104711826"/>
    <nd ref="11840701983"/>
    <nd ref="3707841736"/>
    <tag k="highway" v="residential"/>
    <tag k="name" v="福山橫巷"/>
  </way>
  <way id="984803153">
    <nd ref="11840665254"/>
    <nd ref="4430995732"/>
    <nd ref="4430995728"/>
    <nd ref="8692699063"/>
    <nd ref="4430995715"/>
    <nd ref="4430995711"/>
    <nd ref="11840665232"/>
    <tag k="highway" v="residential"/>
    <tag k="name" v="東興路"/>
  </way>
  <way id="984803154">
    <nd ref="9073737932"/>
    <nd ref="9073737933"/>
    <nd ref="9073737934"/>
    <nd ref="9073737935"/>
    <nd ref="9073737936"/>
    <nd ref="9073737937"/>
    <nd ref="9104711834"/>
    <nd ref="9104711835"/>
    <tag k="highway" v="unclassified"/>
  </way>
  <way id="984803155">
    <nd ref="9073737937"/>
    <nd ref="9073737938"/>
    <tag k="highway" v="service"/>
  </way>
  <way id="984803156">
    <nd ref="7760318591"/>
    <nd ref="11005896684"/>
    <nd ref="11005896685"/>
    <nd ref="2833162124"/>
    <nd ref="11005896686"/>
    <nd ref="4430931992"/>
    <tag k="highway" v="residential"/>
    <tag k="name" v="福山街"/>
  </way>
  <way id="1030718500">
    <nd ref="4431005222"/>
    <nd ref="4431005225"/>
    <tag k="highway" v="unclassified"/>
  </way>
  <way id="1030718501">
    <nd ref="2178261525"/>
    <nd ref="11005824608"/>
    <nd ref="9500926493"/>
    <nd ref="9500926492"/>
    <nd ref="9500926488"/>
    <nd ref="9500926491"/>
    <nd ref="9500926490"/>
    <nd ref="9500926489"/>
    <tag k="highway" v="unclassified"/>
  </way>
  <way id="1030718502">
    <nd ref="4431005229"/>
    <nd ref="4431005222"/>
    <nd ref="9500926494"/>
    <nd ref="2178261525"/>
    <tag k="highway" v="unclassified"/>
    <tag k="name" v="福山街"/>
  </way>
  <way id="1030718503">
    <nd ref="2178261525"/>
    <nd ref="9500926495"/>
    <nd ref="9500926486"/>
    <nd ref="9500926487"/>
    <tag k="highway" v="unclassified"/>
    <tag k="name" v="福山街"/>
  </way>
  <way id="1030741927">
    <nd ref="987453202"/>
    <nd ref="4430919454"/>
    <nd ref="987453201"/>
    <nd ref="987453200"/>
    <tag k="cycleway" v="lane"/>
    <tag k="highway" v="primary"/>
    <tag k="name" v="泰雅一路"/>
    <tag k="ref" v="7丙"/>
    <tag k="ref:en" v="Provincial Highway 7C"/>
    <tag k="ref:zh" v="台7丙線"/>
  </way>
  <way id="1030741928">
    <nd ref="2178262229"/>
    <nd ref="2178262228"/>
    <nd ref="2178262231"/>
    <nd ref="2584473008"/>
    <nd ref="300593475"/>
    <tag k="highway" v="primary"/>
    <tag k="maxspeed" v="50"/>
    <tag k="name" v="泰雅路二段"/>
    <tag k="name:en" v="Section 2, Taiya Road"/>
    <tag k="name:nan" v="Thài-ngá-lō͘ 2-tōaⁿ"/>
    <tag k="name:nan-Hant" v="泰雅路二段"/>
    <tag k="name:nan-Latn-pehoeji" v="Thài-ngá-lō͘ 2-tōaⁿ"/>
    <tag k="name:nan-Latn-tailo" v="Thài-ngá-lōo 2-tuānn"/>
    <tag k="name:zh" v="泰雅路二段"/>
    <tag k="ref" v="7"/>
    <tag k="ref:en" v="Provincial Highway 7"/>
    <tag k="ref:zh" v="台7線"/>
  </way>
  <way id="1030741929">
    <nd ref="2178262300"/>
    <nd ref="11009348275"/>
    <nd ref="11009348276"/>
    <nd ref="2178261465"/>
    <tag k="highway" v="primary"/>
    <tag k="maxspeed" v="50"/>
    <tag k="name" v="泰雅路一段"/>
    <tag k="name:en" v="Section 1, Taiya Road"/>
    <tag k="name:nan" v="Thài-ngá-lō͘ 1-tōaⁿ"/>
    <tag k="name:nan-Hant" v="泰雅路一段"/>
    <tag k="name:nan-Latn-pehoeji" v="Thài-ngá-lō͘ 1-tōaⁿ"/>
    <tag k="name:nan-Latn-tailo" v="Thài-ngá-lōo 1-tuānn"/>
    <tag k="name:zh" v="泰雅路一段"/>
    <tag k="ref" v="7"/>
    <tag k="ref:en" v="Provincial Highway 7"/>
    <tag k="ref:zh" v="台7線"/>
  </way>
  <way id="1030741930">
    <nd ref="300593523"/>
    <nd ref="300593526"/>
    <tag k="highway" v="primary"/>
    <tag k="maxspeed" v="50"/>
    <tag k="name" v="泰雅路一段"/>
    <tag k="name:en" v="Section 1, Taiya Road"/>
    <tag k="name:nan" v="Thài-ngá-lō͘ 1-tōaⁿ"/>
    <tag k="name:nan-Hant" v="泰雅路一段"/>
    <tag k="name:nan-Latn-pehoeji" v="Thài-ngá-lō͘ 1-tōaⁿ"/>
    <tag k="name:nan-Latn-tailo" v="Thài-ngá-lōo 1-tuānn"/>
    <tag k="name:zh" v="泰雅路一段"/>
    <tag k="ref" v="7"/>
    <tag k="ref:en" v="Provincial Highway 7"/>
    <tag k="ref:zh" v="台7線"/>
  </way>
  <way id="1030741931">
    <nd ref="987453071"/>
    <nd ref="7760318683"/>
    <nd ref="412685658"/>
    <nd ref="11005824609"/>
    <tag k="bridge" v="yes"/>
    <tag k="highway" v="tertiary"/>
    <tag k="layer" v="1"/>
    <tag k="name" v="泰雅大橋"/>
    <tag k="name:en" v="Taiya Bridge"/>
    <tag k="name:zh" v="泰雅大橋"/>
    <tag k="ref" v="宜63"/>
    <tag k="ref:en" v="IL63"/>
    <tag k="ref:zh" v="宜63"/>
    <tag k="wikidata" v="Q101084488"/>
  </way>
  <way id="1030741932">
    <nd ref="2584473026"/>
    <nd ref="2584473033"/>
    <tag k="highway" v="primary"/>
    <tag k="maxspeed" v="50"/>
    <tag k="name" v="泰雅路一段"/>
    <tag k="name:en" v="Section 1, Taiya Road"/>
    <tag k="name:nan" v="Thài-ngá-lō͘ 1-tōaⁿ"/>
    <tag k="name:nan-Hant" v="泰雅路一段"/>
    <tag k="name:nan-Latn-pehoeji" v="Thài-ngá-lō͘ 1-tōaⁿ"/>
    <tag k="name:nan-Latn-tailo" v="Thài-ngá-lōo 1-tuānn"/>
    <tag k="name:zh" v="泰雅路一段"/>
    <tag k="ref" v="7"/>
    <tag k="ref:en" v="Provincial Highway 7"/>
    <tag k="ref:zh" v="台7線"/>
  </way>
  <way id="1082778844">
    <nd ref="4566091263"/>
    <nd ref="4566091264"/>
    <nd ref="4566091265"/>
    <nd ref="11020032865"/>
    <nd ref="11020032864"/>
    <nd ref="4566091266"/>
    <nd ref="4566091267"/>
    <nd ref="4566091268"/>
    <nd ref="4566091269"/>
    <nd ref="11020032862"/>
    <nd ref="4566091270"/>
    <nd ref="11020032863"/>
    <nd ref="11020032861"/>
    <nd ref="4566091271"/>
    <nd ref="4566091272"/>
    <nd ref="4566091273"/>
    <nd ref="11020032860"/>
    <nd ref="11020032859"/>
    <nd ref="4566091274"/>
    <nd ref="4566091275"/>
    <nd ref="4566091276"/>
    <nd ref="11020032858"/>
    <nd ref="4566091277"/>
    <nd ref="4566091278"/>
    <nd ref="4566091279"/>
    <nd ref="11020032857"/>
    <nd ref="4566091280"/>
    <nd ref="11020032856"/>
    <nd ref="11020032855"/>
    <nd ref="4566091281"/>
    <nd ref="4566091282"/>
    <nd ref="4566091283"/>
    <nd ref="4566091284"/>
    <tag k="highway" v="service"/>
    <tag k="name" v="泰雅路二段33巷"/>
  </way>
  <way id="1082778845">
    <nd ref="4566091258"/>
    <nd ref="9923433832"/>
    <nd ref="9923433823"/>
    <nd ref="9923433824"/>
    <nd ref="9923433825"/>
    <nd ref="9923433826"/>
    <nd ref="9923433827"/>
    <nd ref="9923433828"/>
    <nd ref="9923433829"/>
    <nd ref="9923433830"/>
    <nd ref="9923433831"/>
    <tag k="highway" v="track"/>
    <tag k="surface" v="unpaved"/>
    <tag k="tracktype" v="grade4"/>
  </way>
  <way id="1082786046">
    <nd ref="9923564897"/>
    <nd ref="9923564896"/>
    <tag k="bridge" v="yes"/>
    <tag k="highway" v="service"/>
    <tag k="layer" v="1"/>
  </way>
  <way id="1082786047">
    <nd ref="4297377412"/>
    <nd ref="9923564897"/>
    <tag k="highway" v="service"/>
  </way>
  <way id="1082786048">
    <nd ref="2178262282"/>
    <nd ref="8932944100"/>
    <nd ref="11015132220"/>
    <nd ref="8932944101"/>
    <nd ref="8932944108"/>
    <nd ref="9923564899"/>
    <tag k="highway" v="track"/>
    <tag k="tracktype" v="grade3"/>
  </way>
  <way id="1082786049">
    <nd ref="9923564899"/>
    <nd ref="9923564898"/>
    <tag k="bridge" v="yes"/>
    <tag k="highway" v="track"/>
    <tag k="layer" v="1"/>
    <tag k="tracktype" v="grade3"/>
  </way>
  <way id="1082786050">
    <nd ref="9923564900"/>
    <nd ref="8932944118"/>
    <tag k="highway" v="track"/>
  </way>
  <way id="1082786051">
    <nd ref="9923564901"/>
    <nd ref="9923564900"/>
    <tag k="bridge" v="yes"/>
    <tag k="highway" v="track"/>
    <tag k="layer" v="1"/>
  </way>
  <way id="1093816331">
    <nd ref="300593463"/>
    <nd ref="10018219522"/>
    <nd ref="10018219523"/>
    <nd ref="10018219524"/>
    <nd ref="10018219525"/>
    <nd ref="10018219526"/>
    <nd ref="10018219527"/>
    <nd ref="10018219528"/>
    <nd ref="11016900317"/>
    <nd ref="11016900316"/>
    <nd ref="10018219529"/>
    <nd ref="10018219530"/>
    <nd ref="10018219531"/>
    <nd ref="11016900315"/>
    <nd ref="10018219532"/>
    <nd ref="10018219533"/>
    <nd ref="10018219534"/>
    <nd ref="10018219535"/>
    <nd ref="10018219536"/>
    <nd ref="10018219537"/>
    <nd ref="10018219538"/>
    <nd ref="10018219539"/>
    <nd ref="10018219540"/>
    <nd ref="10018219541"/>
    <nd ref="11016900321"/>
    <nd ref="10018219542"/>
    <nd ref="10018219543"/>
    <nd ref="10018219544"/>
    <nd ref="10018219545"/>
    <nd ref="10018219546"/>
    <nd ref="10018219547"/>
    <nd ref="10018219548"/>
    <nd ref="10018219549"/>
    <nd ref="10018219550"/>
    <nd ref="11016900322"/>
    <nd ref="11016900323"/>
    <nd ref="11016900324"/>
    <nd ref="10018219551"/>
    <nd ref="10018219552"/>
    <nd ref="10018219553"/>
    <nd ref="11016900325"/>
    <nd ref="11016900326"/>
    <nd ref="10018219554"/>
    <nd ref="10018219555"/>
    <nd ref="10018219556"/>
    <nd ref="10018219557"/>
    <nd ref="10018219558"/>
    <nd ref="10018219559"/>
    <nd ref="10018219560"/>
    <nd ref="11016900327"/>
    <nd ref="11016900328"/>
    <nd ref="10018219561"/>
    <nd ref="10018219562"/>
    <nd ref="10018219563"/>
    <nd ref="11016900329"/>
    <nd ref="10018219564"/>
    <nd ref="10018219565"/>
    <nd ref="11016900330"/>
    <nd ref="11016900331"/>
    <nd ref="10018219566"/>
    <nd ref="11016900332"/>
    <nd ref="10018219567"/>
    <nd ref="10018219568"/>
    <nd ref="10018219569"/>
    <nd ref="10018219570"/>
    <nd ref="11016900333"/>
    <nd ref="10018219571"/>
    <nd ref="10018219572"/>
    <nd ref="11016900334"/>
    <nd ref="10018219573"/>
    <nd ref="11016900335"/>
    <nd ref="10018219574"/>
    <nd ref="11016900336"/>
    <nd ref="10018219575"/>
    <nd ref="10018219576"/>
    <nd ref="11016900337"/>
    <nd ref="10018219577"/>
    <nd ref="10018219578"/>
    <nd ref="10018219579"/>
    <nd ref="10018219580"/>
    <nd ref="10018219581"/>
    <nd ref="10018219582"/>
    <nd ref="10018219583"/>
    <nd ref="11016900338"/>
    <nd ref="10018219584"/>
    <nd ref="10018219585"/>
    <nd ref="10018219586"/>
    <nd ref="10018219587"/>
    <nd ref="10018219588"/>
    <nd ref="11016900339"/>
    <nd ref="11016900340"/>
    <nd ref="10018219589"/>
    <nd ref="10018219590"/>
    <nd ref="10018219591"/>
    <nd ref="11016900341"/>
    <nd ref="11016900342"/>
    <nd ref="11016900343"/>
    <nd ref="10018219592"/>
    <nd ref="10018219593"/>
    <nd ref="10018219594"/>
    <nd ref="10018219595"/>
    <nd ref="10018219596"/>
    <nd ref="10018219597"/>
    <nd ref="10018219598"/>
    <nd ref="10018219599"/>
    <nd ref="10018219600"/>
    <nd ref="10018219601"/>
    <nd ref="10018219602"/>
    <nd ref="11016900344"/>
    <nd ref="10018219603"/>
    <nd ref="10018219604"/>
    <nd ref="11016900345"/>
    <nd ref="10018219605"/>
    <nd ref="10018219606"/>
    <nd ref="10018219607"/>
    <nd ref="10018219608"/>
    <nd ref="10018219609"/>
    <nd ref="11016900346"/>
    <nd ref="10018219610"/>
    <nd ref="10018219611"/>
    <nd ref="11016900347"/>
    <nd ref="10018219612"/>
    <nd ref="10018219613"/>
    <nd ref="11016900348"/>
    <nd ref="10018219614"/>
    <nd ref="10018219615"/>
    <nd ref="11016900349"/>
    <nd ref="11016900350"/>
    <nd ref="10018219616"/>
    <nd ref="11016900351"/>
    <nd ref="10018229917"/>
    <nd ref="10018229918"/>
    <nd ref="11016900352"/>
    <nd ref="10018229919"/>
    <nd ref="10018229920"/>
    <nd ref="11016900353"/>
    <nd ref="10018229921"/>
    <nd ref="11016900354"/>
    <nd ref="10018229922"/>
    <nd ref="10018229923"/>
    <nd ref="10018229924"/>
    <nd ref="11016900355"/>
    <nd ref="10018229925"/>
    <nd ref="11016900356"/>
    <nd ref="10018229926"/>
    <nd ref="10018229927"/>
    <nd ref="10018229928"/>
    <nd ref="11016900357"/>
    <nd ref="10018229929"/>
    <nd ref="11016900358"/>
    <nd ref="11016900359"/>
    <nd ref="10018229930"/>
    <nd ref="10018229931"/>
    <nd ref="10018229932"/>
    <nd ref="10018229933"/>
    <nd ref="10018229934"/>
    <nd ref="10018229935"/>
    <nd ref="10018229936"/>
    <tag k="highway" v="service"/>
    <tag k="name" v="泰雅路二段92巷"/>
    <tag k="service" v="alley"/>
  </way>
  <way id="1093816332">
    <nd ref="10018229936"/>
    <nd ref="10018229937"/>
    <nd ref="10018229938"/>
    <nd ref="10018229939"/>
    <nd ref="10018229940"/>
    <nd ref="10018229941"/>
    <nd ref="10018229942"/>
    <nd ref="10018229943"/>
    <nd ref="10018229944"/>
    <nd ref="10018229945"/>
    <nd ref="10018229946"/>
    <nd ref="10018229947"/>
    <nd ref="10018229948"/>
    <nd ref="10018229949"/>
    <nd ref="10018229950"/>
    <nd ref="11016900360"/>
    <nd ref="10018229951"/>
    <nd ref="11016900361"/>
    <nd ref="10018229952"/>
    <nd ref="10018229953"/>
    <nd ref="11016900362"/>
    <nd ref="10018229954"/>
    <nd ref="10018229955"/>
    <nd ref="10018229956"/>
    <nd ref="10018229957"/>
    <nd ref="10018229958"/>
    <nd ref="10018229959"/>
    <nd ref="11016900363"/>
    <nd ref="10018229960"/>
    <nd ref="10018229961"/>
    <nd ref="10018229962"/>
    <nd ref="10018229963"/>
    <nd ref="10018229964"/>
    <nd ref="10018229965"/>
    <nd ref="11016900364"/>
    <nd ref="10018229966"/>
    <nd ref="11016900365"/>
    <nd ref="10018229967"/>
    <nd ref="10018229968"/>
    <nd ref="10018229969"/>
    <nd ref="10018229970"/>
    <nd ref="10018229971"/>
    <nd ref="10018229972"/>
    <nd ref="11016900366"/>
    <nd ref="10018229973"/>
    <nd ref="10018229974"/>
    <nd ref="10018229975"/>
    <nd ref="10018229976"/>
    <nd ref="10018229977"/>
    <nd ref="10018229978"/>
    <nd ref="10018229979"/>
    <nd ref="11016900367"/>
    <nd ref="10018229980"/>
    <nd ref="11016900368"/>
    <nd ref="10018229981"/>
    <nd ref="10018229982"/>
    <nd ref="10018229983"/>
    <nd ref="11016900371"/>
    <nd ref="10018229984"/>
    <nd ref="10018229991"/>
    <nd ref="10018229985"/>
    <nd ref="10018229986"/>
    <nd ref="11016900372"/>
    <nd ref="11016900373"/>
    <nd ref="10018229987"/>
    <nd ref="10018229988"/>
    <nd ref="10018229989"/>
    <nd ref="10018229990"/>
    <tag k="highway" v="track"/>
    <tag k="surface" v="unpaved"/>
    <tag k="tracktype" v="grade4"/>
  </way>
  <way id="1094029498">
    <nd ref="4430995738"/>
    <nd ref="10019940381"/>
    <nd ref="10019940382"/>
    <nd ref="10019940383"/>
    <nd ref="10019940384"/>
    <nd ref="10019940385"/>
    <nd ref="10019940386"/>
    <nd ref="10019940387"/>
    <nd ref="10019940388"/>
    <nd ref="10019940389"/>
    <nd ref="10019940390"/>
    <nd ref="10019940391"/>
    <nd ref="10019940392"/>
    <tag k="highway" v="service"/>
    <tag k="source" v="maxar"/>
  </way>
  <way id="1094029499">
    <nd ref="10019940393"/>
    <nd ref="10019940394"/>
    <nd ref="4431004665"/>
    <nd ref="10019940395"/>
    <nd ref="10019940396"/>
    <nd ref="10019940401"/>
    <tag k="highway" v="residential"/>
    <tag k="name" v="三星路六段525巷"/>
    <tag k="source" v="maxar"/>
  </way>
  <way id="1094029500">
    <nd ref="10019940397"/>
    <nd ref="10019940398"/>
    <nd ref="10019940399"/>
    <nd ref="10019940400"/>
    <nd ref="10019949226"/>
    <nd ref="10019949227"/>
    <tag k="highway" v="residential"/>
    <tag k="source" v="maxar"/>
  </way>
  <way id="1094029501">
    <nd ref="10019940401"/>
    <nd ref="10019940397"/>
    <tag k="bridge" v="yes"/>
    <tag k="highway" v="residential"/>
    <tag k="layer" v="1"/>
    <tag k="source" v="maxar"/>
  </way>
  <way id="1094029502">
    <nd ref="4431004639"/>
    <nd ref="4431004666"/>
    <nd ref="3109149619"/>
    <tag k="highway" v="service"/>
    <tag k="name" v="三星路六段469巷"/>
    <tag k="source" v="maxar"/>
  </way>
  <way id="1094029503">
    <nd ref="11840665247"/>
    <nd ref="10019940404"/>
    <nd ref="10019940405"/>
    <nd ref="10019940406"/>
    <nd ref="10019940407"/>
    <tag k="highway" v="residential"/>
    <tag k="source" v="maxar"/>
  </way>
  <way id="1094029504">
    <nd ref="10019940408"/>
    <nd ref="10019940409"/>
    <nd ref="10019940410"/>
    <nd ref="10019940411"/>
    <tag k="highway" v="residential"/>
    <tag k="source" v="maxar"/>
  </way>
  <way id="1094029505">
    <nd ref="10019940412"/>
    <nd ref="10019940413"/>
    <tag k="highway" v="service"/>
    <tag k="source" v="maxar"/>
  </way>
  <way id="1094029506">
    <nd ref="10019940414"/>
    <nd ref="10019940415"/>
    <nd ref="10019940406"/>
    <tag k="highway" v="residential"/>
    <tag k="source" v="maxar"/>
  </way>
  <way id="1094029507">
    <nd ref="11840665237"/>
    <nd ref="10019949218"/>
    <nd ref="10019949219"/>
    <nd ref="10019949220"/>
    <nd ref="10019949221"/>
    <tag k="highway" v="track"/>
    <tag k="source" v="maxar"/>
  </way>
  <way id="1094029508">
    <nd ref="10019949222"/>
    <nd ref="10019949223"/>
    <nd ref="10019949224"/>
    <nd ref="10019949225"/>
    <nd ref="10019940398"/>
    <tag k="highway" v="residential"/>
    <tag k="source" v="maxar"/>
  </way>
  <way id="1094029509">
    <nd ref="10019949230"/>
    <nd ref="10019949228"/>
    <nd ref="10019949229"/>
    <tag k="highway" v="service"/>
    <tag k="source" v="maxar"/>
  </way>
  <way id="1094029510">
    <nd ref="4430995731"/>
    <nd ref="10019949231"/>
    <tag k="highway" v="service"/>
    <tag k="name" v="雙和中路365巷"/>
    <tag k="source" v="maxar"/>
  </way>
  <way id="1094029511">
    <nd ref="10019949232"/>
    <nd ref="10019949233"/>
    <nd ref="10019949234"/>
    <nd ref="10019949235"/>
    <tag k="highway" v="service"/>
    <tag k="source" v="maxar"/>
  </way>
  <way id="1094029512">
    <nd ref="11750228676"/>
    <nd ref="10019949237"/>
    <tag k="highway" v="residential"/>
    <tag k="source" v="maxar"/>
  </way>
  <way id="1094029513">
    <nd ref="10019949238"/>
    <nd ref="10019949239"/>
    <tag k="highway" v="service"/>
    <tag k="source" v="maxar"/>
  </way>
  <way id="1094029514">
    <nd ref="10019949240"/>
    <nd ref="10019949241"/>
    <nd ref="10019949242"/>
    <tag k="highway" v="service"/>
    <tag k="source" v="maxar"/>
  </way>
  <way id="1094029515">
    <nd ref="10019949243"/>
    <nd ref="10019949244"/>
    <nd ref="10019949245"/>
    <tag k="highway" v="service"/>
    <tag k="source" v="maxar"/>
  </way>
  <way id="1094029516">
    <nd ref="10019949246"/>
    <nd ref="10019949247"/>
    <nd ref="10019949248"/>
    <nd ref="10019949249"/>
    <nd ref="10019949250"/>
    <tag k="highway" v="service"/>
    <tag k="source" v="maxar"/>
  </way>
  <way id="1125669292">
    <nd ref="10293649986"/>
    <nd ref="10293679517"/>
    <nd ref="10293679512"/>
    <nd ref="10293649987"/>
    <nd ref="10293679514"/>
    <nd ref="10293679526"/>
    <nd ref="10293860763"/>
    <nd ref="10293860770"/>
    <nd ref="10293860761"/>
    <nd ref="10293650006"/>
    <nd ref="10293649988"/>
    <nd ref="10293679509"/>
    <nd ref="10293679528"/>
    <nd ref="10293650000"/>
    <nd ref="10293649989"/>
    <nd ref="10293650003"/>
    <nd ref="10293679523"/>
    <nd ref="10293679531"/>
    <nd ref="10293649991"/>
    <nd ref="10293649993"/>
    <nd ref="10293649985"/>
    <nd ref="10293649992"/>
    <nd ref="988504616"/>
    <tag k="highway" v="unclassified"/>
    <tag k="lanes" v="2"/>
    <tag k="lit" v="yes"/>
    <tag k="maxspeed" v="60"/>
    <tag k="name" v="上將路七段"/>
    <tag k="postal_code" v="266001"/>
    <tag k="surface" v="asphalt"/>
  </way>
  <way id="1125669295">
    <nd ref="10293679525"/>
    <nd ref="10293679526"/>
    <nd ref="10293679527"/>
    <tag k="highway" v="service"/>
    <tag k="lit" v="yes"/>
    <tag k="surface" v="asphalt"/>
  </way>
  <way id="1125690022">
    <nd ref="3707842406"/>
    <nd ref="10293679527"/>
    <nd ref="10293679515"/>
    <nd ref="3707842404"/>
    <nd ref="10293679518"/>
    <nd ref="3707842407"/>
    <tag k="frontage_road" v="yes"/>
    <tag k="highway" v="service"/>
    <tag k="lit" v="yes"/>
    <tag k="name" v="上將路七段"/>
    <tag k="oneway" v="yes"/>
    <tag k="postal_code" v="266001"/>
    <tag k="surface" v="asphalt"/>
  </way>
  <way id="1125690023">
    <nd ref="10293860761"/>
    <nd ref="3707842405"/>
    <nd ref="10293860768"/>
    <nd ref="3707842413"/>
    <nd ref="3707842412"/>
    <nd ref="4430939402"/>
    <nd ref="3707842416"/>
    <nd ref="10293860760"/>
    <nd ref="3707842415"/>
    <nd ref="10293860769"/>
    <nd ref="3707842406"/>
    <nd ref="10293860763"/>
    <nd ref="10293860762"/>
    <tag k="highway" v="service"/>
    <tag k="name" v="上將路七段"/>
    <tag k="postal_code" v="266001"/>
    <tag k="surface" v="asphalt"/>
  </way>
  <way id="1126167222">
    <nd ref="4446632377"/>
    <nd ref="10297998977"/>
    <nd ref="10297998978"/>
    <nd ref="10297998979"/>
    <nd ref="10297998980"/>
    <nd ref="10297998981"/>
    <nd ref="10297998982"/>
    <nd ref="11030611107"/>
    <nd ref="11030611108"/>
    <nd ref="11030611109"/>
    <nd ref="10297998983"/>
    <tag k="highway" v="residential"/>
    <tag k="source" v="maxar"/>
  </way>
  <way id="1126167223">
    <nd ref="10297998984"/>
    <nd ref="10297998985"/>
    <nd ref="10297998986"/>
    <nd ref="10297998983"/>
    <nd ref="10297998987"/>
    <nd ref="10297998988"/>
    <tag k="highway" v="residential"/>
    <tag k="source" v="maxar"/>
  </way>
  <way id="1126167224">
    <nd ref="10297998984"/>
    <nd ref="11033126489"/>
    <nd ref="10297998989"/>
    <nd ref="10297998990"/>
    <nd ref="10297998991"/>
    <nd ref="10297998992"/>
    <nd ref="11033126490"/>
    <nd ref="10297998993"/>
    <nd ref="10297998994"/>
    <nd ref="11033126493"/>
    <nd ref="11033126477"/>
    <nd ref="10297998995"/>
    <nd ref="10297998996"/>
    <nd ref="10297998997"/>
    <nd ref="10297998998"/>
    <nd ref="10297998999"/>
    <tag k="highway" v="residential"/>
    <tag k="source" v="maxar"/>
  </way>
  <way id="1126167225">
    <nd ref="10297998984"/>
    <nd ref="11030611103"/>
    <nd ref="11030611104"/>
    <nd ref="10297999000"/>
    <nd ref="10297999001"/>
    <nd ref="11031562947"/>
    <nd ref="10297999002"/>
    <nd ref="10297999003"/>
    <nd ref="11031562933"/>
    <nd ref="10297999004"/>
    <tag k="highway" v="residential"/>
    <tag k="source" v="maxar"/>
  </way>
  <way id="1126167226">
    <nd ref="11030752255"/>
    <nd ref="10297999005"/>
    <nd ref="10297999006"/>
    <nd ref="10297999007"/>
    <nd ref="10297999008"/>
    <tag k="highway" v="service"/>
    <tag k="source" v="maxar"/>
  </way>
  <way id="1126167227">
    <nd ref="10298039609"/>
    <nd ref="11033346706"/>
    <nd ref="10298039610"/>
    <nd ref="11033346705"/>
    <nd ref="10298039611"/>
    <nd ref="10298039612"/>
    <nd ref="10298039613"/>
    <nd ref="11033346707"/>
    <nd ref="10298039614"/>
    <tag k="highway" v="service"/>
    <tag k="source" v="maxar"/>
  </way>
  <way id="1126707041">
    <nd ref="4431004653"/>
    <nd ref="4431004651"/>
    <nd ref="4431004650"/>
    <nd ref="3707841672"/>
    <nd ref="4431004646"/>
    <nd ref="4431004640"/>
    <nd ref="4431004635"/>
    <nd ref="10019940396"/>
    <nd ref="4431004633"/>
    <nd ref="3707841647"/>
    <nd ref="4431004634"/>
    <nd ref="4431004636"/>
    <nd ref="4431004638"/>
    <nd ref="3707841661"/>
    <nd ref="4431004639"/>
    <nd ref="4431004642"/>
    <nd ref="4431004647"/>
    <nd ref="4431004649"/>
    <nd ref="3707841676"/>
    <nd ref="4431004652"/>
    <nd ref="4431004654"/>
    <nd ref="4431004655"/>
    <nd ref="4431004657"/>
    <nd ref="4431004658"/>
    <nd ref="4431004659"/>
    <nd ref="3707841698"/>
    <nd ref="4431004660"/>
    <nd ref="3707841691"/>
    <nd ref="3707841690"/>
    <nd ref="4430915593"/>
    <nd ref="3707841668"/>
    <nd ref="4430915477"/>
    <nd ref="4430915466"/>
    <nd ref="3707841620"/>
    <nd ref="4430915440"/>
    <nd ref="3707841612"/>
    <nd ref="4430915437"/>
    <nd ref="3707841618"/>
    <nd ref="4430915444"/>
    <nd ref="4430915450"/>
    <nd ref="3707841636"/>
    <nd ref="4430915458"/>
    <nd ref="3707841641"/>
    <nd ref="4430915452"/>
    <nd ref="3707841623"/>
    <nd ref="3707841591"/>
    <nd ref="4430915502"/>
    <nd ref="4430915500"/>
    <nd ref="3707841598"/>
    <nd ref="4430915513"/>
    <nd ref="3707841599"/>
    <tag k="highway" v="service"/>
    <tag k="name" v="安農北路七段"/>
  </way>
  <way id="1126707044">
    <nd ref="3707842301"/>
    <nd ref="11005207808"/>
    <nd ref="4430939252"/>
    <nd ref="11005207807"/>
    <nd ref="4430939398"/>
    <nd ref="4430939400"/>
    <nd ref="988504668"/>
    <nd ref="4430939411"/>
    <nd ref="4430939412"/>
    <nd ref="11005207810"/>
    <nd ref="4430939410"/>
    <nd ref="11005207814"/>
    <nd ref="4430939406"/>
    <nd ref="11005207811"/>
    <nd ref="11005207812"/>
    <nd ref="988504670"/>
    <nd ref="11005207813"/>
    <nd ref="4430939407"/>
    <nd ref="4430939409"/>
    <nd ref="988504672"/>
    <tag k="highway" v="unclassified"/>
    <tag k="name" v="安平路五段"/>
  </way>
  <way id="1184766751">
    <nd ref="4431005285"/>
    <nd ref="11005207867"/>
    <nd ref="11005207868"/>
    <nd ref="11005207869"/>
    <nd ref="11005207870"/>
    <nd ref="11005207871"/>
    <nd ref="11005207872"/>
    <nd ref="11005207873"/>
    <nd ref="11005207874"/>
    <nd ref="11005207875"/>
    <tag k="highway" v="track"/>
    <tag k="surface" v="paved"/>
    <tag k="tracktype" v="grade1"/>
  </way>
  <way id="1184766752">
    <nd ref="11005207870"/>
    <nd ref="11005207876"/>
    <nd ref="11005207877"/>
    <nd ref="11005207878"/>
    <nd ref="11005327972"/>
    <nd ref="11005207879"/>
    <nd ref="11005207880"/>
    <nd ref="11005207881"/>
    <nd ref="11005207882"/>
    <nd ref="11005207883"/>
    <nd ref="11005207884"/>
    <nd ref="11005314118"/>
    <nd ref="11005207885"/>
    <tag k="highway" v="track"/>
    <tag k="tracktype" v="grade3"/>
  </way>
  <way id="1184768368">
    <nd ref="4430939398"/>
    <nd ref="11005218190"/>
    <nd ref="11005218187"/>
    <nd ref="11005218185"/>
    <nd ref="11005218188"/>
    <nd ref="11005218189"/>
    <nd ref="11005218181"/>
    <nd ref="11005218182"/>
    <tag k="highway" v="track"/>
    <tag k="surface" v="paved"/>
    <tag k="tracktype" v="grade2"/>
  </way>
  <way id="1184775652">
    <nd ref="11005118003"/>
    <nd ref="11005290092"/>
    <nd ref="11005290093"/>
    <nd ref="11005290094"/>
    <nd ref="11005290095"/>
    <nd ref="11005290096"/>
    <nd ref="11005290097"/>
    <nd ref="11005290098"/>
    <nd ref="11005290099"/>
    <nd ref="11005290100"/>
    <tag k="highway" v="track"/>
    <tag k="surface" v="paved"/>
    <tag k="tracktype" v="grade2"/>
  </way>
  <way id="1184777929">
    <nd ref="4430939150"/>
    <nd ref="11005328027"/>
    <nd ref="11005328028"/>
    <nd ref="11005328029"/>
    <nd ref="11005328040"/>
    <nd ref="11005328030"/>
    <nd ref="11005328120"/>
    <nd ref="11005328031"/>
    <tag k="highway" v="track"/>
    <tag k="tracktype" v="grade3"/>
  </way>
  <way id="1184842959">
    <nd ref="3707841778"/>
    <nd ref="11005884529"/>
    <nd ref="11005884563"/>
    <nd ref="11005884530"/>
    <nd ref="9948222909"/>
    <nd ref="11005884531"/>
    <nd ref="11005884555"/>
    <nd ref="11005884532"/>
    <nd ref="11005884533"/>
    <nd ref="11005884522"/>
    <nd ref="11005884523"/>
    <nd ref="11005884524"/>
    <nd ref="11005884525"/>
    <nd ref="11005884534"/>
    <tag k="highway" v="track"/>
    <tag k="surface" v="paved"/>
    <tag k="tracktype" v="grade2"/>
  </way>
  <way id="1184843002">
    <nd ref="9104711836"/>
    <nd ref="11005884672"/>
    <nd ref="13844815775"/>
    <nd ref="13844815776"/>
    <nd ref="13844815773"/>
    <nd ref="13844815772"/>
    <nd ref="13844815774"/>
    <nd ref="11005884673"/>
    <nd ref="11005884681"/>
    <nd ref="11005884674"/>
    <nd ref="11005884675"/>
    <nd ref="11005884676"/>
    <nd ref="13844815771"/>
    <nd ref="11005884677"/>
    <tag k="highway" v="track"/>
    <tag k="surface" v="paved"/>
    <tag k="tracktype" v="grade1"/>
  </way>
  <way id="1184848972">
    <nd ref="4431005219"/>
    <nd ref="11005886534"/>
    <nd ref="11006110993"/>
    <nd ref="11005886535"/>
    <nd ref="11005886536"/>
    <nd ref="11890758761"/>
    <nd ref="11005886545"/>
    <nd ref="11005886546"/>
    <nd ref="11890758762"/>
    <nd ref="11890758763"/>
    <nd ref="11890758764"/>
    <nd ref="11890758765"/>
    <tag k="highway" v="unclassified"/>
    <tag k="surface" v="paved"/>
    <tag k="tracktype" v="grade1"/>
  </way>
  <way id="1184848973">
    <nd ref="4431005219"/>
    <nd ref="11005886540"/>
    <nd ref="11005886541"/>
    <nd ref="11005886527"/>
    <tag k="highway" v="track"/>
    <tag k="surface" v="paved"/>
    <tag k="tracktype" v="grade2"/>
  </way>
  <way id="1184888035">
    <nd ref="4431031686"/>
    <nd ref="11006277095"/>
    <nd ref="11006277096"/>
    <nd ref="11006277097"/>
    <nd ref="13844667393"/>
    <nd ref="11006277099"/>
    <nd ref="11006277102"/>
    <nd ref="11006277104"/>
    <nd ref="11006277106"/>
    <nd ref="11006277107"/>
    <nd ref="11006277108"/>
    <nd ref="11006277109"/>
    <nd ref="13844667392"/>
    <nd ref="13844667391"/>
    <tag k="highway" v="track"/>
    <tag k="surface" v="unpaved"/>
    <tag k="tracktype" v="grade4"/>
  </way>
  <way id="1184888040">
    <nd ref="3109149547"/>
    <nd ref="987453145"/>
    <tag k="cycleway" v="lane"/>
    <tag k="embankment" v="yes"/>
    <tag k="highway" v="primary"/>
    <tag k="name" v="清水橋"/>
    <tag k="name:en" v="QingShui Bridge"/>
    <tag k="name:nan" v="Chheng-chúi-kiô"/>
    <tag k="name:nan-Hant" v="清水橋"/>
    <tag k="name:nan-Latn-pehoeji" v="Chheng-chúi-kiô"/>
    <tag k="name:nan-Latn-tailo" v="Tshing-tsuí-kiô"/>
    <tag k="name:zh" v="清水橋"/>
    <tag k="oneway" v="no"/>
    <tag k="ref" v="7丙"/>
    <tag k="ref:en" v="Provincial Highway 7C"/>
    <tag k="ref:zh" v="台7丙線"/>
    <tag k="surface" v="asphalt"/>
  </way>
  <way id="1184888041">
    <nd ref="987453144"/>
    <nd ref="3109149550"/>
    <tag k="cycleway" v="lane"/>
    <tag k="embankment" v="yes"/>
    <tag k="highway" v="primary"/>
    <tag k="name" v="清水橋"/>
    <tag k="name:en" v="QingShui Bridge"/>
    <tag k="name:zh" v="清水橋"/>
    <tag k="oneway" v="no"/>
    <tag k="ref" v="7丙"/>
    <tag k="ref:en" v="Provincial Highway 7C"/>
    <tag k="ref:zh" v="台7丙線"/>
    <tag k="surface" v="asphalt"/>
  </way>
  <way id="1184888042">
    <nd ref="8692445895"/>
    <nd ref="8692445754"/>
    <nd ref="8692445755"/>
    <nd ref="8692445766"/>
    <nd ref="8692445756"/>
    <nd ref="8692445761"/>
    <nd ref="8692445760"/>
    <nd ref="8692445759"/>
    <nd ref="11006277265"/>
    <nd ref="8692445764"/>
    <nd ref="8692445757"/>
    <nd ref="8692445765"/>
    <nd ref="8692445763"/>
    <nd ref="8692445762"/>
    <nd ref="8692445758"/>
    <nd ref="8692445831"/>
    <nd ref="8692445833"/>
    <nd ref="8692445832"/>
    <nd ref="8692445830"/>
    <nd ref="8692445835"/>
    <nd ref="8692445834"/>
    <nd ref="8692445836"/>
    <nd ref="8692445793"/>
    <nd ref="8692445841"/>
    <nd ref="8692445843"/>
    <nd ref="8692445842"/>
    <nd ref="8692445794"/>
    <nd ref="8692445840"/>
    <nd ref="8692445839"/>
    <nd ref="8692445837"/>
    <nd ref="8692445838"/>
    <nd ref="11006277267"/>
    <nd ref="8692445795"/>
    <nd ref="8692445796"/>
    <nd ref="11006277268"/>
    <nd ref="8692445797"/>
    <nd ref="11006277269"/>
    <nd ref="8692445844"/>
    <nd ref="8692445798"/>
    <nd ref="11006277270"/>
    <nd ref="8692445799"/>
    <nd ref="8692445800"/>
    <nd ref="8692445845"/>
    <nd ref="8692445846"/>
    <nd ref="8692445801"/>
    <nd ref="11006277271"/>
    <nd ref="8692445802"/>
    <nd ref="8692445848"/>
    <nd ref="8692445803"/>
    <nd ref="11006277272"/>
    <nd ref="8692445847"/>
    <nd ref="8692445804"/>
    <nd ref="8692445849"/>
    <nd ref="8692445805"/>
    <nd ref="8692445850"/>
    <nd ref="8692445855"/>
    <nd ref="8692445856"/>
    <nd ref="8692445806"/>
    <nd ref="8692445851"/>
    <nd ref="8692445854"/>
    <nd ref="8692445852"/>
    <nd ref="8692445853"/>
    <nd ref="8692445807"/>
    <nd ref="8692445857"/>
    <nd ref="8692445808"/>
    <nd ref="8692445858"/>
    <nd ref="8692445859"/>
    <nd ref="8692445809"/>
    <nd ref="8692445861"/>
    <nd ref="8692445860"/>
    <nd ref="8692445810"/>
    <nd ref="8692445864"/>
    <nd ref="8692445862"/>
    <nd ref="8692445863"/>
    <nd ref="8692445811"/>
    <nd ref="8692445812"/>
    <nd ref="8692445866"/>
    <nd ref="8692445865"/>
    <nd ref="8692445867"/>
    <nd ref="8692445813"/>
    <nd ref="8692445868"/>
    <nd ref="8692445814"/>
    <nd ref="8692445869"/>
    <nd ref="8692445815"/>
    <nd ref="8692445871"/>
    <nd ref="8692445870"/>
    <nd ref="8692445872"/>
    <nd ref="8692445816"/>
    <nd ref="8692445817"/>
    <nd ref="8692445818"/>
    <nd ref="8692445876"/>
    <nd ref="8692445874"/>
    <nd ref="8692445873"/>
    <nd ref="8692445819"/>
    <nd ref="8692445877"/>
    <nd ref="8692445875"/>
    <nd ref="8692445820"/>
    <nd ref="8692445821"/>
    <nd ref="8692445878"/>
    <nd ref="8692445880"/>
    <nd ref="8692445879"/>
    <nd ref="8692445822"/>
    <nd ref="8692445881"/>
    <nd ref="8692445882"/>
    <nd ref="8692445823"/>
    <nd ref="8692445824"/>
    <nd ref="8692445883"/>
    <nd ref="8692445825"/>
    <nd ref="8692445884"/>
    <nd ref="8692445826"/>
    <nd ref="8692445888"/>
    <nd ref="8692445887"/>
    <nd ref="8692445886"/>
    <nd ref="8692445889"/>
    <nd ref="8692445827"/>
    <nd ref="8692445890"/>
    <nd ref="8692445885"/>
    <nd ref="8692445828"/>
    <nd ref="8692445894"/>
    <nd ref="8692445893"/>
    <nd ref="8692445891"/>
    <nd ref="8692445892"/>
    <nd ref="8692445829"/>
    <nd ref="8692445666"/>
    <tag k="highway" v="service"/>
    <tag k="name" v="三星路八段371巷"/>
  </way>
  <way id="1185170330">
    <nd ref="300593526"/>
    <nd ref="11009348267"/>
    <nd ref="11009348266"/>
    <nd ref="11009348263"/>
    <tag k="highway" v="tertiary"/>
    <tag k="name" v="泰雅大橋"/>
    <tag k="name:en" v="Taiya Bridge"/>
    <tag k="name:zh" v="泰雅大橋"/>
    <tag k="ref" v="宜63"/>
    <tag k="ref:en" v="IL63"/>
    <tag k="ref:zh" v="宜63"/>
  </way>
  <way id="1185170331">
    <nd ref="11009348268"/>
    <nd ref="2178262300"/>
    <tag k="highway" v="tertiary"/>
    <tag k="name" v="泰雅大橋"/>
    <tag k="name:en" v="Taiya Bridge"/>
    <tag k="name:zh" v="泰雅大橋"/>
    <tag k="ref:zh" v="宜63"/>
  </way>
  <way id="1185171417">
    <nd ref="11009358514"/>
    <nd ref="11009358515"/>
    <nd ref="11009358516"/>
    <nd ref="11009358517"/>
    <nd ref="11009358518"/>
    <nd ref="11009358519"/>
    <nd ref="11009358520"/>
    <nd ref="11009358521"/>
    <nd ref="11009358522"/>
    <nd ref="11009358523"/>
    <nd ref="11009358524"/>
    <nd ref="11009358525"/>
    <nd ref="11009358526"/>
    <nd ref="11009358527"/>
    <nd ref="11009358528"/>
    <nd ref="11009381462"/>
    <nd ref="11009358529"/>
    <nd ref="11009381461"/>
    <nd ref="11009358530"/>
    <nd ref="11009381460"/>
    <nd ref="11009358531"/>
    <nd ref="11009358532"/>
    <nd ref="11009358533"/>
    <nd ref="11009358534"/>
    <nd ref="11009358535"/>
    <nd ref="11009358536"/>
    <nd ref="11009358537"/>
    <nd ref="11009358538"/>
    <nd ref="11009358539"/>
    <nd ref="11009358540"/>
    <nd ref="11009358541"/>
    <nd ref="11009358542"/>
    <nd ref="11009358543"/>
    <nd ref="11009358544"/>
    <nd ref="11009358545"/>
    <nd ref="11009358546"/>
    <tag k="highway" v="service"/>
    <tag k="surface" v="paved"/>
  </way>
  <way id="1185174960">
    <nd ref="11009358526"/>
    <nd ref="11009260599"/>
    <nd ref="11009260600"/>
    <nd ref="11009358497"/>
    <nd ref="11009358562"/>
    <nd ref="11009358498"/>
    <nd ref="11009381407"/>
    <nd ref="11009260601"/>
    <nd ref="11009260602"/>
    <nd ref="11009260603"/>
    <nd ref="11009260604"/>
    <nd ref="11009381405"/>
    <nd ref="11009381406"/>
    <nd ref="11009381412"/>
    <nd ref="11009381413"/>
    <nd ref="11009381414"/>
    <nd ref="11009381415"/>
    <nd ref="11009358546"/>
    <nd ref="11009358581"/>
    <nd ref="11009358582"/>
    <nd ref="11009358583"/>
    <nd ref="11009381423"/>
    <nd ref="11009381422"/>
    <nd ref="11009381421"/>
    <nd ref="11009381420"/>
    <nd ref="11009381419"/>
    <nd ref="11009381418"/>
    <nd ref="11009381417"/>
    <nd ref="11009381416"/>
    <nd ref="11009381424"/>
    <nd ref="11009381425"/>
    <nd ref="11009381426"/>
    <nd ref="11009381427"/>
    <nd ref="11009381428"/>
    <nd ref="11009381429"/>
    <nd ref="11009381491"/>
    <nd ref="11009381430"/>
    <nd ref="11009381431"/>
    <nd ref="11009381432"/>
    <nd ref="11009381433"/>
    <nd ref="11009381434"/>
    <nd ref="11009381435"/>
    <nd ref="11009381436"/>
    <nd ref="11009381437"/>
    <nd ref="11009381438"/>
    <nd ref="11009381439"/>
    <nd ref="11009381440"/>
    <nd ref="11009381441"/>
    <nd ref="11009381442"/>
    <nd ref="11009381443"/>
    <nd ref="11009381444"/>
    <nd ref="11009381445"/>
    <nd ref="11009381446"/>
    <nd ref="11009381447"/>
    <nd ref="11009381448"/>
    <nd ref="11009381449"/>
    <nd ref="11009381450"/>
    <nd ref="11009381451"/>
    <nd ref="11009381452"/>
    <nd ref="11009381453"/>
    <nd ref="11009381454"/>
    <nd ref="11009381455"/>
    <nd ref="11009381456"/>
    <nd ref="11009381457"/>
    <nd ref="11009381458"/>
    <nd ref="11009381459"/>
    <nd ref="11009381515"/>
    <nd ref="11009381510"/>
    <nd ref="11009381511"/>
    <nd ref="11009381512"/>
    <nd ref="11009381516"/>
    <nd ref="11009381513"/>
    <nd ref="11009381519"/>
    <nd ref="11009381520"/>
    <nd ref="11009381517"/>
    <nd ref="11009381518"/>
    <nd ref="11009381521"/>
    <nd ref="11009381522"/>
    <nd ref="11009381523"/>
    <nd ref="11009381524"/>
    <nd ref="11009381525"/>
    <nd ref="11009381526"/>
    <nd ref="11009381527"/>
    <nd ref="11009381528"/>
    <nd ref="11009381529"/>
    <nd ref="11009381530"/>
    <nd ref="11009381531"/>
    <nd ref="11009381532"/>
    <nd ref="11009381533"/>
    <nd ref="11009381534"/>
    <nd ref="11009381535"/>
    <nd ref="11009381536"/>
    <nd ref="11009381537"/>
    <nd ref="11009381538"/>
    <nd ref="11009381539"/>
    <nd ref="11009381540"/>
    <nd ref="11009381541"/>
    <nd ref="11009381542"/>
    <nd ref="11009381543"/>
    <nd ref="11009381544"/>
    <nd ref="11009381545"/>
    <nd ref="11009381546"/>
    <nd ref="11009381547"/>
    <nd ref="11009381548"/>
    <nd ref="11009381549"/>
    <nd ref="11009381550"/>
    <nd ref="11009381551"/>
    <nd ref="11009381552"/>
    <nd ref="11009381553"/>
    <nd ref="11009381554"/>
    <nd ref="11009381555"/>
    <nd ref="11009381556"/>
    <nd ref="11009381557"/>
    <nd ref="11009381558"/>
    <nd ref="11009381559"/>
    <nd ref="11009381560"/>
    <nd ref="11009381561"/>
    <nd ref="11009381562"/>
    <nd ref="3017901216"/>
    <tag k="highway" v="service"/>
  </way>
  <way id="1185174961">
    <nd ref="11009381407"/>
    <nd ref="11009381408"/>
    <nd ref="11009381409"/>
    <nd ref="11009381410"/>
    <nd ref="11009381411"/>
    <tag k="highway" v="service"/>
    <tag k="surface" v="paved"/>
  </way>
  <way id="1185174979">
    <nd ref="11009348233"/>
    <nd ref="11009381729"/>
    <nd ref="11009381728"/>
    <nd ref="11009381727"/>
    <nd ref="11009381695"/>
    <nd ref="11009381696"/>
    <nd ref="11009381697"/>
    <nd ref="11009381684"/>
    <nd ref="11009381698"/>
    <nd ref="11009381699"/>
    <nd ref="11009381700"/>
    <nd ref="11009381690"/>
    <nd ref="11009381701"/>
    <nd ref="11009381702"/>
    <nd ref="11009381703"/>
    <nd ref="11009381704"/>
    <nd ref="11009381705"/>
    <nd ref="11009381706"/>
    <nd ref="11009381707"/>
    <nd ref="11009381708"/>
    <nd ref="11009381709"/>
    <nd ref="11009381710"/>
    <nd ref="11009381711"/>
    <nd ref="11009381712"/>
    <nd ref="11009381713"/>
    <nd ref="11009381714"/>
    <nd ref="11009381715"/>
    <nd ref="11009381716"/>
    <nd ref="11009381717"/>
    <nd ref="11009381718"/>
    <nd ref="11009381719"/>
    <nd ref="11009381720"/>
    <tag k="highway" v="track"/>
    <tag k="surface" v="paved"/>
    <tag k="tracktype" v="grade2"/>
  </way>
  <way id="1185218591">
    <nd ref="11009717169"/>
    <nd ref="11009717170"/>
    <tag k="highway" v="service"/>
  </way>
  <way id="1185218592">
    <nd ref="4458292947"/>
    <nd ref="11009717169"/>
    <tag k="bridge" v="yes"/>
    <tag k="highway" v="service"/>
    <tag k="layer" v="1"/>
  </way>
  <way id="1185869685">
    <nd ref="11015187226"/>
    <nd ref="11015187225"/>
    <nd ref="11015187224"/>
    <nd ref="8933450888"/>
    <nd ref="11015187223"/>
    <nd ref="11015187222"/>
    <nd ref="11015187221"/>
    <nd ref="11015187220"/>
    <nd ref="11015187219"/>
    <nd ref="11015187218"/>
    <nd ref="11015187217"/>
    <nd ref="11015187216"/>
    <nd ref="11015187215"/>
    <tag k="highway" v="service"/>
    <tag k="surface" v="ground"/>
  </way>
  <way id="1185869686">
    <nd ref="4431005227"/>
    <nd ref="11015187228"/>
    <nd ref="4431005221"/>
    <nd ref="11015187227"/>
    <nd ref="11015187226"/>
    <nd ref="11015187214"/>
    <nd ref="11015187229"/>
    <nd ref="11015187230"/>
    <nd ref="11015187231"/>
    <nd ref="11015187232"/>
    <nd ref="11015187233"/>
    <nd ref="11015187234"/>
    <nd ref="11015187235"/>
    <nd ref="11015187236"/>
    <nd ref="11015187237"/>
    <nd ref="11015187238"/>
    <nd ref="11015187239"/>
    <nd ref="11015187240"/>
    <nd ref="11015187241"/>
    <nd ref="11015187242"/>
    <nd ref="11015187243"/>
    <nd ref="11015187244"/>
    <tag k="highway" v="service"/>
    <tag k="surface" v="unpaved"/>
  </way>
  <way id="1185869688">
    <nd ref="11015187220"/>
    <nd ref="11015187245"/>
    <nd ref="11015187246"/>
    <nd ref="11015187247"/>
    <nd ref="11015187248"/>
    <nd ref="11015187249"/>
    <nd ref="11015187250"/>
    <nd ref="11015187251"/>
    <nd ref="11015187255"/>
    <nd ref="11015187207"/>
    <nd ref="11015258387"/>
    <nd ref="11015187252"/>
    <nd ref="11015187253"/>
    <nd ref="11015187254"/>
    <nd ref="11015187256"/>
    <nd ref="11015187257"/>
    <nd ref="11015187258"/>
    <nd ref="11015187259"/>
    <nd ref="11015187260"/>
    <tag k="highway" v="service"/>
    <tag k="surface" v="ground"/>
  </way>
  <way id="1186023683">
    <nd ref="2584489911"/>
    <nd ref="11016316857"/>
    <nd ref="11016316858"/>
    <nd ref="11016316859"/>
    <nd ref="11016316860"/>
    <nd ref="11016316861"/>
    <nd ref="11016316862"/>
    <nd ref="11016316863"/>
    <nd ref="11016316864"/>
    <nd ref="11016316865"/>
    <nd ref="11016316866"/>
    <nd ref="11016316867"/>
    <nd ref="11016316868"/>
    <nd ref="11016316869"/>
    <nd ref="11016316870"/>
    <nd ref="11016316871"/>
    <tag k="highway" v="track"/>
    <tag k="tracktype" v="grade3"/>
  </way>
  <way id="1186039156">
    <nd ref="11016432749"/>
    <nd ref="11016432750"/>
    <nd ref="4297377406"/>
    <tag k="highway" v="service"/>
  </way>
  <way id="1186094439">
    <nd ref="10018219581"/>
    <nd ref="11016900374"/>
    <nd ref="11016900375"/>
    <nd ref="11016900376"/>
    <nd ref="11016900377"/>
    <nd ref="11016900378"/>
    <nd ref="11016900379"/>
    <nd ref="11016900380"/>
    <nd ref="11016900381"/>
    <nd ref="11016900382"/>
    <nd ref="11016900383"/>
    <nd ref="11016900384"/>
    <nd ref="11016900385"/>
    <nd ref="11016900386"/>
    <nd ref="11016900387"/>
    <nd ref="11016900388"/>
    <nd ref="11016900389"/>
    <nd ref="11016900390"/>
    <nd ref="11016900391"/>
    <nd ref="11016900392"/>
    <nd ref="11016900393"/>
    <nd ref="11016900394"/>
    <nd ref="11016900395"/>
    <nd ref="11016900396"/>
    <nd ref="11016900397"/>
    <nd ref="11016900398"/>
    <nd ref="11016900399"/>
    <nd ref="11016900400"/>
    <nd ref="11016900401"/>
    <nd ref="11016900402"/>
    <nd ref="11016900403"/>
    <nd ref="11016900404"/>
    <nd ref="11016900405"/>
    <nd ref="11016900406"/>
    <nd ref="11016900407"/>
    <nd ref="11018849830"/>
    <nd ref="11016900408"/>
    <nd ref="11016900409"/>
    <nd ref="11016900410"/>
    <nd ref="11016900411"/>
    <nd ref="11016900412"/>
    <nd ref="11016900413"/>
    <nd ref="11016900414"/>
    <nd ref="11016900415"/>
    <nd ref="11016900416"/>
    <nd ref="11016900417"/>
    <nd ref="11016900418"/>
    <nd ref="11016900419"/>
    <nd ref="11016900420"/>
    <nd ref="11016900421"/>
    <nd ref="11016900422"/>
    <nd ref="11016900423"/>
    <nd ref="11016900424"/>
    <nd ref="11016900425"/>
    <nd ref="11016900426"/>
    <nd ref="11016900427"/>
    <nd ref="11016900428"/>
    <nd ref="11016900429"/>
    <nd ref="11016900430"/>
    <nd ref="11016900431"/>
    <nd ref="11016900432"/>
    <nd ref="11016900433"/>
    <nd ref="11016900434"/>
    <nd ref="11016900439"/>
    <tag k="highway" v="track"/>
    <tag k="surface" v="unpaved"/>
    <tag k="tracktype" v="grade4"/>
  </way>
  <way id="1186094440">
    <nd ref="11016900439"/>
    <nd ref="11016900435"/>
    <nd ref="11016900436"/>
    <nd ref="11016900437"/>
    <nd ref="11016900438"/>
    <tag k="highway" v="track"/>
    <tag k="surface" v="ground"/>
    <tag k="tracktype" v="grade5"/>
  </way>
  <way id="1186094441">
    <nd ref="1984505638"/>
    <nd ref="11016900461"/>
    <nd ref="3104018246"/>
    <tag k="highway" v="primary"/>
    <tag k="name" v="牛鬥橋"/>
    <tag k="name:de" v="Niudou Brücke"/>
    <tag k="name:en" v="Niudou Bridge"/>
    <tag k="name:zh" v="牛鬥橋"/>
    <tag k="ref" v="7丙"/>
    <tag k="ref:en" v="Provincial Highway 7C"/>
    <tag k="ref:zh" v="台7丙線"/>
    <tag k="wikidata" v="Q15916831"/>
    <tag k="wikipedia" v="zh:牛鬥橋"/>
  </way>
  <way id="1186146910">
    <nd ref="2584490327"/>
    <nd ref="11017313997"/>
    <nd ref="11017313998"/>
    <nd ref="11017313999"/>
    <nd ref="11017314000"/>
    <tag k="highway" v="track"/>
    <tag k="surface" v="unpaved"/>
    <tag k="tracktype" v="grade4"/>
  </way>
  <way id="1186484917">
    <nd ref="8418291702"/>
    <nd ref="11019848380"/>
    <nd ref="300593476"/>
    <nd ref="11019848381"/>
    <tag k="bridge" v="yes"/>
    <tag k="highway" v="primary"/>
    <tag k="layer" v="1"/>
    <tag k="maxspeed" v="50"/>
    <tag k="name" v="泰雅路二段"/>
    <tag k="name:en" v="Section 2, Taiya Road"/>
    <tag k="name:nan" v="Thài-ngá-lō͘ 2-tōaⁿ"/>
    <tag k="name:nan-Hant" v="泰雅路二段"/>
    <tag k="name:nan-Latn-pehoeji" v="Thài-ngá-lō͘ 2-tōaⁿ"/>
    <tag k="name:nan-Latn-tailo" v="Thài-ngá-lōo 2-tuānn"/>
    <tag k="name:zh" v="泰雅路二段"/>
    <tag k="ref" v="7"/>
    <tag k="ref:en" v="Provincial Highway 7"/>
    <tag k="ref:zh" v="台7線"/>
  </way>
  <way id="1186484918">
    <nd ref="300593475"/>
    <nd ref="8418291702"/>
    <tag k="highway" v="primary"/>
    <tag k="maxspeed" v="50"/>
    <tag k="name" v="泰雅路二段"/>
    <tag k="name:en" v="Section 2, Taiya Road"/>
    <tag k="name:nan" v="Thài-ngá-lō͘ 2-tōaⁿ"/>
    <tag k="name:nan-Hant" v="泰雅路二段"/>
    <tag k="name:nan-Latn-pehoeji" v="Thài-ngá-lō͘ 2-tōaⁿ"/>
    <tag k="name:nan-Latn-tailo" v="Thài-ngá-lōo 2-tuānn"/>
    <tag k="name:zh" v="泰雅路二段"/>
    <tag k="ref" v="7"/>
    <tag k="ref:en" v="Provincial Highway 7"/>
    <tag k="ref:zh" v="台7線"/>
  </way>
  <way id="1186510205">
    <nd ref="300593497"/>
    <nd ref="11020063397"/>
    <nd ref="12574061319"/>
    <nd ref="12574061311"/>
    <nd ref="12574061312"/>
    <nd ref="11020063400"/>
    <nd ref="11020063401"/>
    <nd ref="11020063402"/>
    <nd ref="11020063403"/>
    <nd ref="11020063404"/>
    <tag k="highway" v="service"/>
  </way>
  <way id="1186671225">
    <nd ref="4431044437"/>
    <nd ref="11021473148"/>
    <nd ref="11021473146"/>
    <nd ref="11021473147"/>
    <nd ref="11063237523"/>
    <nd ref="11063237521"/>
    <nd ref="11063237519"/>
    <nd ref="11063237517"/>
    <tag k="highway" v="track"/>
    <tag k="surface" v="unpaved"/>
    <tag k="tracktype" v="grade4"/>
  </way>
  <way id="1187510267">
    <nd ref="2946927067"/>
    <nd ref="11027022111"/>
    <nd ref="2946927065"/>
    <nd ref="11027022112"/>
    <nd ref="11027022149"/>
    <nd ref="5273749382"/>
    <nd ref="11027022113"/>
    <nd ref="5273749381"/>
    <nd ref="5273749380"/>
    <nd ref="11027022114"/>
    <nd ref="5273749379"/>
    <nd ref="11027022115"/>
    <nd ref="5273749378"/>
    <nd ref="11027022116"/>
    <nd ref="5273749377"/>
    <nd ref="5273749376"/>
    <nd ref="5273749375"/>
    <nd ref="5273749374"/>
    <nd ref="5273749373"/>
    <nd ref="5273749372"/>
    <nd ref="5273749371"/>
    <tag k="highway" v="service"/>
    <tag k="name" v="三星路八段501巷"/>
    <tag k="oneway" v="no"/>
    <tag k="source" v="Bing"/>
    <tag k="surface" v="asphalt"/>
  </way>
  <way id="1187510268">
    <nd ref="11027022110"/>
    <nd ref="2946927067"/>
    <tag k="bridge" v="yes"/>
    <tag k="highway" v="service"/>
    <tag k="layer" v="1"/>
    <tag k="name" v="三星路八段501巷"/>
    <tag k="oneway" v="no"/>
    <tag k="source" v="Bing"/>
    <tag k="surface" v="asphalt"/>
  </way>
  <way id="1187513558">
    <nd ref="11027012979"/>
    <nd ref="4430973991"/>
    <nd ref="11027012982"/>
    <nd ref="5273749349"/>
    <nd ref="11027012981"/>
    <nd ref="11027022110"/>
    <tag k="highway" v="service"/>
    <tag k="name" v="三星路八段501巷"/>
    <tag k="oneway" v="no"/>
    <tag k="source" v="Bing"/>
    <tag k="surface" v="asphalt"/>
  </way>
  <way id="1187513559">
    <nd ref="4430973992"/>
    <nd ref="11027012979"/>
    <tag k="bridge" v="yes"/>
    <tag k="highway" v="service"/>
    <tag k="layer" v="1"/>
    <tag k="name" v="三星路八段501巷"/>
    <tag k="oneway" v="no"/>
    <tag k="source" v="Bing"/>
    <tag k="surface" v="asphalt"/>
  </way>
  <way id="1187513568">
    <nd ref="11027047609"/>
    <nd ref="4430974015"/>
    <nd ref="4430974014"/>
    <nd ref="11027047612"/>
    <nd ref="11027047611"/>
    <nd ref="4430974013"/>
    <nd ref="5273749268"/>
    <nd ref="11027853607"/>
    <nd ref="5273749267"/>
    <nd ref="9454786668"/>
    <nd ref="4430974011"/>
    <nd ref="4430974009"/>
    <nd ref="4430974008"/>
    <nd ref="11027853608"/>
    <nd ref="5273749269"/>
    <nd ref="4430974001"/>
    <nd ref="11027849704"/>
    <nd ref="5273749299"/>
    <nd ref="11027849703"/>
    <nd ref="4430973998"/>
    <nd ref="11027849702"/>
    <nd ref="2946927076"/>
    <nd ref="11027849701"/>
    <nd ref="4430973997"/>
    <nd ref="4430973996"/>
    <nd ref="4430973995"/>
    <nd ref="4430973994"/>
    <nd ref="4430973993"/>
    <nd ref="5273749300"/>
    <nd ref="11027012980"/>
    <nd ref="4430973992"/>
    <tag k="highway" v="service"/>
    <tag k="name" v="三星路八段501巷"/>
    <tag k="oneway" v="no"/>
    <tag k="source" v="Bing"/>
    <tag k="surface" v="asphalt"/>
  </way>
  <way id="1187513569">
    <nd ref="4430974016"/>
    <nd ref="11027853677"/>
    <nd ref="11027047609"/>
    <tag k="bridge" v="yes"/>
    <tag k="highway" v="service"/>
    <tag k="layer" v="1"/>
    <tag k="name" v="三星路八段501巷"/>
    <tag k="oneway" v="no"/>
    <tag k="source" v="Bing"/>
    <tag k="surface" v="asphalt"/>
  </way>
  <way id="1187513570">
    <nd ref="2946927168"/>
    <nd ref="4430978597"/>
    <nd ref="4430978596"/>
    <nd ref="4430978595"/>
    <nd ref="4430978594"/>
    <nd ref="4430978593"/>
    <nd ref="4430978592"/>
    <nd ref="4430978591"/>
    <nd ref="4430978590"/>
    <nd ref="4430978589"/>
    <nd ref="4430978588"/>
    <nd ref="4430978587"/>
    <nd ref="4430978586"/>
    <nd ref="4430978585"/>
    <nd ref="4430978584"/>
    <nd ref="4430978583"/>
    <nd ref="4430978582"/>
    <nd ref="4430978581"/>
    <nd ref="4430978580"/>
    <nd ref="4430978579"/>
    <nd ref="4430978578"/>
    <nd ref="4430978577"/>
    <nd ref="4430978576"/>
    <nd ref="4430978575"/>
    <nd ref="11407072746"/>
    <nd ref="4430978574"/>
    <nd ref="4430978573"/>
    <nd ref="4430978572"/>
    <nd ref="4430978571"/>
    <nd ref="4430978570"/>
    <nd ref="4430978569"/>
    <nd ref="4430978568"/>
    <nd ref="4430978567"/>
    <nd ref="4430978566"/>
    <nd ref="4430978565"/>
    <nd ref="4430978564"/>
    <nd ref="4430978563"/>
    <nd ref="4430978562"/>
    <nd ref="4430978561"/>
    <nd ref="4430978560"/>
    <nd ref="4430978559"/>
    <nd ref="3109161264"/>
    <nd ref="4430978558"/>
    <nd ref="2946927141"/>
    <nd ref="2946927140"/>
    <nd ref="4430974090"/>
    <nd ref="2946927139"/>
    <nd ref="4430974089"/>
    <nd ref="2946927138"/>
    <nd ref="3109161263"/>
    <nd ref="2946927137"/>
    <nd ref="4430974088"/>
    <nd ref="4430974085"/>
    <nd ref="4430974086"/>
    <nd ref="4430974087"/>
    <nd ref="4430974084"/>
    <nd ref="4430974083"/>
    <nd ref="4430974082"/>
    <nd ref="4430974080"/>
    <nd ref="4430974076"/>
    <nd ref="4430974073"/>
    <nd ref="4430974072"/>
    <nd ref="4430974075"/>
    <nd ref="4430974078"/>
    <nd ref="4430974081"/>
    <tag k="highway" v="service"/>
    <tag k="name" v="三星路八段501巷"/>
    <tag k="oneway" v="no"/>
    <tag k="source" v="Bing"/>
    <tag k="surface" v="asphalt"/>
  </way>
  <way id="1187513571">
    <nd ref="4430974081"/>
    <nd ref="4430974079"/>
    <tag k="bridge" v="yes"/>
    <tag k="highway" v="service"/>
    <tag k="layer" v="1"/>
    <tag k="name" v="三星路八段501巷"/>
    <tag k="oneway" v="no"/>
    <tag k="source" v="Bing"/>
    <tag k="surface" v="asphalt"/>
  </way>
  <way id="1187616193">
    <nd ref="11027853643"/>
    <nd ref="11027853644"/>
    <nd ref="11027853645"/>
    <nd ref="11027853646"/>
    <nd ref="11027853647"/>
    <tag k="highway" v="service"/>
    <tag k="surface" v="paved"/>
  </way>
  <way id="1187616194">
    <nd ref="11027853680"/>
    <nd ref="11027853692"/>
    <nd ref="11027853690"/>
    <nd ref="11027853691"/>
    <nd ref="5273749243"/>
    <tag k="highway" v="service"/>
    <tag k="surface" v="paved"/>
  </way>
  <way id="1187700306">
    <nd ref="11028553331"/>
    <nd ref="11028553333"/>
    <nd ref="11892568962"/>
    <nd ref="11892568961"/>
    <nd ref="11028553334"/>
    <nd ref="11028553335"/>
    <nd ref="11892582182"/>
    <nd ref="11028553336"/>
    <tag k="highway" v="residential"/>
    <tag k="name" v="泰雅一路85巷"/>
  </way>
  <way id="1187700307">
    <nd ref="3109149548"/>
    <nd ref="9064218570"/>
    <nd ref="9064218571"/>
    <nd ref="11028553330"/>
    <tag k="highway" v="residential"/>
  </way>
  <way id="1187700308">
    <nd ref="11028553330"/>
    <nd ref="11892582181"/>
    <nd ref="11028553331"/>
    <tag k="bridge" v="yes"/>
    <tag k="highway" v="residential"/>
    <tag k="layer" v="1"/>
    <tag k="name" v="復興橋"/>
  </way>
  <way id="1187700311">
    <nd ref="3109152702"/>
    <nd ref="11028553367"/>
    <nd ref="11028553368"/>
    <nd ref="11028553369"/>
    <nd ref="11028553370"/>
    <nd ref="11028553371"/>
    <tag k="highway" v="service"/>
    <tag k="surface" v="paved"/>
  </way>
  <way id="1187700312">
    <nd ref="11028553369"/>
    <nd ref="11028553372"/>
    <nd ref="11028553373"/>
    <nd ref="11028553374"/>
    <tag k="highway" v="track"/>
    <tag k="tracktype" v="grade3"/>
  </way>
  <way id="1187807783">
    <nd ref="6673684097"/>
    <nd ref="11029770187"/>
    <nd ref="11029770188"/>
    <nd ref="11029770189"/>
    <nd ref="11029770190"/>
    <nd ref="11029781319"/>
    <nd ref="11029781344"/>
    <nd ref="11029770191"/>
    <nd ref="11029770192"/>
    <nd ref="11029770193"/>
    <nd ref="11029770194"/>
    <tag k="highway" v="track"/>
    <tag k="tracktype" v="grade3"/>
  </way>
  <way id="1187904603">
    <nd ref="987453175"/>
    <nd ref="11030611029"/>
    <nd ref="11030611030"/>
    <nd ref="11030611031"/>
    <nd ref="11030611032"/>
    <nd ref="11030611033"/>
    <nd ref="11030611028"/>
    <nd ref="11030611034"/>
    <nd ref="11030611035"/>
    <nd ref="11030611036"/>
    <nd ref="11030588159"/>
    <nd ref="11030588160"/>
    <nd ref="11030588161"/>
    <nd ref="11030588162"/>
    <nd ref="11030588163"/>
    <nd ref="11030588164"/>
    <nd ref="11030611148"/>
    <nd ref="11030588166"/>
    <nd ref="11030588167"/>
    <tag k="highway" v="track"/>
    <tag k="surface" v="unpaved"/>
    <tag k="tracktype" v="grade4"/>
  </way>
  <way id="1187904604">
    <nd ref="11030611047"/>
    <nd ref="11031466858"/>
    <nd ref="11030752337"/>
    <nd ref="11030611046"/>
    <nd ref="11030611045"/>
    <nd ref="11030611044"/>
    <nd ref="11030611043"/>
    <nd ref="11030611042"/>
    <nd ref="11030611041"/>
    <nd ref="11030611040"/>
    <nd ref="11030588167"/>
    <nd ref="11030588168"/>
    <nd ref="11030611037"/>
    <nd ref="11030611038"/>
    <nd ref="11030611039"/>
    <tag k="highway" v="track"/>
    <tag k="surface" v="ground"/>
    <tag k="tracktype" v="grade5"/>
  </way>
  <way id="1187904605">
    <nd ref="10297999004"/>
    <nd ref="11030611102"/>
    <nd ref="11030611101"/>
    <nd ref="11030611100"/>
    <nd ref="11030611099"/>
    <nd ref="11031562937"/>
    <nd ref="11030611098"/>
    <nd ref="11031498146"/>
    <nd ref="11031498128"/>
    <nd ref="11030611097"/>
    <nd ref="11030611096"/>
    <nd ref="11030611095"/>
    <nd ref="11030611094"/>
    <nd ref="11030611093"/>
    <nd ref="11030611092"/>
    <nd ref="11030611091"/>
    <nd ref="11030611090"/>
    <nd ref="11030611089"/>
    <nd ref="11030611088"/>
    <nd ref="11030611087"/>
    <nd ref="11030611086"/>
    <nd ref="11030611085"/>
    <nd ref="11030611084"/>
    <nd ref="11030611083"/>
    <nd ref="11030611082"/>
    <nd ref="11030611081"/>
    <nd ref="11030611080"/>
    <nd ref="11030611079"/>
    <nd ref="11030611078"/>
    <nd ref="11030611077"/>
    <nd ref="11030611076"/>
    <nd ref="11030611075"/>
    <nd ref="11030611074"/>
    <nd ref="11030611073"/>
    <nd ref="11030611072"/>
    <nd ref="11030611071"/>
    <nd ref="11030611070"/>
    <nd ref="11030611069"/>
    <nd ref="11030611068"/>
    <nd ref="11030611067"/>
    <nd ref="11030611066"/>
    <nd ref="11030611065"/>
    <nd ref="11030611064"/>
    <nd ref="11030611063"/>
    <nd ref="11030611062"/>
    <nd ref="11030611061"/>
    <nd ref="11030611060"/>
    <nd ref="11030611059"/>
    <nd ref="11030611058"/>
    <nd ref="11030611057"/>
    <nd ref="11030611056"/>
    <nd ref="11030611055"/>
    <nd ref="11030611054"/>
    <nd ref="11030611053"/>
    <nd ref="11030611052"/>
    <nd ref="11030611048"/>
    <nd ref="11030611049"/>
    <nd ref="11030611050"/>
    <nd ref="11030611051"/>
    <nd ref="11030611036"/>
    <tag k="highway" v="track"/>
    <tag k="surface" v="unpaved"/>
    <tag k="tracktype" v="grade4"/>
  </way>
  <way id="1187904606">
    <nd ref="11030611104"/>
    <nd ref="11030611105"/>
    <nd ref="11030611106"/>
    <tag k="highway" v="track"/>
    <tag k="surface" v="unpaved"/>
    <tag k="tracktype" v="grade4"/>
  </way>
  <way id="1187904608">
    <nd ref="987453192"/>
    <nd ref="11031564557"/>
    <nd ref="11031564541"/>
    <nd ref="11030611121"/>
    <nd ref="11030611122"/>
    <nd ref="11030611123"/>
    <nd ref="11030611124"/>
    <nd ref="11030611125"/>
    <nd ref="11030611126"/>
    <nd ref="11030611127"/>
    <nd ref="11032391106"/>
    <nd ref="11031564523"/>
    <nd ref="11030611128"/>
    <nd ref="11030611129"/>
    <nd ref="11031564513"/>
    <nd ref="11030611130"/>
    <nd ref="11030611131"/>
    <nd ref="11030611132"/>
    <nd ref="11030611133"/>
    <tag k="highway" v="track"/>
    <tag k="surface" v="unpaved"/>
    <tag k="tracktype" v="grade4"/>
  </way>
  <way id="1187904609">
    <nd ref="11030611123"/>
    <nd ref="11030611134"/>
    <nd ref="11030611135"/>
    <nd ref="11030611136"/>
    <nd ref="11030611137"/>
    <nd ref="11030611138"/>
    <nd ref="11030611139"/>
    <nd ref="11030611140"/>
    <nd ref="11030611141"/>
    <tag k="highway" v="track"/>
    <tag k="surface" v="unpaved"/>
    <tag k="tracktype" v="grade4"/>
  </way>
  <way id="1187922509">
    <nd ref="4430924405"/>
    <nd ref="4312164069"/>
    <nd ref="4312164067"/>
    <nd ref="4312164068"/>
    <tag k="highway" v="service"/>
  </way>
  <way id="1187922510">
    <nd ref="4312164066"/>
    <nd ref="4430924405"/>
    <tag k="bridge" v="yes"/>
    <tag k="highway" v="service"/>
    <tag k="layer" v="1"/>
  </way>
  <way id="1187922512">
    <nd ref="4312164074"/>
    <nd ref="11030752230"/>
    <tag k="bridge" v="yes"/>
    <tag k="highway" v="service"/>
    <tag k="layer" v="1"/>
  </way>
  <way id="1187922513">
    <nd ref="11030752228"/>
    <nd ref="11030752226"/>
    <nd ref="11030752229"/>
    <nd ref="4312164057"/>
    <nd ref="11030752227"/>
    <nd ref="4312164058"/>
    <nd ref="11030752223"/>
    <nd ref="4312164059"/>
    <nd ref="4312164060"/>
    <nd ref="11030752222"/>
    <nd ref="4430924408"/>
    <nd ref="4430924407"/>
    <nd ref="4312164061"/>
    <nd ref="4312164062"/>
    <nd ref="4312164064"/>
    <nd ref="4312164063"/>
    <tag k="highway" v="service"/>
  </way>
  <way id="1187922514">
    <nd ref="11030752225"/>
    <nd ref="4312164074"/>
    <nd ref="11030752228"/>
    <tag k="bridge" v="yes"/>
    <tag k="highway" v="service"/>
    <tag k="layer" v="1"/>
  </way>
  <way id="1187922515">
    <nd ref="4312164032"/>
    <nd ref="11030752253"/>
    <tag k="highway" v="service"/>
  </way>
  <way id="1187922516">
    <nd ref="11030752253"/>
    <nd ref="11030752254"/>
    <tag k="bridge" v="yes"/>
    <tag k="highway" v="service"/>
    <tag k="layer" v="1"/>
  </way>
  <way id="1187922531">
    <nd ref="11030752355"/>
    <nd ref="11030752359"/>
    <tag k="bridge" v="yes"/>
    <tag k="highway" v="service"/>
    <tag k="layer" v="1"/>
  </way>
  <way id="1187922532">
    <nd ref="11030752359"/>
    <nd ref="4312163988"/>
    <tag k="highway" v="service"/>
  </way>
  <way id="1187975108">
    <nd ref="11030525797"/>
    <nd ref="11031498014"/>
    <nd ref="11031498016"/>
    <nd ref="11030611019"/>
    <nd ref="11031498017"/>
    <nd ref="11031498018"/>
    <nd ref="11031498019"/>
    <nd ref="11031498021"/>
    <nd ref="11031498013"/>
    <nd ref="11031498012"/>
    <nd ref="11031498011"/>
    <nd ref="9960403159"/>
    <tag k="highway" v="track"/>
    <tag k="surface" v="unpaved"/>
    <tag k="tracktype" v="grade4"/>
  </way>
  <way id="1188165855">
    <nd ref="11033238772"/>
    <nd ref="11033238712"/>
    <nd ref="11033238706"/>
    <nd ref="11033238780"/>
    <nd ref="11033238779"/>
    <nd ref="11033238778"/>
    <nd ref="11033238777"/>
    <nd ref="11033238776"/>
    <nd ref="11033238775"/>
    <nd ref="11033238774"/>
    <nd ref="11033238773"/>
    <nd ref="11033238713"/>
    <nd ref="11033238714"/>
    <nd ref="11033238715"/>
    <nd ref="11033238716"/>
    <nd ref="11033238717"/>
    <nd ref="11033238718"/>
    <nd ref="11033238719"/>
    <nd ref="11033238720"/>
    <nd ref="11033238756"/>
    <nd ref="11033238721"/>
    <nd ref="11033238722"/>
    <nd ref="11033238723"/>
    <nd ref="11033238724"/>
    <nd ref="11033238725"/>
    <nd ref="11033238726"/>
    <nd ref="11033238727"/>
    <nd ref="11033238728"/>
    <nd ref="11033238729"/>
    <nd ref="11033238730"/>
    <nd ref="11033238731"/>
    <nd ref="11033238732"/>
    <nd ref="11033238733"/>
    <nd ref="11033238734"/>
    <nd ref="11033238735"/>
    <nd ref="11033238736"/>
    <nd ref="11033238737"/>
    <nd ref="11033238738"/>
    <nd ref="11033238739"/>
    <nd ref="11033238740"/>
    <nd ref="11033238741"/>
    <nd ref="11033238742"/>
    <nd ref="11033238743"/>
    <nd ref="11033238744"/>
    <nd ref="11033238745"/>
    <nd ref="11033238746"/>
    <nd ref="11033238747"/>
    <nd ref="11033238748"/>
    <nd ref="11033238749"/>
    <nd ref="11033238750"/>
    <nd ref="11033238751"/>
    <tag k="highway" v="service"/>
    <tag k="surface" v="paved"/>
  </way>
  <way id="1188176395">
    <nd ref="11033312784"/>
    <nd ref="4312164085"/>
    <tag k="highway" v="service"/>
  </way>
  <way id="1188176396">
    <nd ref="4312164020"/>
    <nd ref="11033312785"/>
    <tag k="highway" v="service"/>
  </way>
  <way id="1189603403">
    <nd ref="12162441459"/>
    <nd ref="12162467066"/>
    <nd ref="12162467649"/>
    <nd ref="12162467121"/>
    <nd ref="12162467092"/>
    <nd ref="12162467135"/>
    <nd ref="12162467140"/>
    <nd ref="12162467063"/>
    <nd ref="12162467838"/>
    <nd ref="12162467859"/>
    <nd ref="12162467608"/>
    <nd ref="12162441463"/>
    <nd ref="12162467716"/>
    <nd ref="12162467815"/>
    <nd ref="12162467159"/>
    <nd ref="12162467700"/>
    <nd ref="12162467708"/>
    <nd ref="12162467660"/>
    <nd ref="12162467757"/>
    <nd ref="12162467097"/>
    <nd ref="12162467229"/>
    <nd ref="12162467157"/>
    <nd ref="12162467851"/>
    <nd ref="12162467162"/>
    <nd ref="12162467113"/>
    <nd ref="12162467629"/>
    <nd ref="12162467737"/>
    <nd ref="11046159741"/>
    <nd ref="11046159742"/>
    <nd ref="11046159743"/>
    <nd ref="11046159744"/>
    <nd ref="11046159745"/>
    <nd ref="11046159746"/>
    <nd ref="11046159747"/>
    <nd ref="11046159748"/>
    <nd ref="11046159749"/>
    <nd ref="11046159750"/>
    <nd ref="11046159751"/>
    <nd ref="11046159752"/>
    <nd ref="11046159753"/>
    <nd ref="11046159754"/>
    <nd ref="11046159755"/>
    <nd ref="11046159756"/>
    <nd ref="11046159757"/>
    <nd ref="11046159758"/>
    <nd ref="11046159759"/>
    <nd ref="11046159760"/>
    <nd ref="11046159761"/>
    <nd ref="11046159762"/>
    <nd ref="11046159763"/>
    <nd ref="11046159764"/>
    <nd ref="11046159765"/>
    <nd ref="11046159766"/>
    <nd ref="11046159767"/>
    <nd ref="11046159768"/>
    <tag k="highway" v="track"/>
  </way>
  <way id="1189940365">
    <nd ref="11049020294"/>
    <nd ref="11049020295"/>
    <nd ref="11049020296"/>
    <nd ref="11049020297"/>
    <nd ref="11049020298"/>
    <nd ref="11049020300"/>
    <nd ref="11049020299"/>
    <tag k="highway" v="service"/>
  </way>
  <way id="1189940366">
    <nd ref="11049020300"/>
    <nd ref="11049020301"/>
    <nd ref="11049020302"/>
    <nd ref="11049020303"/>
    <nd ref="11049020304"/>
    <nd ref="11049029505"/>
    <nd ref="11049029506"/>
    <nd ref="11049029507"/>
    <nd ref="11049029508"/>
    <nd ref="11049029509"/>
    <nd ref="11049029510"/>
    <nd ref="11049029511"/>
    <nd ref="11049029512"/>
    <nd ref="11049029513"/>
    <nd ref="11049029514"/>
    <nd ref="11049029515"/>
    <nd ref="11049029516"/>
    <nd ref="11049029517"/>
    <nd ref="11049029518"/>
    <nd ref="11049029519"/>
    <nd ref="11049029520"/>
    <nd ref="11049029521"/>
    <nd ref="11049029542"/>
    <nd ref="11049029543"/>
    <nd ref="11049029544"/>
    <nd ref="11049029545"/>
    <nd ref="11049029546"/>
    <nd ref="11049029547"/>
    <nd ref="11049029548"/>
    <nd ref="11049029549"/>
    <nd ref="11049029550"/>
    <tag k="highway" v="track"/>
  </way>
  <way id="1189940367">
    <nd ref="11049029512"/>
    <nd ref="11049029522"/>
    <nd ref="11049029523"/>
    <nd ref="11049029524"/>
    <nd ref="11049029525"/>
    <nd ref="11049029526"/>
    <nd ref="11049029527"/>
    <nd ref="11049029528"/>
    <nd ref="11049029529"/>
    <nd ref="11049029530"/>
    <nd ref="11049029531"/>
    <nd ref="11049029532"/>
    <nd ref="11049029533"/>
    <nd ref="11049029534"/>
    <nd ref="11049029535"/>
    <tag k="highway" v="track"/>
  </way>
  <way id="1191750567">
    <nd ref="2584490446"/>
    <nd ref="11016369346"/>
    <nd ref="11016369347"/>
    <nd ref="11016369348"/>
    <tag k="highway" v="track"/>
    <tag k="surface" v="concrete"/>
  </way>
  <way id="1193281289">
    <nd ref="2584525136"/>
    <nd ref="11076464967"/>
    <nd ref="11076464968"/>
    <nd ref="11076464969"/>
    <nd ref="11076464970"/>
    <nd ref="11076464971"/>
    <nd ref="11076464972"/>
    <nd ref="11076464973"/>
    <nd ref="11076464974"/>
    <nd ref="11076464975"/>
    <nd ref="11076464976"/>
    <nd ref="11076464977"/>
    <nd ref="11076464978"/>
    <nd ref="11076464979"/>
    <tag k="highway" v="track"/>
    <tag k="surface" v="gravel"/>
  </way>
  <way id="1212028803">
    <nd ref="4430929978"/>
    <nd ref="11228709199"/>
    <nd ref="13083754025"/>
    <nd ref="11228709200"/>
    <nd ref="11228709201"/>
    <nd ref="11228709202"/>
    <nd ref="11228709203"/>
    <nd ref="11228709204"/>
    <nd ref="13083754024"/>
    <nd ref="11228709205"/>
    <nd ref="11228709206"/>
    <nd ref="11228709207"/>
    <nd ref="11228709208"/>
    <nd ref="11228709209"/>
    <nd ref="11228709210"/>
    <nd ref="13083754022"/>
    <nd ref="13083754023"/>
    <nd ref="11228709211"/>
    <nd ref="11228709212"/>
    <nd ref="11228709213"/>
    <nd ref="11228709214"/>
    <nd ref="11228709215"/>
    <nd ref="11228709216"/>
    <nd ref="11228709217"/>
    <nd ref="13083754017"/>
    <nd ref="11228709218"/>
    <nd ref="11228709219"/>
    <nd ref="11228709220"/>
    <nd ref="13083754021"/>
    <nd ref="11228709221"/>
    <nd ref="13083754018"/>
    <nd ref="13083754019"/>
    <nd ref="13083754020"/>
    <nd ref="11228709222"/>
    <nd ref="11228709223"/>
    <nd ref="11228709224"/>
    <nd ref="13083754016"/>
    <nd ref="11228709225"/>
    <nd ref="11228709226"/>
    <nd ref="11228709227"/>
    <nd ref="11228709228"/>
    <nd ref="11228709229"/>
    <nd ref="11228709230"/>
    <nd ref="11228709231"/>
    <nd ref="11228709232"/>
    <nd ref="11228709233"/>
    <nd ref="13083754013"/>
    <nd ref="11228709234"/>
    <nd ref="11228709235"/>
    <nd ref="11228709236"/>
    <nd ref="11228741162"/>
    <nd ref="11228752737"/>
    <nd ref="11228752738"/>
    <nd ref="13083754014"/>
    <nd ref="13083754015"/>
    <nd ref="11228752739"/>
    <nd ref="11228752740"/>
    <nd ref="11228752741"/>
    <nd ref="11228752742"/>
    <nd ref="11228752743"/>
    <nd ref="11228752744"/>
    <nd ref="11228752745"/>
    <nd ref="11228752746"/>
    <nd ref="13083754012"/>
    <nd ref="11228752747"/>
    <nd ref="13083754011"/>
    <nd ref="11228752748"/>
    <nd ref="13083754010"/>
    <nd ref="11228752749"/>
    <nd ref="13083754005"/>
    <nd ref="13083754009"/>
    <nd ref="13083754006"/>
    <nd ref="11228752750"/>
    <nd ref="13083754007"/>
    <nd ref="13083754008"/>
    <nd ref="11228752751"/>
    <nd ref="11228752752"/>
    <nd ref="11228752753"/>
    <nd ref="13083754002"/>
    <nd ref="11228752754"/>
    <nd ref="13083754003"/>
    <nd ref="11228752755"/>
    <nd ref="11228752756"/>
    <nd ref="11228752757"/>
    <nd ref="11228752758"/>
    <nd ref="13083754004"/>
    <nd ref="11228752759"/>
    <nd ref="11228752760"/>
    <nd ref="11228752761"/>
    <tag k="highway" v="residential"/>
  </way>
  <way id="1230063950">
    <nd ref="11407072746"/>
    <nd ref="11407072747"/>
    <nd ref="11407072748"/>
    <nd ref="11407072749"/>
    <nd ref="11407072750"/>
    <nd ref="11407072751"/>
    <nd ref="11407072752"/>
    <nd ref="11407072753"/>
    <nd ref="11407072754"/>
    <nd ref="11407072755"/>
    <nd ref="11407072756"/>
    <nd ref="11407072757"/>
    <nd ref="11407072758"/>
    <nd ref="11407072759"/>
    <nd ref="11407072760"/>
    <nd ref="11407072761"/>
    <nd ref="11407072762"/>
    <nd ref="11407072763"/>
    <nd ref="11407072764"/>
    <nd ref="11407072765"/>
    <nd ref="11407072766"/>
    <nd ref="11407072767"/>
    <nd ref="11407072768"/>
    <nd ref="11407119069"/>
    <nd ref="11407119070"/>
    <nd ref="11407119071"/>
    <nd ref="11407119072"/>
    <nd ref="11407119073"/>
    <nd ref="11407119074"/>
    <nd ref="11407119075"/>
    <nd ref="11407119076"/>
    <nd ref="11407119077"/>
    <nd ref="11407119078"/>
    <nd ref="11407119079"/>
    <nd ref="11407119080"/>
    <nd ref="11407119081"/>
    <nd ref="11407119082"/>
    <nd ref="11407119083"/>
    <nd ref="11407119084"/>
    <nd ref="11407119085"/>
    <nd ref="11407119086"/>
    <nd ref="11407119087"/>
    <nd ref="11407119088"/>
    <nd ref="11407119089"/>
    <nd ref="11407119090"/>
    <nd ref="11407119091"/>
    <nd ref="11407119092"/>
    <nd ref="11407119093"/>
    <nd ref="11407119094"/>
    <nd ref="11407119095"/>
    <nd ref="11407119096"/>
    <nd ref="11407119097"/>
    <nd ref="11407119098"/>
    <nd ref="11407119099"/>
    <nd ref="11407119100"/>
    <nd ref="11407119101"/>
    <nd ref="11407119102"/>
    <nd ref="11407119103"/>
    <nd ref="11407119104"/>
    <nd ref="11407119105"/>
    <nd ref="11407119106"/>
    <nd ref="11407119107"/>
    <nd ref="11407119108"/>
    <nd ref="11407119109"/>
    <nd ref="11407119110"/>
    <nd ref="11407119111"/>
    <nd ref="11407119112"/>
    <nd ref="11407119113"/>
    <nd ref="11407119114"/>
    <nd ref="11407119115"/>
    <nd ref="11407119116"/>
    <nd ref="11407119117"/>
    <nd ref="11407119118"/>
    <nd ref="11407119119"/>
    <nd ref="11407119120"/>
    <nd ref="11407119121"/>
    <nd ref="11407119122"/>
    <nd ref="11407119123"/>
    <nd ref="11407119124"/>
    <nd ref="11407119125"/>
    <nd ref="11407119126"/>
    <nd ref="11407119127"/>
    <nd ref="11407119128"/>
    <nd ref="11407119129"/>
    <nd ref="11407119130"/>
    <nd ref="11407119131"/>
    <nd ref="11407119132"/>
    <nd ref="11407119133"/>
    <nd ref="11407119134"/>
    <nd ref="11407119135"/>
    <nd ref="11407119136"/>
    <nd ref="11407119137"/>
    <nd ref="11407119138"/>
    <nd ref="11407119139"/>
    <tag k="highway" v="track"/>
    <tag k="tracktype" v="grade1"/>
  </way>
  <way id="1230063951">
    <nd ref="11407119139"/>
    <nd ref="11407119140"/>
    <nd ref="11407119141"/>
    <nd ref="11407119142"/>
    <nd ref="11407119143"/>
    <nd ref="11407119144"/>
    <nd ref="11407119145"/>
    <nd ref="11407119146"/>
    <nd ref="11407119147"/>
    <nd ref="11407119148"/>
    <nd ref="11407119149"/>
    <nd ref="11407119150"/>
    <nd ref="11407119151"/>
    <nd ref="11407119152"/>
    <nd ref="11407119153"/>
    <nd ref="11407119154"/>
    <nd ref="11407119155"/>
    <nd ref="11407119156"/>
    <nd ref="11407119157"/>
    <nd ref="11407119158"/>
    <nd ref="11407119159"/>
    <nd ref="11407119160"/>
    <nd ref="11407119161"/>
    <nd ref="11407119162"/>
    <nd ref="11407119163"/>
    <nd ref="11407119164"/>
    <nd ref="11407119165"/>
    <nd ref="11407119166"/>
    <nd ref="11407119167"/>
    <nd ref="11407119168"/>
    <nd ref="11407119169"/>
    <nd ref="11407119170"/>
    <tag k="highway" v="track"/>
    <tag k="tracktype" v="grade1"/>
  </way>
  <way id="1230063952">
    <nd ref="11407119170"/>
    <nd ref="11407119171"/>
    <nd ref="11407119172"/>
    <nd ref="11407119173"/>
    <nd ref="11407119174"/>
    <nd ref="11407119175"/>
    <nd ref="11407119176"/>
    <nd ref="11407119177"/>
    <nd ref="11407119178"/>
    <nd ref="11407119179"/>
    <nd ref="11407119180"/>
    <nd ref="11407119181"/>
    <nd ref="11407119182"/>
    <nd ref="11407119183"/>
    <nd ref="11407119184"/>
    <nd ref="11407119185"/>
    <nd ref="11407119186"/>
    <nd ref="11407119187"/>
    <nd ref="11407119188"/>
    <nd ref="11407119189"/>
    <nd ref="11407119190"/>
    <nd ref="11407119191"/>
    <nd ref="11407119192"/>
    <nd ref="11407119193"/>
    <nd ref="11407119194"/>
    <nd ref="11407119195"/>
    <nd ref="11407119196"/>
    <nd ref="11407119197"/>
    <nd ref="11407119198"/>
    <tag k="highway" v="track"/>
    <tag k="tracktype" v="grade1"/>
  </way>
  <way id="1230063953">
    <nd ref="11407119198"/>
    <nd ref="11407119199"/>
    <nd ref="11407119200"/>
    <nd ref="11407119201"/>
    <nd ref="11407119202"/>
    <nd ref="11407119203"/>
    <nd ref="11407119204"/>
    <nd ref="11407119205"/>
    <nd ref="11407119206"/>
    <nd ref="11407119207"/>
    <nd ref="11407119208"/>
    <nd ref="11407119209"/>
    <nd ref="11407119210"/>
    <nd ref="11407119211"/>
    <nd ref="11407119212"/>
    <nd ref="11407119213"/>
    <nd ref="11407119214"/>
    <nd ref="11407119215"/>
    <nd ref="11407119216"/>
    <nd ref="11407119217"/>
    <nd ref="11407119218"/>
    <nd ref="11407119219"/>
    <nd ref="11407119220"/>
    <nd ref="11407119221"/>
    <nd ref="11407119222"/>
    <nd ref="11407119223"/>
    <nd ref="11407119224"/>
    <nd ref="11407119225"/>
    <nd ref="11407119226"/>
    <nd ref="11407119227"/>
    <nd ref="11407119228"/>
    <nd ref="11407119229"/>
    <nd ref="11407119230"/>
    <nd ref="11407119231"/>
    <nd ref="11407119232"/>
    <tag k="highway" v="track"/>
  </way>
  <way id="1230326722">
    <nd ref="3707841847"/>
    <nd ref="4430931995"/>
    <nd ref="11005884537"/>
    <nd ref="412685660"/>
    <nd ref="3707841778"/>
    <tag k="highway" v="tertiary"/>
    <tag k="name" v="福山街"/>
    <tag k="ref" v="宜63"/>
    <tag k="ref:en" v="IL63"/>
    <tag k="ref:zh" v="宜63"/>
  </way>
  <way id="1230326723">
    <nd ref="2178261525"/>
    <nd ref="2178261534"/>
    <nd ref="9500926496"/>
    <nd ref="2178261537"/>
    <nd ref="9500926497"/>
    <nd ref="412685659"/>
    <nd ref="3707841847"/>
    <tag k="highway" v="tertiary"/>
    <tag k="name" v="福山街"/>
    <tag k="ref" v="宜63"/>
    <tag k="ref:en" v="IL63"/>
    <tag k="ref:zh" v="宜63"/>
  </way>
  <way id="1230326724">
    <nd ref="3707841778"/>
    <nd ref="6875264844"/>
    <nd ref="3707841736"/>
    <tag k="highway" v="tertiary"/>
    <tag k="name" v="福山街"/>
    <tag k="ref" v="宜63"/>
    <tag k="ref:en" v="IL63"/>
    <tag k="ref:zh" v="宜63"/>
  </way>
  <way id="1230326725">
    <nd ref="3707841736"/>
    <nd ref="7760318595"/>
    <tag k="highway" v="tertiary"/>
    <tag k="name" v="福山街"/>
    <tag k="ref" v="宜63"/>
    <tag k="ref:en" v="IL63"/>
    <tag k="ref:zh" v="宜63"/>
  </way>
  <way id="1230330258">
    <nd ref="8692704229"/>
    <nd ref="3707841675"/>
    <nd ref="987453074"/>
    <tag k="cycleway" v="lane"/>
    <tag k="highway" v="primary"/>
    <tag k="name" v="三星路八段"/>
    <tag k="name:en" v="Section 8, SanXing Road"/>
    <tag k="name:nan" v="Sam-seng-lō͘ 8-tōaⁿ"/>
    <tag k="name:nan-Hant" v="三星路八段"/>
    <tag k="name:nan-Latn-pehoeji" v="Sam-seng-lō͘ 8-tōaⁿ"/>
    <tag k="name:nan-Latn-tailo" v="Sam-sing-lōo 8-tuānn"/>
    <tag k="name:zh" v="三星路八段"/>
    <tag k="oneway" v="no"/>
    <tag k="ref" v="7丙"/>
    <tag k="ref:en" v="Provincial Highway 7C"/>
    <tag k="ref:zh" v="台7丙線"/>
    <tag k="surface" v="asphalt"/>
  </way>
  <way id="1230330260">
    <nd ref="8692699114"/>
    <nd ref="3109149599"/>
    <nd ref="8692704228"/>
    <nd ref="5017989243"/>
    <nd ref="4431033509"/>
    <nd ref="8692704229"/>
    <tag k="cycleway" v="lane"/>
    <tag k="highway" v="primary"/>
    <tag k="name" v="三星路八段"/>
    <tag k="name:en" v="Section 8, SanXing Road"/>
    <tag k="name:nan" v="Sam-seng-lō͘ 8-tōaⁿ"/>
    <tag k="name:nan-Hant" v="三星路八段"/>
    <tag k="name:nan-Latn-pehoeji" v="Sam-seng-lō͘ 8-tōaⁿ"/>
    <tag k="name:nan-Latn-tailo" v="Sam-sing-lōo 8-tuānn"/>
    <tag k="name:zh" v="三星路八段"/>
    <tag k="oneway" v="no"/>
    <tag k="ref" v="7丙"/>
    <tag k="ref:en" v="Provincial Highway 7C"/>
    <tag k="ref:zh" v="台7丙線"/>
    <tag k="surface" v="asphalt"/>
  </way>
  <way id="1230330261">
    <nd ref="987453075"/>
    <nd ref="8692699114"/>
    <tag k="cycleway" v="lane"/>
    <tag k="highway" v="primary"/>
    <tag k="name" v="三星路八段"/>
    <tag k="name:en" v="Section 8, SanXing Road"/>
    <tag k="name:nan" v="Sam-seng-lō͘ 8-tōaⁿ"/>
    <tag k="name:nan-Hant" v="三星路八段"/>
    <tag k="name:nan-Latn-pehoeji" v="Sam-seng-lō͘ 8-tōaⁿ"/>
    <tag k="name:nan-Latn-tailo" v="Sam-sing-lōo 8-tuānn"/>
    <tag k="name:zh" v="三星路八段"/>
    <tag k="oneway" v="no"/>
    <tag k="ref" v="7丙"/>
    <tag k="ref:en" v="Provincial Highway 7C"/>
    <tag k="ref:zh" v="台7丙線"/>
    <tag k="surface" v="asphalt"/>
  </way>
  <way id="1230330262">
    <nd ref="987453115"/>
    <nd ref="11006277150"/>
    <nd ref="987453114"/>
    <nd ref="987453113"/>
    <nd ref="11006277149"/>
    <nd ref="11006277148"/>
    <nd ref="987453112"/>
    <nd ref="11006277147"/>
    <nd ref="987453110"/>
    <nd ref="987453109"/>
    <nd ref="987453106"/>
    <nd ref="987453105"/>
    <nd ref="11006277146"/>
    <nd ref="11006277145"/>
    <nd ref="11006277144"/>
    <nd ref="3109149580"/>
    <nd ref="987453103"/>
    <nd ref="10158328172"/>
    <nd ref="10158328183"/>
    <nd ref="3109149581"/>
    <nd ref="987453101"/>
    <nd ref="3109149582"/>
    <nd ref="987453100"/>
    <nd ref="3109149584"/>
    <nd ref="3109149585"/>
    <nd ref="11006277135"/>
    <nd ref="11006277134"/>
    <nd ref="11006277133"/>
    <nd ref="987453099"/>
    <nd ref="3109149583"/>
    <nd ref="11006277132"/>
    <nd ref="11006277131"/>
    <nd ref="987453098"/>
    <nd ref="987453097"/>
    <nd ref="11006277130"/>
    <nd ref="11006277129"/>
    <nd ref="11006277128"/>
    <nd ref="987453096"/>
    <nd ref="11006277127"/>
    <nd ref="987453108"/>
    <nd ref="987453093"/>
    <nd ref="987453092"/>
    <nd ref="11006277124"/>
    <nd ref="11006277125"/>
    <nd ref="11006277123"/>
    <nd ref="987453090"/>
    <nd ref="11006277122"/>
    <nd ref="11006277121"/>
    <nd ref="11006277120"/>
    <nd ref="11006277118"/>
    <nd ref="11006277117"/>
    <nd ref="11006277116"/>
    <nd ref="11006277115"/>
    <nd ref="3224620189"/>
    <nd ref="11006277114"/>
    <nd ref="4431031687"/>
    <nd ref="11006277113"/>
    <nd ref="11006277111"/>
    <nd ref="11006277110"/>
    <nd ref="4431033489"/>
    <nd ref="4431033494"/>
    <nd ref="4431033492"/>
    <nd ref="4431031686"/>
    <nd ref="11006277094"/>
    <nd ref="4431031681"/>
    <nd ref="4431031680"/>
    <nd ref="11006277092"/>
    <nd ref="11006277091"/>
    <nd ref="8692704224"/>
    <nd ref="11006277090"/>
    <nd ref="4431033497"/>
    <nd ref="11006277089"/>
    <nd ref="4431033499"/>
    <nd ref="4431033502"/>
    <nd ref="11006277087"/>
    <nd ref="11006277086"/>
    <nd ref="987453075"/>
    <tag k="cycleway" v="lane"/>
    <tag k="highway" v="primary"/>
    <tag k="name" v="三星路八段"/>
    <tag k="name:en" v="Section 8, SanXing Road"/>
    <tag k="name:nan" v="Sam-seng-lō͘ 8-tōaⁿ"/>
    <tag k="name:nan-Hant" v="三星路八段"/>
    <tag k="name:nan-Latn-pehoeji" v="Sam-seng-lō͘ 8-tōaⁿ"/>
    <tag k="name:nan-Latn-tailo" v="Sam-sing-lōo 8-tuānn"/>
    <tag k="name:zh" v="三星路八段"/>
    <tag k="oneway" v="no"/>
    <tag k="ref" v="7丙"/>
    <tag k="ref:en" v="Provincial Highway 7C"/>
    <tag k="ref:zh" v="台7丙線"/>
    <tag k="surface" v="asphalt"/>
  </way>
  <way id="1230330263">
    <nd ref="4312163794"/>
    <nd ref="987453131"/>
    <nd ref="987453130"/>
    <nd ref="987453129"/>
    <nd ref="987453128"/>
    <nd ref="994358056"/>
    <nd ref="11006277193"/>
    <nd ref="987453127"/>
    <nd ref="4430930226"/>
    <nd ref="11006277192"/>
    <nd ref="11006277191"/>
    <nd ref="11006277190"/>
    <nd ref="6673684117"/>
    <nd ref="11006277189"/>
    <nd ref="11006277188"/>
    <nd ref="987453115"/>
    <tag k="cycleway" v="lane"/>
    <tag k="highway" v="primary"/>
    <tag k="name" v="三星路八段"/>
    <tag k="name:en" v="Section 8, SanXing Road"/>
    <tag k="name:nan" v="Sam-seng-lō͘ 8-tōaⁿ"/>
    <tag k="name:nan-Hant" v="三星路八段"/>
    <tag k="name:nan-Latn-pehoeji" v="Sam-seng-lō͘ 8-tōaⁿ"/>
    <tag k="name:nan-Latn-tailo" v="Sam-sing-lōo 8-tuānn"/>
    <tag k="name:zh" v="三星路八段"/>
    <tag k="oneway" v="no"/>
    <tag k="ref" v="7丙"/>
    <tag k="ref:en" v="Provincial Highway 7C"/>
    <tag k="ref:zh" v="台7丙線"/>
    <tag k="surface" v="asphalt"/>
  </way>
  <way id="1230330264">
    <nd ref="6673684107"/>
    <nd ref="3109149566"/>
    <nd ref="987453135"/>
    <nd ref="11006277196"/>
    <nd ref="987453134"/>
    <nd ref="994358058"/>
    <nd ref="3109149568"/>
    <nd ref="3109149569"/>
    <nd ref="987453133"/>
    <nd ref="987453132"/>
    <nd ref="11006277195"/>
    <nd ref="11006277194"/>
    <nd ref="3109149570"/>
    <nd ref="3109149572"/>
    <nd ref="4312163794"/>
    <tag k="cycleway" v="lane"/>
    <tag k="highway" v="primary"/>
    <tag k="name" v="三星路八段"/>
    <tag k="name:en" v="Section 8, SanXing Road"/>
    <tag k="name:nan" v="Sam-seng-lō͘ 8-tōaⁿ"/>
    <tag k="name:nan-Hant" v="三星路八段"/>
    <tag k="name:nan-Latn-pehoeji" v="Sam-seng-lō͘ 8-tōaⁿ"/>
    <tag k="name:nan-Latn-tailo" v="Sam-sing-lōo 8-tuānn"/>
    <tag k="name:zh" v="三星路八段"/>
    <tag k="oneway" v="no"/>
    <tag k="ref" v="7丙"/>
    <tag k="ref:en" v="Provincial Highway 7C"/>
    <tag k="ref:zh" v="台7丙線"/>
    <tag k="surface" v="asphalt"/>
  </way>
  <way id="1230330265">
    <nd ref="6673684108"/>
    <nd ref="6673684107"/>
    <tag k="cycleway" v="lane"/>
    <tag k="highway" v="primary"/>
    <tag k="name" v="三星路八段"/>
    <tag k="name:en" v="Section 8, SanXing Road"/>
    <tag k="name:nan" v="Sam-seng-lō͘ 8-tōaⁿ"/>
    <tag k="name:nan-Hant" v="三星路八段"/>
    <tag k="name:nan-Latn-pehoeji" v="Sam-seng-lō͘ 8-tōaⁿ"/>
    <tag k="name:nan-Latn-tailo" v="Sam-sing-lōo 8-tuānn"/>
    <tag k="name:zh" v="三星路八段"/>
    <tag k="oneway" v="no"/>
    <tag k="ref" v="7丙"/>
    <tag k="ref:en" v="Provincial Highway 7C"/>
    <tag k="ref:zh" v="台7丙線"/>
    <tag k="surface" v="asphalt"/>
  </way>
  <way id="1230330266">
    <nd ref="3109149553"/>
    <nd ref="11028895070"/>
    <nd ref="3109149554"/>
    <nd ref="987453141"/>
    <nd ref="987453140"/>
    <nd ref="987453138"/>
    <nd ref="11028835367"/>
    <nd ref="987453137"/>
    <nd ref="987453136"/>
    <nd ref="6673684108"/>
    <tag k="cycleway" v="lane"/>
    <tag k="highway" v="primary"/>
    <tag k="name" v="三星路八段"/>
    <tag k="name:en" v="Section 8, SanXing Road"/>
    <tag k="name:nan" v="Sam-seng-lō͘ 8-tōaⁿ"/>
    <tag k="name:nan-Hant" v="三星路八段"/>
    <tag k="name:nan-Latn-pehoeji" v="Sam-seng-lō͘ 8-tōaⁿ"/>
    <tag k="name:nan-Latn-tailo" v="Sam-sing-lōo 8-tuānn"/>
    <tag k="name:zh" v="三星路八段"/>
    <tag k="oneway" v="no"/>
    <tag k="ref" v="7丙"/>
    <tag k="ref:en" v="Provincial Highway 7C"/>
    <tag k="ref:zh" v="台7丙線"/>
    <tag k="surface" v="asphalt"/>
  </way>
  <way id="1230330267">
    <nd ref="8692345403"/>
    <nd ref="3109149553"/>
    <tag k="cycleway" v="lane"/>
    <tag k="highway" v="primary"/>
    <tag k="name" v="三星路八段"/>
    <tag k="name:en" v="Section 8, SanXing Road"/>
    <tag k="name:nan" v="Sam-seng-lō͘ 8-tōaⁿ"/>
    <tag k="name:nan-Hant" v="三星路八段"/>
    <tag k="name:nan-Latn-pehoeji" v="Sam-seng-lō͘ 8-tōaⁿ"/>
    <tag k="name:nan-Latn-tailo" v="Sam-sing-lōo 8-tuānn"/>
    <tag k="name:zh" v="三星路八段"/>
    <tag k="oneway" v="no"/>
    <tag k="ref" v="7丙"/>
    <tag k="ref:en" v="Provincial Highway 7C"/>
    <tag k="ref:zh" v="台7丙線"/>
    <tag k="surface" v="asphalt"/>
  </way>
  <way id="1230330268">
    <nd ref="2946927195"/>
    <nd ref="987453142"/>
    <nd ref="11028895069"/>
    <nd ref="8692345403"/>
    <tag k="cycleway" v="lane"/>
    <tag k="highway" v="primary"/>
    <tag k="name" v="三星路八段"/>
    <tag k="name:en" v="Section 8, SanXing Road"/>
    <tag k="name:nan" v="Sam-seng-lō͘ 8-tōaⁿ"/>
    <tag k="name:nan-Hant" v="三星路八段"/>
    <tag k="name:nan-Latn-pehoeji" v="Sam-seng-lō͘ 8-tōaⁿ"/>
    <tag k="name:nan-Latn-tailo" v="Sam-sing-lōo 8-tuānn"/>
    <tag k="name:zh" v="三星路八段"/>
    <tag k="oneway" v="no"/>
    <tag k="ref" v="7丙"/>
    <tag k="ref:en" v="Provincial Highway 7C"/>
    <tag k="ref:zh" v="台7丙線"/>
    <tag k="surface" v="asphalt"/>
  </way>
  <way id="1264729444">
    <nd ref="3109149616"/>
    <nd ref="4430995700"/>
    <nd ref="4430995701"/>
    <nd ref="4430995705"/>
    <nd ref="4430995706"/>
    <tag k="highway" v="residential"/>
    <tag k="name" v="雙和三路"/>
  </way>
  <way id="1264741234">
    <nd ref="11749905475"/>
    <nd ref="11749905476"/>
    <tag k="highway" v="residential"/>
    <tag k="source" v="maxar"/>
  </way>
  <way id="1264780324">
    <nd ref="11750228675"/>
    <nd ref="11750228674"/>
    <tag k="bridge" v="yes"/>
    <tag k="highway" v="unclassified"/>
    <tag k="layer" v="1"/>
    <tag k="name" v="星平路"/>
  </way>
  <way id="1264780325">
    <nd ref="4430939167"/>
    <nd ref="11750228675"/>
    <tag k="highway" v="unclassified"/>
    <tag k="name" v="星平路"/>
  </way>
  <way id="1264780326">
    <nd ref="11750228677"/>
    <nd ref="11750228676"/>
    <tag k="bridge" v="yes"/>
    <tag k="highway" v="residential"/>
    <tag k="layer" v="1"/>
    <tag k="source" v="maxar"/>
  </way>
  <way id="1264780327">
    <nd ref="10019949236"/>
    <nd ref="11750228677"/>
    <tag k="highway" v="residential"/>
    <tag k="source" v="maxar"/>
  </way>
  <way id="1264780328">
    <nd ref="11750228678"/>
    <nd ref="3707841991"/>
    <tag k="highway" v="residential"/>
    <tag k="name" v="東興路"/>
  </way>
  <way id="1264780329">
    <nd ref="11750228679"/>
    <nd ref="11750228678"/>
    <tag k="bridge" v="yes"/>
    <tag k="highway" v="residential"/>
    <tag k="layer" v="1"/>
    <tag k="name" v="東興路"/>
  </way>
  <way id="1264780330">
    <nd ref="3109149614"/>
    <nd ref="11750228681"/>
    <tag k="highway" v="primary"/>
    <tag k="name" v="三星路六段"/>
    <tag k="name:en" v="Section 6, SanXing Road"/>
    <tag k="name:nan" v="Sam-seng-lō͘ 6-tōaⁿ"/>
    <tag k="name:nan-Hant" v="三星路六段"/>
    <tag k="name:nan-Latn-pehoeji" v="Sam-seng-lō͘ 6-tōaⁿ"/>
    <tag k="name:nan-Latn-tailo" v="Sam-sing-lōo 6-tuānn"/>
    <tag k="name:zh" v="三星路六段"/>
    <tag k="ref" v="7丙"/>
    <tag k="ref:en" v="Provincial Highway 7C"/>
    <tag k="ref:zh" v="台7丙線"/>
  </way>
  <way id="1264780331">
    <nd ref="11750228681"/>
    <nd ref="11750228680"/>
    <tag k="bridge" v="yes"/>
    <tag k="highway" v="primary"/>
    <tag k="layer" v="1"/>
    <tag k="name" v="三星路六段"/>
    <tag k="name:en" v="Section 6, SanXing Road"/>
    <tag k="name:nan" v="Sam-seng-lō͘ 6-tōaⁿ"/>
    <tag k="name:nan-Hant" v="三星路六段"/>
    <tag k="name:nan-Latn-pehoeji" v="Sam-seng-lō͘ 6-tōaⁿ"/>
    <tag k="name:nan-Latn-tailo" v="Sam-sing-lōo 6-tuānn"/>
    <tag k="name:zh" v="三星路六段"/>
    <tag k="ref" v="7丙"/>
    <tag k="ref:en" v="Provincial Highway 7C"/>
    <tag k="ref:zh" v="台7丙線"/>
  </way>
  <way id="1264780332">
    <nd ref="8692699081"/>
    <nd ref="11750228682"/>
    <tag k="highway" v="service"/>
  </way>
  <way id="1264780333">
    <nd ref="11750228682"/>
    <nd ref="8692699082"/>
    <tag k="bridge" v="yes"/>
    <tag k="highway" v="service"/>
    <tag k="layer" v="1"/>
  </way>
  <way id="1264780334">
    <nd ref="11750228728"/>
    <nd ref="3707841845"/>
    <nd ref="11750228729"/>
    <nd ref="11750228730"/>
    <nd ref="11750228731"/>
    <nd ref="11750228732"/>
    <nd ref="11750228733"/>
    <nd ref="11750228734"/>
    <nd ref="11750228735"/>
    <nd ref="11840665227"/>
    <nd ref="11750228727"/>
    <nd ref="4430995694"/>
    <tag k="highway" v="residential"/>
    <tag k="source" v="maxar"/>
  </way>
  <way id="1275195847">
    <nd ref="11840665229"/>
    <nd ref="3707841868"/>
    <nd ref="11005328150"/>
    <nd ref="3707841965"/>
    <tag k="highway" v="service"/>
  </way>
  <way id="1275195848">
    <nd ref="11840665230"/>
    <nd ref="11840665229"/>
    <tag k="bridge" v="yes"/>
    <tag k="highway" v="service"/>
    <tag k="layer" v="1"/>
  </way>
  <way id="1275195849">
    <nd ref="11840665231"/>
    <nd ref="4430995710"/>
    <nd ref="3707841799"/>
    <nd ref="4430995707"/>
    <nd ref="4430995702"/>
    <nd ref="4430995699"/>
    <nd ref="3707841758"/>
    <tag k="highway" v="residential"/>
    <tag k="name" v="東興路"/>
  </way>
  <way id="1275195850">
    <nd ref="11840665232"/>
    <nd ref="11840665231"/>
    <tag k="bridge" v="yes"/>
    <tag k="highway" v="residential"/>
    <tag k="layer" v="1"/>
    <tag k="name" v="東興路"/>
  </way>
  <way id="1275195851">
    <nd ref="11840665233"/>
    <nd ref="8692699062"/>
    <nd ref="8692699063"/>
    <tag k="highway" v="track"/>
    <tag k="name" v="三星路七段62巷"/>
  </way>
  <way id="1275195852">
    <nd ref="11840665234"/>
    <nd ref="11840665233"/>
    <tag k="bridge" v="yes"/>
    <tag k="highway" v="track"/>
    <tag k="layer" v="1"/>
    <tag k="name" v="三星路七段62巷"/>
  </way>
  <way id="1275195855">
    <nd ref="11840665238"/>
    <nd ref="11840665237"/>
    <tag k="bridge" v="yes"/>
    <tag k="highway" v="service"/>
    <tag k="layer" v="1"/>
    <tag k="source" v="maxar"/>
  </way>
  <way id="1275195856">
    <nd ref="4430995706"/>
    <nd ref="11840665238"/>
    <tag k="highway" v="service"/>
    <tag k="source" v="maxar"/>
  </way>
  <way id="1275195857">
    <nd ref="11750228680"/>
    <nd ref="412685652"/>
    <nd ref="11749905475"/>
    <nd ref="11840665240"/>
    <tag k="highway" v="primary"/>
    <tag k="name" v="三星路六段"/>
    <tag k="name:en" v="Section 6, SanXing Road"/>
    <tag k="name:nan" v="Sam-seng-lō͘ 6-tōaⁿ"/>
    <tag k="name:nan-Hant" v="三星路六段"/>
    <tag k="name:nan-Latn-pehoeji" v="Sam-seng-lō͘ 6-tōaⁿ"/>
    <tag k="name:nan-Latn-tailo" v="Sam-sing-lōo 6-tuānn"/>
    <tag k="name:zh" v="三星路六段"/>
    <tag k="ref" v="7丙"/>
    <tag k="ref:en" v="Provincial Highway 7C"/>
    <tag k="ref:zh" v="台7丙線"/>
  </way>
  <way id="1275195858">
    <nd ref="11840665240"/>
    <nd ref="11840665239"/>
    <tag k="bridge" v="yes"/>
    <tag k="highway" v="primary"/>
    <tag k="layer" v="1"/>
    <tag k="name" v="三星路六段"/>
    <tag k="name:en" v="Section 6, SanXing Road"/>
    <tag k="name:nan" v="Sam-seng-lō͘ 6-tōaⁿ"/>
    <tag k="name:nan-Hant" v="三星路六段"/>
    <tag k="name:nan-Latn-pehoeji" v="Sam-seng-lō͘ 6-tōaⁿ"/>
    <tag k="name:nan-Latn-tailo" v="Sam-sing-lōo 6-tuānn"/>
    <tag k="name:zh" v="三星路六段"/>
    <tag k="ref" v="7丙"/>
    <tag k="ref:en" v="Provincial Highway 7C"/>
    <tag k="ref:zh" v="台7丙線"/>
  </way>
  <way id="1275195859">
    <nd ref="11840665239"/>
    <nd ref="3109149616"/>
    <nd ref="10019940408"/>
    <nd ref="11840665246"/>
    <tag k="highway" v="primary"/>
    <tag k="name" v="三星路六段"/>
    <tag k="name:en" v="Section 6, SanXing Road"/>
    <tag k="name:nan" v="Sam-seng-lō͘ 6-tōaⁿ"/>
    <tag k="name:nan-Hant" v="三星路六段"/>
    <tag k="name:nan-Latn-pehoeji" v="Sam-seng-lō͘ 6-tōaⁿ"/>
    <tag k="name:nan-Latn-tailo" v="Sam-sing-lōo 6-tuānn"/>
    <tag k="name:zh" v="三星路六段"/>
    <tag k="ref" v="7丙"/>
    <tag k="ref:en" v="Provincial Highway 7C"/>
    <tag k="ref:zh" v="台7丙線"/>
  </way>
  <way id="1275195860">
    <nd ref="11840665246"/>
    <nd ref="11840665245"/>
    <tag k="bridge" v="yes"/>
    <tag k="highway" v="primary"/>
    <tag k="layer" v="1"/>
    <tag k="name" v="三星路六段"/>
    <tag k="name:en" v="Section 6, SanXing Road"/>
    <tag k="name:nan" v="Sam-seng-lō͘ 6-tōaⁿ"/>
    <tag k="name:nan-Hant" v="三星路六段"/>
    <tag k="name:nan-Latn-pehoeji" v="Sam-seng-lō͘ 6-tōaⁿ"/>
    <tag k="name:nan-Latn-tailo" v="Sam-sing-lōo 6-tuānn"/>
    <tag k="name:zh" v="三星路六段"/>
    <tag k="ref" v="7丙"/>
    <tag k="ref:en" v="Provincial Highway 7C"/>
    <tag k="ref:zh" v="台7丙線"/>
  </way>
  <way id="1275195861">
    <nd ref="10019940402"/>
    <nd ref="10019940403"/>
    <nd ref="11840665248"/>
    <tag k="highway" v="residential"/>
    <tag k="source" v="maxar"/>
  </way>
  <way id="1275195862">
    <nd ref="11840665248"/>
    <nd ref="11840665247"/>
    <tag k="bridge" v="yes"/>
    <tag k="highway" v="residential"/>
    <tag k="layer" v="1"/>
    <tag k="source" v="maxar"/>
  </way>
  <way id="1275195863">
    <nd ref="3109149619"/>
    <nd ref="11840665250"/>
    <tag k="highway" v="service"/>
    <tag k="name" v="雙和二路"/>
    <tag k="surface" v="asphalt"/>
  </way>
  <way id="1275195864">
    <nd ref="11840665250"/>
    <nd ref="11840665249"/>
    <tag k="bridge" v="yes"/>
    <tag k="highway" v="service"/>
    <tag k="layer" v="1"/>
    <tag k="name" v="雙和二路"/>
  </way>
  <way id="1275195865">
    <nd ref="11840665252"/>
    <nd ref="8692699073"/>
    <tag k="highway" v="track"/>
  </way>
  <way id="1275195866">
    <nd ref="11840665253"/>
    <nd ref="11840665252"/>
    <tag k="bridge" v="yes"/>
    <tag k="highway" v="track"/>
    <tag k="layer" v="1"/>
  </way>
  <way id="1275195867">
    <nd ref="3707841956"/>
    <nd ref="4430995737"/>
    <tag k="highway" v="residential"/>
    <tag k="name" v="東興路"/>
  </way>
  <way id="1275195868">
    <nd ref="4430995737"/>
    <nd ref="11840665254"/>
    <tag k="bridge" v="yes"/>
    <tag k="highway" v="residential"/>
    <tag k="layer" v="1"/>
    <tag k="name" v="東興路"/>
  </way>
  <way id="1275195869">
    <nd ref="11840665255"/>
    <nd ref="3063279035"/>
    <tag k="highway" v="service"/>
  </way>
  <way id="1275195870">
    <nd ref="11005218172"/>
    <nd ref="11840665255"/>
    <tag k="bridge" v="yes"/>
    <tag k="highway" v="service"/>
    <tag k="layer" v="1"/>
  </way>
  <way id="1275195874">
    <nd ref="11840702000"/>
    <nd ref="11840702001"/>
    <nd ref="11840702002"/>
    <tag k="highway" v="residential"/>
  </way>
  <way id="1281088423">
    <nd ref="11005886536"/>
    <nd ref="11005886537"/>
    <nd ref="11005886538"/>
    <nd ref="11005886539"/>
    <tag k="highway" v="service"/>
    <tag k="surface" v="paved"/>
  </way>
  <way id="1281088424">
    <nd ref="11005886546"/>
    <nd ref="11005886548"/>
    <nd ref="11005886549"/>
    <tag k="highway" v="track"/>
    <tag k="surface" v="paved"/>
    <tag k="tracktype" v="grade1"/>
  </way>
  <way id="1281088425">
    <nd ref="11890816277"/>
    <nd ref="11890758768"/>
    <nd ref="11890816269"/>
    <nd ref="11890816279"/>
    <nd ref="11890816270"/>
    <nd ref="11890816271"/>
    <nd ref="11890816272"/>
    <nd ref="11890816273"/>
    <nd ref="11890816274"/>
    <nd ref="11890816275"/>
    <nd ref="11890816276"/>
    <tag k="highway" v="service"/>
    <tag k="name" v="東興路"/>
  </way>
  <way id="1281088426">
    <nd ref="2833162130"/>
    <nd ref="11890758766"/>
    <nd ref="11890758767"/>
    <nd ref="11890816278"/>
    <tag k="highway" v="service"/>
    <tag k="name" v="東興路"/>
  </way>
  <way id="1281088427">
    <nd ref="11890816278"/>
    <nd ref="11890816277"/>
    <tag k="bridge" v="yes"/>
    <tag k="highway" v="service"/>
    <tag k="layer" v="1"/>
    <tag k="name" v="東興路"/>
  </way>
  <way id="1281088428">
    <nd ref="11890816280"/>
    <nd ref="11890816281"/>
    <nd ref="11890816282"/>
    <nd ref="11890816283"/>
    <nd ref="11890816284"/>
    <tag k="highway" v="service"/>
  </way>
  <way id="1281088429">
    <nd ref="11890816285"/>
    <nd ref="11890816280"/>
    <tag k="bridge" v="yes"/>
    <tag k="highway" v="service"/>
    <tag k="layer" v="1"/>
  </way>
  <way id="1281088430">
    <nd ref="11890816279"/>
    <nd ref="11890816285"/>
    <tag k="highway" v="service"/>
  </way>
  <way id="1281328116">
    <nd ref="11892568954"/>
    <nd ref="994358073"/>
    <tag k="highway" v="service"/>
    <tag k="service" v="alley"/>
  </way>
  <way id="1281328117">
    <nd ref="11892568955"/>
    <nd ref="11892568956"/>
    <nd ref="11892568960"/>
    <nd ref="11892568957"/>
    <tag k="highway" v="service"/>
    <tag k="service" v="alley"/>
  </way>
  <way id="1281328118">
    <nd ref="11892568958"/>
    <nd ref="11892568959"/>
    <nd ref="11892568960"/>
    <tag k="highway" v="service"/>
    <tag k="service" v="alley"/>
  </way>
  <way id="1281328119">
    <nd ref="11892568962"/>
    <nd ref="11892568963"/>
    <nd ref="11892568966"/>
    <nd ref="11892568964"/>
    <nd ref="11892568965"/>
    <tag k="highway" v="service"/>
  </way>
  <way id="1281328120">
    <nd ref="11892568966"/>
    <nd ref="11892568967"/>
    <nd ref="11892568968"/>
    <nd ref="11892582169"/>
    <nd ref="11892582170"/>
    <nd ref="11892582171"/>
    <nd ref="11892582172"/>
    <nd ref="11892582173"/>
    <tag k="highway" v="service"/>
  </way>
  <way id="1281328121">
    <nd ref="11892582174"/>
    <nd ref="11892582175"/>
    <nd ref="11892582176"/>
    <nd ref="11892582177"/>
    <nd ref="11892582178"/>
    <nd ref="11892582179"/>
    <nd ref="11892582180"/>
    <tag k="highway" v="service"/>
  </way>
  <way id="1281328122">
    <nd ref="9064218581"/>
    <nd ref="11892582183"/>
    <nd ref="11892582184"/>
    <nd ref="11892582185"/>
    <nd ref="11892582192"/>
    <tag k="highway" v="service"/>
  </way>
  <way id="1281328123">
    <nd ref="11892582191"/>
    <nd ref="11892582186"/>
    <nd ref="11892582187"/>
    <nd ref="11892582188"/>
    <nd ref="11892582189"/>
    <nd ref="11892582190"/>
    <tag k="highway" v="service"/>
  </way>
  <way id="1281328124">
    <nd ref="11892582192"/>
    <nd ref="11892582191"/>
    <tag k="bridge" v="yes"/>
    <tag k="highway" v="service"/>
    <tag k="layer" v="1"/>
    <tag k="name" v="復麗橋"/>
  </way>
  <way id="1281328125">
    <nd ref="11892582193"/>
    <nd ref="11892582194"/>
    <nd ref="11892582195"/>
    <nd ref="11892582196"/>
    <nd ref="11892582197"/>
    <nd ref="11892582198"/>
    <nd ref="11892582199"/>
    <nd ref="11892582200"/>
    <nd ref="11892582201"/>
    <nd ref="9064218601"/>
    <tag k="highway" v="track"/>
  </way>
  <way id="1281328126">
    <nd ref="10101411879"/>
    <nd ref="11892582202"/>
    <nd ref="11892582203"/>
    <nd ref="11892582204"/>
    <nd ref="11892582205"/>
    <nd ref="11892582206"/>
    <nd ref="11892582207"/>
    <nd ref="11892582208"/>
    <nd ref="11892582209"/>
    <nd ref="11892582210"/>
    <nd ref="11892582211"/>
    <nd ref="11892582212"/>
    <nd ref="11892582213"/>
    <nd ref="11892582214"/>
    <nd ref="11892582215"/>
    <nd ref="11892582216"/>
    <nd ref="11892582217"/>
    <nd ref="11892582218"/>
    <nd ref="11892582219"/>
    <nd ref="11892582220"/>
    <nd ref="11892582221"/>
    <nd ref="11892582222"/>
    <nd ref="11892582223"/>
    <nd ref="11892582224"/>
    <nd ref="11892582225"/>
    <nd ref="11892582226"/>
    <nd ref="11892582227"/>
    <nd ref="11892582228"/>
    <nd ref="11892582229"/>
    <nd ref="11892582230"/>
    <nd ref="11892582231"/>
    <tag k="highway" v="track"/>
  </way>
  <way id="1281328127">
    <nd ref="10101419421"/>
    <nd ref="11892582232"/>
    <nd ref="11892582233"/>
    <nd ref="11892582234"/>
    <nd ref="11892582235"/>
    <nd ref="11892582236"/>
    <nd ref="11892582237"/>
    <nd ref="11892582238"/>
    <nd ref="11892582239"/>
    <nd ref="11892582240"/>
    <nd ref="11892582241"/>
    <nd ref="11892582242"/>
    <nd ref="11892582243"/>
    <nd ref="11892582244"/>
    <nd ref="11892582245"/>
    <nd ref="11892582246"/>
    <nd ref="11892582247"/>
    <nd ref="11892582248"/>
    <nd ref="11892582249"/>
    <nd ref="11892582250"/>
    <nd ref="11892582251"/>
    <nd ref="11892582252"/>
    <nd ref="11892582253"/>
    <nd ref="11892582254"/>
    <nd ref="11892582255"/>
    <nd ref="11892582256"/>
    <nd ref="11892582257"/>
    <nd ref="11892582258"/>
    <nd ref="11892582259"/>
    <nd ref="11892582260"/>
    <nd ref="11892582261"/>
    <nd ref="11892582262"/>
    <nd ref="11892582263"/>
    <nd ref="11892582264"/>
    <nd ref="11892582265"/>
    <nd ref="11892582266"/>
    <nd ref="11892582267"/>
    <nd ref="11892582268"/>
    <nd ref="11892582269"/>
    <nd ref="11892582270"/>
    <nd ref="11892582271"/>
    <nd ref="11892582272"/>
    <nd ref="11892582273"/>
    <nd ref="11892582274"/>
    <nd ref="11892582275"/>
    <nd ref="11892582276"/>
    <nd ref="11892582277"/>
    <nd ref="11892582278"/>
    <nd ref="11892582279"/>
    <nd ref="11892582280"/>
    <nd ref="11892582281"/>
    <nd ref="11892582282"/>
    <nd ref="11892582283"/>
    <nd ref="11892582284"/>
    <nd ref="11892582285"/>
    <nd ref="11892582286"/>
    <nd ref="11892582287"/>
    <nd ref="11030752218"/>
    <tag k="highway" v="track"/>
  </way>
  <way id="1281328128">
    <nd ref="10101419352"/>
    <nd ref="11892582288"/>
    <nd ref="11892582291"/>
    <nd ref="11892582289"/>
    <nd ref="11892582290"/>
    <tag k="highway" v="track"/>
  </way>
  <way id="1314087472">
    <nd ref="12162829868"/>
    <nd ref="12162829869"/>
    <tag k="highway" v="track"/>
  </way>
  <way id="1314087473">
    <nd ref="12162829870"/>
    <nd ref="12162829871"/>
    <nd ref="12162829872"/>
    <nd ref="12162829873"/>
    <nd ref="12162829874"/>
    <tag k="highway" v="track"/>
  </way>
  <way id="1314087474">
    <nd ref="12162829875"/>
    <nd ref="12162829876"/>
    <tag k="highway" v="track"/>
  </way>
  <way id="1314087475">
    <nd ref="9064226970"/>
    <nd ref="12162829878"/>
    <tag k="highway" v="track"/>
  </way>
  <way id="1334178949">
    <nd ref="12343369304"/>
    <nd ref="12343369305"/>
    <nd ref="12343369306"/>
    <nd ref="12343369307"/>
    <nd ref="12343369308"/>
    <nd ref="12343369309"/>
    <nd ref="12343369310"/>
    <nd ref="12343369311"/>
    <nd ref="12343369312"/>
    <nd ref="12343369313"/>
    <nd ref="12343369314"/>
    <nd ref="12343369315"/>
    <nd ref="12343369316"/>
    <nd ref="12343369317"/>
    <nd ref="12343369318"/>
    <nd ref="12343369437"/>
    <nd ref="12343369438"/>
    <nd ref="12343369439"/>
    <nd ref="12343369440"/>
    <nd ref="12343369441"/>
    <nd ref="12343369442"/>
    <nd ref="12343369443"/>
    <nd ref="12343369449"/>
    <nd ref="12343369450"/>
    <nd ref="12343369451"/>
    <nd ref="12343369452"/>
    <nd ref="12343369453"/>
    <nd ref="12343369444"/>
    <nd ref="12343369454"/>
    <nd ref="12343369455"/>
    <nd ref="12343369456"/>
    <nd ref="12343369445"/>
    <nd ref="12343369446"/>
    <nd ref="12343369457"/>
    <nd ref="12343369458"/>
    <nd ref="12343369459"/>
    <nd ref="12343369460"/>
    <nd ref="12343369461"/>
    <nd ref="12343369462"/>
    <nd ref="12343369463"/>
    <nd ref="12343369448"/>
    <nd ref="12343369464"/>
    <nd ref="12343369465"/>
    <nd ref="12343369466"/>
    <nd ref="12343369447"/>
    <tag k="highway" v="track"/>
  </way>
  <way id="1334178950">
    <nd ref="12343369437"/>
    <nd ref="12343369319"/>
    <nd ref="12343369320"/>
    <nd ref="12343369321"/>
    <nd ref="12343369322"/>
    <nd ref="12343369323"/>
    <nd ref="12343369324"/>
    <nd ref="12343369325"/>
    <nd ref="12343369326"/>
    <nd ref="12343369327"/>
    <nd ref="12343369328"/>
    <nd ref="12343369329"/>
    <nd ref="12343369330"/>
    <nd ref="12343369331"/>
    <nd ref="12343369332"/>
    <nd ref="12343369333"/>
    <nd ref="12343369334"/>
    <nd ref="12343369335"/>
    <nd ref="12343369336"/>
    <nd ref="12343369337"/>
    <nd ref="12343369338"/>
    <nd ref="12343369339"/>
    <nd ref="12343369340"/>
    <nd ref="12343369341"/>
    <nd ref="12343369342"/>
    <nd ref="12343369343"/>
    <nd ref="12343369344"/>
    <nd ref="12343369345"/>
    <nd ref="12343369346"/>
    <nd ref="12343369347"/>
    <nd ref="12343369348"/>
    <nd ref="12343369349"/>
    <nd ref="12343369350"/>
    <nd ref="12343369351"/>
    <nd ref="12343369352"/>
    <nd ref="12343369353"/>
    <nd ref="12343369354"/>
    <nd ref="12343369355"/>
    <nd ref="12343369356"/>
    <nd ref="12343369357"/>
    <nd ref="12343369358"/>
    <nd ref="12343369360"/>
    <nd ref="12343369359"/>
    <nd ref="12343369361"/>
    <nd ref="12343369362"/>
    <nd ref="12343369363"/>
    <nd ref="12343369364"/>
    <nd ref="12343369365"/>
    <nd ref="12343369366"/>
    <nd ref="12343369367"/>
    <nd ref="12343369368"/>
    <nd ref="12343369369"/>
    <nd ref="12343369370"/>
    <nd ref="12343369371"/>
    <nd ref="12343369372"/>
    <nd ref="12343369373"/>
    <nd ref="12343369374"/>
    <nd ref="12343369375"/>
    <nd ref="12343369376"/>
    <nd ref="12343369377"/>
    <nd ref="12343369378"/>
    <nd ref="12343369379"/>
    <nd ref="12343369380"/>
    <nd ref="12343369381"/>
    <nd ref="12343369382"/>
    <nd ref="12343369383"/>
    <nd ref="12343369384"/>
    <nd ref="12343369385"/>
    <nd ref="12343369386"/>
    <nd ref="12343369387"/>
    <nd ref="12343369389"/>
    <nd ref="12343369390"/>
    <nd ref="12343369388"/>
    <nd ref="12343369391"/>
    <nd ref="12343369392"/>
    <nd ref="12343369393"/>
    <nd ref="12343369394"/>
    <nd ref="12343369395"/>
    <nd ref="12343369396"/>
    <nd ref="12343369397"/>
    <nd ref="12343369398"/>
    <nd ref="12343369399"/>
    <nd ref="12343369400"/>
    <nd ref="12343369401"/>
    <nd ref="12343369402"/>
    <nd ref="12343369403"/>
    <nd ref="12343369404"/>
    <nd ref="12343369405"/>
    <nd ref="12343369406"/>
    <nd ref="12343369407"/>
    <nd ref="12343369408"/>
    <nd ref="12343369409"/>
    <nd ref="12343369410"/>
    <nd ref="12343369411"/>
    <nd ref="12343369412"/>
    <nd ref="12343369413"/>
    <nd ref="12343369414"/>
    <nd ref="12343369415"/>
    <nd ref="12343369416"/>
    <nd ref="12343369417"/>
    <nd ref="12343369418"/>
    <nd ref="12343369419"/>
    <nd ref="12343369420"/>
    <nd ref="12343369421"/>
    <nd ref="12343369422"/>
    <nd ref="12343369423"/>
    <nd ref="12343369424"/>
    <nd ref="12343369425"/>
    <nd ref="12343369426"/>
    <nd ref="12343369427"/>
    <nd ref="12343369428"/>
    <nd ref="12343369429"/>
    <nd ref="12343369430"/>
    <nd ref="12343369431"/>
    <nd ref="12343369432"/>
    <nd ref="12343369433"/>
    <nd ref="12343369434"/>
    <nd ref="12343369435"/>
    <nd ref="12343369436"/>
    <tag k="highway" v="track"/>
  </way>
  <way id="1334178952">
    <nd ref="2584490399"/>
    <nd ref="2584490396"/>
    <nd ref="2584490393"/>
    <nd ref="2584490365"/>
    <nd ref="2584490362"/>
    <nd ref="2584490359"/>
    <nd ref="2584490356"/>
    <nd ref="12343369516"/>
    <nd ref="2584490354"/>
    <nd ref="2584490352"/>
    <nd ref="12343369517"/>
    <nd ref="12343369518"/>
    <nd ref="2584490351"/>
    <nd ref="2584490345"/>
    <nd ref="2584490341"/>
    <nd ref="2584490339"/>
    <nd ref="12343369519"/>
    <nd ref="2584490333"/>
    <nd ref="2584490332"/>
    <nd ref="2584490331"/>
    <nd ref="11016319575"/>
    <nd ref="12343369515"/>
    <nd ref="12343369514"/>
    <nd ref="12343369513"/>
    <nd ref="12343369512"/>
    <nd ref="12343369511"/>
    <nd ref="12343369510"/>
    <nd ref="12343369509"/>
    <nd ref="12343369508"/>
    <nd ref="12343369507"/>
    <nd ref="12343369506"/>
    <nd ref="12343369505"/>
    <nd ref="12343369504"/>
    <nd ref="12343369503"/>
    <nd ref="12343369502"/>
    <nd ref="12343369501"/>
    <nd ref="12343369500"/>
    <nd ref="12343369499"/>
    <nd ref="12343369498"/>
    <nd ref="12343369497"/>
    <nd ref="12343369496"/>
    <nd ref="12343369495"/>
    <nd ref="12343369494"/>
    <nd ref="12343369493"/>
    <nd ref="12343369492"/>
    <nd ref="12343369491"/>
    <nd ref="12343369490"/>
    <nd ref="12343369489"/>
    <nd ref="12343369488"/>
    <nd ref="12343369487"/>
    <nd ref="12343369486"/>
    <nd ref="12343369485"/>
    <nd ref="12343369484"/>
    <nd ref="12343369483"/>
    <tag k="highway" v="track"/>
  </way>
  <way id="1334178953">
    <nd ref="2584490499"/>
    <nd ref="2584490493"/>
    <nd ref="2584490484"/>
    <nd ref="2584490472"/>
    <nd ref="2584490469"/>
    <nd ref="2584490471"/>
    <nd ref="2584490468"/>
    <tag k="highway" v="track"/>
  </way>
  <way id="1358628700">
    <nd ref="12574061319"/>
    <nd ref="12574061320"/>
    <nd ref="12574061321"/>
    <nd ref="12574061338"/>
    <nd ref="12574061322"/>
    <nd ref="12574061323"/>
    <nd ref="12574061324"/>
    <nd ref="12574061325"/>
    <nd ref="12574061326"/>
    <nd ref="12574061327"/>
    <nd ref="12574061328"/>
    <nd ref="12574061329"/>
    <nd ref="12574061330"/>
    <nd ref="12574061331"/>
    <nd ref="12574061332"/>
    <nd ref="12574061333"/>
    <tag k="highway" v="service"/>
  </way>
  <way id="1364021613">
    <nd ref="12630339081"/>
    <nd ref="4431004672"/>
    <tag k="highway" v="service"/>
    <tag k="service" v="alley"/>
  </way>
  <way id="1364021614">
    <nd ref="12630339082"/>
    <nd ref="12630339083"/>
    <tag k="highway" v="service"/>
    <tag k="service" v="alley"/>
  </way>
  <way id="1364021615">
    <nd ref="12630339084"/>
    <nd ref="12630339085"/>
    <nd ref="12630339086"/>
    <tag k="highway" v="service"/>
    <tag k="service" v="alley"/>
  </way>
  <way id="1364021616">
    <nd ref="12630339087"/>
    <nd ref="12630339088"/>
    <tag k="highway" v="service"/>
    <tag k="name" v="忠平三路7巷"/>
    <tag k="service" v="alley"/>
  </way>
  <way id="1364021617">
    <nd ref="3707842020"/>
    <nd ref="12630339089"/>
    <tag k="highway" v="service"/>
  </way>
  <way id="1390427558">
    <nd ref="4431031674"/>
    <nd ref="5017989007"/>
    <nd ref="5017989280"/>
    <nd ref="3707840124"/>
    <nd ref="4431031673"/>
    <nd ref="12870864971"/>
    <nd ref="4312163936"/>
    <nd ref="4431031672"/>
    <tag k="highway" v="service"/>
  </way>
  <way id="1432017871">
    <nd ref="4526551167"/>
    <nd ref="13162431293"/>
    <nd ref="13162431294"/>
    <nd ref="13162431295"/>
    <nd ref="13162431296"/>
    <nd ref="13162431297"/>
    <nd ref="13162431298"/>
    <nd ref="13162431299"/>
    <nd ref="13162431300"/>
    <nd ref="13162441101"/>
    <nd ref="13162441102"/>
    <nd ref="13162441103"/>
    <nd ref="13162441104"/>
    <nd ref="11006708257"/>
    <tag k="highway" v="cycleway"/>
    <tag k="surface" v="asphalt"/>
  </way>
  <way id="1432017872">
    <nd ref="11006708278"/>
    <nd ref="13162441105"/>
    <nd ref="13162441106"/>
    <nd ref="13162441107"/>
    <nd ref="13162441108"/>
    <nd ref="13162441109"/>
    <nd ref="13162441110"/>
    <nd ref="13162441114"/>
    <tag k="highway" v="cycleway"/>
  </way>
  <way id="1432017873">
    <nd ref="13162441113"/>
    <nd ref="13162441111"/>
    <nd ref="13162441112"/>
    <tag k="highway" v="cycleway"/>
  </way>
  <way id="1432017874">
    <nd ref="13162441114"/>
    <nd ref="13162441113"/>
    <tag k="bridge" v="yes"/>
    <tag k="highway" v="cycleway"/>
    <tag k="layer" v="1"/>
  </way>
  <way id="1432017875">
    <nd ref="13162441112"/>
    <nd ref="13162441115"/>
    <nd ref="13162441116"/>
    <nd ref="13162441117"/>
    <nd ref="13162441118"/>
    <nd ref="4431031674"/>
    <tag k="highway" v="service"/>
  </way>
  <way id="1503540713">
    <nd ref="4458292945"/>
    <nd ref="13760266552"/>
    <tag k="highway" v="service"/>
  </way>
</osm>
