<?xml version="1.0" encoding="UTF-8"?>
<osm version="0.6" generator="region-download">
  <node id="2083234466" lat="24.6741085" lon="121.7114850"/>
  <node id="4431045317" lat="24.6740962" lon="121.7125525"/>
  <node id="3707842304" lat="24.6741157" lon="121.7136119"/>
  <node id="11158450066" lat="24.6741130" lon="121.7143482"/>
  <node id="4431045319" lat="24.6741121" lon="121.7145843"/>
  <node id="2083234313" lat="24.6741280" lon="121.7153501"/>
  <node id="4431045320" lat="24.6741389" lon="121.7162700"/>
  <node id="4431045321" lat="24.6741596" lon="121.7167327"/>
  <node id="2083234450" lat="24.6741364" lon="121.7175293"/>
  <node id="3707842302" lat="24.6741389" lon="121.7176688"/>
  <node id="4431045318" lat="24.6741206" lon="121.7187377"/>
  <node id="2083234317" lat="24.6741230" lon="121.7191494"/>
  <node id="3707842307" lat="24.6741877" lon="121.7198320"/>
  <node id="4431045322" lat="24.6742498" lon="121.7209854"/>
  <node id="4431045323" lat="24.6742985" lon="121.7216600"/>
  <node id="3707842309" lat="24.6743294" lon="121.7220980"/>
  <node id="3707842312" lat="24.6743710" lon="121.7228133"/>
  <node id="994318824" lat="24.6801087" lon="121.7153742"/>
  <node id="4431045380" lat="24.6800529" lon="121.7152823"/>
  <node id="4431045379" lat="24.6799701" lon="121.7150905"/>
  <node id="4431045376" lat="24.6797775" lon="121.7146882"/>
  <node id="4431045370" lat="24.6795081" lon="121.7142228"/>
  <node id="10076663255" lat="24.6794192" lon="121.7140609"/>
  <node id="4431045367" lat="24.6793911" lon="121.7139586"/>
  <node id="4431045362" lat="24.6789385" lon="121.7134725"/>
  <node id="4431045355" lat="24.6787118" lon="121.7132754"/>
  <node id="11158458326" lat="24.6785869" lon="121.7131935"/>
  <node id="987441784" lat="24.6784486" lon="121.7131292"/>
  <node id="4431045343" lat="24.6781318" lon="121.7130205"/>
  <node id="3707842420" lat="24.6780314" lon="121.7130070"/>
  <node id="4431045340" lat="24.6771069" lon="121.7127885"/>
  <node id="4431045338" lat="24.6764586" lon="121.7125941"/>
  <node id="3707842364" lat="24.6759333" lon="121.7124895"/>
  <node id="987441785" lat="24.6757524" lon="121.7124526"/>
  <node id="987441787" lat="24.6762835" lon="121.7093931"/>
  <node id="2283511576" lat="24.6753668" lon="121.7096072"/>
  <node id="4431045335" lat="24.6758162" lon="121.7121603"/>
  <node id="987441790" lat="24.6758231" lon="121.7121066"/>
  <node id="987441791" lat="24.6758255" lon="121.7118813"/>
  <node id="4431045334" lat="24.6758145" lon="121.7114857"/>
  <node id="987441792" lat="24.6758170" lon="121.7111048"/>
  <node id="4431045336" lat="24.6758316" lon="121.7107682"/>
  <node id="987441793" lat="24.6758079" lon="121.7106844"/>
  <node id="987441789" lat="24.6756046" lon="121.7104640"/>
  <node id="987441796" lat="24.6792668" lon="121.7153897"/>
  <node id="4431045364" lat="24.6792115" lon="121.7144461"/>
  <node id="987441797" lat="24.6791931" lon="121.7141565"/>
  <node id="987441798" lat="24.6790384" lon="121.7142061"/>
  <node id="4431045356" lat="24.6788130" lon="121.7138815"/>
  <node id="3707842531" lat="24.6786580" lon="121.7135797"/>
  <node id="4431045351" lat="24.6786083" lon="121.7134832"/>
  <node id="4431045350" lat="24.6785473" lon="121.7133612"/>
  <node id="994345664" lat="24.6342845" lon="121.7140173"/>
  <node id="4430922752" lat="24.6344770" lon="121.7136922"/>
  <node id="4430922763" lat="24.6349696" lon="121.7128599"/>
  <node id="994345770" lat="24.6351781" lon="121.7125260"/>
  <node id="4430922781" lat="24.6358811" lon="121.7116053"/>
  <node id="4430922787" lat="24.6362021" lon="121.7111849"/>
  <node id="4430922794" lat="24.6365166" lon="121.7107370"/>
  <node id="994345771" lat="24.6366909" lon="121.7104325"/>
  <node id="4430922800" lat="24.6368165" lon="121.7101750"/>
  <node id="994345773" lat="24.6369640" lon="121.7099677"/>
  <node id="4430922816" lat="24.6376503" lon="121.7092121"/>
  <node id="4430922817" lat="24.6377271" lon="121.7091464"/>
  <node id="994345774" lat="24.6379489" lon="121.7090224"/>
  <node id="7918338514" lat="24.6383086" lon="121.7088383"/>
  <node id="4430938337" lat="24.6694909" lon="121.7026782"/>
  <node id="2833162122" lat="24.6698102" lon="121.7029680"/>
  <node id="987441811" lat="24.6709463" lon="121.7052848"/>
  <node id="13858005883" lat="24.6711542" lon="121.7055317"/>
  <node id="11158450073" lat="24.6717393" lon="121.7061487"/>
  <node id="10308446875" lat="24.6725824" lon="121.7069081"/>
  <node id="7561120560" lat="24.6746568" lon="121.7090276"/>
  <node id="2283511575" lat="24.6753032" lon="121.7096263"/>
  <node id="4431045310" lat="24.6714466" lon="121.7095588"/>
  <node id="4430959574" lat="24.6715364" lon="121.7095786"/>
  <node id="4430959575" lat="24.6722732" lon="121.7096905"/>
  <node id="987441817" lat="24.6729897" lon="121.7097576"/>
  <node id="10308446873" lat="24.6735466" lon="121.7098202"/>
  <node id="987441818" lat="24.6738044" lon="121.7098387"/>
  <node id="987441819" lat="24.6741456" lon="121.7098307"/>
  <node id="987441813" lat="24.6758620" lon="121.7102064"/>
  <node id="987441823" lat="24.6763233" lon="121.7106937"/>
  <node id="987441805" lat="24.6518659" lon="121.7141359"/>
  <node id="14174992967" lat="24.6518635" lon="121.7142531"/>
  <node id="4431088314" lat="24.6518985" lon="121.7143681"/>
  <node id="2083234288" lat="24.6519624" lon="121.7145175"/>
  <node id="14174992968" lat="24.6519873" lon="121.7146430"/>
  <node id="4431088319" lat="24.6519851" lon="121.7148787"/>
  <node id="5810251512" lat="24.6519729" lon="121.7150658"/>
  <node id="14174992966" lat="24.6519268" lon="121.7159056"/>
  <node id="10214203487" lat="24.6518934" lon="121.7165118"/>
  <node id="14174992972" lat="24.6517272" lon="121.7197842"/>
  <node id="987441855" lat="24.6516524" lon="121.7212002"/>
  <node id="4431088304" lat="24.6516569" lon="121.7215226"/>
  <node id="14174992973" lat="24.6516941" lon="121.7217292"/>
  <node id="987441802" lat="24.6517257" lon="121.7219026"/>
  <node id="11840665245" lat="24.6632381" lon="121.6342795"/>
  <node id="10019940393" lat="24.6633635" lon="121.6349656"/>
  <node id="10019940402" lat="24.6633870" lon="121.6350943"/>
  <node id="3109149619" lat="24.6636321" lon="121.6364363"/>
  <node id="12630339086" lat="24.6637692" lon="121.6371963"/>
  <node id="12630339083" lat="24.6639832" lon="121.6383833"/>
  <node id="4431004672" lat="24.6640494" lon="121.6387505"/>
  <node id="3063277926" lat="24.6643492" lon="121.6403974"/>
  <node id="12630339073" lat="24.6644457" lon="121.6409422"/>
  <node id="12630339075" lat="24.6644939" lon="121.6412269"/>
  <node id="12630339076" lat="24.6645072" lon="121.6412893"/>
  <node id="12630339079" lat="24.6646002" lon="121.6418141"/>
  <node id="3109149624" lat="24.6646205" lon="121.6419286"/>
  <node id="4430915572" lat="24.6646656" lon="121.6422599"/>
  <node id="3109149625" lat="24.6649020" lon="121.6437030"/>
  <node id="3109149627" lat="24.6652771" lon="121.6461168"/>
  <node id="3109149629" lat="24.6654414" lon="121.6472740"/>
  <node id="10303746896" lat="24.6655046" lon="121.6477667"/>
  <node id="988498842" lat="24.6753544" lon="121.6704280"/>
  <node id="2268453824" lat="24.6743938" lon="121.6696811"/>
  <node id="2268453821" lat="24.6742679" lon="121.6695789"/>
  <node id="2268453806" lat="24.6737923" lon="121.6691928"/>
  <node id="7158775990" lat="24.6736208" lon="121.6690535"/>
  <node id="988498847" lat="24.6814620" lon="121.6889931"/>
  <node id="2279842315" lat="24.6809594" lon="121.6877828"/>
  <node id="2279842308" lat="24.6805412" lon="121.6868142"/>
  <node id="2279842299" lat="24.6797032" lon="121.6848485"/>
  <node id="988498848" lat="24.6795416" lon="121.6843609"/>
  <node id="2279842298" lat="24.6791996" lon="121.6832951"/>
  <node id="1690085529" lat="24.6788608" lon="121.6822849"/>
  <node id="1690085527" lat="24.6779478" lon="121.6795042"/>
  <node id="9500049830" lat="24.6707599" lon="121.6529370"/>
  <node id="2268453651" lat="24.6702625" lon="121.6528715"/>
  <node id="2268453637" lat="24.6700566" lon="121.6528407"/>
  <node id="2268453628" lat="24.6696070" lon="121.6527789"/>
  <node id="988498840" lat="24.6683270" lon="121.6524703"/>
  <node id="9553805553" lat="24.6680466" lon="121.6524543"/>
  <node id="2268453576" lat="24.6674696" lon="121.6524214"/>
  <node id="5248606073" lat="24.6669556" lon="121.6523888"/>
  <node id="988504616" lat="24.6770898" lon="121.6530341"/>
  <node id="2268453872" lat="24.6761146" lon="121.6530726"/>
  <node id="2268453862" lat="24.6757405" lon="121.6530914"/>
  <node id="2268453836" lat="24.6748970" lon="121.6531331"/>
  <node id="2268453823" lat="24.6743753" lon="121.6531527"/>
  <node id="2268453795" lat="24.6736294" lon="121.6531678"/>
  <node id="987501817" lat="24.6730190" lon="121.6531809"/>
  <node id="3707842268" lat="24.6725516" lon="121.6531287"/>
  <node id="7158775996" lat="24.6723765" lon="121.6531272"/>
  <node id="987453399" lat="24.6768175" lon="121.7092701"/>
  <node id="994318808" lat="24.6763892" lon="121.7093666"/>
  <node id="987453385" lat="24.6790346" lon="121.7119746"/>
  <node id="2283511635" lat="24.6790008" lon="121.7119732"/>
  <node id="2283511633" lat="24.6789615" lon="121.7119598"/>
  <node id="2283511629" lat="24.6788972" lon="121.7119194"/>
  <node id="987453387" lat="24.6782664" lon="121.7112576"/>
  <node id="987453393" lat="24.6776668" lon="121.7106703"/>
  <node id="987453396" lat="24.6773646" lon="121.7103497"/>
  <node id="2283511586" lat="24.6770441" lon="121.7100560"/>
  <node id="2283511585" lat="24.6769503" lon="121.7099541"/>
  <node id="2283511584" lat="24.6768589" lon="121.7098603"/>
  <node id="2283511583" lat="24.6767187" lon="121.7097181"/>
  <node id="11158458265" lat="24.6764517" lon="121.7094333"/>
  <node id="13004062735" lat="24.6764144" lon="121.7093935"/>
  <node id="2255669606" lat="24.6758450" lon="121.7088235"/>
  <node id="2255669594" lat="24.6755769" lon="121.7085298"/>
  <node id="11158458249" lat="24.6755198" lon="121.7084599"/>
  <node id="2255669580" lat="24.6752101" lon="121.7080806"/>
  <node id="994318809" lat="24.6742181" lon="121.7070573"/>
  <node id="4430978437" lat="24.6741096" lon="121.7069581"/>
  <node id="1690065042" lat="24.6740239" lon="121.7068427"/>
  <node id="4430978443" lat="24.6786954" lon="121.7087160"/>
  <node id="1690065128" lat="24.6787654" lon="121.7087035"/>
  <node id="1690065132" lat="24.6797562" lon="121.7084970"/>
  <node id="4430978452" lat="24.6802436" lon="121.7083816"/>
  <node id="2283511692" lat="24.6807251" lon="121.7082681"/>
  <node id="1690065134" lat="24.6818905" lon="121.7080068"/>
  <node id="4430978454" lat="24.6819307" lon="121.7079984"/>
  <node id="994345677" lat="24.6406118" lon="121.7076662"/>
  <node id="994345679" lat="24.6408312" lon="121.7079505"/>
  <node id="994345680" lat="24.6411189" lon="121.7081785"/>
  <node id="4430922825" lat="24.6411361" lon="121.7082005"/>
  <node id="4430922827" lat="24.6413115" lon="121.7084252"/>
  <node id="4430922829" lat="24.6414456" lon="121.7087846"/>
  <node id="994345681" lat="24.6421794" lon="121.7111396"/>
  <node id="994345682" lat="24.6422599" lon="121.7113703"/>
  <node id="994345683" lat="24.6424744" lon="121.7114937"/>
  <node id="4430922852" lat="24.6445831" lon="121.7120526"/>
  <node id="4951830604" lat="24.6452292" lon="121.7122372"/>
  <node id="4430922877" lat="24.6454980" lon="121.7123139"/>
  <node id="4430922900" lat="24.6483040" lon="121.7131902"/>
  <node id="4430922902" lat="24.6484448" lon="121.7132373"/>
  <node id="994345684" lat="24.6494492" lon="121.7135804"/>
  <node id="7918338508" lat="24.6501286" lon="121.7137509"/>
  <node id="4430922914" lat="24.6511702" lon="121.7140123"/>
  <node id="3707842422" lat="24.6780893" lon="121.7135905"/>
  <node id="4431045344" lat="24.6781506" lon="121.7145608"/>
  <node id="994345676" lat="24.6782287" lon="121.7153749"/>
  <node id="4431045346" lat="24.6782896" lon="121.7159918"/>
  <node id="4431045347" lat="24.6783663" lon="121.7166462"/>
  <node id="4431045348" lat="24.6784126" lon="121.7173221"/>
  <node id="3707842526" lat="24.6784736" lon="121.7177942"/>
  <node id="994345777" lat="24.6785223" lon="121.7183856"/>
  <node id="3707842528" lat="24.6786307" lon="121.7194854"/>
  <node id="994345778" lat="24.6786308" lon="121.7197696"/>
  <node id="994345780" lat="24.6786320" lon="121.7203718"/>
  <node id="994345781" lat="24.6786247" lon="121.7207245"/>
  <node id="4431045352" lat="24.6786442" lon="121.7212006"/>
  <node id="994345782" lat="24.6786782" lon="121.7217673"/>
  <node id="3707842535" lat="24.6787746" lon="121.7228863"/>
  <node id="4431045358" lat="24.6787904" lon="121.7231828"/>
  <node id="11158492763" lat="24.6787956" lon="121.7237628"/>
  <node id="3707842536" lat="24.6787978" lon="121.7239981"/>
  <node id="3707842538" lat="24.6788513" lon="121.7244796"/>
  <node id="4431045361" lat="24.6789025" lon="121.7246298"/>
  <node id="4431045363" lat="24.6790220" lon="121.7247948"/>
  <node id="3707841599" lat="24.6597795" lon="121.6499061"/>
  <node id="3707841602" lat="24.6598790" lon="121.6510562"/>
  <node id="4430915434" lat="24.6601261" lon="121.6516080"/>
  <node id="13909984808" lat="24.6605119" lon="121.6522615"/>
  <node id="7918293874" lat="24.6606284" lon="121.6524589"/>
  <node id="3707841638" lat="24.6606616" lon="121.6525152"/>
  <node id="13866442679" lat="24.6606977" lon="121.6525939"/>
  <node id="3707841654" lat="24.6609264" lon="121.6530928"/>
  <node id="4430915469" lat="24.6609671" lon="121.6535392"/>
  <node id="3707841649" lat="24.6608138" lon="121.6552302"/>
  <node id="13866442665" lat="24.6608112" lon="121.6553916"/>
  <node id="4430915464" lat="24.6608574" lon="121.6555241"/>
  <node id="3707841658" lat="24.6610234" lon="121.6556991"/>
  <node id="4430915630" lat="24.6625205" lon="121.6573093"/>
  <node id="3707841754" lat="24.6627710" lon="121.6575840"/>
  <node id="13866442689" lat="24.6628931" lon="121.6576931"/>
  <node id="4430915528" lat="24.6628976" lon="121.6576971"/>
  <node id="3707841774" lat="24.6629994" lon="121.6577522"/>
  <node id="9706768803" lat="24.6631239" lon="121.6577903"/>
  <node id="4430915538" lat="24.6632599" lon="121.6577891"/>
  <node id="3707841781" lat="24.6634485" lon="121.6577374"/>
  <node id="13866442647" lat="24.6635622" lon="121.6576892"/>
  <node id="3707841784" lat="24.6636587" lon="121.6576482"/>
  <node id="13866442640" lat="24.6638394" lon="121.6575631"/>
  <node id="3707841815" lat="24.6641739" lon="121.6574279"/>
  <node id="4430915562" lat="24.6644552" lon="121.6573802"/>
  <node id="3707841834" lat="24.6647518" lon="121.6574109"/>
  <node id="4430915577" lat="24.6650036" lon="121.6574982"/>
  <node id="13866442631" lat="24.6650547" lon="121.6575252"/>
  <node id="13866367281" lat="24.6651028" lon="121.6575505"/>
  <node id="4430915583" lat="24.6651321" lon="121.6575660"/>
  <node id="3707841862" lat="24.6652174" lon="121.6576111"/>
  <node id="6422856599" lat="24.6655501" lon="121.6583437"/>
  <node id="3707841893" lat="24.6658385" lon="121.6589787"/>
  <node id="3707841906" lat="24.6660064" lon="121.6616518"/>
  <node id="9500664222" lat="24.6660346" lon="121.6617286"/>
  <node id="13866367262" lat="24.6660741" lon="121.6617803"/>
  <node id="9500664221" lat="24.6660797" lon="121.6617876"/>
  <node id="13866367258" lat="24.6661828" lon="121.6618780"/>
  <node id="1690064602" lat="24.6662083" lon="121.6619003"/>
  <node id="9500664220" lat="24.6662259" lon="121.6619486"/>
  <node id="9500664219" lat="24.6662247" lon="121.6619928"/>
  <node id="1690064594" lat="24.6661676" lon="121.6621500"/>
  <node id="1690064596" lat="24.6661481" lon="121.6622956"/>
  <node id="9500664218" lat="24.6661576" lon="121.6624287"/>
  <node id="1690064599" lat="24.6661923" lon="121.6625875"/>
  <node id="9500664217" lat="24.6662442" lon="121.6627023"/>
  <node id="1690064615" lat="24.6663037" lon="121.6627907"/>
  <node id="1690064616" lat="24.6664152" lon="121.6629067"/>
  <node id="1690064637" lat="24.6676749" lon="121.6640300"/>
  <node id="1690064645" lat="24.6678481" lon="121.6641962"/>
  <node id="1690064667" lat="24.6682355" lon="121.6647354"/>
  <node id="1690064853" lat="24.6706563" lon="121.6643328"/>
  <node id="1690064720" lat="24.6695396" lon="121.6647474"/>
  <node id="7918293863" lat="24.6691107" lon="121.6649213"/>
  <node id="1690064669" lat="24.6685352" lon="121.6651404"/>
  <node id="1690065040" lat="24.6739256" lon="121.7066174"/>
  <node id="1690065036" lat="24.6738659" lon="121.7063962"/>
  <node id="2279816288" lat="24.6753812" lon="121.6697146"/>
  <node id="2268453853" lat="24.6754436" lon="121.6683683"/>
  <node id="1690065044" lat="24.6755474" lon="121.6664128"/>
  <node id="2268453858" lat="24.6756325" lon="121.6635936"/>
  <node id="1690065047" lat="24.6756549" lon="121.6632819"/>
  <node id="1690065050" lat="24.6756809" lon="121.6630879"/>
  <node id="1690065052" lat="24.6757624" lon="121.6627097"/>
  <node id="7158775994" lat="24.6760012" lon="121.6617552"/>
  <node id="3109149658" lat="24.6676328" lon="121.6944167"/>
  <node id="1690064628" lat="24.6675038" lon="121.6946983"/>
  <node id="1690064623" lat="24.6673536" lon="121.6950846"/>
  <node id="412685437" lat="24.6672893" lon="121.6953850"/>
  <node id="3109149639" lat="24.6672463" lon="121.6955781"/>
  <node id="3109149638" lat="24.6672249" lon="121.6959000"/>
  <node id="3109149640" lat="24.6672244" lon="121.6962218"/>
  <node id="3109149641" lat="24.6672463" lon="121.6980886"/>
  <node id="3109149642" lat="24.6672463" lon="121.6990757"/>
  <node id="3109149643" lat="24.6672463" lon="121.6992044"/>
  <node id="3109149644" lat="24.6672463" lon="121.6995263"/>
  <node id="412685436" lat="24.6672374" lon="121.6999920"/>
  <node id="3109149645" lat="24.6672423" lon="121.7006197"/>
  <node id="412685435" lat="24.6672626" lon="121.7009683"/>
  <node id="3109149647" lat="24.6672716" lon="121.7010515"/>
  <node id="1690064625" lat="24.6673374" lon="121.7013090"/>
  <node id="3109149657" lat="24.6676282" lon="121.7018856"/>
  <node id="987441807" lat="24.6677664" lon="121.7021244"/>
  <node id="3109149663" lat="24.6679297" lon="121.7024355"/>
  <node id="3109149666" lat="24.6680394" lon="121.7026743"/>
  <node id="412685434" lat="24.6682441" lon="121.7031785"/>
  <node id="7701090395" lat="24.6689368" lon="121.7053983"/>
  <node id="3109149674" lat="24.6689630" lon="121.7055372"/>
  <node id="4431044663" lat="24.6690120" lon="121.7057663"/>
  <node id="3109149676" lat="24.6692164" lon="121.7065537"/>
  <node id="10308446890" lat="24.6693410" lon="121.7070701"/>
  <node id="412685432" lat="24.6697445" lon="121.7086743"/>
  <node id="987441786" lat="24.6699863" lon="121.7097033"/>
  <node id="1690085571" lat="24.6863062" lon="121.6528115"/>
  <node id="3063279075" lat="24.6861951" lon="121.6528022"/>
  <node id="987501810" lat="24.6856135" lon="121.6528198"/>
  <node id="2279816472" lat="24.6850433" lon="121.6528547"/>
  <node id="2279816455" lat="24.6840704" lon="121.6529342"/>
  <node id="987501812" lat="24.6839712" lon="121.6529204"/>
  <node id="2268453882" lat="24.6833080" lon="121.6528493"/>
  <node id="2279816442" lat="24.6827681" lon="121.6528068"/>
  <node id="1690085536" lat="24.6826209" lon="121.6527998"/>
  <node id="2268453881" lat="24.6822783" lon="121.6527937"/>
  <node id="987501815" lat="24.6818409" lon="121.6528044"/>
  <node id="988504615" lat="24.6799313" lon="121.6529050"/>
  <node id="2268453880" lat="24.6789478" lon="121.6529443"/>
  <node id="2279816345" lat="24.6788499" lon="121.6529484"/>
  <node id="3707842419" lat="24.6780169" lon="121.6529895"/>
  <node id="2083234266" lat="24.6644741" lon="121.7149819"/>
  <node id="3198290651" lat="24.6645468" lon="121.7142976"/>
  <node id="3198290650" lat="24.6645731" lon="121.7134089"/>
  <node id="3198290639" lat="24.6646209" lon="121.7126668"/>
  <node id="2083234261" lat="24.6647091" lon="121.7102399"/>
  <node id="2083234259" lat="24.6648769" lon="121.7101867"/>
  <node id="3744160665" lat="24.6648995" lon="121.7101196"/>
  <node id="2083234438" lat="24.6649898" lon="121.7093922"/>
  <node id="2083234452" lat="24.6683727" lon="121.7096121"/>
  <node id="11158475916" lat="24.6682678" lon="121.7113763"/>
  <node id="11158475914" lat="24.6682319" lon="121.7120898"/>
  <node id="3198290654" lat="24.6681932" lon="121.7125993"/>
  <node id="3707842126" lat="24.6681591" lon="121.7134901"/>
  <node id="11158475911" lat="24.6681256" lon="121.7140339"/>
  <node id="10308446887" lat="24.6680804" lon="121.7147654"/>
  <node id="2083234337" lat="24.6680656" lon="121.7152126"/>
  <node id="4430959537" lat="24.6679638" lon="121.7171646"/>
  <node id="7918338506" lat="24.6679456" lon="121.7174890"/>
  <node id="3707842015" lat="24.6678806" lon="121.7186719"/>
  <node id="3707842012" lat="24.6678273" lon="121.7197368"/>
  <node id="2083234461" lat="24.6677024" lon="121.7221192"/>
  <node id="11158434597" lat="24.6676972" lon="121.7222167"/>
  <node id="2083234331" lat="24.6676256" lon="121.7235489"/>
  <node id="3707842000" lat="24.6675842" lon="121.7244233"/>
  <node id="4431088435" lat="24.6674595" lon="121.7266793"/>
  <node id="4430959532" lat="24.6673980" lon="121.7278032"/>
  <node id="2083234330" lat="24.6673566" lon="121.7285046"/>
  <node id="11158470064" lat="24.6673288" lon="121.7290019"/>
  <node id="2083234307" lat="24.6672837" lon="121.7298116"/>
  <node id="2083234539" lat="24.6572498" lon="121.6987716"/>
  <node id="2083234537" lat="24.6559783" lon="121.7002344"/>
  <node id="2083234536" lat="24.6553600" lon="121.7009714"/>
  <node id="2083234534" lat="24.6551869" lon="121.7011377"/>
  <node id="9164081547" lat="24.6551151" lon="121.7011713"/>
  <node id="2083234532" lat="24.6549504" lon="121.7012563"/>
  <node id="9164081530" lat="24.6548310" lon="121.7012966"/>
  <node id="2083234504" lat="24.6541734" lon="121.7016152"/>
  <node id="2083234501" lat="24.6539136" lon="121.7018538"/>
  <node id="2083234499" lat="24.6537487" lon="121.7020745"/>
  <node id="2083234378" lat="24.6536688" lon="121.7022830"/>
  <node id="2083234374" lat="24.6536608" lon="121.7025251"/>
  <node id="4431088330" lat="24.6537066" lon="121.7028483"/>
  <node id="2083234373" lat="24.6537633" lon="121.7031769"/>
  <node id="2083234371" lat="24.6538340" lon="121.7035168"/>
  <node id="13004541871" lat="24.6538381" lon="121.7036878"/>
  <node id="2083234368" lat="24.6537919" lon="121.7039144"/>
  <node id="4431088332" lat="24.6537511" lon="121.7040962"/>
  <node id="2083234458" lat="24.6536146" lon="121.7043000"/>
  <node id="2083234320" lat="24.6534854" lon="121.7044369"/>
  <node id="2083234319" lat="24.6534379" lon="121.7045944"/>
  <node id="2083234278" lat="24.6533763" lon="121.7048619"/>
  <node id="2083234271" lat="24.6532903" lon="121.7050712"/>
  <node id="2083234269" lat="24.6532001" lon="121.7052026"/>
  <node id="13004541870" lat="24.6530568" lon="121.7053320"/>
  <node id="9164081529" lat="24.6528996" lon="121.7054242"/>
  <node id="13004541880" lat="24.6524071" lon="121.7053226"/>
  <node id="13004541879" lat="24.6522889" lon="121.7053829"/>
  <node id="13004541878" lat="24.6519769" lon="121.7057249"/>
  <node id="4431088308" lat="24.6518874" lon="121.7059670"/>
  <node id="2083234542" lat="24.6518679" lon="121.7063238"/>
  <node id="2083234541" lat="24.6519082" lon="121.7067582"/>
  <node id="4431088312" lat="24.6519057" lon="121.7068803"/>
  <node id="4431088307" lat="24.6517180" lon="121.7072049"/>
  <node id="2083234540" lat="24.6516199" lon="121.7073872"/>
  <node id="4431088300" lat="24.6514828" lon="121.7077922"/>
  <node id="4431088298" lat="24.6512786" lon="121.7083877"/>
  <node id="2083234533" lat="24.6512335" lon="121.7085299"/>
  <node id="2083234531" lat="24.6512243" lon="121.7086707"/>
  <node id="4431088295" lat="24.6512182" lon="121.7088966"/>
  <node id="4431088294" lat="24.6511689" lon="121.7090798"/>
  <node id="4431088290" lat="24.6508441" lon="121.7100379"/>
  <node id="2083234514" lat="24.6507606" lon="121.7103337"/>
  <node id="4431087788" lat="24.6507856" lon="121.7106535"/>
  <node id="9454435613" lat="24.6507913" lon="121.7109256"/>
  <node id="2083234512" lat="24.6508282" lon="121.7109915"/>
  <node id="9454432491" lat="24.6509199" lon="121.7111547"/>
  <node id="4431088292" lat="24.6509629" lon="121.7112201"/>
  <node id="2083234510" lat="24.6513017" lon="121.7120295"/>
  <node id="2083234511" lat="24.6514510" lon="121.7124332"/>
  <node id="2083234508" lat="24.6518375" lon="121.7136965"/>
  <node id="13004541869" lat="24.6518550" lon="121.7138600"/>
  <node id="9164081552" lat="24.6698862" lon="121.7096991"/>
  <node id="4430959571" lat="24.6697004" lon="121.7096973"/>
  <node id="3707842192" lat="24.6694561" lon="121.7096765"/>
  <node id="3707842154" lat="24.6686980" lon="121.7096310"/>
  <node id="3707841993" lat="24.6675464" lon="121.7095585"/>
  <node id="11158458247" lat="24.6669126" lon="121.7095199"/>
  <node id="10308446896" lat="24.6666226" lon="121.7095043"/>
  <node id="7701090421" lat="24.6664461" lon="121.7094974"/>
  <node id="7701090417" lat="24.6657661" lon="121.7094507"/>
  <node id="7701090415" lat="24.6655175" lon="121.7094320"/>
  <node id="3744160661" lat="24.6649744" lon="121.7093911"/>
  <node id="3744160662" lat="24.6645350" lon="121.7093597"/>
  <node id="7918338477" lat="24.6636363" lon="121.7093203"/>
  <node id="2083234436" lat="24.6630738" lon="121.7092956"/>
  <node id="2083234444" lat="24.6629653" lon="121.7093023"/>
  <node id="2083234435" lat="24.6625686" lon="121.7094197"/>
  <node id="2083234433" lat="24.6624784" lon="121.7094358"/>
  <node id="2083234430" lat="24.6621567" lon="121.7092990"/>
  <node id="4431088411" lat="24.6619751" lon="121.7092467"/>
  <node id="4431088409" lat="24.6616618" lon="121.7092185"/>
  <node id="2083234431" lat="24.6611597" lon="121.7091984"/>
  <node id="7918338502" lat="24.6604677" lon="121.7092113"/>
  <node id="2083234432" lat="24.6602261" lon="121.7092158"/>
  <node id="2083234429" lat="24.6597703" lon="121.7092011"/>
  <node id="2083234424" lat="24.6595875" lon="121.7091769"/>
  <node id="2083234425" lat="24.6594570" lon="121.7091099"/>
  <node id="2083234434" lat="24.6594229" lon="121.7090012"/>
  <node id="2083234422" lat="24.6594185" lon="121.7088018"/>
  <node id="2083234428" lat="24.6595062" lon="121.7082278"/>
  <node id="2214478387" lat="24.6736865" lon="121.6878238"/>
  <node id="2214478383" lat="24.6736521" lon="121.6858452"/>
  <node id="2214478381" lat="24.6736374" lon="121.6844376"/>
  <node id="1690085510" lat="24.6735789" lon="121.6799959"/>
  <node id="2268453791" lat="24.6735868" lon="121.6793303"/>
  <node id="2261122595" lat="24.6735627" lon="121.6779604"/>
  <node id="2261122591" lat="24.6735386" lon="121.6755836"/>
  <node id="2261122589" lat="24.6735130" lon="121.6721920"/>
  <node id="2214478328" lat="24.6731845" lon="121.6890805"/>
  <node id="10159393000" lat="24.6730588" lon="121.6886613"/>
  <node id="2214478324" lat="24.6729895" lon="121.6884300"/>
  <node id="10158323308" lat="24.6732329" lon="121.6881557"/>
  <node id="2214478335" lat="24.6732543" lon="121.6881316"/>
  <node id="2214478419" lat="24.6740300" lon="121.6876456"/>
  <node id="2214478444" lat="24.6743243" lon="121.6876645"/>
  <node id="2214478445" lat="24.6743442" lon="121.6880350"/>
  <node id="2214478450" lat="24.6744544" lon="121.6886412"/>
  <node id="2214478451" lat="24.6744673" lon="121.6890661"/>
  <node id="2261122566" lat="24.6714974" lon="121.6764922"/>
  <node id="2255669363" lat="24.6715221" lon="121.6800158"/>
  <node id="2255669365" lat="24.6715510" lon="121.6844751"/>
  <node id="4430938349" lat="24.6716355" lon="121.6877523"/>
  <node id="2255669368" lat="24.6716364" lon="121.6890978"/>
  <node id="1690085508" lat="24.6736759" lon="121.6890750"/>
  <node id="2255669473" lat="24.6737186" lon="121.6917167"/>
  <node id="2255669476" lat="24.6737309" lon="121.6932245"/>
  <node id="8012004978" lat="24.6737358" lon="121.6938351"/>
  <node id="2255669481" lat="24.6737563" lon="121.6963979"/>
  <node id="2255669470" lat="24.6737051" lon="121.6966742"/>
  <node id="2255669474" lat="24.6737195" lon="121.6969188"/>
  <node id="2255669482" lat="24.6737579" lon="121.6971317"/>
  <node id="2255669484" lat="24.6737611" lon="121.6973531"/>
  <node id="2255669489" lat="24.6737931" lon="121.6987365"/>
  <node id="2255669500" lat="24.6738895" lon="121.7016697"/>
  <node id="2255669496" lat="24.6738346" lon="121.7028646"/>
  <node id="2255669499" lat="24.6738618" lon="121.7045890"/>
  <node id="2255669492" lat="24.6738079" lon="121.7048913"/>
  <node id="2255669471" lat="24.6737125" lon="121.7054266"/>
  <node id="2255669477" lat="24.6737316" lon="121.7057082"/>
  <node id="1690065019" lat="24.6737743" lon="121.7059725"/>
  <node id="2255669602" lat="24.6756981" lon="121.6916778"/>
  <node id="8012024186" lat="24.6756946" lon="121.6917294"/>
  <node id="2255669600" lat="24.6756795" lon="121.6919520"/>
  <node id="8012004984" lat="24.6756871" lon="121.6927796"/>
  <node id="2255669599" lat="24.6756909" lon="121.6931993"/>
  <node id="8012004981" lat="24.6757004" lon="121.6941638"/>
  <node id="2255669601" lat="24.6757140" lon="121.6955416"/>
  <node id="2255669592" lat="24.6756652" lon="121.6956810"/>
  <node id="4430938357" lat="24.6756165" lon="121.6958500"/>
  <node id="2255669590" lat="24.6755970" lon="121.6962309"/>
  <node id="4430938358" lat="24.6756238" lon="121.6963918"/>
  <node id="2255669603" lat="24.6757140" lon="121.6965957"/>
  <node id="2255669604" lat="24.6757334" lon="121.6973386"/>
  <node id="4430938362" lat="24.6757578" lon="121.7006190"/>
  <node id="4430938361" lat="24.6757530" lon="121.7009891"/>
  <node id="2255669608" lat="24.6757771" lon="121.7016640"/>
  <node id="2255669589" lat="24.6755361" lon="121.7023785"/>
  <node id="4430938356" lat="24.6755141" lon="121.7025502"/>
  <node id="2255669587" lat="24.6754824" lon="121.7032905"/>
  <node id="2255669585" lat="24.6754239" lon="121.7038671"/>
  <node id="2255669584" lat="24.6754069" lon="121.7043365"/>
  <node id="2255669586" lat="24.6754459" lon="121.7051036"/>
  <node id="2255669588" lat="24.6754873" lon="121.7056991"/>
  <node id="2255669596" lat="24.6756530" lon="121.7062382"/>
  <node id="12997268972" lat="24.6756605" lon="121.7066447"/>
  <node id="2255669597" lat="24.6756780" lon="121.7075911"/>
  <node id="2255669359" lat="24.6711135" lon="121.7017253"/>
  <node id="1690064961" lat="24.6711446" lon="121.7034507"/>
  <node id="2255669629" lat="24.6771632" lon="121.7091752"/>
  <node id="4458314413" lat="24.6756037" lon="121.7076461"/>
  <node id="1690064716" lat="24.6695374" lon="121.6956492"/>
  <node id="2255669349" lat="24.6695500" lon="121.6973842"/>
  <node id="1690064721" lat="24.6695920" lon="121.7012379"/>
  <node id="4430938372" lat="24.6769942" lon="121.7056178"/>
  <node id="2255669616" lat="24.6769485" lon="121.7056200"/>
  <node id="2255669577" lat="24.6750429" lon="121.7057265"/>
  <node id="2261122579" lat="24.6730878" lon="121.6709031"/>
  <node id="2261122581" lat="24.6730869" lon="121.6710548"/>
  <node id="9500652104" lat="24.6731091" lon="121.6711915"/>
  <node id="2261122585" lat="24.6731427" lon="121.6713162"/>
  <node id="2261122619" lat="24.6748888" lon="121.6755714"/>
  <node id="2261122626" lat="24.6751996" lon="121.6763097"/>
  <node id="2261122630" lat="24.6756207" lon="121.6773359"/>
  <node id="2261122632" lat="24.6759910" lon="121.6782726"/>
  <node id="2261122634" lat="24.6761359" lon="121.6790055"/>
  <node id="2261122636" lat="24.6761673" lon="121.6795143"/>
  <node id="1690085515" lat="24.6761352" lon="121.6799517"/>
  <node id="2261122628" lat="24.6753177" lon="121.6774001"/>
  <node id="1690085511" lat="24.6753424" lon="121.6799563"/>
  <node id="2255669582" lat="24.6753752" lon="121.6844215"/>
  <node id="2255669583" lat="24.6754054" lon="121.6860131"/>
  <node id="2255669595" lat="24.6756668" lon="121.6860127"/>
  <node id="2255669605" lat="24.6757724" lon="121.6844242"/>
  <node id="1690064770" lat="24.6703713" lon="121.6844966"/>
  <node id="2255669611" lat="24.6761612" lon="121.6931933"/>
  <node id="2255669370" lat="24.6716588" lon="121.6932535"/>
  <node id="2255669355" lat="24.6709971" lon="121.6932597"/>
  <node id="2255669560" lat="24.6743940" lon="121.7065129"/>
  <node id="2255669565" lat="24.6747784" lon="121.7061943"/>
  <node id="2255669573" lat="24.6749638" lon="121.7060624"/>
  <node id="2255669631" lat="24.6772250" lon="121.6973276"/>
  <node id="2255669377" lat="24.6716942" lon="121.6973684"/>
  <node id="1690064670" lat="24.6686316" lon="121.6973889"/>
  <node id="2255669539" lat="24.6741837" lon="121.7049152"/>
  <node id="2255669528" lat="24.6741271" lon="121.7052014"/>
  <node id="2255669532" lat="24.6741452" lon="121.7052487"/>
  <node id="2255669558" lat="24.6743691" lon="121.7052761"/>
  <node id="2255669563" lat="24.6747151" lon="121.7052512"/>
  <node id="2255669568" lat="24.6748281" lon="121.7053980"/>
  <node id="2255669572" lat="24.6749299" lon="121.7057240"/>
  <node id="2261122560" lat="24.6714230" lon="121.6701984"/>
  <node id="2261122562" lat="24.6714790" lon="121.6756111"/>
  <node id="2261122564" lat="24.6714803" lon="121.6757613"/>
  <node id="2261122568" lat="24.6715534" lon="121.6759451"/>
  <node id="2261122570" lat="24.6716985" lon="121.6761368"/>
  <node id="2261122577" lat="24.6717886" lon="121.6763662"/>
  <node id="2261122554" lat="24.6712642" lon="121.6766007"/>
  <node id="9500652110" lat="24.6711422" lon="121.6767302"/>
  <node id="9500652109" lat="24.6710751" lon="121.6767731"/>
  <node id="9500652108" lat="24.6709984" lon="121.6767865"/>
  <node id="9500652107" lat="24.6709265" lon="121.6767812"/>
  <node id="9500652106" lat="24.6707790" lon="121.6767114"/>
  <node id="9500652105" lat="24.6706483" lon="121.6766678"/>
  <node id="2261122617" lat="24.6748583" lon="121.6786509"/>
  <node id="2261122615" lat="24.6748392" lon="121.6783894"/>
  <node id="2261122613" lat="24.6747794" lon="121.6775684"/>
  <node id="2261122607" lat="24.6744635" lon="121.6775747"/>
  <node id="2261122603" lat="24.6744219" lon="121.6776341"/>
  <node id="2261122599" lat="24.6743873" lon="121.6778999"/>
  <node id="2261122601" lat="24.6744205" lon="121.6779451"/>
  <node id="2261122605" lat="24.6744372" lon="121.6780914"/>
  <node id="2261122609" lat="24.6745341" lon="121.6781097"/>
  <node id="2261122611" lat="24.6746538" lon="121.6784423"/>
  <node id="2261122623" lat="24.6749918" lon="121.6774195"/>
  <node id="2261122583" lat="24.6731133" lon="121.6707177"/>
  <node id="1690064876" lat="24.6708234" lon="121.6697685"/>
  <node id="988498844" lat="24.6719157" lon="121.6676613"/>
  <node id="2261122558" lat="24.6713521" lon="121.6687485"/>
  <node id="2261122544" lat="24.6707492" lon="121.6699073"/>
  <node id="988498845" lat="24.6710328" lon="121.6662597"/>
  <node id="2261122534" lat="24.6699562" lon="121.6667696"/>
  <node id="2261122527" lat="24.6688248" lon="121.6673054"/>
  <node id="2279816465" lat="24.6845149" lon="121.6735567"/>
  <node id="2279816454" lat="24.6840370" lon="121.6737181"/>
  <node id="2279816446" lat="24.6831112" lon="121.6739333"/>
  <node id="2279816443" lat="24.6828978" lon="121.6739906"/>
  <node id="2279816434" lat="24.6826197" lon="121.6740625"/>
  <node id="2279816402" lat="24.6807643" lon="121.6745299"/>
  <node id="2279816370" lat="24.6799503" lon="121.6747450"/>
  <node id="2279816324" lat="24.6780683" lon="121.6752238"/>
  <node id="2268453879" lat="24.6767939" lon="121.6755478"/>
  <node id="2268453861" lat="24.6757566" lon="121.6755642"/>
  <node id="2268453845" lat="24.6752819" lon="121.6755628"/>
  <node id="7158775997" lat="24.6751283" lon="121.6755671"/>
  <node id="2261122598" lat="24.6740953" lon="121.6779466"/>
  <node id="2261122597" lat="24.6739984" lon="121.6779450"/>
  <node id="2261122596" lat="24.6738446" lon="121.6779313"/>
  <node id="9500652114" lat="24.6700502" lon="121.6670233"/>
  <node id="2261122536" lat="24.6702525" lon="121.6674665"/>
  <node id="2261122538" lat="24.6705329" lon="121.6679252"/>
  <node id="4431053218" lat="24.6708527" lon="121.6683048"/>
  <node id="2261122625" lat="24.6750088" lon="121.6774434"/>
  <node id="2261122621" lat="24.6749736" lon="121.6773938"/>
  <node id="5615016298" lat="24.6707723" lon="121.6700077"/>
  <node id="1690064922" lat="24.6709984" lon="121.6709125"/>
  <node id="1690064963" lat="24.6711142" lon="121.6715854"/>
  <node id="1690064965" lat="24.6711188" lon="121.6720833"/>
  <node id="1690064949" lat="24.6710593" lon="121.6727250"/>
  <node id="1690064915" lat="24.6709550" lon="121.6736046"/>
  <node id="1690064906" lat="24.6709228" lon="121.6739448"/>
  <node id="1690064919" lat="24.6709382" lon="121.6740378"/>
  <node id="2261122552" lat="24.6710503" lon="121.6741505"/>
  <node id="1690064960" lat="24.6710982" lon="121.6742193"/>
  <node id="1690064967" lat="24.6710980" lon="121.6743074"/>
  <node id="1690064920" lat="24.6709810" lon="121.6746354"/>
  <node id="1690064902" lat="24.6708595" lon="121.6749893"/>
  <node id="1690064896" lat="24.6708090" lon="121.6752664"/>
  <node id="2261122542" lat="24.6707763" lon="121.6756048"/>
  <node id="1690064819" lat="24.6705674" lon="121.6773393"/>
  <node id="1690064796" lat="24.6705434" lon="121.6775447"/>
  <node id="1690064827" lat="24.6705649" lon="121.6777025"/>
  <node id="2261122540" lat="24.6705959" lon="121.6778135"/>
  <node id="1690064838" lat="24.6705966" lon="121.6778781"/>
  <node id="1690064830" lat="24.6705469" lon="121.6779549"/>
  <node id="1690064790" lat="24.6704652" lon="121.6781107"/>
  <node id="1690064784" lat="24.6704176" lon="121.6782929"/>
  <node id="1690064766" lat="24.6703764" lon="121.6785655"/>
  <node id="5615016275" lat="24.6701533" lon="121.6799676"/>
  <node id="1690064757" lat="24.6701420" lon="121.6800384"/>
  <node id="13858010369" lat="24.6701339" lon="121.6800837"/>
  <node id="1690064747" lat="24.6700565" lon="121.6805142"/>
  <node id="1690064745" lat="24.6700363" lon="121.6806920"/>
  <node id="1690064733" lat="24.6700179" lon="121.6809270"/>
  <node id="1690064737" lat="24.6700104" lon="121.6812383"/>
  <node id="1690064749" lat="24.6700151" lon="121.6814872"/>
  <node id="1690064751" lat="24.6700620" lon="121.6818946"/>
  <node id="1690064755" lat="24.6701373" lon="121.6825392"/>
  <node id="1690064762" lat="24.6702251" lon="121.6832542"/>
  <node id="1690064792" lat="24.6704517" lon="121.6851982"/>
  <node id="1690064795" lat="24.6704840" lon="121.6855134"/>
  <node id="1690064797" lat="24.6704991" lon="121.6856736"/>
  <node id="1690064850" lat="24.6705485" lon="121.6858019"/>
  <node id="1690064862" lat="24.6706602" lon="121.6859165"/>
  <node id="1690064873" lat="24.6707002" lon="121.6859784"/>
  <node id="1690064852" lat="24.6706991" lon="121.6860708"/>
  <node id="1690064832" lat="24.6706134" lon="121.6862766"/>
  <node id="1690064820" lat="24.6705858" lon="121.6863619"/>
  <node id="1690064801" lat="24.6705705" lon="121.6864906"/>
  <node id="1690064799" lat="24.6705560" lon="121.6867175"/>
  <node id="1690064817" lat="24.6705705" lon="121.6878052"/>
  <node id="13858010342" lat="24.6705604" lon="121.6889424"/>
  <node id="1690064822" lat="24.6705589" lon="121.6891098"/>
  <node id="2268453827" lat="24.6748135" lon="121.6635614"/>
  <node id="2268453826" lat="24.6748029" lon="121.6635609"/>
  <node id="2268453816" lat="24.6738909" lon="121.6635180"/>
  <node id="2268453773" lat="24.6732018" lon="121.6634962"/>
  <node id="2268453728" lat="24.6722530" lon="121.6636943"/>
  <node id="7158775991" lat="24.6722232" lon="121.6637044"/>
  <node id="2268453691" lat="24.6718937" lon="121.6530817"/>
  <node id="4430999387" lat="24.6718718" lon="121.6532480"/>
  <node id="2268453686" lat="24.6717682" lon="121.6536477"/>
  <node id="4430999386" lat="24.6717402" lon="121.6537455"/>
  <node id="2268453688" lat="24.6717536" lon="121.6540473"/>
  <node id="2268453687" lat="24.6717451" lon="121.6542659"/>
  <node id="2268453677" lat="24.6715525" lon="121.6554528"/>
  <node id="2268453670" lat="24.6715025" lon="121.6557291"/>
  <node id="2268453674" lat="24.6715489" lon="121.6560737"/>
  <node id="2268453676" lat="24.6715355" lon="121.6562252"/>
  <node id="2268453675" lat="24.6715573" lon="121.6569586"/>
  <node id="2268453682" lat="24.6716105" lon="121.6572536"/>
  <node id="2268453774" lat="24.6732542" lon="121.6613722"/>
  <node id="2268453818" lat="24.6739244" lon="121.6615645"/>
  <node id="2268453819" lat="24.6739382" lon="121.6616060"/>
  <node id="2268453815" lat="24.6738840" lon="121.6622808"/>
  <node id="4431053222" lat="24.6738251" lon="121.6626678"/>
  <node id="2268453814" lat="24.6738689" lon="121.6640839"/>
  <node id="2268453812" lat="24.6738551" lon="121.6646612"/>
  <node id="2268453808" lat="24.6738061" lon="121.6661892"/>
  <node id="2268453729" lat="24.6722685" lon="121.6618852"/>
  <node id="2268453726" lat="24.6722470" lon="121.6618412"/>
  <node id="9500049821" lat="24.6722512" lon="121.6617863"/>
  <node id="2268453740" lat="24.6724258" lon="121.6613711"/>
  <node id="2268453751" lat="24.6725901" lon="121.6610042"/>
  <node id="9500664224" lat="24.6726046" lon="121.6609253"/>
  <node id="2268453753" lat="24.6726083" lon="121.6608579"/>
  <node id="2268453752" lat="24.6726000" lon="121.6607804"/>
  <node id="2268453749" lat="24.6725078" lon="121.6605246"/>
  <node id="2268453738" lat="24.6723739" lon="121.6602032"/>
  <node id="2268453734" lat="24.6722800" lon="121.6600189"/>
  <node id="2268453722" lat="24.6721412" lon="121.6597680"/>
  <node id="2268453715" lat="24.6721025" lon="121.6596824"/>
  <node id="9500664225" lat="24.6720830" lon="121.6595869"/>
  <node id="2268453708" lat="24.6720712" lon="121.6594832"/>
  <node id="2268453707" lat="24.6720712" lon="121.6588959"/>
  <node id="9500664226" lat="24.6720550" lon="121.6587661"/>
  <node id="2268453705" lat="24.6720147" lon="121.6586338"/>
  <node id="2268453694" lat="24.6719508" lon="121.6584824"/>
  <node id="2268453685" lat="24.6717390" lon="121.6580846"/>
  <node id="2268453683" lat="24.6716731" lon="121.6578926"/>
  <node id="2268453680" lat="24.6715833" lon="121.6572522"/>
  <node id="3707841795" lat="24.6638592" lon="121.6581986"/>
  <node id="9500652091" lat="24.6641004" lon="121.6581210"/>
  <node id="3707841822" lat="24.6643091" lon="121.6580802"/>
  <node id="9500652090" lat="24.6644660" lon="121.6580915"/>
  <node id="4430915569" lat="24.6645795" lon="121.6581312"/>
  <node id="3707841836" lat="24.6647599" lon="121.6582436"/>
  <node id="4430915574" lat="24.6649329" lon="121.6584450"/>
  <node id="4430915586" lat="24.6652449" lon="121.6590726"/>
  <node id="3707841866" lat="24.6653279" lon="121.6593725"/>
  <node id="3707841874" lat="24.6654050" lon="121.6613460"/>
  <node id="3707841865" lat="24.6652378" lon="121.6617490"/>
  <node id="3707841859" lat="24.6651564" lon="121.6620144"/>
  <node id="3707841873" lat="24.6653773" lon="121.6622319"/>
  <node id="3707841891" lat="24.6656941" lon="121.6630315"/>
  <node id="3707841896" lat="24.6659165" lon="121.6632902"/>
  <node id="3707841957" lat="24.6669360" lon="121.6642308"/>
  <node id="4431053209" lat="24.6674300" lon="121.6646851"/>
  <node id="3707842004" lat="24.6676055" lon="121.6648970"/>
  <node id="2268453589" lat="24.6678980" lon="121.6653436"/>
  <node id="2268453592" lat="24.6681563" lon="121.6657043"/>
  <node id="2268453847" lat="24.6753077" lon="121.6617934"/>
  <node id="2268453834" lat="24.6748780" lon="121.6635645"/>
  <node id="2268453609" lat="24.6685402" lon="121.6682189"/>
  <node id="2268453591" lat="24.6680492" lon="121.6675913"/>
  <node id="3707842016" lat="24.6679614" lon="121.6674089"/>
  <node id="3707842021" lat="24.6679516" lon="121.6664272"/>
  <node id="4431053210" lat="24.6678578" lon="121.6656118"/>
  <node id="3707842011" lat="24.6678614" lon="121.6655367"/>
  <node id="2268453811" lat="24.6738443" lon="121.6792285"/>
  <node id="2268453603" lat="24.6683844" lon="121.6649376"/>
  <node id="1690085606" lat="24.6883604" lon="121.6659420"/>
  <node id="4432448560" lat="24.6877475" lon="121.6659729"/>
  <node id="2279816489" lat="24.6871991" lon="121.6659930"/>
  <node id="2279816481" lat="24.6863117" lon="121.6660248"/>
  <node id="2279816467" lat="24.6845290" lon="121.6660794"/>
  <node id="2279816464" lat="24.6844135" lon="121.6660855"/>
  <node id="2279816436" lat="24.6826393" lon="121.6661676"/>
  <node id="2279816424" lat="24.6822935" lon="121.6661876"/>
  <node id="2279816393" lat="24.6803815" lon="121.6662644"/>
  <node id="2279816331" lat="24.6785064" lon="121.6663008"/>
  <node id="2279816317" lat="24.6775973" lon="121.6663318"/>
  <node id="2279816296" lat="24.6766633" lon="121.6663994"/>
  <node id="2279816291" lat="24.6760713" lon="121.6663931"/>
  <node id="2268453807" lat="24.6737943" lon="121.6663440"/>
  <node id="2268453866" lat="24.6758540" lon="121.6569322"/>
  <node id="2268453874" lat="24.6762337" lon="121.6574632"/>
  <node id="2268453598" lat="24.6683194" lon="121.6659567"/>
  <node id="2268453610" lat="24.6685782" lon="121.6560709"/>
  <node id="9500664253" lat="24.6682953" lon="121.6561228"/>
  <node id="2268453587" lat="24.6678389" lon="121.6562152"/>
  <node id="2268453825" lat="24.6745122" lon="121.6713719"/>
  <node id="2268453625" lat="24.6694409" lon="121.6694058"/>
  <node id="412685444" lat="24.6679449" lon="121.6692744"/>
  <node id="2268453627" lat="24.6695284" lon="121.6585335"/>
  <node id="2268453630" lat="24.6697797" lon="121.6584191"/>
  <node id="2268453632" lat="24.6699157" lon="121.6582796"/>
  <node id="2268453638" lat="24.6699900" lon="121.6582065"/>
  <node id="2268453645" lat="24.6701805" lon="121.6580888"/>
  <node id="2268453646" lat="24.6702099" lon="121.6580219"/>
  <node id="2268453653" lat="24.6703125" lon="121.6578429"/>
  <node id="2268453654" lat="24.6703523" lon="121.6578240"/>
  <node id="2268453656" lat="24.6705950" lon="121.6578337"/>
  <node id="2268453658" lat="24.6707103" lon="121.6577393"/>
  <node id="2268453659" lat="24.6708135" lon="121.6576710"/>
  <node id="2268453660" lat="24.6708601" lon="121.6576654"/>
  <node id="2268453662" lat="24.6709512" lon="121.6576307"/>
  <node id="9500049822" lat="24.6710691" lon="121.6575712"/>
  <node id="2268453663" lat="24.6711941" lon="121.6574935"/>
  <node id="9500049823" lat="24.6713689" lon="121.6573982"/>
  <node id="2268453667" lat="24.6714624" lon="121.6573213"/>
  <node id="2268453599" lat="24.6683320" lon="121.6660232"/>
  <node id="2268453593" lat="24.6682363" lon="121.6670929"/>
  <node id="2268453594" lat="24.6682388" lon="121.6673229"/>
  <node id="2268453596" lat="24.6682866" lon="121.6675861"/>
  <node id="2268453605" lat="24.6684302" lon="121.6679630"/>
  <node id="2268453626" lat="24.6694828" lon="121.6693236"/>
  <node id="2268453631" lat="24.6698152" lon="121.6697282"/>
  <node id="2268453636" lat="24.6699612" lon="121.6699444"/>
  <node id="2268453639" lat="24.6700141" lon="121.6701771"/>
  <node id="2268453650" lat="24.6702962" lon="121.6716265"/>
  <node id="2268453652" lat="24.6703239" lon="121.6718759"/>
  <node id="2268453649" lat="24.6702785" lon="121.6724245"/>
  <node id="2268453647" lat="24.6702206" lon="121.6730508"/>
  <node id="2268453642" lat="24.6700368" lon="121.6732060"/>
  <node id="2268453641" lat="24.6700166" lon="121.6732476"/>
  <node id="2268453640" lat="24.6700141" lon="121.6733418"/>
  <node id="2268453644" lat="24.6700821" lon="121.6740235"/>
  <node id="2268453643" lat="24.6700595" lon="121.6744696"/>
  <node id="2268453635" lat="24.6699310" lon="121.6756502"/>
  <node id="2268453629" lat="24.6696414" lon="121.6778283"/>
  <node id="2268453624" lat="24.6693091" lon="121.6800474"/>
  <node id="2268453623" lat="24.6691602" lon="121.6733501"/>
  <node id="2268453583" lat="24.6677253" lon="121.6733640"/>
  <node id="2268453620" lat="24.6689757" lon="121.6756580"/>
  <node id="412685443" lat="24.6675894" lon="121.6756693"/>
  <node id="9500652102" lat="24.6751930" lon="121.6683456"/>
  <node id="2268453833" lat="24.6748798" lon="121.6683358"/>
  <node id="2268453832" lat="24.6748572" lon="121.6694797"/>
  <node id="2268453852" lat="24.6754225" lon="121.6574341"/>
  <node id="2268453851" lat="24.6754163" lon="121.6582324"/>
  <node id="2268453846" lat="24.6752880" lon="121.6616776"/>
  <node id="3707842381" lat="24.6767027" lon="121.6343404"/>
  <node id="3707842360" lat="24.6758348" lon="121.6354717"/>
  <node id="4430939274" lat="24.6757740" lon="121.6355505"/>
  <node id="3707842358" lat="24.6757434" lon="121.6403966"/>
  <node id="3707842359" lat="24.6757329" lon="121.6441240"/>
  <node id="3707842356" lat="24.6756817" lon="121.6504932"/>
  <node id="2268453648" lat="24.6703021" lon="121.6531682"/>
  <node id="2268453611" lat="24.6685557" lon="121.6535478"/>
  <node id="2268453793" lat="24.6735980" lon="121.6536910"/>
  <node id="2268453739" lat="24.6724190" lon="121.6535139"/>
  <node id="2268453737" lat="24.6723825" lon="121.6535458"/>
  <node id="2268453736" lat="24.6723844" lon="121.6536424"/>
  <node id="2268453759" lat="24.6727650" lon="121.6567427"/>
  <node id="2268453765" lat="24.6728718" lon="121.6572958"/>
  <node id="2268453775" lat="24.6732550" lon="121.6593091"/>
  <node id="2268453782" lat="24.6734557" lon="121.6603178"/>
  <node id="2268453780" lat="24.6734318" lon="121.6608803"/>
  <node id="2268453772" lat="24.6731888" lon="121.6614872"/>
  <node id="2268453727" lat="24.6722661" lon="121.6620265"/>
  <node id="9500049820" lat="24.6722378" lon="121.6620773"/>
  <node id="2268453723" lat="24.6722166" lon="121.6621517"/>
  <node id="2268453717" lat="24.6721447" lon="121.6625131"/>
  <node id="9500049819" lat="24.6721281" lon="121.6626446"/>
  <node id="2268453716" lat="24.6721274" lon="121.6628104"/>
  <node id="2268453718" lat="24.6721500" lon="121.6632150"/>
  <node id="2268453721" lat="24.6721828" lon="121.6634630"/>
  <node id="2268453730" lat="24.6722879" lon="121.6637877"/>
  <node id="2268453742" lat="24.6724554" lon="121.6639928"/>
  <node id="2268453754" lat="24.6726593" lon="121.6642228"/>
  <node id="2268453756" lat="24.6727072" lon="121.6643017"/>
  <node id="2268453757" lat="24.6727261" lon="121.6644348"/>
  <node id="2268453766" lat="24.6728973" lon="121.6661626"/>
  <node id="2268453767" lat="24.6729326" lon="121.6662983"/>
  <node id="2268453769" lat="24.6730043" lon="121.6664106"/>
  <node id="2268453779" lat="24.6734274" lon="121.6667847"/>
  <node id="2268453796" lat="24.6736389" lon="121.6669523"/>
  <node id="9500652115" lat="24.6736563" lon="121.6669616"/>
  <node id="2268453797" lat="24.6736778" lon="121.6669595"/>
  <node id="9500652116" lat="24.6736929" lon="121.6669355"/>
  <node id="2268453798" lat="24.6736977" lon="121.6668986"/>
  <node id="2268453802" lat="24.6737154" lon="121.6663391"/>
  <node id="2268453840" lat="24.6751624" lon="121.6566433"/>
  <node id="2268453854" lat="24.6754508" lon="121.6567126"/>
  <node id="2268453855" lat="24.6754709" lon="121.6567611"/>
  <node id="2268453590" lat="24.6679282" lon="121.6568052"/>
  <node id="9500664255" lat="24.6678395" lon="121.6562690"/>
  <node id="9500664254" lat="24.6678383" lon="121.6561510"/>
  <node id="2268453585" lat="24.6677492" lon="121.6556876"/>
  <node id="9500664266" lat="24.6676177" lon="121.6556910"/>
  <node id="9500664267" lat="24.6673898" lon="121.6557097"/>
  <node id="9500664265" lat="24.6673508" lon="121.6556997"/>
  <node id="2268453575" lat="24.6673158" lon="121.6557030"/>
  <node id="2268453835" lat="24.6748990" lon="121.6635654"/>
  <node id="2268453838" lat="24.6749244" lon="121.6647070"/>
  <node id="2268453837" lat="24.6749184" lon="121.6647590"/>
  <node id="2268453622" lat="24.6691481" lon="121.6565860"/>
  <node id="2268453614" lat="24.6687068" lon="121.6566691"/>
  <node id="2268453573" lat="24.6673091" lon="121.6569287"/>
  <node id="2268453672" lat="24.6715332" lon="121.6577827"/>
  <node id="2268453679" lat="24.6715706" lon="121.6579757"/>
  <node id="2268453681" lat="24.6716214" lon="121.6581442"/>
  <node id="2268453689" lat="24.6718226" lon="121.6584999"/>
  <node id="2268453690" lat="24.6718796" lon="121.6586076"/>
  <node id="2268453693" lat="24.6719392" lon="121.6587713"/>
  <node id="2268453696" lat="24.6719606" lon="121.6588839"/>
  <node id="2268453697" lat="24.6719606" lon="121.6594081"/>
  <node id="2268453698" lat="24.6719659" lon="121.6595678"/>
  <node id="2268453701" lat="24.6719855" lon="121.6596854"/>
  <node id="2268453704" lat="24.6720372" lon="121.6598206"/>
  <node id="2268453724" lat="24.6722286" lon="121.6601762"/>
  <node id="2268453731" lat="24.6722962" lon="121.6603134"/>
  <node id="2268453735" lat="24.6723710" lon="121.6604937"/>
  <node id="2268453743" lat="24.6724707" lon="121.6607455"/>
  <node id="2268453745" lat="24.6724966" lon="121.6608366"/>
  <node id="2268453744" lat="24.6724912" lon="121.6609355"/>
  <node id="2268453741" lat="24.6724503" lon="121.6610531"/>
  <node id="2268453733" lat="24.6723158" lon="121.6613539"/>
  <node id="2268453719" lat="24.6721778" lon="121.6616596"/>
  <node id="2268453713" lat="24.6721039" lon="121.6619241"/>
  <node id="2268453702" lat="24.6720015" lon="121.6623330"/>
  <node id="2268453699" lat="24.6719668" lon="121.6625737"/>
  <node id="2268453695" lat="24.6719544" lon="121.6628813"/>
  <node id="2268453700" lat="24.6719748" lon="121.6632458"/>
  <node id="2268453703" lat="24.6720181" lon="121.6635229"/>
  <node id="2268453706" lat="24.6720693" lon="121.6636899"/>
  <node id="2268453712" lat="24.6721031" lon="121.6637708"/>
  <node id="2268453720" lat="24.6721976" lon="121.6639301"/>
  <node id="2268453746" lat="24.6725487" lon="121.6643285"/>
  <node id="2268453748" lat="24.6725660" lon="121.6643667"/>
  <node id="2268453750" lat="24.6725724" lon="121.6644165"/>
  <node id="2268453758" lat="24.6727327" lon="121.6662083"/>
  <node id="2268453761" lat="24.6727516" lon="121.6663108"/>
  <node id="2268453762" lat="24.6727856" lon="121.6664217"/>
  <node id="2268453764" lat="24.6728322" lon="121.6665104"/>
  <node id="2268453768" lat="24.6729694" lon="121.6666558"/>
  <node id="2268453778" lat="24.6733547" lon="121.6669761"/>
  <node id="2268453783" lat="24.6734453" lon="121.6670675"/>
  <node id="2268453789" lat="24.6735007" lon="121.6671479"/>
  <node id="2268453790" lat="24.6735146" lon="121.6672241"/>
  <node id="2268453786" lat="24.6735017" lon="121.6682756"/>
  <node id="2268453784" lat="24.6734786" lon="121.6689381"/>
  <node id="2268453668" lat="24.6714723" lon="121.6640159"/>
  <node id="2268453710" lat="24.6720801" lon="121.6671768"/>
  <node id="2268453714" lat="24.6720926" lon="121.6672473"/>
  <node id="2268453711" lat="24.6720819" lon="121.6673140"/>
  <node id="9500664234" lat="24.6705438" lon="121.6553450"/>
  <node id="9500664235" lat="24.6704183" lon="121.6553624"/>
  <node id="9500664236" lat="24.6700758" lon="121.6553248"/>
  <node id="9500664237" lat="24.6700514" lon="121.6553262"/>
  <node id="9500664238" lat="24.6700259" lon="121.6553423"/>
  <node id="9500664239" lat="24.6700137" lon="121.6553678"/>
  <node id="9500664240" lat="24.6699978" lon="121.6554147"/>
  <node id="9500664241" lat="24.6699698" lon="121.6554657"/>
  <node id="9500664242" lat="24.6699393" lon="121.6555086"/>
  <node id="9500664243" lat="24.6698577" lon="121.6556588"/>
  <node id="9500664244" lat="24.6698260" lon="121.6557138"/>
  <node id="9500664245" lat="24.6697126" lon="121.6558559"/>
  <node id="9500664246" lat="24.6696737" lon="121.6558935"/>
  <node id="9500664247" lat="24.6696212" lon="121.6559243"/>
  <node id="9500664248" lat="24.6695676" lon="121.6559364"/>
  <node id="9500664249" lat="24.6694311" lon="121.6559578"/>
  <node id="9500664250" lat="24.6692959" lon="121.6559739"/>
  <node id="9500664251" lat="24.6691862" lon="121.6560021"/>
  <node id="2268453621" lat="24.6690423" lon="121.6560555"/>
  <node id="2268453619" lat="24.6687570" lon="121.6562299"/>
  <node id="2268453617" lat="24.6687242" lon="121.6562374"/>
  <node id="2268453615" lat="24.6686740" lon="121.6562267"/>
  <node id="2268453612" lat="24.6686034" lon="121.6561876"/>
  <node id="2268453830" lat="24.6748628" lon="121.6646712"/>
  <node id="2268453829" lat="24.6748548" lon="121.6647221"/>
  <node id="2268453828" lat="24.6748334" lon="121.6647593"/>
  <node id="3707842289" lat="24.6735893" lon="121.6502974"/>
  <node id="2268453788" lat="24.6734973" lon="121.6573215"/>
  <node id="2268453781" lat="24.6734415" lon="121.6592702"/>
  <node id="2268453684" lat="24.6716474" lon="121.6621300"/>
  <node id="2268453666" lat="24.6714672" lon="121.6619997"/>
  <node id="9500664227" lat="24.6713238" lon="121.6618668"/>
  <node id="9500664228" lat="24.6712506" lon="121.6618037"/>
  <node id="9500664229" lat="24.6711800" lon="121.6617528"/>
  <node id="2268453664" lat="24.6710992" lon="121.6616782"/>
  <node id="9500664230" lat="24.6709801" lon="121.6615288"/>
  <node id="9500664231" lat="24.6708204" lon="121.6613920"/>
  <node id="9500664232" lat="24.6705377" lon="121.6611117"/>
  <node id="9500664233" lat="24.6703208" lon="121.6608864"/>
  <node id="4430999384" lat="24.6701730" lon="121.6607435"/>
  <node id="2268453633" lat="24.6699067" lon="121.6605047"/>
  <node id="2268453618" lat="24.6687591" lon="121.6786559"/>
  <node id="2268453616" lat="24.6686978" lon="121.6796414"/>
  <node id="2268453613" lat="24.6686703" lon="121.6800692"/>
  <node id="3707842155" lat="24.6687134" lon="121.6845558"/>
  <node id="1690085486" lat="24.6687630" lon="121.6891116"/>
  <node id="3707842161" lat="24.6687803" lon="121.6923692"/>
  <node id="3707842163" lat="24.6687925" lon="121.6942762"/>
  <node id="4430938333" lat="24.6688047" lon="121.6944050"/>
  <node id="3707842173" lat="24.6689826" lon="121.6946920"/>
  <node id="2268453608" lat="24.6685106" lon="121.6786347"/>
  <node id="2268453607" lat="24.6684749" lon="121.6786445"/>
  <node id="2268453606" lat="24.6684465" lon="121.6786857"/>
  <node id="2268453601" lat="24.6683442" lon="121.6789616"/>
  <node id="2268453597" lat="24.6682854" lon="121.6790537"/>
  <node id="2268453595" lat="24.6682374" lon="121.6791418"/>
  <node id="1690085594" lat="24.6877907" lon="121.6614980"/>
  <node id="2279816476" lat="24.6861724" lon="121.6615564"/>
  <node id="2279816463" lat="24.6843690" lon="121.6616196"/>
  <node id="2279816459" lat="24.6842681" lon="121.6616216"/>
  <node id="6036138552" lat="24.6832887" lon="121.6616628"/>
  <node id="2279816420" lat="24.6821406" lon="121.6617111"/>
  <node id="2279816394" lat="24.6804161" lon="121.6618080"/>
  <node id="2279816385" lat="24.6802148" lon="121.6616606"/>
  <node id="2279816377" lat="24.6800903" lon="121.6615953"/>
  <node id="2279816375" lat="24.6799489" lon="121.6615739"/>
  <node id="2279816354" lat="24.6793360" lon="121.6615460"/>
  <node id="6036139314" lat="24.6786801" lon="121.6615385"/>
  <node id="2279816328" lat="24.6783482" lon="121.6615477"/>
  <node id="2279816311" lat="24.6774087" lon="121.6615861"/>
  <node id="2279816302" lat="24.6767904" lon="121.6616143"/>
  <node id="4430999375" lat="24.6675191" lon="121.6531389"/>
  <node id="2268453579" lat="24.6675922" lon="121.6539719"/>
  <node id="2268453582" lat="24.6676385" lon="121.6545029"/>
  <node id="2268453581" lat="24.6676296" lon="121.6545911"/>
  <node id="2268453580" lat="24.6676029" lon="121.6546812"/>
  <node id="2268453574" lat="24.6673605" lon="121.6551385"/>
  <node id="2268453572" lat="24.6670649" lon="121.6556360"/>
  <node id="2268453864" lat="24.6757819" lon="121.6554222"/>
  <node id="2268453865" lat="24.6758427" lon="121.6556118"/>
  <node id="2268453867" lat="24.6759069" lon="121.6558363"/>
  <node id="2268453868" lat="24.6759837" lon="121.6560455"/>
  <node id="2268453870" lat="24.6760165" lon="121.6562228"/>
  <node id="2268453871" lat="24.6760278" lon="121.6563863"/>
  <node id="2268453869" lat="24.6759951" lon="121.6565498"/>
  <node id="2268453860" lat="24.6756961" lon="121.6554218"/>
  <node id="2268453857" lat="24.6756433" lon="121.6554841"/>
  <node id="2268453849" lat="24.6753315" lon="121.6560995"/>
  <node id="2268453848" lat="24.6753227" lon="121.6562117"/>
  <node id="2268453850" lat="24.6753580" lon="121.6562866"/>
  <node id="2268453856" lat="24.6755091" lon="121.6564722"/>
  <node id="2279816491" lat="24.6874641" lon="121.6571045"/>
  <node id="2279816475" lat="24.6860161" lon="121.6571357"/>
  <node id="2279816458" lat="24.6842224" lon="121.6572044"/>
  <node id="2279816456" lat="24.6841215" lon="121.6572084"/>
  <node id="2279816419" lat="24.6820026" lon="121.6572832"/>
  <node id="4431000815" lat="24.6811381" lon="121.6573150"/>
  <node id="2279816379" lat="24.6800853" lon="121.6573599"/>
  <node id="2279816373" lat="24.6799657" lon="121.6573621"/>
  <node id="2279816351" lat="24.6792159" lon="121.6573908"/>
  <node id="2279816325" lat="24.6782084" lon="121.6574291"/>
  <node id="2279816321" lat="24.6777610" lon="121.6574503"/>
  <node id="2279816318" lat="24.6776682" lon="121.6574522"/>
  <node id="1690065097" lat="24.6769749" lon="121.6574728"/>
  <node id="2268453586" lat="24.6677605" lon="121.6553911"/>
  <node id="4430999376" lat="24.6677977" lon="121.6554045"/>
  <node id="2268453588" lat="24.6678369" lon="121.6554071"/>
  <node id="2268453600" lat="24.6683379" lon="121.6553270"/>
  <node id="2268453602" lat="24.6683733" lon="121.6553233"/>
  <node id="9500664252" lat="24.6684123" lon="121.6553383"/>
  <node id="2268453604" lat="24.6684324" lon="121.6553711"/>
  <node id="2268453725" lat="24.6722222" lon="121.6531169"/>
  <node id="9500049825" lat="24.6723194" lon="121.6539583"/>
  <node id="2268453747" lat="24.6725269" lon="121.6555888"/>
  <node id="2268453755" lat="24.6726694" lon="121.6567808"/>
  <node id="2268453760" lat="24.6727541" lon="121.6572933"/>
  <node id="2268453771" lat="24.6731442" lon="121.6593410"/>
  <node id="2268453777" lat="24.6733331" lon="121.6603275"/>
  <node id="2268453776" lat="24.6733079" lon="121.6608845"/>
  <node id="2268453770" lat="24.6730944" lon="121.6614051"/>
  <node id="2268453820" lat="24.6742145" lon="121.6713324"/>
  <node id="987499648" lat="24.6664849" lon="121.6523763"/>
  <node id="2268453570" lat="24.6665394" lon="121.6532879"/>
  <node id="987499646" lat="24.6665698" lon="121.6537412"/>
  <node id="9500049838" lat="24.6665854" lon="121.6538724"/>
  <node id="2268453571" lat="24.6666144" lon="121.6539882"/>
  <node id="1690064618" lat="24.6666613" lon="121.6541180"/>
  <node id="9500664269" lat="24.6667755" lon="121.6543914"/>
  <node id="1690064620" lat="24.6668550" lon="121.6545954"/>
  <node id="9500664268" lat="24.6668938" lon="121.6547213"/>
  <node id="5317673586" lat="24.6670911" lon="121.6557697"/>
  <node id="3109149637" lat="24.6672079" lon="121.6564151"/>
  <node id="3109149671" lat="24.6683733" lon="121.6639226"/>
  <node id="412685445" lat="24.6683280" lon="121.6645905"/>
  <node id="987499645" lat="24.6682471" lon="121.6659343"/>
  <node id="1690064664" lat="24.6681968" lon="121.6665512"/>
  <node id="1690064662" lat="24.6680997" lon="121.6672110"/>
  <node id="2279816344" lat="24.6788041" lon="121.6547298"/>
  <node id="2279816343" lat="24.6787931" lon="121.6549325"/>
  <node id="2279816315" lat="24.6775278" lon="121.6580194"/>
  <node id="4431000791" lat="24.6774922" lon="121.6581557"/>
  <node id="2279816310" lat="24.6773533" lon="121.6590596"/>
  <node id="2279816308" lat="24.6772718" lon="121.6594454"/>
  <node id="2279816306" lat="24.6771851" lon="121.6597717"/>
  <node id="2279816304" lat="24.6768110" lon="121.6610458"/>
  <node id="2279816303" lat="24.6767879" lon="121.6612336"/>
  <node id="2279816341" lat="24.6787148" lon="121.6547688"/>
  <node id="2279816340" lat="24.6787089" lon="121.6548955"/>
  <node id="2279816335" lat="24.6785880" lon="121.6551907"/>
  <node id="2279816312" lat="24.6774578" lon="121.6580032"/>
  <node id="2279816309" lat="24.6773232" lon="121.6588384"/>
  <node id="2279816307" lat="24.6772325" lon="121.6593119"/>
  <node id="2279816305" lat="24.6771191" lon="121.6597332"/>
  <node id="2279816299" lat="24.6767291" lon="121.6610661"/>
  <node id="2279816297" lat="24.6766998" lon="121.6613666"/>
  <node id="2279816298" lat="24.6766920" lon="121.6616204"/>
  <node id="2279816290" lat="24.6759450" lon="121.6697003"/>
  <node id="2279816319" lat="24.6776964" lon="121.6696251"/>
  <node id="2279816326" lat="24.6782722" lon="121.6695831"/>
  <node id="2279816336" lat="24.6786072" lon="121.6695610"/>
  <node id="2279816346" lat="24.6789793" lon="121.6695151"/>
  <node id="2279816359" lat="24.6796301" lon="121.6693846"/>
  <node id="2279816362" lat="24.6797650" lon="121.6693717"/>
  <node id="2279816395" lat="24.6804977" lon="121.6693418"/>
  <node id="2279816425" lat="24.6824171" lon="121.6692590"/>
  <node id="2279816466" lat="24.6845169" lon="121.6691840"/>
  <node id="2279816469" lat="24.6846246" lon="121.6692126"/>
  <node id="2279816473" lat="24.6854323" lon="121.6693833"/>
  <node id="2279816480" lat="24.6862400" lon="121.6693599"/>
  <node id="2279816492" lat="24.6875436" lon="121.6692833"/>
  <node id="6036138543" lat="24.6882856" lon="121.6692456"/>
  <node id="2279816497" lat="24.6883023" lon="121.6692447"/>
  <node id="1690085622" lat="24.6889526" lon="121.6692452"/>
  <node id="4431000796" lat="24.6792513" lon="121.6586695"/>
  <node id="2279816301" lat="24.6767863" lon="121.6595639"/>
  <node id="4431053224" lat="24.6760193" lon="121.6677400"/>
  <node id="2279816289" lat="24.6758980" lon="121.6703422"/>
  <node id="2279816292" lat="24.6762115" lon="121.6714824"/>
  <node id="2279816367" lat="24.6798797" lon="121.6717234"/>
  <node id="2279816363" lat="24.6797554" lon="121.6713330"/>
  <node id="2279816364" lat="24.6797612" lon="121.6712814"/>
  <node id="2279816366" lat="24.6798354" lon="121.6712460"/>
  <node id="2279816374" lat="24.6799729" lon="121.6712213"/>
  <node id="2279816327" lat="24.6783088" lon="121.6700409"/>
  <node id="2279816330" lat="24.6783957" lon="121.6703810"/>
  <node id="2279816334" lat="24.6785502" lon="121.6706694"/>
  <node id="2279816337" lat="24.6785985" lon="121.6706694"/>
  <node id="4431053237" lat="24.6786332" lon="121.6708857"/>
  <node id="2279816338" lat="24.6786602" lon="121.6716416"/>
  <node id="2279816365" lat="24.6797821" lon="121.6717220"/>
  <node id="2279816378" lat="24.6800729" lon="121.6768657"/>
  <node id="2279816380" lat="24.6801363" lon="121.6770052"/>
  <node id="2279816396" lat="24.6805433" lon="121.6778313"/>
  <node id="2279816405" lat="24.6809284" lon="121.6786024"/>
  <node id="2279842324" lat="24.6811051" lon="121.6789833"/>
  <node id="2279842320" lat="24.6810719" lon="121.6791251"/>
  <node id="2279842321" lat="24.6810658" lon="121.6793383"/>
  <node id="2279842322" lat="24.6810927" lon="121.6796481"/>
  <node id="4431053252" lat="24.6816087" lon="121.6812937"/>
  <node id="2279842343" lat="24.6823573" lon="121.6836935"/>
  <node id="2279816313" lat="24.6774542" lon="121.6630587"/>
  <node id="4431053236" lat="24.6774249" lon="121.6630949"/>
  <node id="2279816295" lat="24.6766901" lon="121.6631257"/>
  <node id="4431053228" lat="24.6766572" lon="121.6631445"/>
  <node id="2279816293" lat="24.6765829" lon="121.6638298"/>
  <node id="2279816294" lat="24.6765829" lon="121.6646331"/>
  <node id="2279816347" lat="24.6790206" lon="121.6697281"/>
  <node id="2279816352" lat="24.6792124" lon="121.6696963"/>
  <node id="2279816353" lat="24.6792510" lon="121.6699802"/>
  <node id="2279816348" lat="24.6791200" lon="121.6700136"/>
  <node id="2279816349" lat="24.6791696" lon="121.6704144"/>
  <node id="2279816376" lat="24.6800155" lon="121.6556659"/>
  <node id="4431000805" lat="24.6800092" lon="121.6557211"/>
  <node id="2279816371" lat="24.6799511" lon="121.6562306"/>
  <node id="2279816368" lat="24.6799165" lon="121.6566054"/>
  <node id="2279816369" lat="24.6799263" lon="121.6567740"/>
  <node id="2279816372" lat="24.6799536" lon="121.6569254"/>
  <node id="2279816390" lat="24.6802938" lon="121.6640958"/>
  <node id="4431000807" lat="24.6802536" lon="121.6630082"/>
  <node id="2279816388" lat="24.6802353" lon="121.6629814"/>
  <node id="2279816360" lat="24.6797235" lon="121.6630779"/>
  <node id="4431000803" lat="24.6797406" lon="121.6633005"/>
  <node id="2279816361" lat="24.6797016" lon="121.6633180"/>
  <node id="2279816357" lat="24.6795297" lon="121.6633448"/>
  <node id="4431000802" lat="24.6795102" lon="121.6633917"/>
  <node id="2279816356" lat="24.6795139" lon="121.6637310"/>
  <node id="4431000800" lat="24.6794773" lon="121.6637766"/>
  <node id="2279816355" lat="24.6793335" lon="121.6638960"/>
  <node id="2279816350" lat="24.6791642" lon="121.6639785"/>
  <node id="2279816329" lat="24.6784306" lon="121.6639704"/>
  <node id="6036139321" lat="24.6783855" lon="121.6625719"/>
  <node id="2279816332" lat="24.6785244" lon="121.6668565"/>
  <node id="2279816339" lat="24.6787072" lon="121.6672669"/>
  <node id="4431000795" lat="24.6787644" lon="121.6677456"/>
  <node id="2279816333" lat="24.6785402" lon="121.6677791"/>
  <node id="6036138574" lat="24.6776421" lon="121.6678460"/>
  <node id="2279816320" lat="24.6777264" lon="121.6706797"/>
  <node id="9500652101" lat="24.6775426" lon="121.6714865"/>
  <node id="2279816316" lat="24.6775094" lon="121.6715672"/>
  <node id="2279816323" lat="24.6780781" lon="121.6743904"/>
  <node id="1690085531" lat="24.6792753" lon="121.6791087"/>
  <node id="4431053238" lat="24.6801348" lon="121.6818343"/>
  <node id="2279842312" lat="24.6808345" lon="121.6840533"/>
  <node id="2279842323" lat="24.6810996" lon="121.6855692"/>
  <node id="2279842328" lat="24.6814817" lon="121.6860519"/>
  <node id="2279842330" lat="24.6815130" lon="121.6861070"/>
  <node id="2279842352" lat="24.6824490" lon="121.6880706"/>
  <node id="1690085523" lat="24.6770313" lon="121.6798205"/>
  <node id="2279842262" lat="24.6772299" lon="121.6822992"/>
  <node id="2279842275" lat="24.6774749" lon="121.6827538"/>
  <node id="2279842286" lat="24.6779403" lon="121.6843846"/>
  <node id="2279842288" lat="24.6783897" lon="121.6852304"/>
  <node id="2279842290" lat="24.6787339" lon="121.6859184"/>
  <node id="2279842291" lat="24.6787715" lon="121.6860425"/>
  <node id="2279842293" lat="24.6788941" lon="121.6867958"/>
  <node id="2279842295" lat="24.6789654" lon="121.6873162"/>
  <node id="2279842296" lat="24.6789990" lon="121.6875666"/>
  <node id="2279842297" lat="24.6791001" lon="121.6890144"/>
  <node id="2279842258" lat="24.6761304" lon="121.6844121"/>
  <node id="2279842273" lat="24.6774615" lon="121.6843953"/>
  <node id="2279842334" lat="24.6819376" lon="121.6837886"/>
  <node id="2279842336" lat="24.6819832" lon="121.6837788"/>
  <node id="2279842370" lat="24.6827370" lon="121.6836176"/>
  <node id="2279842301" lat="24.6800012" lon="121.6875553"/>
  <node id="2279842304" lat="24.6800133" lon="121.6890042"/>
  <node id="2279842282" lat="24.6776012" lon="121.6882520"/>
  <node id="2279842265" lat="24.6772811" lon="121.6883624"/>
  <node id="2279842269" lat="24.6774489" lon="121.6888289"/>
  <node id="2279842271" lat="24.6774561" lon="121.6890328"/>
  <node id="2279842270" lat="24.6774501" lon="121.6852925"/>
  <node id="2279842276" lat="24.6775797" lon="121.6853012"/>
  <node id="2279842280" lat="24.6775980" lon="121.6881069"/>
  <node id="2279842284" lat="24.6779221" lon="121.6890300"/>
  <node id="4430938396" lat="24.6819374" lon="121.6972784"/>
  <node id="2283511741" lat="24.6819101" lon="121.6972790"/>
  <node id="2283511708" lat="24.6812301" lon="121.6972841"/>
  <node id="2283511684" lat="24.6805785" lon="121.6972912"/>
  <node id="2283511670" lat="24.6795901" lon="121.6973014"/>
  <node id="2283511627" lat="24.6786319" lon="121.6973123"/>
  <node id="9109870008" lat="24.6785297" lon="121.6973132"/>
  <node id="2283511611" lat="24.6776403" lon="121.6973215"/>
  <node id="4430938380" lat="24.6776016" lon="121.6973235"/>
  <node id="2283511686" lat="24.6806029" lon="121.6993038"/>
  <node id="2283511682" lat="24.6804913" lon="121.6997076"/>
  <node id="2283511683" lat="24.6805020" lon="121.6998624"/>
  <node id="2283511685" lat="24.6805998" lon="121.7003066"/>
  <node id="2283511687" lat="24.6806230" lon="121.7016154"/>
  <node id="2283511689" lat="24.6806192" lon="121.7054962"/>
  <node id="2283511690" lat="24.6806320" lon="121.7066165"/>
  <node id="2283511688" lat="24.6806243" lon="121.7071499"/>
  <node id="2283511697" lat="24.6808098" lon="121.7094809"/>
  <node id="2283511698" lat="24.6808295" lon="121.7099643"/>
  <node id="2283511696" lat="24.6808205" lon="121.7102137"/>
  <node id="2283511691" lat="24.6807088" lon="121.7104637"/>
  <node id="11158458276" lat="24.6804672" lon="121.7108935"/>
  <node id="11158458275" lat="24.6803722" lon="121.7110410"/>
  <node id="2283511681" lat="24.6803279" lon="121.7111782"/>
  <node id="2283511679" lat="24.6801118" lon="121.7120040"/>
  <node id="2283511678" lat="24.6798954" lon="121.7129350"/>
  <node id="2283511645" lat="24.6791587" lon="121.6890188"/>
  <node id="2283511647" lat="24.6792855" lon="121.6899374"/>
  <node id="2283511650" lat="24.6793439" lon="121.6901413"/>
  <node id="2283511661" lat="24.6794353" lon="121.6905195"/>
  <node id="2283511663" lat="24.6794244" lon="121.6918941"/>
  <node id="2283511648" lat="24.6793025" lon="121.6923702"/>
  <node id="4430938384" lat="24.6793001" lon="121.6924694"/>
  <node id="2283511653" lat="24.6793903" lon="121.6927886"/>
  <node id="2283511655" lat="24.6794110" lon="121.6931467"/>
  <node id="2283511658" lat="24.6794183" lon="121.6940023"/>
  <node id="7918338433" lat="24.6794324" lon="121.6941245"/>
  <node id="4430938385" lat="24.6794414" lon="121.6942021"/>
  <node id="2283511665" lat="24.6795097" lon="121.6944489"/>
  <node id="2283511671" lat="24.6796133" lon="121.6947667"/>
  <node id="2283511675" lat="24.6796571" lon="121.6949759"/>
  <node id="7918338438" lat="24.6796014" lon="121.6952134"/>
  <node id="2283511668" lat="24.6795743" lon="121.6953287"/>
  <node id="2283511667" lat="24.6795706" lon="121.6955271"/>
  <node id="2283511673" lat="24.6796346" lon="121.7016285"/>
  <node id="2283511674" lat="24.6796480" lon="121.7027309"/>
  <node id="2283511672" lat="24.6796248" lon="121.7028221"/>
  <node id="2283511659" lat="24.6794225" lon="121.7030541"/>
  <node id="2283511654" lat="24.6793970" lon="121.7031386"/>
  <node id="2283511656" lat="24.6794006" lon="121.7038829"/>
  <node id="2283511662" lat="24.6794433" lon="121.7040760"/>
  <node id="2283511677" lat="24.6797479" lon="121.7055123"/>
  <node id="2283511676" lat="24.6797369" lon="121.7057014"/>
  <node id="2283511666" lat="24.6795563" lon="121.7065551"/>
  <node id="4430978450" lat="24.6795575" lon="121.7067737"/>
  <node id="2283511574" lat="24.6749847" lon="121.7096910"/>
  <node id="2283511573" lat="24.6747080" lon="121.7097364"/>
  <node id="2283511771" lat="24.6827207" lon="121.6925358"/>
  <node id="2283511706" lat="24.6811935" lon="121.6931309"/>
  <node id="9109870010" lat="24.6784712" lon="121.6931479"/>
  <node id="2283511596" lat="24.6774253" lon="121.6931493"/>
  <node id="2283511582" lat="24.6765850" lon="121.6931722"/>
  <node id="4430938368" lat="24.6765556" lon="121.6931737"/>
  <node id="2283511593" lat="24.6773910" lon="121.6890335"/>
  <node id="2283511594" lat="24.6773924" lon="121.6901298"/>
  <node id="2283511588" lat="24.6772848" lon="121.6907335"/>
  <node id="2283511592" lat="24.6773817" lon="121.6911562"/>
  <node id="2283511597" lat="24.6774459" lon="121.6954201"/>
  <node id="2283511587" lat="24.6772321" lon="121.6954266"/>
  <node id="2283511652" lat="24.6793829" lon="121.7054822"/>
  <node id="2283511644" lat="24.6791368" lon="121.7055023"/>
  <node id="2283511614" lat="24.6784952" lon="121.7055298"/>
  <node id="2283511589" lat="24.6773430" lon="121.7055996"/>
  <node id="4430938376" lat="24.6772843" lon="121.7056016"/>
  <node id="2283511625" lat="24.6785835" lon="121.7016439"/>
  <node id="2283511623" lat="24.6785896" lon="121.7020851"/>
  <node id="2283511617" lat="24.6785141" lon="121.7034799"/>
  <node id="2283511615" lat="24.6784921" lon="121.7039681"/>
  <node id="2283511620" lat="24.6785324" lon="121.7044160"/>
  <node id="2283511613" lat="24.6783889" lon="121.7072162"/>
  <node id="4430978442" lat="24.6783706" lon="121.7072860"/>
  <node id="4430978440" lat="24.6783048" lon="121.7073021"/>
  <node id="2283511612" lat="24.6779496" lon="121.7073148"/>
  <node id="7561120558" lat="24.6758134" lon="121.7102644"/>
  <node id="1690085524" lat="24.6775196" lon="121.6796469"/>
  <node id="1690085522" lat="24.6768351" lon="121.6798841"/>
  <node id="1690085519" lat="24.6767090" lon="121.6799258"/>
  <node id="1690085517" lat="24.6764926" lon="121.6799459"/>
  <node id="988498849" lat="24.6776225" lon="121.6785307"/>
  <node id="4431053227" lat="24.6764738" lon="121.6743679"/>
  <node id="2268453859" lat="24.6756540" lon="121.6714443"/>
  <node id="988498850" lat="24.6754167" lon="121.6705703"/>
  <node id="4430938393" lat="24.6816946" lon="121.7015982"/>
  <node id="2283511725" lat="24.6816648" lon="121.7015991"/>
  <node id="2283511604" lat="24.6774825" lon="121.7016477"/>
  <node id="4430938379" lat="24.6774529" lon="121.7016480"/>
  <node id="2255669622" lat="24.6770678" lon="121.7016455"/>
  <node id="2255669612" lat="24.6762989" lon="121.7016565"/>
  <node id="4430938355" lat="24.6747848" lon="121.7016518"/>
  <node id="2255669378" lat="24.6717615" lon="121.7016790"/>
  <node id="2255669361" lat="24.6712135" lon="121.7016878"/>
  <node id="1690064764" lat="24.6703925" lon="121.7019718"/>
  <node id="4430938345" lat="24.6703128" lon="121.7020390"/>
  <node id="9164081555" lat="24.6198042" lon="121.7005242"/>
  <node id="4430954359" lat="24.6198023" lon="121.7005192"/>
  <node id="2083234421" lat="24.6194084" lon="121.6994082"/>
  <node id="4443541996" lat="24.6193070" lon="121.6992028"/>
  <node id="2083234236" lat="24.6192133" lon="121.6990529"/>
  <node id="4443541995" lat="24.6189284" lon="121.6986550"/>
  <node id="7549367479" lat="24.6187105" lon="121.6983496"/>
  <node id="2083234518" lat="24.6186191" lon="121.6982214"/>
  <node id="2083234309" lat="24.6184906" lon="121.6980980"/>
  <node id="2083234325" lat="24.6180144" lon="121.6977708"/>
  <node id="2938323697" lat="24.6164653" lon="121.6963117"/>
  <node id="2938323696" lat="24.6163727" lon="121.6961789"/>
  <node id="2083234362" lat="24.6163222" lon="121.6960516"/>
  <node id="2083249562" lat="24.6162832" lon="121.6959402"/>
  <node id="4443541993" lat="24.6160657" lon="121.6952284"/>
  <node id="4443541992" lat="24.6159487" lon="121.6948462"/>
  <node id="2083249551" lat="24.6158265" lon="121.6945065"/>
  <node id="2083249648" lat="24.6157786" lon="121.6944019"/>
  <node id="2083249567" lat="24.6156617" lon="121.6942357"/>
  <node id="2083249575" lat="24.6152498" lon="121.6939272"/>
  <node id="4443541991" lat="24.6151379" lon="121.6938149"/>
  <node id="2083249597" lat="24.6150340" lon="121.6936912"/>
  <node id="2083249534" lat="24.6148986" lon="121.6934538"/>
  <node id="2083249669" lat="24.6144256" lon="121.6925205"/>
  <node id="3010119469" lat="24.6138891" lon="121.6914570"/>
  <node id="2083249533" lat="24.6137512" lon="121.6912338"/>
  <node id="2083249627" lat="24.6136351" lon="121.6911200"/>
  <node id="3010119468" lat="24.6134059" lon="121.6909631"/>
  <node id="4443541990" lat="24.6133151" lon="121.6908980"/>
  <node id="4443541989" lat="24.6132481" lon="121.6908618"/>
  <node id="2083249645" lat="24.6131673" lon="121.6908536"/>
  <node id="2083249642" lat="24.6130496" lon="121.6908736"/>
  <node id="2083249600" lat="24.6129228" lon="121.6909240"/>
  <node id="4443539888" lat="24.6127396" lon="121.6909731"/>
  <node id="2083249598" lat="24.6126055" lon="121.6909628"/>
  <node id="2083249595" lat="24.6124886" lon="121.6909076"/>
  <node id="2083249542" lat="24.6123808" lon="121.6908179"/>
  <node id="2083249541" lat="24.6121609" lon="121.6906115"/>
  <node id="4443539887" lat="24.6120581" lon="121.6905735"/>
  <node id="2083249726" lat="24.6119864" lon="121.6905712"/>
  <node id="3010119467" lat="24.6118930" lon="121.6905957"/>
  <node id="2083249728" lat="24.6118046" lon="121.6906467"/>
  <node id="4443526411" lat="24.6116072" lon="121.6907998"/>
  <node id="2083249583" lat="24.6113975" lon="121.6909319"/>
  <node id="2083249555" lat="24.6112507" lon="121.6909759"/>
  <node id="2083249553" lat="24.6112034" lon="121.6909829"/>
  <node id="2083249695" lat="24.6111459" lon="121.6909784"/>
  <node id="2938323695" lat="24.6110898" lon="121.6909665"/>
  <node id="2083249515" lat="24.6110430" lon="121.6909431"/>
  <node id="2938323694" lat="24.6109809" lon="121.6908779"/>
  <node id="2083249554" lat="24.6108848" lon="121.6906952"/>
  <node id="2946914867" lat="24.6669514" lon="121.7008578"/>
  <node id="9610395452" lat="24.6668161" lon="121.7008068"/>
  <node id="2946914866" lat="24.6666744" lon="121.7007701"/>
  <node id="2946914865" lat="24.6665765" lon="121.7007612"/>
  <node id="2946914864" lat="24.6663422" lon="121.7007850"/>
  <node id="2946914863" lat="24.6659923" lon="121.7008086"/>
  <node id="2946914862" lat="24.6658529" lon="121.7008157"/>
  <node id="2946914860" lat="24.6657611" lon="121.7007974"/>
  <node id="9610395453" lat="24.6657016" lon="121.7007583"/>
  <node id="2946914859" lat="24.6656551" lon="121.7006852"/>
  <node id="4430971572" lat="24.6656413" lon="121.7005855"/>
  <node id="9610395454" lat="24.6656147" lon="121.7004438"/>
  <node id="2946914858" lat="24.6656173" lon="121.7002985"/>
  <node id="2946914857" lat="24.6655938" lon="121.7000347"/>
  <node id="4430971573" lat="24.6655763" lon="121.6999498"/>
  <node id="2946914856" lat="24.6655165" lon="121.6998394"/>
  <node id="2946914855" lat="24.6653858" lon="121.6996762"/>
  <node id="2946914849" lat="24.6652452" lon="121.6995295"/>
  <node id="9610395455" lat="24.6652259" lon="121.6994373"/>
  <node id="2946914847" lat="24.6652245" lon="121.6993200"/>
  <node id="2946914846" lat="24.6651717" lon="121.6991719"/>
  <node id="2946914843" lat="24.6651379" lon="121.6989784"/>
  <node id="2946914844" lat="24.6651615" lon="121.6986803"/>
  <node id="2946914850" lat="24.6652931" lon="121.6983666"/>
  <node id="2946914854" lat="24.6654296" lon="121.6978502"/>
  <node id="2946914852" lat="24.6653992" lon="121.6977745"/>
  <node id="2946914851" lat="24.6653528" lon="121.6977530"/>
  <node id="2946914848" lat="24.6652866" lon="121.6977798"/>
  <node id="2946914845" lat="24.6652403" lon="121.6978617"/>
  <node id="2946914842" lat="24.6651814" lon="121.6980468"/>
  <node id="9610395456" lat="24.6651443" lon="121.6982021"/>
  <node id="2946914841" lat="24.6650778" lon="121.6983431"/>
  <node id="2946914840" lat="24.6649474" lon="121.6985820"/>
  <node id="2946914839" lat="24.6649099" lon="121.6987759"/>
  <node id="9610395458" lat="24.6648286" lon="121.6989457"/>
  <node id="9610395457" lat="24.6647245" lon="121.6991013"/>
  <node id="2946914838" lat="24.6646756" lon="121.6993910"/>
  <node id="2946914837" lat="24.6646147" lon="121.6995242"/>
  <node id="2946914836" lat="24.6645489" lon="121.6996016"/>
  <node id="2946914835" lat="24.6644314" lon="121.6996623"/>
  <node id="4430971570" lat="24.6643031" lon="121.6996914"/>
  <node id="2946914833" lat="24.6641500" lon="121.6996990"/>
  <node id="9610395459" lat="24.6640127" lon="121.6997370"/>
  <node id="9610395460" lat="24.6639343" lon="121.6997399"/>
  <node id="2946914532" lat="24.6638753" lon="121.6997071"/>
  <node id="2946914531" lat="24.6637722" lon="121.6995837"/>
  <node id="9610395461" lat="24.6636962" lon="121.6994891"/>
  <node id="2946914530" lat="24.6636170" lon="121.6994125"/>
  <node id="2946914529" lat="24.6635089" lon="121.6993570"/>
  <node id="2946914528" lat="24.6633858" lon="121.6993356"/>
  <node id="2946914527" lat="24.6632911" lon="121.6993231"/>
  <node id="9610395462" lat="24.6632328" lon="121.6992902"/>
  <node id="2946914526" lat="24.6631810" lon="121.6992430"/>
  <node id="2946914525" lat="24.6630901" lon="121.6991599"/>
  <node id="4430971568" lat="24.6629743" lon="121.6991282"/>
  <node id="4430971567" lat="24.6628125" lon="121.6990584"/>
  <node id="4430971566" lat="24.6626801" lon="121.6989467"/>
  <node id="2946914519" lat="24.6625107" lon="121.6988058"/>
  <node id="2946914518" lat="24.6623096" lon="121.6986556"/>
  <node id="2946914517" lat="24.6621862" lon="121.6985614"/>
  <node id="2946914516" lat="24.6620549" lon="121.6984719"/>
  <node id="2946914510" lat="24.6619064" lon="121.6984220"/>
  <node id="2946914507" lat="24.6618269" lon="121.6983929"/>
  <node id="2946914503" lat="24.6617091" lon="121.6983275"/>
  <node id="2946914496" lat="24.6616515" lon="121.6982721"/>
  <node id="2946914493" lat="24.6615857" lon="121.6981849"/>
  <node id="2946914491" lat="24.6615454" lon="121.6981031"/>
  <node id="2946914489" lat="24.6615259" lon="121.6980132"/>
  <node id="2946914490" lat="24.6615333" lon="121.6979153"/>
  <node id="2946914494" lat="24.6615771" lon="121.6977464"/>
  <node id="2946914497" lat="24.6616207" lon="121.6976086"/>
  <node id="2946914499" lat="24.6616472" lon="121.6975243"/>
  <node id="2946914500" lat="24.6616649" lon="121.6974530"/>
  <node id="2946914502" lat="24.6617002" lon="121.6972651"/>
  <node id="2946914504" lat="24.6616953" lon="121.6971509"/>
  <node id="2946914501" lat="24.6616722" lon="121.6970235"/>
  <node id="2946914498" lat="24.6616295" lon="121.6969122"/>
  <node id="11715725456" lat="24.6615815" lon="121.6968232"/>
  <node id="2946914492" lat="24.6615559" lon="121.6967757"/>
  <node id="2946914488" lat="24.6614675" lon="121.6966169"/>
  <node id="2946914485" lat="24.6613792" lon="121.6964711"/>
  <node id="2946914484" lat="24.6613556" lon="121.6963868"/>
  <node id="2946914483" lat="24.6613556" lon="121.6963058"/>
  <node id="2946914486" lat="24.6613939" lon="121.6962151"/>
  <node id="2946914495" lat="24.6616015" lon="121.6959292"/>
  <node id="2946914505" lat="24.6618002" lon="121.6957387"/>
  <node id="2946914508" lat="24.6618977" lon="121.6956650"/>
  <node id="4430971564" lat="24.6619354" lon="121.6955939"/>
  <node id="4430971563" lat="24.6619281" lon="121.6954464"/>
  <node id="4430971562" lat="24.6618928" lon="121.6953793"/>
  <node id="4430971561" lat="24.6618404" lon="121.6953082"/>
  <node id="4430971558" lat="24.6617417" lon="121.6952895"/>
  <node id="4430971556" lat="24.6616222" lon="121.6953257"/>
  <node id="2946914487" lat="24.6614150" lon="121.6953847"/>
  <node id="2946914482" lat="24.6611542" lon="121.6954209"/>
  <node id="2946914481" lat="24.6609336" lon="121.6954772"/>
  <node id="2946914480" lat="24.6608154" lon="121.6955322"/>
  <node id="2946914479" lat="24.6607081" lon="121.6955684"/>
  <node id="2946914478" lat="24.6605850" lon="121.6955738"/>
  <node id="2946914477" lat="24.6603425" lon="121.6955322"/>
  <node id="2946914476" lat="24.6601536" lon="121.6954853"/>
  <node id="4430971527" lat="24.6600987" lon="121.6954343"/>
  <node id="2946914475" lat="24.6600488" lon="121.6953230"/>
  <node id="2946914474" lat="24.6600207" lon="121.6950910"/>
  <node id="2946914473" lat="24.6600134" lon="121.6949140"/>
  <node id="2946914472" lat="24.6599732" lon="121.6947570"/>
  <node id="2946914471" lat="24.6599135" lon="121.6945170"/>
  <node id="2946914469" lat="24.6599232" lon="121.6943056"/>
  <node id="2946914470" lat="24.6599176" lon="121.6941227"/>
  <node id="4430971522" lat="24.6599361" lon="121.6939310"/>
  <node id="4430971521" lat="24.6598752" lon="121.6937605"/>
  <node id="2946914464" lat="24.6596696" lon="121.6935906"/>
  <node id="11715725419" lat="24.6594731" lon="121.6937351"/>
  <node id="2946914461" lat="24.6594019" lon="121.6940688"/>
  <node id="2946914460" lat="24.6593504" lon="121.6942986"/>
  <node id="9610395431" lat="24.6592634" lon="121.6945332"/>
  <node id="2946914459" lat="24.6591495" lon="121.6946874"/>
  <node id="2946914458" lat="24.6587788" lon="121.6950306"/>
  <node id="11715725405" lat="24.6586977" lon="121.6951483"/>
  <node id="4430971502" lat="24.6583461" lon="121.6956583"/>
  <node id="2946914457" lat="24.6579451" lon="121.6960955"/>
  <node id="2946914456" lat="24.6577269" lon="121.6963382"/>
  <node id="11715725410" lat="24.6575866" lon="121.6965901"/>
  <node id="2946914455" lat="24.6572833" lon="121.6971348"/>
  <node id="2946914454" lat="24.6571167" lon="121.6973457"/>
  <node id="2946920195" lat="24.6410964" lon="121.6901027"/>
  <node id="2946920199" lat="24.6413256" lon="121.6894671"/>
  <node id="2946920208" lat="24.6413828" lon="121.6893812"/>
  <node id="2946920211" lat="24.6416681" lon="121.6890996"/>
  <node id="2946920212" lat="24.6419533" lon="121.6888984"/>
  <node id="2946920213" lat="24.6420643" lon="121.6887834"/>
  <node id="2946920214" lat="24.6423800" lon="121.6884204"/>
  <node id="2946920215" lat="24.6424704" lon="121.6882034"/>
  <node id="2946920216" lat="24.6425590" lon="121.6880885"/>
  <node id="10080042069" lat="24.6426850" lon="121.6879928"/>
  <node id="2946920217" lat="24.6427696" lon="121.6879890"/>
  <node id="2946920218" lat="24.6428427" lon="121.6880089"/>
  <node id="2946920219" lat="24.6430293" lon="121.6881363"/>
  <node id="2946920220" lat="24.6432482" lon="121.6881520"/>
  <node id="2946920221" lat="24.6433836" lon="121.6881289"/>
  <node id="2946920222" lat="24.6434675" lon="121.6880802"/>
  <node id="2946920223" lat="24.6436105" lon="121.6879395"/>
  <node id="2946920224" lat="24.6437839" lon="121.6877642"/>
  <node id="2946920228" lat="24.6439621" lon="121.6875792"/>
  <node id="2946920227" lat="24.6439840" lon="121.6874962"/>
  <node id="10080042068" lat="24.6439747" lon="121.6873772"/>
  <node id="2946920225" lat="24.6439219" lon="121.6871858"/>
  <node id="2946920229" lat="24.6439650" lon="121.6871272"/>
  <node id="10080042067" lat="24.6440332" lon="121.6871251"/>
  <node id="2946920232" lat="24.6440833" lon="121.6871665"/>
  <node id="10080042066" lat="24.6441076" lon="121.6872552"/>
  <node id="2946920435" lat="24.6441067" lon="121.6874409"/>
  <node id="2946920436" lat="24.6440903" lon="121.6875925"/>
  <node id="2946920433" lat="24.6440614" lon="121.6876945"/>
  <node id="10080042065" lat="24.6439905" lon="121.6878547"/>
  <node id="2946920230" lat="24.6439239" lon="121.6880322"/>
  <node id="2946920226" lat="24.6439036" lon="121.6881469"/>
  <node id="10080042064" lat="24.6439211" lon="121.6882020"/>
  <node id="2946920231" lat="24.6439714" lon="121.6882128"/>
  <node id="2946920434" lat="24.6440472" lon="121.6881906"/>
  <node id="2946920437" lat="24.6441006" lon="121.6880894"/>
  <node id="2946920438" lat="24.6441470" lon="121.6879777"/>
  <node id="2946920439" lat="24.6442952" lon="121.6877642"/>
  <node id="2946920440" lat="24.6444045" lon="121.6875568"/>
  <node id="2946920441" lat="24.6444570" lon="121.6872175"/>
  <node id="2946920442" lat="24.6444592" lon="121.6869902"/>
  <node id="2946920444" lat="24.6444896" lon="121.6869229"/>
  <node id="9311511676" lat="24.6445708" lon="121.6869266"/>
  <node id="2946920448" lat="24.6446274" lon="121.6869666"/>
  <node id="2946920450" lat="24.6446398" lon="121.6870611"/>
  <node id="2946920449" lat="24.6446183" lon="121.6872479"/>
  <node id="2946920447" lat="24.6445656" lon="121.6875646"/>
  <node id="2946920445" lat="24.6445059" lon="121.6879136"/>
  <node id="2946920446" lat="24.6444765" lon="121.6881041"/>
  <node id="9311511593" lat="24.6444830" lon="121.6881832"/>
  <node id="2946920443" lat="24.6445134" lon="121.6882442"/>
  <node id="9311511592" lat="24.6445452" lon="121.6882798"/>
  <node id="2946920452" lat="24.6445880" lon="121.6883000"/>
  <node id="9311511675" lat="24.6446841" lon="121.6882892"/>
  <node id="9311511674" lat="24.6448962" lon="121.6881846"/>
  <node id="9311511594" lat="24.6450401" lon="121.6881604"/>
  <node id="2946920455" lat="24.6452671" lon="121.6880648"/>
  <node id="2946920458" lat="24.6453200" lon="121.6880948"/>
  <node id="9311511595" lat="24.6453387" lon="121.6881457"/>
  <node id="2946920460" lat="24.6453166" lon="121.6883411"/>
  <node id="9311511596" lat="24.6452522" lon="121.6884153"/>
  <node id="2946920457" lat="24.6451539" lon="121.6884863"/>
  <node id="2946920456" lat="24.6450442" lon="121.6885744"/>
  <node id="2946920453" lat="24.6447198" lon="121.6889790"/>
  <node id="2946920451" lat="24.6446686" lon="121.6890742"/>
  <node id="9311511597" lat="24.6446707" lon="121.6892990"/>
  <node id="9311511598" lat="24.6447280" lon="121.6893527"/>
  <node id="2946920454" lat="24.6448470" lon="121.6893698"/>
  <node id="2946920459" lat="24.6452432" lon="121.6891203"/>
  <node id="2946920462" lat="24.6454018" lon="121.6890318"/>
  <node id="9311511632" lat="24.6455106" lon="121.6890362"/>
  <node id="2946920466" lat="24.6455925" lon="121.6890570"/>
  <node id="2946920467" lat="24.6456323" lon="121.6890935"/>
  <node id="9311511630" lat="24.6456191" lon="121.6891200"/>
  <node id="9311511631" lat="24.6455965" lon="121.6891428"/>
  <node id="2946920463" lat="24.6455491" lon="121.6892517"/>
  <node id="2946920461" lat="24.6454390" lon="121.6894946"/>
  <node id="9311511629" lat="24.6454185" lon="121.6895787"/>
  <node id="9311511628" lat="24.6454569" lon="121.6896591"/>
  <node id="9311511599" lat="24.6455654" lon="121.6897497"/>
  <node id="9311511627" lat="24.6456428" lon="121.6898006"/>
  <node id="2946920468" lat="24.6457847" lon="121.6899461"/>
  <node id="9311511600" lat="24.6458299" lon="121.6900139"/>
  <node id="2946920470" lat="24.6458397" lon="121.6900824"/>
  <node id="9311511601" lat="24.6458177" lon="121.6901681"/>
  <node id="9311511602" lat="24.6457422" lon="121.6902043"/>
  <node id="9311511603" lat="24.6456568" lon="121.6902217"/>
  <node id="2946920464" lat="24.6456037" lon="121.6902505"/>
  <node id="9311511604" lat="24.6455776" lon="121.6902834"/>
  <node id="9311511605" lat="24.6455691" lon="121.6903639"/>
  <node id="2946920465" lat="24.6456049" lon="121.6904418"/>
  <node id="9311511606" lat="24.6457080" lon="121.6905677"/>
  <node id="2946920469" lat="24.6458848" lon="121.6907042"/>
  <node id="9311511607" lat="24.6460445" lon="121.6909325"/>
  <node id="9311511608" lat="24.6461164" lon="121.6910264"/>
  <node id="2946920471" lat="24.6461766" lon="121.6910480"/>
  <node id="9311511609" lat="24.6465125" lon="121.6910398"/>
  <node id="2946920472" lat="24.6466202" lon="121.6909907"/>
  <node id="2946920473" lat="24.6468067" lon="121.6908218"/>
  <node id="2946920474" lat="24.6470289" lon="121.6906533"/>
  <node id="4430970240" lat="24.6471947" lon="121.6906117"/>
  <node id="4430970241" lat="24.6473324" lon="121.6905728"/>
  <node id="4430970242" lat="24.6474214" lon="121.6905580"/>
  <node id="4430970243" lat="24.6475274" lon="121.6903904"/>
  <node id="4430970244" lat="24.6478749" lon="121.6905956"/>
  <node id="4430970245" lat="24.6483551" lon="121.6909577"/>
  <node id="4430970246" lat="24.6484611" lon="121.6910167"/>
  <node id="4430970247" lat="24.6485721" lon="121.6910154"/>
  <node id="4430970248" lat="24.6486720" lon="121.6909242"/>
  <node id="4430970250" lat="24.6487354" lon="121.6906935"/>
  <node id="4430970249" lat="24.6487305" lon="121.6904548"/>
  <node id="2946920482" lat="24.6486501" lon="121.6900954"/>
  <node id="2946920480" lat="24.6485867" lon="121.6897279"/>
  <node id="2946920481" lat="24.6486208" lon="121.6895401"/>
  <node id="2946920484" lat="24.6487232" lon="121.6894114"/>
  <node id="2946920487" lat="24.6490036" lon="121.6892827"/>
  <node id="4430970251" lat="24.6491523" lon="121.6892451"/>
  <node id="2946920488" lat="24.6493278" lon="121.6892639"/>
  <node id="4430970252" lat="24.6494521" lon="121.6893390"/>
  <node id="2946920489" lat="24.6495959" lon="121.6894731"/>
  <node id="2946920490" lat="24.6497276" lon="121.6894758"/>
  <node id="2946920491" lat="24.6498227" lon="121.6893899"/>
  <node id="4430970253" lat="24.6499299" lon="121.6892934"/>
  <node id="2946920492" lat="24.6500201" lon="121.6892773"/>
  <node id="2946920493" lat="24.6501176" lon="121.6893229"/>
  <node id="2946920494" lat="24.6502834" lon="121.6895643"/>
  <node id="2946920495" lat="24.6505309" lon="121.6898550"/>
  <node id="4430970254" lat="24.6506734" lon="121.6898996"/>
  <node id="2946920496" lat="24.6509079" lon="121.6898939"/>
  <node id="4430970255" lat="24.6511512" lon="121.6897976"/>
  <node id="2946920497" lat="24.6513202" lon="121.6896994"/>
  <node id="2946920498" lat="24.6515120" lon="121.6895455"/>
  <node id="2946920499" lat="24.6516827" lon="121.6895670"/>
  <node id="2946920500" lat="24.6520727" lon="121.6896313"/>
  <node id="2946920501" lat="24.6525359" lon="121.6895884"/>
  <node id="2946920502" lat="24.6528187" lon="121.6894811"/>
  <node id="4430970256" lat="24.6529917" lon="121.6893283"/>
  <node id="4430970257" lat="24.6530551" lon="121.6891459"/>
  <node id="4430970258" lat="24.6531404" lon="121.6890332"/>
  <node id="4430970259" lat="24.6532672" lon="121.6890118"/>
  <node id="4430970260" lat="24.6533769" lon="121.6890627"/>
  <node id="4430970261" lat="24.6534817" lon="121.6891485"/>
  <node id="4430970262" lat="24.6536524" lon="121.6893363"/>
  <node id="4430970263" lat="24.6538279" lon="121.6894624"/>
  <node id="4430970264" lat="24.6540180" lon="121.6895241"/>
  <node id="4430970265" lat="24.6542667" lon="121.6895106"/>
  <node id="4430970266" lat="24.6544592" lon="121.6893819"/>
  <node id="2946920510" lat="24.6545958" lon="121.6892800"/>
  <node id="2946920511" lat="24.6548273" lon="121.6892558"/>
  <node id="2946920512" lat="24.6554221" lon="121.6894168"/>
  <node id="4430970267" lat="24.6557390" lon="121.6894972"/>
  <node id="2946920513" lat="24.6559828" lon="121.6896635"/>
  <node id="2946920514" lat="24.6563436" lon="121.6897440"/>
  <node id="4430970268" lat="24.6564557" lon="121.6897896"/>
  <node id="2946920515" lat="24.6568969" lon="121.6898862"/>
  <node id="4430970273" lat="24.6570578" lon="121.6900015"/>
  <node id="4430970276" lat="24.6571724" lon="121.6899934"/>
  <node id="4430970279" lat="24.6572626" lon="121.6899264"/>
  <node id="4430970282" lat="24.6573455" lon="121.6898164"/>
  <node id="4430970285" lat="24.6574381" lon="121.6896877"/>
  <node id="4430970288" lat="24.6575843" lon="121.6895616"/>
  <node id="4430971494" lat="24.6577452" lon="121.6895804"/>
  <node id="4430971496" lat="24.6578403" lon="121.6896877"/>
  <node id="4430971497" lat="24.6578793" lon="121.6898298"/>
  <node id="4430971499" lat="24.6579232" lon="121.6899800"/>
  <node id="4430971501" lat="24.6580767" lon="121.6901571"/>
  <node id="4430971503" lat="24.6583668" lon="121.6903877"/>
  <node id="4430971506" lat="24.6585228" lon="121.6905916"/>
  <node id="4430971507" lat="24.6585801" lon="121.6907243"/>
  <node id="4430971509" lat="24.6586532" lon="121.6909121"/>
  <node id="4430971510" lat="24.6586861" lon="121.6910449"/>
  <node id="4430971511" lat="24.6586861" lon="121.6911910"/>
  <node id="4430971508" lat="24.6586240" lon="121.6912715"/>
  <node id="4430971505" lat="24.6585155" lon="121.6913319"/>
  <node id="4430971500" lat="24.6579634" lon="121.6914646"/>
  <node id="4430971495" lat="24.6578293" lon="121.6914646"/>
  <node id="4430971493" lat="24.6577208" lon="121.6914190"/>
  <node id="4430971490" lat="24.6576928" lon="121.6913185"/>
  <node id="4430971491" lat="24.6577111" lon="121.6908517"/>
  <node id="4430971489" lat="24.6576660" lon="121.6907834"/>
  <node id="4430970286" lat="24.6575222" lon="121.6907632"/>
  <node id="4430970284" lat="24.6574100" lon="121.6907659"/>
  <node id="4430970280" lat="24.6572930" lon="121.6908061"/>
  <node id="4430970275" lat="24.6571675" lon="121.6908933"/>
  <node id="4430970272" lat="24.6570517" lon="121.6909792"/>
  <node id="4430970270" lat="24.6570066" lon="121.6911535"/>
  <node id="4430970274" lat="24.6571492" lon="121.6915692"/>
  <node id="4430970277" lat="24.6572028" lon="121.6917892"/>
  <node id="2946920519" lat="24.6572748" lon="121.6919126"/>
  <node id="4430970287" lat="24.6575502" lon="121.6920775"/>
  <node id="2946920524" lat="24.6577647" lon="121.6922791"/>
  <node id="4430971498" lat="24.6578842" lon="121.6923484"/>
  <node id="9816992859" lat="24.6580284" lon="121.6923631"/>
  <node id="2946920531" lat="24.6580946" lon="121.6923698"/>
  <node id="2946920535" lat="24.6584274" lon="121.6922888"/>
  <node id="4430971504" lat="24.6585119" lon="121.6922867"/>
  <node id="2946920539" lat="24.6586386" lon="121.6923095"/>
  <node id="2946920540" lat="24.6588824" lon="121.6923900"/>
  <node id="4430971512" lat="24.6589665" lon="121.6923712"/>
  <node id="2946920541" lat="24.6590908" lon="121.6922867"/>
  <node id="4430971513" lat="24.6591834" lon="121.6922519"/>
  <node id="2946920542" lat="24.6593224" lon="121.6922371"/>
  <node id="2946920544" lat="24.6598087" lon="121.6922076"/>
  <node id="2946920546" lat="24.6599842" lon="121.6922291"/>
  <node id="4430971525" lat="24.6600853" lon="121.6922706"/>
  <node id="2946920547" lat="24.6601621" lon="121.6923457"/>
  <node id="4430971538" lat="24.6602450" lon="121.6924356"/>
  <node id="4430971543" lat="24.6602840" lon="121.6925362"/>
  <node id="2946920549" lat="24.6602864" lon="121.6926073"/>
  <node id="4430971539" lat="24.6602511" lon="121.6927199"/>
  <node id="2946920548" lat="24.6601889" lon="121.6928446"/>
  <node id="2946920545" lat="24.6599500" lon="121.6931142"/>
  <node id="2946920543" lat="24.6597634" lon="121.6933864"/>
  <node id="3063279044" lat="24.6785063" lon="121.6441626"/>
  <node id="3063279047" lat="24.6785290" lon="121.6417246"/>
  <node id="3063279046" lat="24.6785290" lon="121.6416120"/>
  <node id="3063279048" lat="24.6785342" lon="121.6404143"/>
  <node id="3063279050" lat="24.6785781" lon="121.6374961"/>
  <node id="3063279049" lat="24.6785781" lon="121.6372969"/>
  <node id="3063279051" lat="24.6785994" lon="121.6356802"/>
  <node id="4430939272" lat="24.6756266" lon="121.6403958"/>
  <node id="3063277932" lat="24.6748009" lon="121.6403906"/>
  <node id="3063277931" lat="24.6727932" lon="121.6403778"/>
  <node id="3707842234" lat="24.6705130" lon="121.6403632"/>
  <node id="3707842188" lat="24.6693323" lon="121.6403557"/>
  <node id="3707842156" lat="24.6687032" lon="121.6403517"/>
  <node id="3707842023" lat="24.6680679" lon="121.6403476"/>
  <node id="8318236524" lat="24.6661768" lon="121.6403356"/>
  <node id="3125135177" lat="24.6332487" lon="121.7132230"/>
  <node id="3125135178" lat="24.6336339" lon="121.7125270"/>
  <node id="3125135179" lat="24.6330274" lon="121.7121917"/>
  <node id="7861815459" lat="24.6330963" lon="121.7120435"/>
  <node id="3125135180" lat="24.6332231" lon="121.7119154"/>
  <node id="10197336934" lat="24.6335071" lon="121.7120764"/>
  <node id="4431053221" lat="24.6735003" lon="121.6710969"/>
  <node id="4431053220" lat="24.6734686" lon="121.6711211"/>
  <node id="2268453785" lat="24.6734650" lon="121.6711908"/>
  <node id="2268453809" lat="24.6738038" lon="121.6720451"/>
  <node id="2268453873" lat="24.6761387" lon="121.6776589"/>
  <node id="2268453875" lat="24.6762630" lon="121.6780143"/>
  <node id="2268453876" lat="24.6763702" lon="121.6783979"/>
  <node id="4431053226" lat="24.6764555" lon="121.6787734"/>
  <node id="2268453877" lat="24.6765158" lon="121.6791821"/>
  <node id="2268453878" lat="24.6765244" lon="121.6794712"/>
  <node id="2268453844" lat="24.6752575" lon="121.6616843"/>
  <node id="2268453843" lat="24.6752324" lon="121.6616993"/>
  <node id="2268453842" lat="24.6752164" lon="121.6617271"/>
  <node id="4430959528" lat="24.6663819" lon="121.7128100"/>
  <node id="3198290640" lat="24.6664867" lon="121.7127644"/>
  <node id="3198290641" lat="24.6670181" lon="121.7125350"/>
  <node id="11158475920" lat="24.6671328" lon="121.7125413"/>
  <node id="3210375970" lat="24.6423019" lon="121.7117274"/>
  <node id="4430922837" lat="24.6424116" lon="121.7120895"/>
  <node id="3210376018" lat="24.6437549" lon="121.7156045"/>
  <node id="4430922848" lat="24.6439792" lon="121.7161356"/>
  <node id="3210376020" lat="24.6443717" lon="121.7168329"/>
  <node id="3210376021" lat="24.6449422" lon="121.7176457"/>
  <node id="4430922857" lat="24.6453932" lon="121.7181928"/>
  <node id="3210376022" lat="24.6462343" lon="121.7190565"/>
  <node id="3210376024" lat="24.6472289" lon="121.7200114"/>
  <node id="4430922886" lat="24.6476190" lon="121.7203520"/>
  <node id="4430922899" lat="24.6482699" lon="121.7208133"/>
  <node id="3210376026" lat="24.6494010" lon="121.7215080"/>
  <node id="4430922903" lat="24.6496123" lon="121.7216344"/>
  <node id="4430922907" lat="24.6499349" lon="121.7218272"/>
  <node id="3210376027" lat="24.6506711" lon="121.7222000"/>
  <node id="4430922913" lat="24.6509513" lon="121.7223178"/>
  <node id="3210376028" lat="24.6514731" lon="121.7225648"/>
  <node id="3210376029" lat="24.6516741" lon="121.7226085"/>
  <node id="2083249564" lat="24.6102203" lon="121.6893775"/>
  <node id="3210375408" lat="24.6099545" lon="121.6895612"/>
  <node id="4430954289" lat="24.6098558" lon="121.6896729"/>
  <node id="4430953988" lat="24.6098259" lon="121.6897896"/>
  <node id="3210375405" lat="24.6098564" lon="121.6898673"/>
  <node id="3210375407" lat="24.6099570" lon="121.6900209"/>
  <node id="3210375409" lat="24.6100844" lon="121.6902150"/>
  <node id="3210375406" lat="24.6100826" lon="121.6903351"/>
  <node id="4430954290" lat="24.6099387" lon="121.6904457"/>
  <node id="4430953985" lat="24.6071947" lon="121.6924332"/>
  <node id="3210375397" lat="24.6061436" lon="121.6929006"/>
  <node id="4430953984" lat="24.6052352" lon="121.6931983"/>
  <node id="4430953983" lat="24.6051328" lon="121.6932103"/>
  <node id="4430953982" lat="24.6049877" lon="121.6931567"/>
  <node id="4430953981" lat="24.6048853" lon="121.6929972"/>
  <node id="5474479641" lat="24.6048757" lon="121.6929644"/>
  <node id="4443557588" lat="24.6048624" lon="121.6929187"/>
  <node id="4443557789" lat="24.6048636" lon="121.6928221"/>
  <node id="4443557790" lat="24.6048880" lon="121.6927309"/>
  <node id="4443557791" lat="24.6049355" lon="121.6926545"/>
  <node id="4443557792" lat="24.6050258" lon="121.6925633"/>
  <node id="4443557793" lat="24.6050550" lon="121.6924399"/>
  <node id="4443557794" lat="24.6050831" lon="121.6923769"/>
  <node id="4443557795" lat="24.6051331" lon="121.6923487"/>
  <node id="4443557796" lat="24.6051733" lon="121.6923407"/>
  <node id="4443557797" lat="24.6053233" lon="121.6923487"/>
  <node id="4443557798" lat="24.6054245" lon="121.6923380"/>
  <node id="4443557799" lat="24.6054708" lon="121.6923058"/>
  <node id="4443557800" lat="24.6055074" lon="121.6922723"/>
  <node id="4443557801" lat="24.6056306" lon="121.6921381"/>
  <node id="4443557802" lat="24.6057952" lon="121.6919920"/>
  <node id="4443557803" lat="24.6060695" lon="121.6916996"/>
  <node id="4443557804" lat="24.6061756" lon="121.6915628"/>
  <node id="4443557805" lat="24.6062414" lon="121.6914676"/>
  <node id="4443557806" lat="24.6062829" lon="121.6914341"/>
  <node id="4443557807" lat="24.6063378" lon="121.6914140"/>
  <node id="4443557811" lat="24.6063975" lon="121.6913389"/>
  <node id="4443557812" lat="24.6064097" lon="121.6912852"/>
  <node id="4443557810" lat="24.6063951" lon="121.6912074"/>
  <node id="4443557808" lat="24.6063804" lon="121.6911457"/>
  <node id="4443557809" lat="24.6063878" lon="121.6910948"/>
  <node id="4443557813" lat="24.6064597" lon="121.6910116"/>
  <node id="4443557814" lat="24.6065158" lon="121.6909312"/>
  <node id="4443557815" lat="24.6065963" lon="121.6908064"/>
  <node id="4443557818" lat="24.6066633" lon="121.6906938"/>
  <node id="4443557820" lat="24.6066706" lon="121.6906442"/>
  <node id="4443557819" lat="24.6066658" lon="121.6905261"/>
  <node id="4443557816" lat="24.6066426" lon="121.6903263"/>
  <node id="4443557817" lat="24.6066475" lon="121.6901909"/>
  <node id="4443557821" lat="24.6066853" lon="121.6901198"/>
  <node id="4443557822" lat="24.6067218" lon="121.6900849"/>
  <node id="4443557823" lat="24.6068901" lon="121.6900313"/>
  <node id="4443557824" lat="24.6069596" lon="121.6900273"/>
  <node id="4443533222" lat="24.6070374" lon="121.6900401"/>
  <node id="994345663" lat="24.6320609" lon="121.7123637"/>
  <node id="4430922724" lat="24.6319189" lon="121.7127537"/>
  <node id="3210375818" lat="24.6317505" lon="121.7131613"/>
  <node id="4430922720" lat="24.6319321" lon="121.7135073"/>
  <node id="3210375823" lat="24.6322759" lon="121.7140786"/>
  <node id="3210375843" lat="24.6334303" lon="121.7159441"/>
  <node id="4430922743" lat="24.6337158" lon="121.7164940"/>
  <node id="3210375848" lat="24.6340033" lon="121.7169017"/>
  <node id="4430922756" lat="24.6345192" lon="121.7178123"/>
  <node id="3210375864" lat="24.6349909" lon="121.7185781"/>
  <node id="3210375872" lat="24.6355413" lon="121.7194454"/>
  <node id="3210375887" lat="24.6363276" lon="121.7207313"/>
  <node id="3210375916" lat="24.6376847" lon="121.7229329"/>
  <node id="10293026615" lat="24.6376996" lon="121.7229649"/>
  <node id="2083249601" lat="24.6094958" lon="121.6869315"/>
  <node id="3210375404" lat="24.6095308" lon="121.6868786"/>
  <node id="3210375401" lat="24.6092727" lon="121.6866527"/>
  <node id="4443526407" lat="24.6091652" lon="121.6865060"/>
  <node id="5474479135" lat="24.6091157" lon="121.6864310"/>
  <node id="3210375399" lat="24.6091031" lon="121.6863479"/>
  <node id="5474479134" lat="24.6091075" lon="121.6862751"/>
  <node id="3210375400" lat="24.6091563" lon="121.6861820"/>
  <node id="5474479133" lat="24.6092187" lon="121.6861288"/>
  <node id="3210375402" lat="24.6093107" lon="121.6861041"/>
  <node id="3210375403" lat="24.6094748" lon="121.6861282"/>
  <node id="3210375413" lat="24.6104801" lon="121.6868594"/>
  <node id="3210375415" lat="24.6106940" lon="121.6870471"/>
  <node id="5474479132" lat="24.6108272" lon="121.6872569"/>
  <node id="4443526408" lat="24.6109974" lon="121.6875358"/>
  <node id="3210375417" lat="24.6110956" lon="121.6876758"/>
  <node id="5474479152" lat="24.6112472" lon="121.6876791"/>
  <node id="5474479153" lat="24.6113553" lon="121.6877101"/>
  <node id="4443526409" lat="24.6114634" lon="121.6877536"/>
  <node id="4443526410" lat="24.6116629" lon="121.6878456"/>
  <node id="3210375419" lat="24.6118244" lon="121.6879072"/>
  <node id="4443526412" lat="24.6119865" lon="121.6879800"/>
  <node id="5474479154" lat="24.6124175" lon="121.6880829"/>
  <node id="3210375423" lat="24.6127723" lon="121.6881735"/>
  <node id="5474479155" lat="24.6132009" lon="121.6883123"/>
  <node id="3210375424" lat="24.6134229" lon="121.6883820"/>
  <node id="3210375425" lat="24.6135917" lon="121.6884177"/>
  <node id="5474479157" lat="24.6138005" lon="121.6884515"/>
  <node id="5474479158" lat="24.6139116" lon="121.6884463"/>
  <node id="5474479159" lat="24.6140142" lon="121.6884757"/>
  <node id="5474479160" lat="24.6140723" lon="121.6885225"/>
  <node id="5474479161" lat="24.6141440" lon="121.6885657"/>
  <node id="5474479162" lat="24.6141955" lon="121.6885700"/>
  <node id="5474479163" lat="24.6142325" lon="121.6885425"/>
  <node id="5474479164" lat="24.6142549" lon="121.6885016"/>
  <node id="5474479156" lat="24.6142291" lon="121.6884607"/>
  <node id="4443526413" lat="24.6139465" lon="121.6880151"/>
  <node id="4443526414" lat="24.6138855" lon="121.6879136"/>
  <node id="3210375428" lat="24.6138311" lon="121.6877273"/>
  <node id="3210375940" lat="24.6391666" lon="121.7025202"/>
  <node id="4430931539" lat="24.6402306" lon="121.6989623"/>
  <node id="3210375950" lat="24.6402845" lon="121.6987830"/>
  <node id="3210375953" lat="24.6401054" lon="121.6986194"/>
  <node id="3210375948" lat="24.6398555" lon="121.6984048"/>
  <node id="4430931533" lat="24.6396970" lon="121.6982278"/>
  <node id="4430931525" lat="24.6394788" lon="121.6979569"/>
  <node id="4430931510" lat="24.6391594" lon="121.6975358"/>
  <node id="3210375941" lat="24.6391253" lon="121.6974218"/>
  <node id="3210375939" lat="24.6391801" lon="121.6972622"/>
  <node id="4430931511" lat="24.6391801" lon="121.6972045"/>
  <node id="3210375942" lat="24.6391107" lon="121.6970597"/>
  <node id="4430931500" lat="24.6389266" lon="121.6968169"/>
  <node id="3210375936" lat="24.6388705" lon="121.6966681"/>
  <node id="4430931497" lat="24.6388169" lon="121.6964964"/>
  <node id="3210375935" lat="24.6387779" lon="121.6964656"/>
  <node id="3210375932" lat="24.6386218" lon="121.6964495"/>
  <node id="3210375930" lat="24.6385468" lon="121.6960716"/>
  <node id="3210375925" lat="24.6382200" lon="121.6956122"/>
  <node id="3210375915" lat="24.6376890" lon="121.6946036"/>
  <node id="3210375909" lat="24.6375801" lon="121.6943315"/>
  <node id="3210375912" lat="24.6376277" lon="121.6936674"/>
  <node id="3210375911" lat="24.6376186" lon="121.6934776"/>
  <node id="3210375919" lat="24.6377866" lon="121.6933928"/>
  <node id="3210375806" lat="24.6310897" lon="121.7137608"/>
  <node id="3210375799" lat="24.6304682" lon="121.7141169"/>
  <node id="4430922683" lat="24.6302878" lon="121.7140351"/>
  <node id="3210375797" lat="24.6301793" lon="121.7140190"/>
  <node id="3210375793" lat="24.6301171" lon="121.7140539"/>
  <node id="3210375792" lat="24.6300805" lon="121.7141518"/>
  <node id="4430922681" lat="24.6300525" lon="121.7142912"/>
  <node id="4430922680" lat="24.6300184" lon="121.7143342"/>
  <node id="3210375791" lat="24.6299050" lon="121.7145152"/>
  <node id="4430922679" lat="24.6298757" lon="121.7156511"/>
  <node id="3210375790" lat="24.6298453" lon="121.7168313"/>
  <node id="3210375789" lat="24.6298306" lon="121.7172162"/>
  <node id="3210375800" lat="24.6304329" lon="121.7176856"/>
  <node id="4430922687" lat="24.6307059" lon="121.7183213"/>
  <node id="4430922688" lat="24.6307486" lon="121.7184084"/>
  <node id="3210375802" lat="24.6308169" lon="121.7184500"/>
  <node id="7918338522" lat="24.6309692" lon="121.7188544"/>
  <node id="4430922694" lat="24.6310973" lon="121.7191943"/>
  <node id="3210375809" lat="24.6311216" lon="121.7193687"/>
  <node id="3210375807" lat="24.6311034" lon="121.7197897"/>
  <node id="4430922693" lat="24.6311400" lon="121.7199025"/>
  <node id="3210375810" lat="24.6311656" lon="121.7199655"/>
  <node id="3210375813" lat="24.6314398" lon="121.7200714"/>
  <node id="4430922706" lat="24.6315581" lon="121.7202109"/>
  <node id="3210375814" lat="24.6315849" lon="121.7203463"/>
  <node id="3210375816" lat="24.6317153" lon="121.7205777"/>
  <node id="4430922722" lat="24.6318665" lon="121.7207681"/>
  <node id="7918338530" lat="24.6324912" lon="121.7212382"/>
  <node id="3210375430" lat="24.6142237" lon="121.6874859"/>
  <node id="5474479166" lat="24.6149440" lon="121.6874750"/>
  <node id="3210375451" lat="24.6156643" lon="121.6874538"/>
  <node id="3210375471" lat="24.6161160" lon="121.6874785"/>
  <node id="5474479176" lat="24.6161582" lon="121.6874463"/>
  <node id="4430954325" lat="24.6161916" lon="121.6874208"/>
  <node id="3210375479" lat="24.6162586" lon="121.6873256"/>
  <node id="4443526415" lat="24.6163080" lon="121.6872011"/>
  <node id="3210375483" lat="24.6163294" lon="121.6870776"/>
  <node id="3210375482" lat="24.6162952" lon="121.6864466"/>
  <node id="4430954326" lat="24.6163160" lon="121.6862629"/>
  <node id="4443526416" lat="24.6163373" lon="121.6861859"/>
  <node id="3210375485" lat="24.6163867" lon="121.6861180"/>
  <node id="3210375495" lat="24.6165037" lon="121.6860503"/>
  <node id="3210375505" lat="24.6168329" lon="121.6859256"/>
  <node id="3210375525" lat="24.6176095" lon="121.6856345"/>
  <node id="3210375531" lat="24.6177888" lon="121.6855272"/>
  <node id="3210375538" lat="24.6178943" lon="121.6853847"/>
  <node id="3210375532" lat="24.6178344" lon="121.6852687"/>
  <node id="4443541994" lat="24.6177610" lon="121.6850339"/>
  <node id="3210375528" lat="24.6177358" lon="121.6848993"/>
  <node id="3210375542" lat="24.6180265" lon="121.6837435"/>
  <node id="10080041584" lat="24.6182400" lon="121.6829596"/>
  <node id="10080041583" lat="24.6184533" lon="121.6823038"/>
  <node id="7638516110" lat="24.6185025" lon="121.6821769"/>
  <node id="3210375569" lat="24.6185958" lon="121.6820606"/>
  <node id="10080041582" lat="24.6188666" lon="121.6818345"/>
  <node id="4430842292" lat="24.6191049" lon="121.6816604"/>
  <node id="4430842293" lat="24.6191597" lon="121.6815693"/>
  <node id="3210375597" lat="24.6192635" lon="121.6813922"/>
  <node id="3210375601" lat="24.6193488" lon="121.6813546"/>
  <node id="4430842294" lat="24.6194609" lon="121.6812822"/>
  <node id="3210375604" lat="24.6195497" lon="121.6811713"/>
  <node id="4430842295" lat="24.6196340" lon="121.6810864"/>
  <node id="3210375607" lat="24.6197841" lon="121.6809634"/>
  <node id="3210375616" lat="24.6198376" lon="121.6808962"/>
  <node id="3210375620" lat="24.6198613" lon="121.6807626"/>
  <node id="4430842296" lat="24.6199168" lon="121.6804534"/>
  <node id="4430842297" lat="24.6199229" lon="121.6803717"/>
  <node id="3210375622" lat="24.6199374" lon="121.6802485"/>
  <node id="4430842298" lat="24.6200461" lon="121.6801115"/>
  <node id="4430842299" lat="24.6201497" lon="121.6800056"/>
  <node id="3210375630" lat="24.6202595" lon="121.6797871"/>
  <node id="3210375633" lat="24.6202888" lon="121.6794640"/>
  <node id="4430842306" lat="24.6203301" lon="121.6792747"/>
  <node id="3210375641" lat="24.6204354" lon="121.6789642"/>
  <node id="3210375649" lat="24.6205224" lon="121.6788882"/>
  <node id="3210375656" lat="24.6206223" lon="121.6788591"/>
  <node id="3210375661" lat="24.6207388" lon="121.6788918"/>
  <node id="3210375666" lat="24.6208492" lon="121.6788298"/>
  <node id="10080041576" lat="24.6208515" lon="121.6787030"/>
  <node id="3210375663" lat="24.6207951" lon="121.6784071"/>
  <node id="4430842313" lat="24.6207129" lon="121.6782554"/>
  <node id="3210375657" lat="24.6206373" lon="121.6780945"/>
  <node id="10080041539" lat="24.6206528" lon="121.6778581"/>
  <node id="3210375658" lat="24.6206393" lon="121.6776897"/>
  <node id="4430842312" lat="24.6205727" lon="121.6774386"/>
  <node id="3210375653" lat="24.6205993" lon="121.6773156"/>
  <node id="4430842314" lat="24.6206984" lon="121.6771168"/>
  <node id="3210375664" lat="24.6207750" lon="121.6768859"/>
  <node id="10080041850" lat="24.6208064" lon="121.6767570"/>
  <node id="4430842315" lat="24.6207435" lon="121.6766863"/>
  <node id="10080041851" lat="24.6204540" lon="121.6766605"/>
  <node id="3210375654" lat="24.6203847" lon="121.6766178"/>
  <node id="3210375645" lat="24.6203556" lon="121.6765655"/>
  <node id="4430842307" lat="24.6203155" lon="121.6764341"/>
  <node id="3210375635" lat="24.6202688" lon="121.6763042"/>
  <node id="4430842305" lat="24.6202558" lon="121.6761915"/>
  <node id="3210375632" lat="24.6202636" lon="121.6760889"/>
  <node id="4430842309" lat="24.6203862" lon="121.6759018"/>
  <node id="3210375644" lat="24.6203991" lon="121.6758559"/>
  <node id="4430842308" lat="24.6203667" lon="121.6754605"/>
  <node id="3210375638" lat="24.6203307" lon="121.6753916"/>
  <node id="4430842303" lat="24.6202119" lon="121.6751829"/>
  <node id="4430842301" lat="24.6201826" lon="121.6751105"/>
  <node id="3210375629" lat="24.6201750" lon="121.6750011"/>
  <node id="3210375628" lat="24.6202226" lon="121.6749538"/>
  <node id="3210375640" lat="24.6203094" lon="121.6748811"/>
  <node id="4430842310" lat="24.6203667" lon="121.6747953"/>
  <node id="3210375646" lat="24.6204244" lon="121.6746411"/>
  <node id="10080041538" lat="24.6204260" lon="121.6745871"/>
  <node id="3210375636" lat="24.6203784" lon="121.6745273"/>
  <node id="4430842302" lat="24.6203131" lon="121.6744950"/>
  <node id="4430842300" lat="24.6201704" lon="121.6742871"/>
  <node id="3210375626" lat="24.6200897" lon="121.6739659"/>
  <node id="3210375625" lat="24.6200938" lon="121.6738787"/>
  <node id="10080041537" lat="24.6201431" lon="121.6737758"/>
  <node id="4430842304" lat="24.6202912" lon="121.6735897"/>
  <node id="3210375634" lat="24.6202948" lon="121.6735040"/>
  <node id="3210375631" lat="24.6202494" lon="121.6734308"/>
  <node id="10080041536" lat="24.6201175" lon="121.6733640"/>
  <node id="3210375623" lat="24.6200422" lon="121.6732964"/>
  <node id="3210375610" lat="24.6197091" lon="121.6726813"/>
  <node id="10080041535" lat="24.6195421" lon="121.6724816"/>
  <node id="3210375603" lat="24.6193675" lon="121.6723333"/>
  <node id="3210375591" lat="24.6190308" lon="121.6720126"/>
  <node id="10080041533" lat="24.6189922" lon="121.6719425"/>
  <node id="10080041534" lat="24.6189581" lon="121.6718030"/>
  <node id="3210375586" lat="24.6189156" lon="121.6716934"/>
  <node id="3210375583" lat="24.6188370" lon="121.6715618"/>
  <node id="3210375578" lat="24.6187204" lon="121.6714860"/>
  <node id="3210375570" lat="24.6186156" lon="121.6714739"/>
  <node id="3210375561" lat="24.6184331" lon="121.6715500"/>
  <node id="4430842291" lat="24.6183148" lon="121.6715914"/>
  <node id="3210375555" lat="24.6182532" lon="121.6716002"/>
  <node id="10080041532" lat="24.6181888" lon="121.6715576"/>
  <node id="3210375553" lat="24.6181722" lon="121.6715116"/>
  <node id="10080041531" lat="24.6181790" lon="121.6713323"/>
  <node id="3210375550" lat="24.6181486" lon="121.6711993"/>
  <node id="10080041530" lat="24.6174121" lon="121.6702312"/>
  <node id="3210375512" lat="24.6172253" lon="121.6699393"/>
  <node id="4430842187" lat="24.6169908" lon="121.6696804"/>
  <node id="3210375506" lat="24.6169449" lon="121.6695867"/>
  <node id="4430842186" lat="24.6167957" lon="121.6691855"/>
  <node id="3210375504" lat="24.6166712" lon="121.6689689"/>
  <node id="3210375494" lat="24.6165339" lon="121.6687397"/>
  <node id="3210375480" lat="24.6164207" lon="121.6685462"/>
  <node id="3210375472" lat="24.6162741" lon="121.6683615"/>
  <node id="3210375454" lat="24.6160069" lon="121.6682961"/>
  <node id="3210375446" lat="24.6153462" lon="121.6681873"/>
  <node id="4430842152" lat="24.6151864" lon="121.6680644"/>
  <node id="3210375443" lat="24.6151092" lon="121.6679618"/>
  <node id="4430842150" lat="24.6150705" lon="121.6678672"/>
  <node id="3210375442" lat="24.6150747" lon="121.6677867"/>
  <node id="4430842151" lat="24.6151107" lon="121.6677063"/>
  <node id="3210375444" lat="24.6152411" lon="121.6676102"/>
  <node id="4430842154" lat="24.6153644" lon="121.6676111"/>
  <node id="3210375447" lat="24.6154735" lon="121.6675747"/>
  <node id="4430842155" lat="24.6155862" lon="121.6674635"/>
  <node id="4603988639" lat="24.6156359" lon="121.6673929"/>
  <node id="4430842156" lat="24.6156667" lon="121.6672999"/>
  <node id="3210375449" lat="24.6156727" lon="121.6672108"/>
  <node id="3210375448" lat="24.6156370" lon="121.6667734"/>
  <node id="10080041529" lat="24.6155845" lon="121.6665727"/>
  <node id="10080041528" lat="24.6154516" lon="121.6661878"/>
  <node id="3210375445" lat="24.6153597" lon="121.6660818"/>
  <node id="3210375441" lat="24.6150610" lon="121.6654008"/>
  <node id="4430842148" lat="24.6149596" lon="121.6652011"/>
  <node id="10080041527" lat="24.6148518" lon="121.6650479"/>
  <node id="3210375435" lat="24.6148006" lon="121.6649011"/>
  <node id="10080041526" lat="24.6148103" lon="121.6647877"/>
  <node id="3210375437" lat="24.6148675" lon="121.6647541"/>
  <node id="4430842149" lat="24.6149644" lon="121.6647880"/>
  <node id="3210375440" lat="24.6150722" lon="121.6648817"/>
  <node id="4430842153" lat="24.6153351" lon="121.6652722"/>
  <node id="3210375450" lat="24.6156022" lon="121.6656073"/>
  <node id="4430842160" lat="24.6157264" lon="121.6657711"/>
  <node id="10080041525" lat="24.6158015" lon="121.6658150"/>
  <node id="3210375455" lat="24.6158474" lon="121.6658258"/>
  <node id="4430842164" lat="24.6160008" lon="121.6657777"/>
  <node id="3210375465" lat="24.6160527" lon="121.6657740"/>
  <node id="10080041524" lat="24.6161185" lon="121.6658418"/>
  <node id="4430842169" lat="24.6161910" lon="121.6659870"/>
  <node id="4430842172" lat="24.6162653" lon="121.6661626"/>
  <node id="10080041523" lat="24.6163222" lon="121.6662616"/>
  <node id="4430842173" lat="24.6163739" lon="121.6663866"/>
  <node id="3210375487" lat="24.6164623" lon="121.6665300"/>
  <node id="4430842182" lat="24.6165178" lon="121.6665502"/>
  <node id="10080041522" lat="24.6165587" lon="121.6665325"/>
  <node id="3210375493" lat="24.6165811" lon="121.6664840"/>
  <node id="3210375496" lat="24.6165760" lon="121.6664422"/>
  <node id="4430842183" lat="24.6165397" lon="121.6663732"/>
  <node id="4430842180" lat="24.6164738" lon="121.6662847"/>
  <node id="4430842179" lat="24.6164275" lon="121.6661935"/>
  <node id="3210375486" lat="24.6164273" lon="121.6660879"/>
  <node id="3210375490" lat="24.6164436" lon="121.6659858"/>
  <node id="10080041521" lat="24.6165441" lon="121.6657613"/>
  <node id="3210375492" lat="24.6166164" lon="121.6654666"/>
  <node id="10080041520" lat="24.6166477" lon="121.6653000"/>
  <node id="10080041519" lat="24.6166270" lon="121.6652369"/>
  <node id="4430842181" lat="24.6165604" lon="121.6651703"/>
  <node id="4430842175" lat="24.6164666" lon="121.6651689"/>
  <node id="3210375481" lat="24.6162671" lon="121.6651886"/>
  <node id="4430842170" lat="24.6161983" lon="121.6651542"/>
  <node id="3210375474" lat="24.6160677" lon="121.6649912"/>
  <node id="3210375452" lat="24.6158542" lon="121.6647707"/>
  <node id="4430842159" lat="24.6157180" lon="121.6646150"/>
  <node id="4430842158" lat="24.6156753" lon="121.6645238"/>
  <node id="3210375453" lat="24.6156991" lon="121.6644629"/>
  <node id="10080041518" lat="24.6157759" lon="121.6644578"/>
  <node id="3210375457" lat="24.6158313" lon="121.6645306"/>
  <node id="10080041517" lat="24.6158966" lon="121.6646576"/>
  <node id="4430842166" lat="24.6161203" lon="121.6648645"/>
  <node id="3210375470" lat="24.6161976" lon="121.6648995"/>
  <node id="3210375477" lat="24.6162587" lon="121.6648807"/>
  <node id="3210375478" lat="24.6162500" lon="121.6648121"/>
  <node id="10080041516" lat="24.6162197" lon="121.6647568"/>
  <node id="3210375467" lat="24.6160817" lon="121.6647054"/>
  <node id="10080041515" lat="24.6159820" lon="121.6645490"/>
  <node id="3210375463" lat="24.6159559" lon="121.6644487"/>
  <node id="4430842163" lat="24.6159361" lon="121.6643656"/>
  <node id="4430842162" lat="24.6159410" lon="121.6642610"/>
  <node id="3210375460" lat="24.6159573" lon="121.6640435"/>
  <node id="3210375462" lat="24.6159460" lon="121.6639137"/>
  <node id="3210375458" lat="24.6158770" lon="121.6636052"/>
  <node id="3210375456" lat="24.6158366" lon="121.6633299"/>
  <node id="10080041514" lat="24.6158418" lon="121.6632280"/>
  <node id="3210375459" lat="24.6158673" lon="121.6631788"/>
  <node id="10080041513" lat="24.6159320" lon="121.6631770"/>
  <node id="3210375461" lat="24.6159643" lon="121.6632526"/>
  <node id="10080041512" lat="24.6159576" lon="121.6633983"/>
  <node id="4430842165" lat="24.6159483" lon="121.6635234"/>
  <node id="10080041511" lat="24.6159759" lon="121.6636384"/>
  <node id="3210375464" lat="24.6160097" lon="121.6637312"/>
  <node id="3210375468" lat="24.6160805" lon="121.6639037"/>
  <node id="4430842167" lat="24.6161191" lon="121.6640732"/>
  <node id="4430842168" lat="24.6161593" lon="121.6641335"/>
  <node id="3210375476" lat="24.6162339" lon="121.6641880"/>
  <node id="10080041510" lat="24.6163417" lon="121.6642258"/>
  <node id="3210375488" lat="24.6165372" lon="121.6642857"/>
  <node id="10080041509" lat="24.6165953" lon="121.6643545"/>
  <node id="4430842185" lat="24.6166591" lon="121.6644634"/>
  <node id="3210375500" lat="24.6167127" lon="121.6645201"/>
  <node id="3210375502" lat="24.6167673" lon="121.6645194"/>
  <node id="10080041508" lat="24.6168074" lon="121.6644792"/>
  <node id="3210375503" lat="24.6168114" lon="121.6644236"/>
  <node id="3210375499" lat="24.6166657" lon="121.6642541"/>
  <node id="10080041507" lat="24.6166075" lon="121.6639978"/>
  <node id="3210375491" lat="24.6165311" lon="121.6638510"/>
  <node id="4430842177" lat="24.6164580" lon="121.6637279"/>
  <node id="4430842174" lat="24.6164056" lon="121.6636494"/>
  <node id="10080041506" lat="24.6163709" lon="121.6635418"/>
  <node id="3210375484" lat="24.6163804" lon="121.6634262"/>
  <node id="4430842178" lat="24.6164226" lon="121.6633758"/>
  <node id="3210375489" lat="24.6164927" lon="121.6633234"/>
  <node id="4430842184" lat="24.6165714" lon="121.6632914"/>
  <node id="3210375498" lat="24.6166737" lon="121.6633145"/>
  <node id="10080041505" lat="24.6168513" lon="121.6634935"/>
  <node id="3210375508" lat="24.6170175" lon="121.6637590"/>
  <node id="4430842289" lat="24.6170603" lon="121.6638211"/>
  <node id="4430842290" lat="24.6171371" lon="121.6638345"/>
  <node id="3210375514" lat="24.6171952" lon="121.6638129"/>
  <node id="3210375517" lat="24.6172194" lon="121.6637223"/>
  <node id="3210375515" lat="24.6171925" lon="121.6635888"/>
  <node id="3210375511" lat="24.6171607" lon="121.6633295"/>
  <node id="3210375516" lat="24.6172236" lon="121.6630409"/>
  <node id="10080041504" lat="24.6171878" lon="121.6626111"/>
  <node id="10080041503" lat="24.6171793" lon="121.6623737"/>
  <node id="3210375513" lat="24.6171372" lon="121.6621419"/>
  <node id="10080041502" lat="24.6171671" lon="121.6620934"/>
  <node id="3210375518" lat="24.6172210" lon="121.6620940"/>
  <node id="10080041501" lat="24.6172744" lon="121.6621497"/>
  <node id="3210375520" lat="24.6173855" lon="121.6626298"/>
  <node id="3210375524" lat="24.6176660" lon="121.6631472"/>
  <node id="10080041500" lat="24.6177596" lon="121.6632159"/>
  <node id="3210375536" lat="24.6179851" lon="121.6632303"/>
  <node id="10080041499" lat="24.6182132" lon="121.6632132"/>
  <node id="3210375564" lat="24.6184564" lon="121.6632454"/>
  <node id="10080041498" lat="24.6185338" lon="121.6633232"/>
  <node id="3210375573" lat="24.6185882" lon="121.6634460"/>
  <node id="10080041497" lat="24.6186411" lon="121.6634707"/>
  <node id="10080041496" lat="24.6186777" lon="121.6634466"/>
  <node id="3210375579" lat="24.6186950" lon="121.6633921"/>
  <node id="10080041495" lat="24.6186716" lon="121.6632535"/>
  <node id="3210375575" lat="24.6185946" lon="121.6631318"/>
  <node id="10080041494" lat="24.6184655" lon="121.6630281"/>
  <node id="10080041493" lat="24.6182802" lon="121.6629209"/>
  <node id="10080041492" lat="24.6181961" lon="121.6628659"/>
  <node id="10080041491" lat="24.6181924" lon="121.6628069"/>
  <node id="3210375556" lat="24.6182455" lon="121.6627142"/>
  <node id="10080041490" lat="24.6182680" lon="121.6624823"/>
  <node id="10080041488" lat="24.6182400" lon="121.6623804"/>
  <node id="10080041489" lat="24.6181802" lon="121.6622449"/>
  <node id="3210375551" lat="24.6181667" lon="121.6618212"/>
  <node id="10080041487" lat="24.6181546" lon="121.6617420"/>
  <node id="10080041486" lat="24.6181181" lon="121.6616642"/>
  <node id="10080041485" lat="24.6180388" lon="121.6614966"/>
  <node id="3210375543" lat="24.6180314" lon="121.6614050"/>
  <node id="10080041484" lat="24.6181034" lon="121.6610876"/>
  <node id="10080041483" lat="24.6181717" lon="121.6607174"/>
  <node id="10080041482" lat="24.6181705" lon="121.6605632"/>
  <node id="3210375552" lat="24.6182171" lon="121.6604501"/>
  <node id="10080041481" lat="24.6182046" lon="121.6603915"/>
  <node id="3210375545" lat="24.6180297" lon="121.6602048"/>
  <node id="10080041480" lat="24.6178559" lon="121.6600227"/>
  <node id="3210375527" lat="24.6176451" lon="121.6596385"/>
  <node id="10080041479" lat="24.6176596" lon="121.6595909"/>
  <node id="3210375526" lat="24.6179054" lon="121.6594137"/>
  <node id="3210375535" lat="24.6179258" lon="121.6593436"/>
  <node id="10080041478" lat="24.6179035" lon="121.6592824"/>
  <node id="3210375533" lat="24.6178632" lon="121.6592470"/>
  <node id="10080041477" lat="24.6176267" lon="121.6590907"/>
  <node id="3210375523" lat="24.6176083" lon="121.6590511"/>
  <node id="4603988651" lat="24.6176174" lon="121.6589744"/>
  <node id="10080041476" lat="24.6176877" lon="121.6587447"/>
  <node id="10080041475" lat="24.6176986" lon="121.6586629"/>
  <node id="4603988652" lat="24.6176870" lon="121.6586070"/>
  <node id="4603988653" lat="24.6175246" lon="121.6584516"/>
  <node id="10080041474" lat="24.6174731" lon="121.6583651"/>
  <node id="10080041473" lat="24.6174243" lon="121.6583490"/>
  <node id="10080041472" lat="24.6173585" lon="121.6583490"/>
  <node id="4603988654" lat="24.6172447" lon="121.6583741"/>
  <node id="10080041470" lat="24.6172036" lon="121.6583611"/>
  <node id="10080041471" lat="24.6171439" lon="121.6583155"/>
  <node id="10080041469" lat="24.6170159" lon="121.6583316"/>
  <node id="10080041468" lat="24.6169391" lon="121.6584228"/>
  <node id="4603988655" lat="24.6168815" lon="121.6584541"/>
  <node id="10080041467" lat="24.6166904" lon="121.6584872"/>
  <node id="10080041466" lat="24.6165782" lon="121.6584550"/>
  <node id="4603988656" lat="24.6163802" lon="121.6584031"/>
  <node id="10080041465" lat="24.6163368" lon="121.6583557"/>
  <node id="4603988657" lat="24.6162938" lon="121.6582585"/>
  <node id="10080041464" lat="24.6162502" lon="121.6580875"/>
  <node id="4603988658" lat="24.6162083" lon="121.6580050"/>
  <node id="10080041427" lat="24.6160881" lon="121.6578689"/>
  <node id="4603988659" lat="24.6159456" lon="121.6578075"/>
  <node id="10080041428" lat="24.6158442" lon="121.6577831"/>
  <node id="4603988660" lat="24.6155833" lon="121.6577831"/>
  <node id="10080041429" lat="24.6154553" lon="121.6577844"/>
  <node id="10080041430" lat="24.6153504" lon="121.6577603"/>
  <node id="4603988661" lat="24.6152939" lon="121.6577118"/>
  <node id="10080041431" lat="24.6152261" lon="121.6576087"/>
  <node id="4603988688" lat="24.6151642" lon="121.6574399"/>
  <node id="10080041432" lat="24.6150907" lon="121.6573070"/>
  <node id="10080041433" lat="24.6150164" lon="121.6571863"/>
  <node id="4603988662" lat="24.6150102" lon="121.6570808"/>
  <node id="10080041434" lat="24.6151005" lon="121.6569476"/>
  <node id="10080041435" lat="24.6150907" lon="121.6568497"/>
  <node id="4603988663" lat="24.6150302" lon="121.6566884"/>
  <node id="4603988664" lat="24.6149675" lon="121.6565050"/>
  <node id="4603988665" lat="24.6148632" lon="121.6563517"/>
  <node id="10080041436" lat="24.6147055" lon="121.6562542"/>
  <node id="10080041437" lat="24.6146421" lon="121.6561966"/>
  <node id="4603988666" lat="24.6145963" lon="121.6561028"/>
  <node id="10080041438" lat="24.6145908" lon="121.6559029"/>
  <node id="4603988667" lat="24.6145888" lon="121.6557695"/>
  <node id="10080041439" lat="24.6146323" lon="121.6556413"/>
  <node id="4603988668" lat="24.6146719" lon="121.6555797"/>
  <node id="10080041440" lat="24.6148164" lon="121.6554804"/>
  <node id="4603988669" lat="24.6148737" lon="121.6554007"/>
  <node id="4603988670" lat="24.6149069" lon="121.6553178"/>
  <node id="10080041441" lat="24.6149042" lon="121.6552538"/>
  <node id="4603988671" lat="24.6148600" lon="121.6552395"/>
  <node id="10080041442" lat="24.6147591" lon="121.6552685"/>
  <node id="4603988672" lat="24.6146417" lon="121.6553231"/>
  <node id="10080041443" lat="24.6145433" lon="121.6553262"/>
  <node id="4603988673" lat="24.6144793" lon="121.6553142"/>
  <node id="10080041444" lat="24.6144579" lon="121.6552699"/>
  <node id="10080041445" lat="24.6144250" lon="121.6552041"/>
  <node id="4603988674" lat="24.6144287" lon="121.6550790"/>
  <node id="10080041446" lat="24.6144299" lon="121.6549547"/>
  <node id="4603988675" lat="24.6143878" lon="121.6548516"/>
  <node id="10080041447" lat="24.6142921" lon="121.6547227"/>
  <node id="10080041448" lat="24.6142409" lon="121.6546704"/>
  <node id="4603988676" lat="24.6142505" lon="121.6546098"/>
  <node id="10080041449" lat="24.6142885" lon="121.6545819"/>
  <node id="4603988677" lat="24.6143466" lon="121.6546256"/>
  <node id="4603988678" lat="24.6143902" lon="121.6547019"/>
  <node id="10080041450" lat="24.6145799" lon="121.6547871"/>
  <node id="4603988679" lat="24.6146182" lon="121.6548344"/>
  <node id="10080041451" lat="24.6146433" lon="121.6549601"/>
  <node id="4603988680" lat="24.6146741" lon="121.6550215"/>
  <node id="10080041452" lat="24.6147189" lon="121.6550352"/>
  <node id="4603988681" lat="24.6147570" lon="121.6549999"/>
  <node id="10080041453" lat="24.6147786" lon="121.6548581"/>
  <node id="4603988682" lat="24.6147676" lon="121.6547657"/>
  <node id="10080041454" lat="24.6147006" lon="121.6546972"/>
  <node id="4603988683" lat="24.6145952" lon="121.6546229"/>
  <node id="10080041455" lat="24.6145104" lon="121.6545175"/>
  <node id="4603988684" lat="24.6144785" lon="121.6543751"/>
  <node id="10080041456" lat="24.6144921" lon="121.6540790"/>
  <node id="4603988685" lat="24.6145191" lon="121.6540178"/>
  <node id="10080041457" lat="24.6145799" lon="121.6540052"/>
  <node id="4603988686" lat="24.6146299" lon="121.6540819"/>
  <node id="4603988687" lat="24.6146575" lon="121.6543170"/>
  <node id="10080041458" lat="24.6146945" lon="121.6543861"/>
  <node id="4603988689" lat="24.6147701" lon="121.6544422"/>
  <node id="4603988690" lat="24.6148737" lon="121.6544958"/>
  <node id="4603988691" lat="24.6151640" lon="121.6544168"/>
  <node id="10080041459" lat="24.6154224" lon="121.6543230"/>
  <node id="10080041460" lat="24.6155577" lon="121.6543096"/>
  <node id="4603988692" lat="24.6157016" lon="121.6543698"/>
  <node id="10080041461" lat="24.6158771" lon="121.6543686"/>
  <node id="4603988693" lat="24.6159918" lon="121.6543336"/>
  <node id="10080041462" lat="24.6161246" lon="121.6542426"/>
  <node id="10080041463" lat="24.6162539" lon="121.6541594"/>
  <node id="4603988694" lat="24.6163429" lon="121.6541712"/>
  <node id="4603988695" lat="24.6166550" lon="121.6539500"/>
  <node id="3210375619" lat="24.6198815" lon="121.7007227"/>
  <node id="3210375611" lat="24.6197139" lon="121.7009499"/>
  <node id="4430954356" lat="24.6196944" lon="121.7010639"/>
  <node id="3210375612" lat="24.6196993" lon="121.7012610"/>
  <node id="3210375615" lat="24.6197627" lon="121.7016231"/>
  <node id="4430954358" lat="24.6197542" lon="121.7017183"/>
  <node id="3210375613" lat="24.6196505" lon="121.7020201"/>
  <node id="4430954354" lat="24.6195725" lon="121.7021301"/>
  <node id="3210375599" lat="24.6191994" lon="121.7024372"/>
  <node id="3210375598" lat="24.6191995" lon="121.7026625"/>
  <node id="4443526422" lat="24.6191796" lon="121.7027348"/>
  <node id="3210375594" lat="24.6191214" lon="121.7027858"/>
  <node id="4443526421" lat="24.6190041" lon="121.7027670"/>
  <node id="4443526420" lat="24.6189090" lon="121.7027509"/>
  <node id="3210375584" lat="24.6188337" lon="121.7027952"/>
  <node id="4430954346" lat="24.6187044" lon="121.7028784"/>
  <node id="3210375568" lat="24.6185491" lon="121.7030418"/>
  <node id="4430954342" lat="24.6183911" lon="121.7030098"/>
  <node id="4443526419" lat="24.6181994" lon="121.7029092"/>
  <node id="3210375541" lat="24.6179912" lon="121.7028220"/>
  <node id="4430954336" lat="24.6178766" lon="121.7028328"/>
  <node id="3210375521" lat="24.6174520" lon="121.7031394"/>
  <node id="3210375510" lat="24.6170650" lon="121.7036897"/>
  <node id="4443526417" lat="24.6168680" lon="121.7039070"/>
  <node id="3210375501" lat="24.6167208" lon="121.7040237"/>
  <node id="4430954329" lat="24.6165599" lon="121.7041015"/>
  <node id="3210375473" lat="24.6161575" lon="121.7041719"/>
  <node id="4430954323" lat="24.6160795" lon="121.7042148"/>
  <node id="3210375466" lat="24.6160331" lon="121.7042805"/>
  <node id="3210375475" lat="24.6160466" lon="121.7043355"/>
  <node id="4430954324" lat="24.6160978" lon="121.7043664"/>
  <node id="4430954327" lat="24.6163416" lon="121.7043301"/>
  <node id="4430954328" lat="24.6164574" lon="121.7043462"/>
  <node id="3210375497" lat="24.6165818" lon="121.7044643"/>
  <node id="3210375509" lat="24.6169963" lon="121.7049109"/>
  <node id="4443526418" lat="24.6170576" lon="121.7049269"/>
  <node id="4430954330" lat="24.6171219" lon="121.7049323"/>
  <node id="4430954331" lat="24.6172194" lon="121.7048867"/>
  <node id="3210375519" lat="24.6172902" lon="121.7048411"/>
  <node id="3210375522" lat="24.6175279" lon="121.7046721"/>
  <node id="4430954335" lat="24.6179046" lon="121.7045521"/>
  <node id="3210375547" lat="24.6180729" lon="121.7044877"/>
  <node id="3210376035" lat="24.6585132" lon="121.7248683"/>
  <node id="3707841574" lat="24.6586126" lon="121.7232485"/>
  <node id="5810251528" lat="24.6586378" lon="121.7226055"/>
  <node id="2083234455" lat="24.6586972" lon="121.7215342"/>
  <node id="5810251536" lat="24.6587744" lon="121.7200023"/>
  <node id="4431088394" lat="24.6588613" lon="121.7186089"/>
  <node id="3210376037" lat="24.6589834" lon="121.7163751"/>
  <node id="14177536180" lat="24.6590357" lon="121.7149884"/>
  <node id="14177536179" lat="24.6590389" lon="121.7149028"/>
  <node id="3210376038" lat="24.6590481" lon="121.7146600"/>
  <node id="4431088395" lat="24.6590731" lon="121.7144663"/>
  <node id="10308446884" lat="24.6591164" lon="121.7137697"/>
  <node id="4431088396" lat="24.6591316" lon="121.7135248"/>
  <node id="4431088397" lat="24.6591925" lon="121.7125485"/>
  <node id="4431088393" lat="24.6593248" lon="121.7101388"/>
  <node id="2938325116" lat="24.6346457" lon="121.7142557"/>
  <node id="4430922741" lat="24.6329588" lon="121.7165832"/>
  <node id="4430922734" lat="24.6322724" lon="121.7175112"/>
  <node id="3210375821" lat="24.6322042" lon="121.7175609"/>
  <node id="3210375819" lat="24.6319967" lon="121.7176580"/>
  <node id="2938325124" lat="24.6412393" lon="121.7194766"/>
  <node id="3210375956" lat="24.6403739" lon="121.7196831"/>
  <node id="4430922744" lat="24.6340065" lon="121.7213237"/>
  <node id="3210375833" lat="24.6329464" lon="121.7215566"/>
  <node id="2946920187" lat="24.6407453" lon="121.6991203"/>
  <node id="4430931542" lat="24.6403772" lon="121.6988400"/>
  <node id="3210375648" lat="24.6205271" lon="121.6765906"/>
  <node id="10080041849" lat="24.6205650" lon="121.6765451"/>
  <node id="10080041848" lat="24.6204492" lon="121.6763306"/>
  <node id="10080041847" lat="24.6204296" lon="121.6762474"/>
  <node id="3210375647" lat="24.6204275" lon="121.6761668"/>
  <node id="10080041846" lat="24.6204784" lon="121.6761146"/>
  <node id="3210375652" lat="24.6205463" lon="121.6760972"/>
  <node id="3210375659" lat="24.6206211" lon="121.6761057"/>
  <node id="10080041845" lat="24.6207600" lon="121.6761683"/>
  <node id="3210375667" lat="24.6208554" lon="121.6761819"/>
  <node id="3210375672" lat="24.6209667" lon="121.6761478"/>
  <node id="10080041844" lat="24.6210100" lon="121.6761053"/>
  <node id="3210375671" lat="24.6210141" lon="121.6760369"/>
  <node id="3210375670" lat="24.6209706" lon="121.6759207"/>
  <node id="3210375674" lat="24.6210026" lon="121.6755703"/>
  <node id="10080041843" lat="24.6210380" lon="121.6755044"/>
  <node id="10080041842" lat="24.6211660" lon="121.6753770"/>
  <node id="3210375683" lat="24.6212423" lon="121.6752605"/>
  <node id="10080041841" lat="24.6212648" lon="121.6751719"/>
  <node id="10080041840" lat="24.6212538" lon="121.6750793"/>
  <node id="10080041839" lat="24.6212026" lon="121.6748929"/>
  <node id="3210375678" lat="24.6211998" lon="121.6748153"/>
  <node id="10080041838" lat="24.6212221" lon="121.6747695"/>
  <node id="4430842316" lat="24.6213348" lon="121.6747260"/>
  <node id="3210375688" lat="24.6213986" lon="121.6747617"/>
  <node id="10080041837" lat="24.6214598" lon="121.6748272"/>
  <node id="3210375691" lat="24.6215627" lon="121.6750005"/>
  <node id="10080041836" lat="24.6216232" lon="121.6750485"/>
  <node id="3210375693" lat="24.6216803" lon="121.6750658"/>
  <node id="10080041835" lat="24.6217183" lon="121.6750042"/>
  <node id="3210375695" lat="24.6217383" lon="121.6748669"/>
  <node id="10080041834" lat="24.6218158" lon="121.6747387"/>
  <node id="3210375696" lat="24.6219481" lon="121.6745914"/>
  <node id="10080041833" lat="24.6220548" lon="121.6745187"/>
  <node id="3210375699" lat="24.6221310" lon="121.6745026"/>
  <node id="10080041832" lat="24.6221804" lon="121.6745429"/>
  <node id="3210375701" lat="24.6222063" lon="121.6746879"/>
  <node id="10080041831" lat="24.6221877" lon="121.6748258"/>
  <node id="3210375698" lat="24.6221093" lon="121.6752530"/>
  <node id="10080041830" lat="24.6221121" lon="121.6753422"/>
  <node id="3210375700" lat="24.6221547" lon="121.6754577"/>
  <node id="10080041829" lat="24.6221999" lon="121.6755232"/>
  <node id="3210375703" lat="24.6222540" lon="121.6755293"/>
  <node id="10080041828" lat="24.6223035" lon="121.6754910"/>
  <node id="3210375705" lat="24.6223408" lon="121.6753953"/>
  <node id="10080041852" lat="24.6226534" lon="121.6751155"/>
  <node id="3210375708" lat="24.6227507" lon="121.6750834"/>
  <node id="10080041853" lat="24.6228716" lon="121.6750807"/>
  <node id="3210375710" lat="24.6230742" lon="121.6750912"/>
  <node id="3210375712" lat="24.6232463" lon="121.6751438"/>
  <node id="10080041826" lat="24.6233118" lon="121.6751289"/>
  <node id="3210375714" lat="24.6233791" lon="121.6750889"/>
  <node id="10080041827" lat="24.6234885" lon="121.6749278"/>
  <node id="10080041825" lat="24.6234946" lon="121.6747279"/>
  <node id="10080041824" lat="24.6235422" lon="121.6746582"/>
  <node id="10080041823" lat="24.6235874" lon="121.6746759"/>
  <node id="10080041704" lat="24.6236129" lon="121.6747266"/>
  <node id="10080041703" lat="24.6236165" lon="121.6748688"/>
  <node id="10080041702" lat="24.6236519" lon="121.6749948"/>
  <node id="10080041701" lat="24.6237470" lon="121.6751759"/>
  <node id="10080041700" lat="24.6239433" lon="121.6753811"/>
  <node id="10080041699" lat="24.6240371" lon="121.6755286"/>
  <node id="10080041698" lat="24.6240993" lon="121.6755836"/>
  <node id="10080041697" lat="24.6241383" lon="121.6755567"/>
  <node id="10080041696" lat="24.6241652" lon="121.6755085"/>
  <node id="10080041695" lat="24.6241725" lon="121.6753703"/>
  <node id="10080041694" lat="24.6241493" lon="121.6752456"/>
  <node id="10080041693" lat="24.6241005" lon="121.6751263"/>
  <node id="10080041692" lat="24.6240530" lon="121.6750324"/>
  <node id="10080041691" lat="24.6240420" lon="121.6749935"/>
  <node id="10080041690" lat="24.6240628" lon="121.6749787"/>
  <node id="10080041689" lat="24.6241115" lon="121.6750096"/>
  <node id="10080041688" lat="24.6241603" lon="121.6750981"/>
  <node id="10080041687" lat="24.6243931" lon="121.6752952"/>
  <node id="10080041686" lat="24.6246626" lon="121.6754481"/>
  <node id="10080041685" lat="24.6247662" lon="121.6754696"/>
  <node id="10080041684" lat="24.6248430" lon="121.6754401"/>
  <node id="10080041683" lat="24.6248332" lon="121.6753891"/>
  <node id="10080041682" lat="24.6247979" lon="121.6753328"/>
  <node id="10080041681" lat="24.6246870" lon="121.6752161"/>
  <node id="10080041680" lat="24.6246260" lon="121.6751048"/>
  <node id="10080041679" lat="24.6245382" lon="121.6748084"/>
  <node id="10080041678" lat="24.6245041" lon="121.6746475"/>
  <node id="10080041677" lat="24.6245163" lon="121.6745456"/>
  <node id="10080041676" lat="24.6245919" lon="121.6744651"/>
  <node id="10080041675" lat="24.6246870" lon="121.6744396"/>
  <node id="10080041674" lat="24.6248272" lon="121.6744597"/>
  <node id="10080041673" lat="24.6249564" lon="121.6745053"/>
  <node id="10080041672" lat="24.6249960" lon="121.6745254"/>
  <node id="10080041671" lat="24.6249966" lon="121.6746958"/>
  <node id="10080041670" lat="24.6249588" lon="121.6749036"/>
  <node id="10080041669" lat="24.6249247" lon="121.6749278"/>
  <node id="2083234305" lat="24.6239859" lon="121.7072055"/>
  <node id="10254974926" lat="24.6249113" lon="121.7067683"/>
  <node id="4430965120" lat="24.6266880" lon="121.7060877"/>
  <node id="7861815439" lat="24.6288496" lon="121.7052795"/>
  <node id="3210375817" lat="24.6317440" lon="121.7041837"/>
  <node id="3210375828" lat="24.6321804" lon="121.7040710"/>
  <node id="4430931258" lat="24.6326803" lon="121.7040522"/>
  <node id="3210375844" lat="24.6332435" lon="121.7041542"/>
  <node id="3210375854" lat="24.6338481" lon="121.7044331"/>
  <node id="7861815453" lat="24.6341544" lon="121.7046332"/>
  <node id="4430931268" lat="24.6364349" lon="121.7064716"/>
  <node id="4430931269" lat="24.6368872" lon="121.7068786"/>
  <node id="4430931270" lat="24.6371176" lon="121.7071857"/>
  <node id="4430931273" lat="24.6374004" lon="121.7076537"/>
  <node id="4430931275" lat="24.6376613" lon="121.7082841"/>
  <node id="2938325117" lat="24.6356831" lon="121.7150053"/>
  <node id="3210375870" lat="24.6354657" lon="121.7153819"/>
  <node id="4430922769" lat="24.6352686" lon="121.7158583"/>
  <node id="4430922767" lat="24.6352053" lon="121.7160058"/>
  <node id="3210375868" lat="24.6350760" lon="121.7160782"/>
  <node id="4430922758" lat="24.6345683" lon="121.7162412"/>
  <node id="3210375860" lat="24.6344976" lon="121.7162807"/>
  <node id="4430954317" lat="24.6155503" lon="121.6873203"/>
  <node id="4430954310" lat="24.6149004" lon="121.6866296"/>
  <node id="4430954309" lat="24.6148346" lon="121.6865223"/>
  <node id="3210375438" lat="24.6147553" lon="121.6863949"/>
  <node id="3210375434" lat="24.6146249" lon="121.6862622"/>
  <node id="4430954308" lat="24.6142737" lon="121.6859135"/>
  <node id="4430954303" lat="24.6130655" lon="121.6846602"/>
  <node id="4430954301" lat="24.6124778" lon="121.6840808"/>
  <node id="4430954294" lat="24.6117102" lon="121.6833212"/>
  <node id="3210375418" lat="24.6116889" lon="121.6833000"/>
  <node id="5474479131" lat="24.6113905" lon="121.6829755"/>
  <node id="4430842147" lat="24.6111330" lon="121.6826955"/>
  <node id="4603988703" lat="24.6107968" lon="121.6823533"/>
  <node id="3210375412" lat="24.6106099" lon="121.6821631"/>
  <node id="4430954293" lat="24.6105367" lon="121.6819176"/>
  <node id="4430842146" lat="24.6103612" lon="121.6817500"/>
  <node id="4430842145" lat="24.6101673" lon="121.6817098"/>
  <node id="3210375410" lat="24.6098406" lon="121.6815837"/>
  <node id="4603988696" lat="24.6094881" lon="121.6811915"/>
  <node id="4603988697" lat="24.6093418" lon="121.6809448"/>
  <node id="4603988698" lat="24.6092687" lon="121.6809018"/>
  <node id="4603988699" lat="24.6080494" lon="121.6808589"/>
  <node id="4603988700" lat="24.6077616" lon="121.6808857"/>
  <node id="4603988701" lat="24.6075080" lon="121.6808697"/>
  <node id="4603988702" lat="24.6073324" lon="121.6807892"/>
  <node id="5474479664" lat="24.6069797" lon="121.6805814"/>
  <node id="5474479665" lat="24.6067322" lon="121.6804170"/>
  <node id="5474479666" lat="24.6065209" lon="121.6802752"/>
  <node id="5474479667" lat="24.6064332" lon="121.6802639"/>
  <node id="3210376041" lat="24.6638245" lon="121.7272423"/>
  <node id="4431088421" lat="24.6638659" lon="121.7264891"/>
  <node id="3707841804" lat="24.6639896" lon="121.7242358"/>
  <node id="14174991453" lat="24.6640685" lon="121.7226576"/>
  <node id="3210376042" lat="24.6641053" lon="121.7219227"/>
  <node id="14174991457" lat="24.6641513" lon="121.7211699"/>
  <node id="3210376043" lat="24.6642535" lon="121.7194983"/>
  <node id="3210376044" lat="24.6643289" lon="121.7178286"/>
  <node id="3210376045" lat="24.6643683" lon="121.7172483"/>
  <node id="3210376046" lat="24.6643898" lon="121.7167194"/>
  <node id="4430954337" lat="24.6179771" lon="121.6855115"/>
  <node id="3210375563" lat="24.6183122" lon="121.6852061"/>
  <node id="3210375590" lat="24.6190071" lon="121.6841872"/>
  <node id="3210375592" lat="24.6190345" lon="121.6839965"/>
  <node id="3210375588" lat="24.6188915" lon="121.6839005"/>
  <node id="2938325122" lat="24.6396522" lon="121.7178699"/>
  <node id="4430922822" lat="24.6393690" lon="121.7180171"/>
  <node id="4430922819" lat="24.6385925" lon="121.7183061"/>
  <node id="4430922815" lat="24.6376222" lon="121.7186313"/>
  <node id="3210375892" lat="24.6366689" lon="121.7189586"/>
  <node id="4430922796" lat="24.6366397" lon="121.7189934"/>
  <node id="3210375890" lat="24.6365446" lon="121.7192724"/>
  <node id="3210375888" lat="24.6365202" lon="121.7193006"/>
  <node id="4430922792" lat="24.6364483" lon="121.7193381"/>
  <node id="3210375856" lat="24.6344198" lon="121.7194159"/>
  <node id="4430922747" lat="24.6343125" lon="121.7194320"/>
  <node id="3210375824" lat="24.6324766" lon="121.7198719"/>
  <node id="2946920174" lat="24.6402993" lon="121.7047316"/>
  <node id="4430931541" lat="24.6402650" lon="121.7044673"/>
  <node id="3210375954" lat="24.6402029" lon="121.7042165"/>
  <node id="3210375949" lat="24.6400895" lon="121.7039671"/>
  <node id="3210375947" lat="24.6398859" lon="121.7037404"/>
  <node id="3210375945" lat="24.6396153" lon="121.7034803"/>
  <node id="4430931530" lat="24.6395357" lon="121.7034161"/>
  <node id="2946920188" lat="24.6408075" lon="121.6974600"/>
  <node id="4430931550" lat="24.6409708" lon="121.6973420"/>
  <node id="3210375962" lat="24.6412622" lon="121.6969370"/>
  <node id="4430931569" lat="24.6414304" lon="121.6967680"/>
  <node id="4430931574" lat="24.6418546" lon="121.6963844"/>
  <node id="3210375965" lat="24.6419253" lon="121.6963241"/>
  <node id="4430931575" lat="24.6420435" lon="121.6961377"/>
  <node id="3210375967" lat="24.6421435" lon="121.6960304"/>
  <node id="4430931576" lat="24.6422508" lon="121.6960331"/>
  <node id="3210375972" lat="24.6424117" lon="121.6960894"/>
  <node id="4430931577" lat="24.6425006" lon="121.6960760"/>
  <node id="3210375987" lat="24.6428371" lon="121.6958426"/>
  <node id="3210376000" lat="24.6430419" lon="121.6957917"/>
  <node id="4430931578" lat="24.6432637" lon="121.6958024"/>
  <node id="3210376008" lat="24.6434234" lon="121.6957823"/>
  <node id="4430931579" lat="24.6438123" lon="121.6956468"/>
  <node id="3210376019" lat="24.6440219" lon="121.6955556"/>
  <node id="4430937255" lat="24.6656266" lon="121.6921981"/>
  <node id="3707841886" lat="24.6656382" lon="121.6930324"/>
  <node id="3707841889" lat="24.6656460" lon="121.6947564"/>
  <node id="3707841888" lat="24.6656554" lon="121.6960504"/>
  <node id="4430955713" lat="24.6579475" lon="121.6855483"/>
  <node id="4430955711" lat="24.6579232" lon="121.6848349"/>
  <node id="4430955708" lat="24.6578391" lon="121.6845338"/>
  <node id="3707841557" lat="24.6577818" lon="121.6843930"/>
  <node id="4430955706" lat="24.6577623" lon="121.6842307"/>
  <node id="3707841555" lat="24.6578098" lon="121.6841435"/>
  <node id="4430955712" lat="24.6579415" lon="121.6839678"/>
  <node id="3707841561" lat="24.6579744" lon="121.6838002"/>
  <node id="4430955715" lat="24.6579939" lon="121.6836647"/>
  <node id="4430955717" lat="24.6580706" lon="121.6835132"/>
  <node id="4430955716" lat="24.6580646" lon="121.6833684"/>
  <node id="3707841563" lat="24.6580195" lon="121.6832275"/>
  <node id="3707841550" lat="24.6575118" lon="121.6826857"/>
  <node id="4430955704" lat="24.6573710" lon="121.6825315"/>
  <node id="3707842367" lat="24.6760467" lon="121.7135965"/>
  <node id="3707842368" lat="24.6762142" lon="121.7153588"/>
  <node id="3707842372" lat="24.6764558" lon="121.7178080"/>
  <node id="3707842374" lat="24.6765055" lon="121.7183038"/>
  <node id="4431045339" lat="24.6765249" lon="121.7186894"/>
  <node id="11158458309" lat="24.6765384" lon="121.7191493"/>
  <node id="3707842375" lat="24.6765263" lon="121.7196438"/>
  <node id="3707842373" lat="24.6764809" lon="121.7219251"/>
  <node id="4430955761" lat="24.6621646" lon="121.6736015"/>
  <node id="4430955757" lat="24.6618964" lon="121.6738110"/>
  <node id="4430955754" lat="24.6617392" lon="121.6738539"/>
  <node id="4430955751" lat="24.6616600" lon="121.6739384"/>
  <node id="4430955750" lat="24.6615881" lon="121.6739492"/>
  <node id="3707841686" lat="24.6614815" lon="121.6739035"/>
  <node id="4430955743" lat="24.6613181" lon="121.6739531"/>
  <node id="3707841666" lat="24.6611999" lon="121.6739411"/>
  <node id="4430955741" lat="24.6609343" lon="121.6743018"/>
  <node id="3707841646" lat="24.6607831" lon="121.6746854"/>
  <node id="4430955730" lat="24.6604991" lon="121.6754552"/>
  <node id="3707841621" lat="24.6603565" lon="121.6761069"/>
  <node id="3707841616" lat="24.6602042" lon="121.6785250"/>
  <node id="4430955729" lat="24.6602310" lon="121.6786845"/>
  <node id="3707841617" lat="24.6602468" lon="121.6787999"/>
  <node id="4430955728" lat="24.6602139" lon="121.6789286"/>
  <node id="3707841609" lat="24.6601274" lon="121.6792988"/>
  <node id="3707841610" lat="24.6601151" lon="121.6795617"/>
  <node id="3707841608" lat="24.6600713" lon="121.6809269"/>
  <node id="4430955727" lat="24.6600530" lon="121.6809899"/>
  <node id="4430937242" lat="24.6640442" lon="121.6846827"/>
  <node id="3707841810" lat="24.6640632" lon="121.6846800"/>
  <node id="3707841877" lat="24.6654729" lon="121.6844057"/>
  <node id="3707841902" lat="24.6659165" lon="121.6844031"/>
  <node id="3109149649" lat="24.6673641" lon="121.6844593"/>
  <node id="3707842195" lat="24.6695681" lon="121.6845402"/>
  <node id="4431045289" lat="24.6701180" lon="121.7181131"/>
  <node id="11158492748" lat="24.6701590" lon="121.7181094"/>
  <node id="11158475924" lat="24.6708232" lon="121.7180486"/>
  <node id="11158475931" lat="24.6713760" lon="121.7179732"/>
  <node id="11158475932" lat="24.6724905" lon="121.7178493"/>
  <node id="11158475937" lat="24.6728361" lon="121.7178108"/>
  <node id="3707842256" lat="24.6731548" lon="121.7177754"/>
  <node id="11158475938" lat="24.6733354" lon="121.7177558"/>
  <node id="3707842323" lat="24.6747616" lon="121.7175568"/>
  <node id="3707842165" lat="24.6688250" lon="121.6474278"/>
  <node id="9500942522" lat="24.6687060" lon="121.6460364"/>
  <node id="3707842145" lat="24.6686188" lon="121.6450231"/>
  <node id="9500942521" lat="24.6686000" lon="121.6447556"/>
  <node id="3707842141" lat="24.6685566" lon="121.6444492"/>
  <node id="4430972078" lat="24.6685518" lon="121.6441957"/>
  <node id="3707842132" lat="24.6684397" lon="121.6435995"/>
  <node id="4430972077" lat="24.6683316" lon="121.6429557"/>
  <node id="4430972075" lat="24.6681655" lon="121.6422424"/>
  <node id="3707842127" lat="24.6682094" lon="121.6420908"/>
  <node id="3707842129" lat="24.6682337" lon="121.6419795"/>
  <node id="4430972076" lat="24.6681789" lon="121.6411118"/>
  <node id="4430939109" lat="24.6679571" lon="121.6396249"/>
  <node id="3707842020" lat="24.6679311" lon="121.6391219"/>
  <node id="3707842018" lat="24.6679019" lon="121.6387066"/>
  <node id="4430939104" lat="24.6678450" lon="121.6376159"/>
  <node id="4430939101" lat="24.6677109" lon="121.6362560"/>
  <node id="3707842003" lat="24.6676347" lon="121.6354353"/>
  <node id="11296587884" lat="24.6676282" lon="121.6352834"/>
  <node id="4430939090" lat="24.6674769" lon="121.6339990"/>
  <node id="3707841990" lat="24.6674379" lon="121.6335162"/>
  <node id="10019949231" lat="24.6674468" lon="121.6331148"/>
  <node id="4430938188" lat="24.6674586" lon="121.6325814"/>
  <node id="3707841991" lat="24.6674752" lon="121.6318020"/>
  <node id="3707842273" lat="24.6726838" lon="121.6499058"/>
  <node id="4430972132" lat="24.6734552" lon="121.6502625"/>
  <node id="3707842320" lat="24.6746836" lon="121.6504100"/>
  <node id="10293649998" lat="24.6769083" lon="121.6506028"/>
  <node id="3707842386" lat="24.6769759" lon="121.6506095"/>
  <node id="10293649993" lat="24.6770645" lon="121.6506208"/>
  <node id="10293649997" lat="24.6771486" lon="121.6506315"/>
  <node id="10293649996" lat="24.6772267" lon="121.6506545"/>
  <node id="3707842525" lat="24.6782688" lon="121.6509854"/>
  <node id="3063279038" lat="24.6784724" lon="121.6510752"/>
  <node id="4430972147" lat="24.6796715" lon="121.6514414"/>
  <node id="3707842550" lat="24.6798847" lon="121.6514896"/>
  <node id="3707842559" lat="24.6802710" lon="121.6514320"/>
  <node id="3707842581" lat="24.6817967" lon="121.6511859"/>
  <node id="3707842591" lat="24.6823121" lon="121.6510907"/>
  <node id="3707842607" lat="24.6827655" lon="121.6510156"/>
  <node id="3707841634" lat="24.6605992" lon="121.6654183"/>
  <node id="4430955732" lat="24.6606082" lon="121.6649637"/>
  <node id="3707841640" lat="24.6607499" lon="121.6630250"/>
  <node id="3707841671" lat="24.6613872" lon="121.6630154"/>
  <node id="3707841687" lat="24.6615846" lon="121.6625581"/>
  <node id="3707841708" lat="24.6617302" lon="121.6626652"/>
  <node id="3707841764" lat="24.6628252" lon="121.6627059"/>
  <node id="4430955774" lat="24.6637551" lon="121.6627350"/>
  <node id="3707841794" lat="24.6638183" lon="121.6627959"/>
  <node id="3707841789" lat="24.6637943" lon="121.6636402"/>
  <node id="3707841838" lat="24.6647867" lon="121.6637165"/>
  <node id="4430955776" lat="24.6649897" lon="121.6637715"/>
  <node id="3707841863" lat="24.6651920" lon="121.6637272"/>
  <node id="4430955777" lat="24.6653821" lon="121.6636333"/>
  <node id="4430915692" lat="24.6657380" lon="121.6633000"/>
  <node id="3707842282" lat="24.6728637" lon="121.6322281"/>
  <node id="3707842281" lat="24.6727916" lon="121.6354661"/>
  <node id="3707842269" lat="24.6726147" lon="121.6381774"/>
  <node id="4433722640" lat="24.6726467" lon="121.6389127"/>
  <node id="10293649982" lat="24.6726541" lon="121.6390006"/>
  <node id="4433722641" lat="24.6726680" lon="121.6390776"/>
  <node id="3707842275" lat="24.6727899" lon="121.6396386"/>
  <node id="10293649983" lat="24.6727994" lon="121.6397203"/>
  <node id="3707842279" lat="24.6728031" lon="121.6398241"/>
  <node id="4430972129" lat="24.6728201" lon="121.6409435"/>
  <node id="3707842284" lat="24.6728849" lon="121.6432656"/>
  <node id="4430972130" lat="24.6728757" lon="121.6433012"/>
  <node id="3707842277" lat="24.6727673" lon="121.6434038"/>
  <node id="4430972128" lat="24.6727520" lon="121.6434507"/>
  <node id="3707842278" lat="24.6727504" lon="121.6440988"/>
  <node id="3707842274" lat="24.6727210" lon="121.6498039"/>
  <node id="3707842261" lat="24.6722975" lon="121.6509377"/>
  <node id="4430971520" lat="24.6595925" lon="121.6956630"/>
  <node id="9610395437" lat="24.6595975" lon="121.6958720"/>
  <node id="9610395439" lat="24.6595947" lon="121.6961120"/>
  <node id="9610395438" lat="24.6595594" lon="121.6963412"/>
  <node id="9610395440" lat="24.6595273" lon="121.6964972"/>
  <node id="9610395432" lat="24.6595310" lon="121.6965280"/>
  <node id="9610395434" lat="24.6595936" lon="121.6965905"/>
  <node id="9610395436" lat="24.6596792" lon="121.6966311"/>
  <node id="9610395435" lat="24.6598167" lon="121.6966771"/>
  <node id="9610395433" lat="24.6599162" lon="121.6967423"/>
  <node id="4430971516" lat="24.6599342" lon="121.6968029"/>
  <node id="4430971515" lat="24.6596320" lon="121.6973742"/>
  <node id="4430971517" lat="24.6596259" lon="121.6974395"/>
  <node id="4430971518" lat="24.6596783" lon="121.6975338"/>
  <node id="4430971523" lat="24.6599330" lon="121.6978731"/>
  <node id="4430971531" lat="24.6601726" lon="121.6981480"/>
  <node id="4430971540" lat="24.6602592" lon="121.6982566"/>
  <node id="9610395441" lat="24.6603092" lon="121.6983550"/>
  <node id="4430971542" lat="24.6603332" lon="121.6984676"/>
  <node id="9610395443" lat="24.6603504" lon="121.6985975"/>
  <node id="4430971544" lat="24.6603612" lon="121.6987256"/>
  <node id="9610395442" lat="24.6603573" lon="121.6988568"/>
  <node id="4430971537" lat="24.6603380" lon="121.6989844"/>
  <node id="4430971534" lat="24.6602771" lon="121.6991807"/>
  <node id="4430971536" lat="24.6602653" lon="121.6993322"/>
  <node id="9610395447" lat="24.6602795" lon="121.6994265"/>
  <node id="4430971532" lat="24.6602807" lon="121.6995244"/>
  <node id="4430971528" lat="24.6602446" lon="121.6995964"/>
  <node id="4430971524" lat="24.6601776" lon="121.6996769"/>
  <node id="4430971526" lat="24.6601316" lon="121.6997739"/>
  <node id="4430971530" lat="24.6601504" lon="121.6998244"/>
  <node id="4430971533" lat="24.6602007" lon="121.6998485"/>
  <node id="4430971541" lat="24.6602925" lon="121.6998629"/>
  <node id="9610395445" lat="24.6603833" lon="121.6999047"/>
  <node id="9610395446" lat="24.6605051" lon="121.6999309"/>
  <node id="4430971545" lat="24.6606252" lon="121.6999268"/>
  <node id="4430971547" lat="24.6607650" lon="121.7000055"/>
  <node id="4430971549" lat="24.6609295" lon="121.7001320"/>
  <node id="4430971551" lat="24.6610571" lon="121.7002196"/>
  <node id="4430971552" lat="24.6613544" lon="121.7003103"/>
  <node id="9610395444" lat="24.6614820" lon="121.7003425"/>
  <node id="4430971554" lat="24.6615999" lon="121.7003908"/>
  <node id="3707841689" lat="24.6616565" lon="121.7004281"/>
  <node id="4430971553" lat="24.6614264" lon="121.7024168"/>
  <node id="3707841680" lat="24.6614309" lon="121.7025992"/>
  <node id="4430971555" lat="24.6615942" lon="121.7031812"/>
  <node id="3707841692" lat="24.6616767" lon="121.7035216"/>
  <node id="3707841693" lat="24.6617005" lon="121.7037323"/>
  <node id="3707841703" lat="24.6617709" lon="121.7042514"/>
  <node id="4430971560" lat="24.6617673" lon="121.7044231"/>
  <node id="4430971559" lat="24.6617538" lon="121.7050038"/>
  <node id="3707841697" lat="24.6617270" lon="121.7051472"/>
  <node id="4430971557" lat="24.6616442" lon="121.7054235"/>
  <node id="7918338490" lat="24.6615676" lon="121.7058458"/>
  <node id="3707841683" lat="24.6614577" lon="121.7064521"/>
  <node id="3707841678" lat="24.6614363" lon="121.7069428"/>
  <node id="3707841669" lat="24.6612719" lon="121.7073018"/>
  <node id="7918338495" lat="24.6612131" lon="121.7082965"/>
  <node id="7918338497" lat="24.6611204" lon="121.7099063"/>
  <node id="3707841652" lat="24.6608507" lon="121.7147687"/>
  <node id="3707841650" lat="24.6607551" lon="121.7165211"/>
  <node id="3707841639" lat="24.6606625" lon="121.7189294"/>
  <node id="9500942518" lat="24.6699308" lon="121.6501227"/>
  <node id="4430972100" lat="24.6701678" lon="121.6500835"/>
  <node id="3707842231" lat="24.6704689" lon="121.6499920"/>
  <node id="4430972110" lat="24.6710600" lon="121.6498142"/>
  <node id="3707842251" lat="24.6716607" lon="121.6496604"/>
  <node id="4430972126" lat="24.6720056" lon="121.6495745"/>
  <node id="3707842260" lat="24.6721518" lon="121.6495759"/>
  <node id="3707842283" lat="24.6728477" lon="121.6498521"/>
  <node id="3707841839" lat="24.6648284" lon="121.6474242"/>
  <node id="3707841818" lat="24.6642790" lon="121.6475539"/>
  <node id="3707841819" lat="24.6642869" lon="121.6476271"/>
  <node id="4430915564" lat="24.6645123" lon="121.6487667"/>
  <node id="3707841831" lat="24.6645748" lon="121.6490827"/>
  <node id="3707841833" lat="24.6647191" lon="121.6500423"/>
  <node id="3707841841" lat="24.6648711" lon="121.6509817"/>
  <node id="3707841849" lat="24.6649719" lon="121.6516524"/>
  <node id="3707841848" lat="24.6649376" lon="121.6520649"/>
  <node id="3707841846" lat="24.6649096" lon="121.6523200"/>
  <node id="3707841842" lat="24.6649022" lon="121.6528885"/>
  <node id="4430915575" lat="24.6649622" lon="121.6531664"/>
  <node id="4430915578" lat="24.6650364" lon="121.6535102"/>
  <node id="3707841864" lat="24.6652306" lon="121.6541076"/>
  <node id="5259213921" lat="24.6652951" lon="121.6542711"/>
  <node id="3707841872" lat="24.6653138" lon="121.6543141"/>
  <node id="3707841547" lat="24.6574031" lon="121.6532592"/>
  <node id="3707841551" lat="24.6575100" lon="121.6531688"/>
  <node id="3707841556" lat="24.6577330" lon="121.6526987"/>
  <node id="3707841566" lat="24.6583033" lon="121.6525671"/>
  <node id="9706774948" lat="24.6584634" lon="121.6524231"/>
  <node id="3707841571" lat="24.6585975" lon="121.6522218"/>
  <node id="9706774947" lat="24.6586362" lon="121.6517116"/>
  <node id="3707841575" lat="24.6586700" lon="121.6515537"/>
  <node id="9706774950" lat="24.6586710" lon="121.6515255"/>
  <node id="3707841553" lat="24.6576968" lon="121.6720559"/>
  <node id="4430955714" lat="24.6580095" lon="121.6724321"/>
  <node id="3707841567" lat="24.6584082" lon="121.6729165"/>
  <node id="3707841568" lat="24.6584169" lon="121.6730515"/>
  <node id="3707841573" lat="24.6585367" lon="121.6730952"/>
  <node id="3707841581" lat="24.6590586" lon="121.6737184"/>
  <node id="3707841601" lat="24.6598367" lon="121.6741125"/>
  <node id="3707841603" lat="24.6598876" lon="121.6742282"/>
  <node id="3707841607" lat="24.6600226" lon="121.6743234"/>
  <node id="9500652089" lat="24.6602320" lon="121.6743967"/>
  <node id="3707841635" lat="24.6606637" lon="121.6746271"/>
  <node id="3707841814" lat="24.6642453" lon="121.6314035"/>
  <node id="4430995713" lat="24.6644034" lon="121.6325392"/>
  <node id="10019940412" lat="24.6645858" lon="121.6334260"/>
  <node id="4430995716" lat="24.6647154" lon="121.6340560"/>
  <node id="10019940405" lat="24.6647357" lon="121.6341877"/>
  <node id="3707841837" lat="24.6647947" lon="121.6345696"/>
  <node id="3707841854" lat="24.6649775" lon="121.6361239"/>
  <node id="10019940392" lat="24.6652219" lon="121.6374116"/>
  <node id="10019949229" lat="24.6653359" lon="121.6380124"/>
  <node id="4430995720" lat="24.6654211" lon="121.6384614"/>
  <node id="3707841878" lat="24.6654527" lon="121.6385393"/>
  <node id="4430995721" lat="24.6655125" lon="121.6386090"/>
  <node id="4430995724" lat="24.6656673" lon="121.6387820"/>
  <node id="9501128197" lat="24.6657140" lon="121.6388521"/>
  <node id="4430995725" lat="24.6657624" lon="121.6389510"/>
  <node id="9501128196" lat="24.6657993" lon="121.6390572"/>
  <node id="3707841894" lat="24.6658233" lon="121.6391454"/>
  <node id="4430995727" lat="24.6659086" lon="121.6395036"/>
  <node id="3707841917" lat="24.6659805" lon="121.6397583"/>
  <node id="3707842399" lat="24.6771975" lon="121.6528625"/>
  <node id="10293649995" lat="24.6771453" lon="121.6506846"/>
  <node id="10293649994" lat="24.6771592" lon="121.6504620"/>
  <node id="3707842396" lat="24.6771705" lon="121.6486258"/>
  <node id="10293679532" lat="24.6771783" lon="121.6473761"/>
  <node id="10293679524" lat="24.6771929" lon="121.6450144"/>
  <node id="10293650004" lat="24.6771974" lon="121.6442758"/>
  <node id="3707842401" lat="24.6771982" lon="121.6441441"/>
  <node id="10293679529" lat="24.6772055" lon="121.6429738"/>
  <node id="10293679510" lat="24.6772206" lon="121.6405300"/>
  <node id="3707842403" lat="24.6772213" lon="121.6404058"/>
  <node id="3707842405" lat="24.6772256" lon="121.6397094"/>
  <node id="6036139347" lat="24.6627536" lon="121.6641263"/>
  <node id="6036139348" lat="24.6626413" lon="121.6659870"/>
  <node id="3707841739" lat="24.6625284" lon="121.6680637"/>
  <node id="3707841755" lat="24.6627301" lon="121.6700217"/>
  <node id="4430955765" lat="24.6626777" lon="121.6701678"/>
  <node id="3707841751" lat="24.6626813" lon="121.6703167"/>
  <node id="4430955764" lat="24.6626606" lon="121.6704374"/>
  <node id="3707841762" lat="24.6628020" lon="121.6721024"/>
  <node id="3707841760" lat="24.6628483" lon="121.6725101"/>
  <node id="4430955766" lat="24.6628532" lon="121.6725497"/>
  <node id="3707841745" lat="24.6625839" lon="121.6728501"/>
  <node id="3707841732" lat="24.6624217" lon="121.6734267"/>
  <node id="3707842010" lat="24.6677913" lon="121.6499350"/>
  <node id="9500049835" lat="24.6679772" lon="121.6505907"/>
  <node id="9500049837" lat="24.6681722" lon="121.6515975"/>
  <node id="9500049836" lat="24.6682989" lon="121.6523892"/>
  <node id="3707840115" lat="24.6521413" lon="121.7118790"/>
  <node id="3707840117" lat="24.6537770" lon="121.7119992"/>
  <node id="4430955722" lat="24.6591284" lon="121.6759361"/>
  <node id="3707841560" lat="24.6580233" lon="121.6784332"/>
  <node id="3707842547" lat="24.6794700" lon="121.7194177"/>
  <node id="3707842570" lat="24.6807534" lon="121.7216086"/>
  <node id="3109149686" lat="24.6699332" lon="121.7194203"/>
  <node id="11158475905" lat="24.6692216" lon="121.7191572"/>
  <node id="3707841935" lat="24.6666086" lon="121.6436531"/>
  <node id="3707842182" lat="24.6693337" lon="121.6450196"/>
  <node id="3063277927" lat="24.6654841" lon="121.6403312"/>
  <node id="3707841908" lat="24.6660481" lon="121.6436695"/>
  <node id="3707841918" lat="24.6661586" lon="121.6541161"/>
  <node id="4430915696" lat="24.6661090" lon="121.6531738"/>
  <node id="412685447" lat="24.6660772" lon="121.6523623"/>
  <node id="3707842148" lat="24.6686530" lon="121.7094310"/>
  <node id="3707842189" lat="24.6693732" lon="121.7092634"/>
  <node id="3063279064" lat="24.6827685" lon="121.6442219"/>
  <node id="3707842597" lat="24.6823992" lon="121.6442168"/>
  <node id="4430972158" lat="24.6812856" lon="121.6442013"/>
  <node id="3707842565" lat="24.6803059" lon="121.6441876"/>
  <node id="12630339091" lat="24.6798310" lon="121.6441811"/>
  <node id="4430972148" lat="24.6796818" lon="121.6441790"/>
  <node id="10293650001" lat="24.6772772" lon="121.6441453"/>
  <node id="10293649989" lat="24.6771114" lon="121.6441428"/>
  <node id="3707842388" lat="24.6770256" lon="121.6441414"/>
  <node id="10293650002" lat="24.6769389" lon="121.6441403"/>
  <node id="7158907278" lat="24.6756666" lon="121.6441231"/>
  <node id="7158907280" lat="24.6756729" lon="121.6441232"/>
  <node id="3707841904" lat="24.6659659" lon="121.6989198"/>
  <node id="3707841931" lat="24.6665557" lon="121.6990137"/>
  <node id="3707840120" lat="24.6538372" lon="121.7109134"/>
  <node id="3707841529" lat="24.6556397" lon="121.7110250"/>
  <node id="10214203493" lat="24.6559555" lon="121.7110353"/>
  <node id="3707841549" lat="24.6574540" lon="121.7111376"/>
  <node id="4430915563" lat="24.6644728" lon="121.6510715"/>
  <node id="3707841871" lat="24.6653611" lon="121.6508663"/>
  <node id="3707842421" lat="24.6780388" lon="121.6518874"/>
  <node id="4430972144" lat="24.6780096" lon="121.6520980"/>
  <node id="4430972141" lat="24.6779828" lon="121.6523635"/>
  <node id="4430972140" lat="24.6779779" lon="121.6524990"/>
  <node id="3707842212" lat="24.6699286" lon="121.6450268"/>
  <node id="3707841914" lat="24.6661445" lon="121.6575407"/>
  <node id="3707841910" lat="24.6660498" lon="121.6571689"/>
  <node id="4430915695" lat="24.6659379" lon="121.6567406"/>
  <node id="4430915693" lat="24.6658483" lon="121.6563702"/>
  <node id="4430915691" lat="24.6655534" lon="121.6551827"/>
  <node id="3707841912" lat="24.6660063" lon="121.6800452"/>
  <node id="3707841898" lat="24.6658319" lon="121.6871844"/>
  <node id="3707842310" lat="24.6742748" lon="121.6476685"/>
  <node id="3707842322" lat="24.6747068" lon="121.6477654"/>
  <node id="3707841992" lat="24.6674943" lon="121.7092441"/>
  <node id="7701090430" lat="24.6674063" lon="121.7088416"/>
  <node id="3707841979" lat="24.6673207" lon="121.7084256"/>
  <node id="4430959531" lat="24.6671800" lon="121.7077614"/>
  <node id="3707841825" lat="24.6643147" lon="121.6722144"/>
  <node id="3707841928" lat="24.6664739" lon="121.6723743"/>
  <node id="2268453584" lat="24.6677694" lon="121.6724702"/>
  <node id="3707841702" lat="24.6617623" lon="121.6719160"/>
  <node id="3707841701" lat="24.6617782" lon="121.6720260"/>
  <node id="4430955755" lat="24.6617940" lon="121.6720783"/>
  <node id="4430955756" lat="24.6618587" lon="121.6721038"/>
  <node id="3707841717" lat="24.6621591" lon="121.6721815"/>
  <node id="9500029610" lat="24.6625672" lon="121.6723984"/>
  <node id="9500029609" lat="24.6627395" lon="121.6724669"/>
  <node id="4430937246" lat="24.6649120" lon="121.6922048"/>
  <node id="3707841926" lat="24.6664445" lon="121.6922056"/>
  <node id="3707841983" lat="24.6673622" lon="121.6922123"/>
  <node id="4430938300" lat="24.6674088" lon="121.6922016"/>
  <node id="4431045325" lat="24.6746538" lon="121.7114746"/>
  <node id="4431045326" lat="24.6746915" lon="121.7114615"/>
  <node id="3707842319" lat="24.6747171" lon="121.7114025"/>
  <node id="3707842333" lat="24.6748546" lon="121.7101900"/>
  <node id="3707841682" lat="24.6614680" lon="121.6737144"/>
  <node id="4430955745" lat="24.6614169" lon="121.6737802"/>
  <node id="4430955744" lat="24.6613425" lon="121.6738150"/>
  <node id="3707841660" lat="24.6611487" lon="121.6738204"/>
  <node id="4430955742" lat="24.6610366" lon="121.6739397"/>
  <node id="6170374075" lat="24.6608209" lon="121.6742670"/>
  <node id="3707840119" lat="24.6538259" lon="121.7105512"/>
  <node id="5810251513" lat="24.6537114" lon="121.7131279"/>
  <node id="3707840116" lat="24.6536506" lon="121.7142680"/>
  <node id="7128607005" lat="24.6649994" lon="121.6486014"/>
  <node id="3707841856" lat="24.6650582" lon="121.6490060"/>
  <node id="3707841860" lat="24.6651914" lon="121.6499746"/>
  <node id="3063279043" lat="24.6784822" lon="121.6486335"/>
  <node id="3707842561" lat="24.6802933" lon="121.6486346"/>
  <node id="3707842596" lat="24.6823393" lon="121.6486587"/>
  <node id="4430972175" lat="24.6841951" lon="121.6486571"/>
  <node id="3063279070" lat="24.6844842" lon="121.6486569"/>
  <node id="4431088315" lat="24.6518716" lon="121.7136717"/>
  <node id="4431088316" lat="24.6519082" lon="121.7135563"/>
  <node id="4431088318" lat="24.6519447" lon="121.7133605"/>
  <node id="3707840113" lat="24.6519618" lon="121.7130494"/>
  <node id="5810251514" lat="24.6519642" lon="121.7130108"/>
  <node id="4431088320" lat="24.6519969" lon="121.7124820"/>
  <node id="4431088322" lat="24.6520240" lon="121.7120435"/>
  <node id="3707840114" lat="24.6520597" lon="121.7119152"/>
  <node id="4430937251" lat="24.6654708" lon="121.6874459"/>
  <node id="4430937258" lat="24.6657889" lon="121.6875009"/>
  <node id="4430937264" lat="24.6663324" lon="121.6875894"/>
  <node id="4430937266" lat="24.6665762" lon="121.6876859"/>
  <node id="4430937275" lat="24.6667785" lon="121.6878281"/>
  <node id="4430937280" lat="24.6668979" lon="121.6880266"/>
  <node id="4430937282" lat="24.6669662" lon="121.6881929"/>
  <node id="4430937285" lat="24.6670003" lon="121.6883739"/>
  <node id="4430937284" lat="24.6669918" lon="121.6886663"/>
  <node id="4430937283" lat="24.6669662" lon="121.6887950"/>
  <node id="4430937278" lat="24.6668967" lon="121.6890244"/>
  <node id="4430937270" lat="24.6666310" lon="121.6895943"/>
  <node id="4430937268" lat="24.6665823" lon="121.6897955"/>
  <node id="4430937267" lat="24.6665786" lon="121.6900302"/>
  <node id="4430937271" lat="24.6666417" lon="121.6903560"/>
  <node id="4430937272" lat="24.6666566" lon="121.6904553"/>
  <node id="4430937274" lat="24.6667188" lon="121.6906578"/>
  <node id="4430937277" lat="24.6668480" lon="121.6909341"/>
  <node id="4430938293" lat="24.6673086" lon="121.6919734"/>
  <node id="3707841984" lat="24.6673920" lon="121.6924893"/>
  <node id="4430938298" lat="24.6673518" lon="121.6926985"/>
  <node id="3707841966" lat="24.6670618" lon="121.6933878"/>
  <node id="4430937288" lat="24.6670264" lon="121.6935581"/>
  <node id="4430937286" lat="24.6670216" lon="121.6936802"/>
  <node id="3707841969" lat="24.6670410" lon="121.6938284"/>
  <node id="4430938290" lat="24.6671166" lon="121.6939471"/>
  <node id="3707841987" lat="24.6673725" lon="121.6941254"/>
  <node id="4430938306" lat="24.6676206" lon="121.6942817"/>
  <node id="4430938310" lat="24.6678716" lon="121.6944936"/>
  <node id="4430938316" lat="24.6682055" lon="121.6946894"/>
  <node id="4430938319" lat="24.6683079" lon="121.6947698"/>
  <node id="4430938321" lat="24.6683810" lon="121.6948637"/>
  <node id="4430938322" lat="24.6684249" lon="121.6949549"/>
  <node id="4430938325" lat="24.6684688" lon="121.6950863"/>
  <node id="4430938326" lat="24.6684688" lon="121.6952258"/>
  <node id="4430938323" lat="24.6684273" lon="121.6953787"/>
  <node id="4430938318" lat="24.6682470" lon="121.6956362"/>
  <node id="4430938313" lat="24.6680398" lon="121.6958749"/>
  <node id="4430938308" lat="24.6676522" lon="121.6963362"/>
  <node id="4430938304" lat="24.6675084" lon="121.6965562"/>
  <node id="4430938301" lat="24.6674109" lon="121.6967868"/>
  <node id="4430938297" lat="24.6673403" lon="121.6970604"/>
  <node id="4430938295" lat="24.6673329" lon="121.6990640"/>
  <node id="4430938296" lat="24.6673378" lon="121.6993189"/>
  <node id="4430938299" lat="24.6673744" lon="121.6995951"/>
  <node id="4430938303" lat="24.6674646" lon="121.6999170"/>
  <node id="4430938305" lat="24.6675889" lon="121.7001611"/>
  <node id="4430938309" lat="24.6677083" lon="121.7003569"/>
  <node id="4430938311" lat="24.6679204" lon="121.7006814"/>
  <node id="4430938314" lat="24.6681324" lon="121.7009738"/>
  <node id="4430938317" lat="24.6682421" lon="121.7011508"/>
  <node id="4430938320" lat="24.6683591" lon="121.7014029"/>
  <node id="4430938324" lat="24.6683750" lon="121.7015585"/>
  <node id="4430938327" lat="24.6683311" lon="121.7016765"/>
  <node id="4430955734" lat="24.6609439" lon="121.6658773"/>
  <node id="4430955739" lat="24.6609290" lon="121.6661990"/>
  <node id="4430955737" lat="24.6608801" lon="121.6664869"/>
  <node id="4430955735" lat="24.6609442" lon="121.6670164"/>
  <node id="4430955738" lat="24.6610532" lon="121.6670571"/>
  <node id="4430955747" lat="24.6615658" lon="121.6676068"/>
  <node id="4430955759" lat="24.6621788" lon="121.6677642"/>
  <node id="4430955762" lat="24.6622704" lon="121.6679354"/>
  <node id="3707842146" lat="24.6686488" lon="121.6314548"/>
  <node id="10019949232" lat="24.6684138" lon="121.6335816"/>
  <node id="3707842135" lat="24.6683775" lon="121.6340472"/>
  <node id="3707842159" lat="24.6687322" lon="121.6349485"/>
  <node id="3707842158" lat="24.6687310" lon="121.6354420"/>
  <node id="4430939120" lat="24.6686987" lon="121.6389255"/>
  <node id="10019949238" lat="24.6686989" lon="121.6390530"/>
  <node id="11158492749" lat="24.6748870" lon="121.7176114"/>
  <node id="11158475941" lat="24.6753408" lon="121.7177751"/>
  <node id="3707842345" lat="24.6755141" lon="121.7178235"/>
  <node id="3707842544" lat="24.6791856" lon="121.7177828"/>
  <node id="11158458298" lat="24.6793717" lon="121.7177197"/>
  <node id="1690085475" lat="24.6625915" lon="121.6800490"/>
  <node id="4430955767" lat="24.6632694" lon="121.6816377"/>
  <node id="3707841779" lat="24.6634863" lon="121.6820480"/>
  <node id="3707841797" lat="24.6638633" lon="121.6824296"/>
  <node id="3707841827" lat="24.6645418" lon="121.6830968"/>
  <node id="9500652077" lat="24.6649950" lon="121.6836852"/>
  <node id="3707842152" lat="24.6686651" lon="121.7074149"/>
  <node id="3707842162" lat="24.6687980" lon="121.7080417"/>
  <node id="3707841611" lat="24.6600159" lon="121.6404232"/>
  <node id="11054672960" lat="24.6601213" lon="121.6404222"/>
  <node id="11054672959" lat="24.6602747" lon="121.6403798"/>
  <node id="4431004632" lat="24.6606542" lon="121.6402409"/>
  <node id="4431004637" lat="24.6608070" lon="121.6402087"/>
  <node id="3707841662" lat="24.6609332" lon="121.6402037"/>
  <node id="11054672958" lat="24.6610471" lon="121.6402172"/>
  <node id="4430915481" lat="24.6611798" lon="121.6402720"/>
  <node id="7760318722" lat="24.6612001" lon="121.6402818"/>
  <node id="3707841742" lat="24.6625939" lon="121.7166432"/>
  <node id="3707841840" lat="24.6648513" lon="121.6947604"/>
  <node id="3707841925" lat="24.6664454" lon="121.6947537"/>
  <node id="3707841941" lat="24.6667184" lon="121.6947564"/>
  <node id="3707842150" lat="24.6686677" lon="121.7095074"/>
  <node id="3707842144" lat="24.6685633" lon="121.7089179"/>
  <node id="3707842133" lat="24.6683985" lon="121.7081507"/>
  <node id="11158458219" lat="24.6683879" lon="121.7089570"/>
  <node id="10308446893" lat="24.6681433" lon="121.7090288"/>
  <node id="11158458218" lat="24.6675165" lon="121.7092051"/>
  <node id="6036139332" lat="24.6647687" lon="121.6640413"/>
  <node id="3707841830" lat="24.6645377" lon="121.6681993"/>
  <node id="3707841813" lat="24.6641591" lon="121.6750141"/>
  <node id="3707841811" lat="24.6640817" lon="121.6764080"/>
  <node id="3707841882" lat="24.6655509" lon="121.6751950"/>
  <node id="3707841884" lat="24.6656230" lon="121.6738805"/>
  <node id="3707841897" lat="24.6658532" lon="121.6735503"/>
  <node id="3707841903" lat="24.6659765" lon="121.6734282"/>
  <node id="3707841923" lat="24.6664168" lon="121.6733798"/>
  <node id="3707842238" lat="24.6706462" lon="121.6308571"/>
  <node id="9064250194" lat="24.6706285" lon="121.6331277"/>
  <node id="3707842237" lat="24.6705810" lon="121.6354473"/>
  <node id="3707842235" lat="24.6705238" lon="121.6378470"/>
  <node id="10019949243" lat="24.6705237" lon="121.6380284"/>
  <node id="10019949240" lat="24.6705171" lon="121.6394661"/>
  <node id="3707842233" lat="24.6704960" lon="121.6440854"/>
  <node id="4430972107" lat="24.6704773" lon="121.6481654"/>
  <node id="4430915444" lat="24.6603492" lon="121.6438361"/>
  <node id="4430915471" lat="24.6609781" lon="121.6438178"/>
  <node id="4430915480" lat="24.6611899" lon="121.6438116"/>
  <node id="3707841777" lat="24.6620958" lon="121.6437851"/>
  <node id="4430915535" lat="24.6632211" lon="121.6437522"/>
  <node id="4430915549" lat="24.6636784" lon="121.6437388"/>
  <node id="3109149631" lat="24.6656524" lon="121.6489198"/>
  <node id="4430915701" lat="24.6664456" lon="121.6487927"/>
  <node id="3707841974" lat="24.6671187" lon="121.6486811"/>
  <node id="9500942524" lat="24.6671558" lon="121.6486810"/>
  <node id="3707841959" lat="24.6669529" lon="121.7080538"/>
  <node id="4430959529" lat="24.6669897" lon="121.7084578"/>
  <node id="3707841967" lat="24.6670833" lon="121.7084628"/>
  <node id="7701090399" lat="24.6676433" lon="121.7083704"/>
  <node id="7701090397" lat="24.6678871" lon="121.7083123"/>
  <node id="7701090396" lat="24.6681345" lon="121.7082118"/>
  <node id="3707842180" lat="24.6691161" lon="121.7079545"/>
  <node id="4430971565" lat="24.6622361" lon="121.7037026"/>
  <node id="3707841753" lat="24.6626472" lon="121.7036719"/>
  <node id="3707841757" lat="24.6628390" lon="121.7036899"/>
  <node id="3707841816" lat="24.6644513" lon="121.7037294"/>
  <node id="3707841835" lat="24.6647259" lon="121.7037334"/>
  <node id="4430971571" lat="24.6648670" lon="121.7036684"/>
  <node id="6170243037" lat="24.6651082" lon="121.7035401"/>
  <node id="9610395449" lat="24.6657741" lon="121.7031805"/>
  <node id="3707841920" lat="24.6663051" lon="121.7028192"/>
  <node id="9610395450" lat="24.6670999" lon="121.7022970"/>
  <node id="9610395451" lat="24.6672178" lon="121.7021593"/>
  <node id="7918293868" lat="24.6668966" lon="121.6649259"/>
  <node id="3707841940" lat="24.6667023" lon="121.6683483"/>
  <node id="3707841943" lat="24.6667708" lon="121.6952687"/>
  <node id="4430971577" lat="24.6667392" lon="121.6953934"/>
  <node id="4430971576" lat="24.6666941" lon="121.6954725"/>
  <node id="3707841934" lat="24.6666575" lon="121.6955557"/>
  <node id="3707841938" lat="24.6666411" lon="121.6976283"/>
  <node id="4430971575" lat="24.6666295" lon="121.6977142"/>
  <node id="4430971574" lat="24.6665850" lon="121.6977980"/>
  <node id="3707841929" lat="24.6665521" lon="121.6978805"/>
  <node id="4430972135" lat="24.6739789" lon="121.6471638"/>
  <node id="4430972136" lat="24.6740164" lon="121.6471964"/>
  <node id="3707842305" lat="24.6742102" lon="121.6473292"/>
  <node id="4430972137" lat="24.6742516" lon="121.6477610"/>
  <node id="3707842303" lat="24.6740847" lon="121.6479863"/>
  <node id="4430972133" lat="24.6737581" lon="121.6483994"/>
  <node id="3707842286" lat="24.6731731" lon="121.6490217"/>
  <node id="4430972131" lat="24.6731170" lon="121.6491062"/>
  <node id="4431044688" lat="24.6700688" lon="121.7198139"/>
  <node id="11158475926" lat="24.6708505" lon="121.7199704"/>
  <node id="3707842246" lat="24.6710404" lon="121.7200084"/>
  <node id="4431045304" lat="24.6712817" lon="121.7200406"/>
  <node id="11158492745" lat="24.6728734" lon="121.7199263"/>
  <node id="11158492733" lat="24.6745317" lon="121.7198043"/>
  <node id="3707842573" lat="24.6810174" lon="121.7193132"/>
  <node id="4431045404" lat="24.6819057" lon="121.7192393"/>
  <node id="4431045296" lat="24.6702824" lon="121.7136293"/>
  <node id="11158458327" lat="24.6730640" lon="121.7136202"/>
  <node id="3707842288" lat="24.6730907" lon="121.7136201"/>
  <node id="3707842348" lat="24.6755390" lon="121.7136227"/>
  <node id="3707842191" lat="24.6694464" lon="121.7096161"/>
  <node id="3707842183" lat="24.6692846" lon="121.7087713"/>
  <node id="4430959561" lat="24.6689921" lon="121.7073152"/>
  <node id="3707842175" lat="24.6689716" lon="121.7071901"/>
  <node id="4430959559" lat="24.6688555" lon="121.7071531"/>
  <node id="3707842167" lat="24.6688431" lon="121.7070614"/>
  <node id="3707842139" lat="24.6684903" lon="121.7056864"/>
  <node id="3063279033" lat="24.6748622" lon="121.6334556"/>
  <node id="3707842332" lat="24.6748346" lon="121.6354586"/>
  <node id="3707842328" lat="24.6748304" lon="121.6358829"/>
  <node id="4430939251" lat="24.6747861" lon="121.6359926"/>
  <node id="3707842316" lat="24.6745240" lon="121.6365772"/>
  <node id="3707842317" lat="24.6745118" lon="121.6374691"/>
  <node id="4430939245" lat="24.6745386" lon="121.6375187"/>
  <node id="4430939246" lat="24.6745983" lon="121.6375562"/>
  <node id="3707842335" lat="24.6748713" lon="121.6376045"/>
  <node id="10019949246" lat="24.6748273" lon="121.6388546"/>
  <node id="3707842326" lat="24.6747589" lon="121.6441122"/>
  <node id="7918338498" lat="24.6629259" lon="121.7100296"/>
  <node id="3707841750" lat="24.6626643" lon="121.7148625"/>
  <node id="7918338507" lat="24.6625324" lon="121.7177199"/>
  <node id="14174991447" lat="24.6624568" lon="121.7190435"/>
  <node id="3707841730" lat="24.6623700" lon="121.7205624"/>
  <node id="4458292078" lat="24.6624498" lon="121.7206212"/>
  <node id="3707841735" lat="24.6625229" lon="121.7207755"/>
  <node id="4458292079" lat="24.6624888" lon="121.7208921"/>
  <node id="3707841731" lat="24.6623779" lon="121.7211175"/>
  <node id="3707841724" lat="24.6623535" lon="121.7214272"/>
  <node id="3707841723" lat="24.6623364" lon="121.7218081"/>
  <node id="3707842131" lat="24.6683587" lon="121.7057588"/>
  <node id="3707842125" lat="24.6681673" lon="121.7061159"/>
  <node id="4430959536" lat="24.6678226" lon="121.7065354"/>
  <node id="3707842006" lat="24.6677061" lon="121.7066397"/>
  <node id="4430959533" lat="24.6675043" lon="121.7068380"/>
  <node id="10308446889" lat="24.6674518" lon="121.7068886"/>
  <node id="3707841980" lat="24.6673337" lon="121.7069695"/>
  <node id="3707841971" lat="24.6670534" lon="121.7070795"/>
  <node id="7701090402" lat="24.6666436" lon="121.7072734"/>
  <node id="3707841915" lat="24.6660244" lon="121.7075138"/>
  <node id="7701090406" lat="24.6656894" lon="121.7070524"/>
  <node id="7701090407" lat="24.6656570" lon="121.7068597"/>
  <node id="7701090408" lat="24.6655762" lon="121.7068034"/>
  <node id="7701090409" lat="24.6650869" lon="121.7068034"/>
  <node id="7701090410" lat="24.6651167" lon="121.7062510"/>
  <node id="7701090411" lat="24.6649527" lon="121.7062018"/>
  <node id="7701090412" lat="24.6646644" lon="121.7061908"/>
  <node id="3707841809" lat="24.6640799" lon="121.6800485"/>
  <node id="3707841806" lat="24.6640120" lon="121.6816222"/>
  <node id="4430937240" lat="24.6639889" lon="121.6817885"/>
  <node id="3707841790" lat="24.6638159" lon="121.6826991"/>
  <node id="4430937236" lat="24.6637963" lon="121.6837733"/>
  <node id="3707841807" lat="24.6640400" lon="121.6841771"/>
  <node id="3707841808" lat="24.6640595" lon="121.6851520"/>
  <node id="4430937241" lat="24.6640352" lon="121.6853666"/>
  <node id="4430937237" lat="24.6638792" lon="121.6860627"/>
  <node id="4430937244" lat="24.6645447" lon="121.6865401"/>
  <node id="4430937245" lat="24.6650540" lon="121.6868338"/>
  <node id="4430937249" lat="24.6654586" lon="121.6870537"/>
  <node id="4430937252" lat="24.6655915" lon="121.6871235"/>
  <node id="4430937256" lat="24.6657244" lon="121.6871691"/>
  <node id="4430937260" lat="24.6661326" lon="121.6871905"/>
  <node id="4430937262" lat="24.6663076" lon="121.6872073"/>
  <node id="4430937265" lat="24.6664976" lon="121.6872582"/>
  <node id="4430937269" lat="24.6666793" lon="121.6873240"/>
  <node id="4430937276" lat="24.6668194" lon="121.6873937"/>
  <node id="4430937281" lat="24.6669583" lon="121.6874916"/>
  <node id="4430938289" lat="24.6670998" lon="121.6876525"/>
  <node id="4430938291" lat="24.6671936" lon="121.6878322"/>
  <node id="4430938292" lat="24.6672399" lon="121.6878725"/>
  <node id="412685440" lat="24.6673322" lon="121.6878748"/>
  <node id="9500049827" lat="24.6723952" lon="121.6510465"/>
  <node id="3707842272" lat="24.6726290" lon="121.6513066"/>
  <node id="9500049829" lat="24.6726412" lon="121.6515711"/>
  <node id="9500049828" lat="24.6726082" lon="121.6517387"/>
  <node id="3707842271" lat="24.6726167" lon="121.6520266"/>
  <node id="3707842270" lat="24.6725509" lon="121.6528783"/>
  <node id="3063279037" lat="24.6770838" lon="121.6346071"/>
  <node id="10293679511" lat="24.6770722" lon="121.6353507"/>
  <node id="3707842392" lat="24.6770715" lon="121.6354757"/>
  <node id="10293679525" lat="24.6770648" lon="121.6367512"/>
  <node id="10293860762" lat="24.6770534" lon="121.6389047"/>
  <node id="10293650005" lat="24.6770461" lon="121.6402774"/>
  <node id="3707842390" lat="24.6770454" lon="121.6404047"/>
  <node id="4430972139" lat="24.6770420" lon="121.6410538"/>
  <node id="10293679519" lat="24.6770315" lon="121.6430393"/>
  <node id="10293649999" lat="24.6770263" lon="121.6440231"/>
  <node id="10293679522" lat="24.6770202" lon="121.6450138"/>
  <node id="10293679530" lat="24.6770054" lon="121.6473759"/>
  <node id="10293649984" lat="24.6769862" lon="121.6504619"/>
  <node id="10293679516" lat="24.6769715" lon="121.6506726"/>
  <node id="3707842391" lat="24.6770228" lon="121.6528745"/>
  <node id="4430955700" lat="24.6562955" lon="121.6734478"/>
  <node id="3707841525" lat="24.6553441" lon="121.6744353"/>
  <node id="4430955691" lat="24.6553563" lon="121.6746016"/>
  <node id="3707841527" lat="24.6554965" lon="121.6755765"/>
  <node id="4430955692" lat="24.6555306" lon="121.6756449"/>
  <node id="3707841543" lat="24.6572995" lon="121.6777278"/>
  <node id="4430955707" lat="24.6577998" lon="121.6783373"/>
  <node id="3707841558" lat="24.6578942" lon="121.6784056"/>
  <node id="3707841572" lat="24.6583878" lon="121.6785036"/>
  <node id="4430955721" lat="24.6585287" lon="121.6785590"/>
  <node id="3707841585" lat="24.6590260" lon="121.6787859"/>
  <node id="4430955723" lat="24.6591356" lon="121.6788722"/>
  <node id="4430955724" lat="24.6592220" lon="121.6789713"/>
  <node id="1690085468" lat="24.6594203" lon="121.6794245"/>
  <node id="987441821" lat="24.6753260" lon="121.7104253"/>
  <node id="4431045331" lat="24.6754621" lon="121.7104600"/>
  <node id="4247037991" lat="24.6698996" lon="121.6891002"/>
  <node id="4247037992" lat="24.6704745" lon="121.6891108"/>
  <node id="1690064634" lat="24.6675458" lon="121.6891546"/>
  <node id="3707842206" lat="24.6698369" lon="121.6891089"/>
  <node id="1690085471" lat="24.6595716" lon="121.6794696"/>
  <node id="3707841526" lat="24.6554684" lon="121.7144121"/>
  <node id="3707841545" lat="24.6572741" lon="121.7144884"/>
  <node id="987441806" lat="24.6700782" lon="121.7153299"/>
  <node id="4431045290" lat="24.6701327" lon="121.7153303"/>
  <node id="4430915593" lat="24.6615587" lon="121.6406720"/>
  <node id="4430915595" lat="24.6616207" lon="121.6407639"/>
  <node id="4430915600" lat="24.6618244" lon="121.6417266"/>
  <node id="4430915601" lat="24.6618418" lon="121.6421617"/>
  <node id="12630339062" lat="24.6619456" lon="121.6428249"/>
  <node id="4430915621" lat="24.6621751" lon="121.6442660"/>
  <node id="4430915618" lat="24.6621988" lon="121.6454181"/>
  <node id="4430915617" lat="24.6621956" lon="121.6462307"/>
  <node id="4430915620" lat="24.6622028" lon="121.6473930"/>
  <node id="4430915499" lat="24.6593705" lon="121.6446206"/>
  <node id="4430915492" lat="24.6592527" lon="121.6445835"/>
  <node id="4430915385" lat="24.6591087" lon="121.6445188"/>
  <node id="4430915380" lat="24.6589691" lon="121.6443823"/>
  <node id="4430915379" lat="24.6589281" lon="121.6442579"/>
  <node id="4430915376" lat="24.6588421" lon="121.6442253"/>
  <node id="4430915371" lat="24.6587006" lon="121.6442519"/>
  <node id="4430915365" lat="24.6586310" lon="121.6441740"/>
  <node id="4430915363" lat="24.6585671" lon="121.6440078"/>
  <node id="4430915361" lat="24.6585322" lon="121.6438305"/>
  <node id="4430915619" lat="24.6622020" lon="121.6522633"/>
  <node id="4430915487" lat="24.6613501" lon="121.6523120"/>
  <node id="4430915485" lat="24.6613200" lon="121.6527209"/>
  <node id="4430915488" lat="24.6613901" lon="121.6533729"/>
  <node id="4430915590" lat="24.6614351" lon="121.6540366"/>
  <node id="4430915472" lat="24.6609990" lon="121.6541442"/>
  <node id="4430915465" lat="24.6609152" lon="121.6552829"/>
  <node id="4430915467" lat="24.6609280" lon="121.6554498"/>
  <node id="4430915474" lat="24.6610231" lon="121.6556046"/>
  <node id="4430915478" lat="24.6610920" lon="121.6556672"/>
  <node id="4430915520" lat="24.6625897" lon="121.6462332"/>
  <node id="4430915483" lat="24.6612989" lon="121.6462360"/>
  <node id="4430915452" lat="24.6605576" lon="121.6462275"/>
  <node id="4430915454" lat="24.6605744" lon="121.6463375"/>
  <node id="4430915453" lat="24.6605594" lon="121.6475195"/>
  <node id="4430915451" lat="24.6605504" lon="121.6491405"/>
  <node id="4430915456" lat="24.6606515" lon="121.6493392"/>
  <node id="4430915462" lat="24.6607981" lon="121.6495376"/>
  <node id="4430915473" lat="24.6610044" lon="121.6496999"/>
  <node id="4430915479" lat="24.6611826" lon="121.6497558"/>
  <node id="4430915606" lat="24.6619068" lon="121.6497754"/>
  <node id="4430915470" lat="24.6609446" lon="121.6557525"/>
  <node id="4430915597" lat="24.6616650" lon="121.6555031"/>
  <node id="4430915624" lat="24.6623643" lon="121.6554778"/>
  <node id="4430915547" lat="24.6635583" lon="121.6554146"/>
  <node id="4430915550" lat="24.6636747" lon="121.6554034"/>
  <node id="9500664258" lat="24.6637525" lon="121.6553672"/>
  <node id="4430915551" lat="24.6639827" lon="121.6552131"/>
  <node id="4430915557" lat="24.6642488" lon="121.6550170"/>
  <node id="4430915565" lat="24.6645099" lon="121.6548035"/>
  <node id="5259213922" lat="24.6645083" lon="121.6545938"/>
  <node id="4430915566" lat="24.6645079" lon="121.6543050"/>
  <node id="4430915561" lat="24.6644396" lon="121.6541156"/>
  <node id="4430915509" lat="24.6597063" lon="121.6521363"/>
  <node id="4430915432" lat="24.6599015" lon="121.6524126"/>
  <node id="9706768798" lat="24.6601257" lon="121.6527642"/>
  <node id="4430915443" lat="24.6603173" lon="121.6531015"/>
  <node id="9706768799" lat="24.6603859" lon="121.6533001"/>
  <node id="4430915447" lat="24.6604090" lon="121.6534486"/>
  <node id="4430915446" lat="24.6603982" lon="121.6537853"/>
  <node id="4430915442" lat="24.6603259" lon="121.6547605"/>
  <node id="4430915441" lat="24.6602933" lon="121.6552584"/>
  <node id="9706768801" lat="24.6602994" lon="121.6553515"/>
  <node id="9706768800" lat="24.6603315" lon="121.6555089"/>
  <node id="4430915448" lat="24.6604575" lon="121.6557666"/>
  <node id="4430915457" lat="24.6606453" lon="121.6561226"/>
  <node id="4430915476" lat="24.6610452" lon="121.6566369"/>
  <node id="9706768804" lat="24.6611537" lon="121.6567408"/>
  <node id="4430915484" lat="24.6612036" lon="121.6568447"/>
  <node id="4430915486" lat="24.6611482" lon="121.6569371"/>
  <node id="4430915592" lat="24.6614257" lon="121.6570622"/>
  <node id="4430915596" lat="24.6616943" lon="121.6571985"/>
  <node id="4430915604" lat="24.6618647" lon="121.6573622"/>
  <node id="4430915459" lat="24.6606804" lon="121.6560786"/>
  <node id="4430915703" lat="24.6665588" lon="121.6561842"/>
  <node id="4430915496" lat="24.6593070" lon="121.6496887"/>
  <node id="4430915512" lat="24.6597077" lon="121.6498730"/>
  <node id="9706774941" lat="24.6583515" lon="121.6467308"/>
  <node id="4430915347" lat="24.6582433" lon="121.6468340"/>
  <node id="9706774939" lat="24.6581354" lon="121.6469850"/>
  <node id="4430915344" lat="24.6579836" lon="121.6474704"/>
  <node id="4430915340" lat="24.6578731" lon="121.6480417"/>
  <node id="4430915343" lat="24.6579072" lon="121.6484463"/>
  <node id="4430915342" lat="24.6578931" lon="121.6487437"/>
  <node id="4430915336" lat="24.6576725" lon="121.6490134"/>
  <node id="4430915335" lat="24.6576104" lon="121.6491575"/>
  <node id="4430915332" lat="24.6575275" lon="121.6498082"/>
  <node id="4430915333" lat="24.6575322" lon="121.6500773"/>
  <node id="4430915338" lat="24.6577001" lon="121.6504879"/>
  <node id="4430915337" lat="24.6576969" lon="121.6506922"/>
  <node id="4430915330" lat="24.6575237" lon="121.6516178"/>
  <node id="4430915329" lat="24.6574889" lon="121.6517334"/>
  <node id="4430915331" lat="24.6575180" lon="121.6521550"/>
  <node id="9706768743" lat="24.6575731" lon="121.6523550"/>
  <node id="9706768744" lat="24.6576251" lon="121.6525070"/>
  <node id="9706768745" lat="24.6575877" lon="121.6525321"/>
  <node id="4430915690" lat="24.6655955" lon="121.6632861"/>
  <node id="4430915689" lat="24.6654055" lon="121.6632956"/>
  <node id="4430915587" lat="24.6652882" lon="121.6632664"/>
  <node id="4882604633" lat="24.6652160" lon="121.6631688"/>
  <node id="4430915585" lat="24.6651225" lon="121.6629241"/>
  <node id="4430915581" lat="24.6650657" lon="121.6627548"/>
  <node id="4430915576" lat="24.6650023" lon="121.6625268"/>
  <node id="4430915573" lat="24.6647671" lon="121.6622555"/>
  <node id="4430915571" lat="24.6645388" lon="121.6619813"/>
  <node id="4430915570" lat="24.6645082" lon="121.6617726"/>
  <node id="4430915567" lat="24.6644762" lon="121.6614219"/>
  <node id="4430915560" lat="24.6643595" lon="121.6611499"/>
  <node id="4430915555" lat="24.6642741" lon="121.6609149"/>
  <node id="4882604632" lat="24.6641818" lon="121.6607883"/>
  <node id="4430915554" lat="24.6641102" lon="121.6607393"/>
  <node id="4430915552" lat="24.6638879" lon="121.6606334"/>
  <node id="4430915548" lat="24.6636694" lon="121.6605373"/>
  <node id="4430915542" lat="24.6634389" lon="121.6605755"/>
  <node id="4430915536" lat="24.6632475" lon="121.6606046"/>
  <node id="4882604631" lat="24.6631362" lon="121.6605936"/>
  <node id="4430915532" lat="24.6630010" lon="121.6604504"/>
  <node id="4430915527" lat="24.6628858" lon="121.6604366"/>
  <node id="4430915523" lat="24.6624951" lon="121.6603884"/>
  <node id="4430915626" lat="24.6623639" lon="121.6603978"/>
  <node id="4430915615" lat="24.6620318" lon="121.6604264"/>
  <node id="4430915608" lat="24.6617675" lon="121.6604250"/>
  <node id="4430915594" lat="24.6616915" lon="121.6604748"/>
  <node id="4430915482" lat="24.6614288" lon="121.6605587"/>
  <node id="4430915705" lat="24.6666606" lon="121.6565620"/>
  <node id="9500664262" lat="24.6659736" lon="121.6567504"/>
  <node id="4430915466" lat="24.6609378" lon="121.6423544"/>
  <node id="4430915468" lat="24.6609642" lon="121.6424598"/>
  <node id="4430915460" lat="24.6607332" lon="121.6418129"/>
  <node id="4430915455" lat="24.6606435" lon="121.6419673"/>
  <node id="9064244241" lat="24.6604265" lon="121.6422031"/>
  <node id="4430915445" lat="24.6603969" lon="121.6422352"/>
  <node id="4430915431" lat="24.6598776" lon="121.6427414"/>
  <node id="4430915507" lat="24.6596415" lon="121.6430831"/>
  <node id="4430915504" lat="24.6596087" lon="121.6433594"/>
  <node id="4430915515" lat="24.6598698" lon="121.6438757"/>
  <node id="4430915433" lat="24.6600089" lon="121.6441508"/>
  <node id="4430915436" lat="24.6601798" lon="121.6444276"/>
  <node id="4430915439" lat="24.6602505" lon="121.6447109"/>
  <node id="4430915438" lat="24.6602192" lon="121.6458611"/>
  <node id="4430915435" lat="24.6601377" lon="121.6460463"/>
  <node id="4430915382" lat="24.6589792" lon="121.6472783"/>
  <node id="4430915374" lat="24.6587984" lon="121.6477188"/>
  <node id="4430915378" lat="24.6588872" lon="121.6480224"/>
  <node id="4430915384" lat="24.6591039" lon="121.6486984"/>
  <node id="4430915493" lat="24.6592562" lon="121.6493528"/>
  <node id="3707841587" lat="24.6592391" lon="121.6496575"/>
  <node id="4430915505" lat="24.6595947" lon="121.6521941"/>
  <node id="4430915503" lat="24.6593359" lon="121.6523040"/>
  <node id="4430915497" lat="24.6592781" lon="121.6523516"/>
  <node id="4430915388" lat="24.6592488" lon="121.6524364"/>
  <node id="4430915386" lat="24.6592261" lon="121.6526234"/>
  <node id="4430915387" lat="24.6592047" lon="121.6526982"/>
  <node id="4430915383" lat="24.6590977" lon="121.6529123"/>
  <node id="4430915375" lat="24.6588542" lon="121.6532959"/>
  <node id="4430915369" lat="24.6587610" lon="121.6534975"/>
  <node id="4430915370" lat="24.6587805" lon="121.6538528"/>
  <node id="4430915373" lat="24.6587813" lon="121.6539640"/>
  <node id="4430915372" lat="24.6587601" lon="121.6540729"/>
  <node id="4430915366" lat="24.6586637" lon="121.6543862"/>
  <node id="4430915364" lat="24.6585786" lon="121.6547933"/>
  <node id="4430915359" lat="24.6585415" lon="121.6550945"/>
  <node id="9706768796" lat="24.6585199" lon="121.6553029"/>
  <node id="9706768797" lat="24.6585286" lon="121.6555877"/>
  <node id="4430915362" lat="24.6585763" lon="121.6559261"/>
  <node id="4430915368" lat="24.6586589" lon="121.6564523"/>
  <node id="4430915367" lat="24.6586635" lon="121.6568256"/>
  <node id="4430915360" lat="24.6585381" lon="121.6569790"/>
  <node id="4430915356" lat="24.6584545" lon="121.6571021"/>
  <node id="4430915357" lat="24.6584941" lon="121.6574415"/>
  <node id="4430915358" lat="24.6585093" lon="121.6576867"/>
  <node id="4430915353" lat="24.6584439" lon="121.6579435"/>
  <node id="4430915352" lat="24.6584309" lon="121.6582054"/>
  <node id="4430915354" lat="24.6584911" lon="121.6585751"/>
  <node id="4430915351" lat="24.6584761" lon="121.6587287"/>
  <node id="4430915350" lat="24.6584487" lon="121.6588209"/>
  <node id="9706768806" lat="24.6583662" lon="121.6589385"/>
  <node id="9706768805" lat="24.6582707" lon="121.6590275"/>
  <node id="4430915345" lat="24.6579692" lon="121.6591840"/>
  <node id="4430915616" lat="24.6621492" lon="121.6474988"/>
  <node id="4430915613" lat="24.6620836" lon="121.6477568"/>
  <node id="4430915611" lat="24.6619729" lon="121.6483009"/>
  <node id="4430915603" lat="24.6618617" lon="121.6485560"/>
  <node id="4430915607" lat="24.6619118" lon="121.6490807"/>
  <node id="4430915609" lat="24.6619246" lon="121.6493836"/>
  <node id="4430915605" lat="24.6619056" lon="121.6506294"/>
  <node id="4430915602" lat="24.6618510" lon="121.6507564"/>
  <node id="4430915598" lat="24.6617608" lon="121.6509879"/>
  <node id="4430915599" lat="24.6617714" lon="121.6511342"/>
  <node id="4430915610" lat="24.6619336" lon="121.6516889"/>
  <node id="4430915614" lat="24.6621255" lon="121.6520469"/>
  <node id="4430915622" lat="24.6622914" lon="121.6525164"/>
  <node id="4430915517" lat="24.6625839" lon="121.6535716"/>
  <node id="4430915518" lat="24.6625846" lon="121.6538923"/>
  <node id="4430915627" lat="24.6624308" lon="121.6549682"/>
  <node id="4430915625" lat="24.6623657" lon="121.6560257"/>
  <node id="4430915629" lat="24.6624064" lon="121.6560757"/>
  <node id="9706768802" lat="24.6624625" lon="121.6561006"/>
  <node id="4430915516" lat="24.6625111" lon="121.6563357"/>
  <node id="13866442641" lat="24.6625693" lon="121.6569814"/>
  <node id="4430915522" lat="24.6625578" lon="121.6571391"/>
  <node id="3707841673" lat="24.6613403" lon="121.6302734"/>
  <node id="4431004648" lat="24.6613184" lon="121.6302542"/>
  <node id="4431004645" lat="24.6612889" lon="121.6302572"/>
  <node id="4431004643" lat="24.6612815" lon="121.6302867"/>
  <node id="4431004641" lat="24.6612755" lon="121.6303578"/>
  <node id="4431004644" lat="24.6612864" lon="121.6304436"/>
  <node id="4431004653" lat="24.6614528" lon="121.6316990"/>
  <node id="4431004656" lat="24.6614839" lon="121.6321536"/>
  <node id="4431004664" lat="24.6618971" lon="121.6347822"/>
  <node id="4431004665" lat="24.6620238" lon="121.6351885"/>
  <node id="4431004666" lat="24.6623736" lon="121.6368099"/>
  <node id="4431004667" lat="24.6624662" lon="121.6375126"/>
  <node id="4431004668" lat="24.6624845" lon="121.6376387"/>
  <node id="4431004669" lat="24.6625077" lon="121.6378587"/>
  <node id="4431004670" lat="24.6625223" lon="121.6379874"/>
  <node id="4431004671" lat="24.6628891" lon="121.6397161"/>
  <node id="4430915531" lat="24.6630445" lon="121.6405281"/>
  <node id="4430915539" lat="24.6633265" lon="121.6421654"/>
  <node id="4430915540" lat="24.6633954" lon="121.6425045"/>
  <node id="4430915526" lat="24.6628253" lon="121.6489979"/>
  <node id="4430915553" lat="24.6640784" lon="121.6488460"/>
  <node id="4430915341" lat="24.6578543" lon="121.6516544"/>
  <node id="4430915349" lat="24.6582761" lon="121.6515455"/>
  <node id="9706774945" lat="24.6584892" lon="121.6514813"/>
  <node id="3707841577" lat="24.6586763" lon="121.6513813"/>
  <node id="5253437430" lat="24.6653079" lon="121.6531686"/>
  <node id="4430915588" lat="24.6653418" lon="121.6531688"/>
  <node id="5253437429" lat="24.6656044" lon="121.6531786"/>
  <node id="4430915694" lat="24.6659357" lon="121.6531909"/>
  <node id="3707841590" lat="24.6592923" lon="121.6509904"/>
  <node id="4430915489" lat="24.6592291" lon="121.6499022"/>
  <node id="4430915556" lat="24.6642483" lon="121.6553948"/>
  <node id="4430915558" lat="24.6642581" lon="121.6558725"/>
  <node id="4430915559" lat="24.6642799" lon="121.6561786"/>
  <node id="4430915546" lat="24.6635417" lon="121.6563202"/>
  <node id="4430915544" lat="24.6635293" lon="121.6564117"/>
  <node id="4430915543" lat="24.6634441" lon="121.6568317"/>
  <node id="13866442690" lat="24.6634301" lon="121.6570800"/>
  <node id="4430915541" lat="24.6634108" lon="121.6571053"/>
  <node id="9706768808" lat="24.6577697" lon="121.6562800"/>
  <node id="4430915508" lat="24.6596798" lon="121.6566525"/>
  <node id="4430915514" lat="24.6598124" lon="121.6566248"/>
  <node id="4430915449" lat="24.6603826" lon="121.6564323"/>
  <node id="4430915348" lat="24.6582529" lon="121.6586400"/>
  <node id="4430915346" lat="24.6580785" lon="121.6586614"/>
  <node id="9706768807" lat="24.6579591" lon="121.6587583"/>
  <node id="4430915339" lat="24.6578462" lon="121.6588911"/>
  <node id="4430915334" lat="24.6576299" lon="121.6589216"/>
  <node id="4430915328" lat="24.6573668" lon="121.6592518"/>
  <node id="5253437424" lat="24.6661972" lon="121.6550528"/>
  <node id="4430915698" lat="24.6662651" lon="121.6550513"/>
  <node id="9500664260" lat="24.6663112" lon="121.6550687"/>
  <node id="4430915700" lat="24.6663475" lon="121.6551309"/>
  <node id="9500664264" lat="24.6666342" lon="121.6565265"/>
  <node id="9500664263" lat="24.6666707" lon="121.6565801"/>
  <node id="4430915707" lat="24.6667651" lon="121.6570385"/>
  <node id="4430915697" lat="24.6661797" lon="121.6471396"/>
  <node id="4430915699" lat="24.6662891" lon="121.6471708"/>
  <node id="4430915704" lat="24.6665882" lon="121.6497716"/>
  <node id="4430915706" lat="24.6666369" lon="121.6498313"/>
  <node id="3744163740" lat="24.6673565" lon="121.6497213"/>
  <node id="7918293878" lat="24.6617343" lon="121.6507085"/>
  <node id="3707841769" lat="24.6629987" lon="121.6512275"/>
  <node id="5253437433" lat="24.6645785" lon="121.6519098"/>
  <node id="3707841875" lat="24.6654025" lon="121.6522691"/>
  <node id="3707841881" lat="24.6655404" lon="121.6523291"/>
  <node id="4430922776" lat="24.6354840" lon="121.7132770"/>
  <node id="4430922775" lat="24.6354475" lon="121.7132891"/>
  <node id="4430922773" lat="24.6353853" lon="121.7132864"/>
  <node id="4430922771" lat="24.6352987" lon="121.7132569"/>
  <node id="4430922770" lat="24.6352573" lon="121.7132663"/>
  <node id="4430922768" lat="24.6352232" lon="121.7133039"/>
  <node id="4430922761" lat="24.6347977" lon="121.7139650"/>
  <node id="4430922760" lat="24.6347928" lon="121.7140254"/>
  <node id="4430922759" lat="24.6347904" lon="121.7140911"/>
  <node id="4430922685" lat="24.6305083" lon="121.7103129"/>
  <node id="4430922689" lat="24.6307711" lon="121.7104768"/>
  <node id="4430922695" lat="24.6311174" lon="121.7106431"/>
  <node id="4430922700" lat="24.6313429" lon="121.7107269"/>
  <node id="4430922710" lat="24.6315696" lon="121.7107779"/>
  <node id="4430922718" lat="24.6317525" lon="121.7108262"/>
  <node id="4430922729" lat="24.6320987" lon="121.7109911"/>
  <node id="4430922730" lat="24.6321182" lon="121.7110327"/>
  <node id="4430922731" lat="24.6321182" lon="121.7110997"/>
  <node id="4430922728" lat="24.6320871" lon="121.7111645"/>
  <node id="4430922897" lat="24.6481407" lon="121.7134956"/>
  <node id="4430922890" lat="24.6479700" lon="121.7136740"/>
  <node id="12630500270" lat="24.6477635" lon="121.7138147"/>
  <node id="4430922888" lat="24.6477043" lon="121.7138550"/>
  <node id="4430922887" lat="24.6476446" lon="121.7138738"/>
  <node id="4430922885" lat="24.6475605" lon="121.7138684"/>
  <node id="4430922884" lat="24.6473654" lon="121.7138269"/>
  <node id="4430922883" lat="24.6472618" lon="121.7138389"/>
  <node id="4430922882" lat="24.6471948" lon="121.7139127"/>
  <node id="4430922881" lat="24.6469254" lon="121.7144786"/>
  <node id="4430922880" lat="24.6468498" lon="121.7145604"/>
  <node id="4430922879" lat="24.6467353" lon="121.7146168"/>
  <node id="4430922878" lat="24.6465171" lon="121.7146651"/>
  <node id="4430922871" lat="24.6463379" lon="121.7147348"/>
  <node id="4430922867" lat="24.6461745" lon="121.7148367"/>
  <node id="4430922862" lat="24.6450920" lon="121.7156516"/>
  <node id="12630500276" lat="24.6448655" lon="121.7154427"/>
  <node id="7861815454" lat="24.6317943" lon="121.7062721"/>
  <node id="7861815455" lat="24.6318309" lon="121.7070499"/>
  <node id="4430922715" lat="24.6317090" lon="121.7076775"/>
  <node id="4430922713" lat="24.6316136" lon="121.7078589"/>
  <node id="4430922698" lat="24.6312613" lon="121.7084557"/>
  <node id="4430922692" lat="24.6310662" lon="121.7087776"/>
  <node id="4430922690" lat="24.6309455" lon="121.7091437"/>
  <node id="4430922686" lat="24.6305810" lon="121.7100409"/>
  <node id="4430922684" lat="24.6304652" lon="121.7104741"/>
  <node id="4430922682" lat="24.6302604" lon="121.7113881"/>
  <node id="4430922840" lat="24.6426277" lon="121.7101120"/>
  <node id="4430922854" lat="24.6448571" lon="121.7107263"/>
  <node id="7918338513" lat="24.6482278" lon="121.7124621"/>
  <node id="7158928695" lat="24.6481654" lon="121.7122391"/>
  <node id="7158928696" lat="24.6480636" lon="121.7120375"/>
  <node id="7158928697" lat="24.6479640" lon="121.7116121"/>
  <node id="7158928698" lat="24.6478808" lon="121.7114104"/>
  <node id="7158928699" lat="24.6475681" lon="121.7110165"/>
  <node id="7158928700" lat="24.6472928" lon="121.7107976"/>
  <node id="7158928702" lat="24.6470360" lon="121.7107025"/>
  <node id="7158928701" lat="24.6469020" lon="121.7106042"/>
  <node id="7158928703" lat="24.6469498" lon="121.7103796"/>
  <node id="7158928704" lat="24.6469487" lon="121.7102591"/>
  <node id="7158928708" lat="24.6469042" lon="121.7101323"/>
  <node id="7158928707" lat="24.6468348" lon="121.7100287"/>
  <node id="7158928706" lat="24.6466821" lon="121.7099611"/>
  <node id="7158928705" lat="24.6465190" lon="121.7098921"/>
  <node id="4430922870" lat="24.6463033" lon="121.7098979"/>
  <node id="4430922868" lat="24.6462422" lon="121.7097784"/>
  <node id="4430922865" lat="24.6461301" lon="121.7096564"/>
  <node id="4430922861" lat="24.6459216" lon="121.7095183"/>
  <node id="4430922860" lat="24.6458717" lon="121.7094385"/>
  <node id="4430922859" lat="24.6454913" lon="121.7087102"/>
  <node id="4430922858" lat="24.6454036" lon="121.7086324"/>
  <node id="4430922856" lat="24.6450062" lon="121.7083696"/>
  <node id="4430922853" lat="24.6447648" lon="121.7081577"/>
  <node id="4430922851" lat="24.6445064" lon="121.7080423"/>
  <node id="4430922849" lat="24.6439798" lon="121.7077553"/>
  <node id="4430922847" lat="24.6436995" lon="121.7075408"/>
  <node id="4430922846" lat="24.6433423" lon="121.7073510"/>
  <node id="4430922844" lat="24.6428316" lon="121.7072739"/>
  <node id="4430922841" lat="24.6427231" lon="121.7073034"/>
  <node id="4430922836" lat="24.6423720" lon="121.7075904"/>
  <node id="4430922832" lat="24.6419564" lon="121.7078720"/>
  <node id="4430922831" lat="24.6416248" lon="121.7081134"/>
  <node id="4430922830" lat="24.6414785" lon="121.7082368"/>
  <node id="4430922828" lat="24.6414090" lon="121.7082381"/>
  <node id="4430922826" lat="24.6412274" lon="121.7082086"/>
  <node id="4430922855" lat="24.6449990" lon="121.7100954"/>
  <node id="4951830582" lat="24.6447519" lon="121.7112422"/>
  <node id="4951830968" lat="24.6446908" lon="121.7115352"/>
  <node id="4951830969" lat="24.6446689" lon="121.7116404"/>
  <node id="4430922727" lat="24.6320611" lon="121.7180123"/>
  <node id="4430922703" lat="24.6314349" lon="121.7182509"/>
  <node id="4430922842" lat="24.6427469" lon="121.7095554"/>
  <node id="4430922843" lat="24.6427965" lon="121.7094922"/>
  <node id="4951830588" lat="24.6433490" lon="121.7096435"/>
  <node id="4951830594" lat="24.6437559" lon="121.7097549"/>
  <node id="4951830592" lat="24.6441831" lon="121.7098720"/>
  <node id="4951830585" lat="24.6446087" lon="121.7099885"/>
  <node id="4430922838" lat="24.6425071" lon="121.7106253"/>
  <node id="7918338521" lat="24.6371194" lon="121.7127166"/>
  <node id="4430922810" lat="24.6372687" lon="121.7128506"/>
  <node id="4430922811" lat="24.6372856" lon="121.7128652"/>
  <node id="4430922818" lat="24.6390928" lon="121.7143810"/>
  <node id="4430922732" lat="24.6321261" lon="121.7141900"/>
  <node id="4430922726" lat="24.6320384" lon="121.7143026"/>
  <node id="4430922725" lat="24.6319311" lon="121.7144287"/>
  <node id="4430922723" lat="24.6318738" lon="121.7115326"/>
  <node id="4430922721" lat="24.6318263" lon="121.7115876"/>
  <node id="4430922714" lat="24.6316531" lon="121.7115849"/>
  <node id="4430922712" lat="24.6315995" lon="121.7116198"/>
  <node id="4430922705" lat="24.6314831" lon="121.7118937"/>
  <node id="4431088313" lat="24.6518475" lon="121.7144949"/>
  <node id="4431088311" lat="24.6518045" lon="121.7147325"/>
  <node id="4431088309" lat="24.6517473" lon="121.7148733"/>
  <node id="4431088303" lat="24.6516376" lon="121.7150718"/>
  <node id="10214203486" lat="24.6510808" lon="121.7159746"/>
  <node id="4431087785" lat="24.6504205" lon="121.7170452"/>
  <node id="4431087783" lat="24.6502560" lon="121.7173067"/>
  <node id="4431087781" lat="24.6501938" lon="121.7174086"/>
  <node id="4431087774" lat="24.6501304" lon="121.7176031"/>
  <node id="4431087772" lat="24.6500926" lon="121.7177426"/>
  <node id="4431087771" lat="24.6500853" lon="121.7179022"/>
  <node id="4431087773" lat="24.6501060" lon="121.7189201"/>
  <node id="4431087775" lat="24.6501316" lon="121.7190099"/>
  <node id="4431087776" lat="24.6501658" lon="121.7190354"/>
  <node id="4431087779" lat="24.6501877" lon="121.7190850"/>
  <node id="4431087778" lat="24.6501828" lon="121.7192245"/>
  <node id="4431087780" lat="24.6501901" lon="121.7198924"/>
  <node id="4431087782" lat="24.6502145" lon="121.7199903"/>
  <node id="4431087784" lat="24.6503096" lon="121.7201673"/>
  <node id="4431087786" lat="24.6504315" lon="121.7205240"/>
  <node id="4430922908" lat="24.6505053" lon="121.7209501"/>
  <node id="4430922909" lat="24.6506297" lon="121.7216442"/>
  <node id="4430922910" lat="24.6506869" lon="121.7217823"/>
  <node id="4430922911" lat="24.6508722" lon="121.7221042"/>
  <node id="4430922912" lat="24.6509319" lon="121.7222155"/>
  <node id="4430922711" lat="24.6315751" lon="121.7134852"/>
  <node id="4430922709" lat="24.6315288" lon="121.7136582"/>
  <node id="4430922707" lat="24.6315081" lon="121.7139104"/>
  <node id="4430922704" lat="24.6314654" lon="121.7141062"/>
  <node id="4430922702" lat="24.6314008" lon="121.7142322"/>
  <node id="4430922699" lat="24.6313277" lon="121.7142953"/>
  <node id="4430922696" lat="24.6311774" lon="121.7143382"/>
  <node id="4430922754" lat="24.6345039" lon="121.7128599"/>
  <node id="4430922755" lat="24.6345051" lon="121.7129753"/>
  <node id="4430922753" lat="24.6344869" lon="121.7130450"/>
  <node id="4430922749" lat="24.6343723" lon="121.7132288"/>
  <node id="4430922748" lat="24.6343589" lon="121.7133025"/>
  <node id="4430922750" lat="24.6343808" lon="121.7134085"/>
  <node id="4430922789" lat="24.6363290" lon="121.7155231"/>
  <node id="4430922782" lat="24.6359558" lon="121.7160115"/>
  <node id="4430922778" lat="24.6357705" lon="121.7162154"/>
  <node id="4430922777" lat="24.6357607" lon="121.7162556"/>
  <node id="4430922779" lat="24.6357876" lon="121.7163093"/>
  <node id="4430922784" lat="24.6360387" lon="121.7165869"/>
  <node id="4430922785" lat="24.6360972" lon="121.7166875"/>
  <node id="10293026617" lat="24.6362120" lon="121.7173308"/>
  <node id="10293026616" lat="24.6363046" lon="121.7176585"/>
  <node id="2938325121" lat="24.6375905" lon="121.7164340"/>
  <node id="4430922814" lat="24.6373833" lon="121.7167686"/>
  <node id="4430922808" lat="24.6371663" lon="121.7170368"/>
  <node id="4430922803" lat="24.6369505" lon="121.7172058"/>
  <node id="4430922793" lat="24.6365129" lon="121.7175035"/>
  <node id="4430922788" lat="24.6362191" lon="121.7177221"/>
  <node id="4430922774" lat="24.6354377" lon="121.7182881"/>
  <node id="4430922766" lat="24.6350696" lon="121.7185523"/>
  <node id="4430922809" lat="24.6372175" lon="121.7130041"/>
  <node id="4430922802" lat="24.6368530" lon="121.7136894"/>
  <node id="4430922798" lat="24.6367664" lon="121.7139335"/>
  <node id="4430922797" lat="24.6367494" lon="121.7140314"/>
  <node id="4430922799" lat="24.6367774" lon="121.7140690"/>
  <node id="4430922801" lat="24.6368396" lon="121.7140663"/>
  <node id="4430922805" lat="24.6369871" lon="121.7140783"/>
  <node id="4430922806" lat="24.6371273" lon="121.7140730"/>
  <node id="4430922863" lat="24.6460223" lon="121.7060842"/>
  <node id="4430922864" lat="24.6460947" lon="121.7068934"/>
  <node id="12630500271" lat="24.6461258" lon="121.7070582"/>
  <node id="4430922866" lat="24.6461404" lon="121.7071354"/>
  <node id="4430922869" lat="24.6462359" lon="121.7075308"/>
  <node id="4430922873" lat="24.6463610" lon="121.7084430"/>
  <node id="4430922876" lat="24.6464135" lon="121.7088413"/>
  <node id="4430922875" lat="24.6464074" lon="121.7090465"/>
  <node id="4430922872" lat="24.6463476" lon="121.7096862"/>
  <node id="4430931562" lat="24.6412792" lon="121.6894348"/>
  <node id="4430931561" lat="24.6411793" lon="121.6893296"/>
  <node id="4430931559" lat="24.6411354" lon="121.6892478"/>
  <node id="4430931556" lat="24.6410884" lon="121.6890326"/>
  <node id="4430931554" lat="24.6410470" lon="121.6888462"/>
  <node id="4430931555" lat="24.6410549" lon="121.6887267"/>
  <node id="4430931565" lat="24.6412250" lon="121.6883503"/>
  <node id="4430931566" lat="24.6413579" lon="121.6880666"/>
  <node id="4430931571" lat="24.6414578" lon="121.6878517"/>
  <node id="10080041760" lat="24.6416160" lon="121.6876441"/>
  <node id="10080041759" lat="24.6418305" lon="121.6872458"/>
  <node id="10080041758" lat="24.6418793" lon="121.6870970"/>
  <node id="10080041757" lat="24.6417269" lon="121.6869923"/>
  <node id="10080041756" lat="24.6416416" lon="121.6869105"/>
  <node id="10080041755" lat="24.6416184" lon="121.6868368"/>
  <node id="10080041754" lat="24.6416824" lon="121.6866235"/>
  <node id="10080041751" lat="24.6417434" lon="121.6864914"/>
  <node id="10080041753" lat="24.6418574" lon="121.6863258"/>
  <node id="10080041752" lat="24.6419390" lon="121.6861542"/>
  <node id="4430931519" lat="24.6393895" lon="121.7032984"/>
  <node id="4430931551" lat="24.6409806" lon="121.6947510"/>
  <node id="4430931572" lat="24.6415828" lon="121.6950232"/>
  <node id="4430931276" lat="24.6379355" lon="121.6933576"/>
  <node id="4430931281" lat="24.6380757" lon="121.6934541"/>
  <node id="4430931285" lat="24.6382525" lon="121.6936969"/>
  <node id="4430931287" lat="24.6383305" lon="121.6939490"/>
  <node id="4430931489" lat="24.6384110" lon="121.6941904"/>
  <node id="4430931492" lat="24.6384536" lon="121.6942360"/>
  <node id="4430931494" lat="24.6386170" lon="121.6942682"/>
  <node id="4430931495" lat="24.6387571" lon="121.6943486"/>
  <node id="4430931504" lat="24.6389571" lon="121.6944224"/>
  <node id="4430931505" lat="24.6390802" lon="121.6944814"/>
  <node id="4430931509" lat="24.6391143" lon="121.6945411"/>
  <node id="4430931507" lat="24.6391021" lon="121.6946229"/>
  <node id="4430931502" lat="24.6389449" lon="121.6949287"/>
  <node id="4430931499" lat="24.6389229" lon="121.6950480"/>
  <node id="4430931503" lat="24.6389461" lon="121.6952251"/>
  <node id="4430931506" lat="24.6390863" lon="121.6954168"/>
  <node id="4430931517" lat="24.6393228" lon="121.6957575"/>
  <node id="4430931520" lat="24.6394093" lon="121.6959935"/>
  <node id="4430931528" lat="24.6395202" lon="121.6963650"/>
  <node id="4430931529" lat="24.6395312" lon="121.6964294"/>
  <node id="4430931527" lat="24.6395129" lon="121.6965420"/>
  <node id="4430931522" lat="24.6394556" lon="121.6966520"/>
  <node id="4430931516" lat="24.6392972" lon="121.6969578"/>
  <node id="4430931490" lat="24.6384231" lon="121.6972994"/>
  <node id="4430931491" lat="24.6384341" lon="121.6974724"/>
  <node id="4430931288" lat="24.6383683" lon="121.6977675"/>
  <node id="4430931286" lat="24.6382561" lon="121.6981121"/>
  <node id="4430931283" lat="24.6381793" lon="121.6983817"/>
  <node id="4430931282" lat="24.6381025" lon="121.6986352"/>
  <node id="4430931278" lat="24.6379575" lon="121.6989154"/>
  <node id="4430931277" lat="24.6379429" lon="121.6989852"/>
  <node id="4430931279" lat="24.6379636" lon="121.6990348"/>
  <node id="4430931280" lat="24.6380257" lon="121.6990737"/>
  <node id="4430931284" lat="24.6382123" lon="121.6991059"/>
  <node id="4430931493" lat="24.6385658" lon="121.6991220"/>
  <node id="4430931496" lat="24.6387974" lon="121.6991139"/>
  <node id="4430931498" lat="24.6388693" lon="121.6991287"/>
  <node id="4430931501" lat="24.6389351" lon="121.6991729"/>
  <node id="4430931508" lat="24.6391119" lon="121.6992816"/>
  <node id="4430931512" lat="24.6391826" lon="121.6992816"/>
  <node id="4430931513" lat="24.6392265" lon="121.6992454"/>
  <node id="4430931521" lat="24.6394178" lon="121.6988403"/>
  <node id="4430931523" lat="24.6394666" lon="121.6987800"/>
  <node id="4430931531" lat="24.6395373" lon="121.6987572"/>
  <node id="4430931534" lat="24.6398396" lon="121.6986942"/>
  <node id="4430931535" lat="24.6399128" lon="121.6987103"/>
  <node id="4430931536" lat="24.6399810" lon="121.6987505"/>
  <node id="4430931537" lat="24.6401322" lon="121.6989114"/>
  <node id="4430931538" lat="24.6401748" lon="121.6989369"/>
  <node id="4430931573" lat="24.6415925" lon="121.6958245"/>
  <node id="4430931567" lat="24.6414206" lon="121.6958058"/>
  <node id="4430931563" lat="24.6412085" lon="121.6957977"/>
  <node id="4430931548" lat="24.6409101" lon="121.6957921"/>
  <node id="4430931514" lat="24.6392789" lon="121.7032094"/>
  <node id="3210375943" lat="24.6391765" lon="121.7030471"/>
  <node id="3210375938" lat="24.6391180" lon="121.7028741"/>
  <node id="4430931568" lat="24.6414243" lon="121.6989634"/>
  <node id="4430931564" lat="24.6412110" lon="121.6988554"/>
  <node id="4430931558" lat="24.6410732" lon="121.6987924"/>
  <node id="4430931552" lat="24.6409855" lon="121.6987709"/>
  <node id="4430931549" lat="24.6409294" lon="121.6987817"/>
  <node id="4430931547" lat="24.6408904" lon="121.6988286"/>
  <node id="4430931546" lat="24.6407635" lon="121.6992849"/>
  <node id="4430931515" lat="24.6392874" lon="121.6943936"/>
  <node id="4430931518" lat="24.6393630" lon="121.6942494"/>
  <node id="4430931524" lat="24.6394678" lon="121.6939986"/>
  <node id="4430931526" lat="24.6394995" lon="121.6939477"/>
  <node id="4430931532" lat="24.6395751" lon="121.6939503"/>
  <node id="4430931543" lat="24.6403784" lon="121.6943835"/>
  <node id="4430931545" lat="24.6407478" lon="121.6945740"/>
  <node id="4430931553" lat="24.6409937" lon="121.6946009"/>
  <node id="4430938312" lat="24.6679895" lon="121.6936259"/>
  <node id="1690064652" lat="24.6679969" lon="121.6684314"/>
  <node id="2268453578" lat="24.6675143" lon="121.6780385"/>
  <node id="3109149655" lat="24.6674770" lon="121.6797196"/>
  <node id="1690085484" lat="24.6674716" lon="121.6800498"/>
  <node id="3109149651" lat="24.6673770" lon="121.6837791"/>
  <node id="4431053208" lat="24.6673772" lon="121.6838445"/>
  <node id="3109149646" lat="24.6673020" lon="121.6873119"/>
  <node id="3109149654" lat="24.6674410" lon="121.6885886"/>
  <node id="4430938302" lat="24.6674488" lon="121.6886309"/>
  <node id="4430938330" lat="24.6685503" lon="121.7022844"/>
  <node id="4430938331" lat="24.6686759" lon="121.7023153"/>
  <node id="4430938334" lat="24.6689756" lon="121.7024694"/>
  <node id="4430938335" lat="24.6692730" lon="121.7026318"/>
  <node id="987441808" lat="24.6680178" lon="121.7020564"/>
  <node id="4430938315" lat="24.6681933" lon="121.7021315"/>
  <node id="4430938328" lat="24.6684797" lon="121.7022670"/>
  <node id="2283511578" lat="24.6759924" lon="121.6908503"/>
  <node id="4430938366" lat="24.6763943" lon="121.6908205"/>
  <node id="4430938370" lat="24.6766953" lon="121.6907897"/>
  <node id="4430938378" lat="24.6774094" lon="121.6907065"/>
  <node id="4430938381" lat="24.6778993" lon="121.6906663"/>
  <node id="4430938382" lat="24.6784635" lon="121.6906086"/>
  <node id="4430938383" lat="24.6791094" lon="121.6905523"/>
  <node id="4430938386" lat="24.6797284" lon="121.6905040"/>
  <node id="4430938387" lat="24.6803304" lon="121.6904236"/>
  <node id="4430938388" lat="24.6804060" lon="121.6903726"/>
  <node id="4430938389" lat="24.6804669" lon="121.6903485"/>
  <node id="2283511695" lat="24.6807353" lon="121.6903213"/>
  <node id="4430938365" lat="24.6761926" lon="121.6931917"/>
  <node id="4430937279" lat="24.6668967" lon="121.6903052"/>
  <node id="4430937273" lat="24.6666879" lon="121.6903526"/>
  <node id="4430938307" lat="24.6676278" lon="121.6921643"/>
  <node id="3109149665" lat="24.6679918" lon="121.6921023"/>
  <node id="4430937239" lat="24.6639560" lon="121.6846937"/>
  <node id="4430938375" lat="24.6772579" lon="121.6973273"/>
  <node id="4430938294" lat="24.6673178" lon="121.6886549"/>
  <node id="3109149659" lat="24.6676652" lon="121.6901309"/>
  <node id="4430937287" lat="24.6670258" lon="121.6886651"/>
  <node id="4430938348" lat="24.6714170" lon="121.6877524"/>
  <node id="4430938347" lat="24.6709295" lon="121.6869263"/>
  <node id="4430938353" lat="24.6745825" lon="121.7003219"/>
  <node id="4430938354" lat="24.6746507" lon="121.7007484"/>
  <node id="987441810" lat="24.6695774" lon="121.7026193"/>
  <node id="4430938336" lat="24.6693090" lon="121.7028700"/>
  <node id="4430938332" lat="24.6687864" lon="121.7033595"/>
  <node id="4430938338" lat="24.6696443" lon="121.7058620"/>
  <node id="4430938339" lat="24.6696895" lon="121.7059519"/>
  <node id="4430938346" lat="24.6706340" lon="121.7079166"/>
  <node id="4431045306" lat="24.6712987" lon="121.7092144"/>
  <node id="4431045309" lat="24.6713695" lon="121.7093808"/>
  <node id="3707841727" lat="24.6624944" lon="121.6853197"/>
  <node id="4430937235" lat="24.6628122" lon="121.6848994"/>
  <node id="3707841766" lat="24.6629206" lon="121.6848230"/>
  <node id="3707841772" lat="24.6630477" lon="121.6848109"/>
  <node id="4430937247" lat="24.6651308" lon="121.6888178"/>
  <node id="4430937248" lat="24.6652380" lon="121.6888138"/>
  <node id="4430937250" lat="24.6654562" lon="121.6887749"/>
  <node id="4430937257" lat="24.6657609" lon="121.6887293"/>
  <node id="4430937259" lat="24.6660351" lon="121.6887239"/>
  <node id="4430938374" lat="24.6771203" lon="121.7016451"/>
  <node id="4430938363" lat="24.6759479" lon="121.6890548"/>
  <node id="2279842256" lat="24.6759868" lon="121.6890543"/>
  <node id="4430938360" lat="24.6756604" lon="121.6890580"/>
  <node id="3063279034" lat="24.6757209" lon="121.6403964"/>
  <node id="3063279059" lat="24.6811123" lon="121.6404308"/>
  <node id="3707842562" lat="24.6803555" lon="121.6404260"/>
  <node id="10293650008" lat="24.6773084" lon="121.6404064"/>
  <node id="10293649988" lat="24.6771336" lon="121.6404053"/>
  <node id="10293650007" lat="24.6769701" lon="121.6404043"/>
  <node id="2938323693" lat="24.6105910" lon="121.6901131"/>
  <node id="4430954381" lat="24.6233263" lon="121.7060843"/>
  <node id="4430954379" lat="24.6227448" lon="121.7050664"/>
  <node id="2938325126" lat="24.6439784" lon="121.7220810"/>
  <node id="994345670" lat="24.6438341" lon="121.7219818"/>
  <node id="3210376009" lat="24.6435196" lon="121.7217052"/>
  <node id="2938325125" lat="24.6420350" lon="121.7202702"/>
  <node id="994345668" lat="24.6405174" lon="121.7188211"/>
  <node id="994345667" lat="24.6404710" lon="121.7187608"/>
  <node id="994345665" lat="24.6402931" lon="121.7184242"/>
  <node id="2938325123" lat="24.6401468" lon="121.7182753"/>
  <node id="4430922821" lat="24.6390229" lon="121.7174747"/>
  <node id="4430922807" lat="24.6371505" lon="121.7161362"/>
  <node id="4430922791" lat="24.6363471" lon="121.7155368"/>
  <node id="4430922765" lat="24.6350160" lon="121.7145873"/>
  <node id="2938325115" lat="24.6337628" lon="121.7136217"/>
  <node id="3125135182" lat="24.6323333" lon="121.7125698"/>
  <node id="2938325112" lat="24.6317867" lon="121.7121425"/>
  <node id="3210375815" lat="24.6317064" lon="121.7120981"/>
  <node id="10572077814" lat="24.6303828" lon="121.7114482"/>
  <node id="2083234460" lat="24.6300897" lon="121.7113062"/>
  <node id="2083234321" lat="24.6294083" lon="121.7111366"/>
  <node id="2083234527" lat="24.6271590" lon="121.7101040"/>
  <node id="2938325107" lat="24.6265385" lon="121.7098183"/>
  <node id="2938325106" lat="24.6260905" lon="121.7096543"/>
  <node id="2938325105" lat="24.6257687" lon="121.7095041"/>
  <node id="2938325104" lat="24.6249060" lon="121.7090455"/>
  <node id="2083234255" lat="24.6247765" lon="121.7089670"/>
  <node id="2938325103" lat="24.6246887" lon="121.7088208"/>
  <node id="2938325102" lat="24.6243193" lon="121.7079062"/>
  <node id="2083234329" lat="24.6242205" lon="121.7076487"/>
  <node id="7095452089" lat="24.6239068" lon="121.7070710"/>
  <node id="2938323676" lat="24.6059422" lon="121.6846549"/>
  <node id="2938323675" lat="24.6057434" lon="121.6846369"/>
  <node id="2938323674" lat="24.6043734" lon="121.6844952"/>
  <node id="2938323673" lat="24.6037843" lon="121.6844201"/>
  <node id="2938323672" lat="24.6036127" lon="121.6844631"/>
  <node id="2938323671" lat="24.6035483" lon="121.6845060"/>
  <node id="2938323670" lat="24.6030450" lon="121.6848278"/>
  <node id="5474479764" lat="24.6029787" lon="121.6848389"/>
  <node id="2938323669" lat="24.6029162" lon="121.6848493"/>
  <node id="2938323668" lat="24.6026802" lon="121.6848519"/>
  <node id="2938323667" lat="24.6022676" lon="121.6849727"/>
  <node id="2938323666" lat="24.6015883" lon="121.6850182"/>
  <node id="2938323665" lat="24.6014303" lon="121.6849968"/>
  <node id="2938323664" lat="24.6012933" lon="121.6849620"/>
  <node id="2938323663" lat="24.5995854" lon="121.6843557"/>
  <node id="2938323662" lat="24.5995210" lon="121.6843557"/>
  <node id="2938323661" lat="24.5993923" lon="121.6843772"/>
  <node id="2938323660" lat="24.5991397" lon="121.6846132"/>
  <node id="2938323659" lat="24.5990109" lon="121.6846561"/>
  <node id="2938323658" lat="24.5989037" lon="121.6846561"/>
  <node id="2938323657" lat="24.5986247" lon="121.6845489"/>
  <node id="2938323656" lat="24.5985603" lon="121.6845274"/>
  <node id="2938323655" lat="24.5982599" lon="121.6845274"/>
  <node id="2938323654" lat="24.5980668" lon="121.6845489"/>
  <node id="2938323653" lat="24.5979166" lon="121.6846132"/>
  <node id="2938323652" lat="24.5978717" lon="121.6846347"/>
  <node id="2938323651" lat="24.5975542" lon="121.6850719"/>
  <node id="2938323650" lat="24.5969817" lon="121.6854394"/>
  <node id="2938323649" lat="24.5968788" lon="121.6855466"/>
  <node id="4443557587" lat="24.5968316" lon="121.6856944"/>
  <node id="2938323648" lat="24.5967394" lon="121.6858739"/>
  <node id="2938323647" lat="24.5966272" lon="121.6859758"/>
  <node id="2938323646" lat="24.5963931" lon="121.6861153"/>
  <node id="2938323645" lat="24.5963287" lon="121.6861367"/>
  <node id="2938323644" lat="24.5960069" lon="121.6861582"/>
  <node id="2938323643" lat="24.5959425" lon="121.6862011"/>
  <node id="2938323642" lat="24.5956157" lon="121.6865659"/>
  <node id="2938323641" lat="24.5955348" lon="121.6866007"/>
  <node id="2938323640" lat="24.5954441" lon="121.6866088"/>
  <node id="2938323639" lat="24.5953797" lon="121.6865873"/>
  <node id="2938323638" lat="24.5952080" lon="121.6864800"/>
  <node id="2938323637" lat="24.5945306" lon="121.6857960"/>
  <node id="2938323636" lat="24.5944253" lon="121.6856915"/>
  <node id="4443557586" lat="24.5943038" lon="121.6853041"/>
  <node id="9620098528" lat="24.5942708" lon="121.6851967"/>
  <node id="4430953987" lat="24.6097740" lon="121.6876630"/>
  <node id="4430954292" lat="24.6102045" lon="121.6879969"/>
  <node id="4443533239" lat="24.6106637" lon="121.6884036"/>
  <node id="4430954302" lat="24.6127710" lon="121.6837288"/>
  <node id="4430954291" lat="24.6100169" lon="121.6873334"/>
  <node id="4443533236" lat="24.6095645" lon="121.6879141"/>
  <node id="4430953986" lat="24.6095046" lon="121.6879908"/>
  <node id="4443533235" lat="24.6093141" lon="121.6882595"/>
  <node id="4443533234" lat="24.6092516" lon="121.6883476"/>
  <node id="4443533233" lat="24.6091785" lon="121.6884549"/>
  <node id="4443533232" lat="24.6091053" lon="121.6884897"/>
  <node id="4443533231" lat="24.6088566" lon="121.6886453"/>
  <node id="4443533230" lat="24.6088200" lon="121.6886855"/>
  <node id="4443533229" lat="24.6087590" lon="121.6888143"/>
  <node id="4443533228" lat="24.6084883" lon="121.6891147"/>
  <node id="4443533227" lat="24.6082811" lon="121.6892971"/>
  <node id="4443533226" lat="24.6081494" lon="121.6893775"/>
  <node id="4443533225" lat="24.6077299" lon="121.6895841"/>
  <node id="4443533224" lat="24.6074080" lon="121.6897960"/>
  <node id="4443533223" lat="24.6071008" lon="121.6900213"/>
  <node id="4443526425" lat="24.6227123" lon="121.7020510"/>
  <node id="4443526424" lat="24.6226001" lon="121.7022387"/>
  <node id="4443526423" lat="24.6225392" lon="121.7023273"/>
  <node id="4430954377" lat="24.6213656" lon="121.7031501"/>
  <node id="4430954369" lat="24.6210465" lon="121.7038198"/>
  <node id="4430954364" lat="24.6207491" lon="121.7044555"/>
  <node id="4430954362" lat="24.6204649" lon="121.7050905"/>
  <node id="10197336933" lat="24.6204760" lon="121.7052260"/>
  <node id="10197336932" lat="24.6205247" lon="121.7053011"/>
  <node id="10197336931" lat="24.6206467" lon="121.7053789"/>
  <node id="10197336925" lat="24.6207156" lon="121.7054121"/>
  <node id="10197336930" lat="24.6207637" lon="121.7054352"/>
  <node id="10197336929" lat="24.6208417" lon="121.7055184"/>
  <node id="10197336928" lat="24.6208588" lon="121.7055613"/>
  <node id="10197336927" lat="24.6208564" lon="121.7056364"/>
  <node id="10197336926" lat="24.6208954" lon="121.7057222"/>
  <node id="4430954391" lat="24.6248215" lon="121.7091145"/>
  <node id="4430954390" lat="24.6247106" lon="121.7092071"/>
  <node id="4430965119" lat="24.6245972" lon="121.7093023"/>
  <node id="4430954389" lat="24.6245217" lon="121.7093372"/>
  <node id="10254974921" lat="24.6243662" lon="121.7093492"/>
  <node id="10254974920" lat="24.6242578" lon="121.7093419"/>
  <node id="10254974919" lat="24.6242030" lon="121.7095041"/>
  <node id="4430954355" lat="24.6196335" lon="121.7006206"/>
  <node id="4430954352" lat="24.6192397" lon="121.7008486"/>
  <node id="4430954347" lat="24.6188227" lon="121.7010364"/>
  <node id="4430954343" lat="24.6184191" lon="121.7012268"/>
  <node id="4430954340" lat="24.6181314" lon="121.7014012"/>
  <node id="4430954333" lat="24.6178217" lon="121.7016157"/>
  <node id="4430954296" lat="24.6121706" lon="121.6822308"/>
  <node id="4430954297" lat="24.6122821" lon="121.6823297"/>
  <node id="4430954300" lat="24.6123108" lon="121.6823927"/>
  <node id="4430954299" lat="24.6123071" lon="121.6824652"/>
  <node id="4430954298" lat="24.6122827" lon="121.6825154"/>
  <node id="4430954295" lat="24.6119023" lon="121.6830331"/>
  <node id="6170374205" lat="24.6598904" lon="121.6691517"/>
  <node id="6170374204" lat="24.6596260" lon="121.6692870"/>
  <node id="6170374203" lat="24.6588757" lon="121.6697245"/>
  <node id="6170374202" lat="24.6587249" lon="121.6696671"/>
  <node id="6170374201" lat="24.6585640" lon="121.6695920"/>
  <node id="6170374200" lat="24.6583349" lon="121.6696349"/>
  <node id="6170374199" lat="24.6581813" lon="121.6695812"/>
  <node id="6170374198" lat="24.6581033" lon="121.6694900"/>
  <node id="6170374197" lat="24.6579863" lon="121.6695383"/>
  <node id="6170374196" lat="24.6577328" lon="121.6698468"/>
  <node id="6170374195" lat="24.6574988" lon="121.6700774"/>
  <node id="6170374194" lat="24.6572867" lon="121.6701874"/>
  <node id="6170374193" lat="24.6570966" lon="121.6702142"/>
  <node id="6170374192" lat="24.6568065" lon="121.6701660"/>
  <node id="6170374191" lat="24.6565189" lon="121.6700855"/>
  <node id="6170374190" lat="24.6562532" lon="121.6701043"/>
  <node id="6170374189" lat="24.6560362" lon="121.6700399"/>
  <node id="6170374188" lat="24.6557608" lon="121.6699353"/>
  <node id="6170374187" lat="24.6555316" lon="121.6697395"/>
  <node id="6170374186" lat="24.6553537" lon="121.6697583"/>
  <node id="6170374185" lat="24.6551660" lon="121.6697100"/>
  <node id="6170374084" lat="24.6549807" lon="121.6694632"/>
  <node id="6170374083" lat="24.6548905" lon="121.6694739"/>
  <node id="6170374082" lat="24.6546297" lon="121.6697904"/>
  <node id="6170374081" lat="24.6545980" lon="121.6699031"/>
  <node id="6170374080" lat="24.6545955" lon="121.6700077"/>
  <node id="6170374079" lat="24.6546248" lon="121.6701525"/>
  <node id="6170374078" lat="24.6546711" lon="121.6703537"/>
  <node id="4430955689" lat="24.6541765" lon="121.6708807"/>
  <node id="12746540330" lat="24.6550003" lon="121.6718852"/>
  <node id="4430955690" lat="24.6552997" lon="121.6722503"/>
  <node id="4430955693" lat="24.6556357" lon="121.6726651"/>
  <node id="4430955694" lat="24.6556563" lon="121.6727870"/>
  <node id="4430955695" lat="24.6556720" lon="121.6729092"/>
  <node id="4430955696" lat="24.6558074" lon="121.6730624"/>
  <node id="4430955699" lat="24.6558776" lon="121.6731084"/>
  <node id="4430955701" lat="24.6564316" lon="121.6736013"/>
  <node id="4430955702" lat="24.6572195" lon="121.6745500"/>
  <node id="6170374076" lat="24.6572339" lon="121.6746106"/>
  <node id="6170374077" lat="24.6572817" lon="121.6746877"/>
  <node id="4430955705" lat="24.6573465" lon="121.6747192"/>
  <node id="4430955709" lat="24.6578780" lon="121.6753360"/>
  <node id="4430955710" lat="24.6579482" lon="121.6753847"/>
  <node id="4430955718" lat="24.6582943" lon="121.6754746"/>
  <node id="4430955720" lat="24.6584868" lon="121.6755819"/>
  <node id="4430955893" lat="24.6662224" lon="121.6778531"/>
  <node id="4430955890" lat="24.6662212" lon="121.6782152"/>
  <node id="4430955891" lat="24.6662144" lon="121.6791486"/>
  <node id="4430955889" lat="24.6661791" lon="121.6792311"/>
  <node id="4430955785" lat="24.6661177" lon="121.6792357"/>
  <node id="4430955771" lat="24.6634830" lon="121.6792013"/>
  <node id="4430955769" lat="24.6634591" lon="121.6791330"/>
  <node id="4430955768" lat="24.6634700" lon="121.6769267"/>
  <node id="4430955770" lat="24.6634858" lon="121.6768459"/>
  <node id="4430955773" lat="24.6635406" lon="121.6768166"/>
  <node id="4430955778" lat="24.6655742" lon="121.6768236"/>
  <node id="4430955783" lat="24.6659231" lon="121.6768311"/>
  <node id="4430955786" lat="24.6661573" lon="121.6768238"/>
  <node id="4430955892" lat="24.6662135" lon="121.6768728"/>
  <node id="4430955894" lat="24.6662164" lon="121.6769528"/>
  <node id="6170374222" lat="24.6662207" lon="121.6775943"/>
  <node id="4430955726" lat="24.6599933" lon="121.6810932"/>
  <node id="4430955904" lat="24.6669797" lon="121.6780267"/>
  <node id="4430955899" lat="24.6663938" lon="121.6780218"/>
  <node id="4430955753" lat="24.6617192" lon="121.6818677"/>
  <node id="4430955752" lat="24.6616929" lon="121.6819843"/>
  <node id="6170374073" lat="24.6592551" lon="121.6827256"/>
  <node id="3707841589" lat="24.6592358" lon="121.6827682"/>
  <node id="3707841579" lat="24.6588732" lon="121.6836037"/>
  <node id="3707841954" lat="24.6668714" lon="121.6734663"/>
  <node id="3707841946" lat="24.6668105" lon="121.6746626"/>
  <node id="3707841933" lat="24.6666191" lon="121.6754474"/>
  <node id="4430955906" lat="24.6670508" lon="121.6755477"/>
  <node id="4430955901" lat="24.6669257" lon="121.6796362"/>
  <node id="4430955903" lat="24.6669487" lon="121.6799224"/>
  <node id="4430955905" lat="24.6669568" lon="121.6800494"/>
  <node id="6170374074" lat="24.6609605" lon="121.6836307"/>
  <node id="3707841656" lat="24.6609421" lon="121.6836728"/>
  <node id="3707841631" lat="24.6606021" lon="121.6844372"/>
  <node id="4430955731" lat="24.6605984" lon="121.6845096"/>
  <node id="4430955733" lat="24.6606082" lon="121.6845552"/>
  <node id="4430971546" lat="24.6606228" lon="121.6845760"/>
  <node id="4430955779" lat="24.6655807" lon="121.6762542"/>
  <node id="4430955780" lat="24.6656050" lon="121.6761836"/>
  <node id="4430955781" lat="24.6656621" lon="121.6761469"/>
  <node id="4430955782" lat="24.6658869" lon="121.6761602"/>
  <node id="4430955784" lat="24.6659092" lon="121.6762545"/>
  <node id="4430955897" lat="24.6663137" lon="121.6782045"/>
  <node id="4430955900" lat="24.6663565" lon="121.6781455"/>
  <node id="4430955898" lat="24.6663710" lon="121.6779563"/>
  <node id="4430955896" lat="24.6663064" lon="121.6778732"/>
  <node id="4430959541" lat="24.6680737" lon="121.7074610"/>
  <node id="4430959554" lat="24.6684421" lon="121.7171880"/>
  <node id="11158458213" lat="24.6683614" lon="121.7068869"/>
  <node id="3707842140" lat="24.6685066" lon="121.7074633"/>
  <node id="7701090400" lat="24.6674994" lon="121.7076695"/>
  <node id="7701090398" lat="24.6677542" lon="121.7075807"/>
  <node id="11158458216" lat="24.6679945" lon="121.7074943"/>
  <node id="4430959550" lat="24.6682493" lon="121.7074092"/>
  <node id="4430959553" lat="24.6682787" lon="121.7075328"/>
  <node id="3707841642" lat="24.6607118" lon="121.6847358"/>
  <node id="4430971548" lat="24.6607679" lon="121.6848409"/>
  <node id="4430971550" lat="24.6610031" lon="121.6849965"/>
  <node id="4430972111" lat="24.6711010" lon="121.6500545"/>
  <node id="4430972113" lat="24.6712424" lon="121.6511073"/>
  <node id="4430972115" lat="24.6712638" lon="121.6513170"/>
  <node id="9500049833" lat="24.6710630" lon="121.6521880"/>
  <node id="4430972109" lat="24.6709829" lon="121.6523840"/>
  <node id="2268453661" lat="24.6708938" lon="121.6529546"/>
  <node id="4430972088" lat="24.6699421" lon="121.6502151"/>
  <node id="4430972096" lat="24.6700981" lon="121.6502064"/>
  <node id="4430972104" lat="24.6702150" lon="121.6508213"/>
  <node id="9500926512" lat="24.6702196" lon="121.6508938"/>
  <node id="9500652096" lat="24.6702196" lon="121.6509595"/>
  <node id="4430972099" lat="24.6701712" lon="121.6513801"/>
  <node id="9500652095" lat="24.6701477" lon="121.6514612"/>
  <node id="9500652094" lat="24.6700844" lon="121.6515644"/>
  <node id="4430972097" lat="24.6700816" lon="121.6516109"/>
  <node id="4430972103" lat="24.6702212" lon="121.6519595"/>
  <node id="4430972092" lat="24.6700908" lon="121.6524376"/>
  <node id="4430972080" lat="24.6685933" lon="121.6479439"/>
  <node id="10158378366" lat="24.6685621" lon="121.6480175"/>
  <node id="4430972079" lat="24.6685149" lon="121.6481286"/>
  <node id="4430972134" lat="24.6739177" lon="121.6471106"/>
  <node id="4430972138" lat="24.6765363" lon="121.6410805"/>
  <node id="4430972082" lat="24.6689444" lon="121.6470561"/>
  <node id="4430972085" lat="24.6697193" lon="121.6470442"/>
  <node id="3707842297" lat="24.6739302" lon="121.6441066"/>
  <node id="3707842296" lat="24.6739079" lon="121.6470824"/>
  <node id="4430972146" lat="24.6784762" lon="121.6501192"/>
  <node id="4430972145" lat="24.6780132" lon="121.6501219"/>
  <node id="4430972142" lat="24.6779937" lon="121.6501420"/>
  <node id="4430972143" lat="24.6779974" lon="121.6504920"/>
  <node id="4430972071" lat="24.6678279" lon="121.6426313"/>
  <node id="4430972072" lat="24.6678608" lon="121.6426514"/>
  <node id="4430972073" lat="24.6679486" lon="121.6429116"/>
  <node id="4430972074" lat="24.6680022" lon="121.6429371"/>
  <node id="4430972091" lat="24.6700545" lon="121.6478197"/>
  <node id="4430972090" lat="24.6700533" lon="121.6481131"/>
  <node id="4430972094" lat="24.6700606" lon="121.6481413"/>
  <node id="9500942519" lat="24.6700716" lon="121.6481573"/>
  <node id="4430972098" lat="24.6700880" lon="121.6481687"/>
  <node id="4430972149" lat="24.6796876" lon="121.6446562"/>
  <node id="4430972150" lat="24.6796998" lon="121.6451926"/>
  <node id="4430972151" lat="24.6797205" lon="121.6458605"/>
  <node id="4430972152" lat="24.6797364" lon="121.6459262"/>
  <node id="4430972153" lat="24.6797644" lon="121.6459356"/>
  <node id="4430972156" lat="24.6803009" lon="121.6459383"/>
  <node id="3707842013" lat="24.6679162" lon="121.6496544"/>
  <node id="4430972125" lat="24.6716906" lon="121.6477423"/>
  <node id="4430972121" lat="24.6716123" lon="121.6477974"/>
  <node id="4430972119" lat="24.6715693" lon="121.6478454"/>
  <node id="4430972118" lat="24.6715611" lon="121.6478906"/>
  <node id="4430972120" lat="24.6715983" lon="121.6482168"/>
  <node id="4430972122" lat="24.6716555" lon="121.6483181"/>
  <node id="4430972124" lat="24.6716647" lon="121.6483784"/>
  <node id="4430972123" lat="24.6716629" lon="121.6491791"/>
  <node id="4430978441" lat="24.6783658" lon="121.7087858"/>
  <node id="4430978445" lat="24.6791314" lon="121.7106580"/>
  <node id="4430978447" lat="24.6794182" lon="121.7107426"/>
  <node id="4430978448" lat="24.6794506" lon="121.7107558"/>
  <node id="2283511641" lat="24.6790990" lon="121.7106528"/>
  <node id="994318803" lat="24.6774170" lon="121.7090837"/>
  <node id="4430978438" lat="24.6776802" lon="121.7089858"/>
  <node id="1690065126" lat="24.6780393" lon="121.7088744"/>
  <node id="2255669648" lat="24.6783271" lon="121.7088004"/>
  <node id="2283511700" lat="24.6809625" lon="121.7144369"/>
  <node id="2283511699" lat="24.6809256" lon="121.7143981"/>
  <node id="2283511693" lat="24.6807449" lon="121.7140631"/>
  <node id="987453371" lat="24.6805829" lon="121.7137838"/>
  <node id="2283511680" lat="24.6803393" lon="121.7134785"/>
  <node id="987453372" lat="24.6801163" lon="121.7131902"/>
  <node id="2283511669" lat="24.6795618" lon="121.7125880"/>
  <node id="987453373" lat="24.6795021" lon="121.7124754"/>
  <node id="987453382" lat="24.6794302" lon="121.7121575"/>
  <node id="987453384" lat="24.6793717" lon="121.7120114"/>
  <node id="4430978446" lat="24.6793368" lon="121.7120075"/>
  <node id="4430999385" lat="24.6708621" lon="121.6534133"/>
  <node id="4431000801" lat="24.6795005" lon="121.6586392"/>
  <node id="4431000804" lat="24.6799429" lon="121.6584876"/>
  <node id="9500049824" lat="24.6717576" lon="121.6555569"/>
  <node id="4430999388" lat="24.6719413" lon="121.6556264"/>
  <node id="4431000789" lat="24.6720229" lon="121.6556278"/>
  <node id="4431000799" lat="24.6794329" lon="121.6557461"/>
  <node id="4431000798" lat="24.6793329" lon="121.6557756"/>
  <node id="4431000797" lat="24.6792610" lon="121.6558105"/>
  <node id="4431004891" lat="24.6656652" lon="121.6390660"/>
  <node id="4431004684" lat="24.6654555" lon="121.6391424"/>
  <node id="9501128198" lat="24.6654191" lon="121.6391699"/>
  <node id="4431004683" lat="24.6654111" lon="121.6392034"/>
  <node id="4431004682" lat="24.6654190" lon="121.6392544"/>
  <node id="4431004687" lat="24.6655037" lon="121.6395407"/>
  <node id="4431004686" lat="24.6655012" lon="121.6395797"/>
  <node id="4431004685" lat="24.6654884" lon="121.6396139"/>
  <node id="4431004680" lat="24.6654166" lon="121.6396440"/>
  <node id="4431004678" lat="24.6653891" lon="121.6396735"/>
  <node id="4431004679" lat="24.6653793" lon="121.6397151"/>
  <node id="4431004688" lat="24.6655085" lon="121.6401322"/>
  <node id="4431004894" lat="24.6660283" lon="121.6403346"/>
  <node id="4431004892" lat="24.6657712" lon="121.6394697"/>
  <node id="4431004890" lat="24.6656335" lon="121.6389896"/>
  <node id="9501128199" lat="24.6655946" lon="121.6389191"/>
  <node id="4431004889" lat="24.6655445" lon="121.6388461"/>
  <node id="9501128200" lat="24.6654752" lon="121.6387703"/>
  <node id="4431004681" lat="24.6654006" lon="121.6387052"/>
  <node id="4431004677" lat="24.6653214" lon="121.6386570"/>
  <node id="4431004676" lat="24.6651423" lon="121.6386395"/>
  <node id="4431004675" lat="24.6650692" lon="121.6385979"/>
  <node id="4431004674" lat="24.6649839" lon="121.6385309"/>
  <node id="4431004673" lat="24.6649211" lon="121.6385322"/>
  <node id="4431045294" lat="24.6702120" lon="121.7153294"/>
  <node id="11158458337" lat="24.6705183" lon="121.7153311"/>
  <node id="11158458338" lat="24.6708278" lon="121.7153327"/>
  <node id="11158458345" lat="24.6713932" lon="121.7153357"/>
  <node id="11158376069" lat="24.6723194" lon="121.7153406"/>
  <node id="3707842329" lat="24.6748396" lon="121.7153587"/>
  <node id="11158376070" lat="24.6767127" lon="121.7153672"/>
  <node id="4430978451" lat="24.6802151" lon="121.7153646"/>
  <node id="4431045308" lat="24.6713417" lon="121.7095479"/>
  <node id="4430959572" lat="24.6700618" lon="121.7097221"/>
  <node id="4431045332" lat="24.6757622" lon="121.7124145"/>
  <node id="4431045292" lat="24.6701779" lon="121.7097026"/>
  <node id="4431045333" lat="24.6758048" lon="121.7122501"/>
  <node id="987441816" lat="24.6709003" lon="121.7096174"/>
  <node id="4430959573" lat="24.6711318" lon="121.7095692"/>
  <node id="4431045307" lat="24.6712899" lon="121.7095512"/>
  <node id="4431044686" lat="24.6699687" lon="121.7197880"/>
  <node id="4431044669" lat="24.6695467" lon="121.7059452"/>
  <node id="4431044671" lat="24.6696205" lon="121.7058847"/>
  <node id="412685429" lat="24.6699174" lon="121.7197743"/>
  <node id="3109149687" lat="24.6699759" lon="121.7181207"/>
  <node id="4431044687" lat="24.6700268" lon="121.7181177"/>
  <node id="4431045342" lat="24.6780118" lon="121.7128639"/>
  <node id="4431044665" lat="24.6692218" lon="121.7057607"/>
  <node id="4431044664" lat="24.6690841" lon="121.7057620"/>
  <node id="4431044668" lat="24.6695326" lon="121.7059578"/>
  <node id="4431045324" lat="24.6745050" lon="121.7114856"/>
  <node id="4431045293" lat="24.6701778" lon="121.7136240"/>
  <node id="4431045295" lat="24.6702645" lon="121.7115002"/>
  <node id="4431045297" lat="24.6703436" lon="121.7115009"/>
  <node id="3707842226" lat="24.6702147" lon="121.7114997"/>
  <node id="4431045341" lat="24.6779837" lon="121.7124338"/>
  <node id="11155410704" lat="24.6843520" lon="121.7271128"/>
  <node id="4431045419" lat="24.6841126" lon="121.7267588"/>
  <node id="4431045415" lat="24.6837921" lon="121.7261204"/>
  <node id="4431045413" lat="24.6834241" lon="121.7253493"/>
  <node id="4431045412" lat="24.6831002" lon="121.7246579"/>
  <node id="4431045411" lat="24.6828563" lon="121.7241302"/>
  <node id="4431045410" lat="24.6825479" lon="121.7234463"/>
  <node id="4431045407" lat="24.6823091" lon="121.7229005"/>
  <node id="4430959577" lat="24.6816845" lon="121.7215378"/>
  <node id="4431045400" lat="24.6815517" lon="121.7210813"/>
  <node id="4431045395" lat="24.6813196" lon="121.7202424"/>
  <node id="4431045392" lat="24.6812178" lon="121.7198930"/>
  <node id="4431045390" lat="24.6807499" lon="121.7187316"/>
  <node id="4431045388" lat="24.6805867" lon="121.7183400"/>
  <node id="4431045386" lat="24.6804111" lon="121.7180732"/>
  <node id="11158458281" lat="24.6803056" lon="121.7179336"/>
  <node id="4431045383" lat="24.6802478" lon="121.7178573"/>
  <node id="4431045381" lat="24.6800815" lon="121.7176823"/>
  <node id="4431045378" lat="24.6799145" lon="121.7175186"/>
  <node id="4431045375" lat="24.6797695" lon="121.7173710"/>
  <node id="4431045374" lat="24.6796831" lon="121.7172598"/>
  <node id="4431045373" lat="24.6795928" lon="121.7171391"/>
  <node id="4431045372" lat="24.6795246" lon="121.7170063"/>
  <node id="4431045371" lat="24.6794649" lon="121.7168923"/>
  <node id="4431045369" lat="24.6793894" lon="121.7166241"/>
  <node id="4431045368" lat="24.6793455" lon="121.7164752"/>
  <node id="4431045366" lat="24.6793114" lon="121.7162647"/>
  <node id="4431045365" lat="24.6792846" lon="121.7160394"/>
  <node id="4430959564" lat="24.6692588" lon="121.7135656"/>
  <node id="3707842222" lat="24.6701373" lon="121.7136219"/>
  <node id="4431045303" lat="24.6712558" lon="121.7094193"/>
  <node id="4431045298" lat="24.6707841" lon="121.7084241"/>
  <node id="4431044680" lat="24.6698946" lon="121.7066096"/>
  <node id="4431044670" lat="24.6696289" lon="121.7060624"/>
  <node id="4431044667" lat="24.6694533" lon="121.7058680"/>
  <node id="4431044666" lat="24.6693315" lon="121.7057835"/>
  <node id="4431053207" lat="24.6666524" lon="121.6837499"/>
  <node id="4431053234" lat="24.6771507" lon="121.6741413"/>
  <node id="4431053212" lat="24.6678858" lon="121.6795885"/>
  <node id="4431053216" lat="24.6680211" lon="121.6795241"/>
  <node id="4431053215" lat="24.6680027" lon="121.6834469"/>
  <node id="4431053214" lat="24.6679467" lon="121.6837657"/>
  <node id="4431053213" lat="24.6679247" lon="121.6837872"/>
  <node id="4431053211" lat="24.6678809" lon="121.6838039"/>
  <node id="9500652103" lat="24.6762849" lon="121.6677824"/>
  <node id="4431053230" lat="24.6768376" lon="121.6678400"/>
  <node id="4431053233" lat="24.6768369" lon="121.6679474"/>
  <node id="4431053231" lat="24.6768175" lon="121.6681652"/>
  <node id="4431053229" lat="24.6766931" lon="121.6686762"/>
  <node id="4431088375" lat="24.6567372" lon="121.7242412"/>
  <node id="4431088376" lat="24.6567632" lon="121.7241001"/>
  <node id="4431088378" lat="24.6569124" lon="121.7209109"/>
  <node id="14174991479" lat="24.6569154" lon="121.7208506"/>
  <node id="5810251546" lat="24.6570250" lon="121.7192008"/>
  <node id="5810251526" lat="24.6570626" lon="121.7185020"/>
  <node id="4431088379" lat="24.6571090" lon="121.7171773"/>
  <node id="3707841541" lat="24.6571497" lon="121.7162674"/>
  <node id="14177536176" lat="24.6572276" lon="121.7151440"/>
  <node id="4431088381" lat="24.6572495" lon="121.7148273"/>
  <node id="4431088382" lat="24.6573311" lon="121.7133387"/>
  <node id="14177536182" lat="24.6573808" lon="121.7124483"/>
  <node id="4431088383" lat="24.6574758" lon="121.7099850"/>
  <node id="4431088293" lat="24.6510562" lon="121.7112241"/>
  <node id="4431088297" lat="24.6513085" lon="121.7114320"/>
  <node id="9064234835" lat="24.6513657" lon="121.7114840"/>
  <node id="4431088299" lat="24.6514279" lon="121.7115406"/>
  <node id="4431088301" lat="24.6515120" lon="121.7115956"/>
  <node id="4431088302" lat="24.6515998" lon="121.7116224"/>
  <node id="4431088306" lat="24.6517046" lon="121.7116278"/>
  <node id="4431088310" lat="24.6517912" lon="121.7116546"/>
  <node id="4431088317" lat="24.6519179" lon="121.7117217"/>
  <node id="4431088321" lat="24.6519971" lon="121.7117941"/>
  <node id="10214203485" lat="24.6532375" lon="121.7225352"/>
  <node id="4431088329" lat="24.6533886" lon="121.7194101"/>
  <node id="4431088333" lat="24.6537636" lon="121.7194296"/>
  <node id="4431088335" lat="24.6546185" lon="121.7194863"/>
  <node id="4431088345" lat="24.6552044" lon="121.7194996"/>
  <node id="4431088363" lat="24.6556616" lon="121.7103652"/>
  <node id="4431088362" lat="24.6556537" lon="121.7104396"/>
  <node id="4431088361" lat="24.6556098" lon="121.7114655"/>
  <node id="4431088359" lat="24.6555834" lon="121.7123020"/>
  <node id="4431088358" lat="24.6555263" lon="121.7132368"/>
  <node id="4431088357" lat="24.6554725" lon="121.7143187"/>
  <node id="5810251521" lat="24.6554333" lon="121.7150187"/>
  <node id="4431088352" lat="24.6553898" lon="121.7157121"/>
  <node id="4431088351" lat="24.6553400" lon="121.7167360"/>
  <node id="4431088350" lat="24.6553013" lon="121.7175153"/>
  <node id="4431088348" lat="24.6552629" lon="121.7183910"/>
  <node id="4431088344" lat="24.6551503" lon="121.7205341"/>
  <node id="4431088342" lat="24.6551160" lon="121.7212870"/>
  <node id="4431088341" lat="24.6550847" lon="121.7222197"/>
  <node id="4431088340" lat="24.6550430" lon="121.7230591"/>
  <node id="4431088339" lat="24.6550225" lon="121.7234073"/>
  <node id="3210376033" lat="24.6549658" lon="121.7234592"/>
  <node id="4431088324" lat="24.6522165" lon="121.7124995"/>
  <node id="4431088326" lat="24.6525115" lon="121.7125183"/>
  <node id="5810251518" lat="24.6525639" lon="121.7125137"/>
  <node id="4431088327" lat="24.6526639" lon="121.7125049"/>
  <node id="10214203490" lat="24.6544897" lon="121.7091068"/>
  <node id="4431088337" lat="24.6549328" lon="121.7102887"/>
  <node id="4431088343" lat="24.6551192" lon="121.7102753"/>
  <node id="4431088349" lat="24.6552655" lon="121.7102753"/>
  <node id="4431088354" lat="24.6554410" lon="121.7103008"/>
  <node id="4431088360" lat="24.6555787" lon="121.7103397"/>
  <node id="4431088365" lat="24.6557222" lon="121.7103092"/>
  <node id="4431088367" lat="24.6559098" lon="121.7103066"/>
  <node id="10214203494" lat="24.6564672" lon="121.7101548"/>
  <node id="10214203491" lat="24.6569120" lon="121.7100337"/>
  <node id="4431088391" lat="24.6586243" lon="121.7100647"/>
  <node id="4431088384" lat="24.6578746" lon="121.7100009"/>
  <node id="4430954341" lat="24.6182424" lon="121.7044669"/>
  <node id="3210375581" lat="24.6185350" lon="121.7044012"/>
  <node id="4430954349" lat="24.6188971" lon="121.7044079"/>
  <node id="3210375593" lat="24.6189653" lon="121.7044066"/>
  <node id="4430954350" lat="24.6190251" lon="121.7043798"/>
  <node id="3210375596" lat="24.6190690" lon="121.7041397"/>
  <node id="4430954351" lat="24.6190385" lon="121.7040955"/>
  <node id="3210375572" lat="24.6186642" lon="121.7040083"/>
  <node id="4430954345" lat="24.6185264" lon="121.7040069"/>
  <node id="3210375549" lat="24.6181058" lon="121.7041102"/>
  <node id="4430954320" lat="24.6158673" lon="121.6904189"/>
  <node id="4430954319" lat="24.6156307" lon="121.6901011"/>
  <node id="5474479175" lat="24.6155938" lon="121.6900277"/>
  <node id="5474479174" lat="24.6155945" lon="121.6899680"/>
  <node id="4430954316" lat="24.6155271" lon="121.6898556"/>
  <node id="5474479172" lat="24.6154936" lon="121.6897483"/>
  <node id="4430954312" lat="24.6152418" lon="121.6894808"/>
  <node id="3210375427" lat="24.6140908" lon="121.6880941"/>
  <node id="4430954305" lat="24.6139153" lon="121.6878621"/>
  <node id="5474479165" lat="24.6138177" lon="121.6876387"/>
  <node id="3210375429" lat="24.6138857" lon="121.6875982"/>
  <node id="4430954307" lat="24.6140339" lon="121.6875665"/>
  <node id="3210375436" lat="24.6147809" lon="121.6921000"/>
  <node id="3210375929" lat="24.6384748" lon="121.7019554"/>
  <node id="3210375928" lat="24.6383702" lon="121.7020074"/>
  <node id="3210375926" lat="24.6382207" lon="121.7022557"/>
  <node id="3210375924" lat="24.6381254" lon="121.7022482"/>
  <node id="4430931274" lat="24.6374564" lon="121.7016973"/>
  <node id="3210375904" lat="24.6374028" lon="121.7016718"/>
  <node id="4430931272" lat="24.6372614" lon="121.7016597"/>
  <node id="4430931271" lat="24.6371870" lon="121.7016584"/>
  <node id="3210375897" lat="24.6370603" lon="121.7015980"/>
  <node id="4430931267" lat="24.6362362" lon="121.7012071"/>
  <node id="3210375886" lat="24.6361783" lon="121.7011612"/>
  <node id="3210375883" lat="24.6361484" lon="121.7010985"/>
  <node id="3210375885" lat="24.6361738" lon="121.7007493"/>
  <node id="4430931266" lat="24.6361557" lon="121.7006881"/>
  <node id="3210375881" lat="24.6361103" lon="121.7006719"/>
  <node id="4430931265" lat="24.6358486" lon="121.7006747"/>
  <node id="3210375876" lat="24.6356718" lon="121.7006398"/>
  <node id="3210375874" lat="24.6355657" lon="121.7005271"/>
  <node id="4430931264" lat="24.6355084" lon="121.7004494"/>
  <node id="3210375871" lat="24.6354463" lon="121.7004266"/>
  <node id="3210375869" lat="24.6353073" lon="121.7004319"/>
  <node id="3210375867" lat="24.6351159" lon="121.7004815"/>
  <node id="4430931263" lat="24.6348331" lon="121.7004494"/>
  <node id="3210375862" lat="24.6347246" lon="121.7004091"/>
  <node id="4430931262" lat="24.6345844" lon="121.7002804"/>
  <node id="3210375858" lat="24.6344137" lon="121.7002106"/>
  <node id="4430931261" lat="24.6341870" lon="121.7001020"/>
  <node id="3210375850" lat="24.6339968" lon="121.6999263"/>
  <node id="3210375845" lat="24.6337080" lon="121.6997198"/>
  <node id="3210375842" lat="24.6333108" lon="121.6995125"/>
  <node id="4430931260" lat="24.6331788" lon="121.6994824"/>
  <node id="3210375838" lat="24.6330204" lon="121.6994776"/>
  <node id="4430931259" lat="24.6328729" lon="121.6995079"/>
  <node id="3210375832" lat="24.6327607" lon="121.6995160"/>
  <node id="3210375820" lat="24.6319476" lon="121.6994154"/>
  <node id="4430931257" lat="24.6311735" lon="121.6993054"/>
  <node id="3210375805" lat="24.6310406" lon="121.6992518"/>
  <node id="4430931256" lat="24.6307212" lon="121.6990197"/>
  <node id="3210375801" lat="24.6306066" lon="121.6989379"/>
  <node id="3210375795" lat="24.6302226" lon="121.6988427"/>
  <node id="4430931255" lat="24.6298947" lon="121.6986724"/>
  <node id="3210375788" lat="24.6296960" lon="121.6986000"/>
  <node id="3210375785" lat="24.6294753" lon="121.6985705"/>
  <node id="4430931254" lat="24.6292034" lon="121.6984779"/>
  <node id="3210375783" lat="24.6289986" lon="121.6984900"/>
  <node id="3210375780" lat="24.6287694" lon="121.6985986"/>
  <node id="4430931253" lat="24.6283635" lon="121.6987515"/>
  <node id="3210375773" lat="24.6280904" lon="121.6988508"/>
  <node id="3210375770" lat="24.6279283" lon="121.6988508"/>
  <node id="3210375769" lat="24.6278295" lon="121.6987864"/>
  <node id="4430931252" lat="24.6277332" lon="121.6986416"/>
  <node id="3210375766" lat="24.6276686" lon="121.6985101"/>
  <node id="3210375764" lat="24.6275455" lon="121.6975667"/>
  <node id="3210375762" lat="24.6274693" lon="121.6973767"/>
  <node id="4430931250" lat="24.6273699" lon="121.6972233"/>
  <node id="3210375761" lat="24.6272605" lon="121.6971221"/>
  <node id="4430954394" lat="24.6269593" lon="121.6968623"/>
  <node id="3210375439" lat="24.6149626" lon="121.6918492"/>
  <node id="4430954311" lat="24.6151174" lon="121.6915729"/>
  <node id="4430954313" lat="24.6152503" lon="121.6913865"/>
  <node id="4430954314" lat="24.6154491" lon="121.6912457"/>
  <node id="4430954318" lat="24.6155698" lon="121.6911532"/>
  <node id="4430954321" lat="24.6158868" lon="121.6906281"/>
  <node id="4430954322" lat="24.6159063" lon="121.6905181"/>
  <node id="4430954393" lat="24.6259523" lon="121.6963526"/>
  <node id="4430954392" lat="24.6248429" lon="121.6956224"/>
  <node id="3210375731" lat="24.6244028" lon="121.6952416"/>
  <node id="3210375724" lat="24.6240176" lon="121.6949237"/>
  <node id="4430954384" lat="24.6238335" lon="121.6946742"/>
  <node id="4430954383" lat="24.6236750" lon="121.6945575"/>
  <node id="3210375719" lat="24.6236359" lon="121.6944369"/>
  <node id="3210375720" lat="24.6236823" lon="121.6942478"/>
  <node id="3210375727" lat="24.6239699" lon="121.6938253"/>
  <node id="4430954385" lat="24.6240090" lon="121.6937046"/>
  <node id="3210375728" lat="24.6240760" lon="121.6930314"/>
  <node id="4430954386" lat="24.6240467" lon="121.6929362"/>
  <node id="3210375725" lat="24.6238066" lon="121.6926666"/>
  <node id="3210375721" lat="24.6237139" lon="121.6926170"/>
  <node id="4430954382" lat="24.6236481" lon="121.6926103"/>
  <node id="3210375716" lat="24.6235518" lon="121.6926519"/>
  <node id="3210375711" lat="24.6233604" lon="121.6928477"/>
  <node id="4430954380" lat="24.6231970" lon="121.6928886"/>
  <node id="3210375707" lat="24.6225703" lon="121.6928563"/>
  <node id="3210375704" lat="24.6222522" lon="121.6928456"/>
  <node id="4443531016" lat="24.6218437" lon="121.6927147"/>
  <node id="3210375685" lat="24.6213768" lon="121.6925439"/>
  <node id="4430954373" lat="24.6212573" lon="121.6924721"/>
  <node id="4430954372" lat="24.6212195" lon="121.6923487"/>
  <node id="3210375677" lat="24.6212360" lon="121.6922391"/>
  <node id="3210375681" lat="24.6213329" lon="121.6921047"/>
  <node id="3210375689" lat="24.6214365" lon="121.6919115"/>
  <node id="3210375690" lat="24.6214829" lon="121.6916084"/>
  <node id="4430954378" lat="24.6214548" lon="121.6915240"/>
  <node id="4430954376" lat="24.6213268" lon="121.6913630"/>
  <node id="3210375673" lat="24.6211317" lon="121.6911458"/>
  <node id="4430954368" lat="24.6209745" lon="121.6908775"/>
  <node id="3210375668" lat="24.6209172" lon="121.6907059"/>
  <node id="4430954367" lat="24.6209196" lon="121.6903512"/>
  <node id="4430954366" lat="24.6208781" lon="121.6902828"/>
  <node id="3210375669" lat="24.6207855" lon="121.6902238"/>
  <node id="4430954363" lat="24.6204429" lon="121.6902291"/>
  <node id="4430954361" lat="24.6203308" lon="121.6901862"/>
  <node id="3210375642" lat="24.6202771" lon="121.6901044"/>
  <node id="3210375637" lat="24.6202771" lon="121.6900239"/>
  <node id="3210375643" lat="24.6203832" lon="121.6897383"/>
  <node id="4443531015" lat="24.6204587" lon="121.6896784"/>
  <node id="3210375651" lat="24.6205551" lon="121.6896270"/>
  <node id="3210375676" lat="24.6211450" lon="121.6894470"/>
  <node id="3210375679" lat="24.6212098" lon="121.6894104"/>
  <node id="4430954371" lat="24.6212463" lon="121.6892696"/>
  <node id="4430954374" lat="24.6213134" lon="121.6891194"/>
  <node id="3210375686" lat="24.6213622" lon="121.6889745"/>
  <node id="4430954375" lat="24.6213524" lon="121.6889048"/>
  <node id="3210375682" lat="24.6212975" lon="121.6888378"/>
  <node id="4430954370" lat="24.6212402" lon="121.6888297"/>
  <node id="3210375675" lat="24.6211415" lon="121.6888686"/>
  <node id="3210375665" lat="24.6209537" lon="121.6888485"/>
  <node id="4430954365" lat="24.6208672" lon="121.6888673"/>
  <node id="3210375655" lat="24.6206986" lon="121.6889696"/>
  <node id="3210375650" lat="24.6205619" lon="121.6889880"/>
  <node id="4443531014" lat="24.6204392" lon="121.6888899"/>
  <node id="3210375627" lat="24.6202942" lon="121.6887197"/>
  <node id="4430954360" lat="24.6201784" lon="121.6886835"/>
  <node id="3210375621" lat="24.6199577" lon="121.6886701"/>
  <node id="3210375617" lat="24.6198321" lon="121.6886299"/>
  <node id="4430954357" lat="24.6197504" lon="121.6885615"/>
  <node id="3210375602" lat="24.6193737" lon="121.6881752"/>
  <node id="4430954353" lat="24.6193017" lon="121.6880572"/>
  <node id="3210375600" lat="24.6192213" lon="121.6879902"/>
  <node id="3210375585" lat="24.6189445" lon="121.6878024"/>
  <node id="4430954348" lat="24.6188665" lon="121.6877635"/>
  <node id="3210375580" lat="24.6186885" lon="121.6877541"/>
  <node id="3210375571" lat="24.6185824" lon="121.6877353"/>
  <node id="4430954344" lat="24.6184873" lon="121.6876508"/>
  <node id="3210375565" lat="24.6183776" lon="121.6874302"/>
  <node id="3210375554" lat="24.6181460" lon="121.6870119"/>
  <node id="3210375539" lat="24.6179461" lon="121.6866793"/>
  <node id="3210375534" lat="24.6178643" lon="121.6863507"/>
  <node id="4430954332" lat="24.6177681" lon="121.6860777"/>
  <node id="3210375529" lat="24.6177577" lon="121.6859832"/>
  <node id="3210375530" lat="24.6177930" lon="121.6858901"/>
  <node id="4430954338" lat="24.6180070" lon="121.6857103"/>
  <node id="3210375546" lat="24.6180424" lon="121.6856641"/>
  <node id="2938323692" lat="24.6101996" lon="121.6892521"/>
  <node id="2083249593" lat="24.6102106" lon="121.6891019"/>
  <node id="4443533237" lat="24.6102267" lon="121.6890518"/>
  <node id="2083249730" lat="24.6102398" lon="121.6890107"/>
  <node id="2083249566" lat="24.6103508" lon="121.6888538"/>
  <node id="4443533238" lat="24.6104735" lon="121.6886803"/>
  <node id="2083249514" lat="24.6106195" lon="121.6884667"/>
  <node id="2083249524" lat="24.6106908" lon="121.6883549"/>
  <node id="2083249688" lat="24.6106908" lon="121.6882691"/>
  <node id="4443533240" lat="24.6106780" lon="121.6881454"/>
  <node id="3010119466" lat="24.6106259" lon="121.6880068"/>
  <node id="3210375414" lat="24.6105718" lon="121.6879119"/>
  <node id="2083249681" lat="24.6104567" lon="121.6877338"/>
  <node id="2083249537" lat="24.6103207" lon="121.6875841"/>
  <node id="4603988840" lat="24.6098577" lon="121.6887315"/>
  <node id="4443539875" lat="24.6074387" lon="121.6862272"/>
  <node id="4443539874" lat="24.6074218" lon="121.6866734"/>
  <node id="4443539860" lat="24.6059447" lon="121.6848463"/>
  <node id="4443539861" lat="24.6059861" lon="121.6849884"/>
  <node id="4443539862" lat="24.6060959" lon="121.6852835"/>
  <node id="4443539863" lat="24.6061690" lon="121.6853988"/>
  <node id="4443539864" lat="24.6062617" lon="121.6855114"/>
  <node id="4443539865" lat="24.6063544" lon="121.6855705"/>
  <node id="4443539866" lat="24.6065348" lon="121.6855892"/>
  <node id="4443539867" lat="24.6068567" lon="121.6856402"/>
  <node id="4443539870" lat="24.6070738" lon="121.6857153"/>
  <node id="4443539871" lat="24.6071420" lon="121.6857072"/>
  <node id="4443539872" lat="24.6072128" lon="121.6856804"/>
  <node id="4443539873" lat="24.6073127" lon="121.6855973"/>
  <node id="4443539876" lat="24.6074664" lon="121.6854793"/>
  <node id="4443539877" lat="24.6075322" lon="121.6854471"/>
  <node id="4443539878" lat="24.6075834" lon="121.6854390"/>
  <node id="4443539879" lat="24.6077102" lon="121.6854551"/>
  <node id="4443539880" lat="24.6081711" lon="121.6858092"/>
  <node id="4443539883" lat="24.6082248" lon="121.6858870"/>
  <node id="4443539885" lat="24.6082418" lon="121.6859621"/>
  <node id="4443539886" lat="24.6082492" lon="121.6860318"/>
  <node id="4443539884" lat="24.6082315" lon="121.6862967"/>
  <node id="4443539882" lat="24.6082001" lon="121.6867667"/>
  <node id="4443539881" lat="24.6081833" lon="121.6870188"/>
  <node id="4443539868" lat="24.6070396" lon="121.6861793"/>
  <node id="4443539869" lat="24.6070445" lon="121.6866165"/>
  <node id="2938323691" lat="24.6099827" lon="121.6873051"/>
  <node id="2083249528" lat="24.6089595" lon="121.6864796"/>
  <node id="2083249614" lat="24.6088600" lon="121.6863298"/>
  <node id="2083249574" lat="24.6086754" lon="121.6859104"/>
  <node id="2938323690" lat="24.6085382" lon="121.6857076"/>
  <node id="2938323689" lat="24.6083021" lon="121.6853642"/>
  <node id="2938323688" lat="24.6081734" lon="121.6852355"/>
  <node id="2938323687" lat="24.6080232" lon="121.6851497"/>
  <node id="2938323686" lat="24.6078086" lon="121.6850853"/>
  <node id="2938323685" lat="24.6076320" lon="121.6850880"/>
  <node id="2938323684" lat="24.6071434" lon="121.6851497"/>
  <node id="2938323683" lat="24.6070790" lon="121.6851497"/>
  <node id="2938323682" lat="24.6069503" lon="121.6851068"/>
  <node id="2938323681" lat="24.6069074" lon="121.6850853"/>
  <node id="2938323680" lat="24.6066271" lon="121.6848253"/>
  <node id="2938323678" lat="24.6064314" lon="121.6847012"/>
  <node id="2938323677" lat="24.6061923" lon="121.6846177"/>
  <node id="3010119465" lat="24.6060552" lon="121.6846250"/>
  <node id="4603988704" lat="24.6107611" lon="121.6820927"/>
  <node id="4603988705" lat="24.6106294" lon="121.6817280"/>
  <node id="4603988706" lat="24.6104684" lon="121.6814597"/>
  <node id="4603988707" lat="24.6103758" lon="121.6812613"/>
  <node id="4603988708" lat="24.6104197" lon="121.6809823"/>
  <node id="4603988709" lat="24.6104538" lon="121.6808428"/>
  <node id="4603988710" lat="24.6105026" lon="121.6804029"/>
  <node id="4603988711" lat="24.6106684" lon="121.6799255"/>
  <node id="4603988712" lat="24.6107269" lon="121.6798290"/>
  <node id="4603988713" lat="24.6108342" lon="121.6797968"/>
  <node id="4603988714" lat="24.6109513" lon="121.6799792"/>
  <node id="4603988715" lat="24.6110927" lon="121.6801401"/>
  <node id="4603988716" lat="24.6111610" lon="121.6801508"/>
  <node id="4603988717" lat="24.6111707" lon="121.6800221"/>
  <node id="4603988718" lat="24.6110732" lon="121.6798075"/>
  <node id="4603988719" lat="24.6110732" lon="121.6796841"/>
  <node id="4603988720" lat="24.6111464" lon="121.6796197"/>
  <node id="4603988721" lat="24.6112390" lon="121.6796358"/>
  <node id="4603988722" lat="24.6114195" lon="121.6799684"/>
  <node id="4603988723" lat="24.6115170" lon="121.6800757"/>
  <node id="4603988724" lat="24.6115999" lon="121.6800972"/>
  <node id="4603988725" lat="24.6116292" lon="121.6800113"/>
  <node id="4603988726" lat="24.6116097" lon="121.6798129"/>
  <node id="4603988727" lat="24.6116487" lon="121.6797646"/>
  <node id="4603988728" lat="24.6117560" lon="121.6798719"/>
  <node id="4603988729" lat="24.6119413" lon="121.6800328"/>
  <node id="4603988730" lat="24.6121071" lon="121.6800113"/>
  <node id="4603988731" lat="24.6123461" lon="121.6798826"/>
  <node id="4603988732" lat="24.6125363" lon="121.6797539"/>
  <node id="4603988733" lat="24.6125558" lon="121.6796305"/>
  <node id="4603988734" lat="24.6124827" lon="121.6794481"/>
  <node id="4603988735" lat="24.6122778" lon="121.6790672"/>
  <node id="4603988736" lat="24.6121901" lon="121.6788151"/>
  <node id="4603988737" lat="24.6121510" lon="121.6787400"/>
  <node id="4603988738" lat="24.6122144" lon="121.6787561"/>
  <node id="4603988739" lat="24.6124437" lon="121.6789867"/>
  <node id="4603988740" lat="24.6128192" lon="121.6792067"/>
  <node id="4603988741" lat="24.6129460" lon="121.6792120"/>
  <node id="4603988742" lat="24.6130143" lon="121.6791852"/>
  <node id="4603988743" lat="24.6130435" lon="121.6790726"/>
  <node id="4603988744" lat="24.6129801" lon="121.6787400"/>
  <node id="4603988745" lat="24.6128485" lon="121.6782250"/>
  <node id="4603988746" lat="24.6127558" lon="121.6779782"/>
  <node id="4603988747" lat="24.6130874" lon="121.6778602"/>
  <node id="4603988748" lat="24.6134191" lon="121.6783859"/>
  <node id="4603988749" lat="24.6135215" lon="121.6787185"/>
  <node id="4603988750" lat="24.6136678" lon="121.6788097"/>
  <node id="4603988751" lat="24.6137605" lon="121.6788097"/>
  <node id="4603988841" lat="24.6080440" lon="121.6910236"/>
  <node id="4603988842" lat="24.6079410" lon="121.6911334"/>
  <node id="4603988843" lat="24.6076546" lon="121.6912962"/>
  <node id="7701090370" lat="24.6652313" lon="121.6800465"/>
  <node id="3707841704" lat="24.6618288" lon="121.6799066"/>
  <node id="1690085472" lat="24.6609918" lon="121.6797291"/>
  <node id="4431053217" lat="24.6691697" lon="121.6809648"/>
  <node id="3707842181" lat="24.6691611" lon="121.6811043"/>
  <node id="3707842204" lat="24.6697687" lon="121.6865260"/>
  <node id="3707842209" lat="24.6698321" lon="121.6893074"/>
  <node id="4430938341" lat="24.6698613" lon="121.6901631"/>
  <node id="14087150597" lat="24.6698821" lon="121.6902985"/>
  <node id="4430938343" lat="24.6700173" lon="121.6911769"/>
  <node id="3707842224" lat="24.6701148" lon="121.6919467"/>
  <node id="4430938344" lat="24.6700977" lon="121.6920165"/>
  <node id="3707842216" lat="24.6699027" lon="121.6921613"/>
  <node id="4430938342" lat="24.6698832" lon="121.6922203"/>
  <node id="3707842214" lat="24.6698857" lon="121.6923330"/>
  <node id="4430938340" lat="24.6698004" lon="121.6923544"/>
  <node id="7701090374" lat="24.6695846" lon="121.6923575"/>
  <node id="412685438" lat="24.6680479" lon="121.6923678"/>
  <node id="3707841580" lat="24.6589200" lon="121.6792610"/>
  <node id="3109149656" lat="24.6675897" lon="121.6895270"/>
  <node id="1690064659" lat="24.6681064" lon="121.6928238"/>
  <node id="2264356587" lat="24.6681088" lon="121.6930330"/>
  <node id="1690064655" lat="24.6680893" lon="121.6932503"/>
  <node id="412685431" lat="24.6702129" lon="121.7107896"/>
  <node id="4458314408" lat="24.6702361" lon="121.7109827"/>
  <node id="11158450089" lat="24.6701800" lon="121.7124523"/>
  <node id="11158458339" lat="24.6701005" lon="121.7147762"/>
  <node id="10308446886" lat="24.6700971" lon="121.7148585"/>
  <node id="3109149684" lat="24.6699101" lon="121.7200225"/>
  <node id="3109149685" lat="24.6698991" lon="121.7202625"/>
  <node id="412685428" lat="24.6698229" lon="121.7224224"/>
  <node id="4431044674" lat="24.6697706" lon="121.7235590"/>
  <node id="2083234322" lat="24.6697419" lon="121.7240914"/>
  <node id="3109149682" lat="24.6697054" lon="121.7251012"/>
  <node id="4430959570" lat="24.6696800" lon="121.7257548"/>
  <node id="3109149680" lat="24.6696657" lon="121.7263008"/>
  <node id="4430959569" lat="24.6696131" lon="121.7277998"/>
  <node id="3109149677" lat="24.6696017" lon="121.7280704"/>
  <node id="3109149678" lat="24.6695932" lon="121.7283360"/>
  <node id="649286318" lat="24.6695565" lon="121.7304254"/>
  <node id="2083234420" lat="24.6594412" lon="121.7079525"/>
  <node id="2083234427" lat="24.6595143" lon="121.7075274"/>
  <node id="2083234423" lat="24.6596671" lon="121.7073052"/>
  <node id="2083234426" lat="24.6599263" lon="121.7070030"/>
  <node id="2083234418" lat="24.6600738" lon="121.7066382"/>
  <node id="2083234419" lat="24.6602291" lon="121.7060444"/>
  <node id="2083234417" lat="24.6602011" lon="121.7059090"/>
  <node id="2083234416" lat="24.6601280" lon="121.7057427"/>
  <node id="2083234415" lat="24.6598733" lon="121.7051741"/>
  <node id="2083234414" lat="24.6597270" lon="121.7049595"/>
  <node id="2083234413" lat="24.6596076" lon="121.7048052"/>
  <node id="2083234412" lat="24.6594723" lon="121.7046859"/>
  <node id="2083234411" lat="24.6591481" lon="121.7044860"/>
  <node id="2083234409" lat="24.6588397" lon="121.7042581"/>
  <node id="2083234408" lat="24.6586155" lon="121.7040019"/>
  <node id="2083234407" lat="24.6584460" lon="121.7039791"/>
  <node id="2083234406" lat="24.6578476" lon="121.7039711"/>
  <node id="2083234405" lat="24.6577038" lon="121.7039630"/>
  <node id="2083234404" lat="24.6575302" lon="121.7039717"/>
  <node id="4458303058" lat="24.6573838" lon="121.7038967"/>
  <node id="2083234403" lat="24.6573205" lon="121.7038283"/>
  <node id="4458303057" lat="24.6573265" lon="121.7037223"/>
  <node id="2083234402" lat="24.6573853" lon="121.7036410"/>
  <node id="2083234401" lat="24.6575295" lon="121.7036398"/>
  <node id="2083234400" lat="24.6580194" lon="121.7037311"/>
  <node id="2083234399" lat="24.6582949" lon="121.7037029"/>
  <node id="2083234398" lat="24.6583534" lon="121.7036600"/>
  <node id="2083234396" lat="24.6583754" lon="121.7035795"/>
  <node id="2083234397" lat="24.6581950" lon="121.7031718"/>
  <node id="2083234394" lat="24.6580780" lon="121.7028151"/>
  <node id="2083234391" lat="24.6580560" lon="121.7024342"/>
  <node id="2083234390" lat="24.6581389" lon="121.7019514"/>
  <node id="2083234388" lat="24.6583010" lon="121.7015397"/>
  <node id="2083234386" lat="24.6585009" lon="121.7013372"/>
  <node id="2083234387" lat="24.6586642" lon="121.7012098"/>
  <node id="2083234384" lat="24.6587532" lon="121.7010542"/>
  <node id="2083234393" lat="24.6587954" lon="121.7008729"/>
  <node id="2083234385" lat="24.6587908" lon="121.7006962"/>
  <node id="2083234380" lat="24.6587616" lon="121.7005782"/>
  <node id="2083234379" lat="24.6586884" lon="121.7005084"/>
  <node id="2083234376" lat="24.6586104" lon="121.7004977"/>
  <node id="2083234382" lat="24.6583595" lon="121.7004909"/>
  <node id="2083234372" lat="24.6582035" lon="121.7004292"/>
  <node id="2083234369" lat="24.6581218" lon="121.7003528"/>
  <node id="2083234366" lat="24.6580024" lon="121.7001020"/>
  <node id="2083234364" lat="24.6579256" lon="121.7000363"/>
  <node id="2083234359" lat="24.6578537" lon="121.7000162"/>
  <node id="2083234358" lat="24.6577720" lon="121.7000309"/>
  <node id="2083234361" lat="24.6576538" lon="121.7000913"/>
  <node id="2083234357" lat="24.6575746" lon="121.7001664"/>
  <node id="2083234356" lat="24.6574893" lon="121.7002562"/>
  <node id="2083234354" lat="24.6572979" lon="121.7002750"/>
  <node id="2083234352" lat="24.6572004" lon="121.7001396"/>
  <node id="2083234355" lat="24.6571285" lon="121.6999652"/>
  <node id="2083234350" lat="24.6571102" lon="121.6997185"/>
  <node id="2083234351" lat="24.6571261" lon="121.6994744"/>
  <node id="2083234349" lat="24.6572284" lon="121.6991109"/>
  <node id="2083234348" lat="24.6572626" lon="121.6989876"/>
  <node id="2083234347" lat="24.6572662" lon="121.6989017"/>
  <node id="11715735289" lat="24.6569159" lon="121.6984777"/>
  <node id="2083234346" lat="24.6567909" lon="121.6983318"/>
  <node id="2083234345" lat="24.6566593" lon="121.6981628"/>
  <node id="2083234344" lat="24.6566422" lon="121.6980555"/>
  <node id="2083234343" lat="24.6567373" lon="121.6979080"/>
  <node id="2083234342" lat="24.6569908" lon="121.6976733"/>
  <node id="2083234341" lat="24.6571102" lon="121.6974614"/>
  <node id="2279842260" lat="24.6762400" lon="121.6829648"/>
  <node id="2279842255" lat="24.6759903" lon="121.6869132"/>
  <node id="4430938364" lat="24.6759720" lon="121.6873518"/>
  <node id="4431053223" lat="24.6758602" lon="121.6829181"/>
  <node id="2255669591" lat="24.6756094" lon="121.6870255"/>
  <node id="1690085513" lat="24.6756240" lon="121.6890584"/>
  <node id="7157997004" lat="24.6700881" lon="121.6800405"/>
  <node id="4612175881" lat="24.6767438" lon="121.6890431"/>
  <node id="2283511694" lat="24.6807476" lon="121.6889960"/>
  <node id="2283511579" lat="24.6760098" lon="121.6911605"/>
  <node id="2283511580" lat="24.6760671" lon="121.6915467"/>
  <node id="2283511581" lat="24.6762535" lon="121.6921985"/>
  <node id="4612175883" lat="24.6762969" lon="121.6923403"/>
  <node id="4430938367" lat="24.6764193" lon="121.6927403"/>
  <node id="4430938369" lat="24.6765984" lon="121.6933130"/>
  <node id="4430938371" lat="24.6769871" lon="121.6946192"/>
  <node id="2283511601" lat="24.6774722" lon="121.6961749"/>
  <node id="2283511606" lat="24.6775562" lon="121.6965947"/>
  <node id="2283511610" lat="24.6776233" lon="121.6970895"/>
  <node id="2283511608" lat="24.6775940" lon="121.6977011"/>
  <node id="2283511607" lat="24.6775538" lon="121.6983341"/>
  <node id="2283511605" lat="24.6775075" lon="121.6995652"/>
  <node id="2283511603" lat="24.6774722" lon="121.7008835"/>
  <node id="2283511602" lat="24.6774581" lon="121.7014682"/>
  <node id="2283511599" lat="24.6774447" lon="121.7018786"/>
  <node id="2283511598" lat="24.6774204" lon="121.7022944"/>
  <node id="2283511595" lat="24.6773917" lon="121.7032459"/>
  <node id="2283511590" lat="24.6773600" lon="121.7045239"/>
  <node id="4430938377" lat="24.6773320" lon="121.7054158"/>
  <node id="2283511591" lat="24.6773539" lon="121.7059884"/>
  <node id="2283511600" lat="24.6774563" lon="121.7063411"/>
  <node id="2283511609" lat="24.6775450" lon="121.7065571"/>
  <node id="4430978439" lat="24.6777448" lon="121.7069353"/>
  <node id="2283511618" lat="24.6785503" lon="121.7084105"/>
  <node id="2283511631" lat="24.6789442" lon="121.7090864"/>
  <node id="2283511646" lat="24.6791557" lon="121.7094631"/>
  <node id="2283511649" lat="24.6793303" lon="121.7098254"/>
  <node id="2283511657" lat="24.6794131" lon="121.7100600"/>
  <node id="2283511664" lat="24.6794460" lon="121.7102304"/>
  <node id="4430978449" lat="24.6794606" lon="121.7104248"/>
  <node id="2283511660" lat="24.6794506" lon="121.7107024"/>
  <node id="2283511651" lat="24.6793834" lon="121.7116837"/>
  <node id="2255669593" lat="24.6756299" lon="121.6909617"/>
  <node id="4430938359" lat="24.6756494" lon="121.6912219"/>
  <node id="2255669598" lat="24.6756738" lon="121.6914123"/>
  <node id="2255669607" lat="24.6758102" lon="121.6919997"/>
  <node id="2255669610" lat="24.6759882" lon="121.6925952"/>
  <node id="2255669614" lat="24.6768497" lon="121.6953350"/>
  <node id="2255669624" lat="24.6770325" lon="121.6960351"/>
  <node id="2255669630" lat="24.6771666" lon="121.6964401"/>
  <node id="2255669633" lat="24.6772080" lon="121.6967056"/>
  <node id="2255669637" lat="24.6772519" lon="121.6970516"/>
  <node id="2255669636" lat="24.6772446" lon="121.6975747"/>
  <node id="2255669632" lat="24.6771958" lon="121.6983874"/>
  <node id="2255669628" lat="24.6771154" lon="121.7005412"/>
  <node id="2255669626" lat="24.6770959" lon="121.7013593"/>
  <node id="2255669625" lat="24.6770740" lon="121.7019413"/>
  <node id="2255669623" lat="24.6770520" lon="121.7025287"/>
  <node id="2255669617" lat="24.6769716" lon="121.7051090"/>
  <node id="2255669619" lat="24.6769814" lon="121.7059673"/>
  <node id="4430938373" lat="24.6770447" lon="121.7062597"/>
  <node id="12997268977" lat="24.6770772" lon="121.7063538"/>
  <node id="2255669627" lat="24.6771300" lon="121.7065064"/>
  <node id="2255669639" lat="24.6772714" lon="121.7068444"/>
  <node id="2255669642" lat="24.6777741" lon="121.7077654"/>
  <node id="2255669644" lat="24.6781360" lon="121.7084065"/>
  <node id="2283511622" lat="24.6785832" lon="121.7092044"/>
  <node id="4430978444" lat="24.6788428" lon="121.7097261"/>
  <node id="2283511637" lat="24.6789964" lon="121.7100024"/>
  <node id="2283511639" lat="24.6790707" lon="121.7101807"/>
  <node id="2283511643" lat="24.6791091" lon="121.7104051"/>
  <node id="4951830590" lat="24.6447782" lon="121.7092359"/>
  <node id="4951830586" lat="24.6448301" lon="121.7090060"/>
  <node id="4951830587" lat="24.6435563" lon="121.7086740"/>
  <node id="4951830589" lat="24.6435076" lon="121.7089015"/>
  <node id="4951830593" lat="24.6439290" lon="121.7090124"/>
  <node id="4951830591" lat="24.6443531" lon="121.7091240"/>
  <node id="4951830584" lat="24.6452801" lon="121.7120349"/>
  <node id="4951830606" lat="24.6453282" lon="121.7118124"/>
  <node id="4951830605" lat="24.6455069" lon="121.7109858"/>
  <node id="4951830607" lat="24.6450891" lon="121.7117542"/>
  <node id="5248606071" lat="24.6673976" lon="121.6512259"/>
  <node id="5248606072" lat="24.6669636" lon="121.6512744"/>
  <node id="3744188331" lat="24.6659700" lon="121.6513968"/>
  <node id="5253437421" lat="24.6653720" lon="121.6509274"/>
  <node id="5253437422" lat="24.6658948" lon="121.6508106"/>
  <node id="5253437428" lat="24.6657871" lon="121.6542099"/>
  <node id="5253437431" lat="24.6653346" lon="121.6526630"/>
  <node id="5253437432" lat="24.6653878" lon="121.6526011"/>
  <node id="9500664259" lat="24.6650815" lon="121.6543633"/>
  <node id="9500664261" lat="24.6659042" lon="121.6567317"/>
  <node id="5259321044" lat="24.6653671" lon="121.6568656"/>
  <node id="5265618532" lat="24.6660120" lon="121.6517243"/>
  <node id="5265618533" lat="24.6663613" lon="121.6517277"/>
  <node id="5265618534" lat="24.6663739" lon="121.6523731"/>
  <node id="5474479130" lat="24.6085640" lon="121.6854364"/>
  <node id="5474479167" lat="24.6160815" lon="121.6889475"/>
  <node id="5474479168" lat="24.6161034" lon="121.6890095"/>
  <node id="5474479169" lat="24.6161159" lon="121.6890852"/>
  <node id="5474479170" lat="24.6161159" lon="121.6891678"/>
  <node id="5474479171" lat="24.6160596" lon="121.6892573"/>
  <node id="5474479173" lat="24.6172175" lon="121.6917358"/>
  <node id="5474479177" lat="24.6166519" lon="121.6879250"/>
  <node id="5474479183" lat="24.6175388" lon="121.6886276"/>
  <node id="5474479178" lat="24.6176035" lon="121.6886788"/>
  <node id="5474479179" lat="24.6167305" lon="121.6891157"/>
  <node id="5474479180" lat="24.6169575" lon="121.6890053"/>
  <node id="5474479181" lat="24.6170753" lon="121.6889477"/>
  <node id="5474479182" lat="24.6173197" lon="121.6888565"/>
  <node id="5474479514" lat="24.5973937" lon="121.6944014"/>
  <node id="5474479515" lat="24.5975247" lon="121.6944062"/>
  <node id="5474479516" lat="24.5975945" lon="121.6944830"/>
  <node id="5474479517" lat="24.5977648" lon="121.6945166"/>
  <node id="5474479518" lat="24.5980878" lon="121.6946558"/>
  <node id="5474479519" lat="24.5984152" lon="121.6947903"/>
  <node id="5474479520" lat="24.5987514" lon="121.6949103"/>
  <node id="5474479621" lat="24.5989697" lon="121.6952032"/>
  <node id="5474479622" lat="24.5991748" lon="121.6953760"/>
  <node id="5474479623" lat="24.5993975" lon="121.6955153"/>
  <node id="5474479624" lat="24.5997904" lon="121.6955585"/>
  <node id="5474479625" lat="24.6002444" lon="121.6955345"/>
  <node id="5474479626" lat="24.6007202" lon="121.6952896"/>
  <node id="5474479627" lat="24.6011131" lon="121.6950351"/>
  <node id="5474479628" lat="24.6015191" lon="121.6946606"/>
  <node id="5474479629" lat="24.6017549" lon="121.6944254"/>
  <node id="5474479630" lat="24.6020430" lon="121.6942525"/>
  <node id="5474479631" lat="24.6023485" lon="121.6942093"/>
  <node id="5474479632" lat="24.6026410" lon="121.6940173"/>
  <node id="5474479633" lat="24.6029553" lon="121.6936956"/>
  <node id="5474479634" lat="24.6034399" lon="121.6932635"/>
  <node id="5474479635" lat="24.6036800" lon="121.6930954"/>
  <node id="5474479636" lat="24.6037804" lon="121.6929130"/>
  <node id="5474479637" lat="24.6040205" lon="121.6927737"/>
  <node id="5474479638" lat="24.6041951" lon="121.6928314"/>
  <node id="5474479639" lat="24.6044439" lon="121.6929322"/>
  <node id="5474479640" lat="24.6046840" lon="121.6928650"/>
  <node id="5474479642" lat="24.6046526" lon="121.6930228"/>
  <node id="5474479643" lat="24.6044564" lon="121.6931132"/>
  <node id="5474479644" lat="24.6042471" lon="121.6932560"/>
  <node id="5474479645" lat="24.6040589" lon="121.6933027"/>
  <node id="5474479646" lat="24.6038973" lon="121.6933959"/>
  <node id="5474479647" lat="24.6037091" lon="121.6934980"/>
  <node id="5474479648" lat="24.6036243" lon="121.6935533"/>
  <node id="5474479649" lat="24.6035368" lon="121.6936320"/>
  <node id="5474479650" lat="24.6033407" lon="121.6937137"/>
  <node id="5474479651" lat="24.6031128" lon="121.6938069"/>
  <node id="5474479668" lat="24.6028502" lon="121.6728982"/>
  <node id="5474479669" lat="24.6029327" lon="121.6735899"/>
  <node id="5474479670" lat="24.6030358" lon="121.6737997"/>
  <node id="5474479671" lat="24.6032678" lon="121.6739812"/>
  <node id="5474479672" lat="24.6035307" lon="121.6741229"/>
  <node id="5474479673" lat="24.6037575" lon="121.6742307"/>
  <node id="5474479674" lat="24.6038607" lon="121.6742987"/>
  <node id="5474479860" lat="24.6039961" lon="121.6745285"/>
  <node id="5474479675" lat="24.6040411" lon="121.6746049"/>
  <node id="5474479676" lat="24.6042112" lon="121.6748998"/>
  <node id="5474479677" lat="24.6043814" lon="121.6752740"/>
  <node id="5474479678" lat="24.6044226" lon="121.6755292"/>
  <node id="5474479679" lat="24.6045566" lon="121.6758751"/>
  <node id="5474479680" lat="24.6047474" lon="121.6759601"/>
  <node id="5474479681" lat="24.6048350" lon="121.6760735"/>
  <node id="5474479682" lat="24.6048299" lon="121.6761529"/>
  <node id="5474479683" lat="24.6046804" lon="121.6763287"/>
  <node id="5474479684" lat="24.6046598" lon="121.6764761"/>
  <node id="5474479685" lat="24.6047422" lon="121.6766859"/>
  <node id="5474479686" lat="24.6048814" lon="121.6770034"/>
  <node id="5474479687" lat="24.6050103" lon="121.6770715"/>
  <node id="5474479688" lat="24.6051547" lon="121.6770715"/>
  <node id="5474479689" lat="24.6052784" lon="121.6769638"/>
  <node id="5474479690" lat="24.6053867" lon="121.6769241"/>
  <node id="5474479691" lat="24.6054588" lon="121.6768560"/>
  <node id="5474479692" lat="24.6054949" lon="121.6767483"/>
  <node id="5474479693" lat="24.6055310" lon="121.6766859"/>
  <node id="5474479694" lat="24.6057424" lon="121.6766349"/>
  <node id="5474479695" lat="24.6058610" lon="121.6766859"/>
  <node id="5474479696" lat="24.6059435" lon="121.6767540"/>
  <node id="5474479697" lat="24.6060930" lon="121.6767993"/>
  <node id="5474479698" lat="24.6063301" lon="121.6770828"/>
  <node id="5474479699" lat="24.6063610" lon="121.6772699"/>
  <node id="5474479700" lat="24.6063353" lon="121.6774627"/>
  <node id="5474479701" lat="24.6061909" lon="121.6779504"/>
  <node id="5474479702" lat="24.6061909" lon="121.6781205"/>
  <node id="5474479703" lat="24.6061858" lon="121.6782906"/>
  <node id="5474479704" lat="24.6061703" lon="121.6784891"/>
  <node id="5474479705" lat="24.6061084" lon="121.6789937"/>
  <node id="5474479706" lat="24.6061084" lon="121.6791411"/>
  <node id="5474479707" lat="24.6061548" lon="121.6793906"/>
  <node id="5474479708" lat="24.6062528" lon="121.6798102"/>
  <node id="5474479709" lat="24.6064590" lon="121.6804510"/>
  <node id="5474479710" lat="24.6065879" lon="121.6808366"/>
  <node id="5474479711" lat="24.6067941" lon="121.6812505"/>
  <node id="5474479712" lat="24.6069023" lon="121.6813526"/>
  <node id="5474479713" lat="24.6070519" lon="121.6814603"/>
  <node id="5474479714" lat="24.6072890" lon="121.6819763"/>
  <node id="5474479715" lat="24.6073509" lon="121.6821804"/>
  <node id="5474479716" lat="24.6073612" lon="121.6823619"/>
  <node id="5474479739" lat="24.6073544" lon="121.6825208"/>
  <node id="5474479717" lat="24.6073457" lon="121.6827248"/>
  <node id="5474479738" lat="24.6074136" lon="121.6831773"/>
  <node id="5474479718" lat="24.6074385" lon="121.6833428"/>
  <node id="5474479719" lat="24.6076189" lon="121.6840176"/>
  <node id="5474479720" lat="24.6076035" lon="121.6841593"/>
  <node id="5474479721" lat="24.6077581" lon="121.6845846"/>
  <node id="5474479722" lat="24.6077633" lon="121.6849135"/>
  <node id="5474479723" lat="24.6076963" lon="121.6849702"/>
  <node id="5474479724" lat="24.6090830" lon="121.6822144"/>
  <node id="5474479725" lat="24.6090521" lon="121.6822882"/>
  <node id="5474479726" lat="24.6092171" lon="121.6824016"/>
  <node id="5474479727" lat="24.6092893" lon="121.6824866"/>
  <node id="5474479728" lat="24.6093356" lon="121.6825773"/>
  <node id="5474479729" lat="24.6092893" lon="121.6826170"/>
  <node id="5474479730" lat="24.6092171" lon="121.6825887"/>
  <node id="5474479731" lat="24.6089181" lon="121.6824356"/>
  <node id="5474479732" lat="24.6088562" lon="121.6824356"/>
  <node id="5474479733" lat="24.6087531" lon="121.6825603"/>
  <node id="5474479734" lat="24.6086809" lon="121.6825603"/>
  <node id="5474479735" lat="24.6085727" lon="121.6825717"/>
  <node id="5474479736" lat="24.6084541" lon="121.6827191"/>
  <node id="5474479737" lat="24.6082530" lon="121.6829119"/>
  <node id="5474479740" lat="24.6071859" lon="121.6826170"/>
  <node id="5474479741" lat="24.6070828" lon="121.6826510"/>
  <node id="5474479742" lat="24.6068920" lon="121.6826510"/>
  <node id="5474479743" lat="24.6066961" lon="121.6827191"/>
  <node id="5474479744" lat="24.6065260" lon="121.6827701"/>
  <node id="5474479745" lat="24.6063301" lon="121.6828155"/>
  <node id="5474479746" lat="24.6054176" lon="121.6828212"/>
  <node id="5474479747" lat="24.6049485" lon="121.6828212"/>
  <node id="5474479748" lat="24.6046701" lon="121.6827928"/>
  <node id="5474479749" lat="24.6041958" lon="121.6827078"/>
  <node id="5474479750" lat="24.6040050" lon="121.6826284"/>
  <node id="5474479751" lat="24.6038091" lon="121.6825036"/>
  <node id="5474479752" lat="24.6034224" lon="121.6824129"/>
  <node id="5474479753" lat="24.6031492" lon="121.6823902"/>
  <node id="5474479754" lat="24.6029172" lon="121.6823789"/>
  <node id="5474479755" lat="24.6027471" lon="121.6823335"/>
  <node id="5474479783" lat="24.6025624" lon="121.6823335"/>
  <node id="5474479756" lat="24.6025357" lon="121.6823335"/>
  <node id="5474479757" lat="24.6022212" lon="121.6822711"/>
  <node id="5474479758" lat="24.6020356" lon="121.6821521"/>
  <node id="5474479759" lat="24.6018449" lon="121.6820387"/>
  <node id="5474479760" lat="24.6017417" lon="121.6819479"/>
  <node id="5474479761" lat="24.6016283" lon="121.6818572"/>
  <node id="5474479762" lat="24.6011489" lon="121.6813355"/>
  <node id="5474479763" lat="24.6010818" lon="121.6812165"/>
  <node id="5474479765" lat="24.6028545" lon="121.6847274"/>
  <node id="5474479766" lat="24.6026512" lon="121.6845648"/>
  <node id="5474479767" lat="24.6025218" lon="121.6845608"/>
  <node id="5474479768" lat="24.6023628" lon="121.6845852"/>
  <node id="5474479769" lat="24.6022778" lon="121.6845445"/>
  <node id="5474479770" lat="24.6022556" lon="121.6844347"/>
  <node id="5474479771" lat="24.6022704" lon="121.6843290"/>
  <node id="5474479772" lat="24.6022261" lon="121.6841542"/>
  <node id="5474479773" lat="24.6022335" lon="121.6838615"/>
  <node id="5474479774" lat="24.6022446" lon="121.6836826"/>
  <node id="5474479775" lat="24.6022150" lon="121.6836176"/>
  <node id="5474479776" lat="24.6022150" lon="121.6835119"/>
  <node id="5474479777" lat="24.6022335" lon="121.6833452"/>
  <node id="5474479778" lat="24.6023148" lon="121.6831744"/>
  <node id="5474479779" lat="24.6024774" lon="121.6829102"/>
  <node id="5474479780" lat="24.6025218" lon="121.6827435"/>
  <node id="5474479781" lat="24.6025772" lon="121.6825931"/>
  <node id="5474479782" lat="24.6025920" lon="121.6824752"/>
  <node id="5474479784" lat="24.6024368" lon="121.6822312"/>
  <node id="5474479785" lat="24.6023850" lon="121.6821255"/>
  <node id="5474479786" lat="24.6023037" lon="121.6820239"/>
  <node id="5474479787" lat="24.6021965" lon="121.6819385"/>
  <node id="5474479788" lat="24.6021337" lon="121.6817962"/>
  <node id="5474479789" lat="24.6021521" lon="121.6817149"/>
  <node id="5474479790" lat="24.6022039" lon="121.6816987"/>
  <node id="5474479791" lat="24.6023407" lon="121.6817271"/>
  <node id="5474479792" lat="24.6026142" lon="121.6817109"/>
  <node id="5474479793" lat="24.6028360" lon="121.6818125"/>
  <node id="5474479794" lat="24.6030799" lon="121.6818572"/>
  <node id="5615016304" lat="24.6701467" lon="121.6799561"/>
  <node id="5615016276" lat="24.6699939" lon="121.6795728"/>
  <node id="13858010377" lat="24.6700112" lon="121.6792791"/>
  <node id="5615016277" lat="24.6701592" lon="121.6785210"/>
  <node id="5615016278" lat="24.6702437" lon="121.6781196"/>
  <node id="5615016279" lat="24.6703084" lon="121.6779970"/>
  <node id="5615016280" lat="24.6703084" lon="121.6779259"/>
  <node id="5615016281" lat="24.6703048" lon="121.6777796"/>
  <node id="5615016282" lat="24.6705419" lon="121.6757391"/>
  <node id="5615016283" lat="24.6706240" lon="121.6749977"/>
  <node id="5615016284" lat="24.6706506" lon="121.6748548"/>
  <node id="5615016285" lat="24.6707186" lon="121.6747094"/>
  <node id="5615016286" lat="24.6708219" lon="121.6745527"/>
  <node id="5615016287" lat="24.6708477" lon="121.6744873"/>
  <node id="5615016288" lat="24.6708195" lon="121.6743376"/>
  <node id="5615016289" lat="24.6707984" lon="121.6742162"/>
  <node id="5615016290" lat="24.6707898" lon="121.6741336"/>
  <node id="5615016291" lat="24.6708977" lon="121.6731284"/>
  <node id="5615016292" lat="24.6709837" lon="121.6723522"/>
  <node id="5615016293" lat="24.6710080" lon="121.6719348"/>
  <node id="5615016294" lat="24.6709697" lon="121.6713392"/>
  <node id="5615016295" lat="24.6709118" lon="121.6710682"/>
  <node id="5615016296" lat="24.6707254" lon="121.6702669"/>
  <node id="5615016297" lat="24.6707235" lon="121.6701654"/>
  <node id="10214203495" lat="24.6335161" lon="121.7089440"/>
  <node id="4430922701" lat="24.6313642" lon="121.7126672"/>
  <node id="3210375803" lat="24.6310582" lon="121.7132371"/>
  <node id="3210375804" lat="24.6309997" lon="121.7133525"/>
  <node id="4430922691" lat="24.6310068" lon="121.7134792"/>
  <node id="3210375808" lat="24.6311289" lon="121.7139385"/>
  <node id="3210375811" lat="24.6311765" lon="121.7143033"/>
  <node id="3210375812" lat="24.6311921" lon="121.7145574"/>
  <node id="4430922697" lat="24.6312214" lon="121.7147639"/>
  <node id="4430922708" lat="24.6315359" lon="121.7158744"/>
  <node id="3210375829" lat="24.6326497" lon="121.7206843"/>
  <node id="4430922737" lat="24.6326455" lon="121.7207265"/>
  <node id="3210375827" lat="24.6325918" lon="121.7207855"/>
  <node id="4430922736" lat="24.6325754" lon="121.7208325"/>
  <node id="4430922735" lat="24.6325705" lon="121.7209056"/>
  <node id="3210375831" lat="24.6327308" lon="121.7214185"/>
  <node id="7918338528" lat="24.6327316" lon="121.7214239"/>
  <node id="5810251509" lat="24.6535286" lon="121.7171661"/>
  <node id="5810251510" lat="24.6535443" lon="121.7166158"/>
  <node id="5810251511" lat="24.6535907" lon="121.7156715"/>
  <node id="14174992969" lat="24.6535676" lon="121.7156287"/>
  <node id="14174992970" lat="24.6532811" lon="121.7155170"/>
  <node id="14174992971" lat="24.6527502" lon="121.7153357"/>
  <node id="5810251519" lat="24.6525851" lon="121.7130515"/>
  <node id="5810251515" lat="24.6525898" lon="121.7130120"/>
  <node id="5810251516" lat="24.6526288" lon="121.7128296"/>
  <node id="5810251517" lat="24.6526240" lon="121.7126794"/>
  <node id="5810251520" lat="24.6540756" lon="121.7120624"/>
  <node id="5810251522" lat="24.6548337" lon="121.7149691"/>
  <node id="5810251523" lat="24.6544587" lon="121.7149620"/>
  <node id="5810251524" lat="24.6543768" lon="121.7152346"/>
  <node id="5810251525" lat="24.6543309" lon="121.7154254"/>
  <node id="14177459755" lat="24.6582726" lon="121.7198760"/>
  <node id="5810251537" lat="24.6581434" lon="121.7198435"/>
  <node id="5810251538" lat="24.6579580" lon="121.7197708"/>
  <node id="5810251539" lat="24.6578474" lon="121.7197868"/>
  <node id="5810251540" lat="24.6577700" lon="121.7197974"/>
  <node id="5810251541" lat="24.6577024" lon="121.7197969"/>
  <node id="5810251547" lat="24.6576820" lon="121.7197725"/>
  <node id="5810251542" lat="24.6576700" lon="121.7197299"/>
  <node id="5810251543" lat="24.6576700" lon="121.7196161"/>
  <node id="5810251544" lat="24.6576109" lon="121.7194697"/>
  <node id="5810251545" lat="24.6575370" lon="121.7194209"/>
  <node id="9500652100" lat="24.6781446" lon="121.6678280"/>
  <node id="6036139315" lat="24.6786663" lon="121.6613729"/>
  <node id="6036139316" lat="24.6786578" lon="121.6611674"/>
  <node id="6036139317" lat="24.6786747" lon="121.6609432"/>
  <node id="6036139318" lat="24.6786832" lon="121.6607751"/>
  <node id="6036139319" lat="24.6787087" lon="121.6605696"/>
  <node id="6036139320" lat="24.6787511" lon="121.6603268"/>
  <node id="6036139322" lat="24.6792688" lon="121.6624470"/>
  <node id="6036139333" lat="24.6646972" lon="121.6640102"/>
  <node id="6036139334" lat="24.6646412" lon="121.6639917"/>
  <node id="6036139335" lat="24.6645740" lon="121.6640164"/>
  <node id="6036139336" lat="24.6636332" lon="121.6647189"/>
  <node id="6036139337" lat="24.6635716" lon="121.6647435"/>
  <node id="6036139338" lat="24.6634988" lon="121.6647558"/>
  <node id="6036139339" lat="24.6634316" lon="121.6647065"/>
  <node id="6036139340" lat="24.6633140" lon="121.6645771"/>
  <node id="6036139341" lat="24.6632020" lon="121.6644416"/>
  <node id="6036139342" lat="24.6631236" lon="121.6643615"/>
  <node id="6036139343" lat="24.6630340" lon="121.6642690"/>
  <node id="6036139344" lat="24.6629332" lon="121.6641766"/>
  <node id="6036139345" lat="24.6628884" lon="121.6641396"/>
  <node id="6036139346" lat="24.6628212" lon="121.6641396"/>
  <node id="6036139349" lat="24.6622406" lon="121.6659611"/>
  <node id="6036139353" lat="24.6621982" lon="121.6659583"/>
  <node id="6036139350" lat="24.6621168" lon="121.6659531"/>
  <node id="6036139361" lat="24.6619161" lon="121.6659401"/>
  <node id="6036139351" lat="24.6617301" lon="121.6659281"/>
  <node id="6036139352" lat="24.6614061" lon="121.6659072"/>
  <node id="6036139354" lat="24.6622178" lon="121.6658323"/>
  <node id="6036139355" lat="24.6621842" lon="121.6657460"/>
  <node id="6036139356" lat="24.6621114" lon="121.6656351"/>
  <node id="6036139357" lat="24.6620274" lon="121.6655488"/>
  <node id="6036139358" lat="24.6619714" lon="121.6654564"/>
  <node id="6036139359" lat="24.6619882" lon="121.6653886"/>
  <node id="6036139360" lat="24.6620330" lon="121.6653208"/>
  <node id="6036139362" lat="24.6617250" lon="121.6660973"/>
  <node id="6036139363" lat="24.6616970" lon="121.6661589"/>
  <node id="6036139364" lat="24.6616970" lon="121.6662143"/>
  <node id="6036139365" lat="24.6617586" lon="121.6663006"/>
  <node id="6036139366" lat="24.6636823" lon="121.6636655"/>
  <node id="6036139367" lat="24.6636095" lon="121.6637087"/>
  <node id="6036139368" lat="24.6635479" lon="121.6637888"/>
  <node id="6170243057" lat="24.6655939" lon="121.7009180"/>
  <node id="6170243058" lat="24.6653918" lon="121.7009995"/>
  <node id="6170243059" lat="24.6651942" lon="121.7011461"/>
  <node id="6170243060" lat="24.6650872" lon="121.7012847"/>
  <node id="6170243049" lat="24.6649802" lon="121.7012600"/>
  <node id="6170243050" lat="24.6654277" lon="121.7011376"/>
  <node id="6170243051" lat="24.6655810" lon="121.7010535"/>
  <node id="6170243052" lat="24.6658162" lon="121.7009573"/>
  <node id="6170243053" lat="24.6660664" lon="121.7009066"/>
  <node id="6170243054" lat="24.6662709" lon="121.7008605"/>
  <node id="6170243055" lat="24.6663192" lon="121.7008293"/>
  <node id="6170281366" lat="24.6577176" lon="121.7042247"/>
  <node id="6170281367" lat="24.6574552" lon="121.7041480"/>
  <node id="6170281368" lat="24.6571273" lon="121.7041119"/>
  <node id="6170281369" lat="24.6569797" lon="121.7041052"/>
  <node id="6170281370" lat="24.6569100" lon="121.7041864"/>
  <node id="6170281371" lat="24.6568895" lon="121.7043217"/>
  <node id="6170281372" lat="24.6568649" lon="121.7045179"/>
  <node id="6170281373" lat="24.6568690" lon="121.7045878"/>
  <node id="6170281374" lat="24.6569653" lon="121.7049239"/>
  <node id="6170281375" lat="24.6570002" lon="121.7050412"/>
  <node id="6170281376" lat="24.6570248" lon="121.7051449"/>
  <node id="6170281377" lat="24.6569284" lon="121.7052735"/>
  <node id="6170281378" lat="24.6568198" lon="121.7054156"/>
  <node id="6170281379" lat="24.6567809" lon="121.7055171"/>
  <node id="6170281380" lat="24.6568259" lon="121.7056186"/>
  <node id="6170281381" lat="24.6571334" lon="121.7059434"/>
  <node id="6170281382" lat="24.6571826" lon="121.7059389"/>
  <node id="6170281722" lat="24.6571986" lon="121.7059204"/>
  <node id="6170281383" lat="24.6574327" lon="121.7056502"/>
  <node id="6170281384" lat="24.6574409" lon="121.7055690"/>
  <node id="6170281720" lat="24.6572244" lon="121.7053483"/>
  <node id="6170281703" lat="24.6566435" lon="121.7038400"/>
  <node id="6170281704" lat="24.6564610" lon="121.7036392"/>
  <node id="6170281705" lat="24.6579454" lon="121.7042890"/>
  <node id="6170281723" lat="24.6575580" lon="121.7062948"/>
  <node id="6170374067" lat="24.6561758" lon="121.6802564"/>
  <node id="6170374068" lat="24.6560946" lon="121.6803043"/>
  <node id="6170374069" lat="24.6560453" lon="121.6804382"/>
  <node id="6170374070" lat="24.6560366" lon="121.6805818"/>
  <node id="6170374071" lat="24.6560946" lon="121.6808019"/>
  <node id="6170374072" lat="24.6561323" lon="121.6810762"/>
  <node id="3707841552" lat="24.6575594" lon="121.6818174"/>
  <node id="6170374206" lat="24.6576177" lon="121.6698349"/>
  <node id="6170374207" lat="24.6573902" lon="121.6699411"/>
  <node id="6170374208" lat="24.6572696" lon="121.6698501"/>
  <node id="6170374209" lat="24.6570731" lon="121.6696035"/>
  <node id="6170374210" lat="24.6569214" lon="121.6695314"/>
  <node id="6170374211" lat="24.6566904" lon="121.6695087"/>
  <node id="6170374212" lat="24.6565042" lon="121.6695049"/>
  <node id="6170374213" lat="24.6563353" lon="121.6692962"/>
  <node id="6170374214" lat="24.6562457" lon="121.6691673"/>
  <node id="6170374215" lat="24.6562560" lon="121.6690345"/>
  <node id="6170374216" lat="24.6562698" lon="121.6689276"/>
  <node id="6170374217" lat="24.6563629" lon="121.6688555"/>
  <node id="6170374218" lat="24.6563922" lon="121.6687759"/>
  <node id="6170374219" lat="24.6563215" lon="121.6687493"/>
  <node id="6170374220" lat="24.6561543" lon="121.6687910"/>
  <node id="6170374221" lat="24.6560041" lon="121.6688401"/>
  <node id="6170374223" lat="24.6658449" lon="121.6775873"/>
  <node id="6170374224" lat="24.6658407" lon="121.6771095"/>
  <node id="6170374225" lat="24.6657987" lon="121.6770696"/>
  <node id="6170374231" lat="24.6650650" lon="121.6770650"/>
  <node id="6170374226" lat="24.6636774" lon="121.6770563"/>
  <node id="6170374227" lat="24.6636733" lon="121.6789193"/>
  <node id="6170374228" lat="24.6637204" lon="121.6789757"/>
  <node id="6170374232" lat="24.6650691" lon="121.6789815"/>
  <node id="6170374229" lat="24.6658091" lon="121.6789847"/>
  <node id="6170374230" lat="24.6658398" lon="121.6789351"/>
  <node id="6422856594" lat="24.6658368" lon="121.6575725"/>
  <node id="6422856595" lat="24.6657715" lon="121.6575807"/>
  <node id="6422856596" lat="24.6657730" lon="121.6576361"/>
  <node id="6422856597" lat="24.6658872" lon="121.6581811"/>
  <node id="6422856598" lat="24.6656173" lon="121.6582806"/>
  <node id="7095452090" lat="24.6233147" lon="121.7074969"/>
  <node id="7095452091" lat="24.6228805" lon="121.7079932"/>
  <node id="7095452092" lat="24.6225650" lon="121.7084258"/>
  <node id="10254974911" lat="24.6224059" lon="121.7087075"/>
  <node id="7095452093" lat="24.6222454" lon="121.7089475"/>
  <node id="7095452094" lat="24.6217103" lon="121.7091366"/>
  <node id="10254974910" lat="24.6214428" lon="121.7092882"/>
  <node id="7095452095" lat="24.6211931" lon="121.7094860"/>
  <node id="7095452096" lat="24.6203459" lon="121.7099473"/>
  <node id="10254974909" lat="24.6200724" lon="121.7100379"/>
  <node id="10254967008" lat="24.6199822" lon="121.7100942"/>
  <node id="10254967007" lat="24.6199091" lon="121.7102297"/>
  <node id="10254967006" lat="24.6198127" lon="121.7103222"/>
  <node id="10254967005" lat="24.6196994" lon="121.7103772"/>
  <node id="10254967004" lat="24.6195360" lon="121.7104134"/>
  <node id="10254967003" lat="24.6178096" lon="121.7108345"/>
  <node id="10254967002" lat="24.6160564" lon="121.7112757"/>
  <node id="5253437427" lat="24.6659206" lon="121.6541762"/>
  <node id="7128607003" lat="24.6654329" lon="121.6513572"/>
  <node id="3707841879" lat="24.6654937" lon="121.6517869"/>
  <node id="7128607004" lat="24.6647749" lon="121.6486975"/>
  <node id="3109149630" lat="24.6655738" lon="121.6483066"/>
  <node id="412685446" lat="24.6683717" lon="121.6621645"/>
  <node id="9500664256" lat="24.6684135" lon="121.6623884"/>
  <node id="9500029614" lat="24.6684342" lon="121.6625655"/>
  <node id="3109149672" lat="24.6684377" lon="121.6627559"/>
  <node id="3744188333" lat="24.6674062" lon="121.6508080"/>
  <node id="3744163746" lat="24.6673940" lon="121.6511487"/>
  <node id="7157997003" lat="24.6693813" lon="121.6800452"/>
  <node id="4430955703" lat="24.6573643" lon="121.6823424"/>
  <node id="3707841546" lat="24.6573936" lon="121.6822277"/>
  <node id="4430955719" lat="24.6584556" lon="121.6798411"/>
  <node id="3707841570" lat="24.6585097" lon="121.6798295"/>
  <node id="3707841578" lat="24.6587721" lon="121.6799510"/>
  <node id="13857996826" lat="24.6705605" lon="121.6892045"/>
  <node id="13857996825" lat="24.6705616" lon="121.6892639"/>
  <node id="2214478298" lat="24.6705665" lon="121.6895507"/>
  <node id="1690064826" lat="24.6705973" lon="121.6900961"/>
  <node id="1690064857" lat="24.6706875" lon="121.6906971"/>
  <node id="1690064911" lat="24.6709362" lon="121.6918220"/>
  <node id="1690064927" lat="24.6710459" lon="121.6924067"/>
  <node id="1690064956" lat="24.6710654" lon="121.6927715"/>
  <node id="1690064952" lat="24.6710264" lon="121.6930558"/>
  <node id="1690064958" lat="24.6710508" lon="121.6934635"/>
  <node id="1690064924" lat="24.6710069" lon="121.6936754"/>
  <node id="1690064887" lat="24.6708143" lon="121.6942190"/>
  <node id="1690064835" lat="24.6706701" lon="121.6945431"/>
  <node id="1690064781" lat="24.6705061" lon="121.6947648"/>
  <node id="1690064727" lat="24.6703360" lon="121.6949228"/>
  <node id="1690064719" lat="24.6698681" lon="121.6953533"/>
  <node id="1690064714" lat="24.6691865" lon="121.6960086"/>
  <node id="1690064692" lat="24.6689559" lon="121.6962673"/>
  <node id="2255669344" lat="24.6687801" lon="121.6964585"/>
  <node id="2255669339" lat="24.6686614" lon="121.6966238"/>
  <node id="1690064681" lat="24.6686268" lon="121.6967264"/>
  <node id="1690064684" lat="24.6686926" lon="121.6998834"/>
  <node id="2255669341" lat="24.6687291" lon="121.6999960"/>
  <node id="1690064724" lat="24.6697553" lon="121.7014310"/>
  <node id="13857994968" lat="24.6699284" lon="121.7015744"/>
  <node id="1690064730" lat="24.6699625" lon="121.7016027"/>
  <node id="13857994967" lat="24.6704723" lon="121.7020593"/>
  <node id="1690064787" lat="24.6705416" lon="121.7021353"/>
  <node id="1690064824" lat="24.6706518" lon="121.7023215"/>
  <node id="1690064882" lat="24.6707473" lon="121.7026219"/>
  <node id="1690064925" lat="24.6709472" lon="121.7030538"/>
  <node id="1690064991" lat="24.6715151" lon="121.7042607"/>
  <node id="2255669366" lat="24.6715760" lon="121.7043654"/>
  <node id="2255669374" lat="24.6716808" lon="121.7044136"/>
  <node id="13857994964" lat="24.6717492" lon="121.7044087"/>
  <node id="1690064994" lat="24.6717929" lon="121.7044056"/>
  <node id="1690064996" lat="24.6718856" lon="121.7044807"/>
  <node id="1690064998" lat="24.6719733" lon="121.7046979"/>
  <node id="1690065000" lat="24.6720818" lon="121.7048951"/>
  <node id="1690065003" lat="24.6721951" lon="121.7050788"/>
  <node id="1690065007" lat="24.6724071" lon="121.7053605"/>
  <node id="1690065009" lat="24.6728093" lon="121.7057226"/>
  <node id="1690065012" lat="24.6734869" lon="121.7063355"/>
  <node id="13857994943" lat="24.6735431" lon="121.7063754"/>
  <node id="11158458264" lat="24.6735987" lon="121.7063959"/>
  <node id="1690065015" lat="24.6736439" lon="121.7064095"/>
  <node id="7158775989" lat="24.6735116" lon="121.6689649"/>
  <node id="7158775992" lat="24.6721281" lon="121.6637572"/>
  <node id="7158775993" lat="24.6760178" lon="121.6616860"/>
  <node id="1690065058" lat="24.6760262" lon="121.6616446"/>
  <node id="1690065060" lat="24.6761299" lon="121.6612143"/>
  <node id="1690065081" lat="24.6762113" lon="121.6609386"/>
  <node id="1690065083" lat="24.6763748" lon="121.6605158"/>
  <node id="1690065085" lat="24.6767235" lon="121.6597160"/>
  <node id="1690065088" lat="24.6768553" lon="121.6593859"/>
  <node id="9500652098" lat="24.6768942" lon="121.6592637"/>
  <node id="1690065090" lat="24.6769282" lon="121.6591113"/>
  <node id="1690065091" lat="24.6769548" lon="121.6589267"/>
  <node id="1690065095" lat="24.6769651" lon="121.6587026"/>
  <node id="1690065093" lat="24.6769668" lon="121.6583188"/>
  <node id="1690065100" lat="24.6769838" lon="121.6560797"/>
  <node id="1690065102" lat="24.6770349" lon="121.6548630"/>
  <node id="4430938351" lat="24.6717430" lon="121.6999652"/>
  <node id="4430938350" lat="24.6717003" lon="121.7004815"/>
  <node id="2255669379" lat="24.6718600" lon="121.7024114"/>
  <node id="2255669382" lat="24.6719477" lon="121.7025696"/>
  <node id="2255669384" lat="24.6720964" lon="121.7029129"/>
  <node id="4430938352" lat="24.6721208" lon="121.7030846"/>
  <node id="7158775995" lat="24.6722480" lon="121.6531194"/>
  <node id="7158775998" lat="24.6750132" lon="121.6755694"/>
  <node id="2268453863" lat="24.6757721" lon="121.6543198"/>
  <node id="7158907279" lat="24.6755841" lon="121.6441177"/>
  <node id="8435127670" lat="24.6705677" lon="121.6440842"/>
  <node id="9500942520" lat="24.6702452" lon="121.6443881"/>
  <node id="3707842220" lat="24.6701971" lon="121.6444605"/>
  <node id="4458314409" lat="24.6747653" lon="121.7145353"/>
  <node id="4458314410" lat="24.6747896" lon="121.7144441"/>
  <node id="3707842327" lat="24.6749091" lon="121.7143395"/>
  <node id="3707842343" lat="24.6754716" lon="121.7138121"/>
  <node id="7638516093" lat="24.6228826" lon="121.6850042"/>
  <node id="9311485887" lat="24.6230344" lon="121.6849800"/>
  <node id="13056093016" lat="24.6233806" lon="121.6847735"/>
  <node id="13056093015" lat="24.6235312" lon="121.6846494"/>
  <node id="7454825009" lat="24.6237016" lon="121.6845750"/>
  <node id="7454824861" lat="24.6236413" lon="121.6842510"/>
  <node id="7454821496" lat="24.6239004" lon="121.6838132"/>
  <node id="7454824801" lat="24.6239528" lon="121.6837160"/>
  <node id="13056093014" lat="24.6239896" lon="121.6836932"/>
  <node id="7454824936" lat="24.6240326" lon="121.6837019"/>
  <node id="13056093012" lat="24.6243273" lon="121.6838723"/>
  <node id="13056093013" lat="24.6244858" lon="121.6839212"/>
  <node id="7454825103" lat="24.6248452" lon="121.6841331"/>
  <node id="7454821525" lat="24.6249983" lon="121.6842571"/>
  <node id="13056093011" lat="24.6251033" lon="121.6843048"/>
  <node id="7454824867" lat="24.6252732" lon="121.6843013"/>
  <node id="7454825010" lat="24.6253628" lon="121.6843328"/>
  <node id="7638516127" lat="24.6189969" lon="121.6823494"/>
  <node id="7454824828" lat="24.6194261" lon="121.6824191"/>
  <node id="7454824869" lat="24.6195821" lon="121.6825372"/>
  <node id="7638516128" lat="24.6196602" lon="121.6824998"/>
  <node id="7454824823" lat="24.6198065" lon="121.6824942"/>
  <node id="7454825108" lat="24.6199578" lon="121.6826123"/>
  <node id="7638516126" lat="24.6204600" lon="121.6828431"/>
  <node id="7454821500" lat="24.6208355" lon="121.6828912"/>
  <node id="7454825139" lat="24.6209234" lon="121.6829556"/>
  <node id="7454824906" lat="24.6208990" lon="121.6833257"/>
  <node id="7454825015" lat="24.6211964" lon="121.6833472"/>
  <node id="7454825021" lat="24.6212306" lon="121.6835993"/>
  <node id="7454824866" lat="24.6214793" lon="121.6837548"/>
  <node id="7638516129" lat="24.6216890" lon="121.6838194"/>
  <node id="7638516109" lat="24.6218707" lon="121.6842002"/>
  <node id="7638516108" lat="24.6219439" lon="121.6841197"/>
  <node id="7638516107" lat="24.6219682" lon="121.6839319"/>
  <node id="7638516106" lat="24.6220658" lon="121.6838676"/>
  <node id="7638516105" lat="24.6221487" lon="121.6839749"/>
  <node id="7638516104" lat="24.6221194" lon="121.6842914"/>
  <node id="7638516103" lat="24.6221584" lon="121.6844255"/>
  <node id="7638516102" lat="24.6223437" lon="121.6844201"/>
  <node id="7638516101" lat="24.6223681" lon="121.6842860"/>
  <node id="7638516100" lat="24.6226266" lon="121.6841626"/>
  <node id="7638516099" lat="24.6228655" lon="121.6840714"/>
  <node id="7638516098" lat="24.6229094" lon="121.6841572"/>
  <node id="7638516097" lat="24.6226997" lon="121.6843443"/>
  <node id="7638516096" lat="24.6226022" lon="121.6844362"/>
  <node id="7638516095" lat="24.6225973" lon="121.6846937"/>
  <node id="7638516094" lat="24.6226900" lon="121.6848975"/>
  <node id="7638516087" lat="24.6253557" lon="121.6818667"/>
  <node id="7638516088" lat="24.6252938" lon="121.6820380"/>
  <node id="13056093010" lat="24.6252282" lon="121.6821386"/>
  <node id="7638516089" lat="24.6251508" lon="121.6822260"/>
  <node id="13056093009" lat="24.6250314" lon="121.6823498"/>
  <node id="7638516090" lat="24.6249966" lon="121.6824138"/>
  <node id="13056093008" lat="24.6249923" lon="121.6824990"/>
  <node id="7638516091" lat="24.6250511" lon="121.6827132"/>
  <node id="7638516092" lat="24.6250673" lon="121.6829962"/>
  <node id="13056093007" lat="24.6250890" lon="121.6830639"/>
  <node id="7454825093" lat="24.6251485" lon="121.6831378"/>
  <node id="13056093006" lat="24.6251786" lon="121.6831907"/>
  <node id="13056093005" lat="24.6251780" lon="121.6832490"/>
  <node id="7454821493" lat="24.6251534" lon="121.6832842"/>
  <node id="7454824841" lat="24.6250422" lon="121.6833173"/>
  <node id="13056093004" lat="24.6250036" lon="121.6833482"/>
  <node id="7454824856" lat="24.6249831" lon="121.6833889"/>
  <node id="13056093003" lat="24.6249905" lon="121.6834367"/>
  <node id="13056093002" lat="24.6250103" lon="121.6834743"/>
  <node id="7454821554" lat="24.6250506" lon="121.6834987"/>
  <node id="13056093001" lat="24.6251460" lon="121.6835239"/>
  <node id="7454821488" lat="24.6251793" lon="121.6835669"/>
  <node id="13056093000" lat="24.6251810" lon="121.6836235"/>
  <node id="13056092999" lat="24.6251514" lon="121.6837154"/>
  <node id="13056092998" lat="24.6251460" lon="121.6837871"/>
  <node id="7454824975" lat="24.6251786" lon="121.6838536"/>
  <node id="7454824896" lat="24.6252776" lon="121.6839325"/>
  <node id="13056092997" lat="24.6253526" lon="121.6839672"/>
  <node id="7454824959" lat="24.6254914" lon="121.6839726"/>
  <node id="7645360289" lat="24.6256402" lon="121.6840398"/>
  <node id="13056092996" lat="24.6256476" lon="121.6841076"/>
  <node id="7454824851" lat="24.6255649" lon="121.6842386"/>
  <node id="13056092995" lat="24.6254745" lon="121.6842873"/>
  <node id="13056092994" lat="24.6253447" lon="121.6843812"/>
  <node id="13056092993" lat="24.6253057" lon="121.6844074"/>
  <node id="13056092992" lat="24.6251764" lon="121.6844161"/>
  <node id="13056092991" lat="24.6251350" lon="121.6844369"/>
  <node id="13056092990" lat="24.6250698" lon="121.6845012"/>
  <node id="13056092989" lat="24.6249241" lon="121.6845603"/>
  <node id="13056092988" lat="24.6248211" lon="121.6846501"/>
  <node id="13056092987" lat="24.6247260" lon="121.6846541"/>
  <node id="13056092986" lat="24.6246705" lon="121.6846877"/>
  <node id="13056092985" lat="24.6246315" lon="121.6847467"/>
  <node id="13056092984" lat="24.6246614" lon="121.6848305"/>
  <node id="7561124294" lat="24.6690557" lon="121.6948567"/>
  <node id="7561124295" lat="24.6695213" lon="121.6944383"/>
  <node id="7561124296" lat="24.6699089" lon="121.6940789"/>
  <node id="7561124297" lat="24.6700478" lon="121.6938590"/>
  <node id="7561124298" lat="24.6700941" lon="121.6937275"/>
  <node id="7561124299" lat="24.6701428" lon="121.6934995"/>
  <node id="7561124300" lat="24.6701599" lon="121.6932367"/>
  <node id="7561124301" lat="24.6701697" lon="121.6927324"/>
  <node id="7561124302" lat="24.6701550" lon="121.6925340"/>
  <node id="7561124303" lat="24.6700990" lon="121.6923838"/>
  <node id="7561124304" lat="24.6700258" lon="121.6923006"/>
  <node id="7561124305" lat="24.6699649" lon="121.6921826"/>
  <node id="7561124306" lat="24.6699674" lon="121.6921531"/>
  <node id="7561124307" lat="24.6700137" lon="121.6921263"/>
  <node id="7561124308" lat="24.6701794" lon="121.6920109"/>
  <node id="7561124309" lat="24.6701867" lon="121.6919412"/>
  <node id="7561124310" lat="24.6701770" lon="121.6917883"/>
  <node id="7561124311" lat="24.6701526" lon="121.6916220"/>
  <node id="7561124312" lat="24.6699893" lon="121.6905947"/>
  <node id="7561124313" lat="24.6699089" lon="121.6901441"/>
  <node id="7561124314" lat="24.6698918" lon="121.6897096"/>
  <node id="7561124315" lat="24.6699015" lon="121.6891597"/>
  <node id="7561124316" lat="24.6699040" lon="121.6889398"/>
  <node id="7561124317" lat="24.6699381" lon="121.6881324"/>
  <node id="7561124318" lat="24.6699381" lon="121.6877194"/>
  <node id="7561124319" lat="24.6699479" lon="121.6868021"/>
  <node id="7561124320" lat="24.6699405" lon="121.6862576"/>
  <node id="7561124321" lat="24.6698918" lon="121.6858606"/>
  <node id="7561124322" lat="24.6698187" lon="121.6853430"/>
  <node id="7561124323" lat="24.6697577" lon="121.6848038"/>
  <node id="7561124324" lat="24.6695481" lon="121.6830148"/>
  <node id="7561124325" lat="24.6694482" lon="121.6821538"/>
  <node id="7561124326" lat="24.6693678" lon="121.6814564"/>
  <node id="7561124327" lat="24.6693629" lon="121.6811024"/>
  <node id="7561124328" lat="24.6694019" lon="121.6801421"/>
  <node id="7561124329" lat="24.6694141" lon="121.6799383"/>
  <node id="7561124330" lat="24.6695042" lon="121.6795628"/>
  <node id="7561124331" lat="24.6695530" lon="121.6791605"/>
  <node id="7561124332" lat="24.6698357" lon="121.6775592"/>
  <node id="7561124333" lat="24.6699771" lon="121.6765963"/>
  <node id="7561124334" lat="24.6700405" lon="121.6761027"/>
  <node id="7561124335" lat="24.6700824" lon="121.6756576"/>
  <node id="7701090368" lat="24.6652606" lon="121.6810513"/>
  <node id="7701090369" lat="24.6652362" lon="121.6808529"/>
  <node id="7701090376" lat="24.6697859" lon="121.6940567"/>
  <node id="7701090375" lat="24.6699511" lon="121.6937033"/>
  <node id="7701090371" lat="24.6699892" lon="121.6930836"/>
  <node id="7701090372" lat="24.6698820" lon="121.6930032"/>
  <node id="7701090373" lat="24.6695944" lon="121.6928422"/>
  <node id="7701090377" lat="24.6666436" lon="121.7067682"/>
  <node id="7701090378" lat="24.6662243" lon="121.7068862"/>
  <node id="7701090379" lat="24.6661171" lon="121.7068004"/>
  <node id="7701090380" lat="24.6660391" lon="121.7066663"/>
  <node id="7701090381" lat="24.6659952" lon="121.7065107"/>
  <node id="7701090382" lat="24.6659611" lon="121.7058134"/>
  <node id="7701090383" lat="24.6659806" lon="121.7057168"/>
  <node id="7701090384" lat="24.6660049" lon="121.7056739"/>
  <node id="7701090385" lat="24.6660683" lon="121.7056364"/>
  <node id="7701090386" lat="24.6663413" lon="121.7055505"/>
  <node id="7701090387" lat="24.6667996" lon="121.7053735"/>
  <node id="7701090388" lat="24.6669653" lon="121.7053306"/>
  <node id="7701090389" lat="24.6670287" lon="121.7053681"/>
  <node id="7701090390" lat="24.6671749" lon="121.7055237"/>
  <node id="7701090391" lat="24.6672334" lon="121.7055237"/>
  <node id="7701090392" lat="24.6673992" lon="121.7054379"/>
  <node id="7701090393" lat="24.6675113" lon="121.7054379"/>
  <node id="7701090394" lat="24.6681304" lon="121.7056659"/>
  <node id="7701090401" lat="24.6667496" lon="121.7079202"/>
  <node id="7701090403" lat="24.6666533" lon="121.7079054"/>
  <node id="7701090404" lat="24.6664388" lon="121.7078303"/>
  <node id="7701090405" lat="24.6662438" lon="121.7077338"/>
  <node id="11158458215" lat="24.6669291" lon="121.7079833"/>
  <node id="7701090413" lat="24.6654614" lon="121.7088200"/>
  <node id="7701090414" lat="24.6654541" lon="121.7088978"/>
  <node id="7701090416" lat="24.6657880" lon="121.7088468"/>
  <node id="7701090418" lat="24.6661146" lon="121.7088736"/>
  <node id="7701090419" lat="24.6653858" lon="121.7083408"/>
  <node id="7701090420" lat="24.6652077" lon="121.7081791"/>
  <node id="7701090422" lat="24.6664778" lon="121.7089675"/>
  <node id="10308446894" lat="24.6666149" lon="121.7085105"/>
  <node id="7701090423" lat="24.6664924" lon="121.7085277"/>
  <node id="7701090424" lat="24.6668776" lon="121.7067682"/>
  <node id="7701090425" lat="24.6670359" lon="121.7066958"/>
  <node id="7701090426" lat="24.6672163" lon="121.7067387"/>
  <node id="7701090427" lat="24.6668483" lon="121.7069184"/>
  <node id="7701090428" lat="24.6667313" lon="121.7068862"/>
  <node id="11158458217" lat="24.6681546" lon="121.7090869"/>
  <node id="7701090429" lat="24.6680746" lon="121.7086780"/>
  <node id="7760318721" lat="24.6615946" lon="121.6404716"/>
  <node id="3707841690" lat="24.6615991" lon="121.6404738"/>
  <node id="3707841705" lat="24.6619050" lon="121.6405965"/>
  <node id="7861815452" lat="24.6340423" lon="121.7047808"/>
  <node id="7861815451" lat="24.6340325" lon="121.7051563"/>
  <node id="7861815450" lat="24.6340057" lon="121.7053708"/>
  <node id="7861815449" lat="24.6339911" lon="121.7057142"/>
  <node id="7861815448" lat="24.6338741" lon="121.7057705"/>
  <node id="7861815447" lat="24.6337131" lon="121.7057732"/>
  <node id="7861815446" lat="24.6335571" lon="121.7057329"/>
  <node id="7861815445" lat="24.6331231" lon="121.7058697"/>
  <node id="7861815444" lat="24.6325745" lon="121.7060468"/>
  <node id="7861815443" lat="24.6310775" lon="121.7064732"/>
  <node id="7861815442" lat="24.6300511" lon="121.7066744"/>
  <node id="7861815441" lat="24.6292513" lon="121.7068648"/>
  <node id="7861815440" lat="24.6290490" lon="121.7056096"/>
  <node id="7861815456" lat="24.6359879" lon="121.7089972"/>
  <node id="4430922772" lat="24.6353735" lon="121.7082328"/>
  <node id="4430922762" lat="24.6349346" lon="121.7079082"/>
  <node id="4430922757" lat="24.6347323" lon="121.7078653"/>
  <node id="4430922751" lat="24.6344519" lon="121.7077768"/>
  <node id="4430922746" lat="24.6341715" lon="121.7076534"/>
  <node id="4430922742" lat="24.6332133" lon="121.7076695"/>
  <node id="3125135181" lat="24.6327001" lon="121.7119624"/>
  <node id="4430922740" lat="24.6329122" lon="121.7117465"/>
  <node id="7861815458" lat="24.6339521" lon="121.7112073"/>
  <node id="7861815457" lat="24.6349566" lon="121.7102122"/>
  <node id="3210375963" lat="24.6413802" lon="121.7220708"/>
  <node id="9500029615" lat="24.6689278" lon="121.6645892"/>
  <node id="7918293864" lat="24.6687500" lon="121.6642419"/>
  <node id="9500029616" lat="24.6686755" lon="121.6641238"/>
  <node id="9500049817" lat="24.6685719" lon="121.6640179"/>
  <node id="9500049818" lat="24.6684281" lon="121.6639361"/>
  <node id="7918293865" lat="24.6655530" lon="121.6649849"/>
  <node id="7918293866" lat="24.6660015" lon="121.6649634"/>
  <node id="7918293867" lat="24.6664304" lon="121.6649098"/>
  <node id="7918293869" lat="24.6655323" lon="121.6564672"/>
  <node id="7918293871" lat="24.6643148" lon="121.6502097"/>
  <node id="7918293870" lat="24.6643490" lon="121.6505168"/>
  <node id="4430915525" lat="24.6628220" lon="121.6465737"/>
  <node id="7918293872" lat="24.6628477" lon="121.6464778"/>
  <node id="7918293873" lat="24.6628720" lon="121.6462633"/>
  <node id="7918293875" lat="24.6609097" lon="121.6518191"/>
  <node id="13866442681" lat="24.6609091" lon="121.6517703"/>
  <node id="7918293876" lat="24.6609019" lon="121.6512240"/>
  <node id="7918293879" lat="24.6530171" lon="121.6609311"/>
  <node id="7918293880" lat="24.6530349" lon="121.6610455"/>
  <node id="9706774924" lat="24.6531268" lon="121.6611412"/>
  <node id="7918293881" lat="24.6532771" lon="121.6611010"/>
  <node id="7918293882" lat="24.6534136" lon="121.6611493"/>
  <node id="7918293883" lat="24.6534526" lon="121.6611922"/>
  <node id="7918293884" lat="24.6534428" lon="121.6612780"/>
  <node id="7918338285" lat="24.6533892" lon="121.6613263"/>
  <node id="7918338286" lat="24.6533063" lon="121.6613638"/>
  <node id="7918338287" lat="24.6527472" lon="121.6615873"/>
  <node id="7918338288" lat="24.6526595" lon="121.6616822"/>
  <node id="7918338289" lat="24.6526254" lon="121.6617912"/>
  <node id="7918338290" lat="24.6526075" lon="121.6619074"/>
  <node id="7918338291" lat="24.6525522" lon="121.6620791"/>
  <node id="7918338292" lat="24.6524953" lon="121.6622804"/>
  <node id="9706774928" lat="24.6524855" lon="121.6624006"/>
  <node id="9706774929" lat="24.6525619" lon="121.6624821"/>
  <node id="7918338293" lat="24.6526708" lon="121.6625637"/>
  <node id="7918338294" lat="24.6528781" lon="121.6628077"/>
  <node id="7918338295" lat="24.6530741" lon="121.6629129"/>
  <node id="7918338296" lat="24.6532916" lon="121.6629678"/>
  <node id="9706774930" lat="24.6534103" lon="121.6630572"/>
  <node id="7918338297" lat="24.6534965" lon="121.6631824"/>
  <node id="7918338298" lat="24.6535403" lon="121.6635525"/>
  <node id="7918338299" lat="24.6535062" lon="121.6636437"/>
  <node id="7918338300" lat="24.6534477" lon="121.6637027"/>
  <node id="7918338301" lat="24.6533242" lon="121.6637975"/>
  <node id="7918338302" lat="24.6532559" lon="121.6637779"/>
  <node id="7918338303" lat="24.6529943" lon="121.6636491"/>
  <node id="7918338304" lat="24.6529309" lon="121.6636491"/>
  <node id="7918338305" lat="24.6527895" lon="121.6637081"/>
  <node id="7918338306" lat="24.6526774" lon="121.6637081"/>
  <node id="7918338307" lat="24.6525165" lon="121.6636437"/>
  <node id="7918338308" lat="24.6521947" lon="121.6634559"/>
  <node id="7918338309" lat="24.6521053" lon="121.6634827"/>
  <node id="7918338310" lat="24.6520501" lon="121.6635222"/>
  <node id="7918338311" lat="24.6520224" lon="121.6635955"/>
  <node id="7918338312" lat="24.6519850" lon="121.6636651"/>
  <node id="7918338313" lat="24.6519087" lon="121.6638404"/>
  <node id="7918338314" lat="24.6518340" lon="121.6639298"/>
  <node id="7918338315" lat="24.6516730" lon="121.6639441"/>
  <node id="7918338316" lat="24.6515511" lon="121.6639709"/>
  <node id="7918338317" lat="24.6513561" lon="121.6639709"/>
  <node id="7918338318" lat="24.6511172" lon="121.6640765"/>
  <node id="7918338319" lat="24.6510522" lon="121.6641104"/>
  <node id="7918338320" lat="24.6508686" lon="121.6643142"/>
  <node id="7918338321" lat="24.6507857" lon="121.6643965"/>
  <node id="7918338322" lat="24.6507028" lon="121.6644001"/>
  <node id="7918338323" lat="24.6506703" lon="121.6643178"/>
  <node id="7918338324" lat="24.6507060" lon="121.6642105"/>
  <node id="7918338325" lat="24.6507743" lon="121.6641194"/>
  <node id="7918338326" lat="24.6508685" lon="121.6639834"/>
  <node id="7918338327" lat="24.6510181" lon="121.6637653"/>
  <node id="7918338328" lat="24.6510604" lon="121.6636383"/>
  <node id="7918338329" lat="24.6510847" lon="121.6634738"/>
  <node id="9706774932" lat="24.6510270" lon="121.6632700"/>
  <node id="7918338330" lat="24.6509465" lon="121.6630805"/>
  <node id="9706774931" lat="24.6506800" lon="121.6626450"/>
  <node id="7918338331" lat="24.6504054" lon="121.6622382"/>
  <node id="7918338332" lat="24.6499114" lon="121.6614174"/>
  <node id="9706774933" lat="24.6496782" lon="121.6609329"/>
  <node id="7918338333" lat="24.6494807" lon="121.6606128"/>
  <node id="7918338334" lat="24.6493425" lon="121.6602838"/>
  <node id="7918338335" lat="24.6492889" lon="121.6601086"/>
  <node id="7918338336" lat="24.6491979" lon="121.6597581"/>
  <node id="9706774934" lat="24.6491605" lon="121.6596222"/>
  <node id="7918338337" lat="24.6491801" lon="121.6594792"/>
  <node id="9706774935" lat="24.6492670" lon="121.6592386"/>
  <node id="9706774936" lat="24.6492698" lon="121.6590880"/>
  <node id="7918338338" lat="24.6492922" lon="121.6589963"/>
  <node id="9706774938" lat="24.6492524" lon="121.6589328"/>
  <node id="9706774937" lat="24.6492210" lon="121.6588536"/>
  <node id="7918338339" lat="24.6490744" lon="121.6588240"/>
  <node id="7918338340" lat="24.6489710" lon="121.6588340"/>
  <node id="7918338341" lat="24.6488814" lon="121.6588168"/>
  <node id="5628715742" lat="24.6488330" lon="121.6587536"/>
  <node id="11405754684" lat="24.6487211" lon="121.6587193"/>
  <node id="11405754685" lat="24.6485670" lon="121.6587537"/>
  <node id="11405754686" lat="24.6484227" lon="121.6588695"/>
  <node id="11405754687" lat="24.6483584" lon="121.6589875"/>
  <node id="11405754688" lat="24.6484637" lon="121.6590862"/>
  <node id="11405754689" lat="24.6485943" lon="121.6591292"/>
  <node id="11405754690" lat="24.6486899" lon="121.6591742"/>
  <node id="11405754691" lat="24.6487211" lon="121.6593394"/>
  <node id="11405754692" lat="24.6488537" lon="121.6600905"/>
  <node id="11405754693" lat="24.6489590" lon="121.6602729"/>
  <node id="11405754694" lat="24.6489846" lon="121.6605261"/>
  <node id="11405754695" lat="24.6491237" lon="121.6607609"/>
  <node id="11405754696" lat="24.6492536" lon="121.6609395"/>
  <node id="11405754697" lat="24.6493649" lon="121.6611845"/>
  <node id="11405754698" lat="24.6493742" lon="121.6614856"/>
  <node id="11405754699" lat="24.6493000" lon="121.6616897"/>
  <node id="11405754700" lat="24.6492026" lon="121.6618224"/>
  <node id="11405754701" lat="24.6490680" lon="121.6618990"/>
  <node id="11405754702" lat="24.6489474" lon="121.6618888"/>
  <node id="11405754703" lat="24.6488593" lon="121.6617510"/>
  <node id="11405754704" lat="24.6487712" lon="121.6614856"/>
  <node id="9706774926" lat="24.6530479" lon="121.6608068"/>
  <node id="9706774925" lat="24.6531373" lon="121.6607040"/>
  <node id="7918338342" lat="24.6533096" lon="121.6605127"/>
  <node id="7918338343" lat="24.6533908" lon="121.6604608"/>
  <node id="7918338344" lat="24.6537939" lon="121.6603392"/>
  <node id="7918338345" lat="24.6539239" lon="121.6602945"/>
  <node id="7918338346" lat="24.6539872" lon="121.6602176"/>
  <node id="7918338347" lat="24.6539889" lon="121.6601193"/>
  <node id="7918338348" lat="24.6538475" lon="121.6597438"/>
  <node id="7918338349" lat="24.6538589" lon="121.6595757"/>
  <node id="9706774927" lat="24.6539629" lon="121.6591716"/>
  <node id="7918338350" lat="24.6539336" lon="121.6589140"/>
  <node id="7918338351" lat="24.6540181" lon="121.6585368"/>
  <node id="7918338352" lat="24.6540913" lon="121.6580379"/>
  <node id="7918338353" lat="24.6542083" lon="121.6578501"/>
  <node id="7918338354" lat="24.6544390" lon="121.6577124"/>
  <node id="9706768815" lat="24.6545089" lon="121.6577706"/>
  <node id="9706774923" lat="24.6545670" lon="121.6579621"/>
  <node id="9706774922" lat="24.6546479" lon="121.6581322"/>
  <node id="7918338355" lat="24.6547479" lon="121.6583616"/>
  <node id="9706774921" lat="24.6548104" lon="121.6586968"/>
  <node id="7918338356" lat="24.6547592" lon="121.6589355"/>
  <node id="7918338357" lat="24.6546991" lon="121.6591000"/>
  <node id="7918338358" lat="24.6546097" lon="121.6591948"/>
  <node id="7918338359" lat="24.6544992" lon="121.6592752"/>
  <node id="7918338360" lat="24.6544585" lon="121.6593307"/>
  <node id="7918338361" lat="24.6544358" lon="121.6593825"/>
  <node id="7918338362" lat="24.6544569" lon="121.6594327"/>
  <node id="7918338363" lat="24.6545317" lon="121.6594684"/>
  <node id="7918338364" lat="24.6546259" lon="121.6594362"/>
  <node id="7918338365" lat="24.6548388" lon="121.6593038"/>
  <node id="7918338366" lat="24.6549120" lon="121.6592306"/>
  <node id="7918338367" lat="24.6549786" lon="121.6590929"/>
  <node id="7918338368" lat="24.6550062" lon="121.6589445"/>
  <node id="9706774917" lat="24.6550013" lon="121.6587653"/>
  <node id="9706768816" lat="24.6550615" lon="121.6585860"/>
  <node id="7918338369" lat="24.6550452" lon="121.6582453"/>
  <node id="7918338370" lat="24.6551687" lon="121.6578894"/>
  <node id="7918338387" lat="24.6552434" lon="121.6576050"/>
  <node id="7918338386" lat="24.6553159" lon="121.6572480"/>
  <node id="9706774918" lat="24.6551080" lon="121.6569671"/>
  <node id="7918338385" lat="24.6548806" lon="121.6567148"/>
  <node id="9706774919" lat="24.6547750" lon="121.6567389"/>
  <node id="7918338384" lat="24.6546824" lon="121.6567702"/>
  <node id="9706774920" lat="24.6542795" lon="121.6569508"/>
  <node id="7918338383" lat="24.6539676" lon="121.6570170"/>
  <node id="7918338382" lat="24.6537077" lon="121.6571457"/>
  <node id="7918338381" lat="24.6535680" lon="121.6572708"/>
  <node id="7918338380" lat="24.6534771" lon="121.6575408"/>
  <node id="9706768814" lat="24.6533999" lon="121.6576105"/>
  <node id="7918338379" lat="24.6533292" lon="121.6575730"/>
  <node id="7918338378" lat="24.6533958" lon="121.6573244"/>
  <node id="7918338377" lat="24.6535030" lon="121.6570616"/>
  <node id="7918338376" lat="24.6536021" lon="121.6569811"/>
  <node id="7918338375" lat="24.6537612" lon="121.6568900"/>
  <node id="7918338374" lat="24.6538767" lon="121.6568614"/>
  <node id="7918338373" lat="24.6539855" lon="121.6567505"/>
  <node id="7918338372" lat="24.6540830" lon="121.6566254"/>
  <node id="7918338371" lat="24.6542406" lon="121.6565003"/>
  <node id="7918338403" lat="24.6544091" lon="121.6563487"/>
  <node id="7918338388" lat="24.6545427" lon="121.6562303"/>
  <node id="7918338389" lat="24.6546175" lon="121.6560194"/>
  <node id="7918338390" lat="24.6546662" lon="121.6558674"/>
  <node id="7918338391" lat="24.6547767" lon="121.6558156"/>
  <node id="7918338392" lat="24.6549261" lon="121.6557655"/>
  <node id="7918338393" lat="24.6551178" lon="121.6556492"/>
  <node id="7918338394" lat="24.6551682" lon="121.6554526"/>
  <node id="7918338395" lat="24.6551698" lon="121.6552917"/>
  <node id="7918338396" lat="24.6551194" lon="121.6551308"/>
  <node id="7918338397" lat="24.6550950" lon="121.6549592"/>
  <node id="7918338398" lat="24.6551048" lon="121.6548197"/>
  <node id="7918338399" lat="24.6551389" lon="121.6547017"/>
  <node id="7918338400" lat="24.6552217" lon="121.6545515"/>
  <node id="9706768813" lat="24.6553432" lon="121.6543800"/>
  <node id="7918338401" lat="24.6555558" lon="121.6543658"/>
  <node id="7918338404" lat="24.6558456" lon="121.6545159"/>
  <node id="9706768812" lat="24.6560905" lon="121.6544245"/>
  <node id="7918338405" lat="24.6563289" lon="121.6541830"/>
  <node id="9706768811" lat="24.6564571" lon="121.6542570"/>
  <node id="7918338406" lat="24.6565594" lon="121.6543740"/>
  <node id="7918338402" lat="24.6567816" lon="121.6543120"/>
  <node id="9706768809" lat="24.6568496" lon="121.6542256"/>
  <node id="7918338407" lat="24.6568720" lon="121.6540677"/>
  <node id="9706768810" lat="24.6567821" lon="121.6539757"/>
  <node id="7918338408" lat="24.6564647" lon="121.6540124"/>
  <node id="7918338409" lat="24.6560919" lon="121.6540349"/>
  <node id="7918338410" lat="24.6557569" lon="121.6541736"/>
  <node id="7918338411" lat="24.6554870" lon="121.6541466"/>
  <node id="7918338412" lat="24.6552499" lon="121.6540836"/>
  <node id="7918338413" lat="24.6550388" lon="121.6542651"/>
  <node id="9706768795" lat="24.6549376" lon="121.6544021"/>
  <node id="7918338414" lat="24.6548820" lon="121.6545891"/>
  <node id="9706768794" lat="24.6548586" lon="121.6547395"/>
  <node id="9706768791" lat="24.6548059" lon="121.6548505"/>
  <node id="9706768793" lat="24.6547581" lon="121.6548453"/>
  <node id="7918338415" lat="24.6547200" lon="121.6547972"/>
  <node id="9706768792" lat="24.6547069" lon="121.6547261"/>
  <node id="9706768784" lat="24.6547197" lon="121.6546407"/>
  <node id="7918338416" lat="24.6547635" lon="121.6545243"/>
  <node id="7918338417" lat="24.6548551" lon="121.6543154"/>
  <node id="7918338418" lat="24.6552908" lon="121.6539448"/>
  <node id="7918338419" lat="24.6554404" lon="121.6539174"/>
  <node id="7918338420" lat="24.6556208" lon="121.6539173"/>
  <node id="7918338421" lat="24.6558299" lon="121.6538490"/>
  <node id="7918338422" lat="24.6560327" lon="121.6536962"/>
  <node id="7918338423" lat="24.6564504" lon="121.6537249"/>
  <node id="7918338424" lat="24.6566016" lon="121.6537356"/>
  <node id="7918338425" lat="24.6566942" lon="121.6537141"/>
  <node id="7918338426" lat="24.6567576" lon="121.6536712"/>
  <node id="7918338427" lat="24.6568843" lon="121.6534942"/>
  <node id="7918338428" lat="24.6569429" lon="121.6534406"/>
  <node id="7918338429" lat="24.6570501" lon="121.6533923"/>
  <node id="7918338430" lat="24.6572890" lon="121.6533225"/>
  <node id="7918338434" lat="24.6791292" lon="121.6942210"/>
  <node id="7918338435" lat="24.6791389" lon="121.6948057"/>
  <node id="7918338436" lat="24.6791828" lon="121.6948540"/>
  <node id="7918338437" lat="24.6794265" lon="121.6948540"/>
  <node id="7918338448" lat="24.6805231" lon="121.6963880"/>
  <node id="7918338447" lat="24.6805378" lon="121.6962700"/>
  <node id="7918338446" lat="24.6803550" lon="121.6961852"/>
  <node id="7918338445" lat="24.6802362" lon="121.6957797"/>
  <node id="7918338444" lat="24.6798116" lon="121.6956425"/>
  <node id="7918338443" lat="24.6798213" lon="121.6954816"/>
  <node id="7918338442" lat="24.6798262" lon="121.6953207"/>
  <node id="7918338441" lat="24.6798213" lon="121.6952563"/>
  <node id="7918338440" lat="24.6798067" lon="121.6952509"/>
  <node id="7918338439" lat="24.6797726" lon="121.6952402"/>
  <node id="7918338449" lat="24.6629178" lon="121.7030855"/>
  <node id="7918338450" lat="24.6628918" lon="121.7029245"/>
  <node id="7918338451" lat="24.6629471" lon="121.7023612"/>
  <node id="7918338452" lat="24.6629828" lon="121.7021180"/>
  <node id="7918338453" lat="24.6629926" lon="121.7020644"/>
  <node id="7918338454" lat="24.6629926" lon="121.7020376"/>
  <node id="7918338455" lat="24.6629877" lon="121.7020107"/>
  <node id="7918338456" lat="24.6629731" lon="121.7019785"/>
  <node id="7918338457" lat="24.6629487" lon="121.7019517"/>
  <node id="7918338458" lat="24.6627342" lon="121.7017854"/>
  <node id="7918338459" lat="24.6626757" lon="121.7017371"/>
  <node id="7918338460" lat="24.6626513" lon="121.7016996"/>
  <node id="7918338461" lat="24.6626366" lon="121.7016674"/>
  <node id="7918338462" lat="24.6626366" lon="121.7016352"/>
  <node id="7918338463" lat="24.6626659" lon="121.7015708"/>
  <node id="7918338464" lat="24.6627342" lon="121.7014743"/>
  <node id="7918338465" lat="24.6627780" lon="121.7013991"/>
  <node id="7918338466" lat="24.6627829" lon="121.7013670"/>
  <node id="7918338467" lat="24.6627780" lon="121.7013294"/>
  <node id="7918338468" lat="24.6627439" lon="121.7012972"/>
  <node id="7918338469" lat="24.6626610" lon="121.7012328"/>
  <node id="7918338470" lat="24.6624123" lon="121.7010880"/>
  <node id="7918338471" lat="24.6621832" lon="121.7009539"/>
  <node id="7918338472" lat="24.6620433" lon="121.7009235"/>
  <node id="7918338473" lat="24.6619036" lon="121.7008394"/>
  <node id="7918338474" lat="24.6618272" lon="121.7006588"/>
  <node id="7918338475" lat="24.6617492" lon="121.7005086"/>
  <node id="9610395448" lat="24.6617061" lon="121.7004594"/>
  <node id="7918338478" lat="24.6636363" lon="121.7092520"/>
  <node id="7918338479" lat="24.6635924" lon="121.7090428"/>
  <node id="7918338480" lat="24.6634363" lon="121.7085386"/>
  <node id="7918338481" lat="24.6634022" lon="121.7083348"/>
  <node id="7918338482" lat="24.6634071" lon="121.7082811"/>
  <node id="7918338483" lat="24.6633388" lon="121.7080665"/>
  <node id="7918338484" lat="24.6632754" lon="121.7077501"/>
  <node id="7918338485" lat="24.6630316" lon="121.7070366"/>
  <node id="7918338486" lat="24.6630024" lon="121.7068006"/>
  <node id="7918338487" lat="24.6629487" lon="121.7066289"/>
  <node id="7918338488" lat="24.6628171" lon="121.7064358"/>
  <node id="7918338489" lat="24.6626513" lon="121.7062856"/>
  <node id="7918338491" lat="24.6612616" lon="121.7057331"/>
  <node id="7918338492" lat="24.6623636" lon="121.7070366"/>
  <node id="7918338493" lat="24.6620251" lon="121.7080499"/>
  <node id="7918338494" lat="24.6616209" lon="121.7081807"/>
  <node id="7918338496" lat="24.6624807" lon="121.7100028"/>
  <node id="7918338499" lat="24.6624417" lon="121.7103193"/>
  <node id="7918338500" lat="24.6603995" lon="121.7110220"/>
  <node id="7918338501" lat="24.6604190" lon="121.7107431"/>
  <node id="7918338503" lat="24.6594101" lon="121.7093806"/>
  <node id="7918338504" lat="24.6593419" lon="121.7099892"/>
  <node id="7918338509" lat="24.6502847" lon="121.7122476"/>
  <node id="7918338510" lat="24.6501774" lon="121.7122584"/>
  <node id="7918338511" lat="24.6498702" lon="121.7123013"/>
  <node id="7918338512" lat="24.6486023" lon="121.7123817"/>
  <node id="994345775" lat="24.6404333" lon="121.7077510"/>
  <node id="7918338515" lat="24.6381383" lon="121.7105985"/>
  <node id="7918338516" lat="24.6381140" lon="121.7108077"/>
  <node id="7918338517" lat="24.6381725" lon="121.7111778"/>
  <node id="7918338518" lat="24.6380993" lon="121.7114997"/>
  <node id="7918338519" lat="24.6380116" lon="121.7116123"/>
  <node id="7918338520" lat="24.6378019" lon="121.7118215"/>
  <node id="7918338532" lat="24.6309645" lon="121.7188561"/>
  <node id="7918338531" lat="24.6308927" lon="121.7188817"/>
  <node id="7918338523" lat="24.6301266" lon="121.7191548"/>
  <node id="7918338524" lat="24.6300875" lon="121.7191816"/>
  <node id="7918338525" lat="24.6300534" lon="121.7192406"/>
  <node id="7918338526" lat="24.6301217" lon="121.7195839"/>
  <node id="8012004979" lat="24.6734288" lon="121.6940021"/>
  <node id="8012004980" lat="24.6731437" lon="121.6939086"/>
  <node id="8012004982" lat="24.6749301" lon="121.6941708"/>
  <node id="8012004983" lat="24.6748164" lon="121.6940957"/>
  <node id="8012024185" lat="24.6751739" lon="121.6927832"/>
  <node id="8012024187" lat="24.6750374" lon="121.6917139"/>
  <node id="8012024188" lat="24.6748586" lon="121.6917926"/>
  <node id="2083234340" lat="24.6570115" lon="121.6973098"/>
  <node id="2083234338" lat="24.6568067" lon="121.6972602"/>
  <node id="2083234336" lat="24.6566568" lon="121.6972146"/>
  <node id="2083234335" lat="24.6566855" lon="121.6971147"/>
  <node id="2083234334" lat="24.6568019" lon="121.6971194"/>
  <node id="2083234332" lat="24.6569042" lon="121.6971368"/>
  <node id="2083234326" lat="24.6571072" lon="121.6969967"/>
  <node id="2083234339" lat="24.6572236" lon="121.6969021"/>
  <node id="2083234516" lat="24.6573333" lon="121.6967171"/>
  <node id="2083234268" lat="24.6574027" lon="121.6965239"/>
  <node id="11715725435" lat="24.6575370" lon="121.6962244"/>
  <node id="2083234440" lat="24.6575774" lon="121.6961344"/>
  <node id="2083234437" lat="24.6576466" lon="121.6958457"/>
  <node id="2083234410" lat="24.6576392" lon="121.6955627"/>
  <node id="8886908308" lat="24.6544344" lon="121.6899467"/>
  <node id="8886908291" lat="24.6544323" lon="121.6900425"/>
  <node id="8886908292" lat="24.6544202" lon="121.6901662"/>
  <node id="8886908293" lat="24.6543612" lon="121.6902563"/>
  <node id="8886908307" lat="24.6541662" lon="121.6903857"/>
  <node id="8886908294" lat="24.6540191" lon="121.6904575"/>
  <node id="8886908295" lat="24.6535391" lon="121.6906691"/>
  <node id="8886908296" lat="24.6533690" lon="121.6908224"/>
  <node id="8886908297" lat="24.6530587" lon="121.6910276"/>
  <node id="8886908298" lat="24.6528140" lon="121.6911191"/>
  <node id="8886908299" lat="24.6527178" lon="121.6911916"/>
  <node id="8886908300" lat="24.6527007" lon="121.6913391"/>
  <node id="8886908301" lat="24.6527204" lon="121.6914231"/>
  <node id="8886908302" lat="24.6528106" lon="121.6915078"/>
  <node id="8886908303" lat="24.6528944" lon="121.6915288"/>
  <node id="8886908304" lat="24.6530657" lon="121.6914925"/>
  <node id="8886908305" lat="24.6534056" lon="121.6913708"/>
  <node id="8886908306" lat="24.6535012" lon="121.6913955"/>
  <node id="8886908309" lat="24.6535504" lon="121.6914876"/>
  <node id="8886908310" lat="24.6535222" lon="121.6915827"/>
  <node id="8886908353" lat="24.6533173" lon="121.6916958"/>
  <node id="8886908354" lat="24.6529844" lon="121.6918834"/>
  <node id="8886908355" lat="24.6527178" lon="121.6918733"/>
  <node id="8886908356" lat="24.6524926" lon="121.6917722"/>
  <node id="8886908357" lat="24.6523729" lon="121.6916636"/>
  <node id="8886908358" lat="24.6522847" lon="121.6915530"/>
  <node id="8886908359" lat="24.6521984" lon="121.6914839"/>
  <node id="8886908360" lat="24.6521111" lon="121.6914687"/>
  <node id="8886908361" lat="24.6519962" lon="121.6915496"/>
  <node id="8886908362" lat="24.6519870" lon="121.6916862"/>
  <node id="8886908363" lat="24.6520954" lon="121.6917750"/>
  <node id="8886908364" lat="24.6522536" lon="121.6918177"/>
  <node id="8886908365" lat="24.6524144" lon="121.6919745"/>
  <node id="8886908366" lat="24.6525477" lon="121.6922931"/>
  <node id="8886908367" lat="24.6527075" lon="121.6927622"/>
  <node id="8886908368" lat="24.6530390" lon="121.6932721"/>
  <node id="8886908369" lat="24.6530939" lon="121.6934305"/>
  <node id="8886908370" lat="24.6529936" lon="121.6937143"/>
  <node id="8886908371" lat="24.6528770" lon="121.6939494"/>
  <node id="8886908372" lat="24.6526373" lon="121.6940598"/>
  <node id="8886908373" lat="24.6525077" lon="121.6941907"/>
  <node id="8886908374" lat="24.6524056" lon="121.6945627"/>
  <node id="8886908375" lat="24.6524186" lon="121.6946541"/>
  <node id="8886908376" lat="24.6526443" lon="121.6947005"/>
  <node id="8886908377" lat="24.6527546" lon="121.6946550"/>
  <node id="8886908378" lat="24.6528661" lon="121.6943987"/>
  <node id="8886908379" lat="24.6529155" lon="121.6943617"/>
  <node id="8886908380" lat="24.6530116" lon="121.6943842"/>
  <node id="8886908381" lat="24.6530652" lon="121.6945329"/>
  <node id="8886908382" lat="24.6530751" lon="121.6948386"/>
  <node id="8886908383" lat="24.6530288" lon="121.6950388"/>
  <node id="13004541929" lat="24.6529020" lon="121.6952267"/>
  <node id="8886908384" lat="24.6527684" lon="121.6953529"/>
  <node id="8886908385" lat="24.6525615" lon="121.6954946"/>
  <node id="8886908386" lat="24.6523869" lon="121.6955553"/>
  <node id="8886908387" lat="24.6522518" lon="121.6956114"/>
  <node id="13004541928" lat="24.6522304" lon="121.6957203"/>
  <node id="8886908388" lat="24.6522648" lon="121.6957873"/>
  <node id="8886908389" lat="24.6523173" lon="121.6958138"/>
  <node id="8886908390" lat="24.6525182" lon="121.6957611"/>
  <node id="13004541927" lat="24.6526472" lon="121.6957980"/>
  <node id="8886908391" lat="24.6527730" lon="121.6958766"/>
  <node id="13004541926" lat="24.6528386" lon="121.6959362"/>
  <node id="8886908392" lat="24.6528787" lon="121.6960155"/>
  <node id="13004541924" lat="24.6528959" lon="121.6961025"/>
  <node id="13004541925" lat="24.6528764" lon="121.6963090"/>
  <node id="8886908393" lat="24.6529293" lon="121.6965061"/>
  <node id="8886908394" lat="24.6529348" lon="121.6968083"/>
  <node id="8886908395" lat="24.6529682" lon="121.6969152"/>
  <node id="8886908396" lat="24.6530764" lon="121.6969714"/>
  <node id="13004541923" lat="24.6532043" lon="121.6969246"/>
  <node id="8886908397" lat="24.6534995" lon="121.6967495"/>
  <node id="8886908398" lat="24.6536891" lon="121.6966702"/>
  <node id="8886908399" lat="24.6538158" lon="121.6966995"/>
  <node id="8886908400" lat="24.6540187" lon="121.6967741"/>
  <node id="8886908401" lat="24.6541455" lon="121.6968204"/>
  <node id="8886908402" lat="24.6541983" lon="121.6970674"/>
  <node id="8886908403" lat="24.6541152" lon="121.6973102"/>
  <node id="8886908404" lat="24.6540701" lon="121.6974547"/>
  <node id="13004541904" lat="24.6540246" lon="121.6977923"/>
  <node id="8886908405" lat="24.6539994" lon="121.6982397"/>
  <node id="13004541903" lat="24.6539502" lon="121.6983904"/>
  <node id="13004541902" lat="24.6536881" lon="121.6987498"/>
  <node id="13004541891" lat="24.6533792" lon="121.6992702"/>
  <node id="13004541890" lat="24.6533639" lon="121.6993721"/>
  <node id="13004541889" lat="24.6533779" lon="121.6994398"/>
  <node id="8886908406" lat="24.6534067" lon="121.6994870"/>
  <node id="8886908352" lat="24.6562854" lon="121.6899130"/>
  <node id="8886908351" lat="24.6562778" lon="121.6900381"/>
  <node id="8886908350" lat="24.6563031" lon="121.6905942"/>
  <node id="8886908349" lat="24.6562633" lon="121.6908524"/>
  <node id="13004541922" lat="24.6561789" lon="121.6910941"/>
  <node id="8886908348" lat="24.6560887" lon="121.6912722"/>
  <node id="13004541921" lat="24.6559820" lon="121.6913483"/>
  <node id="8886908347" lat="24.6555049" lon="121.6915655"/>
  <node id="8886908346" lat="24.6554361" lon="121.6916639"/>
  <node id="8886908345" lat="24.6554797" lon="121.6919068"/>
  <node id="8886908344" lat="24.6554009" lon="121.6921558"/>
  <node id="8886908343" lat="24.6553220" lon="121.6924439"/>
  <node id="13004541920" lat="24.6552190" lon="121.6926230"/>
  <node id="13004541919" lat="24.6552184" lon="121.6927249"/>
  <node id="8886908342" lat="24.6552569" lon="121.6928386"/>
  <node id="8886908341" lat="24.6553795" lon="121.6929206"/>
  <node id="8886908340" lat="24.6555555" lon="121.6929109"/>
  <node id="13004541918" lat="24.6558254" lon="121.6929562"/>
  <node id="8886908339" lat="24.6561169" lon="121.6930536"/>
  <node id="8886908338" lat="24.6562319" lon="121.6931432"/>
  <node id="13004541917" lat="24.6563446" lon="121.6932888"/>
  <node id="8886908337" lat="24.6564518" lon="121.6933762"/>
  <node id="8886908336" lat="24.6565771" lon="121.6934428"/>
  <node id="13004541916" lat="24.6566323" lon="121.6935631"/>
  <node id="8886908335" lat="24.6565780" lon="121.6939317"/>
  <node id="8886908334" lat="24.6565160" lon="121.6939884"/>
  <node id="8886908333" lat="24.6562648" lon="121.6940981"/>
  <node id="8886908332" lat="24.6561597" lon="121.6942318"/>
  <node id="13004541915" lat="24.6561039" lon="121.6944207"/>
  <node id="8886908331" lat="24.6561150" lon="121.6948815"/>
  <node id="13004541914" lat="24.6558991" lon="121.6950443"/>
  <node id="8886908330" lat="24.6557516" lon="121.6951323"/>
  <node id="8886908413" lat="24.6552953" lon="121.6954054"/>
  <node id="8886908412" lat="24.6549334" lon="121.6956412"/>
  <node id="8886908411" lat="24.6548728" lon="121.6959934"/>
  <node id="8886908410" lat="24.6546874" lon="121.6961768"/>
  <node id="8886908409" lat="24.6546971" lon="121.6965129"/>
  <node id="8886908408" lat="24.6546107" lon="121.6968090"/>
  <node id="8886908407" lat="24.6543673" lon="121.6970339"/>
  <node id="11054672962" lat="24.6599441" lon="121.6403957"/>
  <node id="9064228294" lat="24.6598372" lon="121.6403889"/>
  <node id="9064228295" lat="24.6597397" lon="121.6403997"/>
  <node id="9064228296" lat="24.6596525" lon="121.6403986"/>
  <node id="9064228297" lat="24.6595251" lon="121.6403737"/>
  <node id="11054672963" lat="24.6594508" lon="121.6403240"/>
  <node id="9064228298" lat="24.6594047" lon="121.6402472"/>
  <node id="9064228299" lat="24.6593789" lon="121.6401458"/>
  <node id="11054672964" lat="24.6593256" lon="121.6401038"/>
  <node id="9064228300" lat="24.6592652" lon="121.6400850"/>
  <node id="9064228301" lat="24.6591886" lon="121.6401052"/>
  <node id="9064228302" lat="24.6591059" lon="121.6401386"/>
  <node id="9064228303" lat="24.6589593" lon="121.6401708"/>
  <node id="9064228304" lat="24.6588459" lon="121.6401529"/>
  <node id="9064228305" lat="24.6587419" lon="121.6401064"/>
  <node id="9064228306" lat="24.6586606" lon="121.6400528"/>
  <node id="11054672965" lat="24.6585839" lon="121.6400645"/>
  <node id="9064228307" lat="24.6584884" lon="121.6401279"/>
  <node id="9064228308" lat="24.6583714" lon="121.6402101"/>
  <node id="9064228309" lat="24.6582966" lon="121.6402745"/>
  <node id="9064228310" lat="24.6582544" lon="121.6402995"/>
  <node id="11054672966" lat="24.6582292" lon="121.6402893"/>
  <node id="9064228311" lat="24.6582122" lon="121.6402546"/>
  <node id="11054672967" lat="24.6582227" lon="121.6402065"/>
  <node id="9064228312" lat="24.6582966" lon="121.6401172"/>
  <node id="9064228313" lat="24.6583358" lon="121.6400032"/>
  <node id="11054672968" lat="24.6583617" lon="121.6399047"/>
  <node id="9064228314" lat="24.6583782" lon="121.6398036"/>
  <node id="9064228315" lat="24.6583805" lon="121.6397023"/>
  <node id="11054672969" lat="24.6583638" lon="121.6396463"/>
  <node id="9064228316" lat="24.6583413" lon="121.6396109"/>
  <node id="11054672970" lat="24.6583002" lon="121.6395941"/>
  <node id="9064240917" lat="24.6582544" lon="121.6396057"/>
  <node id="11054672971" lat="24.6582141" lon="121.6396365"/>
  <node id="9064240918" lat="24.6581926" lon="121.6396880"/>
  <node id="9064240919" lat="24.6581504" lon="121.6397524"/>
  <node id="9064240920" lat="24.6581081" lon="121.6398382"/>
  <node id="9064240921" lat="24.6580691" lon="121.6399026"/>
  <node id="11054672972" lat="24.6580363" lon="121.6399171"/>
  <node id="9064240922" lat="24.6580106" lon="121.6398954"/>
  <node id="9064240923" lat="24.6580106" lon="121.6397738"/>
  <node id="9064240924" lat="24.6580366" lon="121.6396773"/>
  <node id="9064240925" lat="24.6580626" lon="121.6395414"/>
  <node id="9064240926" lat="24.6580645" lon="121.6394758"/>
  <node id="11054672973" lat="24.6580543" lon="121.6394313"/>
  <node id="9064240927" lat="24.6580289" lon="121.6394229"/>
  <node id="11054672974" lat="24.6579941" lon="121.6394565"/>
  <node id="9064240928" lat="24.6579781" lon="121.6395056"/>
  <node id="9064240929" lat="24.6579416" lon="121.6395364"/>
  <node id="11054672975" lat="24.6579023" lon="121.6395253"/>
  <node id="11054672976" lat="24.6578851" lon="121.6394695"/>
  <node id="9064240930" lat="24.6578936" lon="121.6394162"/>
  <node id="9064240931" lat="24.6579846" lon="121.6393125"/>
  <node id="9064240932" lat="24.6580854" lon="121.6392124"/>
  <node id="9064240933" lat="24.6581699" lon="121.6391301"/>
  <node id="11054672977" lat="24.6581833" lon="121.6390716"/>
  <node id="9064240934" lat="24.6581685" lon="121.6390080"/>
  <node id="11054672978" lat="24.6581370" lon="121.6389670"/>
  <node id="9064240935" lat="24.6580984" lon="121.6389441"/>
  <node id="9064240936" lat="24.6579846" lon="121.6389012"/>
  <node id="9064240937" lat="24.6579131" lon="121.6388975"/>
  <node id="11054672979" lat="24.6578311" lon="121.6389116"/>
  <node id="11054672980" lat="24.6577244" lon="121.6389393"/>
  <node id="11054672981" lat="24.6576810" lon="121.6389421"/>
  <node id="9064240938" lat="24.6576447" lon="121.6389321"/>
  <node id="9064240939" lat="24.6575361" lon="121.6388476"/>
  <node id="9064240940" lat="24.6573833" lon="121.6386902"/>
  <node id="11054672982" lat="24.6573375" lon="121.6386862"/>
  <node id="9064240941" lat="24.6572471" lon="121.6387171"/>
  <node id="11054672983" lat="24.6572113" lon="121.6387509"/>
  <node id="9064240942" lat="24.6571591" lon="121.6388440"/>
  <node id="9064240943" lat="24.6570583" lon="121.6390621"/>
  <node id="11054672984" lat="24.6570397" lon="121.6391469"/>
  <node id="9064240944" lat="24.6570188" lon="121.6392858"/>
  <node id="11054672985" lat="24.6569855" lon="121.6393957"/>
  <node id="9064240945" lat="24.6569406" lon="121.6394759"/>
  <node id="9064240946" lat="24.6568308" lon="121.6396308"/>
  <node id="9064240947" lat="24.6567914" lon="121.6396626"/>
  <node id="11054672986" lat="24.6567645" lon="121.6396600"/>
  <node id="9064240948" lat="24.6567529" lon="121.6396380"/>
  <node id="11054672987" lat="24.6567514" lon="121.6396000"/>
  <node id="9064240949" lat="24.6568038" lon="121.6394370"/>
  <node id="9064240950" lat="24.6568373" lon="121.6393161"/>
  <node id="11054672988" lat="24.6568296" lon="121.6392302"/>
  <node id="9064240951" lat="24.6567820" lon="121.6391623"/>
  <node id="11054672989" lat="24.6567448" lon="121.6391505"/>
  <node id="11054672990" lat="24.6567168" lon="121.6391666"/>
  <node id="11054672991" lat="24.6567099" lon="121.6392120"/>
  <node id="9064240952" lat="24.6567041" lon="121.6392884"/>
  <node id="11054672992" lat="24.6566827" lon="121.6393700"/>
  <node id="9064240953" lat="24.6566157" lon="121.6394670"/>
  <node id="11054672993" lat="24.6565217" lon="121.6395352"/>
  <node id="9064240954" lat="24.6564278" lon="121.6395880"/>
  <node id="9064240955" lat="24.6563075" lon="121.6396200"/>
  <node id="11054672961" lat="24.6600199" lon="121.6405508"/>
  <node id="9064213356" lat="24.6442795" lon="121.6955826"/>
  <node id="9064213357" lat="24.6444160" lon="121.6957900"/>
  <node id="9064213358" lat="24.6447541" lon="121.6959760"/>
  <node id="9064213359" lat="24.6445460" lon="121.6963479"/>
  <node id="9064213360" lat="24.6442145" lon="121.6967127"/>
  <node id="9064213361" lat="24.6439674" lon="121.6967842"/>
  <node id="9064213362" lat="24.6437659" lon="121.6970488"/>
  <node id="9064213363" lat="24.6437984" lon="121.6974208"/>
  <node id="9064213364" lat="24.6438732" lon="121.6975066"/>
  <node id="9064213365" lat="24.6439398" lon="121.6974959"/>
  <node id="9064213366" lat="24.6439284" lon="121.6974208"/>
  <node id="9064213367" lat="24.6440747" lon="121.6971096"/>
  <node id="9064213368" lat="24.6442616" lon="121.6970131"/>
  <node id="9064213369" lat="24.6446013" lon="121.6969863"/>
  <node id="9064213370" lat="24.6450937" lon="121.6971061"/>
  <node id="9064213371" lat="24.6452758" lon="121.6970989"/>
  <node id="9064213372" lat="24.6454188" lon="121.6970345"/>
  <node id="9064213373" lat="24.6456642" lon="121.6970113"/>
  <node id="9064213374" lat="24.6458576" lon="121.6969576"/>
  <node id="9064213375" lat="24.6460006" lon="121.6969451"/>
  <node id="9064213376" lat="24.6461209" lon="121.6969415"/>
  <node id="9064213377" lat="24.6461469" lon="121.6969737"/>
  <node id="9064213378" lat="24.6458154" lon="121.6971633"/>
  <node id="9064213379" lat="24.6456268" lon="121.6974941"/>
  <node id="9064213380" lat="24.6454936" lon="121.6975567"/>
  <node id="9064213381" lat="24.6451620" lon="121.6979912"/>
  <node id="9064213382" lat="24.6449800" lon="121.6985473"/>
  <node id="9064213383" lat="24.6450499" lon="121.6989317"/>
  <node id="9064213384" lat="24.6449637" lon="121.6993448"/>
  <node id="9064213385" lat="24.6450547" lon="121.6994092"/>
  <node id="9064213386" lat="24.6451132" lon="121.6991392"/>
  <node id="9064213387" lat="24.6452026" lon="121.6987029"/>
  <node id="9064213388" lat="24.6453960" lon="121.6985384"/>
  <node id="9064213389" lat="24.6456382" lon="121.6984847"/>
  <node id="9064213390" lat="24.6457438" lon="121.6984650"/>
  <node id="9064234836" lat="24.6515393" lon="121.7114004"/>
  <node id="9064234837" lat="24.6516661" lon="121.7113146"/>
  <node id="9064234838" lat="24.6517571" lon="121.7111358"/>
  <node id="9064234839" lat="24.6518969" lon="121.7108998"/>
  <node id="9064234840" lat="24.6519716" lon="121.7107853"/>
  <node id="9064234841" lat="24.6520171" lon="121.7106351"/>
  <node id="9064234842" lat="24.6520626" lon="121.7103812"/>
  <node id="9064234843" lat="24.6521602" lon="121.7101631"/>
  <node id="9064234844" lat="24.6522154" lon="121.7100200"/>
  <node id="9064234845" lat="24.6522252" lon="121.7098376"/>
  <node id="9064234846" lat="24.6523974" lon="121.7096123"/>
  <node id="9064234847" lat="24.6525437" lon="121.7094085"/>
  <node id="9064234848" lat="24.6526607" lon="121.7093727"/>
  <node id="9064234849" lat="24.6527940" lon="121.7094442"/>
  <node id="9064234850" lat="24.6530117" lon="121.7094478"/>
  <node id="9064234851" lat="24.6532230" lon="121.7093477"/>
  <node id="9064234852" lat="24.6534278" lon="121.7092797"/>
  <node id="9064234853" lat="24.6536195" lon="121.7092010"/>
  <node id="9064234854" lat="24.6537008" lon="121.7090365"/>
  <node id="9064234855" lat="24.6537333" lon="121.7089507"/>
  <node id="9064234856" lat="24.6538276" lon="121.7089006"/>
  <node id="9064234857" lat="24.6539218" lon="121.7088184"/>
  <node id="9064234858" lat="24.6539901" lon="121.7087361"/>
  <node id="9064234859" lat="24.6540518" lon="121.7086288"/>
  <node id="9064234860" lat="24.6540681" lon="121.7085108"/>
  <node id="9064234861" lat="24.6540356" lon="121.7084500"/>
  <node id="9064234862" lat="24.6539381" lon="121.7083678"/>
  <node id="9064234863" lat="24.6537853" lon="121.7082569"/>
  <node id="9109870009" lat="24.6785005" lon="121.6952669"/>
  <node id="13004541877" lat="24.6528410" lon="121.7053092"/>
  <node id="13004541872" lat="24.6524656" lon="121.7052340"/>
  <node id="13004541876" lat="24.6523194" lon="121.7052461"/>
  <node id="13004541873" lat="24.6520220" lon="121.7054808"/>
  <node id="13004541875" lat="24.6517892" lon="121.7057839"/>
  <node id="13004541874" lat="24.6515417" lon="121.7065738"/>
  <node id="9164081528" lat="24.6514936" lon="121.7068045"/>
  <node id="13004541868" lat="24.6514399" lon="121.7069601"/>
  <node id="9164081527" lat="24.6513644" lon="121.7070679"/>
  <node id="9164081526" lat="24.6512950" lon="121.7070640"/>
  <node id="9164081525" lat="24.6512432" lon="121.7070224"/>
  <node id="9164081524" lat="24.6512103" lon="121.7069586"/>
  <node id="9164081523" lat="24.6511951" lon="121.7068822"/>
  <node id="9164081522" lat="24.6512584" lon="121.7066952"/>
  <node id="9164081521" lat="24.6515083" lon="121.7058737"/>
  <node id="9164081520" lat="24.6515637" lon="121.7055941"/>
  <node id="9164081519" lat="24.6516009" lon="121.7055123"/>
  <node id="9164081518" lat="24.6517897" lon="121.7051931"/>
  <node id="9164081517" lat="24.6519969" lon="121.7046251"/>
  <node id="9164081516" lat="24.6521408" lon="121.7043529"/>
  <node id="13004541881" lat="24.6521445" lon="121.7043120"/>
  <node id="9164081515" lat="24.6521341" lon="121.7042624"/>
  <node id="9164081514" lat="24.6520737" lon="121.7042275"/>
  <node id="9164081513" lat="24.6519890" lon="121.7042276"/>
  <node id="9164081512" lat="24.6519068" lon="121.7043060"/>
  <node id="9164081511" lat="24.6518532" lon="121.7044065"/>
  <node id="9164081510" lat="24.6516387" lon="121.7047653"/>
  <node id="9164081509" lat="24.6515466" lon="121.7051086"/>
  <node id="13004541882" lat="24.6514570" lon="121.7052528"/>
  <node id="9164081508" lat="24.6513297" lon="121.7054231"/>
  <node id="9164081507" lat="24.6511591" lon="121.7057396"/>
  <node id="9164081506" lat="24.6510604" lon="121.7058549"/>
  <node id="9164081505" lat="24.6509147" lon="121.7060206"/>
  <node id="9164081504" lat="24.6507173" lon="121.7061513"/>
  <node id="9164081503" lat="24.6506271" lon="121.7061654"/>
  <node id="9164081502" lat="24.6505297" lon="121.7061534"/>
  <node id="9164081501" lat="24.6504736" lon="121.7061332"/>
  <node id="9164081500" lat="24.6504718" lon="121.7060863"/>
  <node id="9164081499" lat="24.6505120" lon="121.7059710"/>
  <node id="9164081498" lat="24.6505954" lon="121.7058382"/>
  <node id="9164081497" lat="24.6507209" lon="121.7056699"/>
  <node id="9164081496" lat="24.6509440" lon="121.7054445"/>
  <node id="13004541883" lat="24.6510639" lon="121.7051871"/>
  <node id="9164081495" lat="24.6512487" lon="121.7048746"/>
  <node id="9164081494" lat="24.6513108" lon="121.7047331"/>
  <node id="9164081493" lat="24.6513090" lon="121.7044985"/>
  <node id="9164081492" lat="24.6511549" lon="121.7040404"/>
  <node id="9164081491" lat="24.6510494" lon="121.7039278"/>
  <node id="9164081490" lat="24.6508435" lon="121.7037877"/>
  <node id="9164081489" lat="24.6508105" lon="121.7037461"/>
  <node id="9164081488" lat="24.6508094" lon="121.7037005"/>
  <node id="9164081487" lat="24.6509574" lon="121.7034879"/>
  <node id="9164081486" lat="24.6509940" lon="121.7034135"/>
  <node id="9164081485" lat="24.6510269" lon="121.7032572"/>
  <node id="9164081484" lat="24.6510147" lon="121.7029012"/>
  <node id="9164081483" lat="24.6510135" lon="121.7028093"/>
  <node id="9164081482" lat="24.6510525" lon="121.7027128"/>
  <node id="9164081481" lat="24.6512877" lon="121.7024767"/>
  <node id="9164081480" lat="24.6514826" lon="121.7023084"/>
  <node id="9164081479" lat="24.6516271" lon="121.7020737"/>
  <node id="9164081478" lat="24.6517898" lon="121.7017203"/>
  <node id="9164081477" lat="24.6518288" lon="121.7015969"/>
  <node id="9164081476" lat="24.6518513" lon="121.7014179"/>
  <node id="13004541884" lat="24.6518190" lon="121.7012624"/>
  <node id="9164081475" lat="24.6516935" lon="121.7010069"/>
  <node id="9164081474" lat="24.6516826" lon="121.7009010"/>
  <node id="9164081473" lat="24.6517635" lon="121.7007071"/>
  <node id="9164081472" lat="24.6518562" lon="121.7004356"/>
  <node id="9164081471" lat="24.6519098" lon="121.7003437"/>
  <node id="9164081470" lat="24.6520969" lon="121.7001807"/>
  <node id="9164081469" lat="24.6522389" lon="121.6999239"/>
  <node id="9164081468" lat="24.6524077" lon="121.6997804"/>
  <node id="13004541885" lat="24.6525381" lon="121.6997013"/>
  <node id="13004541886" lat="24.6525839" lon="121.6997409"/>
  <node id="9164081467" lat="24.6525618" lon="121.6998166"/>
  <node id="9164081466" lat="24.6523942" lon="121.6999715"/>
  <node id="9164081465" lat="24.6522614" lon="121.7003349"/>
  <node id="9164081464" lat="24.6522205" lon="121.7004536"/>
  <node id="9164081463" lat="24.6522340" lon="121.7005073"/>
  <node id="9164081462" lat="24.6523954" lon="121.7006589"/>
  <node id="9164081461" lat="24.6525161" lon="121.7007118"/>
  <node id="13004541888" lat="24.6527015" lon="121.7007796"/>
  <node id="13004541887" lat="24.6529367" lon="121.7009378"/>
  <node id="9164081460" lat="24.6530030" lon="121.7009633"/>
  <node id="9164081459" lat="24.6530456" lon="121.7009525"/>
  <node id="9164081458" lat="24.6531973" lon="121.7008211"/>
  <node id="9164081457" lat="24.6534711" lon="121.7004907"/>
  <node id="9164081531" lat="24.6546708" lon="121.7011926"/>
  <node id="9164081532" lat="24.6543880" lon="121.7010532"/>
  <node id="9164081533" lat="24.6543105" lon="121.7010685"/>
  <node id="9164081534" lat="24.6542716" lon="121.7011034"/>
  <node id="9164081535" lat="24.6540199" lon="121.7013334"/>
  <node id="9164081536" lat="24.6539552" lon="121.7013603"/>
  <node id="9164081537" lat="24.6538962" lon="121.7013931"/>
  <node id="9164081538" lat="24.6537352" lon="121.7014333"/>
  <node id="9164081539" lat="24.6536707" lon="121.7014863"/>
  <node id="13004541901" lat="24.6536290" lon="121.7015983"/>
  <node id="9164081540" lat="24.6534769" lon="121.7017082"/>
  <node id="13004541900" lat="24.6533670" lon="121.7017626"/>
  <node id="9164081541" lat="24.6532410" lon="121.7018792"/>
  <node id="11715735306" lat="24.6531990" lon="121.7018856"/>
  <node id="13004541899" lat="24.6531592" lon="121.7018565"/>
  <node id="11715735307" lat="24.6531885" lon="121.7017877"/>
  <node id="11715735308" lat="24.6534393" lon="121.7015882"/>
  <node id="13004541898" lat="24.6534645" lon="121.7015219"/>
  <node id="11715735309" lat="24.6534799" lon="121.7012567"/>
  <node id="13004541897" lat="24.6535730" lon="121.7011739"/>
  <node id="13004541896" lat="24.6537820" lon="121.7010847"/>
  <node id="11715735310" lat="24.6538685" lon="121.7010156"/>
  <node id="13004541895" lat="24.6539112" lon="121.7009009"/>
  <node id="11715735311" lat="24.6539326" lon="121.7007135"/>
  <node id="11715735312" lat="24.6538939" lon="121.7005581"/>
  <node id="11715735313" lat="24.6537850" lon="121.7002795"/>
  <node id="11715735314" lat="24.6537827" lon="121.7001897"/>
  <node id="11715735315" lat="24.6538228" lon="121.7001219"/>
  <node id="11715735316" lat="24.6540351" lon="121.7000192"/>
  <node id="11715735317" lat="24.6541009" lon="121.6999508"/>
  <node id="11715735318" lat="24.6541563" lon="121.6997486"/>
  <node id="11715735319" lat="24.6541430" lon="121.6996943"/>
  <node id="13004541894" lat="24.6540946" lon="121.6996631"/>
  <node id="13004541893" lat="24.6540538" lon="121.6996960"/>
  <node id="11715735320" lat="24.6540197" lon="121.6997336"/>
  <node id="11715735321" lat="24.6539888" lon="121.6998716"/>
  <node id="11715735322" lat="24.6538284" lon="121.6999264"/>
  <node id="11715735323" lat="24.6536363" lon="121.6999853"/>
  <node id="11715735324" lat="24.6535752" lon="121.7000568"/>
  <node id="11715735325" lat="24.6535194" lon="121.7002583"/>
  <node id="13004541892" lat="24.6535017" lon="121.7004376"/>
  <node id="11715735326" lat="24.6534215" lon="121.7004399"/>
  <node id="11715735327" lat="24.6533991" lon="121.7002402"/>
  <node id="11715735328" lat="24.6534896" lon="121.6999712"/>
  <node id="11715735329" lat="24.6535887" lon="121.6997778"/>
  <node id="11715735330" lat="24.6536083" lon="121.6997125"/>
  <node id="11715735331" lat="24.6535532" lon="121.6996267"/>
  <node id="9164081546" lat="24.6552857" lon="121.7012697"/>
  <node id="9164081545" lat="24.6555149" lon="121.7013234"/>
  <node id="9164081544" lat="24.6556514" lon="121.7013770"/>
  <node id="9164081543" lat="24.6557928" lon="121.7015004"/>
  <node id="9164081542" lat="24.6559342" lon="121.7017150"/>
  <node id="9164081548" lat="24.6550663" lon="121.7023802"/>
  <node id="9164081549" lat="24.6546519" lon="121.7028951"/>
  <node id="9164081550" lat="24.6546080" lon="121.7029220"/>
  <node id="9164081551" lat="24.6543642" lon="121.7031956"/>
  <node id="2083234253" lat="24.6223827" lon="121.7044797"/>
  <node id="2083234324" lat="24.6221365" lon="121.7040438"/>
  <node id="2938325101" lat="24.6220401" lon="121.7038829"/>
  <node id="4443541997" lat="24.6219868" lon="121.7038122"/>
  <node id="2083234328" lat="24.6219219" lon="121.7037407"/>
  <node id="2938323700" lat="24.6211575" lon="121.7029159"/>
  <node id="2083234247" lat="24.6204308" lon="121.7020174"/>
  <node id="2938323699" lat="24.6203138" lon="121.7018297"/>
  <node id="2938323698" lat="24.6202187" lon="121.7016258"/>
  <node id="2083234523" lat="24.6199883" lon="121.7009969"/>
  <node id="9164081556" lat="24.6198338" lon="121.7006000"/>
  <node id="9311511043" lat="24.6217024" lon="121.6876294"/>
  <node id="9311485905" lat="24.6216750" lon="121.6875790"/>
  <node id="9311485904" lat="24.6216841" lon="121.6875348"/>
  <node id="9311485903" lat="24.6217250" lon="121.6874959"/>
  <node id="9311485912" lat="24.6218097" lon="121.6874383"/>
  <node id="13056093020" lat="24.6218329" lon="121.6873712"/>
  <node id="9311511055" lat="24.6225168" lon="121.6884856"/>
  <node id="9311511053" lat="24.6223961" lon="121.6884260"/>
  <node id="9311511052" lat="24.6223255" lon="121.6883576"/>
  <node id="9311511051" lat="24.6222639" lon="121.6882590"/>
  <node id="9311511050" lat="24.6222499" lon="121.6880491"/>
  <node id="9311511049" lat="24.6222316" lon="121.6879599"/>
  <node id="9311511048" lat="24.6221859" lon="121.6878621"/>
  <node id="13056093021" lat="24.6221139" lon="121.6877816"/>
  <node id="9311511047" lat="24.6220609" lon="121.6876790"/>
  <node id="9311511046" lat="24.6219817" lon="121.6876160"/>
  <node id="9311511045" lat="24.6218634" lon="121.6875784"/>
  <node id="9311511044" lat="24.6217829" lon="121.6875851"/>
  <node id="9311511042" lat="24.6216806" lon="121.6876461"/>
  <node id="9311511041" lat="24.6216318" lon="121.6876810"/>
  <node id="9311511040" lat="24.6215013" lon="121.6876951"/>
  <node id="9311511039" lat="24.6213940" lon="121.6877125"/>
  <node id="9311511038" lat="24.6212940" lon="121.6877474"/>
  <node id="9311511037" lat="24.6211916" lon="121.6877460"/>
  <node id="9311511036" lat="24.6210734" lon="121.6877326"/>
  <node id="9311511035" lat="24.6209027" lon="121.6877514"/>
  <node id="9311511034" lat="24.6208161" lon="121.6877152"/>
  <node id="9311511033" lat="24.6206710" lon="121.6875985"/>
  <node id="9311511032" lat="24.6206089" lon="121.6875194"/>
  <node id="9311511031" lat="24.6205406" lon="121.6873987"/>
  <node id="9311511030" lat="24.6204150" lon="121.6872820"/>
  <node id="9311511029" lat="24.6203638" lon="121.6872787"/>
  <node id="9311511028" lat="24.6203370" lon="121.6873021"/>
  <node id="9311511027" lat="24.6202846" lon="121.6874074"/>
  <node id="9311511026" lat="24.6203857" lon="121.6875429"/>
  <node id="9311511025" lat="24.6204687" lon="121.6877099"/>
  <node id="9311511024" lat="24.6206485" lon="121.6879445"/>
  <node id="9311511023" lat="24.6207442" lon="121.6880860"/>
  <node id="9311511070" lat="24.6224126" lon="121.6894855"/>
  <node id="13056093023" lat="24.6224401" lon="121.6895686"/>
  <node id="9311511068" lat="24.6224431" lon="121.6898965"/>
  <node id="9311511067" lat="24.6225315" lon="121.6901278"/>
  <node id="9311511066" lat="24.6226528" lon="121.6904691"/>
  <node id="9311511065" lat="24.6227193" lon="121.6905054"/>
  <node id="9311511064" lat="24.6227717" lon="121.6904591"/>
  <node id="9311511063" lat="24.6229277" lon="121.6902700"/>
  <node id="9311511062" lat="24.6229570" lon="121.6901211"/>
  <node id="9311511061" lat="24.6230094" lon="121.6899696"/>
  <node id="9311511091" lat="24.6210868" lon="121.6902660"/>
  <node id="9311511090" lat="24.6212794" lon="121.6901587"/>
  <node id="9311511089" lat="24.6214013" lon="121.6901399"/>
  <node id="9311511088" lat="24.6214861" lon="121.6901734"/>
  <node id="9311511087" lat="24.6215666" lon="121.6902439"/>
  <node id="9311511086" lat="24.6216257" lon="121.6904725"/>
  <node id="9311511085" lat="24.6216074" lon="121.6906562"/>
  <node id="9311511084" lat="24.6215403" lon="121.6910197"/>
  <node id="9311511083" lat="24.6215501" lon="121.6910747"/>
  <node id="9311511082" lat="24.6215879" lon="121.6911042"/>
  <node id="9311511081" lat="24.6217134" lon="121.6911390"/>
  <node id="9311511080" lat="24.6217915" lon="121.6910975"/>
  <node id="9311511079" lat="24.6218305" lon="121.6910230"/>
  <node id="9311511078" lat="24.6218360" lon="121.6909050"/>
  <node id="9311511077" lat="24.6219073" lon="121.6907179"/>
  <node id="9311511076" lat="24.6220621" lon="121.6903786"/>
  <node id="9311511075" lat="24.6220841" lon="121.6902190"/>
  <node id="9311511074" lat="24.6221255" lon="121.6901238"/>
  <node id="9311511073" lat="24.6222438" lon="121.6899763"/>
  <node id="9311511072" lat="24.6222992" lon="121.6898684"/>
  <node id="9311511071" lat="24.6223413" lon="121.6896719"/>
  <node id="9311511069" lat="24.6224462" lon="121.6893312"/>
  <node id="9311511060" lat="24.6224906" lon="121.6891428"/>
  <node id="9311511059" lat="24.6225668" lon="121.6889826"/>
  <node id="9311511058" lat="24.6226034" lon="121.6888820"/>
  <node id="13056093022" lat="24.6226089" lon="121.6887995"/>
  <node id="9311511057" lat="24.6226058" lon="121.6887070"/>
  <node id="9311511056" lat="24.6225802" lon="121.6886178"/>
  <node id="9311511054" lat="24.6224705" lon="121.6883858"/>
  <node id="9311485910" lat="24.6224663" lon="121.6883093"/>
  <node id="9311485909" lat="24.6225126" lon="121.6880820"/>
  <node id="9311485908" lat="24.6224986" lon="121.6878855"/>
  <node id="9311485907" lat="24.6225370" lon="121.6878185"/>
  <node id="9311485906" lat="24.6226321" lon="121.6877487"/>
  <node id="9311485902" lat="24.6228533" lon="121.6875227"/>
  <node id="9311485901" lat="24.6229046" lon="121.6874269"/>
  <node id="9311485900" lat="24.6230685" lon="121.6871834"/>
  <node id="9311485899" lat="24.6231143" lon="121.6871104"/>
  <node id="13056093019" lat="24.6231575" lon="121.6868522"/>
  <node id="9311485898" lat="24.6231996" lon="121.6867053"/>
  <node id="9311485897" lat="24.6233410" lon="121.6864452"/>
  <node id="9311485896" lat="24.6234678" lon="121.6861930"/>
  <node id="9311485895" lat="24.6234654" lon="121.6861407"/>
  <node id="9311485894" lat="24.6234251" lon="121.6860831"/>
  <node id="13056093018" lat="24.6233599" lon="121.6859959"/>
  <node id="9311485893" lat="24.6233362" lon="121.6859127"/>
  <node id="9311485892" lat="24.6233714" lon="121.6858101"/>
  <node id="13056093017" lat="24.6233666" lon="121.6857398"/>
  <node id="9311485891" lat="24.6231911" lon="121.6854561"/>
  <node id="9311485890" lat="24.6231515" lon="121.6851685"/>
  <node id="9311485889" lat="24.6231191" lon="121.6851075"/>
  <node id="9311485888" lat="24.6229802" lon="121.6850786"/>
  <node id="9311511409" lat="24.6374397" lon="121.6770266"/>
  <node id="9311511245" lat="24.6374300" lon="121.6771030"/>
  <node id="9311511244" lat="24.6373739" lon="121.6771500"/>
  <node id="9311511243" lat="24.6371374" lon="121.6771647"/>
  <node id="9311511242" lat="24.6368631" lon="121.6771460"/>
  <node id="9311511241" lat="24.6367181" lon="121.6771232"/>
  <node id="9311511240" lat="24.6366504" lon="121.6771480"/>
  <node id="9311511212" lat="24.6366139" lon="121.6771453"/>
  <node id="9311511211" lat="24.6365425" lon="121.6770970"/>
  <node id="9311511210" lat="24.6363773" lon="121.6769233"/>
  <node id="9311511209" lat="24.6362902" lon="121.6768643"/>
  <node id="9311511208" lat="24.6361768" lon="121.6768315"/>
  <node id="9311511207" lat="24.6360183" lon="121.6768281"/>
  <node id="9311511206" lat="24.6359184" lon="121.6768241"/>
  <node id="9311511205" lat="24.6355880" lon="121.6767906"/>
  <node id="9311511204" lat="24.6354929" lon="121.6767879"/>
  <node id="9311511203" lat="24.6354186" lon="121.6768174"/>
  <node id="9311511202" lat="24.6351882" lon="121.6769300"/>
  <node id="9311511201" lat="24.6351382" lon="121.6769327"/>
  <node id="9311511200" lat="24.6349785" lon="121.6768683"/>
  <node id="9311511199" lat="24.6348846" lon="121.6768080"/>
  <node id="9311511198" lat="24.6348164" lon="121.6767409"/>
  <node id="9311511197" lat="24.6347164" lon="121.6766001"/>
  <node id="9311511196" lat="24.6346774" lon="121.6764888"/>
  <node id="9311511195" lat="24.6346555" lon="121.6763896"/>
  <node id="9311511194" lat="24.6346640" lon="121.6763145"/>
  <node id="9311511193" lat="24.6347237" lon="121.6761428"/>
  <node id="9311511192" lat="24.6347225" lon="121.6760811"/>
  <node id="9311511191" lat="24.6347091" lon="121.6760248"/>
  <node id="9311511190" lat="24.6346177" lon="121.6759899"/>
  <node id="9311511189" lat="24.6345287" lon="121.6760047"/>
  <node id="9311511188" lat="24.6344689" lon="121.6760422"/>
  <node id="9311511187" lat="24.6343458" lon="121.6762608"/>
  <node id="9311511186" lat="24.6342373" lon="121.6764754"/>
  <node id="9311511185" lat="24.6341715" lon="121.6765170"/>
  <node id="9311511184" lat="24.6340862" lon="121.6765130"/>
  <node id="9311511183" lat="24.6339996" lon="121.6764808"/>
  <node id="9311511182" lat="24.6339289" lon="121.6764446"/>
  <node id="9311511181" lat="24.6338411" lon="121.6763453"/>
  <node id="9311511180" lat="24.6337838" lon="121.6762286"/>
  <node id="9311511179" lat="24.6337290" lon="121.6759966"/>
  <node id="9311511178" lat="24.6336814" lon="121.6759443"/>
  <node id="9311511177" lat="24.6336193" lon="121.6759148"/>
  <node id="9311511176" lat="24.6335339" lon="121.6759323"/>
  <node id="9311511175" lat="24.6331451" lon="121.6762286"/>
  <node id="9311511174" lat="24.6330122" lon="121.6762944"/>
  <node id="9311511173" lat="24.6328293" lon="121.6763467"/>
  <node id="9311511172" lat="24.6327160" lon="121.6764271"/>
  <node id="9311511171" lat="24.6325977" lon="121.6764660"/>
  <node id="9311511170" lat="24.6325246" lon="121.6764781"/>
  <node id="9311511169" lat="24.6324770" lon="121.6764620"/>
  <node id="9311511168" lat="24.6324270" lon="121.6764218"/>
  <node id="9311511167" lat="24.6324136" lon="121.6763788"/>
  <node id="9311511166" lat="24.6324148" lon="121.6762032"/>
  <node id="9311511165" lat="24.6323880" lon="121.6761334"/>
  <node id="9311511164" lat="24.6323332" lon="121.6760744"/>
  <node id="9311511163" lat="24.6322113" lon="121.6760395"/>
  <node id="9311511162" lat="24.6321174" lon="121.6759953"/>
  <node id="9311511161" lat="24.6320674" lon="121.6759430"/>
  <node id="9311511160" lat="24.6320503" lon="121.6758893"/>
  <node id="9311511159" lat="24.6320528" lon="121.6758156"/>
  <node id="9311511158" lat="24.6321064" lon="121.6757566"/>
  <node id="9311511157" lat="24.6323624" lon="121.6753985"/>
  <node id="9311511156" lat="24.6324343" lon="121.6752201"/>
  <node id="9311511155" lat="24.6325063" lon="121.6751491"/>
  <node id="9311511154" lat="24.6326367" lon="121.6750324"/>
  <node id="9311511153" lat="24.6327025" lon="121.6749398"/>
  <node id="9311511152" lat="24.6327281" lon="121.6748312"/>
  <node id="9311511151" lat="24.6327732" lon="121.6746877"/>
  <node id="9311511150" lat="24.6328049" lon="121.6745630"/>
  <node id="9311511149" lat="24.6328903" lon="121.6743886"/>
  <node id="9311511148" lat="24.6328866" lon="121.6743122"/>
  <node id="9311511147" lat="24.6328769" lon="121.6742143"/>
  <node id="9311511146" lat="24.6328391" lon="121.6741084"/>
  <node id="9311511145" lat="24.6327245" lon="121.6740172"/>
  <node id="9311511144" lat="24.6326294" lon="121.6739474"/>
  <node id="9311511143" lat="24.6325380" lon="121.6739193"/>
  <node id="9311511142" lat="24.6323527" lon="121.6739058"/>
  <node id="9311511141" lat="24.6322783" lon="121.6738750"/>
  <node id="9311511140" lat="24.6320857" lon="121.6736577"/>
  <node id="9311511139" lat="24.6320881" lon="121.6736162"/>
  <node id="9311511138" lat="24.6321003" lon="121.6735773"/>
  <node id="9311511137" lat="24.6321491" lon="121.6735531"/>
  <node id="9311511136" lat="24.6323697" lon="121.6735746"/>
  <node id="9311511135" lat="24.6324331" lon="121.6735545"/>
  <node id="9311511134" lat="24.6324807" lon="121.6734901"/>
  <node id="9311511133" lat="24.6324892" lon="121.6733748"/>
  <node id="9311511132" lat="24.6325136" lon="121.6732635"/>
  <node id="9311511131" lat="24.6325160" lon="121.6731977"/>
  <node id="9311511130" lat="24.6324953" lon="121.6731548"/>
  <node id="9311511129" lat="24.6324222" lon="121.6731361"/>
  <node id="9311511128" lat="24.6323100" lon="121.6730623"/>
  <node id="9311511127" lat="24.6322649" lon="121.6730019"/>
  <node id="9311511126" lat="24.6322527" lon="121.6729376"/>
  <node id="9311511125" lat="24.6322673" lon="121.6728745"/>
  <node id="9311511124" lat="24.6322929" lon="121.6728276"/>
  <node id="9311511123" lat="24.6323978" lon="121.6727190"/>
  <node id="9311511122" lat="24.6324380" lon="121.6726492"/>
  <node id="9311511121" lat="24.6324721" lon="121.6724937"/>
  <node id="9311511120" lat="24.6325465" lon="121.6721503"/>
  <node id="9311511119" lat="24.6326196" lon="121.6720900"/>
  <node id="9311511118" lat="24.6327806" lon="121.6720310"/>
  <node id="9311511117" lat="24.6328086" lon="121.6720068"/>
  <node id="9311511116" lat="24.6328257" lon="121.6719465"/>
  <node id="9311511115" lat="24.6328257" lon="121.6718929"/>
  <node id="9311511114" lat="24.6327842" lon="121.6718124"/>
  <node id="9311511113" lat="24.6327257" lon="121.6717561"/>
  <node id="9311511112" lat="24.6326209" lon="121.6717172"/>
  <node id="9311511111" lat="24.6325648" lon="121.6716702"/>
  <node id="9311511110" lat="24.6325343" lon="121.6716246"/>
  <node id="9311511109" lat="24.6325038" lon="121.6714972"/>
  <node id="9311511108" lat="24.6324721" lon="121.6714610"/>
  <node id="9311511107" lat="24.6324124" lon="121.6714516"/>
  <node id="9311511106" lat="24.6323405" lon="121.6714731"/>
  <node id="9311511105" lat="24.6322515" lon="121.6715039"/>
  <node id="9311511104" lat="24.6321918" lon="121.6714892"/>
  <node id="9311511103" lat="24.6321089" lon="121.6713779"/>
  <node id="9311511102" lat="24.6319784" lon="121.6711780"/>
  <node id="9311511101" lat="24.6319004" lon="121.6711003"/>
  <node id="9311511100" lat="24.6317200" lon="121.6710399"/>
  <node id="9311511099" lat="24.6315798" lon="121.6709957"/>
  <node id="9311511098" lat="24.6314798" lon="121.6709273"/>
  <node id="9311511097" lat="24.6313920" lon="121.6709299"/>
  <node id="9311511096" lat="24.6312555" lon="121.6709930"/>
  <node id="9311511095" lat="24.6310897" lon="121.6710627"/>
  <node id="9311511094" lat="24.6309873" lon="121.6711029"/>
  <node id="9311511093" lat="24.6309385" lon="121.6711485"/>
  <node id="9311511092" lat="24.6309190" lon="121.6711861"/>
  <node id="10080042059" lat="24.6308349" lon="121.6712210"/>
  <node id="10080042058" lat="24.6307532" lon="121.6711955"/>
  <node id="10080042057" lat="24.6307264" lon="121.6711324"/>
  <node id="10080042056" lat="24.6307386" lon="121.6710694"/>
  <node id="10080042055" lat="24.6307959" lon="121.6710185"/>
  <node id="10080042054" lat="24.6310166" lon="121.6709152"/>
  <node id="10080042053" lat="24.6310263" lon="121.6708642"/>
  <node id="10080042052" lat="24.6309995" lon="121.6708146"/>
  <node id="10080042051" lat="24.6309483" lon="121.6707999"/>
  <node id="10080042050" lat="24.6308873" lon="121.6708307"/>
  <node id="10080042049" lat="24.6307106" lon="121.6709554"/>
  <node id="10080042048" lat="24.6306350" lon="121.6709769"/>
  <node id="10080042047" lat="24.6304546" lon="121.6709957"/>
  <node id="10080042046" lat="24.6303644" lon="121.6710252"/>
  <node id="10080042045" lat="24.6302973" lon="121.6710895"/>
  <node id="10080042044" lat="24.6302498" lon="121.6711780"/>
  <node id="10080042043" lat="24.6302327" lon="121.6712987"/>
  <node id="10080042042" lat="24.6302290" lon="121.6714731"/>
  <node id="10080042041" lat="24.6302620" lon="121.6715468"/>
  <node id="10080042040" lat="24.6303302" lon="121.6716059"/>
  <node id="10080042039" lat="24.6303729" lon="121.6716595"/>
  <node id="10080042038" lat="24.6303924" lon="121.6717131"/>
  <node id="10080042037" lat="24.6303595" lon="121.6717534"/>
  <node id="10080042036" lat="24.6303132" lon="121.6717601"/>
  <node id="10080042035" lat="24.6302522" lon="121.6717346"/>
  <node id="10080042034" lat="24.6301279" lon="121.6716300"/>
  <node id="10080042033" lat="24.6300011" lon="121.6714865"/>
  <node id="10080042032" lat="24.6299657" lon="121.6714087"/>
  <node id="10080042031" lat="24.6298938" lon="121.6709715"/>
  <node id="10080042030" lat="24.6299011" lon="121.6709085"/>
  <node id="10080042029" lat="24.6299389" lon="121.6708240"/>
  <node id="10080042028" lat="24.6299633" lon="121.6707757"/>
  <node id="10080042027" lat="24.6299474" lon="121.6707234"/>
  <node id="10080042026" lat="24.6299072" lon="121.6706805"/>
  <node id="10080042025" lat="24.6298792" lon="121.6706644"/>
  <node id="10080042024" lat="24.6297219" lon="121.6706416"/>
  <node id="10080042023" lat="24.6296902" lon="121.6706175"/>
  <node id="10080042022" lat="24.6296585" lon="121.6705745"/>
  <node id="10080042021" lat="24.6295939" lon="121.6703573"/>
  <node id="10080042020" lat="24.6296049" lon="121.6702996"/>
  <node id="10080042019" lat="24.6296341" lon="121.6702326"/>
  <node id="10080042018" lat="24.6296719" lon="121.6701347"/>
  <node id="10080042017" lat="24.6296670" lon="121.6700891"/>
  <node id="10080042016" lat="24.6296353" lon="121.6698973"/>
  <node id="10080042015" lat="24.6296280" lon="121.6697645"/>
  <node id="10080042014" lat="24.6296134" lon="121.6697015"/>
  <node id="10080042013" lat="24.6295744" lon="121.6696532"/>
  <node id="10080042012" lat="24.6295073" lon="121.6696076"/>
  <node id="10080042011" lat="24.6294610" lon="121.6696183"/>
  <node id="10080042010" lat="24.6294086" lon="121.6696492"/>
  <node id="10080042009" lat="24.6293074" lon="121.6697149"/>
  <node id="10080042008" lat="24.6292586" lon="121.6697109"/>
  <node id="10080042007" lat="24.6291672" lon="121.6696827"/>
  <node id="10080042006" lat="24.6290721" lon="121.6696398"/>
  <node id="10080042005" lat="24.6290014" lon="121.6695929"/>
  <node id="10080042004" lat="24.6289600" lon="121.6695392"/>
  <node id="10080042003" lat="24.6289441" lon="121.6694614"/>
  <node id="10080042002" lat="24.6289527" lon="121.6693474"/>
  <node id="10080042001" lat="24.6289770" lon="121.6692589"/>
  <node id="10080042000" lat="24.6290246" lon="121.6691704"/>
  <node id="10080041999" lat="24.6291428" lon="121.6690095"/>
  <node id="10080041998" lat="24.6292282" lon="121.6688485"/>
  <node id="10080041997" lat="24.6293708" lon="121.6685401"/>
  <node id="10080041996" lat="24.6294208" lon="121.6684838"/>
  <node id="10080041995" lat="24.6294854" lon="121.6684744"/>
  <node id="10080041994" lat="24.6295988" lon="121.6684838"/>
  <node id="10080041993" lat="24.6296646" lon="121.6684771"/>
  <node id="10080041992" lat="24.6297621" lon="121.6684315"/>
  <node id="10080041991" lat="24.6298243" lon="121.6683429"/>
  <node id="10080041990" lat="24.6299401" lon="121.6681901"/>
  <node id="10080041989" lat="24.6299584" lon="121.6681069"/>
  <node id="10080041988" lat="24.6299426" lon="121.6680694"/>
  <node id="10080041987" lat="24.6299133" lon="121.6680573"/>
  <node id="10080041986" lat="24.6298548" lon="121.6680720"/>
  <node id="10080041985" lat="24.6298048" lon="121.6681217"/>
  <node id="10080041984" lat="24.6296780" lon="121.6683134"/>
  <node id="10080041983" lat="24.6296402" lon="121.6683201"/>
  <node id="10080041982" lat="24.6295598" lon="121.6683134"/>
  <node id="10080041981" lat="24.6295256" lon="121.6683094"/>
  <node id="10080041980" lat="24.6294330" lon="121.6682558"/>
  <node id="10080041979" lat="24.6293513" lon="121.6681941"/>
  <node id="10080041978" lat="24.6292501" lon="121.6681565"/>
  <node id="10080041977" lat="24.6291733" lon="121.6681539"/>
  <node id="10080041976" lat="24.6291233" lon="121.6681914"/>
  <node id="10080041975" lat="24.6291063" lon="121.6682571"/>
  <node id="10080041974" lat="24.6290672" lon="121.6683657"/>
  <node id="10080041973" lat="24.6290039" lon="121.6684476"/>
  <node id="10080041972" lat="24.6289136" lon="121.6685696"/>
  <node id="10080041971" lat="24.6287393" lon="121.6688633"/>
  <node id="10080041970" lat="24.6286211" lon="121.6689867"/>
  <node id="10080041969" lat="24.6283382" lon="121.6693608"/>
  <node id="10080041968" lat="24.6280749" lon="121.6695875"/>
  <node id="10080041967" lat="24.6280469" lon="121.6696358"/>
  <node id="10080041966" lat="24.6280456" lon="121.6697176"/>
  <node id="10080041965" lat="24.6280444" lon="121.6698718"/>
  <node id="10080041964" lat="24.6280005" lon="121.6699295"/>
  <node id="10080041963" lat="24.6279505" lon="121.6699576"/>
  <node id="10080041962" lat="24.6278262" lon="121.6700153"/>
  <node id="10080041961" lat="24.6276531" lon="121.6700099"/>
  <node id="10080041960" lat="24.6275251" lon="121.6701695"/>
  <node id="10080041959" lat="24.6274970" lon="121.6702822"/>
  <node id="10080041958" lat="24.6274885" lon="121.6704190"/>
  <node id="10080041957" lat="24.6275068" lon="121.6704914"/>
  <node id="10080041956" lat="24.6275543" lon="121.6705491"/>
  <node id="10080041955" lat="24.6280030" lon="121.6706657"/>
  <node id="10080041954" lat="24.6280968" lon="121.6706872"/>
  <node id="10080041953" lat="24.6281700" lon="121.6707744"/>
  <node id="10080041952" lat="24.6282309" lon="121.6708709"/>
  <node id="9311511239" lat="24.6366694" lon="121.6771869"/>
  <node id="9311511238" lat="24.6367217" lon="121.6772076"/>
  <node id="9311511237" lat="24.6369460" lon="121.6772814"/>
  <node id="9311511236" lat="24.6370033" lon="121.6773082"/>
  <node id="9311511235" lat="24.6370435" lon="121.6773552"/>
  <node id="9311511234" lat="24.6370691" lon="121.6774598"/>
  <node id="9311511233" lat="24.6370777" lon="121.6775510"/>
  <node id="9311511232" lat="24.6370326" lon="121.6776475"/>
  <node id="9311511231" lat="24.6369789" lon="121.6776864"/>
  <node id="9311511230" lat="24.6367498" lon="121.6777065"/>
  <node id="9311511229" lat="24.6365328" lon="121.6777132"/>
  <node id="9311511228" lat="24.6363511" lon="121.6777307"/>
  <node id="9311511227" lat="24.6362597" lon="121.6777495"/>
  <node id="9311511226" lat="24.6362061" lon="121.6777642"/>
  <node id="9311511225" lat="24.6361512" lon="121.6778219"/>
  <node id="9311511224" lat="24.6360720" lon="121.6778836"/>
  <node id="9311511223" lat="24.6359745" lon="121.6778997"/>
  <node id="9311511222" lat="24.6358282" lon="121.6778393"/>
  <node id="9311511221" lat="24.6356344" lon="121.6778018"/>
  <node id="9311511220" lat="24.6355649" lon="121.6777119"/>
  <node id="9311511219" lat="24.6354771" lon="121.6776127"/>
  <node id="9311511218" lat="24.6354332" lon="121.6775443"/>
  <node id="9311511217" lat="24.6353393" lon="121.6775335"/>
  <node id="9311511216" lat="24.6352223" lon="121.6775550"/>
  <node id="9311511215" lat="24.6350187" lon="121.6776086"/>
  <node id="9311511214" lat="24.6348517" lon="121.6776140"/>
  <node id="9311511213" lat="24.6346421" lon="121.6775872"/>
  <node id="9311511395" lat="24.6355161" lon="121.6761857"/>
  <node id="9311511262" lat="24.6354247" lon="121.6760530"/>
  <node id="9311511261" lat="24.6354125" lon="121.6760087"/>
  <node id="9311511260" lat="24.6354430" lon="121.6759148"/>
  <node id="9311511259" lat="24.6355734" lon="121.6755554"/>
  <node id="9311511258" lat="24.6356551" lon="121.6754186"/>
  <node id="9311511257" lat="24.6356770" lon="121.6753073"/>
  <node id="9311511256" lat="24.6357172" lon="121.6752470"/>
  <node id="9311511255" lat="24.6357648" lon="121.6752255"/>
  <node id="9311511254" lat="24.6359208" lon="121.6752134"/>
  <node id="9311511253" lat="24.6361707" lon="121.6752335"/>
  <node id="9311511252" lat="24.6364011" lon="121.6751933"/>
  <node id="9311511251" lat="24.6364511" lon="121.6751960"/>
  <node id="9311511250" lat="24.6365133" lon="121.6752590"/>
  <node id="9311511249" lat="24.6366254" lon="121.6753958"/>
  <node id="9311511248" lat="24.6366535" lon="121.6754226"/>
  <node id="9311511247" lat="24.6366498" lon="121.6755353"/>
  <node id="9311511246" lat="24.6366120" lon="121.6756667"/>
  <node id="9311511275" lat="24.6354576" lon="121.6682410"/>
  <node id="9311511271" lat="24.6353381" lon="121.6683362"/>
  <node id="9311511270" lat="24.6352869" lon="121.6683510"/>
  <node id="9311511269" lat="24.6349724" lon="121.6682303"/>
  <node id="9311511268" lat="24.6347859" lon="121.6681431"/>
  <node id="9311511267" lat="24.6346945" lon="121.6681176"/>
  <node id="9311511266" lat="24.6346713" lon="121.6681539"/>
  <node id="9311511265" lat="24.6346250" lon="121.6683108"/>
  <node id="9311511264" lat="24.6345116" lon="121.6684972"/>
  <node id="9311511263" lat="24.6344604" lon="121.6685696"/>
  <node id="9311511591" lat="24.6476961" lon="121.6901211"/>
  <node id="9311511590" lat="24.6477522" lon="121.6899428"/>
  <node id="9311511589" lat="24.6477973" lon="121.6898704"/>
  <node id="9311511588" lat="24.6480264" lon="121.6896129"/>
  <node id="9311511587" lat="24.6481203" lon="121.6893379"/>
  <node id="9311511586" lat="24.6481739" lon="121.6890657"/>
  <node id="9311511585" lat="24.6481532" lon="121.6889799"/>
  <node id="9311511584" lat="24.6480764" lon="121.6888364"/>
  <node id="9311511583" lat="24.6480045" lon="121.6886419"/>
  <node id="9311511582" lat="24.6479765" lon="121.6885950"/>
  <node id="9311511581" lat="24.6478643" lon="121.6885252"/>
  <node id="9311511580" lat="24.6477193" lon="121.6884340"/>
  <node id="9311511579" lat="24.6476413" lon="121.6883160"/>
  <node id="9311511578" lat="24.6475511" lon="121.6880384"/>
  <node id="9311511577" lat="24.6475096" lon="121.6879311"/>
  <node id="9311511576" lat="24.6474182" lon="121.6878144"/>
  <node id="9311511575" lat="24.6474145" lon="121.6876937"/>
  <node id="9311511574" lat="24.6474133" lon="121.6875771"/>
  <node id="9311511573" lat="24.6473792" lon="121.6874389"/>
  <node id="9311511572" lat="24.6473158" lon="121.6872619"/>
  <node id="9311511571" lat="24.6471634" lon="121.6870151"/>
  <node id="9311511570" lat="24.6471427" lon="121.6867764"/>
  <node id="9311511569" lat="24.6471147" lon="121.6866879"/>
  <node id="9311511568" lat="24.6470257" lon="121.6866048"/>
  <node id="9311511567" lat="24.6470013" lon="121.6865350"/>
  <node id="9311511566" lat="24.6470294" lon="121.6864465"/>
  <node id="9311511565" lat="24.6471171" lon="121.6862909"/>
  <node id="9311511564" lat="24.6474023" lon="121.6859704"/>
  <node id="9311511563" lat="24.6475779" lon="121.6858269"/>
  <node id="9311511562" lat="24.6476035" lon="121.6857585"/>
  <node id="9311511561" lat="24.6475730" lon="121.6856821"/>
  <node id="9311511560" lat="24.6474913" lon="121.6855386"/>
  <node id="9311511559" lat="24.6474279" lon="121.6854823"/>
  <node id="9311511558" lat="24.6472378" lon="121.6854005"/>
  <node id="9311511557" lat="24.6469843" lon="121.6849901"/>
  <node id="9311511556" lat="24.6469160" lon="121.6849110"/>
  <node id="9311511555" lat="24.6466783" lon="121.6847192"/>
  <node id="9311511554" lat="24.6465247" lon="121.6844778"/>
  <node id="9311511553" lat="24.6464516" lon="121.6844362"/>
  <node id="9311511552" lat="24.6460128" lon="121.6843343"/>
  <node id="9311511551" lat="24.6458068" lon="121.6843343"/>
  <node id="9311511550" lat="24.6457007" lon="121.6842511"/>
  <node id="9311511549" lat="24.6456763" lon="121.6841800"/>
  <node id="9311511548" lat="24.6456727" lon="121.6838609"/>
  <node id="9311511547" lat="24.6456471" lon="121.6837965"/>
  <node id="9311511546" lat="24.6455410" lon="121.6837348"/>
  <node id="9311511545" lat="24.6454435" lon="121.6836731"/>
  <node id="9311511544" lat="24.6454070" lon="121.6836020"/>
  <node id="9311511543" lat="24.6453911" lon="121.6835082"/>
  <node id="9311511542" lat="24.6453862" lon="121.6831648"/>
  <node id="9311511541" lat="24.6453655" lon="121.6830750"/>
  <node id="9311511540" lat="24.6453277" lon="121.6829999"/>
  <node id="9311511539" lat="24.6452802" lon="121.6829462"/>
  <node id="9311511538" lat="24.6451912" lon="121.6828819"/>
  <node id="9311511537" lat="24.6451108" lon="121.6828644"/>
  <node id="9311511536" lat="24.6450266" lon="121.6828631"/>
  <node id="9311511535" lat="24.6448438" lon="121.6828819"/>
  <node id="9311511534" lat="24.6446732" lon="121.6828202"/>
  <node id="9311511533" lat="24.6445415" lon="121.6827585"/>
  <node id="9311511532" lat="24.6444245" lon="121.6826673"/>
  <node id="9311511531" lat="24.6443757" lon="121.6826083"/>
  <node id="9311511530" lat="24.6443136" lon="121.6824514"/>
  <node id="9311511529" lat="24.6443245" lon="121.6823763"/>
  <node id="9311511528" lat="24.6444099" lon="121.6822971"/>
  <node id="9311511527" lat="24.6447073" lon="121.6822435"/>
  <node id="9311511526" lat="24.6448109" lon="121.6822636"/>
  <node id="9311511525" lat="24.6450669" lon="121.6822851"/>
  <node id="9311511524" lat="24.6451315" lon="121.6822489"/>
  <node id="9311511523" lat="24.6453484" lon="121.6820396"/>
  <node id="9311511522" lat="24.6453619" lon="121.6819632"/>
  <node id="9311511521" lat="24.6453472" lon="121.6819270"/>
  <node id="9311511520" lat="24.6453119" lon="121.6818881"/>
  <node id="9311511519" lat="24.6452619" lon="121.6818680"/>
  <node id="9311511518" lat="24.6452083" lon="121.6818747"/>
  <node id="9311511517" lat="24.6450510" lon="121.6819578"/>
  <node id="9311511516" lat="24.6449840" lon="121.6819726"/>
  <node id="9311511515" lat="24.6448962" lon="121.6819498"/>
  <node id="9311511514" lat="24.6447365" lon="121.6818921"/>
  <node id="9311511513" lat="24.6445744" lon="121.6818935"/>
  <node id="9311511512" lat="24.6444915" lon="121.6818801"/>
  <node id="9311511511" lat="24.6443928" lon="121.6818184"/>
  <node id="9311511510" lat="24.6442282" lon="121.6817124"/>
  <node id="9311511509" lat="24.6441137" lon="121.6817071"/>
  <node id="9311511508" lat="24.6439723" lon="121.6816896"/>
  <node id="9311511507" lat="24.6438906" lon="121.6816534"/>
  <node id="9311511506" lat="24.6438504" lon="121.6815729"/>
  <node id="9311511505" lat="24.6438321" lon="121.6814858"/>
  <node id="9311511504" lat="24.6438296" lon="121.6813557"/>
  <node id="9311511503" lat="24.6437979" lon="121.6812873"/>
  <node id="9311511502" lat="24.6437468" lon="121.6812243"/>
  <node id="9311511501" lat="24.6435932" lon="121.6811250"/>
  <node id="9311511500" lat="24.6434725" lon="121.6810083"/>
  <node id="9311511499" lat="24.6433823" lon="121.6809440"/>
  <node id="9311511498" lat="24.6432494" lon="121.6809091"/>
  <node id="9311511497" lat="24.6431348" lon="121.6808608"/>
  <node id="9311511496" lat="24.6430824" lon="121.6807964"/>
  <node id="9311511495" lat="24.6430824" lon="121.6807388"/>
  <node id="9311511494" lat="24.6430995" lon="121.6800776"/>
  <node id="9311511493" lat="24.6430824" lon="121.6799837"/>
  <node id="9311511492" lat="24.6430263" lon="121.6799086"/>
  <node id="9311511491" lat="24.6429313" lon="121.6798456"/>
  <node id="10080041773" lat="24.6428254" lon="121.6797919"/>
  <node id="9311511490" lat="24.6427911" lon="121.6797745"/>
  <node id="9311511489" lat="24.6427387" lon="121.6796525"/>
  <node id="9311511488" lat="24.6426497" lon="121.6795345"/>
  <node id="9311511487" lat="24.6425851" lon="121.6795063"/>
  <node id="9311511486" lat="24.6422291" lon="121.6794460"/>
  <node id="9311511485" lat="24.6420780" lon="121.6793789"/>
  <node id="9311511484" lat="24.6417318" lon="121.6790999"/>
  <node id="9311511483" lat="24.6416867" lon="121.6789927"/>
  <node id="9311511482" lat="24.6416952" lon="121.6788907"/>
  <node id="9311511481" lat="24.6417440" lon="121.6788357"/>
  <node id="9311511480" lat="24.6418586" lon="121.6787124"/>
  <node id="9311511479" lat="24.6418964" lon="121.6786037"/>
  <node id="9311511478" lat="24.6418720" lon="121.6784468"/>
  <node id="9311511477" lat="24.6417452" lon="121.6781424"/>
  <node id="9311511476" lat="24.6415514" lon="121.6778916"/>
  <node id="9311511475" lat="24.6414795" lon="121.6777910"/>
  <node id="9311511474" lat="24.6414417" lon="121.6777776"/>
  <node id="9311511473" lat="24.6413832" lon="121.6778058"/>
  <node id="9311511472" lat="24.6414002" lon="121.6778795"/>
  <node id="9311511471" lat="24.6415611" lon="121.6780861"/>
  <node id="9311511470" lat="24.6416160" lon="121.6782202"/>
  <node id="9311511469" lat="24.6416209" lon="121.6784535"/>
  <node id="9311511468" lat="24.6415880" lon="121.6785246"/>
  <node id="9311511467" lat="24.6414758" lon="121.6785903"/>
  <node id="9311511466" lat="24.6413393" lon="121.6786225"/>
  <node id="9311511465" lat="24.6412686" lon="121.6786319"/>
  <node id="9311511464" lat="24.6408420" lon="121.6785783"/>
  <node id="9311511463" lat="24.6405762" lon="121.6785018"/>
  <node id="9311511462" lat="24.6403129" lon="121.6783878"/>
  <node id="9311511461" lat="24.6402629" lon="121.6783610"/>
  <node id="9311511460" lat="24.6399618" lon="121.6780432"/>
  <node id="9311511459" lat="24.6398765" lon="121.6779774"/>
  <node id="9311511458" lat="24.6396973" lon="121.6778836"/>
  <node id="9311511457" lat="24.6395608" lon="121.6777334"/>
  <node id="9311511456" lat="24.6395120" lon="121.6777213"/>
  <node id="9311511455" lat="24.6393121" lon="121.6776904"/>
  <node id="9311511454" lat="24.6392256" lon="121.6776516"/>
  <node id="9311511453" lat="24.6389647" lon="121.6775027"/>
  <node id="9311511452" lat="24.6389025" lon="121.6774893"/>
  <node id="9311511451" lat="24.6387660" lon="121.6774839"/>
  <node id="9311511450" lat="24.6384686" lon="121.6775550"/>
  <node id="9311511449" lat="24.6384064" lon="121.6775590"/>
  <node id="9311511448" lat="24.6383625" lon="121.6775416"/>
  <node id="9311511447" lat="24.6383442" lon="121.6774933"/>
  <node id="9311511446" lat="24.6383576" lon="121.6774598"/>
  <node id="9311511445" lat="24.6383845" lon="121.6774370"/>
  <node id="9311511444" lat="24.6385588" lon="121.6773753"/>
  <node id="9311511443" lat="24.6386539" lon="121.6772935"/>
  <node id="9311511442" lat="24.6387282" lon="121.6771862"/>
  <node id="9311511441" lat="24.6388135" lon="121.6771245"/>
  <node id="9311511440" lat="24.6388843" lon="121.6771285"/>
  <node id="9311511439" lat="24.6390415" lon="121.6771848"/>
  <node id="9311511438" lat="24.6390976" lon="121.6771875"/>
  <node id="9311511437" lat="24.6391927" lon="121.6771446"/>
  <node id="9311511434" lat="24.6392536" lon="121.6771030"/>
  <node id="9311511436" lat="24.6393255" lon="121.6770682"/>
  <node id="9311511435" lat="24.6394121" lon="121.6770655"/>
  <node id="9311511433" lat="24.6395011" lon="121.6770869"/>
  <node id="9311511432" lat="24.6396583" lon="121.6771768"/>
  <node id="9311511431" lat="24.6397558" lon="121.6772157"/>
  <node id="9311511430" lat="24.6398716" lon="121.6772170"/>
  <node id="9311511429" lat="24.6399216" lon="121.6771969"/>
  <node id="9311511428" lat="24.6399387" lon="121.6771513"/>
  <node id="9311511427" lat="24.6399143" lon="121.6770776"/>
  <node id="9311511426" lat="24.6398899" lon="121.6770494"/>
  <node id="9311511425" lat="24.6397839" lon="121.6769810"/>
  <node id="9311511424" lat="24.6396644" lon="121.6768777"/>
  <node id="9311511423" lat="24.6395803" lon="121.6767651"/>
  <node id="9311511422" lat="24.6395815" lon="121.6766752"/>
  <node id="9311511421" lat="24.6396193" lon="121.6766256"/>
  <node id="9311511420" lat="24.6397266" lon="121.6764298"/>
  <node id="9311511419" lat="24.6397241" lon="121.6763721"/>
  <node id="9311511418" lat="24.6396790" lon="121.6763252"/>
  <node id="9311511417" lat="24.6396230" lon="121.6763346"/>
  <node id="9311511416" lat="24.6390915" lon="121.6764499"/>
  <node id="9311511415" lat="24.6388550" lon="121.6765170"/>
  <node id="9311511414" lat="24.6385600" lon="121.6765156"/>
  <node id="9311511413" lat="24.6380395" lon="121.6764767"/>
  <node id="9311511412" lat="24.6379481" lon="121.6765036"/>
  <node id="9311511411" lat="24.6375494" lon="121.6767316"/>
  <node id="9311511410" lat="24.6375116" lon="121.6767825"/>
  <node id="9311511408" lat="24.6372764" lon="121.6770414"/>
  <node id="9311511406" lat="24.6369875" lon="121.6770118"/>
  <node id="9311511407" lat="24.6367181" lon="121.6769555"/>
  <node id="9311511405" lat="24.6366522" lon="121.6769247"/>
  <node id="9311511404" lat="24.6365815" lon="121.6768308"/>
  <node id="9311511403" lat="24.6365133" lon="121.6766833"/>
  <node id="9311511402" lat="24.6364706" lon="121.6766082"/>
  <node id="9311511401" lat="24.6363658" lon="121.6765398"/>
  <node id="9311511400" lat="24.6361451" lon="121.6763681"/>
  <node id="9311511399" lat="24.6360671" lon="121.6763601"/>
  <node id="9311511398" lat="24.6359013" lon="121.6763762"/>
  <node id="9311511397" lat="24.6357928" lon="121.6763239"/>
  <node id="9311511396" lat="24.6356063" lon="121.6762233"/>
  <node id="9311511394" lat="24.6354186" lon="121.6761415"/>
  <node id="9311511393" lat="24.6353479" lon="121.6760811"/>
  <node id="9311511392" lat="24.6353454" lon="121.6760141"/>
  <node id="9311511391" lat="24.6353966" lon="121.6756466"/>
  <node id="9311511390" lat="24.6353832" lon="121.6755527"/>
  <node id="9311511389" lat="24.6353406" lon="121.6754414"/>
  <node id="9311511388" lat="24.6350846" lon="121.6749318"/>
  <node id="9311511387" lat="24.6350407" lon="121.6748071"/>
  <node id="9311511386" lat="24.6350224" lon="121.6747025"/>
  <node id="9311511385" lat="24.6350614" lon="121.6745630"/>
  <node id="9311511384" lat="24.6351455" lon="121.6744369"/>
  <node id="9311511383" lat="24.6353625" lon="121.6742049"/>
  <node id="9311511382" lat="24.6356721" lon="121.6739809"/>
  <node id="9311511381" lat="24.6357392" lon="121.6739635"/>
  <node id="9311511380" lat="24.6359562" lon="121.6739809"/>
  <node id="9311511379" lat="24.6360135" lon="121.6739635"/>
  <node id="9311511378" lat="24.6360403" lon="121.6739354"/>
  <node id="9311511377" lat="24.6360318" lon="121.6738790"/>
  <node id="9311511376" lat="24.6359793" lon="121.6738012"/>
  <node id="9311511375" lat="24.6359415" lon="121.6737396"/>
  <node id="9311511374" lat="24.6359269" lon="121.6736644"/>
  <node id="9311511373" lat="24.6359574" lon="121.6736135"/>
  <node id="9311511372" lat="24.6360147" lon="121.6735344"/>
  <node id="9311511371" lat="24.6360817" lon="121.6732554"/>
  <node id="9311511370" lat="24.6360622" lon="121.6731857"/>
  <node id="9311511369" lat="24.6360171" lon="121.6731495"/>
  <node id="9311511368" lat="24.6358830" lon="121.6730864"/>
  <node id="9311511367" lat="24.6357819" lon="121.6730918"/>
  <node id="9311511366" lat="24.6356563" lon="121.6731159"/>
  <node id="9311511365" lat="24.6354466" lon="121.6732366"/>
  <node id="9311511364" lat="24.6353113" lon="121.6733184"/>
  <node id="9311511363" lat="24.6352686" lon="121.6733050"/>
  <node id="9311511362" lat="24.6352235" lon="121.6732541"/>
  <node id="9311511361" lat="24.6351662" lon="121.6730623"/>
  <node id="9311511360" lat="24.6351748" lon="121.6729550"/>
  <node id="9311511359" lat="24.6352991" lon="121.6726358"/>
  <node id="9311511358" lat="24.6353320" lon="121.6724803"/>
  <node id="9311511357" lat="24.6353430" lon="121.6723891"/>
  <node id="9311511356" lat="24.6353076" lon="121.6723381"/>
  <node id="9311511355" lat="24.6351699" lon="121.6722321"/>
  <node id="9311511354" lat="24.6350760" lon="121.6721356"/>
  <node id="9311511353" lat="24.6350224" lon="121.6721383"/>
  <node id="9311511352" lat="24.6348798" lon="121.6721973"/>
  <node id="9311511351" lat="24.6348115" lon="121.6722094"/>
  <node id="9311511349" lat="24.6345689" lon="121.6721182"/>
  <node id="9311511350" lat="24.6343153" lon="121.6720417"/>
  <node id="9311511348" lat="24.6341703" lon="121.6719492"/>
  <node id="9311511347" lat="24.6340630" lon="121.6718513"/>
  <node id="9311511346" lat="24.6340374" lon="121.6717789"/>
  <node id="9311511345" lat="24.6340240" lon="121.6716635"/>
  <node id="9311511344" lat="24.6339752" lon="121.6715133"/>
  <node id="9311511343" lat="24.6339813" lon="121.6714449"/>
  <node id="9311511342" lat="24.6340045" lon="121.6713457"/>
  <node id="9311511341" lat="24.6340008" lon="121.6713068"/>
  <node id="9311511340" lat="24.6339131" lon="121.6712143"/>
  <node id="9311511339" lat="24.6338960" lon="121.6711512"/>
  <node id="9311511338" lat="24.6339057" lon="121.6710949"/>
  <node id="9311511337" lat="24.6339240" lon="121.6710614"/>
  <node id="9311511336" lat="24.6340703" lon="121.6709380"/>
  <node id="9311511335" lat="24.6341837" lon="121.6708119"/>
  <node id="9311511334" lat="24.6343836" lon="121.6707730"/>
  <node id="9311511333" lat="24.6345762" lon="121.6707006"/>
  <node id="9311511332" lat="24.6347944" lon="121.6705759"/>
  <node id="9311511331" lat="24.6348481" lon="121.6704257"/>
  <node id="9311511330" lat="24.6349017" lon="121.6703747"/>
  <node id="9311511329" lat="24.6349419" lon="121.6703492"/>
  <node id="9311511328" lat="24.6350334" lon="121.6703466"/>
  <node id="9311511327" lat="24.6350699" lon="121.6702943"/>
  <node id="9311511326" lat="24.6350712" lon="121.6702500"/>
  <node id="9311511325" lat="24.6350577" lon="121.6702057"/>
  <node id="9311511324" lat="24.6349858" lon="121.6701347"/>
  <node id="9311511323" lat="24.6349749" lon="121.6700260"/>
  <node id="9311511322" lat="24.6349907" lon="121.6699322"/>
  <node id="9311511321" lat="24.6350407" lon="121.6698584"/>
  <node id="9311511320" lat="24.6350748" lon="121.6696237"/>
  <node id="9311511319" lat="24.6351565" lon="121.6692804"/>
  <node id="9311511318" lat="24.6352308" lon="121.6691114"/>
  <node id="9311511317" lat="24.6352760" lon="121.6690497"/>
  <node id="9311444116" lat="24.6353150" lon="121.6690296"/>
  <node id="9311444115" lat="24.6354966" lon="121.6690256"/>
  <node id="9311444114" lat="24.6355210" lon="121.6689894"/>
  <node id="9311444113" lat="24.6355246" lon="121.6688392"/>
  <node id="9311444112" lat="24.6354917" lon="121.6686514"/>
  <node id="9311511279" lat="24.6355222" lon="121.6685428"/>
  <node id="9311511278" lat="24.6355697" lon="121.6684462"/>
  <node id="9311511277" lat="24.6355685" lon="121.6684006"/>
  <node id="9311511276" lat="24.6354966" lon="121.6682973"/>
  <node id="9311511274" lat="24.6355161" lon="121.6680519"/>
  <node id="9311511273" lat="24.6357672" lon="121.6675061"/>
  <node id="9311511272" lat="24.6358843" lon="121.6671735"/>
  <node id="9311511611" lat="24.6443556" lon="121.6844282"/>
  <node id="9311511610" lat="24.6440966" lon="121.6846521"/>
  <node id="9311504764" lat="24.6443995" lon="121.6845314"/>
  <node id="9311504719" lat="24.6447304" lon="121.6842605"/>
  <node id="9311504718" lat="24.6448487" lon="121.6841613"/>
  <node id="9311504754" lat="24.6435481" lon="121.6834565"/>
  <node id="9311504753" lat="24.6434707" lon="121.6834089"/>
  <node id="9311504752" lat="24.6434213" lon="121.6833694"/>
  <node id="9311504751" lat="24.6433500" lon="121.6833519"/>
  <node id="9311504750" lat="24.6432829" lon="121.6833398"/>
  <node id="9311504749" lat="24.6431306" lon="121.6833553"/>
  <node id="9311504748" lat="24.6430739" lon="121.6833385"/>
  <node id="9311504747" lat="24.6429392" lon="121.6832621"/>
  <node id="9311504746" lat="24.6428691" lon="121.6832386"/>
  <node id="9311504745" lat="24.6428094" lon="121.6832748"/>
  <node id="9311504744" lat="24.6427466" lon="121.6833191"/>
  <node id="9311504743" lat="24.6426863" lon="121.6833097"/>
  <node id="9311504742" lat="24.6425997" lon="121.6832755"/>
  <node id="9311504741" lat="24.6425205" lon="121.6832077"/>
  <node id="9311504740" lat="24.6424662" lon="121.6831414"/>
  <node id="9311504739" lat="24.6424406" lon="121.6831400"/>
  <node id="9311504731" lat="24.6429313" lon="121.6830864"/>
  <node id="9311504730" lat="24.6428502" lon="121.6829281"/>
  <node id="9311504729" lat="24.6427716" lon="121.6827243"/>
  <node id="9311504728" lat="24.6427167" lon="121.6825466"/>
  <node id="9311504727" lat="24.6427222" lon="121.6824413"/>
  <node id="9311504726" lat="24.6427442" lon="121.6824333"/>
  <node id="9311504725" lat="24.6428368" lon="121.6825654"/>
  <node id="9311504724" lat="24.6428862" lon="121.6826183"/>
  <node id="9311504723" lat="24.6428825" lon="121.6825419"/>
  <node id="9311504722" lat="24.6428764" lon="121.6824956"/>
  <node id="9311504721" lat="24.6429124" lon="121.6825037"/>
  <node id="9311504720" lat="24.6430788" lon="121.6828054"/>
  <node id="9311511626" lat="24.6456818" lon="121.6890838"/>
  <node id="9311511625" lat="24.6457129" lon="121.6890416"/>
  <node id="9311511624" lat="24.6457093" lon="121.6889839"/>
  <node id="9311511623" lat="24.6456154" lon="121.6887807"/>
  <node id="9311511622" lat="24.6455453" lon="121.6886895"/>
  <node id="9311511621" lat="24.6455081" lon="121.6886204"/>
  <node id="9311511620" lat="24.6455142" lon="121.6885353"/>
  <node id="9311511619" lat="24.6457580" lon="121.6881376"/>
  <node id="9311511618" lat="24.6458165" lon="121.6881068"/>
  <node id="9311511617" lat="24.6459110" lon="121.6880927"/>
  <node id="9311504816" lat="24.6459884" lon="121.6880646"/>
  <node id="9311504815" lat="24.6461152" lon="121.6879908"/>
  <node id="9311504814" lat="24.6462316" lon="121.6878983"/>
  <node id="9311504813" lat="24.6462889" lon="121.6877856"/>
  <node id="9311504812" lat="24.6463126" lon="121.6876783"/>
  <node id="9311504811" lat="24.6463023" lon="121.6876287"/>
  <node id="9311504810" lat="24.6462706" lon="121.6875885"/>
  <node id="9311504809" lat="24.6461103" lon="121.6875925"/>
  <node id="9311504808" lat="24.6460701" lon="121.6875704"/>
  <node id="9311504807" lat="24.6460621" lon="121.6875194"/>
  <node id="9311504806" lat="24.6460682" lon="121.6874577"/>
  <node id="9311504805" lat="24.6461261" lon="121.6873679"/>
  <node id="9311504804" lat="24.6463059" lon="121.6872183"/>
  <node id="9311504803" lat="24.6463291" lon="121.6871627"/>
  <node id="9311504802" lat="24.6463321" lon="121.6871244"/>
  <node id="9311504801" lat="24.6463059" lon="121.6870835"/>
  <node id="9311504800" lat="24.6462578" lon="121.6870701"/>
  <node id="9311504799" lat="24.6460506" lon="121.6870379"/>
  <node id="9311504798" lat="24.6458391" lon="121.6870252"/>
  <node id="9311504797" lat="24.6457970" lon="121.6869997"/>
  <node id="9311504796" lat="24.6457775" lon="121.6869528"/>
  <node id="9311504795" lat="24.6457684" lon="121.6868985"/>
  <node id="9311504794" lat="24.6457659" lon="121.6868260"/>
  <node id="9311504793" lat="24.6457982" lon="121.6865706"/>
  <node id="9311504792" lat="24.6458007" lon="121.6864143"/>
  <node id="9311504791" lat="24.6458214" lon="121.6861595"/>
  <node id="9311504790" lat="24.6458092" lon="121.6861072"/>
  <node id="9311504789" lat="24.6457793" lon="121.6860791"/>
  <node id="9311504788" lat="24.6456635" lon="121.6859812"/>
  <node id="9311504787" lat="24.6456343" lon="121.6859289"/>
  <node id="9311504786" lat="24.6456312" lon="121.6858390"/>
  <node id="9311504785" lat="24.6456355" lon="121.6857807"/>
  <node id="9311504784" lat="24.6456550" lon="121.6856854"/>
  <node id="9311504783" lat="24.6456550" lon="121.6856311"/>
  <node id="9311504782" lat="24.6456361" lon="121.6855285"/>
  <node id="9311504781" lat="24.6456440" lon="121.6854454"/>
  <node id="9311504780" lat="24.6456605" lon="121.6853730"/>
  <node id="9311504779" lat="24.6457001" lon="121.6851825"/>
  <node id="9311504778" lat="24.6456946" lon="121.6851463"/>
  <node id="9311504777" lat="24.6456605" lon="121.6851168"/>
  <node id="9311504776" lat="24.6453216" lon="121.6850270"/>
  <node id="9311504775" lat="24.6452747" lon="121.6850390"/>
  <node id="9311504774" lat="24.6449432" lon="121.6851423"/>
  <node id="9311504773" lat="24.6449133" lon="121.6851242"/>
  <node id="9311504772" lat="24.6448804" lon="121.6850746"/>
  <node id="9311504771" lat="24.6448097" lon="121.6847970"/>
  <node id="9311504770" lat="24.6447432" lon="121.6847259"/>
  <node id="9311504769" lat="24.6446847" lon="121.6846877"/>
  <node id="9311504768" lat="24.6446281" lon="121.6846816"/>
  <node id="9311504767" lat="24.6444988" lon="121.6847044"/>
  <node id="9311504766" lat="24.6444428" lon="121.6846863"/>
  <node id="9311504765" lat="24.6444172" lon="121.6846173"/>
  <node id="9311504763" lat="24.6443191" lon="121.6843524"/>
  <node id="9311504762" lat="24.6441636" lon="121.6841271"/>
  <node id="9311504761" lat="24.6441344" lon="121.6840500"/>
  <node id="9311504760" lat="24.6441447" lon="121.6840017"/>
  <node id="9311504759" lat="24.6441594" lon="121.6839004"/>
  <node id="9311504758" lat="24.6441466" lon="121.6838387"/>
  <node id="9311504757" lat="24.6441155" lon="121.6838052"/>
  <node id="9311504756" lat="24.6439308" lon="121.6836248"/>
  <node id="9311504755" lat="24.6438248" lon="121.6835732"/>
  <node id="9311504738" lat="24.6435322" lon="121.6834076"/>
  <node id="9311504737" lat="24.6434810" lon="121.6833452"/>
  <node id="9311504736" lat="24.6433140" lon="121.6832741"/>
  <node id="9311504735" lat="24.6432281" lon="121.6832701"/>
  <node id="9311504734" lat="24.6431361" lon="121.6832882"/>
  <node id="9311504733" lat="24.6430751" lon="121.6832446"/>
  <node id="9311504732" lat="24.6429788" lon="121.6831588"/>
  <node id="9311511673" lat="24.6445196" lon="121.6867442"/>
  <node id="9311511672" lat="24.6445890" lon="121.6865109"/>
  <node id="9311511671" lat="24.6446597" lon="121.6864036"/>
  <node id="9311511670" lat="24.6447183" lon="121.6863191"/>
  <node id="9311511669" lat="24.6448146" lon="121.6862413"/>
  <node id="9311511668" lat="24.6448560" lon="121.6862132"/>
  <node id="9311511667" lat="24.6448645" lon="121.6861488"/>
  <node id="9311511666" lat="24.6447914" lon="121.6860737"/>
  <node id="9311511665" lat="24.6447451" lon="121.6860549"/>
  <node id="9311511664" lat="24.6446195" lon="121.6860723"/>
  <node id="9311511663" lat="24.6444769" lon="121.6861488"/>
  <node id="9311511662" lat="24.6443453" lon="121.6862588"/>
  <node id="9311511661" lat="24.6442392" lon="121.6863312"/>
  <node id="9311511660" lat="24.6441161" lon="121.6863728"/>
  <node id="9311511659" lat="24.6440271" lon="121.6863781"/>
  <node id="9311511658" lat="24.6439406" lon="121.6863701"/>
  <node id="9311511657" lat="24.6438747" lon="121.6863205"/>
  <node id="9311511656" lat="24.6438248" lon="121.6862909"/>
  <node id="9311511655" lat="24.6437675" lon="121.6863151"/>
  <node id="9311511654" lat="24.6436492" lon="121.6863956"/>
  <node id="9311511653" lat="24.6435444" lon="121.6864720"/>
  <node id="9311511652" lat="24.6434213" lon="121.6865256"/>
  <node id="9311511651" lat="24.6433250" lon="121.6865297"/>
  <node id="9311511650" lat="24.6431799" lon="121.6865256"/>
  <node id="9311511649" lat="24.6431507" lon="121.6865243"/>
  <node id="9311511648" lat="24.6431166" lon="121.6864733"/>
  <node id="9311511647" lat="24.6431092" lon="121.6863915"/>
  <node id="9311511646" lat="24.6431226" lon="121.6863285"/>
  <node id="9311511645" lat="24.6431519" lon="121.6862749"/>
  <node id="9311511644" lat="24.6431324" lon="121.6861622"/>
  <node id="9311511643" lat="24.6430885" lon="121.6860697"/>
  <node id="9311511642" lat="24.6430483" lon="121.6860093"/>
  <node id="9311511641" lat="24.6430471" lon="121.6859248"/>
  <node id="9311511640" lat="24.6430678" lon="121.6858564"/>
  <node id="9311511639" lat="24.6431251" lon="121.6857532"/>
  <node id="9311511638" lat="24.6431239" lon="121.6857129"/>
  <node id="9311511637" lat="24.6430605" lon="121.6856325"/>
  <node id="9311511636" lat="24.6429691" lon="121.6855131"/>
  <node id="9311511635" lat="24.6429191" lon="121.6854165"/>
  <node id="9311511634" lat="24.6428837" lon="121.6853589"/>
  <node id="9311511633" lat="24.6428264" lon="121.6853294"/>
  <node id="9454437723" lat="24.6505490" lon="121.7106991"/>
  <node id="9454435614" lat="24.6503968" lon="121.7105569"/>
  <node id="9454435615" lat="24.6500116" lon="121.7105945"/>
  <node id="9454435616" lat="24.6499312" lon="121.7106427"/>
  <node id="9454437717" lat="24.6499263" lon="121.7106964"/>
  <node id="9454437718" lat="24.6499799" lon="121.7107500"/>
  <node id="9454437719" lat="24.6500287" lon="121.7108412"/>
  <node id="9454437720" lat="24.6500019" lon="121.7109002"/>
  <node id="9454437721" lat="24.6499556" lon="121.7109485"/>
  <node id="9454437722" lat="24.6497118" lon="121.7110746"/>
  <node id="9454432486" lat="24.6503650" lon="121.7121841"/>
  <node id="9454432487" lat="24.6504261" lon="121.7120249"/>
  <node id="9454432488" lat="24.6504164" lon="121.7117877"/>
  <node id="9454432489" lat="24.6504422" lon="121.7116037"/>
  <node id="9454432490" lat="24.6504583" lon="121.7114267"/>
  <node id="4430955763" lat="24.6623015" lon="121.6680456"/>
  <node id="3707842245" lat="24.6713356" lon="121.6512869"/>
  <node id="3707842253" lat="24.6717844" lon="121.6509887"/>
  <node id="4430972127" lat="24.6721512" lon="121.6509377"/>
  <node id="2279816431" lat="24.6825620" lon="121.6780863"/>
  <node id="2279816418" lat="24.6814322" lon="121.6784352"/>
  <node id="2279842317" lat="24.6810427" lon="121.6785601"/>
  <node id="2279842306" lat="24.6804794" lon="121.6787451"/>
  <node id="3707841714" lat="24.6621131" lon="121.6748183"/>
  <node id="3707841828" lat="24.6644538" lon="121.6750310"/>
  <node id="4431053206" lat="24.6650875" lon="121.6751029"/>
  <node id="9500652093" lat="24.6700624" lon="121.6525783"/>
  <node id="9500652092" lat="24.6700588" lon="121.6526319"/>
  <node id="2261122587" lat="24.6734297" lon="121.6688984"/>
  <node id="1690064686" lat="24.6687637" lon="121.6654596"/>
  <node id="9500664223" lat="24.6688364" lon="121.6656044"/>
  <node id="1690064697" lat="24.6688847" lon="121.6657675"/>
  <node id="1690064698" lat="24.6689128" lon="121.6659198"/>
  <node id="1690064688" lat="24.6688214" lon="121.6669567"/>
  <node id="1690064690" lat="24.6688135" lon="121.6671926"/>
  <node id="1690064695" lat="24.6688622" lon="121.6674723"/>
  <node id="2261122530" lat="24.6689319" lon="121.6676235"/>
  <node id="2261122532" lat="24.6698851" lon="121.6687977"/>
  <node id="1690064768" lat="24.6701142" lon="121.6689907"/>
  <node id="1690064800" lat="24.6704725" lon="121.6692965"/>
  <node id="9500652113" lat="24.6705767" lon="121.6694239"/>
  <node id="9500652112" lat="24.6706559" lon="121.6695593"/>
  <node id="13866367219" lat="24.6707187" lon="121.6696730"/>
  <node id="9500652111" lat="24.6707315" lon="121.6696961"/>
  <node id="2268453805" lat="24.6737683" lon="121.6671123"/>
  <node id="2268453803" lat="24.6737355" lon="121.6681418"/>
  <node id="2268453799" lat="24.6737116" lon="121.6687916"/>
  <node id="2268453801" lat="24.6737292" lon="121.6689094"/>
  <node id="9500926481" lat="24.6672980" lon="121.6493681"/>
  <node id="3707841988" lat="24.6674721" lon="121.6504352"/>
  <node id="9500926482" lat="24.6672811" lon="121.6492662"/>
  <node id="3707842199" lat="24.6696730" lon="121.6502699"/>
  <node id="9500926511" lat="24.6698597" lon="121.6501638"/>
  <node id="3707842178" lat="24.6691721" lon="121.6502297"/>
  <node id="3707842187" lat="24.6692831" lon="121.6502659"/>
  <node id="4430972084" lat="24.6694452" lon="121.6502847"/>
  <node id="9500926510" lat="24.6695445" lon="121.6502810"/>
  <node id="9500926513" lat="24.6698272" lon="121.6501415"/>
  <node id="3707842019" lat="24.6679583" lon="121.6495454"/>
  <node id="9500926514" lat="24.6697163" lon="121.6500637"/>
  <node id="9500926515" lat="24.6695238" lon="121.6495916"/>
  <node id="9500926516" lat="24.6693678" lon="121.6487575"/>
  <node id="9500942517" lat="24.6689106" lon="121.6482135"/>
  <node id="9501128195" lat="24.6663356" lon="121.6405378"/>
  <node id="3707841922" lat="24.6664200" lon="121.6406265"/>
  <node id="3707841932" lat="24.6665816" lon="121.6407646"/>
  <node id="9501128194" lat="24.6667036" lon="121.6409415"/>
  <node id="9501128193" lat="24.6668840" lon="121.6412151"/>
  <node id="3707841962" lat="24.6669715" lon="121.6413763"/>
  <node id="3707841970" lat="24.6670413" lon="121.6415554"/>
  <node id="9501128192" lat="24.6670449" lon="121.6416550"/>
  <node id="9501128191" lat="24.6669913" lon="121.6417703"/>
  <node id="3707841948" lat="24.6668531" lon="121.6419915"/>
  <node id="3707841952" lat="24.6668797" lon="121.6423377"/>
  <node id="3707841964" lat="24.6670019" lon="121.6426458"/>
  <node id="9501128201" lat="24.6670473" lon="121.6427734"/>
  <node id="3707841972" lat="24.6670596" lon="121.6429024"/>
  <node id="3707841955" lat="24.6669163" lon="121.6436441"/>
  <node id="9501128203" lat="24.6668377" lon="121.6436445"/>
  <node id="9553805562" lat="24.6677742" lon="121.6511908"/>
  <node id="9706774946" lat="24.6572775" lon="121.6516911"/>
  <node id="9706768746" lat="24.6570660" lon="121.6516559"/>
  <node id="9706768747" lat="24.6570368" lon="121.6516505"/>
  <node id="9706768748" lat="24.6570157" lon="121.6516577"/>
  <node id="9706768749" lat="24.6561739" lon="121.6523193"/>
  <node id="9706768750" lat="24.6561560" lon="121.6523336"/>
  <node id="9706768751" lat="24.6561348" lon="121.6523425"/>
  <node id="9706768752" lat="24.6559512" lon="121.6524266"/>
  <node id="9706768753" lat="24.6558927" lon="121.6524445"/>
  <node id="9706768754" lat="24.6558456" lon="121.6524605"/>
  <node id="9706768755" lat="24.6558050" lon="121.6524820"/>
  <node id="9706768756" lat="24.6557789" lon="121.6525017"/>
  <node id="9706768757" lat="24.6553938" lon="121.6528933"/>
  <node id="9706768758" lat="24.6553629" lon="121.6529326"/>
  <node id="9706768759" lat="24.6553320" lon="121.6529791"/>
  <node id="9706768760" lat="24.6548331" lon="121.6537534"/>
  <node id="9706768761" lat="24.6547990" lon="121.6538392"/>
  <node id="4430915506" lat="24.6596396" lon="121.6441549"/>
  <node id="4430915491" lat="24.6592457" lon="121.6452712"/>
  <node id="4430915494" lat="24.6592647" lon="121.6453519"/>
  <node id="4430915495" lat="24.6592738" lon="121.6454430"/>
  <node id="4430915490" lat="24.6592411" lon="121.6455437"/>
  <node id="4430915377" lat="24.6588839" lon="121.6460869"/>
  <node id="9706774940" lat="24.6585554" lon="121.6465231"/>
  <node id="4430915355" lat="24.6584381" lon="121.6466481"/>
  <node id="9706774942" lat="24.6584190" lon="121.6466664"/>
  <node id="9706774949" lat="24.6586744" lon="121.6514334"/>
  <node id="4430915381" lat="24.6589857" lon="121.6510873"/>
  <node id="9816992864" lat="24.6586150" lon="121.6928311"/>
  <node id="9816992865" lat="24.6586584" lon="121.6929511"/>
  <node id="9816992866" lat="24.6586950" lon="121.6930196"/>
  <node id="9816992867" lat="24.6587475" lon="121.6931202"/>
  <node id="9816992868" lat="24.6587472" lon="121.6932424"/>
  <node id="9816992869" lat="24.6586384" lon="121.6933114"/>
  <node id="9816992870" lat="24.6584592" lon="121.6934175"/>
  <node id="9816992871" lat="24.6583492" lon="121.6936219"/>
  <node id="11715725390" lat="24.6583530" lon="121.6937117"/>
  <node id="9816992872" lat="24.6581630" lon="121.6943485"/>
  <node id="10080041419" lat="24.6326745" lon="121.6727270"/>
  <node id="10080037287" lat="24.6329208" lon="121.6730301"/>
  <node id="10080037286" lat="24.6329476" lon="121.6730931"/>
  <node id="10080037285" lat="24.6329086" lon="121.6731656"/>
  <node id="10080037284" lat="24.6327220" lon="121.6734660"/>
  <node id="10080037283" lat="24.6326282" lon="121.6736242"/>
  <node id="10080037282" lat="24.6325502" lon="121.6736886"/>
  <node id="10080037281" lat="24.6325221" lon="121.6737181"/>
  <node id="10080037280" lat="24.6325282" lon="121.6737664"/>
  <node id="10080037279" lat="24.6325721" lon="121.6738026"/>
  <node id="10080037278" lat="24.6326160" lon="121.6738012"/>
  <node id="10080037277" lat="24.6327696" lon="121.6737650"/>
  <node id="10080037276" lat="24.6330841" lon="121.6738133"/>
  <node id="10080037275" lat="24.6331548" lon="121.6737986"/>
  <node id="10080037307" lat="24.6332926" lon="121.6737315"/>
  <node id="10080037295" lat="24.6335803" lon="121.6725701"/>
  <node id="10080037292" lat="24.6336571" lon="121.6725419"/>
  <node id="10080037291" lat="24.6337058" lon="121.6725889"/>
  <node id="10080037290" lat="24.6337229" lon="121.6726814"/>
  <node id="10080037289" lat="24.6338436" lon="121.6728249"/>
  <node id="10080037288" lat="24.6339789" lon="121.6728383"/>
  <node id="10080041426" lat="24.6325294" lon="121.6734338"/>
  <node id="10080041425" lat="24.6326038" lon="121.6732407"/>
  <node id="10080041424" lat="24.6326038" lon="121.6731723"/>
  <node id="10080041423" lat="24.6325660" lon="121.6731065"/>
  <node id="10080041422" lat="24.6324929" lon="121.6729818"/>
  <node id="10080041421" lat="24.6324855" lon="121.6729067"/>
  <node id="10080041420" lat="24.6325221" lon="121.6728397"/>
  <node id="10080041418" lat="24.6327318" lon="121.6725594"/>
  <node id="10080041417" lat="24.6327915" lon="121.6724052"/>
  <node id="10080037316" lat="24.6328513" lon="121.6723502"/>
  <node id="10080037315" lat="24.6329500" lon="121.6722938"/>
  <node id="10080037314" lat="24.6330061" lon="121.6723086"/>
  <node id="10080037313" lat="24.6330512" lon="121.6723824"/>
  <node id="10080037312" lat="24.6331377" lon="121.6725634"/>
  <node id="10080037311" lat="24.6332060" lon="121.6727981"/>
  <node id="10080037310" lat="24.6332145" lon="121.6728866"/>
  <node id="10080037309" lat="24.6332072" lon="121.6734646"/>
  <node id="10080037308" lat="24.6332219" lon="121.6735545"/>
  <node id="10080037306" lat="24.6333462" lon="121.6737986"/>
  <node id="10080037305" lat="24.6333986" lon="121.6737811"/>
  <node id="10080037304" lat="24.6334535" lon="121.6737168"/>
  <node id="10080037303" lat="24.6334827" lon="121.6733868"/>
  <node id="10080037302" lat="24.6334840" lon="121.6731401"/>
  <node id="10080037301" lat="24.6334462" lon="121.6729711"/>
  <node id="10080037300" lat="24.6334571" lon="121.6727377"/>
  <node id="10080037299" lat="24.6334498" lon="121.6724856"/>
  <node id="10080037298" lat="24.6334486" lon="121.6723716"/>
  <node id="10080037297" lat="24.6334876" lon="121.6723461"/>
  <node id="10080037296" lat="24.6335571" lon="121.6724642"/>
  <node id="10080037294" lat="24.6335413" lon="121.6729014"/>
  <node id="10080037293" lat="24.6335681" lon="121.6731723"/>
  <node id="10080041552" lat="24.6217927" lon="121.6781370"/>
  <node id="10080041551" lat="24.6217378" lon="121.6780110"/>
  <node id="10080041550" lat="24.6217159" lon="121.6779613"/>
  <node id="10080041549" lat="24.6217390" lon="121.6779546"/>
  <node id="10080041548" lat="24.6217963" lon="121.6780002"/>
  <node id="10080041547" lat="24.6218414" lon="121.6780110"/>
  <node id="10080041546" lat="24.6220536" lon="121.6779211"/>
  <node id="10080041545" lat="24.6222011" lon="121.6779064"/>
  <node id="10080041544" lat="24.6222913" lon="121.6778903"/>
  <node id="10080041543" lat="24.6223767" lon="121.6778554"/>
  <node id="10080041542" lat="24.6223828" lon="121.6778031"/>
  <node id="10080041541" lat="24.6223498" lon="121.6777454"/>
  <node id="10080041540" lat="24.6221560" lon="121.6776542"/>
  <node id="10080041575" lat="24.6209454" lon="121.6789873"/>
  <node id="10080041574" lat="24.6210197" lon="121.6791013"/>
  <node id="10080041573" lat="24.6212611" lon="121.6792783"/>
  <node id="10080041572" lat="24.6214123" lon="121.6793454"/>
  <node id="10080041571" lat="24.6215318" lon="121.6793507"/>
  <node id="10080041570" lat="24.6216171" lon="121.6792877"/>
  <node id="10080041569" lat="24.6217293" lon="121.6791147"/>
  <node id="10080041568" lat="24.6217622" lon="121.6790289"/>
  <node id="10080041567" lat="24.6217451" lon="121.6789524"/>
  <node id="10080041566" lat="24.6217110" lon="121.6789216"/>
  <node id="10080041565" lat="24.6215988" lon="121.6788934"/>
  <node id="10080041564" lat="24.6215391" lon="121.6788210"/>
  <node id="10080041563" lat="24.6214050" lon="121.6784911"/>
  <node id="10080041562" lat="24.6213379" lon="121.6782524"/>
  <node id="10080041561" lat="24.6213721" lon="121.6781960"/>
  <node id="10080041560" lat="24.6214257" lon="121.6781746"/>
  <node id="10080041559" lat="24.6215391" lon="121.6782121"/>
  <node id="10080041558" lat="24.6215879" lon="121.6782698"/>
  <node id="10080041557" lat="24.6216488" lon="121.6783784"/>
  <node id="10080041556" lat="24.6216866" lon="121.6783945"/>
  <node id="10080041555" lat="24.6217951" lon="121.6783234"/>
  <node id="10080041554" lat="24.6218268" lon="121.6782738"/>
  <node id="10080041553" lat="24.6218232" lon="121.6782108"/>
  <node id="10080041615" lat="24.6252087" lon="121.6752040"/>
  <node id="10080041588" lat="24.6252819" lon="121.6751946"/>
  <node id="10080041587" lat="24.6253904" lon="121.6752134"/>
  <node id="10080041586" lat="24.6254709" lon="121.6752604"/>
  <node id="10080041585" lat="24.6255464" lon="121.6752912"/>
  <node id="10080041610" lat="24.6253648" lon="121.6757271"/>
  <node id="10080041597" lat="24.6254355" lon="121.6757955"/>
  <node id="10080041596" lat="24.6255184" lon="121.6758478"/>
  <node id="10080041595" lat="24.6255830" lon="121.6758974"/>
  <node id="10080041594" lat="24.6255952" lon="121.6759269"/>
  <node id="10080041593" lat="24.6255489" lon="121.6759658"/>
  <node id="10080041592" lat="24.6254733" lon="121.6759644"/>
  <node id="10080041591" lat="24.6254050" lon="121.6759349"/>
  <node id="10080041590" lat="24.6252977" lon="121.6758773"/>
  <node id="10080041589" lat="24.6251612" lon="121.6757378"/>
  <node id="10080041604" lat="24.6257596" lon="121.6755389"/>
  <node id="10080041603" lat="24.6258281" lon="121.6755581"/>
  <node id="10080041602" lat="24.6259232" lon="121.6755125"/>
  <node id="10080041601" lat="24.6259865" lon="121.6754924"/>
  <node id="10080041600" lat="24.6260487" lon="121.6755138"/>
  <node id="10080041599" lat="24.6261097" lon="121.6756184"/>
  <node id="10080041598" lat="24.6261158" lon="121.6756788"/>
  <node id="10080041621" lat="24.6249503" lon="121.6753811"/>
  <node id="10080041620" lat="24.6250064" lon="121.6753234"/>
  <node id="10080041619" lat="24.6250368" lon="121.6752510"/>
  <node id="10080041618" lat="24.6250978" lon="121.6751598"/>
  <node id="10080041617" lat="24.6251368" lon="121.6751423"/>
  <node id="10080041616" lat="24.6251978" lon="121.6751692"/>
  <node id="10080041614" lat="24.6251990" lon="121.6753650"/>
  <node id="10080041613" lat="24.6252185" lon="121.6755192"/>
  <node id="10080041612" lat="24.6252502" lon="121.6756091"/>
  <node id="10080041611" lat="24.6253099" lon="121.6757043"/>
  <node id="10080041609" lat="24.6254453" lon="121.6757271"/>
  <node id="10080041608" lat="24.6255318" lon="121.6756962"/>
  <node id="10080041607" lat="24.6258463" lon="121.6754790"/>
  <node id="10080041606" lat="24.6259305" lon="121.6753797"/>
  <node id="10080041605" lat="24.6259658" lon="121.6753006"/>
  <node id="10080041646" lat="24.6262164" lon="121.6746461"/>
  <node id="10080041629" lat="24.6262706" lon="121.6747226"/>
  <node id="10080041628" lat="24.6262962" lon="121.6748071"/>
  <node id="10080041627" lat="24.6263279" lon="121.6748486"/>
  <node id="10080041626" lat="24.6263828" lon="121.6748580"/>
  <node id="10080041625" lat="24.6266217" lon="121.6748460"/>
  <node id="10080041624" lat="24.6267485" lon="121.6748232"/>
  <node id="10080041623" lat="24.6268338" lon="121.6747856"/>
  <node id="10080041622" lat="24.6270118" lon="121.6746998"/>
  <node id="10080041668" lat="24.6251484" lon="121.6745328"/>
  <node id="10080041667" lat="24.6255062" lon="121.6745496"/>
  <node id="10080041666" lat="24.6257659" lon="121.6746374"/>
  <node id="10080041665" lat="24.6258116" lon="121.6746448"/>
  <node id="10080041664" lat="24.6258531" lon="121.6746012"/>
  <node id="10080041663" lat="24.6259079" lon="121.6744356"/>
  <node id="10080041662" lat="24.6259286" lon="121.6743035"/>
  <node id="10080041661" lat="24.6259390" lon="121.6740849"/>
  <node id="10080041660" lat="24.6259622" lon="121.6739836"/>
  <node id="10080041659" lat="24.6260310" lon="121.6738676"/>
  <node id="10080041658" lat="24.6260725" lon="121.6737268"/>
  <node id="10080041886" lat="24.6261024" lon="121.6736484"/>
  <node id="10080041657" lat="24.6261377" lon="121.6736571"/>
  <node id="10080041656" lat="24.6261950" lon="121.6737040"/>
  <node id="10080041655" lat="24.6262334" lon="121.6737758"/>
  <node id="10080041654" lat="24.6262322" lon="121.6738603"/>
  <node id="10080041653" lat="24.6261682" lon="121.6740400"/>
  <node id="10080041652" lat="24.6261292" lon="121.6741768"/>
  <node id="10080041651" lat="24.6261042" lon="121.6743632"/>
  <node id="10080041650" lat="24.6260963" lon="121.6744979"/>
  <node id="10080041649" lat="24.6261213" lon="121.6745771"/>
  <node id="10080041648" lat="24.6261499" lon="121.6746260"/>
  <node id="10080041647" lat="24.6261920" lon="121.6746482"/>
  <node id="10080041645" lat="24.6262925" lon="121.6745315"/>
  <node id="10080041644" lat="24.6264175" lon="121.6743169"/>
  <node id="10080041643" lat="24.6265467" lon="121.6741727"/>
  <node id="10080041642" lat="24.6267107" lon="121.6740440"/>
  <node id="10080041641" lat="24.6267948" lon="121.6740037"/>
  <node id="10080041640" lat="24.6268582" lon="121.6739877"/>
  <node id="10080041639" lat="24.6268826" lon="121.6739541"/>
  <node id="10080041638" lat="24.6269143" lon="121.6738482"/>
  <node id="10080041637" lat="24.6269326" lon="121.6738066"/>
  <node id="10080041636" lat="24.6269631" lon="121.6737583"/>
  <node id="10080041635" lat="24.6269679" lon="121.6735947"/>
  <node id="10080041634" lat="24.6269423" lon="121.6735303"/>
  <node id="10080041633" lat="24.6268351" lon="121.6733614"/>
  <node id="10080041632" lat="24.6267826" lon="121.6733117"/>
  <node id="10080041631" lat="24.6267156" lon="121.6733332"/>
  <node id="10080041630" lat="24.6266949" lon="121.6733707"/>
  <node id="10080041817" lat="24.6236994" lon="121.6745214"/>
  <node id="10080041818" lat="24.6237397" lon="121.6744517"/>
  <node id="10080041819" lat="24.6237287" lon="121.6743699"/>
  <node id="10080041820" lat="24.6237068" lon="121.6743270"/>
  <node id="10080041821" lat="24.6236165" lon="121.6743001"/>
  <node id="10080041822" lat="24.6235531" lon="121.6742653"/>
  <node id="3210375715" lat="24.6234996" lon="121.6742280"/>
  <node id="3210375713" lat="24.6234057" lon="121.6738736"/>
  <node id="3210375717" lat="24.6235695" lon="121.6735950"/>
  <node id="10080041716" lat="24.6236336" lon="121.6732205"/>
  <node id="3210375718" lat="24.6236355" lon="121.6729536"/>
  <node id="3210375723" lat="24.6237502" lon="121.6727364"/>
  <node id="3210375726" lat="24.6239203" lon="121.6726498"/>
  <node id="3210375730" lat="24.6241750" lon="121.6724851"/>
  <node id="10080041715" lat="24.6243090" lon="121.6724789"/>
  <node id="10080041714" lat="24.6244919" lon="121.6725312"/>
  <node id="3210375732" lat="24.6247760" lon="121.6726399"/>
  <node id="3210375733" lat="24.6249162" lon="121.6726846"/>
  <node id="3210375734" lat="24.6250193" lon="121.6727972"/>
  <node id="3210375737" lat="24.6250472" lon="121.6727152"/>
  <node id="3210375736" lat="24.6250271" lon="121.6725177"/>
  <node id="3210375739" lat="24.6250650" lon="121.6722229"/>
  <node id="10080041713" lat="24.6250661" lon="121.6719639"/>
  <node id="10080041712" lat="24.6250539" lon="121.6719022"/>
  <node id="10080041711" lat="24.6249710" lon="121.6717400"/>
  <node id="10080041710" lat="24.6248893" lon="121.6715911"/>
  <node id="10080041709" lat="24.6249088" lon="121.6714878"/>
  <node id="10080041708" lat="24.6250271" lon="121.6714261"/>
  <node id="10080041707" lat="24.6252929" lon="121.6713645"/>
  <node id="10080041706" lat="24.6256842" lon="121.6713819"/>
  <node id="10080041705" lat="24.6257903" lon="121.6714087"/>
  <node id="10080041915" lat="24.6258488" lon="121.6714852"/>
  <node id="10080041908" lat="24.6263541" lon="121.6724414"/>
  <node id="10080041854" lat="24.6263334" lon="121.6723582"/>
  <node id="10080041855" lat="24.6262560" lon="121.6721879"/>
  <node id="10080041856" lat="24.6261609" lon="121.6720645"/>
  <node id="10080041857" lat="24.6261450" lon="121.6719901"/>
  <node id="10080041858" lat="24.6261609" lon="121.6718922"/>
  <node id="10080041859" lat="24.6262072" lon="121.6718359"/>
  <node id="10080041860" lat="24.6262529" lon="121.6718010"/>
  <node id="10080041861" lat="24.6263163" lon="121.6718070"/>
  <node id="10080041862" lat="24.6263828" lon="121.6718184"/>
  <node id="10080041863" lat="24.6264443" lon="121.6718010"/>
  <node id="10080041864" lat="24.6264846" lon="121.6717654"/>
  <node id="10080041865" lat="24.6265589" lon="121.6718291"/>
  <node id="10080041866" lat="24.6267314" lon="121.6718486"/>
  <node id="10080041867" lat="24.6271118" lon="121.6719197"/>
  <node id="10080041868" lat="24.6271941" lon="121.6719297"/>
  <node id="10080041869" lat="24.6272916" lon="121.6718654"/>
  <node id="10080041870" lat="24.6273648" lon="121.6717869"/>
  <node id="10080041871" lat="24.6274666" lon="121.6716850"/>
  <node id="10080041872" lat="24.6275909" lon="121.6716186"/>
  <node id="10080041873" lat="24.6278274" lon="121.6716300"/>
  <node id="10080041874" lat="24.6280566" lon="121.6717165"/>
  <node id="10080041875" lat="24.6281950" lon="121.6717225"/>
  <node id="10080041876" lat="24.6282834" lon="121.6717507"/>
  <node id="10080041877" lat="24.6283175" lon="121.6718023"/>
  <node id="10080041878" lat="24.6283358" lon="121.6717722"/>
  <node id="10080041879" lat="24.6283333" lon="121.6716964"/>
  <node id="10080041880" lat="24.6283431" lon="121.6716213"/>
  <node id="10080041881" lat="24.6284217" lon="121.6714261"/>
  <node id="10080041882" lat="24.6284339" lon="121.6713417"/>
  <node id="10080041883" lat="24.6284047" lon="121.6712900"/>
  <node id="10080041884" lat="24.6283498" lon="121.6712384"/>
  <node id="10080041885" lat="24.6282620" lon="121.6711901"/>
  <node id="10080041948" lat="24.6281822" lon="121.6711271"/>
  <node id="10080041887" lat="24.6260804" lon="121.6736068"/>
  <node id="10080041888" lat="24.6260634" lon="121.6735250"/>
  <node id="10080041889" lat="24.6260792" lon="121.6734204"/>
  <node id="10080041890" lat="24.6260780" lon="121.6733748"/>
  <node id="10080041891" lat="24.6260195" lon="121.6733265"/>
  <node id="10080041892" lat="24.6259914" lon="121.6732809"/>
  <node id="10080041893" lat="24.6260061" lon="121.6731964"/>
  <node id="10080041894" lat="24.6260743" lon="121.6730636"/>
  <node id="10080041895" lat="24.6261243" lon="121.6730100"/>
  <node id="10080041896" lat="24.6261962" lon="121.6729872"/>
  <node id="10080041897" lat="24.6263242" lon="121.6730314"/>
  <node id="10080041898" lat="24.6266705" lon="121.6731065"/>
  <node id="10080041899" lat="24.6267253" lon="121.6730878"/>
  <node id="10080041900" lat="24.6269460" lon="121.6727860"/>
  <node id="10080041901" lat="24.6269692" lon="121.6727431"/>
  <node id="10080041902" lat="24.6269606" lon="121.6727002"/>
  <node id="10080041903" lat="24.6268948" lon="121.6726398"/>
  <node id="10080041904" lat="24.6268448" lon="121.6726224"/>
  <node id="10080041905" lat="24.6267266" lon="121.6726372"/>
  <node id="10080041906" lat="24.6266339" lon="121.6726452"/>
  <node id="10080041907" lat="24.6265681" lon="121.6726278"/>
  <node id="10080041909" lat="24.6262011" lon="121.6722952"/>
  <node id="10080041910" lat="24.6260816" lon="121.6722710"/>
  <node id="10080041911" lat="24.6259695" lon="121.6722295"/>
  <node id="10080041912" lat="24.6259024" lon="121.6721597"/>
  <node id="10080041913" lat="24.6258829" lon="121.6721061"/>
  <node id="10080041914" lat="24.6258488" lon="121.6719572"/>
  <node id="10080041916" lat="24.6258805" lon="121.6714449"/>
  <node id="10080041917" lat="24.6262609" lon="121.6713162"/>
  <node id="10080041918" lat="24.6265120" lon="121.6712558"/>
  <node id="10080041919" lat="24.6266107" lon="121.6712826"/>
  <node id="10080041920" lat="24.6266619" lon="121.6712853"/>
  <node id="10080041921" lat="24.6268436" lon="121.6712303"/>
  <node id="10080041922" lat="24.6273410" lon="121.6712357"/>
  <node id="10080041923" lat="24.6274141" lon="121.6712250"/>
  <node id="10080041924" lat="24.6274519" lon="121.6711955"/>
  <node id="10080041925" lat="24.6274495" lon="121.6711472"/>
  <node id="10080041926" lat="24.6274141" lon="121.6711096"/>
  <node id="10080041927" lat="24.6273154" lon="121.6710211"/>
  <node id="10080041928" lat="24.6272800" lon="121.6709487"/>
  <node id="10080041929" lat="24.6271276" lon="121.6707113"/>
  <node id="10080041930" lat="24.6271240" lon="121.6706510"/>
  <node id="10080041931" lat="24.6271435" lon="121.6705880"/>
  <node id="10080041932" lat="24.6272337" lon="121.6703787"/>
  <node id="10080041933" lat="24.6273130" lon="121.6701749"/>
  <node id="10080041934" lat="24.6273410" lon="121.6701360"/>
  <node id="10080041935" lat="24.6275604" lon="121.6700073"/>
  <node id="10080041951" lat="24.6280420" lon="121.6708146"/>
  <node id="10080041950" lat="24.6280846" lon="121.6709849"/>
  <node id="10080041949" lat="24.6281322" lon="121.6710815"/>
  <node id="10080041947" lat="24.6283663" lon="121.6711673"/>
  <node id="10080041946" lat="24.6284955" lon="121.6711499"/>
  <node id="10080041945" lat="24.6286966" lon="121.6710868"/>
  <node id="10080041944" lat="24.6287527" lon="121.6710493"/>
  <node id="10080041943" lat="24.6287722" lon="121.6710171"/>
  <node id="10080041942" lat="24.6287308" lon="121.6709702"/>
  <node id="10080041941" lat="24.6286686" lon="121.6709031"/>
  <node id="10080041940" lat="24.6286442" lon="121.6707771"/>
  <node id="10080041939" lat="24.6285833" lon="121.6706349"/>
  <node id="10080041938" lat="24.6284199" lon="121.6704257"/>
  <node id="10080041937" lat="24.6283541" lon="121.6703854"/>
  <node id="10080041936" lat="24.6282602" lon="121.6703640"/>
  <node id="10080041750" lat="24.6417336" lon="121.6864351"/>
  <node id="10080041749" lat="24.6417086" lon="121.6864190"/>
  <node id="10080041748" lat="24.6416520" lon="121.6864358"/>
  <node id="10080041747" lat="24.6415581" lon="121.6864901"/>
  <node id="10080041746" lat="24.6414795" lon="121.6865659"/>
  <node id="10080041745" lat="24.6413905" lon="121.6866732"/>
  <node id="10080041744" lat="24.6412978" lon="121.6867094"/>
  <node id="10080041743" lat="24.6411833" lon="121.6866953"/>
  <node id="10080041742" lat="24.6411022" lon="121.6866457"/>
  <node id="10080041741" lat="24.6410431" lon="121.6865920"/>
  <node id="10080041740" lat="24.6410163" lon="121.6865055"/>
  <node id="10080041739" lat="24.6410181" lon="121.6864163"/>
  <node id="10080041738" lat="24.6409955" lon="121.6863091"/>
  <node id="10080041737" lat="24.6410138" lon="121.6862132"/>
  <node id="10080041736" lat="24.6410205" lon="121.6861354"/>
  <node id="10080042074" lat="24.6409998" lon="121.6859825"/>
  <node id="10080042073" lat="24.6409578" lon="121.6858947"/>
  <node id="10080042072" lat="24.6409230" lon="121.6857766"/>
  <node id="10080042071" lat="24.6408621" lon="121.6856968"/>
  <node id="10080041806" lat="24.6431665" lon="121.6807173"/>
  <node id="10080041805" lat="24.6433189" lon="121.6807361"/>
  <node id="10080041804" lat="24.6435103" lon="121.6807012"/>
  <node id="10080041803" lat="24.6436029" lon="121.6807213"/>
  <node id="10080041802" lat="24.6436736" lon="121.6807871"/>
  <node id="10080041801" lat="24.6438138" lon="121.6809601"/>
  <node id="10080041800" lat="24.6439113" lon="121.6810137"/>
  <node id="10080041799" lat="24.6440027" lon="121.6810191"/>
  <node id="10080041798" lat="24.6440710" lon="121.6809909"/>
  <node id="10080041797" lat="24.6442429" lon="121.6808769"/>
  <node id="10080041796" lat="24.6443562" lon="121.6808474"/>
  <node id="10080041795" lat="24.6444513" lon="121.6808313"/>
  <node id="10080041794" lat="24.6445013" lon="121.6807991"/>
  <node id="10080041793" lat="24.6445062" lon="121.6807589"/>
  <node id="10080041792" lat="24.6444964" lon="121.6807093"/>
  <node id="10080041791" lat="24.6444635" lon="121.6806476"/>
  <node id="10080041790" lat="24.6444074" lon="121.6806087"/>
  <node id="10080041789" lat="24.6442100" lon="121.6806301"/>
  <node id="10080041788" lat="24.6441502" lon="121.6806422"/>
  <node id="10080041787" lat="24.6439808" lon="121.6806261"/>
  <node id="10080041786" lat="24.6438723" lon="121.6805926"/>
  <node id="10080041785" lat="24.6438077" lon="121.6805336"/>
  <node id="10080041784" lat="24.6437577" lon="121.6804518"/>
  <node id="10080041783" lat="24.6436968" lon="121.6803338"/>
  <node id="10080041782" lat="24.6435798" lon="121.6802962"/>
  <node id="10080041781" lat="24.6434103" lon="121.6802171"/>
  <node id="10080041780" lat="24.6433335" lon="121.6801742"/>
  <node id="10080041779" lat="24.6432324" lon="121.6800494"/>
  <node id="10080041778" lat="24.6432007" lon="121.6799569"/>
  <node id="10080041777" lat="24.6431738" lon="121.6798939"/>
  <node id="10080041776" lat="24.6430739" lon="121.6798255"/>
  <node id="10080041775" lat="24.6429605" lon="121.6797960"/>
  <node id="10080041774" lat="24.6428654" lon="121.6797785"/>
  <node id="10159392995" lat="24.6738014" lon="121.6882019"/>
  <node id="10159392996" lat="24.6735710" lon="121.6882701"/>
  <node id="10159392997" lat="24.6733773" lon="121.6884379"/>
  <node id="10159392998" lat="24.6732311" lon="121.6885238"/>
  <node id="10159392999" lat="24.6731044" lon="121.6886418"/>
  <node id="10197336924" lat="24.6209832" lon="121.7052743"/>
  <node id="10197336923" lat="24.6210904" lon="121.7052636"/>
  <node id="10197336922" lat="24.6212124" lon="121.7052850"/>
  <node id="10197336921" lat="24.6212709" lon="121.7052850"/>
  <node id="10197336920" lat="24.6213416" lon="121.7052528"/>
  <node id="10197336919" lat="24.6214294" lon="121.7051509"/>
  <node id="10197336918" lat="24.6215440" lon="121.7050812"/>
  <node id="14174991462" lat="24.6551015" lon="121.7183892"/>
  <node id="10214203488" lat="24.6548302" lon="121.7183012"/>
  <node id="14174992964" lat="24.6547509" lon="121.7182792"/>
  <node id="14174992965" lat="24.6546770" lon="121.7182680"/>
  <node id="10214203492" lat="24.6559570" lon="121.7104026"/>
  <node id="10254967001" lat="24.6131655" lon="121.7121716"/>
  <node id="10254967000" lat="24.6129949" lon="121.7121769"/>
  <node id="10254974917" lat="24.6244821" lon="121.7088725"/>
  <node id="10254974916" lat="24.6244102" lon="121.7088698"/>
  <node id="10254974915" lat="24.6243468" lon="121.7088403"/>
  <node id="10254974914" lat="24.6242590" lon="121.7087652"/>
  <node id="10254974913" lat="24.6242176" lon="121.7087585"/>
  <node id="10254974912" lat="24.6239006" lon="121.7088644"/>
  <node id="10254974918" lat="24.6245504" lon="121.7091246"/>
  <node id="4430954388" lat="24.6243321" lon="121.7091333"/>
  <node id="4430965118" lat="24.6239754" lon="121.7090394"/>
  <node id="4430954387" lat="24.6238274" lon="121.7091253"/>
  <node id="10197329002" lat="24.6238579" lon="121.7092520"/>
  <node id="10254974925" lat="24.6246918" lon="121.7094438"/>
  <node id="10254974924" lat="24.6245565" lon="121.7097040"/>
  <node id="10254974923" lat="24.6244712" lon="121.7097294"/>
  <node id="10254974922" lat="24.6241737" lon="121.7097214"/>
  <node id="994345776" lat="24.6407258" lon="121.7071116"/>
  <node id="2946920186" lat="24.6407161" lon="121.7066620"/>
  <node id="2946920185" lat="24.6406709" lon="121.7063227"/>
  <node id="2946920181" lat="24.6405759" lon="121.7061095"/>
  <node id="2946920180" lat="24.6404357" lon="121.7058560"/>
  <node id="2946920177" lat="24.6402480" lon="121.7056710"/>
  <node id="2946920166" lat="24.6401590" lon="121.7054577"/>
  <node id="2946920165" lat="24.6401504" lon="121.7052472"/>
  <node id="2946920167" lat="24.6401907" lon="121.7050286"/>
  <node id="2946920176" lat="24.6403357" lon="121.7046657"/>
  <node id="2946920178" lat="24.6403857" lon="121.7045787"/>
  <node id="2946920179" lat="24.6404023" lon="121.7044274"/>
  <node id="2946920175" lat="24.6402857" lon="121.7038578"/>
  <node id="4430931540" lat="24.6402455" lon="121.7033696"/>
  <node id="2946920169" lat="24.6402114" lon="121.7030015"/>
  <node id="2946920163" lat="24.6400682" lon="121.7026347"/>
  <node id="2946920162" lat="24.6400432" lon="121.7025064"/>
  <node id="2946920164" lat="24.6400765" lon="121.7024055"/>
  <node id="2946920170" lat="24.6402265" lon="121.7022680"/>
  <node id="2946920184" lat="24.6407209" lon="121.7017945"/>
  <node id="2946920193" lat="24.6411134" lon="121.7013627"/>
  <node id="2946920201" lat="24.6412565" lon="121.7011937"/>
  <node id="2946920204" lat="24.6413273" lon="121.7010333"/>
  <node id="2946920206" lat="24.6413523" lon="121.7008958"/>
  <node id="2946920205" lat="24.6413482" lon="121.7006850"/>
  <node id="2946920203" lat="24.6413232" lon="121.7004925"/>
  <node id="2946920200" lat="24.6412440" lon="121.7003412"/>
  <node id="2946920196" lat="24.6411464" lon="121.7001825"/>
  <node id="2946920191" lat="24.6409867" lon="121.6999491"/>
  <node id="2946920189" lat="24.6408562" lon="121.6996326"/>
  <node id="2946920183" lat="24.6407392" lon="121.6989795"/>
  <node id="4430931544" lat="24.6407246" lon="121.6983237"/>
  <node id="2946920182" lat="24.6407502" lon="121.6979188"/>
  <node id="2946920190" lat="24.6409062" lon="121.6958494"/>
  <node id="4430931557" lat="24.6410708" lon="121.6937210"/>
  <node id="2946920192" lat="24.6411073" lon="121.6934434"/>
  <node id="2946920197" lat="24.6411988" lon="121.6931913"/>
  <node id="2946920202" lat="24.6413450" lon="121.6928399"/>
  <node id="2946920207" lat="24.6413926" lon="121.6926213"/>
  <node id="4430931570" lat="24.6415059" lon="121.6923129"/>
  <node id="2946920210" lat="24.6415230" lon="121.6921721"/>
  <node id="2946920209" lat="24.6414938" lon="121.6920286"/>
  <node id="2946920198" lat="24.6412622" lon="121.6910429"/>
  <node id="4430931560" lat="24.6411171" lon="121.6905225"/>
  <node id="2946920194" lat="24.6410988" lon="121.6903884"/>
  <node id="10293649986" lat="24.6771735" lon="121.6346763"/>
  <node id="10293679517" lat="24.6771663" lon="121.6348858"/>
  <node id="10293679512" lat="24.6771635" lon="121.6353511"/>
  <node id="10293649987" lat="24.6771628" lon="121.6354761"/>
  <node id="10293679514" lat="24.6771620" lon="121.6356029"/>
  <node id="10293679526" lat="24.6771552" lon="121.6367515"/>
  <node id="10293860763" lat="24.6771424" lon="121.6389049"/>
  <node id="10293860770" lat="24.6771399" lon="121.6393356"/>
  <node id="10293860761" lat="24.6771377" lon="121.6397088"/>
  <node id="10293650006" lat="24.6771343" lon="121.6402778"/>
  <node id="10293679509" lat="24.6771328" lon="121.6405296"/>
  <node id="10293679528" lat="24.6771181" lon="121.6430067"/>
  <node id="10293650000" lat="24.6771121" lon="121.6440236"/>
  <node id="10293650003" lat="24.6771106" lon="121.6442754"/>
  <node id="10293679523" lat="24.6771062" lon="121.6450141"/>
  <node id="10293679531" lat="24.6770922" lon="121.6473760"/>
  <node id="10293649991" lat="24.6770739" lon="121.6504618"/>
  <node id="10293649985" lat="24.6770610" lon="121.6506796"/>
  <node id="10293649992" lat="24.6771100" lon="121.6528685"/>
  <node id="2279816397" lat="24.6805828" lon="121.6717777"/>
  <node id="2268453822" lat="24.6743751" lon="121.6713659"/>
  <node id="2268453787" lat="24.6735381" lon="121.6710580"/>
  <node id="4431004651" lat="24.6613797" lon="121.6317399"/>
  <node id="4431004650" lat="24.6613651" lon="121.6317989"/>
  <node id="3707841672" lat="24.6612993" lon="121.6332701"/>
  <node id="4431004646" lat="24.6612725" lon="121.6341230"/>
  <node id="4431004640" lat="24.6612286" lon="121.6342652"/>
  <node id="4431004635" lat="24.6607892" lon="121.6351094"/>
  <node id="10019940396" lat="24.6607724" lon="121.6351575"/>
  <node id="4431004633" lat="24.6607386" lon="121.6352697"/>
  <node id="3707841647" lat="24.6607313" lon="121.6356264"/>
  <node id="4431004634" lat="24.6607801" lon="121.6359925"/>
  <node id="4431004636" lat="24.6608386" lon="121.6361655"/>
  <node id="4431004638" lat="24.6610494" lon="121.6364753"/>
  <node id="3707841661" lat="24.6611128" lon="121.6366242"/>
  <node id="4431004639" lat="24.6612175" lon="121.6370607"/>
  <node id="4431004642" lat="24.6612463" lon="121.6373933"/>
  <node id="4431004647" lat="24.6612785" lon="121.6375871"/>
  <node id="4431004649" lat="24.6613243" lon="121.6377816"/>
  <node id="3707841676" lat="24.6613761" lon="121.6379284"/>
  <node id="4431004652" lat="24.6614248" lon="121.6381846"/>
  <node id="4431004654" lat="24.6614565" lon="121.6384796"/>
  <node id="4431004655" lat="24.6614705" lon="121.6385192"/>
  <node id="4431004657" lat="24.6616125" lon="121.6388645"/>
  <node id="4431004658" lat="24.6616448" lon="121.6389765"/>
  <node id="4431004659" lat="24.6616978" lon="121.6392943"/>
  <node id="3707841698" lat="24.6617295" lon="121.6394814"/>
  <node id="4431004660" lat="24.6617246" lon="121.6397630"/>
  <node id="3707841691" lat="24.6616515" lon="121.6403182"/>
  <node id="3707841668" lat="24.6611860" lon="121.6418882"/>
  <node id="4430915477" lat="24.6610890" lon="121.6421559"/>
  <node id="3707841620" lat="24.6603496" lon="121.6429151"/>
  <node id="4430915440" lat="24.6602602" lon="121.6430518"/>
  <node id="3707841612" lat="24.6601921" lon="121.6432102"/>
  <node id="4430915437" lat="24.6601895" lon="121.6434300"/>
  <node id="3707841618" lat="24.6602222" lon="121.6436210"/>
  <node id="4430915450" lat="24.6605429" lon="121.6441649"/>
  <node id="3707841636" lat="24.6606481" lon="121.6444599"/>
  <node id="4430915458" lat="24.6606819" lon="121.6446879"/>
  <node id="3707841641" lat="24.6606478" lon="121.6458988"/>
  <node id="3707841623" lat="24.6604142" lon="121.6464223"/>
  <node id="3707841591" lat="24.6595454" lon="121.6473815"/>
  <node id="4430915502" lat="24.6594216" lon="121.6475928"/>
  <node id="4430915500" lat="24.6593973" lon="121.6478476"/>
  <node id="3707841598" lat="24.6596504" lon="121.6486828"/>
  <node id="4430915513" lat="24.6597556" lon="121.6490653"/>
  <node id="4430915327" lat="24.6562857" lon="121.6484478"/>
  <node id="4430915326" lat="24.6553676" lon="121.6479311"/>
  <node id="4430915325" lat="24.6549752" lon="121.6477717"/>
  <node id="4430915324" lat="24.6545485" lon="121.6476750"/>
  <node id="4430915323" lat="24.6544126" lon="121.6475710"/>
  <node id="4430915322" lat="24.6541285" lon="121.6469829"/>
  <node id="4430915320" lat="24.6540772" lon="121.6466676"/>
  <node id="4430915321" lat="24.6540801" lon="121.6465614"/>
  <node id="4430915318" lat="24.6536915" lon="121.6457230"/>
  <node id="4430915319" lat="24.6537389" lon="121.6455764"/>
  <node id="4430915317" lat="24.6536447" lon="121.6452683"/>
  <node id="4430915316" lat="24.6535461" lon="121.6448584"/>
  <node id="4430915537" lat="24.6632449" lon="121.6439456"/>
  <node id="4430915534" lat="24.6631790" lon="121.6447579"/>
  <node id="4430915530" lat="24.6629603" lon="121.6453628"/>
  <node id="4430915529" lat="24.6629513" lon="121.6457581"/>
  <node id="4430915521" lat="24.6625943" lon="121.6457432"/>
  <node id="4430915519" lat="24.6625865" lon="121.6465735"/>
  <node id="4430915524" lat="24.6628187" lon="121.6466916"/>
  <node id="4430915628" lat="24.6624423" lon="121.6470613"/>
  <node id="4430915498" lat="24.6593447" lon="121.6512920"/>
  <node id="4430915501" lat="24.6594060" lon="121.6514857"/>
  <node id="4430915510" lat="24.6596683" lon="121.6519181"/>
  <node id="4430915511" lat="24.6596867" lon="121.6520420"/>
  <node id="9500942523" lat="24.6671802" lon="121.6487011"/>
  <node id="9500942525" lat="24.6671948" lon="121.6487454"/>
  <node id="3707841710" lat="24.6619464" lon="121.6760915"/>
  <node id="4430955758" lat="24.6619501" lon="121.6772851"/>
  <node id="3707841706" lat="24.6618928" lon="121.6786101"/>
  <node id="4430937254" lat="24.6656125" lon="121.6898830"/>
  <node id="4430937253" lat="24.6655954" lon="121.6899501"/>
  <node id="3707841937" lat="24.6666248" lon="121.6903573"/>
  <node id="3707841924" lat="24.6664579" lon="121.6902430"/>
  <node id="4430937263" lat="24.6663315" lon="121.6901995"/>
  <node id="4430937261" lat="24.6661487" lon="121.6901539"/>
  <node id="3707841905" lat="24.6660268" lon="121.6901432"/>
  <node id="3707841895" lat="24.6658587" lon="121.6901257"/>
  <node id="3707841890" lat="24.6657343" lon="121.6900037"/>
  <node id="3707841885" lat="24.6656417" lon="121.6898763"/>
  <node id="10308446874" lat="24.6722604" lon="121.7072149"/>
  <node id="4458314411" lat="24.6752320" lon="121.7174482"/>
  <node id="4458314412" lat="24.6752613" lon="121.7174053"/>
  <node id="3707842340" lat="24.6752563" lon="121.7173691"/>
  <node id="3707842334" lat="24.6748872" lon="121.7158549"/>
  <node id="3707842349" lat="24.6755720" lon="121.7135037"/>
  <node id="3707842351" lat="24.6756381" lon="121.7131370"/>
  <node id="10308446880" lat="24.6755918" lon="121.7129682"/>
  <node id="10308446881" lat="24.6755941" lon="121.7128671"/>
  <node id="4430959539" lat="24.6680356" lon="121.7197998"/>
  <node id="4430959548" lat="24.6682477" lon="121.7198481"/>
  <node id="4430959556" lat="24.6685500" lon="121.7199674"/>
  <node id="4430959560" lat="24.6689632" lon="121.7200453"/>
  <node id="4430959563" lat="24.6691259" lon="121.7200634"/>
  <node id="4430959565" lat="24.6692745" lon="121.7200566"/>
  <node id="4430959567" lat="24.6694244" lon="121.7200419"/>
  <node id="4430959568" lat="24.6695682" lon="121.7200285"/>
  <node id="10308446885" lat="24.6602681" lon="121.7138193"/>
  <node id="11158458334" lat="24.6685598" lon="121.7147876"/>
  <node id="3707842174" lat="24.6689654" lon="121.7088420"/>
  <node id="10308446888" lat="24.6676024" lon="121.7074121"/>
  <node id="10308446892" lat="24.6675293" lon="121.7092657"/>
  <node id="10308446891" lat="24.6685156" lon="121.7089858"/>
  <node id="7701090431" lat="24.6670254" lon="121.7088549"/>
  <node id="10308446895" lat="24.6666579" lon="121.7089144"/>
  <node id="2946927067" lat="24.6067950" lon="121.6391084"/>
  <node id="11027022111" lat="24.6067246" lon="121.6391622"/>
  <node id="2946927065" lat="24.6066655" lon="121.6392142"/>
  <node id="11027022112" lat="24.6065997" lon="121.6393096"/>
  <node id="11027022149" lat="24.6065727" lon="121.6393590"/>
  <node id="5273749382" lat="24.6065485" lon="121.6394033"/>
  <node id="11027022113" lat="24.6065369" lon="121.6394707"/>
  <node id="5273749381" lat="24.6065384" lon="121.6398163"/>
  <node id="5273749380" lat="24.6065274" lon="121.6399598"/>
  <node id="11027022114" lat="24.6065288" lon="121.6400331"/>
  <node id="5273749379" lat="24.6065351" lon="121.6400993"/>
  <node id="11027022115" lat="24.6065450" lon="121.6401451"/>
  <node id="5273749378" lat="24.6065582" lon="121.6401784"/>
  <node id="11027022116" lat="24.6065942" lon="121.6402229"/>
  <node id="5273749377" lat="24.6066692" lon="121.6402495"/>
  <node id="5273749376" lat="24.6066863" lon="121.6404614"/>
  <node id="5273749375" lat="24.6067399" lon="121.6408101"/>
  <node id="5273749374" lat="24.6067033" lon="121.6408771"/>
  <node id="5273749373" lat="24.6065643" lon="121.6409844"/>
  <node id="5273749372" lat="24.6065400" lon="121.6410515"/>
  <node id="5273749371" lat="24.6065619" lon="121.6411722"/>
  <node id="11158450093" lat="24.6692709" lon="121.7133099"/>
  <node id="11158450095" lat="24.6692932" lon="121.7128385"/>
  <node id="11158376063" lat="24.6692971" lon="121.7127576"/>
  <node id="11158376065" lat="24.6731432" lon="121.7141926"/>
  <node id="11158376064" lat="24.6728142" lon="121.7142409"/>
  <node id="11158376068" lat="24.6723267" lon="121.7146325"/>
  <node id="11158376067" lat="24.6723974" lon="121.7142409"/>
  <node id="11158376066" lat="24.6727326" lon="121.7141001"/>
  <node id="11158376072" lat="24.6766213" lon="121.7157094"/>
  <node id="11158376071" lat="24.6767236" lon="121.7157094"/>
  <node id="11158450067" lat="24.6738525" lon="121.7143482"/>
  <node id="11158450076" lat="24.6769126" lon="121.7113800"/>
  <node id="11158450069" lat="24.6772318" lon="121.7117223"/>
  <node id="11158450068" lat="24.6778935" lon="121.7124157"/>
  <node id="987441824" lat="24.6764025" lon="121.7107540"/>
  <node id="11158450079" lat="24.6769620" lon="121.7113303"/>
  <node id="11158450070" lat="24.6769783" lon="121.7113482"/>
  <node id="11158450071" lat="24.6772208" lon="121.7116137"/>
  <node id="987441825" lat="24.6777138" lon="121.7121274"/>
  <node id="11158450072" lat="24.6778838" lon="121.7122990"/>
  <node id="11158450075" lat="24.6761928" lon="121.7106358"/>
  <node id="7561120559" lat="24.6752715" lon="121.7096977"/>
  <node id="11158450074" lat="24.6720148" lon="121.7074147"/>
  <node id="11158450077" lat="24.6751552" lon="121.7095833"/>
  <node id="7561120531" lat="24.6813537" lon="121.7180406"/>
  <node id="7561120532" lat="24.6813920" lon="121.7179630"/>
  <node id="7561120533" lat="24.6813920" lon="121.7179353"/>
  <node id="7561120534" lat="24.6813780" lon="121.7178829"/>
  <node id="7561120535" lat="24.6813332" lon="121.7177997"/>
  <node id="7561120536" lat="24.6804087" lon="121.7157384"/>
  <node id="11158376091" lat="24.6803904" lon="121.7156303"/>
  <node id="7561120537" lat="24.6803085" lon="121.7154304"/>
  <node id="7561120538" lat="24.6801240" lon="121.7150342"/>
  <node id="7561120539" lat="24.6800534" lon="121.7149919"/>
  <node id="7561120540" lat="24.6798260" lon="121.7144809"/>
  <node id="7561120541" lat="24.6797129" lon="121.7142938"/>
  <node id="7561120542" lat="24.6795850" lon="121.7140895"/>
  <node id="7561120543" lat="24.6794463" lon="121.7139145"/>
  <node id="7561120544" lat="24.6792811" lon="121.7137265"/>
  <node id="7561120545" lat="24.6789115" lon="121.7133353"/>
  <node id="7561120546" lat="24.6787548" lon="121.7132120"/>
  <node id="7561120547" lat="24.6786428" lon="121.7131381"/>
  <node id="7561120548" lat="24.6785588" lon="121.7130949"/>
  <node id="7561120549" lat="24.6784496" lon="121.7130364"/>
  <node id="13004091444" lat="24.6784441" lon="121.7130359"/>
  <node id="7561120550" lat="24.6782715" lon="121.7130191"/>
  <node id="7561120551" lat="24.6781640" lon="121.7129865"/>
  <node id="11158450092" lat="24.6695262" lon="121.7120710"/>
  <node id="11158450091" lat="24.6695628" lon="121.7121381"/>
  <node id="11158450090" lat="24.6696554" lon="121.7124546"/>
  <node id="11158450094" lat="24.6689778" lon="121.7132995"/>
  <node id="11158450096" lat="24.6688096" lon="121.7128301"/>
  <node id="11158458207" lat="24.6684062" lon="121.7015527"/>
  <node id="11158458214" lat="24.6681174" lon="121.7069775"/>
  <node id="11158458246" lat="24.6679370" lon="121.7061527"/>
  <node id="11158458241" lat="24.6677773" lon="121.7064236"/>
  <node id="11158458240" lat="24.6675303" lon="121.7065442"/>
  <node id="11158458245" lat="24.6677530" lon="121.7062654"/>
  <node id="11158458244" lat="24.6676323" lon="121.7063686"/>
  <node id="11158458243" lat="24.6675775" lon="121.7065001"/>
  <node id="11158458242" lat="24.6674714" lon="121.7065993"/>
  <node id="11158458248" lat="24.6669352" lon="121.7089730"/>
  <node id="11158458256" lat="24.6755513" lon="121.7085841"/>
  <node id="11158458263" lat="24.6736831" lon="121.7065068"/>
  <node id="11158458262" lat="24.6738135" lon="121.7066060"/>
  <node id="11158458261" lat="24.6738830" lon="121.7067710"/>
  <node id="11158458260" lat="24.6740463" lon="121.7070405"/>
  <node id="11158458259" lat="24.6744789" lon="121.7074817"/>
  <node id="11158458258" lat="24.6749578" lon="121.7080061"/>
  <node id="11158458257" lat="24.6750346" lon="121.7080598"/>
  <node id="11158458255" lat="24.6756525" lon="121.7087665"/>
  <node id="11158458254" lat="24.6758145" lon="121.7089637"/>
  <node id="11158458253" lat="24.6760180" lon="121.7091501"/>
  <node id="11158458252" lat="24.6761131" lon="121.7093432"/>
  <node id="11158458251" lat="24.6762264" lon="121.7094827"/>
  <node id="11158458250" lat="24.6765530" lon="121.7097294"/>
  <node id="7437710324" lat="24.6769442" lon="121.7100396"/>
  <node id="11158458273" lat="24.6777071" lon="121.7095698"/>
  <node id="11158458272" lat="24.6777351" lon="121.7095900"/>
  <node id="11158458271" lat="24.6779544" lon="121.7095242"/>
  <node id="11158458270" lat="24.6779947" lon="121.7095470"/>
  <node id="11158458269" lat="24.6782920" lon="121.7099762"/>
  <node id="11158458268" lat="24.6784468" lon="121.7103302"/>
  <node id="11158458267" lat="24.6784711" lon="121.7104483"/>
  <node id="11158458283" lat="24.6797690" lon="121.7177385"/>
  <node id="11158458282" lat="24.6801053" lon="121.7181127"/>
  <node id="11158458308" lat="24.6786795" lon="121.7166240"/>
  <node id="11158458305" lat="24.6788879" lon="121.7168400"/>
  <node id="11158458304" lat="24.6789257" lon="121.7169687"/>
  <node id="11158458303" lat="24.6790073" lon="121.7172168"/>
  <node id="11158458302" lat="24.6791280" lon="121.7173187"/>
  <node id="11158458301" lat="24.6792803" lon="121.7174113"/>
  <node id="11158458300" lat="24.6793717" lon="121.7175320"/>
  <node id="11158458299" lat="24.6793863" lon="121.7176634"/>
  <node id="11158458307" lat="24.6787222" lon="121.7165798"/>
  <node id="11158458306" lat="24.6789050" lon="121.7164323"/>
  <node id="11158458325" lat="24.6788513" lon="121.7143978"/>
  <node id="11158458328" lat="24.6730543" lon="121.7130420"/>
  <node id="11158458329" lat="24.6677444" lon="121.7147586"/>
  <node id="11158458332" lat="24.6687069" lon="121.7142193"/>
  <node id="11158458331" lat="24.6686957" lon="121.7145147"/>
  <node id="11158458330" lat="24.6685704" lon="121.7145090"/>
  <node id="11158458333" lat="24.6685783" lon="121.7143030"/>
  <node id="11158458336" lat="24.6705109" lon="121.7159629"/>
  <node id="11158458335" lat="24.6703549" lon="121.7159709"/>
  <node id="11158458341" lat="24.6708290" lon="121.7149101"/>
  <node id="11158458343" lat="24.6708180" lon="121.7144179"/>
  <node id="11158458342" lat="24.6709435" lon="121.7149155"/>
  <node id="11158458340" lat="24.6702221" lon="121.7147894"/>
  <node id="11158458344" lat="24.6713884" lon="121.7149168"/>
  <node id="11158475906" lat="24.6689729" lon="121.7197770"/>
  <node id="11158475910" lat="24.6676250" lon="121.7136615"/>
  <node id="11158475909" lat="24.6677859" lon="121.7136723"/>
  <node id="11158475908" lat="24.6678176" lon="121.7137313"/>
  <node id="11158475907" lat="24.6678249" lon="121.7140125"/>
  <node id="11158475912" lat="24.6663234" lon="121.7139056"/>
  <node id="11158475913" lat="24.6684659" lon="121.7121220"/>
  <node id="11158475915" lat="24.6679370" lon="121.7116928"/>
  <node id="11158475917" lat="24.6679516" lon="121.7113817"/>
  <node id="11158475919" lat="24.6671630" lon="121.7119332"/>
  <node id="11158475918" lat="24.6673959" lon="121.7119476"/>
  <node id="11158475921" lat="24.6671741" lon="121.7117089"/>
  <node id="11158475923" lat="24.6708375" lon="121.7183661"/>
  <node id="11158475922" lat="24.6710325" lon="121.7183755"/>
  <node id="11158475925" lat="24.6711105" lon="121.7190099"/>
  <node id="11158475927" lat="24.6709448" lon="121.7190005"/>
  <node id="11158475930" lat="24.6713762" lon="121.7182884"/>
  <node id="11158475928" lat="24.6713311" lon="121.7183849"/>
  <node id="11158475929" lat="24.6713299" lon="121.7187282"/>
  <node id="11158475935" lat="24.6724133" lon="121.7170934"/>
  <node id="11158475934" lat="24.6724389" lon="121.7173389"/>
  <node id="11158475933" lat="24.6724766" lon="121.7173898"/>
  <node id="11158475936" lat="24.6728435" lon="121.7181301"/>
  <node id="11158475939" lat="24.6733260" lon="121.7175226"/>
  <node id="11158475940" lat="24.6731530" lon="121.7174381"/>
  <node id="11158492732" lat="24.6745569" lon="121.7205092"/>
  <node id="11158492731" lat="24.6745910" lon="121.7206702"/>
  <node id="11158492730" lat="24.6746373" lon="121.7207640"/>
  <node id="11158492729" lat="24.6747689" lon="121.7208070"/>
  <node id="11158492734" lat="24.6738159" lon="121.7187577"/>
  <node id="11158492735" lat="24.6745788" lon="121.7187014"/>
  <node id="11158492744" lat="24.6727923" lon="121.7203215"/>
  <node id="11158492743" lat="24.6727850" lon="121.7204502"/>
  <node id="11158492742" lat="24.6734235" lon="121.7207131"/>
  <node id="11158492747" lat="24.6701892" lon="121.7176500"/>
  <node id="11158492746" lat="24.6708887" lon="121.7176715"/>
  <node id="11158492750" lat="24.6751175" lon="121.7183018"/>
  <node id="11158492753" lat="24.6768163" lon="121.7184171"/>
  <node id="11158492752" lat="24.6769381" lon="121.7183956"/>
  <node id="11158492751" lat="24.6772013" lon="121.7182267"/>
  <node id="5628715723" lat="24.6488671" lon="121.6586012"/>
  <node id="5628715721" lat="24.6489256" lon="121.6585084"/>
  <node id="5628715724" lat="24.6489549" lon="121.6584296"/>
  <node id="5628715729" lat="24.6489939" lon="121.6583475"/>
  <node id="5628715736" lat="24.6490329" lon="121.6582295"/>
  <node id="5628715735" lat="24.6490426" lon="121.6581436"/>
  <node id="5628715741" lat="24.6490329" lon="121.6580648"/>
  <node id="5628715745" lat="24.6489939" lon="121.6580433"/>
  <node id="5628715751" lat="24.6489485" lon="121.6580433"/>
  <node id="5628715752" lat="24.6489061" lon="121.6581115"/>
  <node id="5628715756" lat="24.6488768" lon="121.6581935"/>
  <node id="5628715761" lat="24.6488573" lon="121.6582901"/>
  <node id="5628715765" lat="24.6488315" lon="121.6583974"/>
  <node id="5628715768" lat="24.6487925" lon="121.6584403"/>
  <node id="5628715778" lat="24.6487306" lon="121.6584870"/>
  <node id="5628715771" lat="24.6486818" lon="121.6585261"/>
  <node id="5628715774" lat="24.6486428" lon="121.6585621"/>
  <node id="5628715784" lat="24.6486038" lon="121.6586120"/>
  <node id="5628715786" lat="24.6485355" lon="121.6586586"/>
  <node id="5628715812" lat="24.6484868" lon="121.6587123"/>
  <node id="5628715814" lat="24.6484380" lon="121.6587337"/>
  <node id="5628715818" lat="24.6483698" lon="121.6587407"/>
  <node id="5628715922" lat="24.6482952" lon="121.6587230"/>
  <node id="5628715924" lat="24.6482333" lon="121.6586978"/>
  <node id="5628715926" lat="24.6481845" lon="121.6586801"/>
  <node id="5628715928" lat="24.6481392" lon="121.6586549"/>
  <node id="5628715933" lat="24.6480772" lon="121.6586334"/>
  <node id="5628715932" lat="24.6480187" lon="121.6586120"/>
  <node id="5628715937" lat="24.6479636" lon="121.6585835"/>
  <node id="5628715940" lat="24.6478954" lon="121.6585369"/>
  <node id="5628715943" lat="24.6478564" lon="121.6585047"/>
  <node id="5628715948" lat="24.6478140" lon="121.6584870"/>
  <node id="5628715952" lat="24.6477554" lon="121.6584762"/>
  <node id="5628715955" lat="24.6477359" lon="121.6585154"/>
  <node id="5628715958" lat="24.6477359" lon="121.6585798"/>
  <node id="5628715961" lat="24.6477457" lon="121.6586801"/>
  <node id="5628715964" lat="24.6477554" lon="121.6587622"/>
  <node id="5628715965" lat="24.6478140" lon="121.6588587"/>
  <node id="5628715967" lat="24.6478530" lon="121.6589338"/>
  <node id="5628715969" lat="24.6478856" lon="121.6590089"/>
  <node id="5628715970" lat="24.6479310" lon="121.6590840"/>
  <node id="5628715972" lat="24.6479797" lon="121.6591307"/>
  <node id="5628715974" lat="24.6480319" lon="121.6592165"/>
  <node id="5628715976" lat="24.6480709" lon="121.6592986"/>
  <node id="5628715977" lat="24.6481099" lon="121.6593844"/>
  <node id="5628715979" lat="24.6481065" lon="121.6594418"/>
  <node id="5628715981" lat="24.6480480" lon="121.6593989"/>
  <node id="5628715094" lat="24.6480090" lon="121.6593131"/>
  <node id="5628715095" lat="24.6479539" lon="121.6592771"/>
  <node id="5628715097" lat="24.6479212" lon="121.6592450"/>
  <node id="5628715099" lat="24.6478627" lon="121.6592058"/>
  <node id="5628715105" lat="24.6477847" lon="121.6591414"/>
  <node id="5628715103" lat="24.6477296" lon="121.6590948"/>
  <node id="5628715106" lat="24.6476969" lon="121.6590411"/>
  <node id="5628715111" lat="24.6476418" lon="121.6589805"/>
  <node id="5628715114" lat="24.6475931" lon="121.6589376"/>
  <node id="5628715116" lat="24.6475346" lon="121.6588802"/>
  <node id="5628715722" lat="24.6474922" lon="121.6588480"/>
  <node id="5628715120" lat="24.6474629" lon="121.6587943"/>
  <node id="5628715738" lat="24.6474141" lon="121.6587622"/>
  <node id="5628715726" lat="24.6473525" lon="121.6586658"/>
  <node id="5628715731" lat="24.6473264" lon="121.6587192"/>
  <node id="5628715743" lat="24.6473298" lon="121.6588480"/>
  <node id="5628715740" lat="24.6473751" lon="121.6589590"/>
  <node id="5628715747" lat="24.6473946" lon="121.6590733"/>
  <node id="5628715749" lat="24.6474337" lon="121.6592128"/>
  <node id="5628715758" lat="24.6474761" lon="121.6593415"/>
  <node id="5628715754" lat="24.6475053" lon="121.6594311"/>
  <node id="5628715757" lat="24.6474434" lon="121.6594273"/>
  <node id="5628715763" lat="24.6473786" lon="121.6593522"/>
  <node id="5628715782" lat="24.6472874" lon="121.6593093"/>
  <node id="5628715770" lat="24.6472128" lon="121.6592235"/>
  <node id="5628715775" lat="24.6471608" lon="121.6591396"/>
  <node id="5628715773" lat="24.6471158" lon="121.6590799"/>
  <node id="5527907449" lat="24.6717355" lon="121.6675005"/>
  <node id="2261122572" lat="24.6716902" lon="121.6674601"/>
  <node id="1690064973" lat="24.6714656" lon="121.6671541"/>
  <node id="2261122556" lat="24.6713162" lon="121.6669357"/>
  <node id="1690064970" lat="24.6711961" lon="121.6666786"/>
  <node id="2261122550" lat="24.6709824" lon="121.6660318"/>
  <node id="9500049834" lat="24.6683526" lon="121.6525394"/>
  <node id="988498843" lat="24.6727437" lon="121.6683328"/>
  <node id="5527907448" lat="24.6719952" lon="121.6677258"/>
  <node id="9816992860" lat="24.6581209" lon="121.6924940"/>
  <node id="9816992861" lat="24.6581730" lon="121.6925966"/>
  <node id="9816992862" lat="24.6582419" lon="121.6927210"/>
  <node id="9816992863" lat="24.6583697" lon="121.6928065"/>
  <node id="11715725389" lat="24.6585222" lon="121.6926102"/>
  <node id="11715725425" lat="24.6584411" lon="121.6953530"/>
  <node id="11715725406" lat="24.6583632" lon="121.6954152"/>
  <node id="11715725415" lat="24.6581037" lon="121.6956376"/>
  <node id="11715725407" lat="24.6579048" lon="121.6958081"/>
  <node id="11715725408" lat="24.6577356" lon="121.6961412"/>
  <node id="11715725409" lat="24.6575884" lon="121.6964684"/>
  <node id="11715725434" lat="24.6577964" lon="121.6958574"/>
  <node id="11715725457" lat="24.6618156" lon="121.6967203"/>
  <node id="11715725458" lat="24.6624322" lon="121.6965665"/>
  <node id="11715725459" lat="24.6628165" lon="121.6964684"/>
  <node id="11715725460" lat="24.6632058" lon="121.6964955"/>
  <node id="11715725461" lat="24.6634351" lon="121.6965351"/>
  <node id="11715725462" lat="24.6636816" lon="121.6966465"/>
  <node id="11715725463" lat="24.6637884" lon="121.6968327"/>
  <node id="11715735274" lat="24.6637404" lon="121.6969043"/>
  <node id="11715725464" lat="24.6637099" lon="121.6969499"/>
  <node id="11715725465" lat="24.6635729" lon="121.6970510"/>
  <node id="11715725466" lat="24.6633650" lon="121.6970791"/>
  <node id="11715725467" lat="24.6631856" lon="121.6970894"/>
  <node id="11715725468" lat="24.6630795" lon="121.6970007"/>
  <node id="11715735269" lat="24.6630211" lon="121.6967429"/>
  <node id="11715735270" lat="24.6630753" lon="121.6966284"/>
  <node id="11715735271" lat="24.6632436" lon="121.6966185"/>
  <node id="11715735272" lat="24.6634729" lon="121.6966406"/>
  <node id="11715735273" lat="24.6635308" lon="121.6967085"/>
  <node id="11715735275" lat="24.6637434" lon="121.6969886"/>
  <node id="11715735276" lat="24.6636833" lon="121.6971589"/>
  <node id="11715735277" lat="24.6638043" lon="121.6974337"/>
  <node id="11715735278" lat="24.6637801" lon="121.6975464"/>
  <node id="11715735279" lat="24.6639386" lon="121.6978085"/>
  <node id="11715735280" lat="24.6640141" lon="121.6981389"/>
  <node id="11715735281" lat="24.6621452" lon="121.6954981"/>
  <node id="11715735282" lat="24.6622815" lon="121.6954193"/>
  <node id="11715735283" lat="24.6623987" lon="121.6953358"/>
  <node id="11715735284" lat="24.6624401" lon="121.6952406"/>
  <node id="11715735285" lat="24.6624246" lon="121.6951514"/>
  <node id="11715735286" lat="24.6622803" lon="121.6950484"/>
  <node id="11715735287" lat="24.6621119" lon="121.6951069"/>
  <node id="11715735288" lat="24.6618835" lon="121.6952309"/>
  <node id="11715735290" lat="24.6566122" lon="121.6988287"/>
  <node id="11715735291" lat="24.6565246" lon="121.6988506"/>
  <node id="11715735292" lat="24.6553767" lon="121.6981835"/>
  <node id="11715735293" lat="24.6552449" lon="121.6980354"/>
  <node id="11715735294" lat="24.6551951" lon="121.6979205"/>
  <node id="11715735295" lat="24.6552370" lon="121.6978303"/>
  <node id="11715735296" lat="24.6555353" lon="121.6976879"/>
  <node id="11715735297" lat="24.6556731" lon="121.6975162"/>
  <node id="11715735298" lat="24.6557815" lon="121.6973432"/>
  <node id="11715735299" lat="24.6557828" lon="121.6972396"/>
  <node id="11715735300" lat="24.6557375" lon="121.6971684"/>
  <node id="11715735301" lat="24.6555749" lon="121.6970689"/>
  <node id="11715735302" lat="24.6554632" lon="121.6970913"/>
  <node id="11715735303" lat="24.6554007" lon="121.6971338"/>
  <node id="7437710317" lat="24.6790110" lon="121.7119963"/>
  <node id="7437710318" lat="24.6789014" lon="121.7119909"/>
  <node id="7437710319" lat="24.6787917" lon="121.7119520"/>
  <node id="7437710320" lat="24.6786345" lon="121.7117911"/>
  <node id="7437710321" lat="24.6781153" lon="121.7112627"/>
  <node id="7437710322" lat="24.6773635" lon="121.7104795"/>
  <node id="7437710323" lat="24.6772745" lon="121.7103695"/>
  <node id="7437710325" lat="24.6767432" lon="121.7097754"/>
  <node id="11158458266" lat="24.6765177" lon="121.7095403"/>
  <node id="7437710316" lat="24.6793592" lon="121.7120239"/>
  <node id="13527734093" lat="24.6809621" lon="121.7144371"/>
  <node id="13004140211" lat="24.6809415" lon="121.7144215"/>
  <node id="7437710302" lat="24.6809070" lon="121.7143962"/>
  <node id="7437710303" lat="24.6808654" lon="121.7143950"/>
  <node id="7437710304" lat="24.6808130" lon="121.7143843"/>
  <node id="7437710305" lat="24.6807679" lon="121.7143239"/>
  <node id="7437710306" lat="24.6806254" lon="121.7140342"/>
  <node id="7437710307" lat="24.6804353" lon="121.7137298"/>
  <node id="7437710308" lat="24.6802037" lon="121.7134066"/>
  <node id="7437710309" lat="24.6800063" lon="121.7131746"/>
  <node id="7437710310" lat="24.6798357" lon="121.7129882"/>
  <node id="7437710311" lat="24.6796870" lon="121.7128420"/>
  <node id="7437710312" lat="24.6795225" lon="121.7126328"/>
  <node id="7437710313" lat="24.6795055" lon="121.7125295"/>
  <node id="7437710314" lat="24.6794774" lon="121.7124410"/>
  <node id="7437710315" lat="24.6794153" lon="121.7121661"/>
  <node id="12630339063" lat="24.6622282" lon="121.6428356"/>
  <node id="12630339064" lat="24.6622547" lon="121.6425811"/>
  <node id="12630339065" lat="24.6621559" lon="121.6424433"/>
  <node id="12630339066" lat="24.6621553" lon="121.6422233"/>
  <node id="12630339067" lat="24.6622189" lon="121.6421945"/>
  <node id="12630339068" lat="24.6626238" lon="121.6421583"/>
  <node id="12630339069" lat="24.6626120" lon="121.6418229"/>
  <node id="12630339070" lat="24.6636639" lon="121.6413829"/>
  <node id="12630339071" lat="24.6640273" lon="121.6413490"/>
  <node id="12630339072" lat="24.6642453" lon="121.6409381"/>
  <node id="12630339074" lat="24.6642744" lon="121.6412428"/>
  <node id="12630339077" lat="24.6649670" lon="121.6412794"/>
  <node id="12630339078" lat="24.6642533" lon="121.6418060"/>
  <node id="12630339080" lat="24.6643419" lon="121.6422830"/>
  <node id="12630339090" lat="24.6798570" lon="121.6433664"/>
  <node id="12630500263" lat="24.6482755" lon="121.7149017"/>
  <node id="12630500264" lat="24.6483975" lon="121.7144781"/>
  <node id="12630500265" lat="24.6483926" lon="121.7143548"/>
  <node id="12630500266" lat="24.6483194" lon="121.7142583"/>
  <node id="12630500267" lat="24.6482999" lon="121.7142047"/>
  <node id="12630500268" lat="24.6482853" lon="121.7140599"/>
  <node id="12630500269" lat="24.6482024" lon="121.7139581"/>
  <node id="12630500272" lat="24.6459248" lon="121.7070850"/>
  <node id="12630500273" lat="24.6454666" lon="121.7070635"/>
  <node id="12630500274" lat="24.6450886" lon="121.7071328"/>
  <node id="12630500275" lat="24.6452980" lon="121.7078052"/>
  <node id="12630500277" lat="24.6500603" lon="121.7173896"/>
  <node id="12630500278" lat="24.6495922" lon="121.7169231"/>
  <node id="2268453671" lat="24.6715580" lon="121.6572481"/>
  <node id="12746540324" lat="24.6524337" lon="121.6712694"/>
  <node id="12746540325" lat="24.6526920" lon="121.6713847"/>
  <node id="12746540326" lat="24.6535599" lon="121.6714383"/>
  <node id="12746540327" lat="24.6538768" lon="121.6714705"/>
  <node id="12746540328" lat="24.6544351" lon="121.6716181"/>
  <node id="12746540329" lat="24.6547325" lon="121.6718407"/>
  <node id="12746540331" lat="24.6526916" lon="121.6718782"/>
  <node id="12746540332" lat="24.6526823" lon="121.6717441"/>
  <node id="12746540333" lat="24.6476268" lon="121.6748768"/>
  <node id="12746540334" lat="24.6480021" lon="121.6748794"/>
  <node id="12746540335" lat="24.6481874" lon="121.6748768"/>
  <node id="12746540336" lat="24.6484701" lon="121.6747534"/>
  <node id="12746540337" lat="24.6486163" lon="121.6748070"/>
  <node id="12746540338" lat="24.6488259" lon="121.6747641"/>
  <node id="12746540339" lat="24.6495377" lon="121.6747695"/>
  <node id="12746540340" lat="24.6499496" lon="121.6749063"/>
  <node id="12746540341" lat="24.6500788" lon="121.6749787"/>
  <node id="12746540342" lat="24.6502104" lon="121.6749465"/>
  <node id="12746540343" lat="24.6508490" lon="121.6747159"/>
  <node id="12746540344" lat="24.6509952" lon="121.6746380"/>
  <node id="12746540345" lat="24.6511439" lon="121.6746836"/>
  <node id="12746540346" lat="24.6512731" lon="121.6747051"/>
  <node id="12746540347" lat="24.6513852" lon="121.6747212"/>
  <node id="12746540348" lat="24.6514486" lon="121.6746729"/>
  <node id="12746540349" lat="24.6514778" lon="121.6746086"/>
  <node id="12746540350" lat="24.6514729" lon="121.6745388"/>
  <node id="12746540351" lat="24.6513998" lon="121.6743725"/>
  <node id="12746540352" lat="24.6513657" lon="121.6741955"/>
  <node id="12746540353" lat="24.6513657" lon="121.6741419"/>
  <node id="12746540354" lat="24.6514047" lon="121.6739917"/>
  <node id="12746540355" lat="24.6515850" lon="121.6736967"/>
  <node id="12746540356" lat="24.6516874" lon="121.6735679"/>
  <node id="12746540357" lat="24.6519214" lon="121.6734177"/>
  <node id="12746540358" lat="24.6522529" lon="121.6732568"/>
  <node id="12746540359" lat="24.6522919" lon="121.6732085"/>
  <node id="12746540360" lat="24.6522675" lon="121.6730959"/>
  <node id="12746540361" lat="24.6521310" lon="121.6728008"/>
  <node id="12746540362" lat="24.6520725" lon="121.6725648"/>
  <node id="12746540363" lat="24.6522041" lon="121.6723717"/>
  <node id="12746540364" lat="24.6530036" lon="121.6717816"/>
  <node id="12997268973" lat="24.6761141" lon="121.7066446"/>
  <node id="12997268974" lat="24.6761555" lon="121.7066644"/>
  <node id="12997268975" lat="24.6762040" lon="121.7066950"/>
  <node id="12997268976" lat="24.6763489" lon="121.7068676"/>
  <node id="12997257670" lat="24.6687444" lon="121.7071847"/>
  <node id="13004541867" lat="24.6512833" lon="121.7073134"/>
  <node id="13004541866" lat="24.6512303" lon="121.7074516"/>
  <node id="13004541865" lat="24.6511956" lon="121.7074670"/>
  <node id="13004541864" lat="24.6511828" lon="121.7074375"/>
  <node id="13004541863" lat="24.6511767" lon="121.7072994"/>
  <node id="13004541862" lat="24.6510834" lon="121.7067824"/>
  <node id="13056062951" lat="24.6255586" lon="121.6820457"/>
  <node id="13056062950" lat="24.6255678" lon="121.6818801"/>
  <node id="13056062949" lat="24.6255623" lon="121.6817198"/>
  <node id="13056062948" lat="24.6255781" lon="121.6816682"/>
  <node id="13056062947" lat="24.6256257" lon="121.6816467"/>
  <node id="13056062999" lat="24.6271411" lon="121.6826445"/>
  <node id="13056062958" lat="24.6270649" lon="121.6826747"/>
  <node id="13056062957" lat="24.6268991" lon="121.6826512"/>
  <node id="13056062956" lat="24.6267199" lon="121.6825781"/>
  <node id="13056062955" lat="24.6263754" lon="121.6823897"/>
  <node id="13056062954" lat="24.6262438" lon="121.6823877"/>
  <node id="13056062927" lat="24.6253928" lon="121.6819505"/>
  <node id="13056062928" lat="24.6253886" lon="121.6820182"/>
  <node id="13056062929" lat="24.6253770" lon="121.6821557"/>
  <node id="13056062930" lat="24.6254093" lon="121.6822395"/>
  <node id="13056062931" lat="24.6254672" lon="121.6822884"/>
  <node id="13056062932" lat="24.6256464" lon="121.6823635"/>
  <node id="13056062933" lat="24.6256818" lon="121.6823575"/>
  <node id="13056062934" lat="24.6256915" lon="121.6823340"/>
  <node id="13056062935" lat="24.6256690" lon="121.6823052"/>
  <node id="13056062936" lat="24.6255477" lon="121.6821952"/>
  <node id="13056062937" lat="24.6255263" lon="121.6821436"/>
  <node id="13056062938" lat="24.6255324" lon="121.6820873"/>
  <node id="13056062952" lat="24.6256044" lon="121.6820873"/>
  <node id="13056062953" lat="24.6257738" lon="121.6822167"/>
  <node id="13056062946" lat="24.6265729" lon="121.6825996"/>
  <node id="13056062945" lat="24.6267095" lon="121.6826934"/>
  <node id="13056062944" lat="24.6267284" lon="121.6827491"/>
  <node id="13056062943" lat="24.6267180" lon="121.6828678"/>
  <node id="13056062942" lat="24.6266882" lon="121.6831199"/>
  <node id="13056062941" lat="24.6267071" lon="121.6832379"/>
  <node id="13056062940" lat="24.6267869" lon="121.6835175"/>
  <node id="13056062939" lat="24.6268789" lon="121.6838615"/>
  <node id="13056092912" lat="24.6269161" lon="121.6839051"/>
  <node id="13056062991" lat="24.6274580" lon="121.6818418"/>
  <node id="13056062965" lat="24.6273154" lon="121.6817614"/>
  <node id="13056062964" lat="24.6272563" lon="121.6817071"/>
  <node id="13056062963" lat="24.6270118" lon="121.6815012"/>
  <node id="13056062962" lat="24.6268844" lon="121.6814301"/>
  <node id="13056062961" lat="24.6266638" lon="121.6813027"/>
  <node id="13056062960" lat="24.6266077" lon="121.6811880"/>
  <node id="13056062959" lat="24.6266260" lon="121.6811324"/>
  <node id="13056062974" lat="24.6277116" lon="121.6819645"/>
  <node id="13056062968" lat="24.6279987" lon="121.6818881"/>
  <node id="13056062967" lat="24.6281127" lon="121.6818331"/>
  <node id="13056062966" lat="24.6282614" lon="121.6815676"/>
  <node id="13056062983" lat="24.6275385" lon="121.6821714"/>
  <node id="13056062976" lat="24.6275799" lon="121.6821275"/>
  <node id="13056062975" lat="24.6276311" lon="121.6820370"/>
  <node id="13056062973" lat="24.6278103" lon="121.6816675"/>
  <node id="13056062972" lat="24.6278030" lon="121.6815119"/>
  <node id="13056062971" lat="24.6277744" lon="121.6813738"/>
  <node id="13056062970" lat="24.6278225" lon="121.6813054"/>
  <node id="13056062969" lat="24.6279627" lon="121.6811927"/>
  <node id="13056062993" lat="24.6273672" lon="121.6821530"/>
  <node id="13056062982" lat="24.6275732" lon="121.6822207"/>
  <node id="13056062981" lat="24.6275793" lon="121.6822911"/>
  <node id="13056062980" lat="24.6275830" lon="121.6823810"/>
  <node id="13056062979" lat="24.6276061" lon="121.6824205"/>
  <node id="13056062978" lat="24.6279158" lon="121.6825580"/>
  <node id="13056062977" lat="24.6283394" lon="121.6825486"/>
  <node id="13056092958" lat="24.6254642" lon="121.6850484"/>
  <node id="13056092931" lat="24.6256348" lon="121.6852342"/>
  <node id="13056092930" lat="24.6256708" lon="121.6852536"/>
  <node id="13056092929" lat="24.6257299" lon="121.6852389"/>
  <node id="13056092928" lat="24.6257659" lon="121.6851872"/>
  <node id="13056092927" lat="24.6258037" lon="121.6851369"/>
  <node id="13056092926" lat="24.6258591" lon="121.6851094"/>
  <node id="13056092925" lat="24.6259829" lon="121.6850893"/>
  <node id="13056092924" lat="24.6260274" lon="121.6850524"/>
  <node id="13056092923" lat="24.6262462" lon="121.6846789"/>
  <node id="13056092922" lat="24.6263139" lon="121.6846032"/>
  <node id="13056092921" lat="24.6264126" lon="121.6845857"/>
  <node id="13056092920" lat="24.6264840" lon="121.6846186"/>
  <node id="13056092919" lat="24.6265992" lon="121.6846823"/>
  <node id="13056092918" lat="24.6266802" lon="121.6846675"/>
  <node id="13056092917" lat="24.6267948" lon="121.6846092"/>
  <node id="13056092916" lat="24.6268771" lon="121.6845348"/>
  <node id="13056092915" lat="24.6269332" lon="121.6844100"/>
  <node id="13056092914" lat="24.6269844" lon="121.6841298"/>
  <node id="13056092913" lat="24.6269582" lon="121.6840017"/>
  <node id="13056092911" lat="24.6269070" lon="121.6837972"/>
  <node id="13056092910" lat="24.6268722" lon="121.6835531"/>
  <node id="13056092909" lat="24.6268747" lon="121.6835001"/>
  <node id="13056092908" lat="24.6269113" lon="121.6833694"/>
  <node id="13056092907" lat="24.6269686" lon="121.6832996"/>
  <node id="13056092906" lat="24.6270978" lon="121.6831910"/>
  <node id="13056092905" lat="24.6271667" lon="121.6830763"/>
  <node id="13056092904" lat="24.6272642" lon="121.6829710"/>
  <node id="13056092903" lat="24.6272764" lon="121.6829322"/>
  <node id="13056092902" lat="24.6272697" lon="121.6828812"/>
  <node id="13056092901" lat="24.6272441" lon="121.6828369"/>
  <node id="13056063000" lat="24.6271575" lon="121.6826874"/>
  <node id="13056062998" lat="24.6271587" lon="121.6825573"/>
  <node id="13056062997" lat="24.6272819" lon="121.6824192"/>
  <node id="13056062996" lat="24.6273117" lon="121.6823662"/>
  <node id="13056062995" lat="24.6273270" lon="121.6823119"/>
  <node id="13056062994" lat="24.6273258" lon="121.6822395"/>
  <node id="13056062992" lat="24.6274397" lon="121.6819639"/>
  <node id="13056062990" lat="24.6274495" lon="121.6817594"/>
  <node id="13056062989" lat="24.6274129" lon="121.6816702"/>
  <node id="13056062988" lat="24.6273867" lon="121.6815669"/>
  <node id="13056062987" lat="24.6273995" lon="121.6814281"/>
  <node id="13056062986" lat="24.6274306" lon="121.6813389"/>
  <node id="13056062985" lat="24.6275245" lon="121.6811619"/>
  <node id="13056062984" lat="24.6277238" lon="121.6808528"/>
  <node id="13056092948" lat="24.6249320" lon="121.6865223"/>
  <node id="13056092941" lat="24.6248479" lon="121.6865149"/>
  <node id="13056092940" lat="24.6247345" lon="121.6865585"/>
  <node id="13056092939" lat="24.6246431" lon="121.6865659"/>
  <node id="13056092938" lat="24.6245120" lon="121.6864961"/>
  <node id="13056092937" lat="24.6244443" lon="121.6864036"/>
  <node id="13056092936" lat="24.6244114" lon="121.6863439"/>
  <node id="13056092935" lat="24.6243974" lon="121.6862333"/>
  <node id="13056092934" lat="24.6244120" lon="121.6861481"/>
  <node id="13056092933" lat="24.6244248" lon="121.6860958"/>
  <node id="13056092932" lat="24.6244169" lon="121.6859999"/>
  <node id="13056092978" lat="24.6237769" lon="121.6847339"/>
  <node id="13056092977" lat="24.6238244" lon="121.6849793"/>
  <node id="13056092976" lat="24.6238281" lon="121.6851812"/>
  <node id="13056092975" lat="24.6238738" lon="121.6853770"/>
  <node id="13056092974" lat="24.6239085" lon="121.6854179"/>
  <node id="13056092973" lat="24.6239542" lon="121.6854165"/>
  <node id="13056092972" lat="24.6240628" lon="121.6853569"/>
  <node id="13056092971" lat="24.6241798" lon="121.6852677"/>
  <node id="13056092970" lat="24.6244242" lon="121.6851456"/>
  <node id="13056092969" lat="24.6246028" lon="121.6850954"/>
  <node id="13056092968" lat="24.6246412" lon="121.6850591"/>
  <node id="13056092967" lat="24.6246735" lon="121.6849720"/>
  <node id="13056092966" lat="24.6247119" lon="121.6848057"/>
  <node id="13056092965" lat="24.6249094" lon="121.6848392"/>
  <node id="13056092964" lat="24.6250381" lon="121.6848540"/>
  <node id="13056092963" lat="24.6250960" lon="121.6848814"/>
  <node id="13056092962" lat="24.6251764" lon="121.6849485"/>
  <node id="13056092961" lat="24.6252246" lon="121.6849492"/>
  <node id="13056092960" lat="24.6253404" lon="121.6849203"/>
  <node id="13056092959" lat="24.6254008" lon="121.6849405"/>
  <node id="13056092957" lat="24.6254050" lon="121.6853488"/>
  <node id="13056092956" lat="24.6253977" lon="121.6854695"/>
  <node id="13056092955" lat="24.6254392" lon="121.6856559"/>
  <node id="13056092954" lat="24.6254257" lon="121.6857612"/>
  <node id="13056092953" lat="24.6252282" lon="121.6859993"/>
  <node id="13056092952" lat="24.6250820" lon="121.6862306"/>
  <node id="13056092951" lat="24.6250344" lon="121.6863003"/>
  <node id="13056092950" lat="24.6249942" lon="121.6864257"/>
  <node id="13056092949" lat="24.6249539" lon="121.6864908"/>
  <node id="13056092947" lat="24.6249296" lon="121.6867100"/>
  <node id="13056092946" lat="24.6248613" lon="121.6871379"/>
  <node id="13056092945" lat="24.6248339" lon="121.6871928"/>
  <node id="13056092944" lat="24.6246034" lon="121.6874812"/>
  <node id="13056092943" lat="24.6244992" lon="121.6875543"/>
  <node id="13056092942" lat="24.6244114" lon="121.6875878"/>
  <node id="13056092982" lat="24.6228168" lon="121.6843202"/>
  <node id="13056092981" lat="24.6229893" lon="121.6841760"/>
  <node id="13056092980" lat="24.6230399" lon="121.6841418"/>
  <node id="13056092979" lat="24.6233508" lon="121.6841801"/>
  <node id="13059995064" lat="24.6228946" lon="121.6875569"/>
  <node id="13059995065" lat="24.6229161" lon="121.6882064"/>
  <node id="13059995066" lat="24.6229455" lon="121.6882945"/>
  <node id="13059995067" lat="24.6229826" lon="121.6883160"/>
  <node id="13059995068" lat="24.6230491" lon="121.6882902"/>
  <node id="13059995069" lat="24.6231781" lon="121.6882365"/>
  <node id="13059995070" lat="24.6233150" lon="121.6881999"/>
  <node id="13059995074" lat="24.6245760" lon="121.6876063"/>
  <node id="13059995075" lat="24.6244293" lon="121.6877698"/>
  <node id="13059995076" lat="24.6240403" lon="121.6881956"/>
  <node id="13059995073" lat="24.6238155" lon="121.6884214"/>
  <node id="13059995077" lat="24.6236356" lon="121.6886451"/>
  <node id="13065442475" lat="24.6540657" lon="121.6966740"/>
  <node id="13065442476" lat="24.6539852" lon="121.6966318"/>
  <node id="13065442477" lat="24.6538855" lon="121.6965770"/>
  <node id="13065442478" lat="24.6537819" lon="121.6965685"/>
  <node id="13065442479" lat="24.6536323" lon="121.6965770"/>
  <node id="13065442480" lat="24.6535096" lon="121.6966107"/>
  <node id="13065442481" lat="24.6534291" lon="121.6966234"/>
  <node id="13065442482" lat="24.6533600" lon="121.6966191"/>
  <node id="13065442483" lat="24.6533524" lon="121.6965516"/>
  <node id="13065442484" lat="24.6534099" lon="121.6965137"/>
  <node id="13065442485" lat="24.6538548" lon="121.6962267"/>
  <node id="13065442486" lat="24.6541701" lon="121.6960565"/>
  <node id="13065442489" lat="24.6543438" lon="121.6959835"/>
  <node id="13065442487" lat="24.6544099" lon="121.6959557"/>
  <node id="13065442488" lat="24.6544680" lon="121.6959285"/>
  <node id="11158450078" lat="24.6748018" lon="121.7092185"/>
  <node id="7561120561" lat="24.6745318" lon="121.7087309"/>
  <node id="7561120562" lat="24.6739449" lon="121.7080759"/>
  <node id="7561120563" lat="24.6728586" lon="121.7069667"/>
  <node id="7561120564" lat="24.6721166" lon="121.7062766"/>
  <node id="7561120565" lat="24.6714587" lon="121.7056758"/>
  <node id="7561120566" lat="24.6711899" lon="121.7053800"/>
  <node id="7561120567" lat="24.6710415" lon="121.7051705"/>
  <node id="7561120568" lat="24.6708623" lon="121.7048500"/>
  <node id="7561120569" lat="24.6703528" lon="121.7037717"/>
  <node id="7561120570" lat="24.6701596" lon="121.7033835"/>
  <node id="7561120571" lat="24.6700504" lon="121.7031801"/>
  <node id="7561120572" lat="24.6699913" lon="121.7028092"/>
  <node id="7561120573" lat="24.6695730" lon="121.7024300"/>
  <node id="11158450103" lat="24.6693946" lon="121.7023426"/>
  <node id="11158450104" lat="24.6691850" lon="121.7022997"/>
  <node id="7561120574" lat="24.6691207" lon="121.7023374"/>
  <node id="7561120575" lat="24.6689265" lon="121.7021822"/>
  <node id="11158458205" lat="24.6687231" lon="121.7020060"/>
  <node id="7561120576" lat="24.6686328" lon="121.7018996"/>
  <node id="7561120577" lat="24.6685650" lon="121.7017265"/>
  <node id="13853325464" lat="24.6685291" lon="121.7016872"/>
  <node id="7561124292" lat="24.6682681" lon="121.6956763"/>
  <node id="13853325463" lat="24.6684947" lon="121.6953997"/>
  <node id="13853325462" lat="24.6686068" lon="121.6952680"/>
  <node id="13853325461" lat="24.6686988" lon="121.6951762"/>
  <node id="13853325460" lat="24.6688553" lon="121.6950350"/>
  <node id="13853325465" lat="24.6684765" lon="121.7016297"/>
  <node id="11158458206" lat="24.6684245" lon="121.7015165"/>
  <node id="11158458208" lat="24.6684220" lon="121.7014696"/>
  <node id="7561120578" lat="24.6683120" lon="121.7010814"/>
  <node id="7561120579" lat="24.6680625" lon="121.7007060"/>
  <node id="7561120580" lat="24.6678441" lon="121.7003918"/>
  <node id="7561120581" lat="24.6677013" lon="121.7001915"/>
  <node id="7561120582" lat="24.6675445" lon="121.6998711"/>
  <node id="7561120583" lat="24.6674493" lon="121.6995476"/>
  <node id="7561120584" lat="24.6674297" lon="121.6993843"/>
  <node id="7561124285" lat="24.6674073" lon="121.6987681"/>
  <node id="7561124286" lat="24.6673905" lon="121.6971659"/>
  <node id="7561124287" lat="24.6674157" lon="121.6969780"/>
  <node id="7561124288" lat="24.6674941" lon="121.6967530"/>
  <node id="7561124289" lat="24.6675893" lon="121.6965189"/>
  <node id="7561124290" lat="24.6676985" lon="121.6963525"/>
  <node id="7561124291" lat="24.6681717" lon="121.6957979"/>
  <node id="13857994946" lat="24.6734424" lon="121.7064239"/>
  <node id="13857994947" lat="24.6730629" lon="121.7060777"/>
  <node id="13857994948" lat="24.6727050" lon="121.7057340"/>
  <node id="13857994949" lat="24.6723441" lon="121.7053878"/>
  <node id="13857994950" lat="24.6722354" lon="121.7052456"/>
  <node id="13857994965" lat="24.6720862" lon="121.7050269"/>
  <node id="13857994951" lat="24.6719728" lon="121.7048279"/>
  <node id="13857994952" lat="24.6718219" lon="121.7045621"/>
  <node id="13857994953" lat="24.6717839" lon="121.7045313"/>
  <node id="13857994954" lat="24.6717342" lon="121.7045068"/>
  <node id="13857994955" lat="24.6716698" lon="121.7044997"/>
  <node id="13857994956" lat="24.6715798" lon="121.7044785"/>
  <node id="13857994957" lat="24.6715377" lon="121.7044547"/>
  <node id="13857994958" lat="24.6715049" lon="121.7044148"/>
  <node id="13857994959" lat="24.6713751" lon="121.7041445"/>
  <node id="13857994960" lat="24.6706025" lon="121.7025262"/>
  <node id="13857996827" lat="24.6705734" lon="121.7024683"/>
  <node id="13857994961" lat="24.6705391" lon="121.7023999"/>
  <node id="13857994962" lat="24.6705220" lon="121.7023504"/>
  <node id="13857994963" lat="24.6705220" lon="121.7023001"/>
  <node id="13857994966" lat="24.6705121" lon="121.7021962"/>
  <node id="13857994969" lat="24.6698209" lon="121.7016270"/>
  <node id="13857994970" lat="24.6697104" lon="121.7015244"/>
  <node id="13857994971" lat="24.6696269" lon="121.7014301"/>
  <node id="13857994972" lat="24.6694863" lon="121.7012389"/>
  <node id="13857994973" lat="24.6692622" lon="121.7008955"/>
  <node id="13857994974" lat="24.6690547" lon="121.7005960"/>
  <node id="13857994975" lat="24.6686719" lon="121.7000448"/>
  <node id="13857994976" lat="24.6685123" lon="121.6998131"/>
  <node id="13857994977" lat="24.6684048" lon="121.6996149"/>
  <node id="13857994978" lat="24.6683476" lon="121.6994676"/>
  <node id="13857994979" lat="24.6683069" lon="121.6993292"/>
  <node id="13857994980" lat="24.6682799" lon="121.6991820"/>
  <node id="13857994981" lat="24.6682647" lon="121.6990185"/>
  <node id="13857994982" lat="24.6682637" lon="121.6987597"/>
  <node id="13857994983" lat="24.6682604" lon="121.6978127"/>
  <node id="13857994984" lat="24.6682613" lon="121.6975799"/>
  <node id="13857994985" lat="24.6682668" lon="121.6974630"/>
  <node id="13857994986" lat="24.6682831" lon="121.6973371"/>
  <node id="13857994987" lat="24.6683076" lon="121.6971981"/>
  <node id="13857994988" lat="24.6683503" lon="121.6970272"/>
  <node id="13857994989" lat="24.6683994" lon="121.6968884"/>
  <node id="13857994990" lat="24.6684738" lon="121.6967345"/>
  <node id="13857994991" lat="24.6685737" lon="121.6965576"/>
  <node id="13857994992" lat="24.6687090" lon="121.6963747"/>
  <node id="13857994993" lat="24.6689261" lon="121.6961169"/>
  <node id="13857994994" lat="24.6692503" lon="121.6957461"/>
  <node id="13857994995" lat="24.6694937" lon="121.6954973"/>
  <node id="13857994996" lat="24.6699196" lon="121.6951046"/>
  <node id="13857994997" lat="24.6703319" lon="121.6947168"/>
  <node id="13857994998" lat="24.6704527" lon="121.6945989"/>
  <node id="13857994999" lat="24.6705245" lon="121.6945100"/>
  <node id="13857995000" lat="24.6705926" lon="121.6944090"/>
  <node id="13857996801" lat="24.6706580" lon="121.6942771"/>
  <node id="13857996802" lat="24.6708623" lon="121.6937674"/>
  <node id="13857996803" lat="24.6709669" lon="121.6935067"/>
  <node id="13857996804" lat="24.6709804" lon="121.6934306"/>
  <node id="13857996805" lat="24.6709731" lon="121.6933620"/>
  <node id="13857996806" lat="24.6709445" lon="121.6932802"/>
  <node id="13857996807" lat="24.6709222" lon="121.6932425"/>
  <node id="13857996808" lat="24.6709138" lon="121.6932162"/>
  <node id="13857996809" lat="24.6709128" lon="121.6931893"/>
  <node id="13857996810" lat="24.6709344" lon="121.6930399"/>
  <node id="13857996811" lat="24.6709494" lon="121.6929112"/>
  <node id="13857996812" lat="24.6709578" lon="121.6927796"/>
  <node id="13857996813" lat="24.6709565" lon="121.6926573"/>
  <node id="13857996814" lat="24.6709513" lon="121.6925407"/>
  <node id="13857996815" lat="24.6709435" lon="121.6924220"/>
  <node id="13857996816" lat="24.6709169" lon="121.6922912"/>
  <node id="13857996817" lat="24.6708675" lon="121.6920452"/>
  <node id="13857996818" lat="24.6706947" lon="121.6911863"/>
  <node id="13857996819" lat="24.6705973" lon="121.6907038"/>
  <node id="13857996820" lat="24.6705553" lon="121.6904866"/>
  <node id="13857996821" lat="24.6705172" lon="121.6901564"/>
  <node id="13857996822" lat="24.6704985" lon="121.6899075"/>
  <node id="13857996823" lat="24.6704931" lon="121.6895646"/>
  <node id="13857996824" lat="24.6705001" lon="121.6893790"/>
  <node id="13857996828" lat="24.6702390" lon="121.7022224"/>
  <node id="13857996829" lat="24.6701823" lon="121.7021746"/>
  <node id="13857996830" lat="24.6701189" lon="121.7020945"/>
  <node id="13857996831" lat="24.6699636" lon="121.7018558"/>
  <node id="13857996832" lat="24.6698744" lon="121.7016993"/>
  <node id="13858010343" lat="24.6704870" lon="121.6888309"/>
  <node id="13858010344" lat="24.6704762" lon="121.6883147"/>
  <node id="13858010345" lat="24.6704757" lon="121.6879701"/>
  <node id="13858010346" lat="24.6704620" lon="121.6873593"/>
  <node id="13858010347" lat="24.6704594" lon="121.6867148"/>
  <node id="13858010348" lat="24.6704620" lon="121.6865278"/>
  <node id="13858010349" lat="24.6704674" lon="121.6864536"/>
  <node id="13858010350" lat="24.6704868" lon="121.6863606"/>
  <node id="13858010351" lat="24.6705062" lon="121.6862996"/>
  <node id="13858010352" lat="24.6705194" lon="121.6862493"/>
  <node id="13858010353" lat="24.6705145" lon="121.6861838"/>
  <node id="13858010354" lat="24.6704868" lon="121.6860740"/>
  <node id="13858010355" lat="24.6704536" lon="121.6859505"/>
  <node id="13858010356" lat="24.6704113" lon="121.6856685"/>
  <node id="13858010357" lat="24.6703185" lon="121.6848727"/>
  <node id="13858010358" lat="24.6699967" lon="121.6821474"/>
  <node id="13858010359" lat="24.6699163" lon="121.6814710"/>
  <node id="13858010360" lat="24.6698999" lon="121.6812718"/>
  <node id="13858010361" lat="24.6698949" lon="121.6810768"/>
  <node id="13858010362" lat="24.6698987" lon="121.6807863"/>
  <node id="13858010386" lat="24.6699027" lon="121.6807294"/>
  <node id="13858010363" lat="24.6699125" lon="121.6805913"/>
  <node id="13858010364" lat="24.6699347" lon="121.6804703"/>
  <node id="13858010365" lat="24.6699678" lon="121.6803684"/>
  <node id="13858010366" lat="24.6699991" lon="121.6802846"/>
  <node id="13858010367" lat="24.6700398" lon="121.6801931"/>
  <node id="13858010368" lat="24.6700822" lon="121.6801353"/>
  <node id="13858010378" lat="24.6699274" lon="121.6794930"/>
  <node id="13858010379" lat="24.6698643" lon="121.6797037"/>
  <node id="13858010380" lat="24.6698236" lon="121.6798614"/>
  <node id="13858010381" lat="24.6698099" lon="121.6799409"/>
  <node id="13858010382" lat="24.6697996" lon="121.6800999"/>
  <node id="13858010383" lat="24.6698208" lon="121.6802961"/>
  <node id="13858010384" lat="24.6698443" lon="121.6804809"/>
  <node id="13858010385" lat="24.6698729" lon="121.6806109"/>
  <node id="13866367220" lat="24.6706106" lon="121.6696087"/>
  <node id="13866367221" lat="24.6705365" lon="121.6694928"/>
  <node id="13866367222" lat="24.6705027" lon="121.6694413"/>
  <node id="13866367223" lat="24.6704637" lon="121.6693956"/>
  <node id="13866367224" lat="24.6704221" lon="121.6693469"/>
  <node id="13866367225" lat="24.6703389" lon="121.6692697"/>
  <node id="13866367226" lat="24.6700177" lon="121.6690036"/>
  <node id="13866367227" lat="24.6699072" lon="121.6689121"/>
  <node id="13866367228" lat="24.6698071" lon="121.6688105"/>
  <node id="13866367229" lat="24.6696758" lon="121.6686431"/>
  <node id="13866367230" lat="24.6692987" lon="121.6681782"/>
  <node id="13866367231" lat="24.6689841" lon="121.6677977"/>
  <node id="13866367232" lat="24.6688996" lon="121.6676904"/>
  <node id="13866367233" lat="24.6688385" lon="121.6675745"/>
  <node id="13866367234" lat="24.6687943" lon="121.6674515"/>
  <node id="13866367235" lat="24.6687591" lon="121.6672955"/>
  <node id="13866367236" lat="24.6687487" lon="121.6671024"/>
  <node id="13866367237" lat="24.6688345" lon="121.6661425"/>
  <node id="13866367238" lat="24.6688462" lon="121.6659966"/>
  <node id="13866367239" lat="24.6688384" lon="121.6658392"/>
  <node id="13866367240" lat="24.6688085" lon="121.6657119"/>
  <node id="13866367241" lat="24.6687591" lon="121.6656003"/>
  <node id="13866367242" lat="24.6686785" lon="121.6654587"/>
  <node id="13866367243" lat="24.6681362" lon="121.6646805"/>
  <node id="13866367244" lat="24.6679113" lon="121.6643787"/>
  <node id="13866367245" lat="24.6678359" lon="121.6642829"/>
  <node id="13866367246" lat="24.6677422" lon="121.6641841"/>
  <node id="13866367247" lat="24.6676538" lon="121.6641083"/>
  <node id="13866367248" lat="24.6672534" lon="121.6637507"/>
  <node id="13866367249" lat="24.6667281" lon="121.6632772"/>
  <node id="13866367250" lat="24.6663652" lon="121.6629469"/>
  <node id="13866367251" lat="24.6662638" lon="121.6628410"/>
  <node id="13866367252" lat="24.6661793" lon="121.6627151"/>
  <node id="13866367253" lat="24.6661247" lon="121.6625835"/>
  <node id="13866367254" lat="24.6660935" lon="121.6624433"/>
  <node id="13866367255" lat="24.6660831" lon="121.6623102"/>
  <node id="13866367256" lat="24.6660935" lon="121.6621800"/>
  <node id="13866367257" lat="24.6661325" lon="121.6620356"/>
  <node id="13866367263" lat="24.6659707" lon="121.6617420"/>
  <node id="13866367264" lat="24.6659286" lon="121.6616838"/>
  <node id="13866367265" lat="24.6659179" lon="121.6615702"/>
  <node id="13866367266" lat="24.6659034" lon="121.6612384"/>
  <node id="13866367267" lat="24.6658818" lon="121.6608325"/>
  <node id="13866367268" lat="24.6658689" lon="121.6606252"/>
  <node id="13866367269" lat="24.6658513" lon="121.6602899"/>
  <node id="13866367270" lat="24.6658256" lon="121.6598955"/>
  <node id="13866367271" lat="24.6658135" lon="121.6596678"/>
  <node id="13866367272" lat="24.6657929" lon="121.6593042"/>
  <node id="13866367273" lat="24.6657851" lon="121.6591384"/>
  <node id="13866367274" lat="24.6657697" lon="121.6590448"/>
  <node id="13866367275" lat="24.6657397" lon="121.6589470"/>
  <node id="13866367276" lat="24.6657001" lon="121.6588386"/>
  <node id="13866367277" lat="24.6656382" lon="121.6587004"/>
  <node id="13866367278" lat="24.6654913" lon="121.6583953"/>
  <node id="13866367279" lat="24.6653271" lon="121.6580371"/>
  <node id="13866367280" lat="24.6651927" lon="121.6577320"/>
  <node id="13866442632" lat="24.6649708" lon="121.6575556"/>
  <node id="13866442633" lat="24.6649252" lon="121.6575628"/>
  <node id="13866442634" lat="24.6647786" lon="121.6574902"/>
  <node id="13866442635" lat="24.6646321" lon="121.6574525"/>
  <node id="13866442636" lat="24.6644765" lon="121.6574418"/>
  <node id="13866442637" lat="24.6643373" lon="121.6574472"/>
  <node id="13866442638" lat="24.6641956" lon="121.6574678"/>
  <node id="13866442639" lat="24.6640522" lon="121.6575188"/>
  <node id="13866442648" lat="24.6634121" lon="121.6577909"/>
  <node id="13866442649" lat="24.6633062" lon="121.6578257"/>
  <node id="13866442650" lat="24.6631967" lon="121.6578427"/>
  <node id="13866442651" lat="24.6630886" lon="121.6578314"/>
  <node id="13866442652" lat="24.6630253" lon="121.6578184"/>
  <node id="13866442653" lat="24.6629481" lon="121.6577861"/>
  <node id="13866442654" lat="24.6628775" lon="121.6577416"/>
  <node id="13866442655" lat="24.6628106" lon="121.6576890"/>
  <node id="13866442656" lat="24.6627510" lon="121.6576250"/>
  <node id="13866442657" lat="24.6624252" lon="121.6572771"/>
  <node id="13866442658" lat="24.6620722" lon="121.6568919"/>
  <node id="13866442659" lat="24.6615949" lon="121.6563909"/>
  <node id="13866442660" lat="24.6611095" lon="121.6558698"/>
  <node id="13866442666" lat="24.6608779" lon="121.6556285"/>
  <node id="13866442667" lat="24.6608110" lon="121.6555450"/>
  <node id="13866442668" lat="24.6607674" lon="121.6554300"/>
  <node id="13866442669" lat="24.6607516" lon="121.6553274"/>
  <node id="13866442670" lat="24.6607561" lon="121.6552042"/>
  <node id="13866442671" lat="24.6608087" lon="121.6545177"/>
  <node id="13866442672" lat="24.6608966" lon="121.6535130"/>
  <node id="13866442673" lat="24.6608966" lon="121.6533836"/>
  <node id="13866442674" lat="24.6608789" lon="121.6532445"/>
  <node id="13866442675" lat="24.6608536" lon="121.6531165"/>
  <node id="13866442676" lat="24.6608296" lon="121.6530136"/>
  <node id="13866442677" lat="24.6607626" lon="121.6528383"/>
  <node id="13866442678" lat="24.6606780" lon="121.6526610"/>
  <node id="13866442682" lat="24.6632350" lon="121.6571070"/>
  <node id="13866442683" lat="24.6631745" lon="121.6571166"/>
  <node id="13866442684" lat="24.6631421" lon="121.6571472"/>
  <node id="13866442685" lat="24.6631018" lon="121.6572887"/>
  <node id="13866442686" lat="24.6630829" lon="121.6574381"/>
  <node id="13866442687" lat="24.6630446" lon="121.6575461"/>
  <node id="13866442688" lat="24.6630089" lon="121.6576140"/>
  <node id="13909984809" lat="24.6604228" lon="121.6522462"/>
  <node id="13909984810" lat="24.6600629" lon="121.6516234"/>
  <node id="13909984811" lat="24.6599661" lon="121.6514530"/>
  <node id="13909984812" lat="24.6598876" lon="121.6512915"/>
  <node id="13909984813" lat="24.6598380" lon="121.6511513"/>
  <node id="13909984814" lat="24.6598060" lon="121.6510025"/>
  <node id="13909984815" lat="24.6597805" lon="121.6508149"/>
  <node id="13909984816" lat="24.6597646" lon="121.6506184"/>
  <node id="13909984817" lat="24.6597422" lon="121.6501592"/>
  <node id="13909984818" lat="24.6597191" lon="121.6496834"/>
  <node id="13909984819" lat="24.6597009" lon="121.6493810"/>
  <node id="13909984820" lat="24.6596918" lon="121.6492322"/>
  <node id="13909984821" lat="24.6596811" lon="121.6490895"/>
  <node id="13909984822" lat="24.6596656" lon="121.6489831"/>
  <node id="13909984823" lat="24.6596436" lon="121.6488856"/>
  <node id="13909984824" lat="24.6595134" lon="121.6484421"/>
  <node id="13909984825" lat="24.6593484" lon="121.6479112"/>
  <node id="13909984826" lat="24.6593327" lon="121.6478315"/>
  <node id="13909984827" lat="24.6593305" lon="121.6477555"/>
  <node id="13909984828" lat="24.6593367" lon="121.6476754"/>
  <node id="13909984829" lat="24.6593517" lon="121.6476016"/>
  <node id="13909984830" lat="24.6593751" lon="121.6475353"/>
  <node id="13909984831" lat="24.6594281" lon="121.6474389"/>
  <node id="13910006846" lat="24.6700708" lon="121.6754942"/>
  <node id="13910006847" lat="24.6701507" lon="121.6747369"/>
  <node id="13910006848" lat="24.6701890" lon="121.6743763"/>
  <node id="13910006849" lat="24.6701960" lon="121.6742674"/>
  <node id="13910006850" lat="24.6701951" lon="121.6741752"/>
  <node id="13910006851" lat="24.6701839" lon="121.6740648"/>
  <node id="13910006852" lat="24.6701076" lon="121.6735903"/>
  <node id="13910006853" lat="24.6700662" lon="121.6733158"/>
  <node id="13910006854" lat="24.6700634" lon="121.6732688"/>
  <node id="13910006855" lat="24.6700755" lon="121.6732286"/>
  <node id="13910006856" lat="24.6700975" lon="121.6732010"/>
  <node id="13910006857" lat="24.6702153" lon="121.6730991"/>
  <node id="13910006858" lat="24.6702861" lon="121.6730181"/>
  <node id="13910006859" lat="24.6703179" lon="121.6729666"/>
  <node id="13910006860" lat="24.6703428" lon="121.6729149"/>
  <node id="13910006861" lat="24.6703522" lon="121.6728649"/>
  <node id="13910006862" lat="24.6704107" lon="121.6723201"/>
  <node id="13910006863" lat="24.6704268" lon="121.6721370"/>
  <node id="13910006864" lat="24.6704355" lon="121.6719509"/>
  <node id="13910006865" lat="24.6704317" lon="121.6717553"/>
  <node id="13910006866" lat="24.6704054" lon="121.6714798"/>
  <node id="13910006867" lat="24.6703700" lon="121.6712640"/>
  <node id="13910006868" lat="24.6703091" lon="121.6709830"/>
  <node id="13910006869" lat="24.6702168" lon="121.6705801"/>
  <node id="13910006870" lat="24.6701553" lon="121.6703303"/>
  <node id="13910006871" lat="24.6700649" lon="121.6699713"/>
  <node id="13910006872" lat="24.6700390" lon="121.6698807"/>
  <node id="13910006873" lat="24.6700113" lon="121.6698060"/>
  <node id="13910006874" lat="24.6699706" lon="121.6697500"/>
  <node id="13910006875" lat="24.6695892" lon="121.6692917"/>
  <node id="13910006876" lat="24.6689560" lon="121.6685120"/>
  <node id="13910006877" lat="24.6686917" lon="121.6681873"/>
  <node id="13910006878" lat="24.6684981" lon="121.6679483"/>
  <node id="13910006879" lat="24.6683974" lon="121.6677700"/>
  <node id="13910006880" lat="24.6683174" lon="121.6675397"/>
  <node id="13910006881" lat="24.6682901" lon="121.6673228"/>
  <node id="13910006882" lat="24.6682747" lon="121.6670853"/>
  <node id="13910006883" lat="24.6683275" lon="121.6664563"/>
  <node id="14174991448" lat="24.6626883" lon="121.7190820"/>
  <node id="14174991449" lat="24.6630140" lon="121.7191292"/>
  <node id="14174991450" lat="24.6632440" lon="121.7191596"/>
  <node id="14177536177" lat="24.6576507" lon="121.7151613"/>
  <node id="14177536178" lat="24.6581461" lon="121.7151961"/>
  <node id="14177536181" lat="24.6582353" lon="121.7148963"/>
  <node id="14177536183" lat="24.6570675" lon="121.7124437"/>
  <node id="14177536184" lat="24.6569529" lon="121.7124435"/>
  <node id="14177536185" lat="24.6569110" lon="121.7124360"/>
  <node id="14177536186" lat="24.6568878" lon="121.7124025"/>
  <node id="14177536187" lat="24.6568900" lon="121.7123053"/>
  <node id="14177536188" lat="24.6568884" lon="121.7121650"/>
  <way id="50921130">
    <nd ref="2083234466"/>
    <nd ref="4431045317"/>
    <nd ref="3707842304"/>
    <nd ref="11158450066"/>
    <nd ref="4431045319"/>
    <nd ref="2083234313"/>
    <nd ref="4431045320"/>
    <nd ref="4431045321"/>
    <nd ref="2083234450"/>
    <nd ref="3707842302"/>
    <nd ref="4431045318"/>
    <nd ref="2083234317"/>
    <nd ref="3707842307"/>
    <nd ref="4431045322"/>
    <nd ref="4431045323"/>
    <nd ref="3707842309"/>
    <nd ref="3707842312"/>
    <tag k="highway" v="service"/>
    <tag k="name" v="大隱十一路"/>
  </way>
  <way id="85128893">
    <nd ref="994318824"/>
    <nd ref="4431045380"/>
    <nd ref="4431045379"/>
    <nd ref="4431045376"/>
    <nd ref="4431045370"/>
    <nd ref="10076663255"/>
    <nd ref="4431045367"/>
    <nd ref="4431045362"/>
    <nd ref="4431045355"/>
    <nd ref="11158458326"/>
    <nd ref="987441784"/>
    <nd ref="4431045343"/>
    <nd ref="3707842420"/>
    <nd ref="4431045340"/>
    <nd ref="4431045338"/>
    <nd ref="3707842364"/>
    <nd ref="987441785"/>
    <tag k="highway" v="service"/>
    <tag k="name" v="大隱產業道路"/>
    <tag k="name:en" v="Dabu Road"/>
    <tag k="name:zh" v="大隱產業道路"/>
  </way>
  <way id="85128894">
    <nd ref="987441787"/>
    <nd ref="2283511576"/>
    <tag k="bridge" v="yes"/>
    <tag k="highway" v="tertiary"/>
    <tag k="layer" v="1"/>
    <tag k="name" v="義隱二號橋"/>
  </way>
  <way id="85128895">
    <nd ref="4431045335"/>
    <nd ref="987441790"/>
    <nd ref="987441791"/>
    <nd ref="4431045334"/>
    <nd ref="987441792"/>
    <nd ref="4431045336"/>
    <nd ref="987441793"/>
    <nd ref="987441789"/>
    <tag k="highway" v="service"/>
    <tag k="name" v="大埔中路460巷"/>
  </way>
  <way id="85128897">
    <nd ref="987441796"/>
    <nd ref="4431045364"/>
    <nd ref="987441797"/>
    <nd ref="987441798"/>
    <nd ref="4431045356"/>
    <nd ref="3707842531"/>
    <nd ref="4431045351"/>
    <nd ref="4431045350"/>
    <nd ref="987441784"/>
    <tag k="highway" v="service"/>
    <tag k="name" v="大隱產業道路"/>
    <tag k="name:en" v="Dabu Road"/>
    <tag k="name:zh" v="大隱產業道路"/>
  </way>
  <way id="85128899">
    <nd ref="994345664"/>
    <nd ref="4430922752"/>
    <nd ref="4430922763"/>
    <nd ref="994345770"/>
    <nd ref="4430922781"/>
    <nd ref="4430922787"/>
    <nd ref="4430922794"/>
    <nd ref="994345771"/>
    <nd ref="4430922800"/>
    <nd ref="994345773"/>
    <nd ref="4430922816"/>
    <nd ref="4430922817"/>
    <nd ref="994345774"/>
    <nd ref="7918338514"/>
    <tag k="highway" v="tertiary"/>
    <tag k="name" v="大進八路"/>
    <tag k="oneway" v="no"/>
    <tag k="ref" v="宜49"/>
    <tag k="ref:en" v="IL49"/>
    <tag k="ref:zh" v="宜49"/>
  </way>
  <way id="85128900">
    <nd ref="4430938337"/>
    <nd ref="2833162122"/>
    <nd ref="987441811"/>
    <nd ref="13858005883"/>
    <nd ref="11158450073"/>
    <nd ref="10308446875"/>
    <nd ref="7561120560"/>
    <nd ref="2283511575"/>
    <tag k="highway" v="residential"/>
    <tag k="name" v="大隱十六路"/>
  </way>
  <way id="85128901">
    <nd ref="4431045310"/>
    <nd ref="4430959574"/>
    <nd ref="4430959575"/>
    <nd ref="987441817"/>
    <nd ref="10308446873"/>
    <nd ref="987441818"/>
    <nd ref="987441819"/>
    <tag k="highway" v="tertiary"/>
    <tag k="name" v="大埔中路"/>
  </way>
  <way id="85128902">
    <nd ref="2283511575"/>
    <nd ref="987441813"/>
    <nd ref="987441823"/>
    <tag k="highway" v="service"/>
  </way>
  <way id="85128904">
    <nd ref="987441805"/>
    <nd ref="14174992967"/>
    <nd ref="4431088314"/>
    <nd ref="2083234288"/>
    <nd ref="14174992968"/>
    <nd ref="4431088319"/>
    <nd ref="5810251512"/>
    <nd ref="14174992966"/>
    <nd ref="10214203487"/>
    <nd ref="14174992972"/>
    <nd ref="987441855"/>
    <nd ref="4431088304"/>
    <nd ref="14174992973"/>
    <nd ref="987441802"/>
    <tag k="highway" v="tertiary"/>
    <tag k="name" v="進偉路"/>
    <tag k="name:en" v="Jinwei Road"/>
    <tag k="name:zh" v="進偉路"/>
    <tag k="ref" v="宜30"/>
    <tag k="ref:en" v="IL30"/>
    <tag k="ref:zh" v="宜30"/>
  </way>
  <way id="85134843">
    <nd ref="11840665245"/>
    <nd ref="10019940393"/>
    <nd ref="10019940402"/>
    <nd ref="3109149619"/>
    <nd ref="12630339086"/>
    <nd ref="12630339083"/>
    <nd ref="4431004672"/>
    <nd ref="3063277926"/>
    <nd ref="12630339073"/>
    <nd ref="12630339075"/>
    <nd ref="12630339076"/>
    <nd ref="12630339079"/>
    <nd ref="3109149624"/>
    <tag k="cycleway:both" v="shoulder"/>
    <tag k="highway" v="primary"/>
    <tag k="lanes" v="2"/>
    <tag k="name" v="三星路六段"/>
    <tag k="name:en" v="Section 6, SanXing Road"/>
    <tag k="name:nan" v="Sam-seng-lō͘ 6-tōaⁿ"/>
    <tag k="name:nan-Hant" v="三星路六段"/>
    <tag k="name:nan-Latn-pehoeji" v="Sam-seng-lō͘ 6-tōaⁿ"/>
    <tag k="name:nan-Latn-tailo" v="Sam-sing-lōo 6-tuānn"/>
    <tag k="name:zh" v="三星路六段"/>
    <tag k="ref" v="7丙"/>
    <tag k="ref:en" v="Provincial Highway 7C"/>
    <tag k="ref:zh" v="台7丙線"/>
    <tag k="surface" v="asphalt"/>
  </way>
  <way id="85134860">
    <nd ref="3109149624"/>
    <nd ref="4430915572"/>
    <nd ref="3109149625"/>
    <nd ref="3109149627"/>
    <nd ref="3109149629"/>
    <nd ref="10303746896"/>
    <tag k="highway" v="primary"/>
    <tag k="name" v="三星路六段"/>
    <tag k="name:en" v="Sanxing Road Section 6"/>
    <tag k="name:nan" v="Sam-seng-lō͘ 6-tōaⁿ"/>
    <tag k="name:nan-Hant" v="三星路六段"/>
    <tag k="name:nan-Latn-pehoeji" v="Sam-seng-lō͘ 6-tōaⁿ"/>
    <tag k="name:nan-Latn-tailo" v="Sam-sing-lōo 6-tuānn"/>
    <tag k="name:zh" v="三星路六段"/>
    <tag k="ref" v="7丙"/>
    <tag k="ref:en" v="Provincial Highway 7C"/>
    <tag k="ref:zh" v="台7丙線"/>
    <tag k="surface" v="asphalt"/>
  </way>
  <way id="85244782">
    <nd ref="988498842"/>
    <nd ref="2268453824"/>
    <nd ref="2268453821"/>
    <nd ref="2268453806"/>
    <nd ref="7158775990"/>
    <tag k="highway" v="tertiary"/>
    <tag k="name" v="星中路"/>
    <tag k="name:en" v="Xingchung Road"/>
    <tag k="name:zh" v="星中路"/>
    <tag k="ref" v="宜44"/>
    <tag k="ref:en" v="IL44"/>
    <tag k="ref:zh" v="宜44"/>
  </way>
  <way id="85244783">
    <nd ref="988498847"/>
    <nd ref="2279842315"/>
    <nd ref="2279842308"/>
    <nd ref="2279842299"/>
    <nd ref="988498848"/>
    <nd ref="2279842298"/>
    <nd ref="1690085529"/>
    <nd ref="1690085527"/>
    <tag k="highway" v="secondary"/>
    <tag k="name" v="上將路五段"/>
    <tag k="name:en" v="Section 5, ShangJiang Road"/>
    <tag k="name:zh" v="上將路五段"/>
    <tag k="ref" v="196"/>
    <tag k="ref:en" v="196"/>
    <tag k="ref:zh" v="196"/>
    <tag k="surface" v="asphalt"/>
  </way>
  <way id="85244846">
    <nd ref="9500049830"/>
    <nd ref="2268453651"/>
    <nd ref="2268453637"/>
    <nd ref="2268453628"/>
    <nd ref="988498840"/>
    <nd ref="9553805553"/>
    <nd ref="2268453576"/>
    <nd ref="5248606073"/>
    <tag k="highway" v="secondary"/>
    <tag k="name" v="中山路二段"/>
    <tag k="ref" v="196"/>
    <tag k="ref:en" v="196"/>
    <tag k="ref:nan" v="196"/>
    <tag k="ref:nan-Hant" v="196"/>
    <tag k="ref:nan-Latn-pehoeji" v="196"/>
    <tag k="ref:nan-Latn-tailo" v="196"/>
    <tag k="ref:zh" v="196"/>
  </way>
  <way id="85244847">
    <nd ref="988504616"/>
    <nd ref="2268453872"/>
    <nd ref="2268453862"/>
    <nd ref="2268453836"/>
    <nd ref="2268453823"/>
    <nd ref="2268453795"/>
    <nd ref="987501817"/>
    <nd ref="3707842268"/>
    <nd ref="7158775996"/>
    <tag k="highway" v="secondary"/>
    <tag k="name" v="中山路三段"/>
    <tag k="ref" v="196"/>
    <tag k="ref:en" v="196"/>
    <tag k="ref:zh" v="196"/>
    <tag k="surface" v="asphalt"/>
  </way>
  <way id="85690724">
    <nd ref="987453399"/>
    <nd ref="994318808"/>
    <nd ref="987441787"/>
    <tag k="highway" v="tertiary"/>
    <tag k="name" v="尚健一路一段"/>
  </way>
  <way id="85690725">
    <nd ref="987453385"/>
    <nd ref="2283511635"/>
    <nd ref="2283511633"/>
    <nd ref="2283511629"/>
    <nd ref="987453387"/>
    <nd ref="987453393"/>
    <nd ref="987453396"/>
    <nd ref="2283511586"/>
    <nd ref="2283511585"/>
    <nd ref="2283511584"/>
    <nd ref="2283511583"/>
    <nd ref="11158458265"/>
    <nd ref="13004062735"/>
    <nd ref="994318808"/>
    <nd ref="2255669606"/>
    <nd ref="2255669594"/>
    <nd ref="11158458249"/>
    <nd ref="2255669580"/>
    <nd ref="994318809"/>
    <nd ref="4430978437"/>
    <nd ref="1690065042"/>
    <tag k="highway" v="residential"/>
    <tag k="name" v="安農北路三段"/>
  </way>
  <way id="85690799">
    <nd ref="4430978443"/>
    <nd ref="1690065128"/>
    <nd ref="1690065132"/>
    <nd ref="4430978452"/>
    <nd ref="2283511692"/>
    <nd ref="1690065134"/>
    <nd ref="4430978454"/>
    <tag k="highway" v="tertiary"/>
    <tag k="name" v="尚健一路一段"/>
  </way>
  <way id="85691420">
    <nd ref="994345677"/>
    <nd ref="994345679"/>
    <nd ref="994345680"/>
    <nd ref="4430922825"/>
    <nd ref="4430922827"/>
    <nd ref="4430922829"/>
    <nd ref="994345681"/>
    <nd ref="994345682"/>
    <nd ref="994345683"/>
    <nd ref="4430922852"/>
    <nd ref="4951830604"/>
    <nd ref="4430922877"/>
    <nd ref="4430922900"/>
    <nd ref="4430922902"/>
    <nd ref="994345684"/>
    <nd ref="7918338508"/>
    <nd ref="4430922914"/>
    <nd ref="987441805"/>
    <tag k="highway" v="tertiary"/>
    <tag k="name" v="進利路"/>
    <tag k="name:en" v="Jinli Road"/>
    <tag k="name:zh" v="進利路"/>
    <tag k="oneway" v="no"/>
    <tag k="ref" v="宜49"/>
    <tag k="ref:en" v="IL49"/>
    <tag k="ref:zh" v="宜49"/>
  </way>
  <way id="85691427">
    <nd ref="3707842420"/>
    <nd ref="3707842422"/>
    <nd ref="4431045344"/>
    <nd ref="994345676"/>
    <nd ref="4431045346"/>
    <nd ref="4431045347"/>
    <nd ref="4431045348"/>
    <nd ref="3707842526"/>
    <nd ref="994345777"/>
    <nd ref="3707842528"/>
    <nd ref="994345778"/>
    <nd ref="994345780"/>
    <nd ref="994345781"/>
    <nd ref="4431045352"/>
    <nd ref="994345782"/>
    <nd ref="3707842535"/>
    <nd ref="4431045358"/>
    <nd ref="11158492763"/>
    <nd ref="3707842536"/>
    <nd ref="3707842538"/>
    <nd ref="4431045361"/>
    <nd ref="4431045363"/>
    <tag k="highway" v="service"/>
    <tag k="name" v="大隱十三路"/>
  </way>
  <way id="156763431">
    <nd ref="3707841599"/>
    <nd ref="3707841602"/>
    <nd ref="4430915434"/>
    <nd ref="13909984808"/>
    <nd ref="7918293874"/>
    <nd ref="3707841638"/>
    <nd ref="13866442679"/>
    <nd ref="3707841654"/>
    <nd ref="4430915469"/>
    <nd ref="3707841649"/>
    <nd ref="13866442665"/>
    <nd ref="4430915464"/>
    <nd ref="3707841658"/>
    <nd ref="4430915630"/>
    <nd ref="3707841754"/>
    <nd ref="13866442689"/>
    <nd ref="4430915528"/>
    <nd ref="3707841774"/>
    <nd ref="9706768803"/>
    <nd ref="4430915538"/>
    <nd ref="3707841781"/>
    <nd ref="13866442647"/>
    <nd ref="3707841784"/>
    <nd ref="13866442640"/>
    <nd ref="3707841815"/>
    <nd ref="4430915562"/>
    <nd ref="3707841834"/>
    <nd ref="4430915577"/>
    <nd ref="13866442631"/>
    <nd ref="13866367281"/>
    <nd ref="4430915583"/>
    <nd ref="3707841862"/>
    <nd ref="6422856599"/>
    <nd ref="3707841893"/>
    <nd ref="3707841906"/>
    <nd ref="9500664222"/>
    <nd ref="13866367262"/>
    <nd ref="9500664221"/>
    <nd ref="13866367258"/>
    <nd ref="1690064602"/>
    <nd ref="9500664220"/>
    <nd ref="9500664219"/>
    <nd ref="1690064594"/>
    <nd ref="1690064596"/>
    <nd ref="9500664218"/>
    <nd ref="1690064599"/>
    <nd ref="9500664217"/>
    <nd ref="1690064615"/>
    <nd ref="1690064616"/>
    <nd ref="1690064637"/>
    <nd ref="1690064645"/>
    <nd ref="1690064667"/>
    <tag k="highway" v="service"/>
    <tag k="name" v="安農北路六段"/>
  </way>
  <way id="156763432">
    <nd ref="1690064853"/>
    <nd ref="1690064720"/>
    <nd ref="7918293863"/>
    <nd ref="1690064669"/>
    <tag k="highway" v="residential"/>
    <tag k="name" v="萬眉路"/>
  </way>
  <way id="156763433">
    <nd ref="1690065042"/>
    <nd ref="1690065040"/>
    <nd ref="1690065036"/>
    <tag k="fixme" v="name?"/>
    <tag k="highway" v="residential"/>
  </way>
  <way id="156763434">
    <nd ref="988498842"/>
    <nd ref="2279816288"/>
    <nd ref="2268453853"/>
    <nd ref="1690065044"/>
    <nd ref="2268453858"/>
    <nd ref="1690065047"/>
    <nd ref="1690065050"/>
    <nd ref="1690065052"/>
    <nd ref="7158775994"/>
    <tag k="highway" v="secondary"/>
    <tag k="name" v="上將路五段"/>
    <tag k="ref" v="196"/>
    <tag k="ref:en" v="196"/>
    <tag k="ref:zh" v="196"/>
  </way>
  <way id="156767913">
    <nd ref="3109149658"/>
    <nd ref="1690064628"/>
    <nd ref="1690064623"/>
    <nd ref="412685437"/>
    <nd ref="3109149639"/>
    <nd ref="3109149638"/>
    <nd ref="3109149640"/>
    <nd ref="3109149641"/>
    <nd ref="3109149642"/>
    <nd ref="3109149643"/>
    <nd ref="3109149644"/>
    <nd ref="412685436"/>
    <nd ref="3109149645"/>
    <nd ref="412685435"/>
    <nd ref="3109149647"/>
    <nd ref="1690064625"/>
    <nd ref="3109149657"/>
    <nd ref="987441807"/>
    <nd ref="3109149663"/>
    <nd ref="3109149666"/>
    <nd ref="412685434"/>
    <nd ref="7701090395"/>
    <nd ref="3109149674"/>
    <nd ref="4431044663"/>
    <nd ref="3109149676"/>
    <nd ref="10308446890"/>
    <nd ref="412685432"/>
    <nd ref="987441786"/>
    <tag k="highway" v="primary"/>
    <tag k="name" v="三星路二段"/>
    <tag k="ref" v="7丙"/>
    <tag k="ref:en" v="Provincial Highway 7C"/>
    <tag k="ref:zh" v="台7丙線"/>
  </way>
  <way id="156767919">
    <nd ref="1690085571"/>
    <nd ref="3063279075"/>
    <nd ref="987501810"/>
    <nd ref="2279816472"/>
    <nd ref="2279816455"/>
    <nd ref="987501812"/>
    <nd ref="2268453882"/>
    <nd ref="2279816442"/>
    <nd ref="1690085536"/>
    <nd ref="2268453881"/>
    <nd ref="987501815"/>
    <nd ref="988504615"/>
    <nd ref="2268453880"/>
    <nd ref="2279816345"/>
    <nd ref="3707842419"/>
    <nd ref="988504616"/>
    <tag k="highway" v="tertiary"/>
    <tag k="name" v="中山路三段"/>
    <tag k="ref" v="宜26"/>
    <tag k="ref:en" v="IL26"/>
    <tag k="ref:zh" v="宜26"/>
  </way>
  <way id="198147622">
    <nd ref="2083234266"/>
    <nd ref="3198290651"/>
    <nd ref="3198290650"/>
    <nd ref="3198290639"/>
    <nd ref="2083234261"/>
    <nd ref="2083234259"/>
    <nd ref="3744160665"/>
    <nd ref="2083234438"/>
    <tag k="highway" v="unclassified"/>
    <tag k="name" v="大隱八路"/>
    <tag k="source" v="Bing"/>
  </way>
  <way id="198147625">
    <nd ref="2083234452"/>
    <nd ref="11158475916"/>
    <nd ref="11158475914"/>
    <nd ref="3198290654"/>
    <nd ref="3707842126"/>
    <nd ref="11158475911"/>
    <nd ref="10308446887"/>
    <nd ref="2083234337"/>
    <nd ref="4430959537"/>
    <nd ref="7918338506"/>
    <nd ref="3707842015"/>
    <nd ref="3707842012"/>
    <nd ref="2083234461"/>
    <nd ref="11158434597"/>
    <nd ref="2083234331"/>
    <nd ref="3707842000"/>
    <nd ref="4431088435"/>
    <nd ref="4430959532"/>
    <nd ref="2083234330"/>
    <nd ref="11158470064"/>
    <nd ref="2083234307"/>
    <tag k="highway" v="service"/>
    <tag k="name" v="大隱中路"/>
    <tag k="source" v="Bing"/>
  </way>
  <way id="198147631">
    <nd ref="2083234539"/>
    <nd ref="2083234537"/>
    <nd ref="2083234536"/>
    <nd ref="2083234534"/>
    <nd ref="9164081547"/>
    <nd ref="2083234532"/>
    <nd ref="9164081530"/>
    <nd ref="2083234504"/>
    <nd ref="2083234501"/>
    <nd ref="2083234499"/>
    <nd ref="2083234378"/>
    <nd ref="2083234374"/>
    <nd ref="4431088330"/>
    <nd ref="2083234373"/>
    <nd ref="2083234371"/>
    <nd ref="13004541871"/>
    <nd ref="2083234368"/>
    <nd ref="4431088332"/>
    <nd ref="2083234458"/>
    <nd ref="2083234320"/>
    <nd ref="2083234319"/>
    <nd ref="2083234278"/>
    <nd ref="2083234271"/>
    <nd ref="2083234269"/>
    <nd ref="13004541870"/>
    <nd ref="9164081529"/>
    <nd ref="13004541880"/>
    <nd ref="13004541879"/>
    <nd ref="13004541878"/>
    <nd ref="4431088308"/>
    <nd ref="2083234542"/>
    <nd ref="2083234541"/>
    <nd ref="4431088312"/>
    <nd ref="4431088307"/>
    <nd ref="2083234540"/>
    <nd ref="4431088300"/>
    <nd ref="4431088298"/>
    <nd ref="2083234533"/>
    <nd ref="2083234531"/>
    <nd ref="4431088295"/>
    <nd ref="4431088294"/>
    <nd ref="4431088290"/>
    <nd ref="2083234514"/>
    <nd ref="4431087788"/>
    <nd ref="9454435613"/>
    <nd ref="2083234512"/>
    <nd ref="9454432491"/>
    <nd ref="4431088292"/>
    <nd ref="2083234510"/>
    <nd ref="2083234511"/>
    <nd ref="2083234508"/>
    <nd ref="13004541869"/>
    <nd ref="987441805"/>
    <tag k="highway" v="tertiary"/>
    <tag k="name" v="進偉路"/>
    <tag k="ref" v="宜30"/>
    <tag k="ref:en" v="IL30"/>
    <tag k="ref:zh" v="宜30"/>
    <tag k="source" v="Bing"/>
  </way>
  <way id="198147634">
    <nd ref="987441786"/>
    <nd ref="9164081552"/>
    <nd ref="4430959571"/>
    <nd ref="3707842192"/>
    <nd ref="3707842154"/>
    <nd ref="2083234452"/>
    <nd ref="3707841993"/>
    <nd ref="11158458247"/>
    <nd ref="10308446896"/>
    <nd ref="7701090421"/>
    <nd ref="7701090417"/>
    <nd ref="7701090415"/>
    <nd ref="2083234438"/>
    <nd ref="3744160661"/>
    <nd ref="3744160662"/>
    <nd ref="7918338477"/>
    <nd ref="2083234436"/>
    <nd ref="2083234444"/>
    <nd ref="2083234435"/>
    <nd ref="2083234433"/>
    <nd ref="2083234430"/>
    <nd ref="4431088411"/>
    <nd ref="4431088409"/>
    <nd ref="2083234431"/>
    <nd ref="7918338502"/>
    <nd ref="2083234432"/>
    <nd ref="2083234429"/>
    <nd ref="2083234424"/>
    <nd ref="2083234425"/>
    <nd ref="2083234434"/>
    <nd ref="2083234422"/>
    <nd ref="2083234428"/>
    <tag k="highway" v="tertiary"/>
    <tag k="name" v="大埔中路"/>
    <tag k="ref" v="宜46"/>
    <tag k="ref:en" v="IL46"/>
    <tag k="ref:zh" v="宜46"/>
    <tag k="source" v="Bing"/>
  </way>
  <way id="211432546">
    <nd ref="2214478387"/>
    <nd ref="2214478383"/>
    <nd ref="2214478381"/>
    <nd ref="1690085510"/>
    <nd ref="2268453791"/>
    <nd ref="2261122595"/>
    <nd ref="2261122591"/>
    <nd ref="2261122589"/>
    <tag k="highway" v="service"/>
    <tag k="name" v="行健三路二段"/>
  </way>
  <way id="211432547">
    <nd ref="2214478328"/>
    <nd ref="10159393000"/>
    <nd ref="2214478324"/>
    <nd ref="10158323308"/>
    <nd ref="2214478335"/>
    <nd ref="2214478387"/>
    <nd ref="2214478419"/>
    <nd ref="2214478444"/>
    <nd ref="2214478445"/>
    <nd ref="2214478450"/>
    <nd ref="2214478451"/>
    <tag k="highway" v="service"/>
  </way>
  <way id="216215084">
    <nd ref="2261122566"/>
    <nd ref="2255669363"/>
    <nd ref="2255669365"/>
    <nd ref="4430938349"/>
    <nd ref="2255669368"/>
    <tag k="highway" v="service"/>
    <tag k="name" v="行健二路二段"/>
  </way>
  <way id="216215086">
    <nd ref="1690085508"/>
    <nd ref="2255669473"/>
    <nd ref="2255669476"/>
    <nd ref="8012004978"/>
    <nd ref="2255669481"/>
    <nd ref="2255669470"/>
    <nd ref="2255669474"/>
    <nd ref="2255669482"/>
    <nd ref="2255669484"/>
    <nd ref="2255669489"/>
    <nd ref="2255669500"/>
    <nd ref="2255669496"/>
    <nd ref="2255669499"/>
    <nd ref="2255669492"/>
    <nd ref="2255669471"/>
    <nd ref="2255669477"/>
    <nd ref="1690065019"/>
    <tag k="highway" v="service"/>
    <tag k="name" v="行健三路一段"/>
  </way>
  <way id="216215088">
    <nd ref="2255669602"/>
    <nd ref="8012024186"/>
    <nd ref="2255669600"/>
    <nd ref="8012004984"/>
    <nd ref="2255669599"/>
    <nd ref="8012004981"/>
    <nd ref="2255669601"/>
    <nd ref="2255669592"/>
    <nd ref="4430938357"/>
    <nd ref="2255669590"/>
    <nd ref="4430938358"/>
    <nd ref="2255669603"/>
    <nd ref="2255669604"/>
    <nd ref="4430938362"/>
    <nd ref="4430938361"/>
    <nd ref="2255669608"/>
    <nd ref="2255669589"/>
    <nd ref="4430938356"/>
    <nd ref="2255669587"/>
    <nd ref="2255669585"/>
    <nd ref="2255669584"/>
    <nd ref="2255669586"/>
    <nd ref="2255669588"/>
    <nd ref="2255669596"/>
    <nd ref="12997268972"/>
    <nd ref="2255669597"/>
    <tag k="highway" v="service"/>
    <tag k="name" v="行健五路"/>
  </way>
  <way id="216215089">
    <nd ref="2255669359"/>
    <nd ref="1690064961"/>
    <tag k="highway" v="service"/>
  </way>
  <way id="216215090">
    <nd ref="2255669629"/>
    <nd ref="2255669597"/>
    <tag k="highway" v="service"/>
  </way>
  <way id="216215091">
    <nd ref="2255669580"/>
    <nd ref="4458314413"/>
    <nd ref="2255669597"/>
    <tag k="highway" v="service"/>
  </way>
  <way id="216215092">
    <nd ref="1690064716"/>
    <nd ref="2255669349"/>
    <nd ref="1690064721"/>
    <tag k="highway" v="service"/>
    <tag k="name" v="行健一路"/>
  </way>
  <way id="216215093">
    <nd ref="4430938372"/>
    <nd ref="2255669616"/>
    <nd ref="2255669588"/>
    <nd ref="2255669577"/>
    <tag k="highway" v="service"/>
    <tag k="name" v="石頭城路"/>
  </way>
  <way id="216215094">
    <nd ref="2261122579"/>
    <nd ref="2261122581"/>
    <nd ref="9500652104"/>
    <nd ref="2261122585"/>
    <nd ref="2261122589"/>
    <nd ref="2261122619"/>
    <nd ref="2261122626"/>
    <nd ref="2261122630"/>
    <nd ref="2261122632"/>
    <nd ref="2261122634"/>
    <nd ref="2261122636"/>
    <nd ref="1690085515"/>
    <tag k="highway" v="residential"/>
    <tag k="name" v="行健溪一路二段"/>
  </way>
  <way id="216215095">
    <nd ref="2261122628"/>
    <nd ref="1690085511"/>
    <nd ref="2255669582"/>
    <nd ref="2255669583"/>
    <nd ref="2255669595"/>
    <tag k="highway" v="service"/>
    <tag k="name" v="行健六路"/>
  </way>
  <way id="216215096">
    <nd ref="2255669605"/>
    <nd ref="2255669582"/>
    <nd ref="2214478381"/>
    <nd ref="2255669365"/>
    <nd ref="1690064770"/>
    <tag k="highway" v="service"/>
  </way>
  <way id="216215097">
    <nd ref="2255669611"/>
    <nd ref="2255669599"/>
    <nd ref="2255669476"/>
    <nd ref="2255669370"/>
    <nd ref="2255669355"/>
    <tag k="highway" v="service"/>
    <tag k="name" v="尚健五路一段"/>
  </way>
  <way id="216215098">
    <nd ref="1690065042"/>
    <nd ref="2255669560"/>
    <nd ref="2255669565"/>
    <nd ref="2255669573"/>
    <nd ref="2255669577"/>
    <tag k="highway" v="service"/>
    <tag k="name" v="石頭城路"/>
  </way>
  <way id="216215099">
    <nd ref="2255669631"/>
    <nd ref="2255669604"/>
    <nd ref="2255669484"/>
    <nd ref="2255669377"/>
    <nd ref="2255669349"/>
    <nd ref="1690064670"/>
    <tag k="highway" v="service"/>
    <tag k="name" v="尚健三路一段"/>
  </way>
  <way id="216215101">
    <nd ref="2255669492"/>
    <nd ref="2255669539"/>
    <nd ref="2255669528"/>
    <nd ref="2255669532"/>
    <nd ref="2255669558"/>
    <nd ref="2255669563"/>
    <nd ref="2255669568"/>
    <nd ref="2255669572"/>
    <nd ref="2255669577"/>
    <tag k="highway" v="service"/>
  </way>
  <way id="216709819">
    <nd ref="2261122560"/>
    <nd ref="2261122562"/>
    <nd ref="2261122564"/>
    <nd ref="2261122568"/>
    <nd ref="2261122570"/>
    <nd ref="2261122577"/>
    <nd ref="2261122566"/>
    <nd ref="2261122554"/>
    <nd ref="9500652110"/>
    <nd ref="9500652109"/>
    <nd ref="9500652108"/>
    <nd ref="9500652107"/>
    <nd ref="9500652106"/>
    <nd ref="9500652105"/>
    <tag k="highway" v="service"/>
    <tag k="name" v="行健二路二段"/>
  </way>
  <way id="216709820">
    <nd ref="2261122617"/>
    <nd ref="2261122615"/>
    <nd ref="2261122613"/>
    <nd ref="2261122607"/>
    <nd ref="2261122603"/>
    <nd ref="2261122599"/>
    <nd ref="2261122601"/>
    <nd ref="2261122605"/>
    <nd ref="2261122609"/>
    <nd ref="2261122611"/>
    <nd ref="2261122615"/>
    <tag k="highway" v="service"/>
  </way>
  <way id="216709821">
    <nd ref="2261122623"/>
    <nd ref="2261122613"/>
    <tag k="highway" v="unclassified"/>
  </way>
  <way id="216709822">
    <nd ref="2261122583"/>
    <nd ref="1690064876"/>
    <tag k="highway" v="service"/>
    <tag k="name" v="安農北路五段239巷"/>
  </way>
  <way id="216709823">
    <nd ref="988498844"/>
    <nd ref="2261122558"/>
    <nd ref="1690064876"/>
    <tag k="highway" v="service"/>
    <tag k="name" v="星月二路"/>
  </way>
  <way id="216709824">
    <nd ref="2261122579"/>
    <nd ref="2261122560"/>
    <nd ref="2261122544"/>
    <tag k="highway" v="service"/>
    <tag k="name" v="安農北路五段238巷"/>
  </way>
  <way id="216709825">
    <nd ref="988498845"/>
    <nd ref="2261122534"/>
    <nd ref="2261122527"/>
    <tag k="highway" v="service"/>
  </way>
  <way id="216709826">
    <nd ref="2279816465"/>
    <nd ref="2279816454"/>
    <nd ref="2279816446"/>
    <nd ref="2279816443"/>
    <nd ref="2279816434"/>
    <nd ref="2279816402"/>
    <nd ref="2279816370"/>
    <nd ref="2279816324"/>
    <nd ref="2268453879"/>
    <nd ref="2268453861"/>
    <nd ref="2268453845"/>
    <nd ref="7158775997"/>
    <tag k="highway" v="service"/>
    <tag k="name" v="廣富路"/>
  </way>
  <way id="216709827">
    <nd ref="2261122599"/>
    <nd ref="2261122598"/>
    <nd ref="2261122597"/>
    <nd ref="2261122596"/>
    <nd ref="2261122595"/>
    <tag k="highway" v="service"/>
  </way>
  <way id="216709828">
    <nd ref="1690064720"/>
    <nd ref="2261122534"/>
    <nd ref="9500652114"/>
    <nd ref="2261122536"/>
    <nd ref="2261122538"/>
    <nd ref="4431053218"/>
    <nd ref="2261122558"/>
    <tag k="highway" v="service"/>
    <tag k="name" v="星月一路"/>
  </way>
  <way id="216709829">
    <nd ref="2261122630"/>
    <nd ref="2261122628"/>
    <nd ref="2261122625"/>
    <nd ref="2261122623"/>
    <nd ref="2261122621"/>
    <nd ref="2261122626"/>
    <tag k="highway" v="service"/>
  </way>
  <way id="217561031">
    <nd ref="2261122544"/>
    <nd ref="5615016298"/>
    <nd ref="1690064922"/>
    <nd ref="1690064963"/>
    <nd ref="1690064965"/>
    <nd ref="1690064949"/>
    <nd ref="1690064915"/>
    <nd ref="1690064906"/>
    <nd ref="1690064919"/>
    <nd ref="2261122552"/>
    <nd ref="1690064960"/>
    <nd ref="1690064967"/>
    <nd ref="1690064920"/>
    <nd ref="1690064902"/>
    <nd ref="1690064896"/>
    <nd ref="2261122542"/>
    <nd ref="9500652105"/>
    <nd ref="1690064819"/>
    <nd ref="1690064796"/>
    <nd ref="1690064827"/>
    <nd ref="2261122540"/>
    <nd ref="1690064838"/>
    <nd ref="1690064830"/>
    <nd ref="1690064790"/>
    <nd ref="1690064784"/>
    <nd ref="1690064766"/>
    <nd ref="5615016275"/>
    <nd ref="1690064757"/>
    <nd ref="13858010369"/>
    <nd ref="1690064747"/>
    <nd ref="1690064745"/>
    <nd ref="1690064733"/>
    <nd ref="1690064737"/>
    <nd ref="1690064749"/>
    <nd ref="1690064751"/>
    <nd ref="1690064755"/>
    <nd ref="1690064762"/>
    <nd ref="1690064770"/>
    <nd ref="1690064792"/>
    <nd ref="1690064795"/>
    <nd ref="1690064797"/>
    <nd ref="1690064850"/>
    <nd ref="1690064862"/>
    <nd ref="1690064873"/>
    <nd ref="1690064852"/>
    <nd ref="1690064832"/>
    <nd ref="1690064820"/>
    <nd ref="1690064801"/>
    <nd ref="1690064799"/>
    <nd ref="1690064817"/>
    <nd ref="13858010342"/>
    <nd ref="1690064822"/>
    <tag k="fixme" v="name?"/>
    <tag k="highway" v="service"/>
    <tag k="name" v="安農北路五段"/>
  </way>
  <way id="217561036">
    <nd ref="2268453827"/>
    <nd ref="2268453826"/>
    <nd ref="2268453816"/>
    <nd ref="2268453773"/>
    <nd ref="2268453728"/>
    <nd ref="7158775991"/>
    <tag k="highway" v="residential"/>
    <tag k="name" v="萬眉路"/>
  </way>
  <way id="217561038">
    <nd ref="2268453691"/>
    <nd ref="4430999387"/>
    <nd ref="2268453686"/>
    <nd ref="4430999386"/>
    <nd ref="2268453688"/>
    <nd ref="2268453687"/>
    <nd ref="2268453677"/>
    <nd ref="2268453670"/>
    <nd ref="2268453674"/>
    <nd ref="2268453676"/>
    <nd ref="2268453675"/>
    <nd ref="2268453682"/>
    <tag k="highway" v="service"/>
    <tag k="name" v="星月五路"/>
  </way>
  <way id="217561042">
    <nd ref="2268453774"/>
    <nd ref="2268453818"/>
    <nd ref="2268453819"/>
    <nd ref="2268453815"/>
    <nd ref="4431053222"/>
    <nd ref="2268453816"/>
    <nd ref="2268453814"/>
    <nd ref="2268453812"/>
    <nd ref="2268453808"/>
    <tag k="highway" v="service"/>
    <tag k="name" v="富月路"/>
  </way>
  <way id="217561044">
    <nd ref="2268453729"/>
    <nd ref="2268453726"/>
    <nd ref="9500049821"/>
    <nd ref="2268453740"/>
    <nd ref="2268453751"/>
    <nd ref="9500664224"/>
    <nd ref="2268453753"/>
    <nd ref="2268453752"/>
    <nd ref="2268453749"/>
    <nd ref="2268453738"/>
    <nd ref="2268453734"/>
    <nd ref="2268453722"/>
    <nd ref="2268453715"/>
    <nd ref="9500664225"/>
    <nd ref="2268453708"/>
    <nd ref="2268453707"/>
    <nd ref="9500664226"/>
    <nd ref="2268453705"/>
    <nd ref="2268453694"/>
    <nd ref="2268453685"/>
    <nd ref="2268453683"/>
    <nd ref="2268453680"/>
    <tag k="highway" v="service"/>
  </way>
  <way id="217561046">
    <nd ref="3707841795"/>
    <nd ref="9500652091"/>
    <nd ref="3707841822"/>
    <nd ref="9500652090"/>
    <nd ref="4430915569"/>
    <nd ref="3707841836"/>
    <nd ref="4430915574"/>
    <nd ref="4430915586"/>
    <nd ref="3707841866"/>
    <nd ref="3707841874"/>
    <nd ref="3707841865"/>
    <nd ref="3707841859"/>
    <nd ref="3707841873"/>
    <nd ref="3707841891"/>
    <nd ref="3707841896"/>
    <nd ref="3707841957"/>
    <nd ref="4431053209"/>
    <nd ref="3707842004"/>
    <nd ref="2268453589"/>
    <nd ref="2268453592"/>
    <tag k="highway" v="service"/>
    <tag k="name" v="安農南路二段"/>
  </way>
  <way id="217561048">
    <nd ref="2268453847"/>
    <nd ref="2268453834"/>
    <tag k="highway" v="service"/>
  </way>
  <way id="217561049">
    <nd ref="2268453609"/>
    <nd ref="2268453591"/>
    <nd ref="3707842016"/>
    <nd ref="3707842021"/>
    <nd ref="4431053210"/>
    <nd ref="3707842011"/>
    <nd ref="2268453589"/>
    <tag k="highway" v="residential"/>
    <tag k="name" v="安農南路一段"/>
  </way>
  <way id="217561051">
    <nd ref="2268453811"/>
    <nd ref="2268453791"/>
    <tag k="highway" v="unclassified"/>
  </way>
  <way id="217561052">
    <nd ref="1690064667"/>
    <nd ref="2268453603"/>
    <tag k="fixme" v="name?"/>
    <tag k="highway" v="service"/>
    <tag k="tunnel" v="yes"/>
  </way>
  <way id="217561054">
    <nd ref="1690085606"/>
    <nd ref="4432448560"/>
    <nd ref="2279816489"/>
    <nd ref="2279816481"/>
    <nd ref="2279816467"/>
    <nd ref="2279816464"/>
    <nd ref="2279816436"/>
    <nd ref="2279816424"/>
    <nd ref="2279816393"/>
    <nd ref="2279816331"/>
    <nd ref="2279816317"/>
    <nd ref="2279816296"/>
    <nd ref="2279816291"/>
    <nd ref="1690065044"/>
    <nd ref="2268453807"/>
    <tag k="highway" v="residential"/>
    <tag k="name" v="德富路"/>
  </way>
  <way id="217561056">
    <nd ref="2268453866"/>
    <nd ref="2268453874"/>
    <tag k="highway" v="service"/>
  </way>
  <way id="217561057">
    <nd ref="2268453592"/>
    <nd ref="2268453598"/>
    <tag k="highway" v="service"/>
    <tag k="tunnel" v="yes"/>
  </way>
  <way id="217561059">
    <nd ref="2268453610"/>
    <nd ref="9500664253"/>
    <nd ref="2268453587"/>
    <tag k="highway" v="residential"/>
    <tag k="name" v="月眉三路19巷"/>
  </way>
  <way id="217561060">
    <nd ref="2268453825"/>
    <nd ref="2268453861"/>
    <tag k="highway" v="service"/>
    <tag k="name" v="廣富路105巷"/>
  </way>
  <way id="217561061">
    <nd ref="2268453625"/>
    <nd ref="412685444"/>
    <tag k="highway" v="service"/>
  </way>
  <way id="217561062">
    <nd ref="2268453627"/>
    <nd ref="2268453630"/>
    <nd ref="2268453632"/>
    <nd ref="2268453638"/>
    <nd ref="2268453645"/>
    <nd ref="2268453646"/>
    <nd ref="2268453653"/>
    <nd ref="2268453654"/>
    <nd ref="2268453656"/>
    <nd ref="2268453658"/>
    <nd ref="2268453659"/>
    <nd ref="2268453660"/>
    <nd ref="2268453662"/>
    <nd ref="9500049822"/>
    <nd ref="2268453663"/>
    <nd ref="9500049823"/>
    <nd ref="2268453667"/>
    <tag k="highway" v="unclassified"/>
    <tag k="name" v="星光二路"/>
  </way>
  <way id="217561064">
    <nd ref="2268453598"/>
    <nd ref="2268453599"/>
    <nd ref="2268453593"/>
    <nd ref="2268453594"/>
    <nd ref="2268453596"/>
    <nd ref="2268453605"/>
    <nd ref="2268453609"/>
    <nd ref="2268453626"/>
    <nd ref="2268453631"/>
    <nd ref="2268453636"/>
    <nd ref="2268453639"/>
    <nd ref="2268453650"/>
    <nd ref="2268453652"/>
    <nd ref="2268453649"/>
    <nd ref="2268453647"/>
    <nd ref="2268453642"/>
    <nd ref="2268453641"/>
    <nd ref="2268453640"/>
    <nd ref="2268453644"/>
    <nd ref="2268453643"/>
    <nd ref="2268453635"/>
    <nd ref="2268453629"/>
    <nd ref="2268453624"/>
    <tag k="highway" v="service"/>
    <tag k="name" v="安農南路一段"/>
  </way>
  <way id="217561067">
    <nd ref="2268453640"/>
    <nd ref="2268453623"/>
    <nd ref="2268453583"/>
    <tag k="highway" v="service"/>
    <tag k="name" v="三星路三段602巷"/>
  </way>
  <way id="217561069">
    <nd ref="2268453635"/>
    <nd ref="2268453620"/>
    <nd ref="412685443"/>
    <tag k="highway" v="service"/>
    <tag k="name" v="大湖路"/>
  </way>
  <way id="217561070">
    <nd ref="2268453853"/>
    <nd ref="9500652102"/>
    <nd ref="2268453833"/>
    <nd ref="2268453832"/>
    <tag k="highway" v="service"/>
  </way>
  <way id="217561072">
    <nd ref="2268453852"/>
    <nd ref="2268453851"/>
    <nd ref="2268453846"/>
    <tag k="highway" v="service"/>
    <tag k="name" v="楓林十路"/>
  </way>
  <way id="217561073">
    <nd ref="3707842381"/>
    <nd ref="3707842360"/>
    <nd ref="4430939274"/>
    <nd ref="3707842358"/>
    <nd ref="3707842359"/>
    <nd ref="3707842356"/>
    <tag k="highway" v="service"/>
    <tag k="name" v="人和十一路"/>
  </way>
  <way id="217561074">
    <nd ref="2268453651"/>
    <nd ref="2268453648"/>
    <nd ref="2268453611"/>
    <tag k="highway" v="unclassified"/>
  </way>
  <way id="217561076">
    <nd ref="2268453793"/>
    <nd ref="2268453739"/>
    <nd ref="2268453737"/>
    <nd ref="2268453736"/>
    <nd ref="2268453759"/>
    <nd ref="2268453765"/>
    <nd ref="2268453775"/>
    <nd ref="2268453782"/>
    <nd ref="2268453780"/>
    <nd ref="2268453774"/>
    <nd ref="2268453772"/>
    <nd ref="2268453727"/>
    <nd ref="9500049820"/>
    <nd ref="2268453723"/>
    <nd ref="2268453717"/>
    <nd ref="9500049819"/>
    <nd ref="2268453716"/>
    <nd ref="2268453718"/>
    <nd ref="2268453721"/>
    <nd ref="2268453728"/>
    <nd ref="2268453730"/>
    <nd ref="2268453742"/>
    <nd ref="2268453754"/>
    <nd ref="2268453756"/>
    <nd ref="2268453757"/>
    <nd ref="2268453766"/>
    <nd ref="2268453767"/>
    <nd ref="2268453769"/>
    <nd ref="2268453779"/>
    <nd ref="2268453796"/>
    <nd ref="9500652115"/>
    <nd ref="2268453797"/>
    <nd ref="9500652116"/>
    <nd ref="2268453798"/>
    <nd ref="2268453802"/>
    <tag k="highway" v="service"/>
  </way>
  <way id="217561078">
    <nd ref="2268453840"/>
    <nd ref="2268453854"/>
    <nd ref="2268453855"/>
    <nd ref="2268453852"/>
    <tag k="highway" v="service"/>
  </way>
  <way id="217561080">
    <nd ref="2268453590"/>
    <nd ref="9500664255"/>
    <nd ref="2268453587"/>
    <nd ref="9500664254"/>
    <nd ref="2268453585"/>
    <nd ref="9500664266"/>
    <nd ref="9500664267"/>
    <nd ref="9500664265"/>
    <nd ref="2268453575"/>
    <tag k="highway" v="residential"/>
    <tag k="name" v="月眉二路"/>
  </way>
  <way id="217561081">
    <nd ref="2268453835"/>
    <nd ref="2268453838"/>
    <nd ref="2268453837"/>
    <nd ref="2268453807"/>
    <tag k="highway" v="service"/>
  </way>
  <way id="217561084">
    <nd ref="2268453622"/>
    <nd ref="2268453614"/>
    <nd ref="2268453590"/>
    <nd ref="2268453573"/>
    <tag k="highway" v="residential"/>
    <tag k="name" v="月眉一路"/>
  </way>
  <way id="217561085">
    <nd ref="2268453667"/>
    <nd ref="2268453672"/>
    <nd ref="2268453679"/>
    <nd ref="2268453681"/>
    <nd ref="2268453689"/>
    <nd ref="2268453690"/>
    <nd ref="2268453693"/>
    <nd ref="2268453696"/>
    <nd ref="2268453697"/>
    <nd ref="2268453698"/>
    <nd ref="2268453701"/>
    <nd ref="2268453704"/>
    <nd ref="2268453724"/>
    <nd ref="2268453731"/>
    <nd ref="2268453735"/>
    <nd ref="2268453743"/>
    <nd ref="2268453745"/>
    <nd ref="2268453744"/>
    <nd ref="2268453741"/>
    <nd ref="2268453733"/>
    <nd ref="2268453719"/>
    <nd ref="2268453713"/>
    <nd ref="2268453702"/>
    <nd ref="2268453699"/>
    <nd ref="2268453695"/>
    <nd ref="2268453700"/>
    <nd ref="2268453703"/>
    <nd ref="2268453706"/>
    <nd ref="2268453712"/>
    <nd ref="2268453720"/>
    <nd ref="2268453746"/>
    <nd ref="2268453748"/>
    <nd ref="2268453750"/>
    <nd ref="2268453758"/>
    <nd ref="2268453761"/>
    <nd ref="2268453762"/>
    <nd ref="2268453764"/>
    <nd ref="2268453768"/>
    <nd ref="2268453778"/>
    <nd ref="2268453783"/>
    <nd ref="2268453789"/>
    <nd ref="2268453790"/>
    <nd ref="2268453786"/>
    <nd ref="2268453784"/>
    <tag k="highway" v="service"/>
    <tag k="name" v="星月三路"/>
  </way>
  <way id="217561088">
    <nd ref="2268453668"/>
    <nd ref="2268453710"/>
    <nd ref="2268453714"/>
    <nd ref="2268453711"/>
    <nd ref="988498844"/>
    <tag k="highway" v="service"/>
    <tag k="name" v="星月二路"/>
  </way>
  <way id="217561089">
    <nd ref="9500664234"/>
    <nd ref="9500664235"/>
    <nd ref="9500664236"/>
    <nd ref="9500664237"/>
    <nd ref="9500664238"/>
    <nd ref="9500664239"/>
    <nd ref="9500664240"/>
    <nd ref="9500664241"/>
    <nd ref="9500664242"/>
    <nd ref="9500664243"/>
    <nd ref="9500664244"/>
    <nd ref="9500664245"/>
    <nd ref="9500664246"/>
    <nd ref="9500664247"/>
    <nd ref="9500664248"/>
    <nd ref="9500664249"/>
    <nd ref="9500664250"/>
    <nd ref="9500664251"/>
    <nd ref="2268453621"/>
    <nd ref="2268453619"/>
    <nd ref="2268453617"/>
    <nd ref="2268453615"/>
    <nd ref="2268453612"/>
    <tag k="highway" v="service"/>
    <tag k="service" v="alley"/>
  </way>
  <way id="217561091">
    <nd ref="2268453827"/>
    <nd ref="2268453830"/>
    <nd ref="2268453829"/>
    <nd ref="2268453828"/>
    <nd ref="2268453808"/>
    <tag k="highway" v="service"/>
  </way>
  <way id="217561092">
    <nd ref="3707842289"/>
    <nd ref="2268453795"/>
    <nd ref="2268453793"/>
    <nd ref="2268453788"/>
    <nd ref="2268453781"/>
    <nd ref="2268453775"/>
    <tag k="highway" v="service"/>
    <tag k="name" v="楓林十一路"/>
  </way>
  <way id="217561094">
    <nd ref="2268453702"/>
    <nd ref="2268453684"/>
    <nd ref="2268453666"/>
    <nd ref="9500664227"/>
    <nd ref="9500664228"/>
    <nd ref="9500664229"/>
    <nd ref="2268453664"/>
    <nd ref="9500664230"/>
    <nd ref="9500664231"/>
    <nd ref="9500664232"/>
    <nd ref="9500664233"/>
    <nd ref="4430999384"/>
    <nd ref="2268453633"/>
    <tag k="highway" v="service"/>
    <tag k="name" v="星光一路"/>
  </way>
  <way id="217561096">
    <nd ref="2268453626"/>
    <nd ref="2268453625"/>
    <nd ref="2268453623"/>
    <nd ref="2268453620"/>
    <nd ref="2268453618"/>
    <nd ref="2268453616"/>
    <nd ref="2268453613"/>
    <nd ref="3707842155"/>
    <nd ref="1690085486"/>
    <nd ref="3707842161"/>
    <nd ref="3707842163"/>
    <nd ref="4430938333"/>
    <nd ref="3707842173"/>
    <tag k="highway" v="service"/>
    <tag k="name" v="拱照十二路"/>
  </way>
  <way id="217561098">
    <nd ref="2268453618"/>
    <nd ref="2268453608"/>
    <nd ref="2268453607"/>
    <nd ref="2268453606"/>
    <nd ref="2268453601"/>
    <nd ref="2268453597"/>
    <nd ref="2268453595"/>
    <tag k="highway" v="unclassified"/>
  </way>
  <way id="217561099">
    <nd ref="1690085594"/>
    <nd ref="2279816476"/>
    <nd ref="2279816463"/>
    <nd ref="2279816459"/>
    <nd ref="6036138552"/>
    <nd ref="2279816420"/>
    <nd ref="2279816394"/>
    <nd ref="2279816385"/>
    <nd ref="2279816377"/>
    <nd ref="2279816375"/>
    <nd ref="2279816354"/>
    <nd ref="6036139314"/>
    <nd ref="2279816328"/>
    <nd ref="2279816311"/>
    <nd ref="2279816302"/>
    <tag k="highway" v="residential"/>
    <tag k="name" v="萬德二路"/>
  </way>
  <way id="217561101">
    <nd ref="2268453576"/>
    <nd ref="4430999375"/>
    <nd ref="2268453579"/>
    <nd ref="2268453582"/>
    <nd ref="2268453581"/>
    <nd ref="2268453580"/>
    <nd ref="2268453574"/>
    <nd ref="2268453572"/>
    <tag k="highway" v="unclassified"/>
    <tag k="name" v="星義路"/>
  </way>
  <way id="217561102">
    <nd ref="2268453864"/>
    <nd ref="2268453865"/>
    <nd ref="2268453867"/>
    <nd ref="2268453868"/>
    <nd ref="2268453870"/>
    <nd ref="2268453871"/>
    <nd ref="2268453869"/>
    <nd ref="2268453866"/>
    <tag k="highway" v="service"/>
  </way>
  <way id="217561103">
    <nd ref="2268453864"/>
    <nd ref="2268453860"/>
    <nd ref="2268453857"/>
    <nd ref="2268453849"/>
    <nd ref="2268453848"/>
    <nd ref="2268453850"/>
    <nd ref="2268453856"/>
    <nd ref="2268453866"/>
    <tag k="highway" v="service"/>
  </way>
  <way id="217561105">
    <nd ref="2279816491"/>
    <nd ref="2279816475"/>
    <nd ref="2279816458"/>
    <nd ref="2279816456"/>
    <nd ref="2279816419"/>
    <nd ref="4431000815"/>
    <nd ref="2279816379"/>
    <nd ref="2279816373"/>
    <nd ref="2279816351"/>
    <nd ref="2279816325"/>
    <nd ref="2279816321"/>
    <nd ref="2279816318"/>
    <nd ref="1690065097"/>
    <nd ref="2268453874"/>
    <nd ref="2268453852"/>
    <nd ref="2268453788"/>
    <nd ref="2268453765"/>
    <tag k="highway" v="residential"/>
    <tag k="name" v="萬德六路"/>
  </way>
  <way id="217561107">
    <nd ref="2268453574"/>
    <nd ref="2268453586"/>
    <nd ref="4430999376"/>
    <nd ref="2268453588"/>
    <nd ref="2268453600"/>
    <nd ref="2268453602"/>
    <nd ref="9500664252"/>
    <nd ref="2268453604"/>
    <nd ref="2268453610"/>
    <nd ref="2268453612"/>
    <nd ref="2268453614"/>
    <tag k="highway" v="residential"/>
    <tag k="name" v="月眉三路"/>
  </way>
  <way id="217561110">
    <nd ref="2268453725"/>
    <nd ref="9500049825"/>
    <nd ref="2268453747"/>
    <nd ref="2268453755"/>
    <nd ref="2268453760"/>
    <nd ref="2268453771"/>
    <nd ref="2268453777"/>
    <nd ref="2268453776"/>
    <nd ref="2268453770"/>
    <nd ref="2268453729"/>
    <tag k="highway" v="service"/>
  </way>
  <way id="217561112">
    <nd ref="2268453821"/>
    <nd ref="2268453820"/>
    <tag k="highway" v="track"/>
  </way>
  <way id="217561113">
    <nd ref="987499648"/>
    <nd ref="2268453570"/>
    <nd ref="987499646"/>
    <nd ref="9500049838"/>
    <nd ref="2268453571"/>
    <nd ref="1690064618"/>
    <nd ref="9500664269"/>
    <nd ref="1690064620"/>
    <nd ref="9500664268"/>
    <nd ref="2268453572"/>
    <nd ref="5317673586"/>
    <nd ref="3109149637"/>
    <nd ref="2268453573"/>
    <tag k="highway" v="primary"/>
    <tag k="name" v="三星路四段"/>
    <tag k="ref" v="7丙"/>
    <tag k="ref:en" v="Provincial Highway 7C"/>
    <tag k="ref:zh" v="台7丙線"/>
  </way>
  <way id="217561116">
    <nd ref="3109149671"/>
    <nd ref="412685445"/>
    <nd ref="987499645"/>
    <nd ref="1690064664"/>
    <nd ref="1690064662"/>
    <nd ref="2268453591"/>
    <tag k="bridge" v="yes"/>
    <tag k="highway" v="primary"/>
    <tag k="layer" v="1"/>
    <tag k="name" v="三星橋"/>
    <tag k="ref" v="7丙"/>
    <tag k="ref:en" v="Provincial Highway 7C"/>
    <tag k="ref:zh" v="台7丙線"/>
  </way>
  <way id="218758555">
    <nd ref="2268453880"/>
    <nd ref="2279816344"/>
    <nd ref="2279816343"/>
    <nd ref="2279816321"/>
    <nd ref="2279816315"/>
    <nd ref="4431000791"/>
    <nd ref="2279816310"/>
    <nd ref="2279816308"/>
    <nd ref="2279816306"/>
    <nd ref="2279816304"/>
    <nd ref="2279816303"/>
    <nd ref="2279816302"/>
    <tag k="highway" v="service"/>
  </way>
  <way id="218758556">
    <nd ref="2279816345"/>
    <nd ref="2279816341"/>
    <nd ref="2279816340"/>
    <nd ref="2279816335"/>
    <nd ref="2279816318"/>
    <nd ref="2279816312"/>
    <nd ref="2279816309"/>
    <nd ref="2279816307"/>
    <nd ref="2279816305"/>
    <nd ref="2279816299"/>
    <nd ref="2279816297"/>
    <nd ref="2279816298"/>
    <tag k="highway" v="service"/>
  </way>
  <way id="218758560">
    <nd ref="2279816288"/>
    <nd ref="2279816290"/>
    <nd ref="2279816319"/>
    <nd ref="2279816326"/>
    <nd ref="2279816336"/>
    <nd ref="2279816346"/>
    <nd ref="2279816359"/>
    <nd ref="2279816362"/>
    <nd ref="2279816395"/>
    <nd ref="2279816425"/>
    <nd ref="2279816466"/>
    <nd ref="2279816469"/>
    <nd ref="2279816473"/>
    <nd ref="2279816480"/>
    <nd ref="2279816492"/>
    <nd ref="6036138543"/>
    <nd ref="2279816497"/>
    <nd ref="1690085622"/>
    <tag k="highway" v="residential"/>
    <tag k="name" v="富貴三路"/>
  </way>
  <way id="218758561">
    <nd ref="2279816351"/>
    <nd ref="4431000796"/>
    <nd ref="2279816354"/>
    <tag k="highway" v="service"/>
    <tag k="name" v="楓林六路"/>
  </way>
  <way id="218758565">
    <nd ref="2279816301"/>
    <nd ref="2279816305"/>
    <tag k="highway" v="unclassified"/>
  </way>
  <way id="218758569">
    <nd ref="2279816291"/>
    <nd ref="4431053224"/>
    <nd ref="2279816290"/>
    <nd ref="2279816289"/>
    <nd ref="2279816292"/>
    <tag k="highway" v="service"/>
    <tag k="name" v="萬富三路"/>
  </way>
  <way id="218758571">
    <nd ref="2279816367"/>
    <nd ref="2279816363"/>
    <nd ref="2279816364"/>
    <nd ref="2279816366"/>
    <nd ref="2279816374"/>
    <tag k="highway" v="unclassified"/>
  </way>
  <way id="218758575">
    <nd ref="2279816326"/>
    <nd ref="2279816327"/>
    <nd ref="2279816330"/>
    <nd ref="2279816334"/>
    <nd ref="2279816337"/>
    <nd ref="4431053237"/>
    <nd ref="2279816338"/>
    <tag k="highway" v="service"/>
  </way>
  <way id="218758576">
    <nd ref="2279816365"/>
    <nd ref="2279816370"/>
    <nd ref="2279816378"/>
    <nd ref="2279816380"/>
    <nd ref="2279816396"/>
    <nd ref="2279816405"/>
    <nd ref="2279842324"/>
    <nd ref="2279842320"/>
    <nd ref="2279842321"/>
    <nd ref="2279842322"/>
    <nd ref="4431053252"/>
    <nd ref="2279842343"/>
    <tag k="highway" v="service"/>
    <tag k="name" v="萬富六路"/>
  </way>
  <way id="218758577">
    <nd ref="2279816311"/>
    <nd ref="2279816313"/>
    <nd ref="4431053236"/>
    <nd ref="2279816295"/>
    <nd ref="4431053228"/>
    <nd ref="2279816293"/>
    <nd ref="2279816294"/>
    <nd ref="2279816296"/>
    <tag k="highway" v="service"/>
  </way>
  <way id="218758578">
    <nd ref="2279816346"/>
    <nd ref="2279816347"/>
    <nd ref="2279816352"/>
    <nd ref="2279816353"/>
    <nd ref="2279816348"/>
    <nd ref="2279816349"/>
    <nd ref="2279816337"/>
    <tag k="highway" v="service"/>
  </way>
  <way id="218758579">
    <nd ref="988504615"/>
    <nd ref="2279816376"/>
    <nd ref="4431000805"/>
    <nd ref="2279816371"/>
    <nd ref="2279816368"/>
    <nd ref="2279816369"/>
    <nd ref="2279816372"/>
    <nd ref="2279816373"/>
    <tag k="highway" v="service"/>
    <tag k="name" v="楓林三路"/>
  </way>
  <way id="218758581">
    <nd ref="2279816390"/>
    <nd ref="4431000807"/>
    <nd ref="2279816388"/>
    <nd ref="2279816360"/>
    <nd ref="4431000803"/>
    <nd ref="2279816361"/>
    <nd ref="2279816357"/>
    <nd ref="4431000802"/>
    <nd ref="2279816356"/>
    <nd ref="4431000800"/>
    <nd ref="2279816355"/>
    <nd ref="2279816350"/>
    <nd ref="2279816329"/>
    <tag k="highway" v="service"/>
  </way>
  <way id="218758582">
    <nd ref="2279816325"/>
    <nd ref="2279816328"/>
    <nd ref="6036139321"/>
    <nd ref="2279816329"/>
    <nd ref="2279816331"/>
    <nd ref="2279816332"/>
    <nd ref="2279816339"/>
    <nd ref="4431000795"/>
    <nd ref="2279816333"/>
    <nd ref="2279816336"/>
    <tag k="highway" v="service"/>
    <tag k="name" v="楓林七路"/>
  </way>
  <way id="218758583">
    <nd ref="2279816317"/>
    <nd ref="6036138574"/>
    <nd ref="2279816319"/>
    <nd ref="2279816320"/>
    <nd ref="9500652101"/>
    <nd ref="2279816316"/>
    <nd ref="2279816323"/>
    <nd ref="2279816324"/>
    <nd ref="1690085531"/>
    <nd ref="4431053238"/>
    <nd ref="2279842312"/>
    <nd ref="2279842323"/>
    <nd ref="2279842328"/>
    <nd ref="2279842330"/>
    <nd ref="2279842352"/>
    <tag k="highway" v="service"/>
    <tag k="name" v="萬富五路"/>
  </way>
  <way id="218762296">
    <nd ref="1690085523"/>
    <nd ref="2279842262"/>
    <nd ref="2279842275"/>
    <nd ref="2279842286"/>
    <nd ref="2279842288"/>
    <nd ref="2279842290"/>
    <nd ref="2279842291"/>
    <nd ref="2279842293"/>
    <nd ref="2279842295"/>
    <nd ref="2279842296"/>
    <nd ref="2279842297"/>
    <tag k="highway" v="residential"/>
    <tag k="name" v="萬富二路"/>
  </way>
  <way id="218762298">
    <nd ref="2279842258"/>
    <nd ref="2279842273"/>
    <nd ref="2279842286"/>
    <nd ref="988498848"/>
    <nd ref="2279842312"/>
    <nd ref="2279842334"/>
    <nd ref="2279842336"/>
    <nd ref="2279842343"/>
    <nd ref="2279842370"/>
    <tag k="highway" v="residential"/>
    <tag k="name" v="富貴一路"/>
  </way>
  <way id="218762302">
    <nd ref="2279842296"/>
    <nd ref="2279842301"/>
    <nd ref="2279842304"/>
    <tag k="highway" v="residential"/>
    <tag k="name" v="健富路一段319巷"/>
  </way>
  <way id="218762304">
    <nd ref="2279842282"/>
    <nd ref="2279842265"/>
    <nd ref="2279842269"/>
    <nd ref="2279842271"/>
    <tag k="highway" v="residential"/>
  </way>
  <way id="218762313">
    <nd ref="2279842273"/>
    <nd ref="2279842270"/>
    <nd ref="2279842276"/>
    <nd ref="2279842280"/>
    <nd ref="2279842282"/>
    <nd ref="2279842284"/>
    <tag k="highway" v="residential"/>
    <tag k="name" v="萬富一路"/>
  </way>
  <way id="219153376">
    <nd ref="4430938396"/>
    <nd ref="2283511741"/>
    <nd ref="2283511708"/>
    <nd ref="2283511684"/>
    <nd ref="2283511670"/>
    <nd ref="2283511627"/>
    <nd ref="9109870008"/>
    <nd ref="2283511611"/>
    <nd ref="4430938380"/>
    <tag k="highway" v="service"/>
    <tag k="name" v="尚健三路一段"/>
  </way>
  <way id="219153378">
    <nd ref="2283511684"/>
    <nd ref="2283511686"/>
    <nd ref="2283511682"/>
    <nd ref="2283511683"/>
    <nd ref="2283511685"/>
    <nd ref="2283511687"/>
    <nd ref="2283511689"/>
    <nd ref="2283511690"/>
    <nd ref="2283511688"/>
    <nd ref="2283511692"/>
    <nd ref="2283511697"/>
    <nd ref="2283511698"/>
    <nd ref="2283511696"/>
    <nd ref="2283511691"/>
    <nd ref="11158458276"/>
    <nd ref="11158458275"/>
    <nd ref="2283511681"/>
    <nd ref="2283511679"/>
    <nd ref="2283511678"/>
    <tag k="highway" v="residential"/>
    <tag k="name" v="大義二路"/>
  </way>
  <way id="219153386">
    <nd ref="2283511645"/>
    <nd ref="2283511647"/>
    <nd ref="2283511650"/>
    <nd ref="2283511661"/>
    <nd ref="2283511663"/>
    <nd ref="2283511648"/>
    <nd ref="4430938384"/>
    <nd ref="2283511653"/>
    <nd ref="2283511655"/>
    <nd ref="2283511658"/>
    <nd ref="7918338433"/>
    <nd ref="4430938385"/>
    <nd ref="2283511665"/>
    <nd ref="2283511671"/>
    <nd ref="2283511675"/>
    <nd ref="7918338438"/>
    <nd ref="2283511668"/>
    <nd ref="2283511667"/>
    <nd ref="2283511670"/>
    <nd ref="2283511673"/>
    <nd ref="2283511674"/>
    <nd ref="2283511672"/>
    <nd ref="2283511659"/>
    <nd ref="2283511654"/>
    <nd ref="2283511656"/>
    <nd ref="2283511662"/>
    <nd ref="2283511677"/>
    <nd ref="2283511676"/>
    <nd ref="2283511666"/>
    <nd ref="4430978450"/>
    <nd ref="1690065132"/>
    <tag k="highway" v="service"/>
    <tag k="name" v="培英路"/>
  </way>
  <way id="219153398">
    <nd ref="2283511576"/>
    <nd ref="2283511575"/>
    <nd ref="2283511574"/>
    <nd ref="2283511573"/>
    <nd ref="987441819"/>
    <tag k="highway" v="tertiary"/>
    <tag k="name" v="大埔中路"/>
  </way>
  <way id="219153401">
    <nd ref="2283511771"/>
    <nd ref="2283511706"/>
    <nd ref="2283511655"/>
    <nd ref="9109870010"/>
    <nd ref="2283511596"/>
    <nd ref="2283511582"/>
    <nd ref="4430938368"/>
    <tag k="highway" v="service"/>
    <tag k="name" v="尚健五路一段"/>
  </way>
  <way id="219153402">
    <nd ref="2283511593"/>
    <nd ref="2283511594"/>
    <nd ref="2283511588"/>
    <nd ref="2283511592"/>
    <nd ref="2283511596"/>
    <nd ref="2283511597"/>
    <nd ref="2283511587"/>
    <tag k="highway" v="service"/>
    <tag k="name" v="行健八路"/>
  </way>
  <way id="219153403">
    <nd ref="2283511689"/>
    <nd ref="2283511677"/>
    <nd ref="2283511652"/>
    <nd ref="2283511644"/>
    <nd ref="2283511614"/>
    <nd ref="2283511589"/>
    <nd ref="4430938376"/>
    <tag k="highway" v="service"/>
    <tag k="name" v="石頭城路"/>
  </way>
  <way id="219153404">
    <nd ref="2283511625"/>
    <nd ref="2283511623"/>
    <nd ref="2283511617"/>
    <nd ref="2283511615"/>
    <nd ref="2283511620"/>
    <nd ref="2283511614"/>
    <nd ref="2283511613"/>
    <nd ref="4430978442"/>
    <nd ref="4430978440"/>
    <nd ref="2283511612"/>
    <tag k="highway" v="service"/>
    <tag k="name" v="行健七路"/>
  </way>
  <way id="238021543">
    <nd ref="987441789"/>
    <nd ref="7561120558"/>
    <tag k="highway" v="service"/>
  </way>
  <way id="279050159">
    <nd ref="1690085527"/>
    <nd ref="1690085524"/>
    <nd ref="1690085523"/>
    <nd ref="1690085522"/>
    <nd ref="1690085519"/>
    <nd ref="1690085517"/>
    <tag k="highway" v="tertiary"/>
    <tag k="name" v="照林路二段"/>
    <tag k="ref" v="宜26-1"/>
    <tag k="ref:en" v="IL26-1"/>
    <tag k="ref:zh" v="宜26-1"/>
  </way>
  <way id="279050160">
    <nd ref="1690085527"/>
    <nd ref="988498849"/>
    <nd ref="2268453879"/>
    <nd ref="4431053227"/>
    <nd ref="2268453859"/>
    <nd ref="988498850"/>
    <nd ref="988498842"/>
    <tag k="highway" v="secondary"/>
    <tag k="name" v="上將路五段"/>
    <tag k="name:en" v="Section 5, ShangJiang Road"/>
    <tag k="name:zh" v="上將路五段"/>
    <tag k="ref" v="196"/>
    <tag k="ref:en" v="196"/>
    <tag k="ref:zh" v="196"/>
    <tag k="surface" v="asphalt"/>
  </way>
  <way id="279054073">
    <nd ref="4430938393"/>
    <nd ref="2283511725"/>
    <nd ref="2283511687"/>
    <nd ref="2283511673"/>
    <nd ref="2283511625"/>
    <nd ref="2283511604"/>
    <nd ref="4430938379"/>
    <tag k="highway" v="residential"/>
    <tag k="name" v="尚健二路一段"/>
  </way>
  <way id="279054917">
    <nd ref="2255669622"/>
    <nd ref="2255669612"/>
    <nd ref="2255669608"/>
    <nd ref="4430938355"/>
    <nd ref="2255669500"/>
    <nd ref="2255669378"/>
    <nd ref="2255669361"/>
    <nd ref="2255669359"/>
    <nd ref="1690064764"/>
    <nd ref="4430938345"/>
    <tag k="highway" v="residential"/>
    <tag k="name" v="尚健二路一段"/>
  </way>
  <way id="290280082">
    <nd ref="9164081555"/>
    <nd ref="4430954359"/>
    <nd ref="2083234421"/>
    <nd ref="4443541996"/>
    <nd ref="2083234236"/>
    <nd ref="4443541995"/>
    <nd ref="7549367479"/>
    <nd ref="2083234518"/>
    <nd ref="2083234309"/>
    <nd ref="2083234325"/>
    <nd ref="2938323697"/>
    <nd ref="2938323696"/>
    <nd ref="2083234362"/>
    <nd ref="2083249562"/>
    <nd ref="4443541993"/>
    <nd ref="4443541992"/>
    <nd ref="2083249551"/>
    <nd ref="2083249648"/>
    <nd ref="2083249567"/>
    <nd ref="2083249575"/>
    <nd ref="4443541991"/>
    <nd ref="2083249597"/>
    <nd ref="2083249534"/>
    <nd ref="2083249669"/>
    <nd ref="3010119469"/>
    <nd ref="2083249533"/>
    <nd ref="2083249627"/>
    <nd ref="3010119468"/>
    <nd ref="4443541990"/>
    <nd ref="4443541989"/>
    <nd ref="2083249645"/>
    <nd ref="2083249642"/>
    <nd ref="2083249600"/>
    <nd ref="4443539888"/>
    <nd ref="2083249598"/>
    <nd ref="2083249595"/>
    <nd ref="2083249542"/>
    <nd ref="2083249541"/>
    <nd ref="4443539887"/>
    <nd ref="2083249726"/>
    <nd ref="3010119467"/>
    <nd ref="2083249728"/>
    <nd ref="4443526411"/>
    <nd ref="2083249583"/>
    <nd ref="2083249555"/>
    <nd ref="2083249553"/>
    <nd ref="2083249695"/>
    <nd ref="2938323695"/>
    <nd ref="2083249515"/>
    <nd ref="2938323694"/>
    <nd ref="2083249554"/>
    <tag k="highway" v="tertiary"/>
    <tag k="name" v="寒溪巷"/>
    <tag k="name:zh" v="寒溪巷"/>
    <tag k="ref" v="宜33"/>
    <tag k="ref:en" v="IL33"/>
    <tag k="ref:zh" v="宜33"/>
  </way>
  <way id="291267742">
    <nd ref="412685435"/>
    <nd ref="2946914867"/>
    <nd ref="9610395452"/>
    <nd ref="2946914866"/>
    <nd ref="2946914865"/>
    <nd ref="2946914864"/>
    <nd ref="2946914863"/>
    <nd ref="2946914862"/>
    <nd ref="2946914860"/>
    <nd ref="9610395453"/>
    <nd ref="2946914859"/>
    <nd ref="4430971572"/>
    <nd ref="9610395454"/>
    <nd ref="2946914858"/>
    <nd ref="2946914857"/>
    <nd ref="4430971573"/>
    <nd ref="2946914856"/>
    <nd ref="2946914855"/>
    <nd ref="2946914849"/>
    <nd ref="9610395455"/>
    <nd ref="2946914847"/>
    <nd ref="2946914846"/>
    <nd ref="2946914843"/>
    <nd ref="2946914844"/>
    <nd ref="2946914850"/>
    <nd ref="2946914854"/>
    <nd ref="2946914852"/>
    <nd ref="2946914851"/>
    <nd ref="2946914848"/>
    <nd ref="2946914845"/>
    <nd ref="2946914842"/>
    <nd ref="9610395456"/>
    <nd ref="2946914841"/>
    <nd ref="2946914840"/>
    <nd ref="2946914839"/>
    <nd ref="9610395458"/>
    <nd ref="9610395457"/>
    <nd ref="2946914838"/>
    <nd ref="2946914837"/>
    <nd ref="2946914836"/>
    <nd ref="2946914835"/>
    <nd ref="4430971570"/>
    <nd ref="2946914833"/>
    <nd ref="9610395459"/>
    <nd ref="9610395460"/>
    <nd ref="2946914532"/>
    <nd ref="2946914531"/>
    <nd ref="9610395461"/>
    <nd ref="2946914530"/>
    <nd ref="2946914529"/>
    <nd ref="2946914528"/>
    <nd ref="2946914527"/>
    <nd ref="9610395462"/>
    <nd ref="2946914526"/>
    <nd ref="2946914525"/>
    <nd ref="4430971568"/>
    <nd ref="4430971567"/>
    <nd ref="4430971566"/>
    <nd ref="2946914519"/>
    <nd ref="2946914518"/>
    <nd ref="2946914517"/>
    <nd ref="2946914516"/>
    <nd ref="2946914510"/>
    <nd ref="2946914507"/>
    <nd ref="2946914503"/>
    <nd ref="2946914496"/>
    <nd ref="2946914493"/>
    <nd ref="2946914491"/>
    <nd ref="2946914489"/>
    <nd ref="2946914490"/>
    <nd ref="2946914494"/>
    <nd ref="2946914497"/>
    <nd ref="2946914499"/>
    <nd ref="2946914500"/>
    <nd ref="2946914502"/>
    <nd ref="2946914504"/>
    <nd ref="2946914501"/>
    <nd ref="2946914498"/>
    <nd ref="11715725456"/>
    <nd ref="2946914492"/>
    <nd ref="2946914488"/>
    <nd ref="2946914485"/>
    <nd ref="2946914484"/>
    <nd ref="2946914483"/>
    <nd ref="2946914486"/>
    <nd ref="2946914495"/>
    <nd ref="2946914505"/>
    <nd ref="2946914508"/>
    <nd ref="4430971564"/>
    <nd ref="4430971563"/>
    <nd ref="4430971562"/>
    <nd ref="4430971561"/>
    <nd ref="4430971558"/>
    <nd ref="4430971556"/>
    <nd ref="2946914487"/>
    <nd ref="2946914482"/>
    <nd ref="2946914481"/>
    <nd ref="2946914480"/>
    <nd ref="2946914479"/>
    <nd ref="2946914478"/>
    <nd ref="2946914477"/>
    <nd ref="2946914476"/>
    <nd ref="4430971527"/>
    <nd ref="2946914475"/>
    <nd ref="2946914474"/>
    <nd ref="2946914473"/>
    <nd ref="2946914472"/>
    <nd ref="2946914471"/>
    <nd ref="2946914469"/>
    <nd ref="2946914470"/>
    <nd ref="4430971522"/>
    <nd ref="4430971521"/>
    <nd ref="2946914464"/>
    <nd ref="11715725419"/>
    <nd ref="2946914461"/>
    <nd ref="2946914460"/>
    <nd ref="9610395431"/>
    <nd ref="2946914459"/>
    <nd ref="2946914458"/>
    <nd ref="11715725405"/>
    <nd ref="4430971502"/>
    <nd ref="2946914457"/>
    <nd ref="2946914456"/>
    <nd ref="11715725410"/>
    <nd ref="2946914455"/>
    <nd ref="2946914454"/>
    <tag k="highway" v="tertiary"/>
    <tag k="name" v="玉尊路"/>
    <tag k="oneway" v="no"/>
    <tag k="ref" v="宜46"/>
    <tag k="ref:en" v="IL46"/>
    <tag k="ref:zh" v="宜46"/>
    <tag k="source" v="Bing;Strava cycling heatmap"/>
  </way>
  <way id="291268505">
    <nd ref="2946920195"/>
    <nd ref="2946920199"/>
    <nd ref="2946920208"/>
    <nd ref="2946920211"/>
    <nd ref="2946920212"/>
    <nd ref="2946920213"/>
    <nd ref="2946920214"/>
    <nd ref="2946920215"/>
    <nd ref="2946920216"/>
    <nd ref="10080042069"/>
    <nd ref="2946920217"/>
    <nd ref="2946920218"/>
    <nd ref="2946920219"/>
    <nd ref="2946920220"/>
    <nd ref="2946920221"/>
    <nd ref="2946920222"/>
    <nd ref="2946920223"/>
    <nd ref="2946920224"/>
    <nd ref="2946920228"/>
    <nd ref="2946920227"/>
    <nd ref="10080042068"/>
    <nd ref="2946920225"/>
    <nd ref="2946920229"/>
    <nd ref="10080042067"/>
    <nd ref="2946920232"/>
    <nd ref="10080042066"/>
    <nd ref="2946920435"/>
    <nd ref="2946920436"/>
    <nd ref="2946920433"/>
    <nd ref="10080042065"/>
    <nd ref="2946920230"/>
    <nd ref="2946920226"/>
    <nd ref="10080042064"/>
    <nd ref="2946920231"/>
    <nd ref="2946920434"/>
    <nd ref="2946920437"/>
    <nd ref="2946920438"/>
    <nd ref="2946920439"/>
    <nd ref="2946920440"/>
    <nd ref="2946920441"/>
    <nd ref="2946920442"/>
    <nd ref="2946920444"/>
    <nd ref="9311511676"/>
    <nd ref="2946920448"/>
    <nd ref="2946920450"/>
    <nd ref="2946920449"/>
    <nd ref="2946920447"/>
    <nd ref="2946920445"/>
    <nd ref="2946920446"/>
    <nd ref="9311511593"/>
    <nd ref="2946920443"/>
    <nd ref="9311511592"/>
    <nd ref="2946920452"/>
    <nd ref="9311511675"/>
    <nd ref="9311511674"/>
    <nd ref="9311511594"/>
    <nd ref="2946920455"/>
    <nd ref="2946920458"/>
    <nd ref="9311511595"/>
    <nd ref="2946920460"/>
    <nd ref="9311511596"/>
    <nd ref="2946920457"/>
    <nd ref="2946920456"/>
    <nd ref="2946920453"/>
    <nd ref="2946920451"/>
    <nd ref="9311511597"/>
    <nd ref="9311511598"/>
    <nd ref="2946920454"/>
    <nd ref="2946920459"/>
    <nd ref="2946920462"/>
    <nd ref="9311511632"/>
    <nd ref="2946920466"/>
    <nd ref="2946920467"/>
    <nd ref="9311511630"/>
    <nd ref="9311511631"/>
    <nd ref="2946920463"/>
    <nd ref="2946920461"/>
    <nd ref="9311511629"/>
    <nd ref="9311511628"/>
    <nd ref="9311511599"/>
    <nd ref="9311511627"/>
    <nd ref="2946920468"/>
    <nd ref="9311511600"/>
    <nd ref="2946920470"/>
    <nd ref="9311511601"/>
    <nd ref="9311511602"/>
    <nd ref="9311511603"/>
    <nd ref="2946920464"/>
    <nd ref="9311511604"/>
    <nd ref="9311511605"/>
    <nd ref="2946920465"/>
    <nd ref="9311511606"/>
    <nd ref="2946920469"/>
    <nd ref="9311511607"/>
    <nd ref="9311511608"/>
    <nd ref="2946920471"/>
    <nd ref="9311511609"/>
    <nd ref="2946920472"/>
    <nd ref="2946920473"/>
    <nd ref="2946920474"/>
    <nd ref="4430970240"/>
    <nd ref="4430970241"/>
    <nd ref="4430970242"/>
    <nd ref="4430970243"/>
    <nd ref="4430970244"/>
    <nd ref="4430970245"/>
    <nd ref="4430970246"/>
    <nd ref="4430970247"/>
    <nd ref="4430970248"/>
    <nd ref="4430970250"/>
    <nd ref="4430970249"/>
    <nd ref="2946920482"/>
    <nd ref="2946920480"/>
    <nd ref="2946920481"/>
    <nd ref="2946920484"/>
    <nd ref="2946920487"/>
    <nd ref="4430970251"/>
    <nd ref="2946920488"/>
    <nd ref="4430970252"/>
    <nd ref="2946920489"/>
    <nd ref="2946920490"/>
    <nd ref="2946920491"/>
    <nd ref="4430970253"/>
    <nd ref="2946920492"/>
    <nd ref="2946920493"/>
    <nd ref="2946920494"/>
    <nd ref="2946920495"/>
    <nd ref="4430970254"/>
    <nd ref="2946920496"/>
    <nd ref="4430970255"/>
    <nd ref="2946920497"/>
    <nd ref="2946920498"/>
    <nd ref="2946920499"/>
    <nd ref="2946920500"/>
    <nd ref="2946920501"/>
    <nd ref="2946920502"/>
    <nd ref="4430970256"/>
    <nd ref="4430970257"/>
    <nd ref="4430970258"/>
    <nd ref="4430970259"/>
    <nd ref="4430970260"/>
    <nd ref="4430970261"/>
    <nd ref="4430970262"/>
    <nd ref="4430970263"/>
    <nd ref="4430970264"/>
    <nd ref="4430970265"/>
    <nd ref="4430970266"/>
    <nd ref="2946920510"/>
    <nd ref="2946920511"/>
    <nd ref="2946920512"/>
    <nd ref="4430970267"/>
    <nd ref="2946920513"/>
    <nd ref="2946920514"/>
    <nd ref="4430970268"/>
    <nd ref="2946920515"/>
    <nd ref="4430970273"/>
    <nd ref="4430970276"/>
    <nd ref="4430970279"/>
    <nd ref="4430970282"/>
    <nd ref="4430970285"/>
    <nd ref="4430970288"/>
    <nd ref="4430971494"/>
    <nd ref="4430971496"/>
    <nd ref="4430971497"/>
    <nd ref="4430971499"/>
    <nd ref="4430971501"/>
    <nd ref="4430971503"/>
    <nd ref="4430971506"/>
    <nd ref="4430971507"/>
    <nd ref="4430971509"/>
    <nd ref="4430971510"/>
    <nd ref="4430971511"/>
    <nd ref="4430971508"/>
    <nd ref="4430971505"/>
    <nd ref="4430971500"/>
    <nd ref="4430971495"/>
    <nd ref="4430971493"/>
    <nd ref="4430971490"/>
    <nd ref="4430971491"/>
    <nd ref="4430971489"/>
    <nd ref="4430970286"/>
    <nd ref="4430970284"/>
    <nd ref="4430970280"/>
    <nd ref="4430970275"/>
    <nd ref="4430970272"/>
    <nd ref="4430970270"/>
    <nd ref="4430970274"/>
    <nd ref="4430970277"/>
    <nd ref="2946920519"/>
    <nd ref="4430970287"/>
    <nd ref="2946920524"/>
    <nd ref="4430971498"/>
    <nd ref="9816992859"/>
    <nd ref="2946920531"/>
    <nd ref="2946920535"/>
    <nd ref="4430971504"/>
    <nd ref="2946920539"/>
    <nd ref="2946920540"/>
    <nd ref="4430971512"/>
    <nd ref="2946920541"/>
    <nd ref="4430971513"/>
    <nd ref="2946920542"/>
    <nd ref="2946920544"/>
    <nd ref="2946920546"/>
    <nd ref="4430971525"/>
    <nd ref="2946920547"/>
    <nd ref="4430971538"/>
    <nd ref="4430971543"/>
    <nd ref="2946920549"/>
    <nd ref="4430971539"/>
    <nd ref="2946920548"/>
    <nd ref="2946920545"/>
    <nd ref="2946920543"/>
    <nd ref="2946914464"/>
    <tag k="highway" v="unclassified"/>
  </way>
  <way id="302089886">
    <nd ref="3063279044"/>
    <nd ref="3063279047"/>
    <nd ref="3063279046"/>
    <nd ref="3063279048"/>
    <nd ref="3063279050"/>
    <nd ref="3063279049"/>
    <nd ref="3063279051"/>
    <tag k="highway" v="residential"/>
    <tag k="name" v="人和十二路"/>
  </way>
  <way id="302089889">
    <nd ref="4430939272"/>
    <nd ref="3063277932"/>
    <nd ref="3063277931"/>
    <nd ref="3707842234"/>
    <nd ref="3707842188"/>
    <nd ref="3707842156"/>
    <nd ref="3707842023"/>
    <nd ref="8318236524"/>
    <tag k="highway" v="residential"/>
    <tag k="name" v="雙和一路"/>
  </way>
  <way id="307391446">
    <nd ref="3125135177"/>
    <nd ref="3125135178"/>
    <nd ref="3125135179"/>
    <nd ref="7861815459"/>
    <nd ref="3125135180"/>
    <nd ref="10197336934"/>
    <tag k="highway" v="residential"/>
    <tag k="name" v="大進路446巷"/>
  </way>
  <way id="309272270">
    <nd ref="4431053221"/>
    <nd ref="4431053220"/>
    <nd ref="2268453785"/>
    <nd ref="2268453809"/>
    <nd ref="2268453845"/>
    <nd ref="2268453873"/>
    <nd ref="2268453875"/>
    <nd ref="2268453876"/>
    <nd ref="4431053226"/>
    <nd ref="2268453877"/>
    <nd ref="2268453878"/>
    <nd ref="1690085517"/>
    <tag k="highway" v="residential"/>
    <tag k="name" v="行健溪二路二段"/>
  </way>
  <way id="309272272">
    <nd ref="2268453846"/>
    <nd ref="2268453844"/>
    <nd ref="2268453843"/>
    <nd ref="2268453842"/>
    <nd ref="2268453826"/>
    <tag k="highway" v="service"/>
  </way>
  <way id="313794566">
    <nd ref="3198290639"/>
    <nd ref="4430959528"/>
    <nd ref="3198290640"/>
    <nd ref="3198290641"/>
    <nd ref="11158475920"/>
    <nd ref="3198290654"/>
    <tag k="highway" v="service"/>
    <tag k="name" v="大埔中路"/>
  </way>
  <way id="314954541">
    <nd ref="994345682"/>
    <nd ref="3210375970"/>
    <nd ref="4430922837"/>
    <nd ref="3210376018"/>
    <nd ref="4430922848"/>
    <nd ref="3210376020"/>
    <nd ref="3210376021"/>
    <nd ref="4430922857"/>
    <nd ref="3210376022"/>
    <nd ref="3210376024"/>
    <nd ref="4430922886"/>
    <nd ref="4430922899"/>
    <nd ref="3210376026"/>
    <nd ref="4430922903"/>
    <nd ref="4430922907"/>
    <nd ref="3210376027"/>
    <nd ref="4430922913"/>
    <nd ref="3210376028"/>
    <nd ref="3210376029"/>
    <tag k="highway" v="unclassified"/>
    <tag k="name" v="進偉一路"/>
  </way>
  <way id="314954542">
    <nd ref="2083249564"/>
    <nd ref="3210375408"/>
    <nd ref="4430954289"/>
    <nd ref="4430953988"/>
    <nd ref="3210375405"/>
    <nd ref="3210375407"/>
    <nd ref="3210375409"/>
    <nd ref="3210375406"/>
    <nd ref="4430954290"/>
    <nd ref="4430953985"/>
    <nd ref="3210375397"/>
    <nd ref="4430953984"/>
    <nd ref="4430953983"/>
    <nd ref="4430953982"/>
    <nd ref="4430953981"/>
    <nd ref="5474479641"/>
    <nd ref="4443557588"/>
    <nd ref="4443557789"/>
    <nd ref="4443557790"/>
    <nd ref="4443557791"/>
    <nd ref="4443557792"/>
    <nd ref="4443557793"/>
    <nd ref="4443557794"/>
    <nd ref="4443557795"/>
    <nd ref="4443557796"/>
    <nd ref="4443557797"/>
    <nd ref="4443557798"/>
    <nd ref="4443557799"/>
    <nd ref="4443557800"/>
    <nd ref="4443557801"/>
    <nd ref="4443557802"/>
    <nd ref="4443557803"/>
    <nd ref="4443557804"/>
    <nd ref="4443557805"/>
    <nd ref="4443557806"/>
    <nd ref="4443557807"/>
    <nd ref="4443557811"/>
    <nd ref="4443557812"/>
    <nd ref="4443557810"/>
    <nd ref="4443557808"/>
    <nd ref="4443557809"/>
    <nd ref="4443557813"/>
    <nd ref="4443557814"/>
    <nd ref="4443557815"/>
    <nd ref="4443557818"/>
    <nd ref="4443557820"/>
    <nd ref="4443557819"/>
    <nd ref="4443557816"/>
    <nd ref="4443557817"/>
    <nd ref="4443557821"/>
    <nd ref="4443557822"/>
    <nd ref="4443557823"/>
    <nd ref="4443557824"/>
    <nd ref="4443533222"/>
    <tag k="highway" v="service"/>
  </way>
  <way id="314954543">
    <nd ref="994345663"/>
    <nd ref="4430922724"/>
    <nd ref="3210375818"/>
    <nd ref="4430922720"/>
    <nd ref="3210375823"/>
    <nd ref="3210375843"/>
    <nd ref="4430922743"/>
    <nd ref="3210375848"/>
    <nd ref="4430922756"/>
    <nd ref="3210375864"/>
    <nd ref="3210375872"/>
    <nd ref="3210375887"/>
    <nd ref="3210375916"/>
    <nd ref="10293026615"/>
    <tag k="highway" v="unclassified"/>
    <tag k="name" v="小埤三路"/>
    <tag k="oneway" v="no"/>
  </way>
  <way id="314954547">
    <nd ref="2083249601"/>
    <nd ref="3210375404"/>
    <nd ref="3210375401"/>
    <nd ref="4443526407"/>
    <nd ref="5474479135"/>
    <nd ref="3210375399"/>
    <nd ref="5474479134"/>
    <nd ref="3210375400"/>
    <nd ref="5474479133"/>
    <nd ref="3210375402"/>
    <nd ref="3210375403"/>
    <nd ref="3210375413"/>
    <nd ref="3210375415"/>
    <nd ref="5474479132"/>
    <nd ref="4443526408"/>
    <nd ref="3210375417"/>
    <nd ref="5474479152"/>
    <nd ref="5474479153"/>
    <nd ref="4443526409"/>
    <nd ref="4443526410"/>
    <nd ref="3210375419"/>
    <nd ref="4443526412"/>
    <nd ref="5474479154"/>
    <nd ref="3210375423"/>
    <nd ref="5474479155"/>
    <nd ref="3210375424"/>
    <nd ref="3210375425"/>
    <nd ref="5474479157"/>
    <nd ref="5474479158"/>
    <nd ref="5474479159"/>
    <nd ref="5474479160"/>
    <nd ref="5474479161"/>
    <nd ref="5474479162"/>
    <nd ref="5474479163"/>
    <nd ref="5474479164"/>
    <nd ref="5474479156"/>
    <nd ref="4443526413"/>
    <nd ref="4443526414"/>
    <nd ref="3210375428"/>
    <tag k="highway" v="service"/>
  </way>
  <way id="314954548">
    <nd ref="3210375940"/>
    <nd ref="4430931539"/>
    <nd ref="3210375950"/>
    <nd ref="3210375953"/>
    <nd ref="3210375948"/>
    <nd ref="4430931533"/>
    <nd ref="4430931525"/>
    <nd ref="4430931510"/>
    <nd ref="3210375941"/>
    <nd ref="3210375939"/>
    <nd ref="4430931511"/>
    <nd ref="3210375942"/>
    <nd ref="4430931500"/>
    <nd ref="3210375936"/>
    <nd ref="4430931497"/>
    <nd ref="3210375935"/>
    <nd ref="3210375932"/>
    <nd ref="3210375930"/>
    <nd ref="3210375925"/>
    <nd ref="3210375915"/>
    <nd ref="3210375909"/>
    <nd ref="3210375912"/>
    <nd ref="3210375911"/>
    <nd ref="3210375919"/>
    <tag k="highway" v="service"/>
  </way>
  <way id="314954549">
    <nd ref="3210375806"/>
    <nd ref="3210375799"/>
    <nd ref="4430922683"/>
    <nd ref="3210375797"/>
    <nd ref="3210375793"/>
    <nd ref="3210375792"/>
    <nd ref="4430922681"/>
    <nd ref="4430922680"/>
    <nd ref="3210375791"/>
    <nd ref="4430922679"/>
    <nd ref="3210375790"/>
    <nd ref="3210375789"/>
    <nd ref="3210375800"/>
    <nd ref="4430922687"/>
    <nd ref="4430922688"/>
    <nd ref="3210375802"/>
    <nd ref="7918338522"/>
    <nd ref="4430922694"/>
    <nd ref="3210375809"/>
    <nd ref="3210375807"/>
    <nd ref="4430922693"/>
    <nd ref="3210375810"/>
    <nd ref="3210375813"/>
    <nd ref="4430922706"/>
    <nd ref="3210375814"/>
    <nd ref="3210375816"/>
    <nd ref="4430922722"/>
    <nd ref="7918338530"/>
    <tag k="highway" v="unclassified"/>
    <tag k="name" v="大進二路"/>
    <tag k="oneway" v="no"/>
  </way>
  <way id="314954557">
    <nd ref="3210375430"/>
    <nd ref="5474479166"/>
    <nd ref="3210375451"/>
    <nd ref="3210375471"/>
    <nd ref="5474479176"/>
    <nd ref="4430954325"/>
    <nd ref="3210375479"/>
    <nd ref="4443526415"/>
    <nd ref="3210375483"/>
    <nd ref="3210375482"/>
    <nd ref="4430954326"/>
    <nd ref="4443526416"/>
    <nd ref="3210375485"/>
    <nd ref="3210375495"/>
    <nd ref="3210375505"/>
    <nd ref="3210375525"/>
    <nd ref="3210375531"/>
    <nd ref="3210375538"/>
    <tag k="highway" v="unclassified"/>
  </way>
  <way id="314954558">
    <nd ref="3210375538"/>
    <nd ref="3210375532"/>
    <nd ref="4443541994"/>
    <nd ref="3210375528"/>
    <nd ref="3210375542"/>
    <nd ref="10080041584"/>
    <nd ref="10080041583"/>
    <nd ref="7638516110"/>
    <nd ref="3210375569"/>
    <nd ref="10080041582"/>
    <nd ref="4430842292"/>
    <nd ref="4430842293"/>
    <nd ref="3210375597"/>
    <nd ref="3210375601"/>
    <nd ref="4430842294"/>
    <nd ref="3210375604"/>
    <nd ref="4430842295"/>
    <nd ref="3210375607"/>
    <nd ref="3210375616"/>
    <nd ref="3210375620"/>
    <nd ref="4430842296"/>
    <nd ref="4430842297"/>
    <nd ref="3210375622"/>
    <nd ref="4430842298"/>
    <nd ref="4430842299"/>
    <nd ref="3210375630"/>
    <nd ref="3210375633"/>
    <nd ref="4430842306"/>
    <nd ref="3210375641"/>
    <nd ref="3210375649"/>
    <nd ref="3210375656"/>
    <nd ref="3210375661"/>
    <nd ref="3210375666"/>
    <nd ref="10080041576"/>
    <nd ref="3210375663"/>
    <nd ref="4430842313"/>
    <nd ref="3210375657"/>
    <nd ref="10080041539"/>
    <nd ref="3210375658"/>
    <nd ref="4430842312"/>
    <nd ref="3210375653"/>
    <nd ref="4430842314"/>
    <nd ref="3210375664"/>
    <nd ref="10080041850"/>
    <nd ref="4430842315"/>
    <nd ref="10080041851"/>
    <nd ref="3210375654"/>
    <nd ref="3210375645"/>
    <nd ref="4430842307"/>
    <nd ref="3210375635"/>
    <nd ref="4430842305"/>
    <nd ref="3210375632"/>
    <nd ref="4430842309"/>
    <nd ref="3210375644"/>
    <nd ref="4430842308"/>
    <nd ref="3210375638"/>
    <nd ref="4430842303"/>
    <nd ref="4430842301"/>
    <nd ref="3210375629"/>
    <nd ref="3210375628"/>
    <nd ref="3210375640"/>
    <nd ref="4430842310"/>
    <nd ref="3210375646"/>
    <nd ref="10080041538"/>
    <nd ref="3210375636"/>
    <nd ref="4430842302"/>
    <nd ref="4430842300"/>
    <nd ref="3210375626"/>
    <nd ref="3210375625"/>
    <nd ref="10080041537"/>
    <nd ref="4430842304"/>
    <nd ref="3210375634"/>
    <nd ref="3210375631"/>
    <nd ref="10080041536"/>
    <nd ref="3210375623"/>
    <nd ref="3210375610"/>
    <nd ref="10080041535"/>
    <nd ref="3210375603"/>
    <nd ref="3210375591"/>
    <nd ref="10080041533"/>
    <nd ref="10080041534"/>
    <nd ref="3210375586"/>
    <nd ref="3210375583"/>
    <nd ref="3210375578"/>
    <nd ref="3210375570"/>
    <nd ref="3210375561"/>
    <nd ref="4430842291"/>
    <nd ref="3210375555"/>
    <nd ref="10080041532"/>
    <nd ref="3210375553"/>
    <nd ref="10080041531"/>
    <nd ref="3210375550"/>
    <nd ref="10080041530"/>
    <nd ref="3210375512"/>
    <nd ref="4430842187"/>
    <nd ref="3210375506"/>
    <nd ref="4430842186"/>
    <nd ref="3210375504"/>
    <nd ref="3210375494"/>
    <nd ref="3210375480"/>
    <nd ref="3210375472"/>
    <nd ref="3210375454"/>
    <nd ref="3210375446"/>
    <nd ref="4430842152"/>
    <nd ref="3210375443"/>
    <nd ref="4430842150"/>
    <nd ref="3210375442"/>
    <nd ref="4430842151"/>
    <nd ref="3210375444"/>
    <nd ref="4430842154"/>
    <nd ref="3210375447"/>
    <nd ref="4430842155"/>
    <nd ref="4603988639"/>
    <nd ref="4430842156"/>
    <nd ref="3210375449"/>
    <nd ref="3210375448"/>
    <nd ref="10080041529"/>
    <nd ref="10080041528"/>
    <nd ref="3210375445"/>
    <nd ref="3210375441"/>
    <nd ref="4430842148"/>
    <nd ref="10080041527"/>
    <nd ref="3210375435"/>
    <nd ref="10080041526"/>
    <nd ref="3210375437"/>
    <nd ref="4430842149"/>
    <nd ref="3210375440"/>
    <nd ref="4430842153"/>
    <nd ref="3210375450"/>
    <nd ref="4430842160"/>
    <nd ref="10080041525"/>
    <nd ref="3210375455"/>
    <nd ref="4430842164"/>
    <nd ref="3210375465"/>
    <nd ref="10080041524"/>
    <nd ref="4430842169"/>
    <nd ref="4430842172"/>
    <nd ref="10080041523"/>
    <nd ref="4430842173"/>
    <nd ref="3210375487"/>
    <nd ref="4430842182"/>
    <nd ref="10080041522"/>
    <nd ref="3210375493"/>
    <nd ref="3210375496"/>
    <nd ref="4430842183"/>
    <nd ref="4430842180"/>
    <nd ref="4430842179"/>
    <nd ref="3210375486"/>
    <nd ref="3210375490"/>
    <nd ref="10080041521"/>
    <nd ref="3210375492"/>
    <nd ref="10080041520"/>
    <nd ref="10080041519"/>
    <nd ref="4430842181"/>
    <nd ref="4430842175"/>
    <nd ref="3210375481"/>
    <nd ref="4430842170"/>
    <nd ref="3210375474"/>
    <nd ref="3210375452"/>
    <nd ref="4430842159"/>
    <nd ref="4430842158"/>
    <nd ref="3210375453"/>
    <nd ref="10080041518"/>
    <nd ref="3210375457"/>
    <nd ref="10080041517"/>
    <nd ref="4430842166"/>
    <nd ref="3210375470"/>
    <nd ref="3210375477"/>
    <nd ref="3210375478"/>
    <nd ref="10080041516"/>
    <nd ref="3210375467"/>
    <nd ref="10080041515"/>
    <nd ref="3210375463"/>
    <nd ref="4430842163"/>
    <nd ref="4430842162"/>
    <nd ref="3210375460"/>
    <nd ref="3210375462"/>
    <nd ref="3210375458"/>
    <nd ref="3210375456"/>
    <nd ref="10080041514"/>
    <nd ref="3210375459"/>
    <nd ref="10080041513"/>
    <nd ref="3210375461"/>
    <nd ref="10080041512"/>
    <nd ref="4430842165"/>
    <nd ref="10080041511"/>
    <nd ref="3210375464"/>
    <nd ref="3210375468"/>
    <nd ref="4430842167"/>
    <nd ref="4430842168"/>
    <nd ref="3210375476"/>
    <nd ref="10080041510"/>
    <nd ref="3210375488"/>
    <nd ref="10080041509"/>
    <nd ref="4430842185"/>
    <nd ref="3210375500"/>
    <nd ref="3210375502"/>
    <nd ref="10080041508"/>
    <nd ref="3210375503"/>
    <nd ref="3210375499"/>
    <nd ref="10080041507"/>
    <nd ref="3210375491"/>
    <nd ref="4430842177"/>
    <nd ref="4430842174"/>
    <nd ref="10080041506"/>
    <nd ref="3210375484"/>
    <nd ref="4430842178"/>
    <nd ref="3210375489"/>
    <nd ref="4430842184"/>
    <nd ref="3210375498"/>
    <nd ref="10080041505"/>
    <nd ref="3210375508"/>
    <nd ref="4430842289"/>
    <nd ref="4430842290"/>
    <nd ref="3210375514"/>
    <nd ref="3210375517"/>
    <nd ref="3210375515"/>
    <nd ref="3210375511"/>
    <nd ref="3210375516"/>
    <nd ref="10080041504"/>
    <nd ref="10080041503"/>
    <nd ref="3210375513"/>
    <nd ref="10080041502"/>
    <nd ref="3210375518"/>
    <nd ref="10080041501"/>
    <nd ref="3210375520"/>
    <nd ref="3210375524"/>
    <nd ref="10080041500"/>
    <nd ref="3210375536"/>
    <nd ref="10080041499"/>
    <nd ref="3210375564"/>
    <nd ref="10080041498"/>
    <nd ref="3210375573"/>
    <nd ref="10080041497"/>
    <nd ref="10080041496"/>
    <nd ref="3210375579"/>
    <nd ref="10080041495"/>
    <nd ref="3210375575"/>
    <nd ref="10080041494"/>
    <nd ref="10080041493"/>
    <nd ref="10080041492"/>
    <nd ref="10080041491"/>
    <nd ref="3210375556"/>
    <nd ref="10080041490"/>
    <nd ref="10080041488"/>
    <nd ref="10080041489"/>
    <nd ref="3210375551"/>
    <nd ref="10080041487"/>
    <nd ref="10080041486"/>
    <nd ref="10080041485"/>
    <nd ref="3210375543"/>
    <nd ref="10080041484"/>
    <nd ref="10080041483"/>
    <nd ref="10080041482"/>
    <nd ref="3210375552"/>
    <nd ref="10080041481"/>
    <nd ref="3210375545"/>
    <nd ref="10080041480"/>
    <nd ref="3210375527"/>
    <nd ref="10080041479"/>
    <nd ref="3210375526"/>
    <nd ref="3210375535"/>
    <nd ref="10080041478"/>
    <nd ref="3210375533"/>
    <nd ref="10080041477"/>
    <nd ref="3210375523"/>
    <nd ref="4603988651"/>
    <nd ref="10080041476"/>
    <nd ref="10080041475"/>
    <nd ref="4603988652"/>
    <nd ref="4603988653"/>
    <nd ref="10080041474"/>
    <nd ref="10080041473"/>
    <nd ref="10080041472"/>
    <nd ref="4603988654"/>
    <nd ref="10080041470"/>
    <nd ref="10080041471"/>
    <nd ref="10080041469"/>
    <nd ref="10080041468"/>
    <nd ref="4603988655"/>
    <nd ref="10080041467"/>
    <nd ref="10080041466"/>
    <nd ref="4603988656"/>
    <nd ref="10080041465"/>
    <nd ref="4603988657"/>
    <nd ref="10080041464"/>
    <nd ref="4603988658"/>
    <nd ref="10080041427"/>
    <nd ref="4603988659"/>
    <nd ref="10080041428"/>
    <nd ref="4603988660"/>
    <nd ref="10080041429"/>
    <nd ref="10080041430"/>
    <nd ref="4603988661"/>
    <nd ref="10080041431"/>
    <nd ref="4603988688"/>
    <nd ref="10080041432"/>
    <nd ref="10080041433"/>
    <nd ref="4603988662"/>
    <nd ref="10080041434"/>
    <nd ref="10080041435"/>
    <nd ref="4603988663"/>
    <nd ref="4603988664"/>
    <nd ref="4603988665"/>
    <nd ref="10080041436"/>
    <nd ref="10080041437"/>
    <nd ref="4603988666"/>
    <nd ref="10080041438"/>
    <nd ref="4603988667"/>
    <nd ref="10080041439"/>
    <nd ref="4603988668"/>
    <nd ref="10080041440"/>
    <nd ref="4603988669"/>
    <nd ref="4603988670"/>
    <nd ref="10080041441"/>
    <nd ref="4603988671"/>
    <nd ref="10080041442"/>
    <nd ref="4603988672"/>
    <nd ref="10080041443"/>
    <nd ref="4603988673"/>
    <nd ref="10080041444"/>
    <nd ref="10080041445"/>
    <nd ref="4603988674"/>
    <nd ref="10080041446"/>
    <nd ref="4603988675"/>
    <nd ref="10080041447"/>
    <nd ref="10080041448"/>
    <nd ref="4603988676"/>
    <nd ref="10080041449"/>
    <nd ref="4603988677"/>
    <nd ref="4603988678"/>
    <nd ref="10080041450"/>
    <nd ref="4603988679"/>
    <nd ref="10080041451"/>
    <nd ref="4603988680"/>
    <nd ref="10080041452"/>
    <nd ref="4603988681"/>
    <nd ref="10080041453"/>
    <nd ref="4603988682"/>
    <nd ref="10080041454"/>
    <nd ref="4603988683"/>
    <nd ref="10080041455"/>
    <nd ref="4603988684"/>
    <nd ref="10080041456"/>
    <nd ref="4603988685"/>
    <nd ref="10080041457"/>
    <nd ref="4603988686"/>
    <nd ref="4603988687"/>
    <nd ref="10080041458"/>
    <nd ref="4603988689"/>
    <nd ref="4603988690"/>
    <nd ref="4603988691"/>
    <nd ref="10080041459"/>
    <nd ref="10080041460"/>
    <nd ref="4603988692"/>
    <nd ref="10080041461"/>
    <nd ref="4603988693"/>
    <nd ref="10080041462"/>
    <nd ref="10080041463"/>
    <nd ref="4603988694"/>
    <nd ref="4603988695"/>
    <tag k="highway" v="unclassified"/>
  </way>
  <way id="314954561">
    <nd ref="3210375619"/>
    <nd ref="3210375611"/>
    <nd ref="4430954356"/>
    <nd ref="3210375612"/>
    <nd ref="3210375615"/>
    <nd ref="4430954358"/>
    <nd ref="3210375613"/>
    <nd ref="4430954354"/>
    <nd ref="3210375599"/>
    <nd ref="3210375598"/>
    <nd ref="4443526422"/>
    <nd ref="3210375594"/>
    <nd ref="4443526421"/>
    <nd ref="4443526420"/>
    <nd ref="3210375584"/>
    <nd ref="4430954346"/>
    <nd ref="3210375568"/>
    <nd ref="4430954342"/>
    <nd ref="4443526419"/>
    <nd ref="3210375541"/>
    <nd ref="4430954336"/>
    <nd ref="3210375521"/>
    <nd ref="3210375510"/>
    <nd ref="4443526417"/>
    <nd ref="3210375501"/>
    <nd ref="4430954329"/>
    <nd ref="3210375473"/>
    <nd ref="4430954323"/>
    <nd ref="3210375466"/>
    <nd ref="3210375475"/>
    <nd ref="4430954324"/>
    <nd ref="4430954327"/>
    <nd ref="4430954328"/>
    <nd ref="3210375497"/>
    <nd ref="3210375509"/>
    <nd ref="4443526418"/>
    <nd ref="4430954330"/>
    <nd ref="4430954331"/>
    <nd ref="3210375519"/>
    <nd ref="3210375522"/>
    <nd ref="4430954335"/>
    <nd ref="3210375547"/>
    <tag k="highway" v="service"/>
  </way>
  <way id="314954568">
    <nd ref="3210376035"/>
    <nd ref="3707841574"/>
    <nd ref="5810251528"/>
    <nd ref="2083234455"/>
    <nd ref="5810251536"/>
    <nd ref="4431088394"/>
    <nd ref="3210376037"/>
    <nd ref="14177536180"/>
    <nd ref="14177536179"/>
    <nd ref="3210376038"/>
    <nd ref="4431088395"/>
    <nd ref="10308446884"/>
    <nd ref="4431088396"/>
    <nd ref="4431088397"/>
    <nd ref="4431088393"/>
    <tag k="highway" v="residential"/>
    <tag k="name" v="大隱五路"/>
  </way>
  <way id="314954569">
    <nd ref="2938325116"/>
    <nd ref="3210375843"/>
    <nd ref="4430922741"/>
    <nd ref="4430922734"/>
    <nd ref="3210375821"/>
    <nd ref="3210375819"/>
    <tag k="highway" v="unclassified"/>
    <tag k="name" v="大進七路"/>
  </way>
  <way id="314954570">
    <nd ref="2938325124"/>
    <nd ref="3210375956"/>
    <nd ref="3210375887"/>
    <nd ref="4430922744"/>
    <nd ref="3210375833"/>
    <tag k="highway" v="unclassified"/>
    <tag k="name" v="大進二路"/>
  </way>
  <way id="314954571">
    <nd ref="2946920187"/>
    <nd ref="4430931542"/>
    <nd ref="3210375950"/>
    <tag k="highway" v="service"/>
  </way>
  <way id="314954573">
    <nd ref="3210375654"/>
    <nd ref="3210375648"/>
    <nd ref="10080041849"/>
    <nd ref="10080041848"/>
    <nd ref="10080041847"/>
    <nd ref="3210375647"/>
    <nd ref="10080041846"/>
    <nd ref="3210375652"/>
    <nd ref="3210375659"/>
    <nd ref="10080041845"/>
    <nd ref="3210375667"/>
    <nd ref="3210375672"/>
    <nd ref="10080041844"/>
    <nd ref="3210375671"/>
    <nd ref="3210375670"/>
    <nd ref="3210375674"/>
    <nd ref="10080041843"/>
    <nd ref="10080041842"/>
    <nd ref="3210375683"/>
    <nd ref="10080041841"/>
    <nd ref="10080041840"/>
    <nd ref="10080041839"/>
    <nd ref="3210375678"/>
    <nd ref="10080041838"/>
    <nd ref="4430842316"/>
    <nd ref="3210375688"/>
    <nd ref="10080041837"/>
    <nd ref="3210375691"/>
    <nd ref="10080041836"/>
    <nd ref="3210375693"/>
    <nd ref="10080041835"/>
    <nd ref="3210375695"/>
    <nd ref="10080041834"/>
    <nd ref="3210375696"/>
    <nd ref="10080041833"/>
    <nd ref="3210375699"/>
    <nd ref="10080041832"/>
    <nd ref="3210375701"/>
    <nd ref="10080041831"/>
    <nd ref="3210375698"/>
    <nd ref="10080041830"/>
    <nd ref="3210375700"/>
    <nd ref="10080041829"/>
    <nd ref="3210375703"/>
    <nd ref="10080041828"/>
    <nd ref="3210375705"/>
    <nd ref="10080041852"/>
    <nd ref="3210375708"/>
    <nd ref="10080041853"/>
    <nd ref="3210375710"/>
    <nd ref="3210375712"/>
    <nd ref="10080041826"/>
    <nd ref="3210375714"/>
    <nd ref="10080041827"/>
    <nd ref="10080041825"/>
    <nd ref="10080041824"/>
    <nd ref="10080041823"/>
    <nd ref="10080041704"/>
    <nd ref="10080041703"/>
    <nd ref="10080041702"/>
    <nd ref="10080041701"/>
    <nd ref="10080041700"/>
    <nd ref="10080041699"/>
    <nd ref="10080041698"/>
    <nd ref="10080041697"/>
    <nd ref="10080041696"/>
    <nd ref="10080041695"/>
    <nd ref="10080041694"/>
    <nd ref="10080041693"/>
    <nd ref="10080041692"/>
    <nd ref="10080041691"/>
    <nd ref="10080041690"/>
    <nd ref="10080041689"/>
    <nd ref="10080041688"/>
    <nd ref="10080041687"/>
    <nd ref="10080041686"/>
    <nd ref="10080041685"/>
    <nd ref="10080041684"/>
    <nd ref="10080041683"/>
    <nd ref="10080041682"/>
    <nd ref="10080041681"/>
    <nd ref="10080041680"/>
    <nd ref="10080041679"/>
    <nd ref="10080041678"/>
    <nd ref="10080041677"/>
    <nd ref="10080041676"/>
    <nd ref="10080041675"/>
    <nd ref="10080041674"/>
    <nd ref="10080041673"/>
    <nd ref="10080041672"/>
    <nd ref="10080041671"/>
    <nd ref="10080041670"/>
    <nd ref="10080041669"/>
    <tag k="highway" v="unclassified"/>
  </way>
  <way id="314954577">
    <nd ref="2083234305"/>
    <nd ref="10254974926"/>
    <nd ref="4430965120"/>
    <nd ref="7861815439"/>
    <nd ref="3210375817"/>
    <nd ref="3210375828"/>
    <nd ref="4430931258"/>
    <nd ref="3210375844"/>
    <nd ref="3210375854"/>
    <nd ref="7861815453"/>
    <nd ref="4430931268"/>
    <nd ref="4430931269"/>
    <nd ref="4430931270"/>
    <nd ref="4430931273"/>
    <nd ref="4430931275"/>
    <nd ref="994345774"/>
    <tag k="highway" v="unclassified"/>
  </way>
  <way id="314954578">
    <nd ref="2938325117"/>
    <nd ref="3210375870"/>
    <nd ref="4430922769"/>
    <nd ref="4430922767"/>
    <nd ref="3210375868"/>
    <nd ref="4430922758"/>
    <nd ref="3210375860"/>
    <nd ref="3210375848"/>
    <tag k="highway" v="unclassified"/>
    <tag k="name" v="大進六路"/>
  </way>
  <way id="314954580">
    <nd ref="3210375451"/>
    <nd ref="4430954317"/>
    <nd ref="4430954310"/>
    <nd ref="4430954309"/>
    <nd ref="3210375438"/>
    <nd ref="3210375434"/>
    <nd ref="4430954308"/>
    <nd ref="4430954303"/>
    <nd ref="4430954301"/>
    <nd ref="4430954294"/>
    <nd ref="3210375418"/>
    <nd ref="5474479131"/>
    <nd ref="4430842147"/>
    <nd ref="4603988703"/>
    <nd ref="3210375412"/>
    <nd ref="4430954293"/>
    <nd ref="4430842146"/>
    <nd ref="4430842145"/>
    <nd ref="3210375410"/>
    <nd ref="4603988696"/>
    <nd ref="4603988697"/>
    <nd ref="4603988698"/>
    <nd ref="4603988699"/>
    <nd ref="4603988700"/>
    <nd ref="4603988701"/>
    <nd ref="4603988702"/>
    <nd ref="5474479664"/>
    <nd ref="5474479665"/>
    <nd ref="5474479666"/>
    <nd ref="5474479667"/>
    <tag k="highway" v="service"/>
  </way>
  <way id="314954581">
    <nd ref="3210376041"/>
    <nd ref="4431088421"/>
    <nd ref="3707841804"/>
    <nd ref="14174991453"/>
    <nd ref="3210376042"/>
    <nd ref="14174991457"/>
    <nd ref="3210376043"/>
    <nd ref="3210376044"/>
    <nd ref="3210376045"/>
    <nd ref="3210376046"/>
    <nd ref="2083234266"/>
    <tag k="highway" v="service"/>
    <tag k="name" v="大隱八路"/>
  </way>
  <way id="314954584">
    <nd ref="4430954337"/>
    <nd ref="3210375563"/>
    <nd ref="3210375590"/>
    <nd ref="3210375592"/>
    <nd ref="3210375588"/>
    <nd ref="3210375538"/>
    <tag k="highway" v="residential"/>
  </way>
  <way id="314954585">
    <nd ref="2938325122"/>
    <nd ref="4430922822"/>
    <nd ref="4430922819"/>
    <nd ref="4430922815"/>
    <nd ref="3210375892"/>
    <nd ref="4430922796"/>
    <nd ref="3210375890"/>
    <nd ref="3210375888"/>
    <nd ref="4430922792"/>
    <nd ref="3210375872"/>
    <nd ref="3210375856"/>
    <nd ref="4430922747"/>
    <nd ref="3210375824"/>
    <tag k="highway" v="unclassified"/>
    <tag k="name" v="大進三路"/>
  </way>
  <way id="314954589">
    <nd ref="2946920174"/>
    <nd ref="4430931541"/>
    <nd ref="3210375954"/>
    <nd ref="3210375949"/>
    <nd ref="3210375947"/>
    <nd ref="3210375945"/>
    <nd ref="4430931530"/>
    <tag k="highway" v="unclassified"/>
  </way>
  <way id="314954591">
    <nd ref="2946920188"/>
    <nd ref="4430931550"/>
    <nd ref="3210375962"/>
    <nd ref="4430931569"/>
    <nd ref="4430931574"/>
    <nd ref="3210375965"/>
    <nd ref="4430931575"/>
    <nd ref="3210375967"/>
    <nd ref="4430931576"/>
    <nd ref="3210375972"/>
    <nd ref="4430931577"/>
    <nd ref="3210375987"/>
    <nd ref="3210376000"/>
    <nd ref="4430931578"/>
    <nd ref="3210376008"/>
    <nd ref="4430931579"/>
    <nd ref="3210376019"/>
    <tag k="highway" v="unclassified"/>
  </way>
  <way id="366806388">
    <nd ref="4430937255"/>
    <nd ref="3707841886"/>
    <nd ref="3707841889"/>
    <nd ref="3707841888"/>
    <tag k="highway" v="service"/>
    <tag k="name" v="三星路二段601巷50弄"/>
  </way>
  <way id="366806389">
    <nd ref="4430955713"/>
    <nd ref="4430955711"/>
    <nd ref="4430955708"/>
    <nd ref="3707841557"/>
    <nd ref="4430955706"/>
    <nd ref="3707841555"/>
    <nd ref="4430955712"/>
    <nd ref="3707841561"/>
    <nd ref="4430955715"/>
    <nd ref="4430955717"/>
    <nd ref="4430955716"/>
    <nd ref="3707841563"/>
    <nd ref="3707841550"/>
    <nd ref="4430955704"/>
    <tag k="highway" v="service"/>
    <tag k="name" v="拱照二路"/>
  </way>
  <way id="366806390">
    <nd ref="3707842364"/>
    <nd ref="3707842367"/>
    <nd ref="3707842368"/>
    <nd ref="3707842372"/>
    <nd ref="3707842374"/>
    <nd ref="4431045339"/>
    <nd ref="11158458309"/>
    <nd ref="3707842375"/>
    <nd ref="3707842373"/>
    <tag k="highway" v="service"/>
    <tag k="name" v="大隱十二路"/>
  </way>
  <way id="366806395">
    <nd ref="4430955761"/>
    <nd ref="4430955757"/>
    <nd ref="4430955754"/>
    <nd ref="4430955751"/>
    <nd ref="4430955750"/>
    <nd ref="3707841686"/>
    <nd ref="4430955743"/>
    <nd ref="3707841666"/>
    <nd ref="4430955741"/>
    <nd ref="3707841646"/>
    <nd ref="4430955730"/>
    <nd ref="3707841621"/>
    <nd ref="3707841616"/>
    <nd ref="4430955729"/>
    <nd ref="3707841617"/>
    <nd ref="4430955728"/>
    <nd ref="3707841609"/>
    <nd ref="3707841610"/>
    <nd ref="3707841608"/>
    <nd ref="4430955727"/>
    <tag k="highway" v="service"/>
    <tag k="name" v="拱照三路"/>
  </way>
  <way id="366806399">
    <nd ref="4430937242"/>
    <nd ref="3707841810"/>
    <nd ref="3707841877"/>
    <nd ref="3707841902"/>
    <nd ref="3109149649"/>
    <nd ref="3707842155"/>
    <nd ref="3707842195"/>
    <tag k="highway" v="service"/>
    <tag k="name" v="大坑二路"/>
  </way>
  <way id="366806401">
    <nd ref="4431045289"/>
    <nd ref="11158492748"/>
    <nd ref="11158475924"/>
    <nd ref="11158475931"/>
    <nd ref="11158475932"/>
    <nd ref="11158475937"/>
    <nd ref="3707842256"/>
    <nd ref="11158475938"/>
    <nd ref="3707842302"/>
    <nd ref="3707842323"/>
    <tag k="highway" v="service"/>
    <tag k="name" v="大埔五路"/>
  </way>
  <way id="366806402">
    <nd ref="3707842165"/>
    <nd ref="9500942522"/>
    <nd ref="3707842145"/>
    <nd ref="9500942521"/>
    <nd ref="3707842141"/>
    <nd ref="4430972078"/>
    <nd ref="3707842132"/>
    <nd ref="4430972077"/>
    <nd ref="4430972075"/>
    <nd ref="3707842127"/>
    <nd ref="3707842129"/>
    <nd ref="4430972076"/>
    <nd ref="3707842023"/>
    <nd ref="4430939109"/>
    <nd ref="3707842020"/>
    <nd ref="3707842018"/>
    <nd ref="4430939104"/>
    <nd ref="4430939101"/>
    <nd ref="3707842003"/>
    <nd ref="11296587884"/>
    <nd ref="4430939090"/>
    <nd ref="3707841990"/>
    <nd ref="10019949231"/>
    <nd ref="4430938188"/>
    <nd ref="3707841991"/>
    <tag k="highway" v="residential"/>
    <tag k="ibe" v="bi"/>
    <tag k="name" v="雙和中路"/>
  </way>
  <way id="366806404">
    <nd ref="3707842273"/>
    <nd ref="4430972132"/>
    <nd ref="3707842289"/>
    <nd ref="3707842320"/>
    <nd ref="3707842356"/>
    <nd ref="10293649998"/>
    <nd ref="3707842386"/>
    <nd ref="10293649993"/>
    <nd ref="10293649997"/>
    <nd ref="10293649996"/>
    <nd ref="3707842525"/>
    <nd ref="3063279038"/>
    <nd ref="4430972147"/>
    <nd ref="3707842550"/>
    <nd ref="3707842559"/>
    <nd ref="3707842581"/>
    <nd ref="3707842591"/>
    <nd ref="3707842607"/>
    <tag k="highway" v="service"/>
    <tag k="name" v="月眉圳路"/>
  </way>
  <way id="366806405">
    <nd ref="3707841634"/>
    <nd ref="4430955732"/>
    <nd ref="3707841640"/>
    <nd ref="3707841671"/>
    <nd ref="3707841687"/>
    <nd ref="3707841708"/>
    <nd ref="3707841764"/>
    <nd ref="4430955774"/>
    <nd ref="3707841794"/>
    <nd ref="3707841789"/>
    <nd ref="3707841838"/>
    <nd ref="4430955776"/>
    <nd ref="3707841863"/>
    <nd ref="4430955777"/>
    <nd ref="4430915692"/>
    <nd ref="3707841896"/>
    <tag k="highway" v="service"/>
    <tag k="name" v="拱照五路"/>
  </way>
  <way id="366806406">
    <nd ref="3707842282"/>
    <nd ref="3707842281"/>
    <nd ref="3707842269"/>
    <nd ref="4433722640"/>
    <nd ref="10293649982"/>
    <nd ref="4433722641"/>
    <nd ref="3707842275"/>
    <nd ref="10293649983"/>
    <nd ref="3707842279"/>
    <nd ref="3063277931"/>
    <nd ref="4430972129"/>
    <nd ref="3707842284"/>
    <nd ref="4430972130"/>
    <nd ref="3707842277"/>
    <nd ref="4430972128"/>
    <nd ref="3707842278"/>
    <nd ref="3707842274"/>
    <nd ref="3707842273"/>
    <nd ref="3707842261"/>
    <nd ref="2268453725"/>
    <tag k="highway" v="service"/>
    <tag k="name" v="人和五路"/>
  </way>
  <way id="366806407">
    <nd ref="4430971520"/>
    <nd ref="9610395437"/>
    <nd ref="9610395439"/>
    <nd ref="9610395438"/>
    <nd ref="9610395440"/>
    <nd ref="9610395432"/>
    <nd ref="9610395434"/>
    <nd ref="9610395436"/>
    <nd ref="9610395435"/>
    <nd ref="9610395433"/>
    <nd ref="4430971516"/>
    <nd ref="4430971515"/>
    <nd ref="4430971517"/>
    <nd ref="4430971518"/>
    <nd ref="4430971523"/>
    <nd ref="4430971531"/>
    <nd ref="4430971540"/>
    <nd ref="9610395441"/>
    <nd ref="4430971542"/>
    <nd ref="9610395443"/>
    <nd ref="4430971544"/>
    <nd ref="9610395442"/>
    <nd ref="4430971537"/>
    <nd ref="4430971534"/>
    <nd ref="4430971536"/>
    <nd ref="9610395447"/>
    <nd ref="4430971532"/>
    <nd ref="4430971528"/>
    <nd ref="4430971524"/>
    <nd ref="4430971526"/>
    <nd ref="4430971530"/>
    <nd ref="4430971533"/>
    <nd ref="4430971541"/>
    <nd ref="9610395445"/>
    <nd ref="9610395446"/>
    <nd ref="4430971545"/>
    <nd ref="4430971547"/>
    <nd ref="4430971549"/>
    <nd ref="4430971551"/>
    <nd ref="4430971552"/>
    <nd ref="9610395444"/>
    <nd ref="4430971554"/>
    <nd ref="3707841689"/>
    <nd ref="4430971553"/>
    <nd ref="3707841680"/>
    <nd ref="4430971555"/>
    <nd ref="3707841692"/>
    <nd ref="3707841693"/>
    <nd ref="3707841703"/>
    <nd ref="4430971560"/>
    <nd ref="4430971559"/>
    <nd ref="3707841697"/>
    <nd ref="4430971557"/>
    <nd ref="7918338490"/>
    <nd ref="3707841683"/>
    <nd ref="3707841678"/>
    <nd ref="3707841669"/>
    <nd ref="7918338495"/>
    <nd ref="2083234431"/>
    <nd ref="7918338497"/>
    <nd ref="3707841652"/>
    <nd ref="3707841650"/>
    <nd ref="3707841639"/>
    <tag k="highway" v="service"/>
    <tag k="name" v="大隱六路"/>
  </way>
  <way id="366806408">
    <nd ref="9500942518"/>
    <nd ref="4430972100"/>
    <nd ref="3707842231"/>
    <nd ref="4430972110"/>
    <nd ref="3707842251"/>
    <nd ref="4430972126"/>
    <nd ref="3707842260"/>
    <nd ref="3707842274"/>
    <nd ref="3707842283"/>
    <tag k="highway" v="unclassified"/>
    <tag k="name" v="義平路"/>
  </way>
  <way id="366806409">
    <nd ref="3109149629"/>
    <nd ref="3707841839"/>
    <nd ref="3707841818"/>
    <nd ref="3707841819"/>
    <nd ref="4430915564"/>
    <nd ref="3707841831"/>
    <nd ref="3707841833"/>
    <nd ref="3707841841"/>
    <nd ref="3707841849"/>
    <nd ref="3707841848"/>
    <nd ref="3707841846"/>
    <nd ref="3707841842"/>
    <nd ref="4430915575"/>
    <nd ref="4430915578"/>
    <nd ref="3707841864"/>
    <nd ref="5259213921"/>
    <nd ref="3707841872"/>
    <tag k="highway" v="residential"/>
    <tag k="name" v="集義路"/>
    <tag k="oneway" v="no"/>
  </way>
  <way id="366806410">
    <nd ref="3707841547"/>
    <nd ref="3707841551"/>
    <nd ref="3707841556"/>
    <nd ref="3707841566"/>
    <nd ref="9706774948"/>
    <nd ref="3707841571"/>
    <nd ref="9706774947"/>
    <nd ref="3707841575"/>
    <nd ref="9706774950"/>
    <tag k="highway" v="service"/>
    <tag k="name" v="茶山路"/>
  </way>
  <way id="366806411">
    <nd ref="3707841553"/>
    <nd ref="4430955714"/>
    <nd ref="3707841567"/>
    <nd ref="3707841568"/>
    <nd ref="3707841573"/>
    <nd ref="3707841581"/>
    <nd ref="3707841601"/>
    <nd ref="3707841603"/>
    <nd ref="3707841607"/>
    <nd ref="9500652089"/>
    <nd ref="3707841635"/>
    <tag k="highway" v="service"/>
    <tag k="name" v="大湖一路"/>
  </way>
  <way id="366806412">
    <nd ref="3707841814"/>
    <nd ref="4430995713"/>
    <nd ref="10019940412"/>
    <nd ref="4430995716"/>
    <nd ref="10019940405"/>
    <nd ref="3707841837"/>
    <nd ref="3707841854"/>
    <nd ref="10019940392"/>
    <nd ref="10019949229"/>
    <nd ref="4430995720"/>
    <nd ref="3707841878"/>
    <nd ref="4430995721"/>
    <nd ref="4430995724"/>
    <nd ref="9501128197"/>
    <nd ref="4430995725"/>
    <nd ref="9501128196"/>
    <nd ref="3707841894"/>
    <nd ref="4430995727"/>
    <nd ref="3707841917"/>
    <nd ref="8318236524"/>
    <tag k="highway" v="service"/>
    <tag k="name" v="忠平二路"/>
  </way>
  <way id="366806414">
    <nd ref="988504616"/>
    <nd ref="3707842399"/>
    <nd ref="10293649995"/>
    <nd ref="10293649997"/>
    <nd ref="10293649994"/>
    <nd ref="3707842396"/>
    <nd ref="10293679532"/>
    <nd ref="10293679524"/>
    <nd ref="10293650004"/>
    <nd ref="3707842401"/>
    <nd ref="10293679529"/>
    <nd ref="10293679510"/>
    <nd ref="3707842403"/>
    <nd ref="3707842405"/>
    <tag k="frontage_road" v="yes"/>
    <tag k="highway" v="service"/>
    <tag k="lit" v="yes"/>
    <tag k="name" v="上將路七段"/>
    <tag k="oneway" v="yes"/>
    <tag k="postal_code" v="266001"/>
    <tag k="surface" v="asphalt"/>
  </way>
  <way id="366806415">
    <nd ref="3707841764"/>
    <nd ref="6036139347"/>
    <nd ref="6036139348"/>
    <nd ref="3707841739"/>
    <nd ref="3707841755"/>
    <nd ref="4430955765"/>
    <nd ref="3707841751"/>
    <nd ref="4430955764"/>
    <nd ref="3707841762"/>
    <nd ref="3707841760"/>
    <nd ref="4430955766"/>
    <nd ref="3707841745"/>
    <nd ref="3707841732"/>
    <nd ref="4430955761"/>
    <tag k="highway" v="service"/>
    <tag k="name" v="拱照三路"/>
  </way>
  <way id="366806416">
    <nd ref="3707842010"/>
    <nd ref="9500049835"/>
    <nd ref="9500049837"/>
    <nd ref="9500049836"/>
    <nd ref="988498840"/>
    <tag k="highway" v="tertiary"/>
    <tag k="oneway" v="no"/>
  </way>
  <way id="366806417">
    <nd ref="3707840115"/>
    <nd ref="3707840117"/>
    <tag k="highway" v="service"/>
    <tag k="name" v="大隱一路47巷"/>
  </way>
  <way id="366806420">
    <nd ref="3210376043"/>
    <nd ref="3707842012"/>
    <tag k="highway" v="service"/>
    <tag k="name" v="大隱中路209巷"/>
  </way>
  <way id="366806421">
    <nd ref="3707841603"/>
    <nd ref="4430955722"/>
    <nd ref="3707841560"/>
    <tag k="highway" v="service"/>
    <tag k="name" v="拱照一路"/>
  </way>
  <way id="366806422">
    <nd ref="3707842550"/>
    <nd ref="988504615"/>
    <tag k="highway" v="service"/>
  </way>
  <way id="366806423">
    <nd ref="3707842547"/>
    <nd ref="3707842570"/>
    <tag k="highway" v="residential"/>
    <tag k="name" v="大埔三路268巷"/>
  </way>
  <way id="366806424">
    <nd ref="3109149686"/>
    <nd ref="11158475905"/>
    <nd ref="3707842015"/>
    <tag k="highway" v="service"/>
    <tag k="name" v="三星路一段385巷"/>
  </way>
  <way id="366806425">
    <nd ref="3707841935"/>
    <nd ref="3707842010"/>
    <tag k="highway" v="service"/>
  </way>
  <way id="366806426">
    <nd ref="3707842188"/>
    <nd ref="3707842182"/>
    <tag k="highway" v="service"/>
  </way>
  <way id="366806427">
    <nd ref="3063277927"/>
    <nd ref="3707841908"/>
    <tag k="highway" v="service"/>
  </way>
  <way id="366806428">
    <nd ref="3707841918"/>
    <nd ref="4430915696"/>
    <nd ref="412685447"/>
    <tag k="highway" v="residential"/>
    <tag k="name" v="集慶七路"/>
  </way>
  <way id="366806429">
    <nd ref="3707842148"/>
    <nd ref="3707842189"/>
    <tag k="highway" v="service"/>
    <tag k="name" v="大埔中路309巷9弄"/>
  </way>
  <way id="366806431">
    <nd ref="3063279064"/>
    <nd ref="3707842597"/>
    <nd ref="4430972158"/>
    <nd ref="3707842565"/>
    <nd ref="12630339091"/>
    <nd ref="4430972148"/>
    <nd ref="3063279044"/>
    <nd ref="10293650001"/>
    <nd ref="3707842401"/>
    <nd ref="10293649989"/>
    <nd ref="3707842388"/>
    <nd ref="10293650002"/>
    <nd ref="3707842359"/>
    <nd ref="7158907278"/>
    <nd ref="7158907280"/>
    <tag k="highway" v="unclassified"/>
    <tag k="name" v="人和中路"/>
    <tag k="oneway" v="no"/>
  </way>
  <way id="366806432">
    <nd ref="3707841904"/>
    <nd ref="3707841931"/>
    <nd ref="3109149642"/>
    <tag k="highway" v="service"/>
    <tag k="name" v="三星路二段353巷"/>
  </way>
  <way id="366806434">
    <nd ref="3707840120"/>
    <nd ref="3707841529"/>
    <nd ref="10214203493"/>
    <nd ref="3707841549"/>
    <tag k="highway" v="service"/>
    <tag k="name" v="大隱三路297巷"/>
  </way>
  <way id="366806435">
    <nd ref="4430915563"/>
    <nd ref="3707841841"/>
    <nd ref="3707841871"/>
    <tag k="highway" v="residential"/>
    <tag k="oneway" v="no"/>
  </way>
  <way id="366806436">
    <nd ref="3707842525"/>
    <nd ref="3707842421"/>
    <nd ref="4430972144"/>
    <nd ref="4430972141"/>
    <nd ref="4430972140"/>
    <nd ref="3707842419"/>
    <tag k="highway" v="service"/>
  </way>
  <way id="366806438">
    <nd ref="3707842212"/>
    <nd ref="3707842182"/>
    <nd ref="3707842145"/>
    <tag k="highway" v="service"/>
  </way>
  <way id="366806439">
    <nd ref="3707841914"/>
    <nd ref="3707841910"/>
    <nd ref="4430915695"/>
    <nd ref="4430915693"/>
    <nd ref="4430915691"/>
    <nd ref="3707841872"/>
    <tag k="highway" v="residential"/>
    <tag k="name" v="集慶路"/>
  </way>
  <way id="366806440">
    <nd ref="3707841912"/>
    <nd ref="3707841902"/>
    <nd ref="3707841898"/>
    <tag k="highway" v="service"/>
    <tag k="name" v="拱照八路"/>
  </way>
  <way id="366806441">
    <nd ref="3707842310"/>
    <nd ref="3707842322"/>
    <nd ref="3707842320"/>
    <tag k="highway" v="service"/>
  </way>
  <way id="366806446">
    <nd ref="3707841993"/>
    <nd ref="3707841992"/>
    <nd ref="7701090430"/>
    <nd ref="3707841979"/>
    <nd ref="4430959531"/>
    <tag k="highway" v="service"/>
    <tag k="name" v="大埔中路265巷"/>
  </way>
  <way id="366806447">
    <nd ref="3707841762"/>
    <nd ref="3707841825"/>
    <nd ref="3707841928"/>
    <nd ref="2268453584"/>
    <tag k="highway" v="service"/>
    <tag k="name" v="大湖三路"/>
  </way>
  <way id="366806448">
    <nd ref="3707841702"/>
    <nd ref="3707841701"/>
    <nd ref="4430955755"/>
    <nd ref="4430955756"/>
    <nd ref="3707841717"/>
    <nd ref="9500029610"/>
    <nd ref="9500029609"/>
    <tag k="highway" v="service"/>
  </way>
  <way id="366806449">
    <nd ref="4430937246"/>
    <nd ref="4430937255"/>
    <nd ref="3707841926"/>
    <nd ref="3707841983"/>
    <nd ref="4430938300"/>
    <tag k="highway" v="residential"/>
    <tag k="name" v="三星路二段701巷"/>
  </way>
  <way id="366806450">
    <nd ref="4431045325"/>
    <nd ref="4431045326"/>
    <nd ref="3707842319"/>
    <nd ref="3707842333"/>
    <tag k="highway" v="service"/>
    <tag k="name" v="大埔七路"/>
  </way>
  <way id="366806451">
    <nd ref="3707841717"/>
    <nd ref="3707841682"/>
    <nd ref="4430955745"/>
    <nd ref="4430955744"/>
    <nd ref="3707841660"/>
    <nd ref="4430955742"/>
    <nd ref="6170374075"/>
    <nd ref="3707841635"/>
    <tag k="highway" v="service"/>
  </way>
  <way id="366806453">
    <nd ref="3707840119"/>
    <nd ref="3707840120"/>
    <nd ref="3707840117"/>
    <nd ref="5810251513"/>
    <nd ref="3707840116"/>
    <tag k="highway" v="service"/>
    <tag k="name" v="大隱一路"/>
  </way>
  <way id="366806454">
    <nd ref="3707841839"/>
    <nd ref="7128607005"/>
    <nd ref="3707841856"/>
    <nd ref="3707841860"/>
    <tag k="highway" v="residential"/>
    <tag k="name" v="義德二路"/>
  </way>
  <way id="366806455">
    <nd ref="3707842396"/>
    <nd ref="3063279043"/>
    <nd ref="3707842561"/>
    <nd ref="3707842596"/>
    <nd ref="4430972175"/>
    <nd ref="3063279070"/>
    <tag k="highway" v="service"/>
    <tag k="name" v="萬德八路"/>
  </way>
  <way id="366806456">
    <nd ref="2083234508"/>
    <nd ref="4431088315"/>
    <nd ref="4431088316"/>
    <nd ref="4431088318"/>
    <nd ref="3707840113"/>
    <nd ref="5810251514"/>
    <nd ref="4431088320"/>
    <nd ref="4431088322"/>
    <nd ref="3707840114"/>
    <nd ref="3707840115"/>
    <nd ref="3707840120"/>
    <tag k="highway" v="service"/>
    <tag k="name" v="大隱一路69巷"/>
  </way>
  <way id="366806457">
    <nd ref="4430937251"/>
    <nd ref="4430937258"/>
    <nd ref="4430937264"/>
    <nd ref="4430937266"/>
    <nd ref="4430937275"/>
    <nd ref="4430937280"/>
    <nd ref="4430937282"/>
    <nd ref="4430937285"/>
    <nd ref="4430937284"/>
    <nd ref="4430937283"/>
    <nd ref="4430937278"/>
    <nd ref="4430937270"/>
    <nd ref="4430937268"/>
    <nd ref="4430937267"/>
    <nd ref="4430937271"/>
    <nd ref="4430937272"/>
    <nd ref="4430937274"/>
    <nd ref="4430937277"/>
    <nd ref="4430938293"/>
    <nd ref="3707841983"/>
    <nd ref="3707841984"/>
    <nd ref="4430938298"/>
    <nd ref="3707841966"/>
    <nd ref="4430937288"/>
    <nd ref="4430937286"/>
    <nd ref="3707841969"/>
    <nd ref="4430938290"/>
    <nd ref="3707841987"/>
    <nd ref="4430938306"/>
    <nd ref="4430938310"/>
    <nd ref="4430938316"/>
    <nd ref="4430938319"/>
    <nd ref="4430938321"/>
    <nd ref="4430938322"/>
    <nd ref="4430938325"/>
    <nd ref="4430938326"/>
    <nd ref="4430938323"/>
    <nd ref="4430938318"/>
    <nd ref="4430938313"/>
    <nd ref="4430938308"/>
    <nd ref="4430938304"/>
    <nd ref="4430938301"/>
    <nd ref="4430938297"/>
    <nd ref="4430938295"/>
    <nd ref="4430938296"/>
    <nd ref="4430938299"/>
    <nd ref="4430938303"/>
    <nd ref="4430938305"/>
    <nd ref="4430938309"/>
    <nd ref="4430938311"/>
    <nd ref="4430938314"/>
    <nd ref="4430938317"/>
    <nd ref="4430938320"/>
    <nd ref="4430938324"/>
    <nd ref="4430938327"/>
    <tag k="highway" v="residential"/>
  </way>
  <way id="366806458">
    <nd ref="3707841634"/>
    <nd ref="4430955734"/>
    <nd ref="4430955739"/>
    <nd ref="4430955737"/>
    <nd ref="4430955735"/>
    <nd ref="4430955738"/>
    <nd ref="4430955747"/>
    <nd ref="4430955759"/>
    <nd ref="4430955762"/>
    <tag k="highway" v="service"/>
    <tag k="name" v="大湖五路"/>
  </way>
  <way id="366806459">
    <nd ref="3707842146"/>
    <nd ref="10019949232"/>
    <nd ref="3707842135"/>
    <nd ref="3707842159"/>
    <nd ref="3707842158"/>
    <nd ref="4430939120"/>
    <nd ref="10019949238"/>
    <nd ref="3707842156"/>
    <tag k="highway" v="service"/>
    <tag k="name" v="人和一路"/>
  </way>
  <way id="366806460">
    <nd ref="3707842323"/>
    <nd ref="11158492749"/>
    <nd ref="11158475941"/>
    <nd ref="3707842345"/>
    <nd ref="3707842372"/>
    <nd ref="3707842526"/>
    <nd ref="3707842544"/>
    <nd ref="11158458298"/>
    <tag k="highway" v="service"/>
    <tag k="name" v="大埔五路"/>
  </way>
  <way id="366806461">
    <nd ref="1690085475"/>
    <nd ref="4430955767"/>
    <nd ref="3707841779"/>
    <nd ref="3707841797"/>
    <nd ref="3707841827"/>
    <nd ref="9500652077"/>
    <nd ref="3707841877"/>
    <tag k="highway" v="service"/>
    <tag k="name" v="大坑三路"/>
  </way>
  <way id="366806462">
    <nd ref="3707842152"/>
    <nd ref="3707842162"/>
    <tag k="highway" v="service"/>
    <tag k="name" v="大埔中路233巷91弄"/>
  </way>
  <way id="366806463">
    <nd ref="3707841611"/>
    <nd ref="11054672960"/>
    <nd ref="11054672959"/>
    <nd ref="4431004632"/>
    <nd ref="4431004637"/>
    <nd ref="3707841662"/>
    <nd ref="11054672958"/>
    <nd ref="4430915481"/>
    <nd ref="7760318722"/>
    <tag k="highway" v="service"/>
    <tag k="name" v="雙和一路"/>
  </way>
  <way id="366806464">
    <nd ref="3210376037"/>
    <nd ref="3707841650"/>
    <nd ref="3707841742"/>
    <tag k="highway" v="service"/>
  </way>
  <way id="366806465">
    <nd ref="3707841840"/>
    <nd ref="3707841889"/>
    <nd ref="3707841925"/>
    <nd ref="3707841941"/>
    <nd ref="1690064628"/>
    <tag k="highway" v="service"/>
    <tag k="name" v="三星路二段601巷"/>
  </way>
  <way id="366806466">
    <nd ref="3707842154"/>
    <nd ref="3707842150"/>
    <nd ref="3707842148"/>
    <nd ref="3707842144"/>
    <nd ref="3707842133"/>
    <tag k="highway" v="service"/>
  </way>
  <way id="366806467">
    <nd ref="3707842144"/>
    <nd ref="11158458219"/>
    <nd ref="10308446893"/>
    <nd ref="11158458218"/>
    <nd ref="3707841992"/>
    <tag k="highway" v="service"/>
    <tag k="name" v="大埔中路265巷8弄"/>
    <tag k="oneway" v="yes"/>
  </way>
  <way id="366806468">
    <nd ref="3707841838"/>
    <nd ref="6036139332"/>
    <nd ref="3707841830"/>
    <nd ref="3707841825"/>
    <nd ref="3707841813"/>
    <nd ref="3707841811"/>
    <tag k="highway" v="service"/>
    <tag k="name" v="拱照七路"/>
  </way>
  <way id="366806469">
    <nd ref="3707841882"/>
    <nd ref="3707841884"/>
    <nd ref="3707841897"/>
    <nd ref="3707841903"/>
    <nd ref="3707841923"/>
    <tag k="highway" v="service"/>
    <tag k="name" v="大湖二路"/>
  </way>
  <way id="366806470">
    <nd ref="3707842238"/>
    <nd ref="9064250194"/>
    <nd ref="3707842237"/>
    <nd ref="3707842235"/>
    <nd ref="10019949243"/>
    <nd ref="10019949240"/>
    <nd ref="3707842234"/>
    <nd ref="3707842233"/>
    <nd ref="4430972107"/>
    <nd ref="3707842231"/>
    <tag k="highway" v="service"/>
    <tag k="name" v="人和三路"/>
  </way>
  <way id="366806472">
    <nd ref="4430915444"/>
    <nd ref="4430915471"/>
    <nd ref="4430915480"/>
    <nd ref="3707841777"/>
    <nd ref="4430915535"/>
    <nd ref="4430915549"/>
    <nd ref="3109149625"/>
    <tag k="highway" v="residential"/>
    <tag k="name" v="雙賢路"/>
  </way>
  <way id="366806473">
    <nd ref="3707841831"/>
    <nd ref="3707841856"/>
    <nd ref="3109149631"/>
    <nd ref="4430915701"/>
    <nd ref="3707841974"/>
    <nd ref="9500942524"/>
    <tag k="highway" v="residential"/>
    <tag k="name" v="星德二路"/>
    <tag k="oneway" v="no"/>
  </way>
  <way id="366806474">
    <nd ref="3707841959"/>
    <nd ref="4430959529"/>
    <nd ref="3707841967"/>
    <nd ref="3707841979"/>
    <nd ref="7701090399"/>
    <nd ref="7701090397"/>
    <nd ref="7701090396"/>
    <nd ref="3707842133"/>
    <nd ref="3707842162"/>
    <nd ref="3707842180"/>
    <tag k="highway" v="service"/>
    <tag k="name" v="大埔中路233巷6弄"/>
  </way>
  <way id="366806475">
    <nd ref="3707841693"/>
    <nd ref="4430971565"/>
    <nd ref="3707841753"/>
    <nd ref="3707841757"/>
    <nd ref="3707841816"/>
    <nd ref="3707841835"/>
    <nd ref="4430971571"/>
    <nd ref="6170243037"/>
    <nd ref="9610395449"/>
    <nd ref="3707841920"/>
    <nd ref="9610395450"/>
    <nd ref="9610395451"/>
    <nd ref="3109149657"/>
    <tag k="highway" v="service"/>
    <tag k="name" v="三星路二段265巷"/>
  </way>
  <way id="366806476">
    <nd ref="3707841957"/>
    <nd ref="7918293868"/>
    <nd ref="3707841940"/>
    <nd ref="3707841928"/>
    <nd ref="3707841923"/>
    <tag k="highway" v="service"/>
    <tag k="name" v="拱照十一路"/>
  </way>
  <way id="366806477">
    <nd ref="3707841941"/>
    <nd ref="3707841943"/>
    <nd ref="4430971577"/>
    <nd ref="4430971576"/>
    <nd ref="3707841934"/>
    <nd ref="3707841938"/>
    <nd ref="4430971575"/>
    <nd ref="4430971574"/>
    <nd ref="3707841929"/>
    <nd ref="3707841931"/>
    <tag k="highway" v="service"/>
    <tag k="name" v="三星路二段601巷15弄"/>
  </way>
  <way id="366806478">
    <nd ref="4430972135"/>
    <nd ref="4430972136"/>
    <nd ref="3707842305"/>
    <nd ref="3707842310"/>
    <nd ref="4430972137"/>
    <nd ref="3707842303"/>
    <nd ref="4430972133"/>
    <nd ref="3707842286"/>
    <nd ref="4430972131"/>
    <nd ref="3707842283"/>
    <tag k="highway" v="service"/>
    <tag k="name" v="人和九路"/>
  </way>
  <way id="366806479">
    <nd ref="4431044688"/>
    <nd ref="11158475926"/>
    <nd ref="3707842246"/>
    <nd ref="4431045304"/>
    <nd ref="11158492745"/>
    <nd ref="3707842307"/>
    <nd ref="11158492733"/>
    <nd ref="3707842375"/>
    <nd ref="3707842528"/>
    <nd ref="3707842547"/>
    <nd ref="3707842573"/>
    <nd ref="4431045404"/>
    <tag k="highway" v="residential"/>
    <tag k="name" v="大埔三路"/>
  </way>
  <way id="366806480">
    <nd ref="4431045296"/>
    <nd ref="11158458327"/>
    <nd ref="3707842288"/>
    <nd ref="3707842304"/>
    <nd ref="3707842348"/>
    <nd ref="3707842367"/>
    <nd ref="3707842422"/>
    <nd ref="3707842531"/>
    <tag k="highway" v="service"/>
    <tag k="name" v="大埔六路"/>
  </way>
  <way id="366806482">
    <nd ref="3707842192"/>
    <nd ref="3707842191"/>
    <nd ref="3707842189"/>
    <nd ref="3707842183"/>
    <nd ref="3707842180"/>
    <nd ref="4430959561"/>
    <nd ref="3707842175"/>
    <nd ref="4430959559"/>
    <nd ref="3707842167"/>
    <nd ref="3707842139"/>
    <tag k="highway" v="service"/>
    <tag k="name" v="大埔中路309巷"/>
  </way>
  <way id="366806483">
    <nd ref="3063279033"/>
    <nd ref="3707842332"/>
    <nd ref="3707842328"/>
    <nd ref="4430939251"/>
    <nd ref="3707842316"/>
    <nd ref="3707842317"/>
    <nd ref="4430939245"/>
    <nd ref="4430939246"/>
    <nd ref="3707842335"/>
    <nd ref="10019949246"/>
    <nd ref="3063277932"/>
    <nd ref="3707842326"/>
    <tag k="highway" v="service"/>
    <tag k="name" v="人和六路"/>
  </way>
  <way id="366806484">
    <nd ref="2083234444"/>
    <nd ref="7918338498"/>
    <nd ref="3707841750"/>
    <nd ref="3707841742"/>
    <nd ref="7918338507"/>
    <nd ref="14174991447"/>
    <nd ref="3707841730"/>
    <nd ref="4458292078"/>
    <nd ref="3707841735"/>
    <nd ref="4458292079"/>
    <nd ref="3707841731"/>
    <nd ref="3707841724"/>
    <nd ref="3707841723"/>
    <tag k="highway" v="service"/>
    <tag k="name" v="大隱七路"/>
  </way>
  <way id="366806485">
    <nd ref="3109149674"/>
    <nd ref="3707842139"/>
    <nd ref="3707842131"/>
    <nd ref="3707842125"/>
    <nd ref="4430959536"/>
    <nd ref="3707842006"/>
    <nd ref="4430959533"/>
    <nd ref="10308446889"/>
    <nd ref="3707841980"/>
    <nd ref="3707841971"/>
    <nd ref="7701090402"/>
    <nd ref="3707841915"/>
    <nd ref="7701090406"/>
    <nd ref="7701090407"/>
    <nd ref="7701090408"/>
    <nd ref="7701090409"/>
    <nd ref="7701090410"/>
    <nd ref="7701090411"/>
    <nd ref="7701090412"/>
    <tag k="highway" v="service"/>
    <tag k="name" v="三星路二段99巷"/>
  </way>
  <way id="366806489">
    <nd ref="3707841809"/>
    <nd ref="3707841806"/>
    <nd ref="4430937240"/>
    <nd ref="3707841797"/>
    <nd ref="3707841790"/>
    <nd ref="4430937236"/>
    <nd ref="3707841807"/>
    <nd ref="3707841810"/>
    <nd ref="3707841808"/>
    <nd ref="4430937241"/>
    <nd ref="4430937237"/>
    <nd ref="4430937244"/>
    <nd ref="4430937245"/>
    <nd ref="4430937249"/>
    <nd ref="4430937252"/>
    <nd ref="4430937256"/>
    <nd ref="3707841898"/>
    <nd ref="4430937260"/>
    <nd ref="4430937262"/>
    <nd ref="4430937265"/>
    <nd ref="4430937269"/>
    <nd ref="4430937276"/>
    <nd ref="4430937281"/>
    <nd ref="4430938289"/>
    <nd ref="4430938291"/>
    <nd ref="4430938292"/>
    <nd ref="412685440"/>
    <tag k="highway" v="service"/>
    <tag k="name" v="照林路一段88巷"/>
  </way>
  <way id="366806490">
    <nd ref="9500049827"/>
    <nd ref="3707842272"/>
    <nd ref="9500049829"/>
    <nd ref="9500049828"/>
    <nd ref="3707842271"/>
    <nd ref="3707842270"/>
    <nd ref="3707842268"/>
    <tag k="highway" v="service"/>
    <tag k="name" v="中山路三段3巷"/>
  </way>
  <way id="366806491">
    <nd ref="3063279037"/>
    <nd ref="10293679511"/>
    <nd ref="3707842392"/>
    <nd ref="10293679525"/>
    <nd ref="10293860762"/>
    <nd ref="10293650005"/>
    <nd ref="3707842390"/>
    <nd ref="4430972139"/>
    <nd ref="10293679519"/>
    <nd ref="10293649999"/>
    <nd ref="3707842388"/>
    <nd ref="10293679522"/>
    <nd ref="10293679530"/>
    <nd ref="10293649984"/>
    <nd ref="3707842386"/>
    <nd ref="10293679516"/>
    <nd ref="3707842391"/>
    <nd ref="988504616"/>
    <tag k="frontage_road" v="yes"/>
    <tag k="highway" v="service"/>
    <tag k="lit" v="yes"/>
    <tag k="name" v="上將路七段"/>
    <tag k="oneway" v="yes"/>
    <tag k="postal_code" v="266001"/>
    <tag k="surface" v="asphalt"/>
  </way>
  <way id="366806492">
    <nd ref="3707841553"/>
    <nd ref="4430955700"/>
    <nd ref="3707841525"/>
    <nd ref="4430955691"/>
    <nd ref="3707841527"/>
    <nd ref="4430955692"/>
    <nd ref="3707841543"/>
    <nd ref="4430955707"/>
    <nd ref="3707841558"/>
    <nd ref="3707841560"/>
    <nd ref="3707841572"/>
    <nd ref="4430955721"/>
    <nd ref="3707841585"/>
    <nd ref="4430955723"/>
    <nd ref="4430955724"/>
    <nd ref="1690085468"/>
    <tag k="highway" v="service"/>
    <tag k="name" v="大坑五路"/>
  </way>
  <way id="366806495">
    <nd ref="987441819"/>
    <nd ref="3707842333"/>
    <nd ref="987441821"/>
    <nd ref="4431045331"/>
    <nd ref="987441789"/>
    <tag k="highway" v="service"/>
    <tag k="name" v="義隱路"/>
    <tag k="name:en" v="Yiyin Road"/>
    <tag k="name:zh" v="義隱路"/>
  </way>
  <way id="425371183">
    <nd ref="4247037991"/>
    <nd ref="4247037992"/>
    <tag k="bridge" v="yes"/>
    <tag k="highway" v="tertiary"/>
    <tag k="layer" v="1"/>
    <tag k="name" v="健隱橋"/>
    <tag k="ref" v="宜47"/>
    <tag k="ref:en" v="IL47"/>
    <tag k="ref:zh" v="宜47"/>
  </way>
  <way id="425371184">
    <nd ref="1690064634"/>
    <nd ref="1690085486"/>
    <nd ref="3707842206"/>
    <nd ref="4247037991"/>
    <tag k="highway" v="tertiary"/>
    <tag k="name" v="健富路一段"/>
    <tag k="ref" v="宜47"/>
    <tag k="ref:en" v="IL47"/>
    <tag k="ref:zh" v="宜47"/>
  </way>
  <way id="425430634">
    <nd ref="1690085471"/>
    <nd ref="1690085468"/>
    <tag k="bridge" v="yes"/>
    <tag k="highway" v="tertiary"/>
    <tag k="layer" v="1"/>
    <tag k="name" v="照林路一段"/>
    <tag k="ref" v="宜26-1"/>
    <tag k="ref:en" v="IL26-1"/>
    <tag k="ref:zh" v="宜26-1"/>
  </way>
  <way id="432592769">
    <nd ref="987441805"/>
    <nd ref="3707840116"/>
    <nd ref="3707841526"/>
    <nd ref="3707841545"/>
    <nd ref="3210376038"/>
    <nd ref="3707841652"/>
    <nd ref="3707841750"/>
    <nd ref="2083234266"/>
    <nd ref="2083234337"/>
    <nd ref="987441806"/>
    <nd ref="4431045290"/>
    <tag k="highway" v="tertiary"/>
    <tag k="name" v="農義路一段"/>
    <tag k="ref" v="宜49"/>
    <tag k="ref:en" v="IL49"/>
    <tag k="ref:zh" v="宜49"/>
  </way>
  <way id="445709687">
    <nd ref="4430915593"/>
    <nd ref="4430915595"/>
    <nd ref="4430915600"/>
    <nd ref="4430915601"/>
    <nd ref="12630339062"/>
    <nd ref="3707841777"/>
    <nd ref="4430915621"/>
    <nd ref="4430915618"/>
    <nd ref="4430915617"/>
    <nd ref="4430915620"/>
    <tag k="highway" v="service"/>
    <tag k="name" v="集賢二路"/>
  </way>
  <way id="445709688">
    <nd ref="4430915499"/>
    <nd ref="4430915492"/>
    <nd ref="4430915385"/>
    <nd ref="4430915380"/>
    <nd ref="4430915379"/>
    <nd ref="4430915376"/>
    <nd ref="4430915371"/>
    <nd ref="4430915365"/>
    <nd ref="4430915363"/>
    <nd ref="4430915361"/>
    <tag k="highway" v="service"/>
  </way>
  <way id="445709689">
    <nd ref="4430915619"/>
    <nd ref="4430915487"/>
    <nd ref="4430915485"/>
    <nd ref="4430915488"/>
    <nd ref="4430915590"/>
    <nd ref="4430915472"/>
    <nd ref="4430915465"/>
    <nd ref="4430915467"/>
    <nd ref="4430915474"/>
    <nd ref="4430915478"/>
    <tag k="highway" v="service"/>
  </way>
  <way id="445709690">
    <nd ref="4430915520"/>
    <nd ref="4430915617"/>
    <nd ref="4430915483"/>
    <nd ref="4430915452"/>
    <nd ref="4430915454"/>
    <nd ref="4430915453"/>
    <nd ref="4430915451"/>
    <nd ref="4430915456"/>
    <nd ref="4430915462"/>
    <nd ref="4430915473"/>
    <nd ref="4430915479"/>
    <nd ref="4430915606"/>
    <tag k="highway" v="service"/>
  </way>
  <way id="445709691">
    <nd ref="4430915470"/>
    <nd ref="3707841658"/>
    <nd ref="4430915478"/>
    <nd ref="4430915597"/>
    <nd ref="4430915624"/>
    <nd ref="4430915547"/>
    <nd ref="4430915550"/>
    <nd ref="9500664258"/>
    <nd ref="4430915551"/>
    <nd ref="4430915557"/>
    <nd ref="4430915565"/>
    <nd ref="5259213922"/>
    <nd ref="4430915566"/>
    <nd ref="4430915561"/>
    <tag k="highway" v="service"/>
    <tag k="name" v="集安路"/>
  </way>
  <way id="445709692">
    <nd ref="4430915509"/>
    <nd ref="4430915432"/>
    <nd ref="9706768798"/>
    <nd ref="4430915443"/>
    <nd ref="9706768799"/>
    <nd ref="4430915447"/>
    <nd ref="4430915446"/>
    <nd ref="4430915442"/>
    <nd ref="4430915441"/>
    <nd ref="9706768801"/>
    <nd ref="9706768800"/>
    <nd ref="4430915448"/>
    <nd ref="4430915457"/>
    <nd ref="4430915476"/>
    <nd ref="9706768804"/>
    <nd ref="4430915484"/>
    <nd ref="4430915486"/>
    <nd ref="4430915592"/>
    <nd ref="4430915596"/>
    <nd ref="4430915604"/>
    <tag k="highway" v="service"/>
    <tag k="name" v="安農南路三段"/>
  </way>
  <way id="445709693">
    <nd ref="4430915459"/>
    <nd ref="4430915470"/>
    <tag k="bridge" v="yes"/>
    <tag k="highway" v="service"/>
    <tag k="layer" v="1"/>
  </way>
  <way id="445709694">
    <nd ref="4430915693"/>
    <nd ref="4430915703"/>
    <tag k="highway" v="residential"/>
    <tag k="name" v="集慶五路"/>
  </way>
  <way id="445709695">
    <nd ref="4430915496"/>
    <nd ref="4430915512"/>
    <tag k="bridge" v="yes"/>
    <tag k="highway" v="service"/>
    <tag k="layer" v="1"/>
    <tag k="name" v="柑仔坑橋"/>
  </way>
  <way id="445709696">
    <nd ref="4430915483"/>
    <nd ref="4430915480"/>
    <tag k="highway" v="service"/>
  </way>
  <way id="445709697">
    <nd ref="9706774941"/>
    <nd ref="4430915347"/>
    <nd ref="9706774939"/>
    <nd ref="4430915344"/>
    <nd ref="4430915340"/>
    <nd ref="4430915343"/>
    <nd ref="4430915342"/>
    <nd ref="4430915336"/>
    <nd ref="4430915335"/>
    <nd ref="4430915332"/>
    <nd ref="4430915333"/>
    <nd ref="4430915338"/>
    <nd ref="4430915337"/>
    <nd ref="4430915330"/>
    <nd ref="4430915329"/>
    <nd ref="4430915331"/>
    <nd ref="9706768743"/>
    <nd ref="9706768744"/>
    <nd ref="9706768745"/>
    <tag k="highway" v="service"/>
    <tag k="name" v="集賢一路"/>
  </way>
  <way id="445709698">
    <nd ref="4430915692"/>
    <nd ref="4430915690"/>
    <nd ref="4430915689"/>
    <nd ref="4430915587"/>
    <nd ref="4882604633"/>
    <nd ref="4430915585"/>
    <nd ref="4430915581"/>
    <nd ref="4430915576"/>
    <nd ref="4430915573"/>
    <nd ref="4430915571"/>
    <nd ref="4430915570"/>
    <nd ref="4430915567"/>
    <nd ref="4430915560"/>
    <nd ref="4430915555"/>
    <nd ref="4882604632"/>
    <nd ref="4430915554"/>
    <nd ref="4430915552"/>
    <nd ref="4430915548"/>
    <nd ref="4430915542"/>
    <nd ref="4430915536"/>
    <nd ref="4882604631"/>
    <nd ref="4430915532"/>
    <nd ref="4430915527"/>
    <nd ref="4430915523"/>
    <nd ref="4430915626"/>
    <nd ref="4430915615"/>
    <nd ref="4430915608"/>
    <nd ref="4430915594"/>
    <nd ref="4430915482"/>
    <tag k="highway" v="service"/>
  </way>
  <way id="445709699">
    <nd ref="3109149637"/>
    <nd ref="4430915705"/>
    <nd ref="9500664262"/>
    <nd ref="4430915695"/>
    <tag k="highway" v="residential"/>
    <tag k="name" v="集慶三路"/>
  </way>
  <way id="445709700">
    <nd ref="4430915466"/>
    <nd ref="4430915468"/>
    <nd ref="4430915471"/>
    <tag k="highway" v="service"/>
  </way>
  <way id="445709701">
    <nd ref="4430915481"/>
    <nd ref="4430915460"/>
    <nd ref="4430915455"/>
    <nd ref="9064244241"/>
    <nd ref="4430915445"/>
    <nd ref="4430915431"/>
    <nd ref="4430915507"/>
    <nd ref="4430915504"/>
    <nd ref="4430915515"/>
    <nd ref="4430915433"/>
    <nd ref="4430915436"/>
    <nd ref="4430915439"/>
    <nd ref="4430915438"/>
    <nd ref="4430915435"/>
    <nd ref="4430915382"/>
    <nd ref="4430915374"/>
    <nd ref="4430915378"/>
    <nd ref="4430915384"/>
    <nd ref="4430915493"/>
    <nd ref="3707841587"/>
    <tag k="highway" v="service"/>
    <tag k="name" v="安農南路三段"/>
  </way>
  <way id="445709702">
    <nd ref="4430915509"/>
    <nd ref="4430915505"/>
    <nd ref="4430915503"/>
    <nd ref="4430915497"/>
    <nd ref="4430915388"/>
    <nd ref="4430915386"/>
    <nd ref="4430915387"/>
    <nd ref="4430915383"/>
    <nd ref="4430915375"/>
    <nd ref="4430915369"/>
    <nd ref="4430915370"/>
    <nd ref="4430915373"/>
    <nd ref="4430915372"/>
    <nd ref="4430915366"/>
    <nd ref="4430915364"/>
    <nd ref="4430915359"/>
    <nd ref="9706768796"/>
    <nd ref="9706768797"/>
    <nd ref="4430915362"/>
    <nd ref="4430915368"/>
    <nd ref="4430915367"/>
    <nd ref="4430915360"/>
    <nd ref="4430915356"/>
    <nd ref="4430915357"/>
    <nd ref="4430915358"/>
    <nd ref="4430915353"/>
    <nd ref="4430915352"/>
    <nd ref="4430915354"/>
    <nd ref="4430915351"/>
    <nd ref="4430915350"/>
    <nd ref="9706768806"/>
    <nd ref="9706768805"/>
    <nd ref="4430915345"/>
    <tag k="highway" v="service"/>
    <tag k="name" v="集祥路"/>
  </way>
  <way id="445709703">
    <nd ref="4430915620"/>
    <nd ref="4430915616"/>
    <nd ref="4430915613"/>
    <nd ref="4430915611"/>
    <nd ref="4430915603"/>
    <nd ref="4430915607"/>
    <nd ref="4430915609"/>
    <nd ref="4430915606"/>
    <nd ref="4430915605"/>
    <nd ref="4430915602"/>
    <nd ref="4430915598"/>
    <nd ref="4430915599"/>
    <nd ref="4430915610"/>
    <nd ref="4430915614"/>
    <nd ref="4430915619"/>
    <nd ref="4430915622"/>
    <nd ref="4430915517"/>
    <nd ref="4430915518"/>
    <nd ref="4430915627"/>
    <nd ref="4430915624"/>
    <nd ref="4430915625"/>
    <nd ref="4430915629"/>
    <nd ref="9706768802"/>
    <nd ref="4430915516"/>
    <nd ref="13866442641"/>
    <nd ref="4430915522"/>
    <nd ref="4430915630"/>
    <tag k="highway" v="service"/>
    <tag k="name" v="集賢二路"/>
  </way>
  <way id="445709704">
    <nd ref="3707841673"/>
    <nd ref="4431004648"/>
    <nd ref="4431004645"/>
    <nd ref="4431004643"/>
    <nd ref="4431004641"/>
    <nd ref="4431004644"/>
    <nd ref="4431004653"/>
    <nd ref="4431004656"/>
    <nd ref="4431004664"/>
    <nd ref="4431004665"/>
    <nd ref="4431004666"/>
    <nd ref="4431004667"/>
    <nd ref="4431004668"/>
    <nd ref="4431004669"/>
    <nd ref="4431004670"/>
    <nd ref="4431004671"/>
    <nd ref="4430915531"/>
    <nd ref="4430915539"/>
    <nd ref="4430915540"/>
    <nd ref="4430915549"/>
    <tag k="highway" v="service"/>
  </way>
  <way id="445709705">
    <nd ref="4430915607"/>
    <nd ref="4430915526"/>
    <nd ref="4430915553"/>
    <nd ref="4430915564"/>
    <tag k="highway" v="service"/>
    <tag k="name" v="星德一路"/>
  </way>
  <way id="445709706">
    <nd ref="4430915330"/>
    <nd ref="4430915341"/>
    <nd ref="4430915349"/>
    <nd ref="9706774945"/>
    <nd ref="3707841577"/>
    <tag k="highway" v="service"/>
    <tag k="name" v="龍泉路"/>
  </way>
  <way id="445709707">
    <nd ref="4430915575"/>
    <nd ref="5253437430"/>
    <nd ref="4430915588"/>
    <nd ref="5253437429"/>
    <nd ref="4430915694"/>
    <nd ref="4430915696"/>
    <tag k="highway" v="residential"/>
    <tag k="name" v="集慶八路"/>
  </way>
  <way id="445709708">
    <nd ref="3707841590"/>
    <nd ref="4430915489"/>
    <nd ref="3707841587"/>
    <tag k="highway" v="service"/>
    <tag k="name" v="安農南路三段"/>
  </way>
  <way id="445709709">
    <nd ref="4430915557"/>
    <nd ref="4430915556"/>
    <nd ref="4430915558"/>
    <nd ref="4430915559"/>
    <tag k="highway" v="service"/>
  </way>
  <way id="445709711">
    <nd ref="4430915547"/>
    <nd ref="4430915546"/>
    <nd ref="4430915544"/>
    <nd ref="4430915543"/>
    <nd ref="13866442690"/>
    <nd ref="4430915541"/>
    <tag k="highway" v="service"/>
  </way>
  <way id="445709712">
    <nd ref="9706768808"/>
    <nd ref="4430915368"/>
    <nd ref="4430915508"/>
    <nd ref="4430915514"/>
    <nd ref="4430915449"/>
    <nd ref="4430915457"/>
    <nd ref="4430915459"/>
    <tag k="highway" v="service"/>
    <tag k="name" v="集安路"/>
  </way>
  <way id="445709713">
    <nd ref="4430915351"/>
    <nd ref="4430915348"/>
    <nd ref="4430915346"/>
    <nd ref="9706768807"/>
    <nd ref="4430915339"/>
    <nd ref="4430915334"/>
    <nd ref="4430915328"/>
    <tag k="highway" v="service"/>
  </way>
  <way id="445709714">
    <nd ref="4430915691"/>
    <nd ref="5253437424"/>
    <nd ref="4430915698"/>
    <nd ref="9500664260"/>
    <nd ref="4430915700"/>
    <nd ref="4430915703"/>
    <nd ref="9500664264"/>
    <nd ref="4430915705"/>
    <nd ref="9500664263"/>
    <nd ref="4430915707"/>
    <tag k="highway" v="residential"/>
    <tag k="name" v="集慶二路"/>
  </way>
  <way id="445709715">
    <nd ref="3109149629"/>
    <nd ref="4430915697"/>
    <nd ref="4430915699"/>
    <nd ref="4430915701"/>
    <nd ref="4430915704"/>
    <nd ref="4430915706"/>
    <nd ref="3744163740"/>
    <tag k="highway" v="residential"/>
    <tag k="name" v="雙義路"/>
  </way>
  <way id="445709716">
    <nd ref="4430915512"/>
    <nd ref="3707841599"/>
    <nd ref="7918293878"/>
    <nd ref="4430915602"/>
    <nd ref="3707841769"/>
    <nd ref="5253437433"/>
    <nd ref="3707841848"/>
    <nd ref="3707841875"/>
    <nd ref="3707841881"/>
    <nd ref="412685447"/>
    <tag k="highway" v="service"/>
    <tag k="name" v="中山路一段"/>
  </way>
  <way id="445710868">
    <nd ref="4430922776"/>
    <nd ref="4430922775"/>
    <nd ref="4430922773"/>
    <nd ref="4430922771"/>
    <nd ref="4430922770"/>
    <nd ref="4430922768"/>
    <nd ref="4430922761"/>
    <nd ref="4430922760"/>
    <nd ref="4430922759"/>
    <nd ref="2938325116"/>
    <tag k="highway" v="unclassified"/>
  </way>
  <way id="445710869">
    <nd ref="4430922685"/>
    <nd ref="4430922689"/>
    <nd ref="4430922695"/>
    <nd ref="4430922700"/>
    <nd ref="4430922710"/>
    <nd ref="4430922718"/>
    <nd ref="4430922729"/>
    <nd ref="4430922730"/>
    <nd ref="4430922731"/>
    <nd ref="4430922728"/>
    <tag k="highway" v="unclassified"/>
  </way>
  <way id="445710870">
    <nd ref="4430922900"/>
    <nd ref="4430922897"/>
    <nd ref="4430922890"/>
    <nd ref="12630500270"/>
    <nd ref="4430922888"/>
    <nd ref="4430922887"/>
    <nd ref="4430922885"/>
    <nd ref="4430922884"/>
    <nd ref="4430922883"/>
    <nd ref="4430922882"/>
    <nd ref="4430922881"/>
    <nd ref="4430922880"/>
    <nd ref="4430922879"/>
    <nd ref="4430922878"/>
    <nd ref="4430922871"/>
    <nd ref="4430922867"/>
    <nd ref="4430922862"/>
    <nd ref="12630500276"/>
    <tag k="highway" v="service"/>
    <tag k="name" v="進利三路"/>
  </way>
  <way id="445710871">
    <nd ref="7861815454"/>
    <nd ref="7861815455"/>
    <nd ref="4430922715"/>
    <nd ref="4430922713"/>
    <nd ref="4430922698"/>
    <nd ref="4430922692"/>
    <nd ref="4430922690"/>
    <nd ref="4430922686"/>
    <nd ref="4430922685"/>
    <nd ref="4430922684"/>
    <nd ref="4430922682"/>
    <tag k="highway" v="unclassified"/>
    <tag k="name" v="大進十路"/>
  </way>
  <way id="445710872">
    <nd ref="4430922840"/>
    <nd ref="4430922854"/>
    <tag k="highway" v="service"/>
  </way>
  <way id="445710873">
    <nd ref="4430922902"/>
    <nd ref="7918338513"/>
    <nd ref="7158928695"/>
    <nd ref="7158928696"/>
    <nd ref="7158928697"/>
    <nd ref="7158928698"/>
    <nd ref="7158928699"/>
    <nd ref="7158928700"/>
    <nd ref="7158928702"/>
    <nd ref="7158928701"/>
    <nd ref="7158928703"/>
    <nd ref="7158928704"/>
    <nd ref="7158928708"/>
    <nd ref="7158928707"/>
    <nd ref="7158928706"/>
    <nd ref="7158928705"/>
    <nd ref="4430922870"/>
    <nd ref="4430922868"/>
    <nd ref="4430922865"/>
    <nd ref="4430922861"/>
    <nd ref="4430922860"/>
    <nd ref="4430922859"/>
    <nd ref="4430922858"/>
    <nd ref="4430922856"/>
    <nd ref="4430922853"/>
    <nd ref="4430922851"/>
    <nd ref="4430922849"/>
    <nd ref="4430922847"/>
    <nd ref="4430922846"/>
    <nd ref="4430922844"/>
    <nd ref="4430922841"/>
    <nd ref="4430922836"/>
    <nd ref="4430922832"/>
    <nd ref="4430922831"/>
    <nd ref="4430922830"/>
    <nd ref="4430922828"/>
    <nd ref="4430922826"/>
    <nd ref="4430922825"/>
    <tag k="highway" v="residential"/>
    <tag k="name" v="進利一路"/>
  </way>
  <way id="445710874">
    <nd ref="4430922855"/>
    <nd ref="4430922854"/>
    <nd ref="4951830582"/>
    <nd ref="4951830968"/>
    <nd ref="4951830969"/>
    <nd ref="4430922852"/>
    <tag k="highway" v="service"/>
  </way>
  <way id="445710875">
    <nd ref="4430922727"/>
    <nd ref="4430922703"/>
    <nd ref="3210375802"/>
    <tag k="highway" v="unclassified"/>
  </way>
  <way id="445710876">
    <nd ref="4430922842"/>
    <nd ref="4430922843"/>
    <nd ref="4951830588"/>
    <nd ref="4951830594"/>
    <nd ref="4951830592"/>
    <nd ref="4951830585"/>
    <nd ref="4430922855"/>
    <tag k="highway" v="service"/>
  </way>
  <way id="445710877">
    <nd ref="4430922842"/>
    <nd ref="4430922840"/>
    <nd ref="4430922838"/>
    <nd ref="4951830582"/>
    <tag k="highway" v="service"/>
  </way>
  <way id="445710879">
    <nd ref="4430922781"/>
    <nd ref="7918338521"/>
    <nd ref="4430922810"/>
    <nd ref="4430922811"/>
    <nd ref="4430922818"/>
    <tag k="highway" v="unclassified"/>
  </way>
  <way id="445710880">
    <nd ref="3210375823"/>
    <nd ref="4430922732"/>
    <nd ref="4430922726"/>
    <nd ref="4430922725"/>
    <tag k="highway" v="unclassified"/>
  </way>
  <way id="445710881">
    <nd ref="4430922728"/>
    <nd ref="4430922723"/>
    <nd ref="4430922721"/>
    <nd ref="4430922714"/>
    <nd ref="4430922712"/>
    <nd ref="4430922705"/>
    <tag k="highway" v="unclassified"/>
  </way>
  <way id="445710882">
    <nd ref="4431088314"/>
    <nd ref="4431088313"/>
    <nd ref="4431088311"/>
    <nd ref="4431088309"/>
    <nd ref="4431088303"/>
    <nd ref="10214203486"/>
    <nd ref="4431087785"/>
    <nd ref="4431087783"/>
    <nd ref="4431087781"/>
    <nd ref="4431087774"/>
    <nd ref="4431087772"/>
    <nd ref="4431087771"/>
    <nd ref="4431087773"/>
    <nd ref="4431087775"/>
    <nd ref="4431087776"/>
    <nd ref="4431087779"/>
    <nd ref="4431087778"/>
    <nd ref="4431087780"/>
    <nd ref="4431087782"/>
    <nd ref="4431087784"/>
    <nd ref="4431087786"/>
    <nd ref="4430922908"/>
    <nd ref="4430922909"/>
    <nd ref="4430922910"/>
    <nd ref="4430922911"/>
    <nd ref="4430922912"/>
    <nd ref="4430922913"/>
    <tag k="highway" v="residential"/>
    <tag k="name" v="進偉二路"/>
  </way>
  <way id="445710883">
    <nd ref="3210375818"/>
    <nd ref="4430922711"/>
    <nd ref="4430922709"/>
    <nd ref="4430922707"/>
    <nd ref="4430922704"/>
    <nd ref="4430922702"/>
    <nd ref="4430922699"/>
    <nd ref="4430922696"/>
    <tag k="highway" v="unclassified"/>
    <tag k="name" v="小埤五路59巷"/>
  </way>
  <way id="445710884">
    <nd ref="4430922754"/>
    <nd ref="4430922755"/>
    <nd ref="4430922753"/>
    <nd ref="4430922749"/>
    <nd ref="4430922748"/>
    <nd ref="4430922750"/>
    <nd ref="4430922752"/>
    <tag k="highway" v="unclassified"/>
  </way>
  <way id="445710885">
    <nd ref="4430922789"/>
    <nd ref="4430922782"/>
    <nd ref="4430922778"/>
    <nd ref="4430922777"/>
    <nd ref="4430922779"/>
    <nd ref="4430922784"/>
    <nd ref="4430922785"/>
    <nd ref="10293026617"/>
    <nd ref="10293026616"/>
    <tag k="highway" v="unclassified"/>
    <tag k="name" v="大進路321巷"/>
  </way>
  <way id="445710886">
    <nd ref="2938325121"/>
    <nd ref="4430922814"/>
    <nd ref="4430922808"/>
    <nd ref="4430922803"/>
    <nd ref="4430922793"/>
    <nd ref="10293026616"/>
    <nd ref="4430922788"/>
    <nd ref="4430922774"/>
    <nd ref="4430922766"/>
    <nd ref="3210375864"/>
    <tag k="highway" v="unclassified"/>
    <tag k="name" v="小埤三路197巷"/>
  </way>
  <way id="445710887">
    <nd ref="4430922811"/>
    <nd ref="4430922809"/>
    <nd ref="4430922802"/>
    <nd ref="4430922798"/>
    <nd ref="4430922797"/>
    <nd ref="4430922799"/>
    <nd ref="4430922801"/>
    <nd ref="4430922805"/>
    <nd ref="4430922806"/>
    <tag k="highway" v="unclassified"/>
  </way>
  <way id="445710888">
    <nd ref="4430922863"/>
    <nd ref="4430922864"/>
    <nd ref="12630500271"/>
    <nd ref="4430922866"/>
    <nd ref="4430922869"/>
    <nd ref="4430922873"/>
    <nd ref="4430922876"/>
    <nd ref="4430922875"/>
    <nd ref="4430922872"/>
    <nd ref="4430922870"/>
    <tag k="highway" v="residential"/>
    <tag k="name" v="進利二路"/>
  </way>
  <way id="445712277">
    <nd ref="2946920199"/>
    <nd ref="4430931562"/>
    <nd ref="4430931561"/>
    <nd ref="4430931559"/>
    <nd ref="4430931556"/>
    <nd ref="4430931554"/>
    <nd ref="4430931555"/>
    <nd ref="4430931565"/>
    <nd ref="4430931566"/>
    <nd ref="4430931571"/>
    <nd ref="10080041760"/>
    <nd ref="10080041759"/>
    <nd ref="10080041758"/>
    <nd ref="10080041757"/>
    <nd ref="10080041756"/>
    <nd ref="10080041755"/>
    <nd ref="10080041754"/>
    <nd ref="10080041751"/>
    <nd ref="10080041753"/>
    <nd ref="10080041752"/>
    <tag k="highway" v="unclassified"/>
  </way>
  <way id="445712278">
    <nd ref="4430931530"/>
    <nd ref="4430931519"/>
    <tag k="bridge" v="yes"/>
    <tag k="highway" v="unclassified"/>
    <tag k="layer" v="1"/>
  </way>
  <way id="445712279">
    <nd ref="4430931551"/>
    <nd ref="4430931572"/>
    <tag k="highway" v="service"/>
  </way>
  <way id="445712280">
    <nd ref="4430931276"/>
    <nd ref="4430931281"/>
    <nd ref="4430931285"/>
    <nd ref="4430931287"/>
    <nd ref="4430931489"/>
    <nd ref="4430931492"/>
    <nd ref="4430931494"/>
    <nd ref="4430931495"/>
    <nd ref="4430931504"/>
    <nd ref="4430931505"/>
    <nd ref="4430931509"/>
    <nd ref="4430931507"/>
    <nd ref="4430931502"/>
    <nd ref="4430931499"/>
    <nd ref="4430931503"/>
    <nd ref="4430931506"/>
    <nd ref="4430931517"/>
    <nd ref="4430931520"/>
    <nd ref="4430931528"/>
    <nd ref="4430931529"/>
    <nd ref="4430931527"/>
    <nd ref="4430931522"/>
    <nd ref="4430931516"/>
    <nd ref="3210375939"/>
    <tag k="highway" v="service"/>
  </way>
  <way id="445712281">
    <nd ref="4430931490"/>
    <nd ref="4430931491"/>
    <nd ref="4430931288"/>
    <nd ref="4430931286"/>
    <nd ref="4430931283"/>
    <nd ref="4430931282"/>
    <nd ref="4430931278"/>
    <nd ref="4430931277"/>
    <nd ref="4430931279"/>
    <nd ref="4430931280"/>
    <nd ref="4430931284"/>
    <nd ref="4430931493"/>
    <nd ref="4430931496"/>
    <nd ref="4430931498"/>
    <nd ref="4430931501"/>
    <nd ref="4430931508"/>
    <nd ref="4430931512"/>
    <nd ref="4430931513"/>
    <nd ref="4430931521"/>
    <nd ref="4430931523"/>
    <nd ref="4430931531"/>
    <nd ref="4430931534"/>
    <nd ref="4430931535"/>
    <nd ref="4430931536"/>
    <nd ref="4430931537"/>
    <nd ref="4430931538"/>
    <nd ref="4430931539"/>
    <tag k="highway" v="service"/>
  </way>
  <way id="445712282">
    <nd ref="4430931573"/>
    <nd ref="4430931567"/>
    <nd ref="4430931563"/>
    <nd ref="4430931548"/>
    <tag k="highway" v="service"/>
  </way>
  <way id="445712283">
    <nd ref="4430931519"/>
    <nd ref="4430931514"/>
    <nd ref="3210375943"/>
    <nd ref="3210375938"/>
    <nd ref="3210375940"/>
    <tag k="highway" v="unclassified"/>
  </way>
  <way id="445712284">
    <nd ref="4430931568"/>
    <nd ref="4430931564"/>
    <nd ref="4430931558"/>
    <nd ref="4430931552"/>
    <nd ref="4430931549"/>
    <nd ref="4430931547"/>
    <nd ref="4430931546"/>
    <tag k="highway" v="service"/>
  </way>
  <way id="445712285">
    <nd ref="4430931515"/>
    <nd ref="4430931518"/>
    <nd ref="4430931524"/>
    <nd ref="4430931526"/>
    <nd ref="4430931532"/>
    <nd ref="4430931543"/>
    <nd ref="4430931545"/>
    <nd ref="4430931553"/>
    <tag k="highway" v="residential"/>
  </way>
  <way id="445713267">
    <nd ref="4430938312"/>
    <nd ref="3109149658"/>
    <tag k="bridge" v="yes"/>
    <tag k="highway" v="primary"/>
    <tag k="layer" v="1"/>
    <tag k="name" v="大湖橋"/>
    <tag k="ref" v="7丙"/>
    <tag k="ref:en" v="Provincial Highway 7C"/>
    <tag k="ref:zh" v="台7丙線"/>
  </way>
  <way id="445713268">
    <nd ref="2268453591"/>
    <nd ref="1690064652"/>
    <nd ref="412685444"/>
    <nd ref="2268453584"/>
    <nd ref="2268453583"/>
    <nd ref="412685443"/>
    <nd ref="2268453578"/>
    <nd ref="3109149655"/>
    <nd ref="1690085484"/>
    <nd ref="3109149651"/>
    <nd ref="4431053208"/>
    <nd ref="3109149649"/>
    <nd ref="3109149646"/>
    <nd ref="412685440"/>
    <nd ref="3109149654"/>
    <nd ref="4430938302"/>
    <nd ref="1690064634"/>
    <tag k="highway" v="primary"/>
    <tag k="name" v="三星路三段"/>
    <tag k="ref" v="7丙"/>
    <tag k="ref:en" v="Provincial Highway 7C"/>
    <tag k="ref:zh" v="台7丙線"/>
  </way>
  <way id="445713269">
    <nd ref="4430938330"/>
    <nd ref="4430938331"/>
    <tag k="bridge" v="yes"/>
    <tag k="highway" v="residential"/>
    <tag k="layer" v="1"/>
    <tag k="name" v="三星路二段298巷"/>
  </way>
  <way id="445713270">
    <nd ref="4430938331"/>
    <nd ref="4430938334"/>
    <nd ref="4430938335"/>
    <nd ref="4430938337"/>
    <tag k="highway" v="residential"/>
    <tag k="name" v="三星路二段298巷"/>
  </way>
  <way id="445713271">
    <nd ref="987441807"/>
    <nd ref="987441808"/>
    <nd ref="4430938315"/>
    <nd ref="4430938328"/>
    <nd ref="4430938330"/>
    <tag k="highway" v="residential"/>
    <tag k="name" v="三星路二段298巷"/>
  </way>
  <way id="445713272">
    <nd ref="2283511578"/>
    <nd ref="4430938366"/>
    <nd ref="4430938370"/>
    <nd ref="2283511588"/>
    <nd ref="4430938378"/>
    <nd ref="4430938381"/>
    <nd ref="4430938382"/>
    <nd ref="4430938383"/>
    <nd ref="2283511661"/>
    <nd ref="4430938386"/>
    <nd ref="4430938387"/>
    <nd ref="4430938388"/>
    <nd ref="4430938389"/>
    <nd ref="2283511695"/>
    <tag k="highway" v="residential"/>
    <tag k="name" v="林舍路"/>
  </way>
  <way id="445713273">
    <nd ref="4430938365"/>
    <nd ref="2255669611"/>
    <tag k="highway" v="service"/>
  </way>
  <way id="445713274">
    <nd ref="4430938368"/>
    <nd ref="4430938365"/>
    <tag k="bridge" v="yes"/>
    <tag k="highway" v="service"/>
    <tag k="layer" v="1"/>
    <tag k="name" v="十九結橋"/>
  </way>
  <way id="445713276">
    <nd ref="4430937279"/>
    <nd ref="4430937273"/>
    <tag k="bridge" v="yes"/>
    <tag k="highway" v="service"/>
    <tag k="layer" v="1"/>
  </way>
  <way id="445713277">
    <nd ref="4430938376"/>
    <nd ref="4430938372"/>
    <tag k="bridge" v="yes"/>
    <tag k="highway" v="service"/>
    <tag k="layer" v="1"/>
    <tag k="name" v="石頭城一號橋"/>
  </way>
  <way id="445713278">
    <nd ref="4430938307"/>
    <nd ref="3109149665"/>
    <tag k="highway" v="residential"/>
  </way>
  <way id="445713279">
    <nd ref="4430937239"/>
    <nd ref="4430937242"/>
    <tag k="bridge" v="yes"/>
    <tag k="highway" v="service"/>
    <tag k="layer" v="1"/>
  </way>
  <way id="445713280">
    <nd ref="4430938300"/>
    <nd ref="4430938307"/>
    <tag k="bridge" v="yes"/>
    <tag k="highway" v="residential"/>
    <tag k="layer" v="1"/>
  </way>
  <way id="445713282">
    <nd ref="4430938375"/>
    <nd ref="2255669631"/>
    <tag k="highway" v="service"/>
  </way>
  <way id="445713284">
    <nd ref="4430938294"/>
    <nd ref="4430938302"/>
    <tag k="highway" v="residential"/>
  </way>
  <way id="445713286">
    <nd ref="3109149659"/>
    <nd ref="4430937279"/>
    <tag k="highway" v="service"/>
    <tag k="name" v="三星路二段761巷"/>
  </way>
  <way id="445713287">
    <nd ref="4430938380"/>
    <nd ref="4430938375"/>
    <tag k="bridge" v="yes"/>
    <tag k="highway" v="service"/>
    <tag k="layer" v="1"/>
    <tag k="name" v="健義橋"/>
  </way>
  <way id="445713288">
    <nd ref="4430937287"/>
    <nd ref="4430938294"/>
    <tag k="bridge" v="yes"/>
    <tag k="highway" v="residential"/>
    <tag k="layer" v="1"/>
  </way>
  <way id="445713289">
    <nd ref="3707841925"/>
    <nd ref="3707841926"/>
    <tag k="highway" v="service"/>
    <tag k="name" v="三星路二段601巷28弄"/>
  </way>
  <way id="445713291">
    <nd ref="4430938349"/>
    <nd ref="4430938348"/>
    <nd ref="4430938347"/>
    <tag k="highway" v="service"/>
    <tag k="name" v="行健二路二段27巷"/>
  </way>
  <way id="445713293">
    <nd ref="4430938353"/>
    <nd ref="4430938354"/>
    <nd ref="4430938355"/>
    <tag k="highway" v="service"/>
  </way>
  <way id="445713297">
    <nd ref="987441810"/>
    <nd ref="4430938337"/>
    <nd ref="4430938336"/>
    <nd ref="4430938332"/>
    <tag k="highway" v="residential"/>
  </way>
  <way id="445713299">
    <nd ref="4430938335"/>
    <nd ref="4430938336"/>
    <nd ref="4430938338"/>
    <nd ref="4430938339"/>
    <nd ref="4430938346"/>
    <nd ref="4431045306"/>
    <nd ref="4431045309"/>
    <nd ref="4430959574"/>
    <tag k="highway" v="residential"/>
  </way>
  <way id="445713300">
    <nd ref="3707841727"/>
    <nd ref="4430937235"/>
    <nd ref="3707841766"/>
    <nd ref="3707841772"/>
    <nd ref="4430937239"/>
    <tag k="highway" v="service"/>
    <tag k="name" v="大坑二路"/>
  </way>
  <way id="445713303">
    <nd ref="4430937247"/>
    <nd ref="4430937248"/>
    <nd ref="4430937250"/>
    <nd ref="4430937257"/>
    <nd ref="4430937259"/>
    <nd ref="4430937284"/>
    <nd ref="4430937287"/>
    <tag k="highway" v="residential"/>
    <tag k="name" v="三星路二段811巷"/>
  </way>
  <way id="445713304">
    <nd ref="4430938379"/>
    <nd ref="4430938374"/>
    <tag k="bridge" v="yes"/>
    <tag k="highway" v="residential"/>
    <tag k="layer" v="1"/>
    <tag k="name" v="石頭城橋"/>
  </way>
  <way id="445713305">
    <nd ref="4430938374"/>
    <nd ref="2255669622"/>
    <tag k="highway" v="residential"/>
    <tag k="name" v="大義路"/>
  </way>
  <way id="445713308">
    <nd ref="4430938363"/>
    <nd ref="2279842256"/>
    <tag k="highway" v="tertiary"/>
    <tag k="name" v="健富路一段"/>
    <tag k="ref" v="宜47"/>
    <tag k="ref:en" v="IL47"/>
    <tag k="ref:zh" v="宜47"/>
  </way>
  <way id="445713309">
    <nd ref="4430938360"/>
    <nd ref="4430938363"/>
    <tag k="bridge" v="yes"/>
    <tag k="highway" v="tertiary"/>
    <tag k="layer" v="1"/>
    <tag k="name" v="健富橋"/>
    <tag k="ref" v="宜47"/>
    <tag k="ref:en" v="IL47"/>
    <tag k="ref:zh" v="宜47"/>
  </way>
  <way id="445713311">
    <nd ref="4247037992"/>
    <nd ref="1690064822"/>
    <tag k="highway" v="tertiary"/>
    <tag k="name" v="健富路一段"/>
    <tag k="ref" v="宜47"/>
    <tag k="ref:en" v="IL47"/>
    <tag k="ref:zh" v="宜47"/>
  </way>
  <way id="445713312">
    <nd ref="4430938345"/>
    <nd ref="987441810"/>
    <tag k="bridge" v="yes"/>
    <tag k="highway" v="residential"/>
    <tag k="layer" v="1"/>
    <tag k="name" v="行健橋"/>
  </way>
  <way id="445713417">
    <nd ref="3063279034"/>
    <nd ref="4430939272"/>
    <tag k="bridge" v="yes"/>
    <tag k="highway" v="residential"/>
    <tag k="layer" v="1"/>
  </way>
  <way id="445713424">
    <nd ref="3063279059"/>
    <nd ref="3707842562"/>
    <nd ref="3063279048"/>
    <nd ref="10293650008"/>
    <nd ref="3707842403"/>
    <nd ref="10293649988"/>
    <nd ref="3707842390"/>
    <nd ref="10293650007"/>
    <nd ref="3707842358"/>
    <nd ref="3063279034"/>
    <tag k="highway" v="residential"/>
    <tag k="name" v="雙和一路"/>
  </way>
  <way id="445714857">
    <nd ref="2083249554"/>
    <nd ref="2938323693"/>
    <tag k="bridge" v="yes"/>
    <tag k="highway" v="tertiary"/>
    <tag k="layer" v="1"/>
    <tag k="name" v="大進路"/>
    <tag k="name:en" v="Dajin Road"/>
    <tag k="name:zh" v="大進路"/>
    <tag k="ref" v="宜33"/>
    <tag k="ref:en" v="IL33"/>
    <tag k="ref:zh" v="宜33"/>
  </way>
  <way id="445714858">
    <nd ref="4430954381"/>
    <nd ref="4430954379"/>
    <tag k="bridge" v="yes"/>
    <tag k="highway" v="tertiary"/>
    <tag k="layer" v="1"/>
    <tag k="name" v="大進路"/>
    <tag k="name:en" v="Dajin Road"/>
    <tag k="name:zh" v="大進路"/>
    <tag k="ref" v="宜33"/>
    <tag k="ref:en" v="IL33"/>
    <tag k="ref:zh" v="宜33"/>
  </way>
  <way id="445714859">
    <nd ref="2938325126"/>
    <nd ref="994345670"/>
    <nd ref="3210376009"/>
    <nd ref="2938325125"/>
    <nd ref="2938325124"/>
    <nd ref="994345668"/>
    <nd ref="994345667"/>
    <nd ref="994345665"/>
    <nd ref="2938325123"/>
    <nd ref="2938325122"/>
    <nd ref="4430922821"/>
    <nd ref="2938325121"/>
    <nd ref="4430922807"/>
    <nd ref="4430922791"/>
    <nd ref="4430922789"/>
    <nd ref="2938325117"/>
    <nd ref="4430922765"/>
    <nd ref="2938325116"/>
    <nd ref="994345664"/>
    <nd ref="2938325115"/>
    <nd ref="3125135177"/>
    <nd ref="3125135182"/>
    <nd ref="994345663"/>
    <nd ref="2938325112"/>
    <nd ref="3210375815"/>
    <nd ref="10572077814"/>
    <nd ref="4430922682"/>
    <nd ref="2083234460"/>
    <nd ref="2083234321"/>
    <nd ref="2083234527"/>
    <nd ref="2938325107"/>
    <nd ref="2938325106"/>
    <nd ref="2938325105"/>
    <nd ref="2938325104"/>
    <nd ref="2083234255"/>
    <nd ref="2938325103"/>
    <nd ref="2938325102"/>
    <nd ref="2083234329"/>
    <nd ref="2083234305"/>
    <nd ref="7095452089"/>
    <nd ref="4430954381"/>
    <tag k="highway" v="tertiary"/>
    <tag k="name" v="大進路"/>
    <tag k="name:en" v="Dajin Road"/>
    <tag k="name:zh" v="大進路"/>
    <tag k="oneway" v="no"/>
    <tag k="ref" v="宜33"/>
    <tag k="ref:en" v="IL33"/>
    <tag k="ref:zh" v="宜33"/>
  </way>
  <way id="445714860">
    <nd ref="2938323676"/>
    <nd ref="2938323675"/>
    <nd ref="2938323674"/>
    <nd ref="2938323673"/>
    <nd ref="2938323672"/>
    <nd ref="2938323671"/>
    <nd ref="2938323670"/>
    <nd ref="5474479764"/>
    <nd ref="2938323669"/>
    <nd ref="2938323668"/>
    <nd ref="2938323667"/>
    <nd ref="2938323666"/>
    <nd ref="2938323665"/>
    <nd ref="2938323664"/>
    <nd ref="2938323663"/>
    <nd ref="2938323662"/>
    <nd ref="2938323661"/>
    <nd ref="2938323660"/>
    <nd ref="2938323659"/>
    <nd ref="2938323658"/>
    <nd ref="2938323657"/>
    <nd ref="2938323656"/>
    <nd ref="2938323655"/>
    <nd ref="2938323654"/>
    <nd ref="2938323653"/>
    <nd ref="2938323652"/>
    <nd ref="2938323651"/>
    <nd ref="2938323650"/>
    <nd ref="2938323649"/>
    <nd ref="4443557587"/>
    <nd ref="2938323648"/>
    <nd ref="2938323647"/>
    <nd ref="2938323646"/>
    <nd ref="2938323645"/>
    <nd ref="2938323644"/>
    <nd ref="2938323643"/>
    <nd ref="2938323642"/>
    <nd ref="2938323641"/>
    <nd ref="2938323640"/>
    <nd ref="2938323639"/>
    <nd ref="2938323638"/>
    <nd ref="2938323637"/>
    <nd ref="2938323636"/>
    <nd ref="4443557586"/>
    <nd ref="9620098528"/>
    <tag k="highway" v="tertiary"/>
    <tag k="name" v="古魯巷"/>
    <tag k="name:zh" v="古魯巷"/>
    <tag k="ref" v="宜33"/>
    <tag k="ref:en" v="IL33"/>
    <tag k="ref:zh" v="宜33"/>
  </way>
  <way id="445714861">
    <nd ref="4430953987"/>
    <nd ref="4430954292"/>
    <nd ref="4443533239"/>
    <tag k="highway" v="service"/>
  </way>
  <way id="445714862">
    <nd ref="4430954302"/>
    <nd ref="4430954301"/>
    <tag k="highway" v="service"/>
  </way>
  <way id="445714863">
    <nd ref="4430954291"/>
    <nd ref="4430953987"/>
    <nd ref="4443533236"/>
    <nd ref="4430953986"/>
    <nd ref="4443533235"/>
    <nd ref="4443533234"/>
    <nd ref="4443533233"/>
    <nd ref="4443533232"/>
    <nd ref="4443533231"/>
    <nd ref="4443533230"/>
    <nd ref="4443533229"/>
    <nd ref="4443533228"/>
    <nd ref="4443533227"/>
    <nd ref="4443533226"/>
    <nd ref="4443533225"/>
    <nd ref="4443533224"/>
    <nd ref="4443533223"/>
    <nd ref="4443533222"/>
    <tag k="highway" v="service"/>
  </way>
  <way id="445714864">
    <nd ref="4443526425"/>
    <nd ref="4443526424"/>
    <nd ref="4443526423"/>
    <nd ref="4430954377"/>
    <nd ref="4430954369"/>
    <nd ref="4430954364"/>
    <nd ref="4430954362"/>
    <nd ref="10197336933"/>
    <nd ref="10197336932"/>
    <nd ref="10197336931"/>
    <nd ref="10197336925"/>
    <nd ref="10197336930"/>
    <nd ref="10197336929"/>
    <nd ref="10197336928"/>
    <nd ref="10197336927"/>
    <nd ref="10197336926"/>
    <tag k="highway" v="service"/>
  </way>
  <way id="445714865">
    <nd ref="4430954391"/>
    <nd ref="4430954390"/>
    <nd ref="4430965119"/>
    <nd ref="4430954389"/>
    <nd ref="10254974921"/>
    <nd ref="10254974920"/>
    <nd ref="10254974919"/>
    <tag k="highway" v="residential"/>
  </way>
  <way id="445714866">
    <nd ref="4430954359"/>
    <nd ref="4430954355"/>
    <nd ref="4430954352"/>
    <nd ref="4430954347"/>
    <nd ref="4430954343"/>
    <nd ref="4430954340"/>
    <nd ref="4430954333"/>
    <tag k="highway" v="service"/>
  </way>
  <way id="445714867">
    <nd ref="4430954296"/>
    <nd ref="4430954297"/>
    <nd ref="4430954300"/>
    <nd ref="4430954299"/>
    <nd ref="4430954298"/>
    <nd ref="4430954295"/>
    <nd ref="4430954294"/>
    <tag k="highway" v="service"/>
  </way>
  <way id="445715044">
    <nd ref="6170374205"/>
    <nd ref="6170374204"/>
    <nd ref="6170374203"/>
    <nd ref="6170374202"/>
    <nd ref="6170374201"/>
    <nd ref="6170374200"/>
    <nd ref="6170374199"/>
    <nd ref="6170374198"/>
    <nd ref="6170374197"/>
    <nd ref="6170374196"/>
    <nd ref="6170374195"/>
    <nd ref="6170374194"/>
    <nd ref="6170374193"/>
    <nd ref="6170374192"/>
    <nd ref="6170374191"/>
    <nd ref="6170374190"/>
    <nd ref="6170374189"/>
    <nd ref="6170374188"/>
    <nd ref="6170374187"/>
    <nd ref="6170374186"/>
    <nd ref="6170374185"/>
    <nd ref="6170374084"/>
    <nd ref="6170374083"/>
    <nd ref="6170374082"/>
    <nd ref="6170374081"/>
    <nd ref="6170374080"/>
    <nd ref="6170374079"/>
    <nd ref="6170374078"/>
    <nd ref="4430955689"/>
    <nd ref="12746540330"/>
    <nd ref="4430955690"/>
    <nd ref="4430955693"/>
    <nd ref="4430955694"/>
    <nd ref="4430955695"/>
    <nd ref="4430955696"/>
    <nd ref="4430955699"/>
    <nd ref="4430955700"/>
    <nd ref="4430955701"/>
    <nd ref="4430955702"/>
    <nd ref="6170374076"/>
    <nd ref="6170374077"/>
    <nd ref="4430955705"/>
    <nd ref="4430955709"/>
    <nd ref="4430955710"/>
    <nd ref="4430955718"/>
    <nd ref="4430955720"/>
    <nd ref="4430955722"/>
    <tag k="highway" v="service"/>
    <tag k="name" v="大坑六路"/>
  </way>
  <way id="445715045">
    <nd ref="4430955893"/>
    <nd ref="4430955890"/>
    <nd ref="4430955891"/>
    <nd ref="4430955889"/>
    <nd ref="4430955785"/>
    <nd ref="4430955771"/>
    <nd ref="4430955769"/>
    <nd ref="4430955768"/>
    <nd ref="4430955770"/>
    <nd ref="4430955773"/>
    <nd ref="4430955778"/>
    <nd ref="4430955783"/>
    <nd ref="4430955786"/>
    <nd ref="4430955892"/>
    <nd ref="4430955894"/>
    <nd ref="6170374222"/>
    <nd ref="4430955893"/>
    <tag k="highway" v="service"/>
  </way>
  <way id="445715046">
    <nd ref="4430955727"/>
    <nd ref="4430955726"/>
    <tag k="bridge" v="yes"/>
    <tag k="highway" v="service"/>
    <tag k="layer" v="1"/>
  </way>
  <way id="445715047">
    <nd ref="2268453578"/>
    <nd ref="4430955904"/>
    <nd ref="4430955899"/>
    <tag k="highway" v="service"/>
  </way>
  <way id="445715048">
    <nd ref="4430955753"/>
    <nd ref="4430955752"/>
    <tag k="bridge" v="yes"/>
    <tag k="highway" v="service"/>
    <tag k="layer" v="1"/>
  </way>
  <way id="445715049">
    <nd ref="4430955726"/>
    <nd ref="6170374073"/>
    <nd ref="3707841589"/>
    <nd ref="3707841579"/>
    <tag k="highway" v="service"/>
  </way>
  <way id="445715050">
    <nd ref="3707841923"/>
    <nd ref="3707841954"/>
    <nd ref="3707841946"/>
    <nd ref="3707841933"/>
    <tag k="highway" v="service"/>
    <tag k="name" v="大湖二路"/>
  </way>
  <way id="445715051">
    <nd ref="4430955906"/>
    <nd ref="4430955904"/>
    <nd ref="4430955901"/>
    <nd ref="4430955903"/>
    <nd ref="4430955905"/>
    <tag k="highway" v="service"/>
    <tag k="name" v="拱照九路"/>
  </way>
  <way id="445715052">
    <nd ref="4430955752"/>
    <nd ref="6170374074"/>
    <nd ref="3707841656"/>
    <nd ref="3707841631"/>
    <nd ref="4430955731"/>
    <nd ref="4430955733"/>
    <nd ref="4430971546"/>
    <tag k="highway" v="service"/>
  </way>
  <way id="445715053">
    <nd ref="4430955778"/>
    <nd ref="4430955779"/>
    <nd ref="4430955780"/>
    <nd ref="4430955781"/>
    <nd ref="4430955782"/>
    <nd ref="4430955784"/>
    <nd ref="4430955783"/>
    <tag k="highway" v="service"/>
  </way>
  <way id="445715054">
    <nd ref="4430955890"/>
    <nd ref="4430955897"/>
    <nd ref="4430955900"/>
    <nd ref="4430955899"/>
    <nd ref="4430955898"/>
    <nd ref="4430955896"/>
    <nd ref="4430955893"/>
    <tag k="highway" v="service"/>
  </way>
  <way id="445716001">
    <nd ref="4430959536"/>
    <nd ref="4430959541"/>
    <tag k="highway" v="service"/>
    <tag k="name" v="三星路二段99巷31弄"/>
  </way>
  <way id="445716002">
    <nd ref="4430959537"/>
    <nd ref="4430959554"/>
    <tag k="highway" v="service"/>
  </way>
  <way id="445716003">
    <nd ref="3707842125"/>
    <nd ref="11158458213"/>
    <nd ref="3707842140"/>
    <tag k="highway" v="service"/>
    <tag k="name" v="三星路二段99巷17弄"/>
  </way>
  <way id="445716004">
    <nd ref="4430959531"/>
    <nd ref="7701090400"/>
    <nd ref="7701090398"/>
    <nd ref="11158458216"/>
    <nd ref="4430959541"/>
    <nd ref="4430959550"/>
    <tag k="highway" v="service"/>
    <tag k="name" v="大埔中路265巷62弄"/>
  </way>
  <way id="445716005">
    <nd ref="4430959550"/>
    <nd ref="4430959553"/>
    <nd ref="3707842133"/>
    <tag k="highway" v="service"/>
  </way>
  <way id="445716006">
    <nd ref="4430959553"/>
    <nd ref="3707842140"/>
    <nd ref="3707842152"/>
    <nd ref="4430959561"/>
    <tag k="highway" v="service"/>
    <tag k="name" v="大埔中路233巷51弄"/>
  </way>
  <way id="445716574">
    <nd ref="4430971546"/>
    <nd ref="3707841642"/>
    <tag k="bridge" v="yes"/>
    <tag k="highway" v="service"/>
    <tag k="layer" v="1"/>
    <tag k="name" v="大坑三號橋"/>
  </way>
  <way id="445716575">
    <nd ref="3707841642"/>
    <nd ref="4430971548"/>
    <nd ref="4430971550"/>
    <tag k="highway" v="service"/>
  </way>
  <way id="445716618">
    <nd ref="4430972110"/>
    <nd ref="4430972111"/>
    <nd ref="4430972113"/>
    <nd ref="4430972115"/>
    <nd ref="9500049833"/>
    <nd ref="4430972109"/>
    <nd ref="2268453661"/>
    <tag k="highway" v="service"/>
    <tag k="name" v="中山路二段145巷"/>
  </way>
  <way id="445716619">
    <nd ref="4430972088"/>
    <nd ref="4430972096"/>
    <nd ref="4430972104"/>
    <nd ref="9500926512"/>
    <nd ref="9500652096"/>
    <nd ref="4430972099"/>
    <nd ref="9500652095"/>
    <nd ref="9500652094"/>
    <nd ref="4430972097"/>
    <nd ref="4430972103"/>
    <nd ref="4430972092"/>
    <tag k="highway" v="unclassified"/>
    <tag k="name" v="中山路二段121巷"/>
  </way>
  <way id="445716620">
    <nd ref="4430972080"/>
    <nd ref="10158378366"/>
    <nd ref="4430972079"/>
    <tag k="bridge" v="yes"/>
    <tag k="highway" v="unclassified"/>
    <tag k="layer" v="1"/>
    <tag k="name" v="雙和中路"/>
    <tag k="oneway" v="no"/>
  </way>
  <way id="445716622">
    <nd ref="4430972134"/>
    <nd ref="4430972135"/>
    <tag k="bridge" v="yes"/>
    <tag k="highway" v="service"/>
    <tag k="layer" v="1"/>
  </way>
  <way id="445716623">
    <nd ref="4430972138"/>
    <nd ref="4430972139"/>
    <tag k="highway" v="service"/>
  </way>
  <way id="445716624">
    <nd ref="4430972082"/>
    <nd ref="4430972085"/>
    <tag k="highway" v="service"/>
  </way>
  <way id="445716626">
    <nd ref="3707842297"/>
    <nd ref="3707842296"/>
    <nd ref="4430972134"/>
    <tag k="highway" v="service"/>
  </way>
  <way id="445716627">
    <nd ref="4430972146"/>
    <nd ref="4430972145"/>
    <nd ref="4430972142"/>
    <nd ref="4430972143"/>
    <tag k="highway" v="service"/>
  </way>
  <way id="445716628">
    <nd ref="4430972071"/>
    <nd ref="4430972072"/>
    <nd ref="4430972073"/>
    <nd ref="4430972074"/>
    <nd ref="4430972077"/>
    <tag k="highway" v="service"/>
  </way>
  <way id="445716629">
    <nd ref="4430972091"/>
    <nd ref="4430972090"/>
    <nd ref="4430972094"/>
    <nd ref="9500942519"/>
    <nd ref="4430972098"/>
    <nd ref="4430972107"/>
    <tag k="highway" v="service"/>
  </way>
  <way id="445716632">
    <nd ref="4430972148"/>
    <nd ref="4430972149"/>
    <nd ref="4430972150"/>
    <nd ref="4430972151"/>
    <nd ref="4430972152"/>
    <nd ref="4430972153"/>
    <nd ref="4430972156"/>
    <tag k="highway" v="service"/>
  </way>
  <way id="445716633">
    <nd ref="3707842013"/>
    <nd ref="3707842010"/>
    <tag k="highway" v="unclassified"/>
    <tag k="name" v="雙和中路"/>
    <tag k="oneway" v="no"/>
  </way>
  <way id="445716634">
    <nd ref="4430972125"/>
    <nd ref="4430972121"/>
    <nd ref="4430972119"/>
    <nd ref="4430972118"/>
    <nd ref="4430972120"/>
    <nd ref="4430972122"/>
    <nd ref="4430972124"/>
    <nd ref="4430972123"/>
    <nd ref="3707842251"/>
    <tag k="highway" v="service"/>
  </way>
  <way id="445717557">
    <nd ref="4430978441"/>
    <nd ref="4430978443"/>
    <tag k="bridge" v="yes"/>
    <tag k="highway" v="tertiary"/>
    <tag k="layer" v="1"/>
    <tag k="name" v="義隱橋"/>
  </way>
  <way id="445717559">
    <nd ref="4430978445"/>
    <nd ref="4430978447"/>
    <tag k="bridge" v="yes"/>
    <tag k="highway" v="residential"/>
    <tag k="layer" v="1"/>
  </way>
  <way id="445717560">
    <nd ref="4430978447"/>
    <nd ref="4430978448"/>
    <tag k="highway" v="residential"/>
  </way>
  <way id="445717561">
    <nd ref="2283511641"/>
    <nd ref="4430978445"/>
    <tag k="highway" v="residential"/>
  </way>
  <way id="445717565">
    <nd ref="987453399"/>
    <nd ref="2255669629"/>
    <nd ref="994318803"/>
    <nd ref="4430978438"/>
    <nd ref="1690065126"/>
    <nd ref="2255669648"/>
    <nd ref="4430978441"/>
    <tag k="highway" v="tertiary"/>
    <tag k="name" v="尚健一路一段"/>
  </way>
  <way id="445717566">
    <nd ref="2283511700"/>
    <nd ref="2283511699"/>
    <nd ref="2283511693"/>
    <nd ref="987453371"/>
    <nd ref="2283511680"/>
    <nd ref="987453372"/>
    <nd ref="2283511678"/>
    <nd ref="2283511669"/>
    <nd ref="987453373"/>
    <nd ref="987453382"/>
    <nd ref="987453384"/>
    <nd ref="4430978446"/>
    <tag k="highway" v="residential"/>
    <tag k="name" v="安農北路三段"/>
  </way>
  <way id="445717567">
    <nd ref="4430978446"/>
    <nd ref="987453385"/>
    <tag k="bridge" v="yes"/>
    <tag k="highway" v="residential"/>
    <tag k="layer" v="1"/>
    <tag k="name" v="農行橋"/>
  </way>
  <way id="445720915">
    <nd ref="2268453570"/>
    <nd ref="4430999375"/>
    <tag k="highway" v="residential"/>
    <tag k="name" v="三星路四段470巷"/>
  </way>
  <way id="445720917">
    <nd ref="4430999385"/>
    <nd ref="2268453661"/>
    <tag k="highway" v="service"/>
  </way>
  <way id="445720920">
    <nd ref="4431000796"/>
    <nd ref="4431000801"/>
    <nd ref="4431000804"/>
    <tag k="highway" v="service"/>
  </way>
  <way id="445720921">
    <nd ref="2268453677"/>
    <nd ref="9500049824"/>
    <nd ref="4430999388"/>
    <nd ref="4431000789"/>
    <nd ref="2268453747"/>
    <tag k="highway" v="service"/>
  </way>
  <way id="445720922">
    <nd ref="4431000805"/>
    <nd ref="4431000799"/>
    <nd ref="4431000798"/>
    <nd ref="4431000797"/>
    <tag k="highway" v="service"/>
  </way>
  <way id="445721475">
    <nd ref="4431004891"/>
    <nd ref="4431004684"/>
    <nd ref="9501128198"/>
    <nd ref="4431004683"/>
    <nd ref="4431004682"/>
    <nd ref="4431004687"/>
    <nd ref="4431004686"/>
    <nd ref="4431004685"/>
    <nd ref="4431004680"/>
    <nd ref="4431004678"/>
    <nd ref="4431004679"/>
    <nd ref="4431004688"/>
    <tag k="highway" v="unclassified"/>
  </way>
  <way id="445721476">
    <nd ref="4431004894"/>
    <nd ref="4431004892"/>
    <nd ref="4431004891"/>
    <nd ref="4431004890"/>
    <nd ref="9501128199"/>
    <nd ref="4431004889"/>
    <nd ref="9501128200"/>
    <nd ref="4431004681"/>
    <nd ref="4431004677"/>
    <nd ref="4431004676"/>
    <nd ref="4431004675"/>
    <nd ref="4431004674"/>
    <nd ref="4431004673"/>
    <nd ref="4431004672"/>
    <tag k="highway" v="unclassified"/>
  </way>
  <way id="445726700">
    <nd ref="4431045290"/>
    <nd ref="4431045294"/>
    <tag k="bridge" v="yes"/>
    <tag k="highway" v="tertiary"/>
    <tag k="layer" v="1"/>
    <tag k="name" v="農義路二段"/>
    <tag k="ref" v="宜49"/>
    <tag k="ref:en" v="IL49"/>
    <tag k="ref:zh" v="宜49"/>
  </way>
  <way id="445726701">
    <nd ref="4431045294"/>
    <nd ref="11158458337"/>
    <nd ref="11158458338"/>
    <nd ref="11158458345"/>
    <nd ref="11158376069"/>
    <nd ref="2083234313"/>
    <nd ref="3707842329"/>
    <nd ref="3707842368"/>
    <nd ref="11158376070"/>
    <nd ref="994345676"/>
    <nd ref="987441796"/>
    <nd ref="994318824"/>
    <nd ref="4430978451"/>
    <tag k="highway" v="tertiary"/>
    <tag k="name" v="農義路二段"/>
    <tag k="ref" v="宜49"/>
    <tag k="ref:en" v="IL49"/>
    <tag k="ref:zh" v="宜49"/>
  </way>
  <way id="445726702">
    <nd ref="4431045308"/>
    <nd ref="4431045310"/>
    <tag k="bridge" v="yes"/>
    <tag k="highway" v="tertiary"/>
    <tag k="layer" v="1"/>
    <tag k="name" v="大埔中路"/>
  </way>
  <way id="445726703">
    <nd ref="987441786"/>
    <nd ref="4430959572"/>
    <tag k="highway" v="tertiary"/>
    <tag k="name" v="大埔中路"/>
  </way>
  <way id="445726704">
    <nd ref="987441785"/>
    <nd ref="4431045332"/>
    <tag k="highway" v="service"/>
    <tag k="name" v="大埔六路147巷"/>
  </way>
  <way id="445726705">
    <nd ref="4430959572"/>
    <nd ref="4431045292"/>
    <tag k="bridge" v="yes"/>
    <tag k="highway" v="tertiary"/>
    <tag k="layer" v="1"/>
    <tag k="name" v="大埔中路"/>
  </way>
  <way id="445726706">
    <nd ref="4431045332"/>
    <nd ref="4431045333"/>
    <nd ref="4431045335"/>
    <tag k="bridge" v="yes"/>
    <tag k="highway" v="service"/>
    <tag k="layer" v="1"/>
  </way>
  <way id="445726707">
    <nd ref="4431045292"/>
    <nd ref="987441816"/>
    <nd ref="4430959573"/>
    <nd ref="4431045307"/>
    <nd ref="4431045308"/>
    <tag k="highway" v="tertiary"/>
    <tag k="name" v="大埔中路"/>
  </way>
  <way id="445726708">
    <nd ref="4431044686"/>
    <nd ref="4431044688"/>
    <tag k="bridge" v="yes"/>
    <tag k="highway" v="residential"/>
    <tag k="layer" v="1"/>
  </way>
  <way id="445726710">
    <nd ref="4431044669"/>
    <nd ref="4431044671"/>
    <tag k="bridge" v="yes"/>
    <tag k="highway" v="residential"/>
    <tag k="layer" v="1"/>
  </way>
  <way id="445726712">
    <nd ref="412685429"/>
    <nd ref="4431044686"/>
    <tag k="highway" v="residential"/>
  </way>
  <way id="445726714">
    <nd ref="3109149687"/>
    <nd ref="4431044687"/>
    <tag k="highway" v="service"/>
  </way>
  <way id="445726717">
    <nd ref="4431045342"/>
    <nd ref="3707842420"/>
    <tag k="highway" v="residential"/>
  </way>
  <way id="445726718">
    <nd ref="4431044671"/>
    <nd ref="4430938338"/>
    <tag k="highway" v="residential"/>
  </way>
  <way id="445726719">
    <nd ref="4431044665"/>
    <nd ref="4431044664"/>
    <tag k="bridge" v="yes"/>
    <tag k="highway" v="residential"/>
    <tag k="layer" v="1"/>
  </way>
  <way id="445726722">
    <nd ref="4431044668"/>
    <nd ref="4431044669"/>
    <tag k="highway" v="residential"/>
  </way>
  <way id="445726723">
    <nd ref="4431044687"/>
    <nd ref="4431045289"/>
    <tag k="bridge" v="yes"/>
    <tag k="highway" v="service"/>
    <tag k="layer" v="1"/>
  </way>
  <way id="445726724">
    <nd ref="4431045324"/>
    <nd ref="4431045325"/>
    <tag k="bridge" v="yes"/>
    <tag k="highway" v="service"/>
    <tag k="layer" v="1"/>
    <tag k="name" v="大埔七路"/>
  </way>
  <way id="445726725">
    <nd ref="4431045293"/>
    <nd ref="4431045296"/>
    <tag k="bridge" v="yes"/>
    <tag k="highway" v="service"/>
    <tag k="layer" v="1"/>
  </way>
  <way id="445726728">
    <nd ref="4431045295"/>
    <nd ref="4431045297"/>
    <tag k="bridge" v="yes"/>
    <tag k="highway" v="service"/>
    <tag k="layer" v="1"/>
  </way>
  <way id="445726729">
    <nd ref="3707842226"/>
    <nd ref="4431045295"/>
    <tag k="highway" v="service"/>
  </way>
  <way id="445726730">
    <nd ref="4431045341"/>
    <nd ref="4431045342"/>
    <tag k="bridge" v="yes"/>
    <tag k="cycleway:lane" v="exclusive"/>
    <tag k="cycleway:left" v="lane"/>
    <tag k="highway" v="service"/>
    <tag k="layer" v="1"/>
  </way>
  <way id="445726734">
    <nd ref="4431044664"/>
    <nd ref="4431044663"/>
    <tag k="highway" v="residential"/>
  </way>
  <way id="445726735">
    <nd ref="11155410704"/>
    <nd ref="4431045419"/>
    <nd ref="4431045415"/>
    <nd ref="4431045413"/>
    <nd ref="4431045412"/>
    <nd ref="4431045411"/>
    <nd ref="4431045410"/>
    <nd ref="4431045407"/>
    <nd ref="4430959577"/>
    <nd ref="4431045400"/>
    <nd ref="4431045395"/>
    <nd ref="4431045392"/>
    <nd ref="3707842573"/>
    <nd ref="4431045390"/>
    <nd ref="4431045388"/>
    <nd ref="4431045386"/>
    <nd ref="11158458281"/>
    <nd ref="4431045383"/>
    <nd ref="4431045381"/>
    <nd ref="4431045378"/>
    <nd ref="4431045375"/>
    <nd ref="4431045374"/>
    <nd ref="4431045373"/>
    <nd ref="4431045372"/>
    <nd ref="4431045371"/>
    <nd ref="4431045369"/>
    <nd ref="4431045368"/>
    <nd ref="4431045366"/>
    <nd ref="4431045365"/>
    <nd ref="987441796"/>
    <tag k="highway" v="residential"/>
    <tag k="name" v="大隱十五路"/>
    <tag k="oneway" v="no"/>
  </way>
  <way id="445726736">
    <nd ref="4431045297"/>
    <nd ref="2083234466"/>
    <nd ref="4431045324"/>
    <tag k="highway" v="service"/>
    <tag k="name" v="大埔七路"/>
  </way>
  <way id="445726739">
    <nd ref="3707842126"/>
    <nd ref="4430959564"/>
    <nd ref="3707842222"/>
    <nd ref="4431045293"/>
    <tag k="highway" v="service"/>
    <tag k="name" v="大埔六路"/>
  </way>
  <way id="445726743">
    <nd ref="4431045307"/>
    <nd ref="4431045303"/>
    <nd ref="4431045298"/>
    <nd ref="4431044680"/>
    <nd ref="4431044670"/>
    <nd ref="4431044668"/>
    <nd ref="4431044667"/>
    <nd ref="4431044666"/>
    <nd ref="4431044665"/>
    <tag k="highway" v="residential"/>
    <tag k="name" v="大埔中路341巷"/>
  </way>
  <way id="445727462">
    <nd ref="4431053207"/>
    <nd ref="3109149651"/>
    <tag k="highway" v="service"/>
  </way>
  <way id="445727463">
    <nd ref="4431053234"/>
    <nd ref="4431053227"/>
    <tag k="highway" v="service"/>
  </way>
  <way id="445727464">
    <nd ref="3109149655"/>
    <nd ref="4431053212"/>
    <nd ref="4431053216"/>
    <nd ref="2268453595"/>
    <tag k="highway" v="service"/>
  </way>
  <way id="445727465">
    <nd ref="4431053215"/>
    <nd ref="4431053214"/>
    <nd ref="4431053213"/>
    <nd ref="4431053211"/>
    <nd ref="4431053208"/>
    <tag k="highway" v="service"/>
  </way>
  <way id="445727466">
    <nd ref="4431053224"/>
    <nd ref="9500652103"/>
    <nd ref="4431053230"/>
    <nd ref="4431053233"/>
    <nd ref="4431053231"/>
    <nd ref="4431053229"/>
    <tag k="highway" v="service"/>
  </way>
  <way id="445731174">
    <nd ref="4431088375"/>
    <nd ref="4431088376"/>
    <nd ref="4431088378"/>
    <nd ref="14174991479"/>
    <nd ref="5810251546"/>
    <nd ref="5810251526"/>
    <nd ref="4431088379"/>
    <nd ref="3707841541"/>
    <nd ref="14177536176"/>
    <nd ref="4431088381"/>
    <nd ref="3707841545"/>
    <nd ref="4431088382"/>
    <nd ref="14177536182"/>
    <nd ref="3707841549"/>
    <nd ref="4431088383"/>
    <tag k="highway" v="residential"/>
    <tag k="name" v="大隱三路"/>
  </way>
  <way id="445731175">
    <nd ref="4431088292"/>
    <nd ref="4431088293"/>
    <nd ref="4431088297"/>
    <nd ref="9064234835"/>
    <nd ref="4431088299"/>
    <nd ref="4431088301"/>
    <nd ref="4431088302"/>
    <nd ref="4431088306"/>
    <nd ref="4431088310"/>
    <nd ref="4431088317"/>
    <nd ref="4431088321"/>
    <nd ref="3707840114"/>
    <tag k="highway" v="residential"/>
  </way>
  <way id="445731176">
    <nd ref="10214203485"/>
    <nd ref="4431088329"/>
    <nd ref="4431088333"/>
    <nd ref="4431088335"/>
    <nd ref="4431088345"/>
    <tag k="highway" v="residential"/>
  </way>
  <way id="445731177">
    <nd ref="4431088363"/>
    <nd ref="4431088362"/>
    <nd ref="3707841529"/>
    <nd ref="4431088361"/>
    <nd ref="4431088359"/>
    <nd ref="4431088358"/>
    <nd ref="4431088357"/>
    <nd ref="3707841526"/>
    <nd ref="5810251521"/>
    <nd ref="4431088352"/>
    <nd ref="4431088351"/>
    <nd ref="4431088350"/>
    <nd ref="4431088348"/>
    <nd ref="4431088345"/>
    <nd ref="4431088344"/>
    <nd ref="4431088342"/>
    <nd ref="4431088341"/>
    <nd ref="4431088340"/>
    <nd ref="4431088339"/>
    <nd ref="3210376033"/>
    <tag k="highway" v="residential"/>
    <tag k="name" v="大隱二路"/>
  </way>
  <way id="445731178">
    <nd ref="4431088320"/>
    <nd ref="4431088324"/>
    <nd ref="4431088326"/>
    <nd ref="5810251518"/>
    <nd ref="4431088327"/>
    <tag k="highway" v="service"/>
  </way>
  <way id="445731180">
    <nd ref="10214203490"/>
    <nd ref="4431088337"/>
    <nd ref="4431088343"/>
    <nd ref="4431088349"/>
    <nd ref="4431088354"/>
    <nd ref="4431088360"/>
    <nd ref="4431088363"/>
    <nd ref="4431088365"/>
    <nd ref="4431088367"/>
    <nd ref="10214203494"/>
    <nd ref="10214203491"/>
    <tag k="highway" v="residential"/>
  </way>
  <way id="445731181">
    <nd ref="4431088393"/>
    <nd ref="4431088391"/>
    <nd ref="4431088384"/>
    <nd ref="4431088383"/>
    <tag k="highway" v="residential"/>
  </way>
  <way id="447173812">
    <nd ref="3210375547"/>
    <nd ref="4430954341"/>
    <nd ref="3210375581"/>
    <nd ref="4430954349"/>
    <nd ref="3210375593"/>
    <nd ref="4430954350"/>
    <nd ref="3210375596"/>
    <nd ref="4430954351"/>
    <nd ref="3210375572"/>
    <nd ref="4430954345"/>
    <nd ref="3210375549"/>
    <nd ref="3210375547"/>
    <tag k="highway" v="service"/>
  </way>
  <way id="447173813">
    <nd ref="4430954320"/>
    <nd ref="4430954319"/>
    <nd ref="5474479175"/>
    <nd ref="5474479174"/>
    <nd ref="4430954316"/>
    <nd ref="5474479172"/>
    <nd ref="4430954312"/>
    <nd ref="3210375427"/>
    <nd ref="4430954305"/>
    <nd ref="3210375428"/>
    <nd ref="5474479165"/>
    <nd ref="3210375429"/>
    <nd ref="4430954307"/>
    <nd ref="3210375430"/>
    <tag k="highway" v="unclassified"/>
  </way>
  <way id="447173814">
    <nd ref="2083249669"/>
    <nd ref="3210375436"/>
    <tag k="highway" v="unclassified"/>
  </way>
  <way id="447173815">
    <nd ref="3210375940"/>
    <nd ref="3210375929"/>
    <nd ref="3210375928"/>
    <nd ref="3210375926"/>
    <nd ref="3210375924"/>
    <nd ref="4430931274"/>
    <nd ref="3210375904"/>
    <nd ref="4430931272"/>
    <nd ref="4430931271"/>
    <nd ref="3210375897"/>
    <nd ref="4430931267"/>
    <nd ref="3210375886"/>
    <nd ref="3210375883"/>
    <nd ref="3210375885"/>
    <nd ref="4430931266"/>
    <nd ref="3210375881"/>
    <nd ref="4430931265"/>
    <nd ref="3210375876"/>
    <nd ref="3210375874"/>
    <nd ref="4430931264"/>
    <nd ref="3210375871"/>
    <nd ref="3210375869"/>
    <nd ref="3210375867"/>
    <nd ref="4430931263"/>
    <nd ref="3210375862"/>
    <nd ref="4430931262"/>
    <nd ref="3210375858"/>
    <nd ref="4430931261"/>
    <nd ref="3210375850"/>
    <nd ref="3210375845"/>
    <nd ref="3210375842"/>
    <nd ref="4430931260"/>
    <nd ref="3210375838"/>
    <nd ref="4430931259"/>
    <nd ref="3210375832"/>
    <nd ref="3210375820"/>
    <nd ref="4430931257"/>
    <nd ref="3210375805"/>
    <nd ref="4430931256"/>
    <nd ref="3210375801"/>
    <nd ref="3210375795"/>
    <nd ref="4430931255"/>
    <nd ref="3210375788"/>
    <nd ref="3210375785"/>
    <nd ref="4430931254"/>
    <nd ref="3210375783"/>
    <nd ref="3210375780"/>
    <nd ref="4430931253"/>
    <nd ref="3210375773"/>
    <nd ref="3210375770"/>
    <nd ref="3210375769"/>
    <nd ref="4430931252"/>
    <nd ref="3210375766"/>
    <nd ref="3210375764"/>
    <nd ref="3210375762"/>
    <nd ref="4430931250"/>
    <nd ref="3210375761"/>
    <nd ref="4430954394"/>
    <tag k="highway" v="unclassified"/>
  </way>
  <way id="447173816">
    <nd ref="3210375436"/>
    <nd ref="3210375439"/>
    <nd ref="4430954311"/>
    <nd ref="4430954313"/>
    <nd ref="4430954314"/>
    <nd ref="4430954318"/>
    <nd ref="4430954321"/>
    <nd ref="4430954322"/>
    <nd ref="4430954320"/>
    <tag k="highway" v="track"/>
  </way>
  <way id="447174361">
    <nd ref="4430954394"/>
    <nd ref="4430954393"/>
    <nd ref="4430954392"/>
    <nd ref="3210375731"/>
    <nd ref="3210375724"/>
    <nd ref="4430954384"/>
    <nd ref="4430954383"/>
    <nd ref="3210375719"/>
    <nd ref="3210375720"/>
    <nd ref="3210375727"/>
    <nd ref="4430954385"/>
    <nd ref="3210375728"/>
    <nd ref="4430954386"/>
    <nd ref="3210375725"/>
    <nd ref="3210375721"/>
    <nd ref="4430954382"/>
    <nd ref="3210375716"/>
    <nd ref="3210375711"/>
    <nd ref="4430954380"/>
    <nd ref="3210375707"/>
    <nd ref="3210375704"/>
    <nd ref="4443531016"/>
    <nd ref="3210375685"/>
    <nd ref="4430954373"/>
    <nd ref="4430954372"/>
    <nd ref="3210375677"/>
    <nd ref="3210375681"/>
    <nd ref="3210375689"/>
    <nd ref="3210375690"/>
    <nd ref="4430954378"/>
    <nd ref="4430954376"/>
    <nd ref="3210375673"/>
    <nd ref="4430954368"/>
    <nd ref="3210375668"/>
    <nd ref="4430954367"/>
    <nd ref="4430954366"/>
    <nd ref="3210375669"/>
    <nd ref="4430954363"/>
    <nd ref="4430954361"/>
    <nd ref="3210375642"/>
    <nd ref="3210375637"/>
    <nd ref="3210375643"/>
    <nd ref="4443531015"/>
    <nd ref="3210375651"/>
    <nd ref="3210375676"/>
    <nd ref="3210375679"/>
    <nd ref="4430954371"/>
    <nd ref="4430954374"/>
    <nd ref="3210375686"/>
    <nd ref="4430954375"/>
    <nd ref="3210375682"/>
    <nd ref="4430954370"/>
    <nd ref="3210375675"/>
    <nd ref="3210375665"/>
    <nd ref="4430954365"/>
    <nd ref="3210375655"/>
    <nd ref="3210375650"/>
    <nd ref="4443531014"/>
    <nd ref="3210375627"/>
    <nd ref="4430954360"/>
    <nd ref="3210375621"/>
    <nd ref="3210375617"/>
    <nd ref="4430954357"/>
    <nd ref="3210375602"/>
    <nd ref="4430954353"/>
    <nd ref="3210375600"/>
    <nd ref="3210375585"/>
    <nd ref="4430954348"/>
    <nd ref="3210375580"/>
    <nd ref="3210375571"/>
    <nd ref="4430954344"/>
    <nd ref="3210375565"/>
    <nd ref="3210375554"/>
    <nd ref="3210375539"/>
    <nd ref="3210375534"/>
    <nd ref="4430954332"/>
    <nd ref="3210375529"/>
    <nd ref="3210375530"/>
    <nd ref="4430954338"/>
    <nd ref="3210375546"/>
    <nd ref="4430954337"/>
    <nd ref="3210375538"/>
    <tag k="highway" v="unclassified"/>
  </way>
  <way id="447174762">
    <nd ref="2938323693"/>
    <nd ref="2083249564"/>
    <nd ref="2938323692"/>
    <nd ref="2083249593"/>
    <nd ref="4443533237"/>
    <nd ref="2083249730"/>
    <nd ref="2083249566"/>
    <nd ref="4443533238"/>
    <nd ref="2083249514"/>
    <nd ref="4443533239"/>
    <nd ref="2083249524"/>
    <nd ref="2083249688"/>
    <nd ref="4443533240"/>
    <nd ref="3010119466"/>
    <nd ref="3210375414"/>
    <nd ref="2083249681"/>
    <nd ref="2083249537"/>
    <nd ref="4430954291"/>
    <tag k="highway" v="tertiary"/>
    <tag k="name" v="寒溪巷"/>
    <tag k="name:zh" v="寒溪巷"/>
    <tag k="ref" v="宜33"/>
    <tag k="ref:en" v="IL33"/>
    <tag k="ref:zh" v="宜33"/>
  </way>
  <way id="447174763">
    <nd ref="4443533238"/>
    <nd ref="4443533236"/>
    <tag k="highway" v="service"/>
  </way>
  <way id="447174764">
    <nd ref="4443533235"/>
    <nd ref="4603988840"/>
    <nd ref="4443533237"/>
    <tag k="highway" v="service"/>
  </way>
  <way id="447175288">
    <nd ref="4443539875"/>
    <nd ref="4443539874"/>
    <tag k="highway" v="service"/>
  </way>
  <way id="447175289">
    <nd ref="2938323676"/>
    <nd ref="4443539860"/>
    <nd ref="4443539861"/>
    <nd ref="4443539862"/>
    <nd ref="4443539863"/>
    <nd ref="4443539864"/>
    <nd ref="4443539865"/>
    <nd ref="4443539866"/>
    <nd ref="4443539867"/>
    <nd ref="4443539870"/>
    <nd ref="4443539871"/>
    <nd ref="4443539872"/>
    <nd ref="4443539873"/>
    <nd ref="4443539876"/>
    <nd ref="4443539877"/>
    <nd ref="4443539878"/>
    <nd ref="4443539879"/>
    <nd ref="4443539880"/>
    <nd ref="4443539883"/>
    <nd ref="4443539885"/>
    <nd ref="4443539886"/>
    <nd ref="4443539884"/>
    <nd ref="4443539882"/>
    <nd ref="4443539881"/>
    <tag k="highway" v="service"/>
  </way>
  <way id="447175290">
    <nd ref="4443539868"/>
    <nd ref="4443539875"/>
    <nd ref="4443539884"/>
    <tag k="highway" v="service"/>
  </way>
  <way id="447175291">
    <nd ref="4443539882"/>
    <nd ref="4443539874"/>
    <nd ref="4443539869"/>
    <tag k="highway" v="service"/>
  </way>
  <way id="447176906">
    <nd ref="4430954291"/>
    <nd ref="2938323691"/>
    <nd ref="2083249601"/>
    <nd ref="2083249528"/>
    <nd ref="2083249614"/>
    <nd ref="2083249574"/>
    <nd ref="2938323690"/>
    <nd ref="2938323689"/>
    <nd ref="2938323688"/>
    <nd ref="2938323687"/>
    <nd ref="2938323686"/>
    <nd ref="2938323685"/>
    <nd ref="2938323684"/>
    <nd ref="2938323683"/>
    <nd ref="2938323682"/>
    <nd ref="2938323681"/>
    <nd ref="2938323680"/>
    <nd ref="2938323678"/>
    <nd ref="2938323677"/>
    <nd ref="3010119465"/>
    <nd ref="2938323676"/>
    <tag k="highway" v="tertiary"/>
    <tag k="name" v="寒溪巷"/>
    <tag k="name:zh" v="寒溪巷"/>
    <tag k="ref" v="宜33"/>
    <tag k="ref:en" v="IL33"/>
    <tag k="ref:zh" v="宜33"/>
  </way>
  <way id="465434763">
    <nd ref="4603988703"/>
    <nd ref="4603988704"/>
    <nd ref="4603988705"/>
    <nd ref="4603988706"/>
    <nd ref="4603988707"/>
    <nd ref="4603988708"/>
    <nd ref="4603988709"/>
    <nd ref="4603988710"/>
    <nd ref="4603988711"/>
    <nd ref="4603988712"/>
    <nd ref="4603988713"/>
    <nd ref="4603988714"/>
    <nd ref="4603988715"/>
    <nd ref="4603988716"/>
    <nd ref="4603988717"/>
    <nd ref="4603988718"/>
    <nd ref="4603988719"/>
    <nd ref="4603988720"/>
    <nd ref="4603988721"/>
    <nd ref="4603988722"/>
    <nd ref="4603988723"/>
    <nd ref="4603988724"/>
    <nd ref="4603988725"/>
    <nd ref="4603988726"/>
    <nd ref="4603988727"/>
    <nd ref="4603988728"/>
    <nd ref="4603988729"/>
    <nd ref="4603988730"/>
    <nd ref="4603988731"/>
    <nd ref="4603988732"/>
    <nd ref="4603988733"/>
    <nd ref="4603988734"/>
    <nd ref="4603988735"/>
    <nd ref="4603988736"/>
    <nd ref="4603988737"/>
    <nd ref="4603988738"/>
    <nd ref="4603988739"/>
    <nd ref="4603988740"/>
    <nd ref="4603988741"/>
    <nd ref="4603988742"/>
    <nd ref="4603988743"/>
    <nd ref="4603988744"/>
    <nd ref="4603988745"/>
    <nd ref="4603988746"/>
    <nd ref="4603988747"/>
    <nd ref="4603988748"/>
    <nd ref="4603988749"/>
    <nd ref="4603988750"/>
    <nd ref="4603988751"/>
    <tag k="highway" v="service"/>
  </way>
  <way id="465434770">
    <nd ref="4603988840"/>
    <nd ref="4603988841"/>
    <nd ref="4603988842"/>
    <nd ref="4603988843"/>
    <tag k="highway" v="service"/>
  </way>
  <way id="466412297">
    <nd ref="2268453624"/>
    <nd ref="2268453613"/>
    <nd ref="1690085484"/>
    <nd ref="4430955905"/>
    <nd ref="3707841912"/>
    <nd ref="7701090370"/>
    <nd ref="3707841809"/>
    <nd ref="1690085475"/>
    <nd ref="3707841704"/>
    <nd ref="1690085472"/>
    <nd ref="3707841610"/>
    <nd ref="1690085471"/>
    <tag k="highway" v="tertiary"/>
    <tag k="name" v="照林路一段"/>
    <tag k="ref" v="宜26-1"/>
    <tag k="ref:en" v="IL26-1"/>
    <tag k="ref:zh" v="宜26-1"/>
  </way>
  <way id="466412298">
    <nd ref="2268453624"/>
    <nd ref="4431053217"/>
    <nd ref="3707842181"/>
    <nd ref="3707842195"/>
    <nd ref="3707842204"/>
    <nd ref="3707842206"/>
    <nd ref="3707842209"/>
    <nd ref="4430938341"/>
    <nd ref="14087150597"/>
    <nd ref="4430938343"/>
    <nd ref="3707842224"/>
    <nd ref="4430938344"/>
    <nd ref="3707842216"/>
    <nd ref="4430938342"/>
    <nd ref="3707842214"/>
    <nd ref="4430938340"/>
    <nd ref="7701090374"/>
    <nd ref="3707842161"/>
    <nd ref="412685438"/>
    <tag k="highway" v="service"/>
    <tag k="name" v="安農南路一段"/>
  </way>
  <way id="466412299">
    <nd ref="3707841580"/>
    <nd ref="3707841585"/>
    <tag k="highway" v="service"/>
  </way>
  <way id="466412300">
    <nd ref="3707841580"/>
    <nd ref="1690085468"/>
    <tag k="highway" v="tertiary"/>
    <tag k="name" v="照林路一段"/>
    <tag k="ref" v="宜26-1"/>
    <tag k="ref:en" v="IL26-1"/>
    <tag k="ref:zh" v="宜26-1"/>
  </way>
  <way id="466414692">
    <nd ref="1690064634"/>
    <nd ref="3109149656"/>
    <nd ref="3109149659"/>
    <nd ref="3109149665"/>
    <nd ref="412685438"/>
    <nd ref="1690064659"/>
    <nd ref="2264356587"/>
    <nd ref="1690064655"/>
    <nd ref="4430938312"/>
    <tag k="highway" v="primary"/>
    <tag k="name" v="三星路二段"/>
    <tag k="ref" v="7丙"/>
    <tag k="ref:en" v="Provincial Highway 7C"/>
    <tag k="ref:zh" v="台7丙線"/>
  </way>
  <way id="466414693">
    <nd ref="987441786"/>
    <nd ref="412685431"/>
    <nd ref="4458314408"/>
    <nd ref="3707842226"/>
    <nd ref="11158450089"/>
    <nd ref="3707842222"/>
    <nd ref="11158458339"/>
    <nd ref="10308446886"/>
    <nd ref="987441806"/>
    <nd ref="3109149687"/>
    <nd ref="3109149686"/>
    <nd ref="412685429"/>
    <nd ref="3109149684"/>
    <nd ref="3109149685"/>
    <nd ref="412685428"/>
    <nd ref="4431044674"/>
    <nd ref="2083234322"/>
    <nd ref="3109149682"/>
    <nd ref="4430959570"/>
    <nd ref="3109149680"/>
    <nd ref="4430959569"/>
    <nd ref="3109149677"/>
    <nd ref="3109149678"/>
    <nd ref="649286318"/>
    <tag k="highway" v="primary"/>
    <tag k="name" v="三星路一段"/>
    <tag k="ref" v="7丙"/>
    <tag k="ref:en" v="Provincial Highway 7C"/>
    <tag k="ref:zh" v="台7丙線"/>
  </way>
  <way id="466417064">
    <nd ref="2083234428"/>
    <nd ref="2083234420"/>
    <nd ref="2083234427"/>
    <nd ref="2083234423"/>
    <nd ref="2083234426"/>
    <nd ref="2083234418"/>
    <nd ref="2083234419"/>
    <nd ref="2083234417"/>
    <nd ref="2083234416"/>
    <nd ref="2083234415"/>
    <nd ref="2083234414"/>
    <nd ref="2083234413"/>
    <nd ref="2083234412"/>
    <nd ref="2083234411"/>
    <nd ref="2083234409"/>
    <nd ref="2083234408"/>
    <nd ref="2083234407"/>
    <nd ref="2083234406"/>
    <nd ref="2083234405"/>
    <nd ref="2083234404"/>
    <nd ref="4458303058"/>
    <nd ref="2083234403"/>
    <nd ref="4458303057"/>
    <nd ref="2083234402"/>
    <nd ref="2083234401"/>
    <nd ref="2083234400"/>
    <nd ref="2083234399"/>
    <nd ref="2083234398"/>
    <nd ref="2083234396"/>
    <nd ref="2083234397"/>
    <nd ref="2083234394"/>
    <nd ref="2083234391"/>
    <nd ref="2083234390"/>
    <nd ref="2083234388"/>
    <nd ref="2083234386"/>
    <nd ref="2083234387"/>
    <nd ref="2083234384"/>
    <nd ref="2083234393"/>
    <nd ref="2083234385"/>
    <nd ref="2083234380"/>
    <nd ref="2083234379"/>
    <nd ref="2083234376"/>
    <nd ref="2083234382"/>
    <nd ref="2083234372"/>
    <nd ref="2083234369"/>
    <nd ref="2083234366"/>
    <nd ref="2083234364"/>
    <nd ref="2083234359"/>
    <nd ref="2083234358"/>
    <nd ref="2083234361"/>
    <nd ref="2083234357"/>
    <nd ref="2083234356"/>
    <nd ref="2083234354"/>
    <nd ref="2083234352"/>
    <nd ref="2083234355"/>
    <nd ref="2083234350"/>
    <nd ref="2083234351"/>
    <nd ref="2083234349"/>
    <nd ref="2083234348"/>
    <nd ref="2083234347"/>
    <nd ref="2083234539"/>
    <nd ref="11715735289"/>
    <nd ref="2083234346"/>
    <nd ref="2083234345"/>
    <nd ref="2083234344"/>
    <nd ref="2083234343"/>
    <nd ref="2083234342"/>
    <nd ref="2083234341"/>
    <nd ref="2946914454"/>
    <tag k="highway" v="tertiary"/>
    <tag k="name" v="玉尊路"/>
    <tag k="oneway" v="no"/>
    <tag k="ref" v="宜46"/>
    <tag k="ref:en" v="IL46"/>
    <tag k="ref:zh" v="宜46"/>
    <tag k="source" v="Bing"/>
  </way>
  <way id="466419282">
    <nd ref="1690085517"/>
    <nd ref="2279842260"/>
    <nd ref="2279842258"/>
    <nd ref="2279842255"/>
    <nd ref="4430938364"/>
    <nd ref="2279842256"/>
    <tag k="highway" v="residential"/>
    <tag k="name" v="行健溪二路二段"/>
  </way>
  <way id="466419283">
    <nd ref="1690085517"/>
    <nd ref="1690085515"/>
    <tag k="bridge" v="yes"/>
    <tag k="highway" v="tertiary"/>
    <tag k="name" v="照林路二段"/>
    <tag k="ref" v="宜26-1"/>
    <tag k="ref:en" v="IL26-1"/>
    <tag k="ref:zh" v="宜26-1"/>
  </way>
  <way id="466419284">
    <nd ref="1690085515"/>
    <nd ref="4431053223"/>
    <nd ref="2255669605"/>
    <nd ref="2255669595"/>
    <nd ref="2255669591"/>
    <nd ref="1690085513"/>
    <tag k="highway" v="residential"/>
    <tag k="name" v="行健溪一路二段"/>
  </way>
  <way id="466419285">
    <nd ref="1690085515"/>
    <nd ref="1690085511"/>
    <nd ref="1690085510"/>
    <nd ref="2255669363"/>
    <nd ref="1690064757"/>
    <nd ref="7157997004"/>
    <tag k="highway" v="tertiary"/>
    <tag k="name" v="照林路二段"/>
    <tag k="ref" v="宜26-1"/>
    <tag k="ref:en" v="IL26-1"/>
    <tag k="ref:zh" v="宜26-1"/>
  </way>
  <way id="466419286">
    <nd ref="2279842256"/>
    <nd ref="4612175881"/>
    <nd ref="2283511593"/>
    <nd ref="2279842271"/>
    <nd ref="2279842284"/>
    <nd ref="2279842297"/>
    <nd ref="2283511645"/>
    <nd ref="2279842304"/>
    <nd ref="2283511694"/>
    <nd ref="988498847"/>
    <tag k="highway" v="tertiary"/>
    <tag k="name" v="健富路一段"/>
    <tag k="oneway" v="no"/>
    <tag k="ref" v="宜47"/>
    <tag k="ref:en" v="IL47"/>
    <tag k="ref:zh" v="宜47"/>
    <tag k="surface" v="asphalt"/>
  </way>
  <way id="466419287">
    <nd ref="2279842256"/>
    <nd ref="2283511578"/>
    <nd ref="2283511579"/>
    <nd ref="2283511580"/>
    <nd ref="2283511581"/>
    <nd ref="4612175883"/>
    <nd ref="4430938367"/>
    <nd ref="2283511582"/>
    <nd ref="4430938369"/>
    <nd ref="4430938371"/>
    <nd ref="2283511587"/>
    <nd ref="2283511601"/>
    <nd ref="2283511606"/>
    <nd ref="2283511610"/>
    <nd ref="2283511611"/>
    <nd ref="2283511608"/>
    <nd ref="2283511607"/>
    <nd ref="2283511605"/>
    <nd ref="2283511603"/>
    <nd ref="2283511602"/>
    <nd ref="2283511604"/>
    <nd ref="2283511599"/>
    <nd ref="2283511598"/>
    <nd ref="2283511595"/>
    <nd ref="2283511590"/>
    <nd ref="4430938377"/>
    <nd ref="2283511589"/>
    <nd ref="2283511591"/>
    <nd ref="2283511600"/>
    <nd ref="2283511609"/>
    <nd ref="4430978439"/>
    <nd ref="2283511612"/>
    <nd ref="2283511618"/>
    <nd ref="1690065128"/>
    <nd ref="2283511631"/>
    <nd ref="2283511646"/>
    <nd ref="2283511649"/>
    <nd ref="2283511657"/>
    <nd ref="2283511664"/>
    <nd ref="4430978449"/>
    <nd ref="2283511660"/>
    <nd ref="4430978448"/>
    <nd ref="2283511651"/>
    <nd ref="987453384"/>
    <tag k="highway" v="residential"/>
    <tag k="name" v="行健溪二路一段"/>
  </way>
  <way id="466419288">
    <nd ref="1690085513"/>
    <nd ref="4430938360"/>
    <tag k="highway" v="tertiary"/>
    <tag k="name" v="健富路一段"/>
    <tag k="ref" v="宜47"/>
    <tag k="ref:en" v="IL47"/>
    <tag k="ref:zh" v="宜47"/>
  </way>
  <way id="466419289">
    <nd ref="1690085513"/>
    <nd ref="2255669593"/>
    <nd ref="4430938359"/>
    <nd ref="2255669598"/>
    <nd ref="2255669602"/>
    <nd ref="2255669607"/>
    <nd ref="2255669610"/>
    <nd ref="2255669611"/>
    <nd ref="2255669614"/>
    <nd ref="2255669624"/>
    <nd ref="2255669630"/>
    <nd ref="2255669633"/>
    <nd ref="2255669637"/>
    <nd ref="2255669631"/>
    <nd ref="2255669636"/>
    <nd ref="2255669632"/>
    <nd ref="2255669628"/>
    <nd ref="2255669626"/>
    <nd ref="2255669622"/>
    <nd ref="2255669625"/>
    <nd ref="2255669623"/>
    <nd ref="2255669617"/>
    <nd ref="2255669616"/>
    <nd ref="2255669619"/>
    <nd ref="4430938373"/>
    <nd ref="12997268977"/>
    <nd ref="2255669627"/>
    <nd ref="2255669639"/>
    <nd ref="2255669642"/>
    <nd ref="2255669644"/>
    <nd ref="2255669648"/>
    <nd ref="2283511622"/>
    <nd ref="4430978444"/>
    <nd ref="2283511637"/>
    <nd ref="2283511639"/>
    <nd ref="2283511643"/>
    <nd ref="2283511641"/>
    <nd ref="2283511635"/>
    <tag k="highway" v="residential"/>
    <tag k="name" v="行健溪一路一段"/>
  </way>
  <way id="505169307">
    <nd ref="4951830585"/>
    <nd ref="4951830590"/>
    <nd ref="4951830586"/>
    <nd ref="4951830587"/>
    <nd ref="4951830589"/>
    <nd ref="4951830588"/>
    <tag k="highway" v="service"/>
  </way>
  <way id="505169308">
    <nd ref="4951830589"/>
    <nd ref="4951830593"/>
    <nd ref="4951830591"/>
    <nd ref="4951830590"/>
    <tag k="highway" v="service"/>
  </way>
  <way id="505169309">
    <nd ref="4951830591"/>
    <nd ref="4951830592"/>
    <tag k="highway" v="service"/>
  </way>
  <way id="505169310">
    <nd ref="4951830593"/>
    <nd ref="4951830594"/>
    <tag k="highway" v="service"/>
  </way>
  <way id="505169313">
    <nd ref="4951830604"/>
    <nd ref="4951830584"/>
    <nd ref="4951830606"/>
    <nd ref="4951830605"/>
    <tag k="highway" v="service"/>
  </way>
  <way id="505169314">
    <nd ref="4951830606"/>
    <nd ref="4951830607"/>
    <tag k="highway" v="service"/>
  </way>
  <way id="542911410">
    <nd ref="5248606071"/>
    <nd ref="5248606072"/>
    <nd ref="3744188331"/>
    <tag k="highway" v="residential"/>
    <tag k="name" v="三星路五段82巷"/>
  </way>
  <way id="542911411">
    <nd ref="5248606072"/>
    <nd ref="5248606073"/>
    <tag k="highway" v="residential"/>
    <tag k="name" v="中山路二段11巷"/>
  </way>
  <way id="543433988">
    <nd ref="5253437421"/>
    <nd ref="5253437422"/>
    <tag k="highway" v="residential"/>
  </way>
  <way id="543433989">
    <nd ref="3707841871"/>
    <nd ref="3707841860"/>
    <tag k="highway" v="residential"/>
    <tag k="name" v="義德二路"/>
  </way>
  <way id="543433991">
    <nd ref="5253437428"/>
    <nd ref="5253437429"/>
    <tag k="highway" v="residential"/>
  </way>
  <way id="543433992">
    <nd ref="5253437430"/>
    <nd ref="5253437431"/>
    <nd ref="5253437432"/>
    <nd ref="3707841875"/>
    <tag k="highway" v="residential"/>
    <tag k="name" v="義德二路"/>
  </way>
  <way id="543433993">
    <nd ref="4430915563"/>
    <nd ref="5253437433"/>
    <tag k="highway" v="residential"/>
    <tag k="name" v="義德一路"/>
  </way>
  <way id="544060330">
    <nd ref="5259213921"/>
    <nd ref="9500664259"/>
    <nd ref="5259213922"/>
    <tag k="highway" v="service"/>
  </way>
  <way id="544070730">
    <nd ref="4430915695"/>
    <nd ref="9500664261"/>
    <nd ref="5259321044"/>
    <tag k="highway" v="service"/>
  </way>
  <way id="544749521">
    <nd ref="5265618532"/>
    <nd ref="5265618533"/>
    <nd ref="5265618534"/>
    <tag k="highway" v="service"/>
  </way>
  <way id="550556063">
    <nd ref="2268453575"/>
    <nd ref="5317673586"/>
    <tag k="highway" v="service"/>
    <tag k="name" v="月眉二路"/>
  </way>
  <way id="569159430">
    <nd ref="3210375403"/>
    <nd ref="5474479130"/>
    <tag k="highway" v="service"/>
  </way>
  <way id="569159431">
    <nd ref="5474479131"/>
    <nd ref="2083249574"/>
    <tag k="bridge" v="yes"/>
    <tag k="highway" v="service"/>
    <tag k="layer" v="1"/>
    <tag k="name" v="寒華大橋"/>
  </way>
  <way id="569159433">
    <nd ref="5474479167"/>
    <nd ref="5474479168"/>
    <nd ref="5474479169"/>
    <nd ref="5474479170"/>
    <nd ref="5474479171"/>
    <nd ref="5474479172"/>
    <tag k="highway" v="service"/>
  </way>
  <way id="569159434">
    <nd ref="5474479172"/>
    <nd ref="5474479173"/>
    <tag k="highway" v="service"/>
  </way>
  <way id="569159436">
    <nd ref="5474479176"/>
    <nd ref="5474479177"/>
    <nd ref="5474479183"/>
    <nd ref="5474479178"/>
    <tag k="highway" v="service"/>
  </way>
  <way id="569159437">
    <nd ref="5474479179"/>
    <nd ref="5474479180"/>
    <nd ref="5474479181"/>
    <nd ref="5474479182"/>
    <nd ref="5474479183"/>
    <tag k="highway" v="service"/>
  </way>
  <way id="569159440">
    <nd ref="5474479514"/>
    <nd ref="5474479515"/>
    <nd ref="5474479516"/>
    <nd ref="5474479517"/>
    <nd ref="5474479518"/>
    <nd ref="5474479519"/>
    <nd ref="5474479520"/>
    <nd ref="5474479621"/>
    <nd ref="5474479622"/>
    <nd ref="5474479623"/>
    <nd ref="5474479624"/>
    <nd ref="5474479625"/>
    <nd ref="5474479626"/>
    <nd ref="5474479627"/>
    <nd ref="5474479628"/>
    <nd ref="5474479629"/>
    <nd ref="5474479630"/>
    <nd ref="5474479631"/>
    <nd ref="5474479632"/>
    <nd ref="5474479633"/>
    <nd ref="5474479634"/>
    <nd ref="5474479635"/>
    <nd ref="5474479636"/>
    <nd ref="5474479637"/>
    <nd ref="5474479638"/>
    <nd ref="5474479639"/>
    <nd ref="5474479640"/>
    <nd ref="4443557790"/>
    <tag k="highway" v="service"/>
  </way>
  <way id="569159441">
    <nd ref="5474479641"/>
    <nd ref="5474479642"/>
    <nd ref="5474479643"/>
    <nd ref="5474479644"/>
    <nd ref="5474479645"/>
    <nd ref="5474479646"/>
    <nd ref="5474479647"/>
    <nd ref="5474479648"/>
    <nd ref="5474479649"/>
    <nd ref="5474479650"/>
    <nd ref="5474479651"/>
    <tag k="highway" v="service"/>
  </way>
  <way id="569159443">
    <nd ref="5474479668"/>
    <nd ref="5474479669"/>
    <nd ref="5474479670"/>
    <nd ref="5474479671"/>
    <nd ref="5474479672"/>
    <nd ref="5474479673"/>
    <nd ref="5474479674"/>
    <nd ref="5474479860"/>
    <nd ref="5474479675"/>
    <nd ref="5474479676"/>
    <nd ref="5474479677"/>
    <nd ref="5474479678"/>
    <nd ref="5474479679"/>
    <nd ref="5474479680"/>
    <nd ref="5474479681"/>
    <nd ref="5474479682"/>
    <nd ref="5474479683"/>
    <nd ref="5474479684"/>
    <nd ref="5474479685"/>
    <nd ref="5474479686"/>
    <nd ref="5474479687"/>
    <nd ref="5474479688"/>
    <nd ref="5474479689"/>
    <nd ref="5474479690"/>
    <nd ref="5474479691"/>
    <nd ref="5474479692"/>
    <nd ref="5474479693"/>
    <nd ref="5474479694"/>
    <nd ref="5474479695"/>
    <nd ref="5474479696"/>
    <nd ref="5474479697"/>
    <nd ref="5474479698"/>
    <nd ref="5474479699"/>
    <nd ref="5474479700"/>
    <nd ref="5474479701"/>
    <nd ref="5474479702"/>
    <nd ref="5474479703"/>
    <nd ref="5474479704"/>
    <nd ref="5474479705"/>
    <nd ref="5474479706"/>
    <nd ref="5474479707"/>
    <nd ref="5474479708"/>
    <nd ref="5474479667"/>
    <nd ref="5474479709"/>
    <nd ref="5474479710"/>
    <nd ref="5474479711"/>
    <nd ref="5474479712"/>
    <nd ref="5474479713"/>
    <nd ref="5474479714"/>
    <nd ref="5474479715"/>
    <nd ref="5474479716"/>
    <nd ref="5474479739"/>
    <nd ref="5474479717"/>
    <nd ref="5474479738"/>
    <nd ref="5474479718"/>
    <nd ref="5474479719"/>
    <nd ref="5474479720"/>
    <nd ref="5474479721"/>
    <nd ref="5474479722"/>
    <nd ref="5474479723"/>
    <nd ref="2938323682"/>
    <tag k="highway" v="service"/>
  </way>
  <way id="569159444">
    <nd ref="5474479724"/>
    <nd ref="5474479725"/>
    <nd ref="5474479726"/>
    <nd ref="5474479727"/>
    <nd ref="5474479728"/>
    <nd ref="5474479729"/>
    <nd ref="5474479730"/>
    <nd ref="5474479731"/>
    <nd ref="5474479732"/>
    <nd ref="5474479733"/>
    <nd ref="5474479734"/>
    <nd ref="5474479735"/>
    <nd ref="5474479736"/>
    <nd ref="5474479737"/>
    <nd ref="5474479738"/>
    <tag k="highway" v="service"/>
  </way>
  <way id="569159445">
    <nd ref="5474479739"/>
    <nd ref="5474479740"/>
    <nd ref="5474479741"/>
    <nd ref="5474479742"/>
    <nd ref="5474479743"/>
    <nd ref="5474479744"/>
    <nd ref="5474479745"/>
    <nd ref="5474479746"/>
    <nd ref="5474479747"/>
    <nd ref="5474479748"/>
    <nd ref="5474479749"/>
    <nd ref="5474479750"/>
    <nd ref="5474479751"/>
    <nd ref="5474479752"/>
    <nd ref="5474479753"/>
    <nd ref="5474479754"/>
    <nd ref="5474479755"/>
    <nd ref="5474479783"/>
    <nd ref="5474479756"/>
    <nd ref="5474479757"/>
    <nd ref="5474479758"/>
    <nd ref="5474479759"/>
    <nd ref="5474479760"/>
    <nd ref="5474479761"/>
    <nd ref="5474479762"/>
    <nd ref="5474479763"/>
    <tag k="highway" v="service"/>
  </way>
  <way id="569159446">
    <nd ref="5474479764"/>
    <nd ref="5474479765"/>
    <nd ref="5474479766"/>
    <nd ref="5474479767"/>
    <nd ref="5474479768"/>
    <nd ref="5474479769"/>
    <nd ref="5474479770"/>
    <nd ref="5474479771"/>
    <nd ref="5474479772"/>
    <nd ref="5474479773"/>
    <nd ref="5474479774"/>
    <nd ref="5474479775"/>
    <nd ref="5474479776"/>
    <nd ref="5474479777"/>
    <nd ref="5474479778"/>
    <nd ref="5474479779"/>
    <nd ref="5474479780"/>
    <nd ref="5474479781"/>
    <nd ref="5474479782"/>
    <nd ref="5474479783"/>
    <nd ref="5474479784"/>
    <nd ref="5474479785"/>
    <nd ref="5474479786"/>
    <nd ref="5474479787"/>
    <nd ref="5474479788"/>
    <nd ref="5474479789"/>
    <nd ref="5474479790"/>
    <nd ref="5474479791"/>
    <nd ref="5474479792"/>
    <nd ref="5474479793"/>
    <nd ref="5474479794"/>
    <nd ref="5474479752"/>
    <tag k="highway" v="service"/>
  </way>
  <way id="587855874">
    <nd ref="5615016275"/>
    <nd ref="5615016304"/>
    <nd ref="5615016276"/>
    <nd ref="13858010377"/>
    <nd ref="5615016277"/>
    <tag k="highway" v="cycleway"/>
  </way>
  <way id="587855875">
    <nd ref="5615016277"/>
    <nd ref="5615016278"/>
    <nd ref="5615016279"/>
    <nd ref="5615016280"/>
    <nd ref="5615016281"/>
    <tag k="highway" v="cycleway"/>
  </way>
  <way id="587855876">
    <nd ref="5615016281"/>
    <nd ref="5615016282"/>
    <tag k="highway" v="cycleway"/>
  </way>
  <way id="587855877">
    <nd ref="5615016282"/>
    <nd ref="5615016283"/>
    <tag k="highway" v="cycleway"/>
  </way>
  <way id="587855878">
    <nd ref="5615016283"/>
    <nd ref="5615016284"/>
    <nd ref="5615016285"/>
    <nd ref="5615016286"/>
    <nd ref="5615016287"/>
    <nd ref="5615016288"/>
    <tag k="highway" v="cycleway"/>
  </way>
  <way id="587855879">
    <nd ref="5615016288"/>
    <nd ref="5615016289"/>
    <nd ref="5615016290"/>
    <nd ref="5615016291"/>
    <tag k="highway" v="cycleway"/>
  </way>
  <way id="587855880">
    <nd ref="5615016291"/>
    <nd ref="5615016292"/>
    <nd ref="5615016293"/>
    <tag k="highway" v="cycleway"/>
  </way>
  <way id="587855881">
    <nd ref="5615016293"/>
    <nd ref="5615016294"/>
    <nd ref="5615016295"/>
    <tag k="highway" v="cycleway"/>
  </way>
  <way id="587855883">
    <nd ref="5615016295"/>
    <nd ref="5615016296"/>
    <tag k="highway" v="cycleway"/>
  </way>
  <way id="587855884">
    <nd ref="5615016296"/>
    <nd ref="5615016297"/>
    <nd ref="5615016298"/>
    <tag k="highway" v="cycleway"/>
  </way>
  <way id="614208878">
    <nd ref="10214203495"/>
    <nd ref="3210375815"/>
    <nd ref="4430922701"/>
    <nd ref="3210375803"/>
    <nd ref="3210375804"/>
    <nd ref="4430922691"/>
    <nd ref="3210375806"/>
    <nd ref="3210375808"/>
    <nd ref="3210375811"/>
    <nd ref="4430922696"/>
    <nd ref="3210375812"/>
    <nd ref="4430922697"/>
    <nd ref="4430922708"/>
    <nd ref="3210375819"/>
    <nd ref="4430922727"/>
    <nd ref="3210375824"/>
    <nd ref="3210375829"/>
    <nd ref="4430922737"/>
    <nd ref="3210375827"/>
    <nd ref="4430922736"/>
    <nd ref="4430922735"/>
    <nd ref="3210375831"/>
    <nd ref="7918338528"/>
    <tag k="highway" v="unclassified"/>
    <tag k="name" v="小埤五路"/>
    <tag k="oneway" v="no"/>
  </way>
  <way id="614208880">
    <nd ref="5810251509"/>
    <nd ref="5810251510"/>
    <nd ref="5810251511"/>
    <nd ref="14174992969"/>
    <nd ref="14174992970"/>
    <nd ref="14174992971"/>
    <nd ref="5810251512"/>
    <tag k="highway" v="service"/>
  </way>
  <way id="614208881">
    <nd ref="5810251513"/>
    <nd ref="5810251519"/>
    <nd ref="5810251514"/>
    <tag k="highway" v="service"/>
    <tag k="name" v="大隱一路23巷"/>
  </way>
  <way id="614208882">
    <nd ref="5810251519"/>
    <nd ref="5810251515"/>
    <nd ref="5810251516"/>
    <nd ref="5810251517"/>
    <nd ref="5810251518"/>
    <tag k="highway" v="service"/>
  </way>
  <way id="614208883">
    <nd ref="4431088358"/>
    <nd ref="5810251513"/>
    <tag k="highway" v="service"/>
    <tag k="name" v="大隱二路197巷"/>
  </way>
  <way id="614208884">
    <nd ref="3707840117"/>
    <nd ref="5810251520"/>
    <tag k="highway" v="service"/>
  </way>
  <way id="614208885">
    <nd ref="5810251521"/>
    <nd ref="5810251522"/>
    <nd ref="5810251523"/>
    <nd ref="5810251524"/>
    <nd ref="5810251525"/>
    <tag k="highway" v="service"/>
  </way>
  <way id="614208886">
    <nd ref="5810251526"/>
    <nd ref="4431088348"/>
    <tag k="highway" v="service"/>
    <tag k="name" v="大隱三路117巷"/>
  </way>
  <way id="614208888">
    <nd ref="5810251536"/>
    <nd ref="14177459755"/>
    <nd ref="5810251537"/>
    <nd ref="5810251538"/>
    <nd ref="5810251539"/>
    <nd ref="5810251540"/>
    <nd ref="5810251541"/>
    <nd ref="5810251547"/>
    <nd ref="5810251542"/>
    <nd ref="5810251543"/>
    <nd ref="5810251544"/>
    <nd ref="5810251545"/>
    <nd ref="5810251546"/>
    <tag k="highway" v="service"/>
    <tag k="name" v="大隱五路101巷"/>
  </way>
  <way id="640791200">
    <nd ref="2279816333"/>
    <nd ref="9500652100"/>
    <nd ref="6036138574"/>
    <tag k="highway" v="service"/>
  </way>
  <way id="640791213">
    <nd ref="6036139314"/>
    <nd ref="6036139315"/>
    <nd ref="6036139316"/>
    <nd ref="6036139317"/>
    <nd ref="6036139318"/>
    <nd ref="6036139319"/>
    <nd ref="6036139320"/>
    <tag k="highway" v="service"/>
  </way>
  <way id="640791214">
    <nd ref="6036139321"/>
    <nd ref="6036139322"/>
    <tag k="highway" v="service"/>
  </way>
  <way id="640791216">
    <nd ref="6036139332"/>
    <nd ref="6036139333"/>
    <nd ref="6036139334"/>
    <nd ref="6036139335"/>
    <nd ref="6036139336"/>
    <nd ref="6036139337"/>
    <nd ref="6036139338"/>
    <nd ref="6036139339"/>
    <nd ref="6036139340"/>
    <nd ref="6036139341"/>
    <nd ref="6036139342"/>
    <nd ref="6036139343"/>
    <nd ref="6036139344"/>
    <nd ref="6036139345"/>
    <nd ref="6036139346"/>
    <nd ref="6036139347"/>
    <tag k="highway" v="service"/>
  </way>
  <way id="640791217">
    <nd ref="6036139348"/>
    <nd ref="6036139349"/>
    <nd ref="6036139353"/>
    <nd ref="6036139350"/>
    <nd ref="6036139361"/>
    <nd ref="6036139351"/>
    <nd ref="6036139352"/>
    <nd ref="4430955734"/>
    <tag k="highway" v="service"/>
  </way>
  <way id="640791219">
    <nd ref="6036139353"/>
    <nd ref="6036139354"/>
    <nd ref="6036139355"/>
    <nd ref="6036139356"/>
    <nd ref="6036139357"/>
    <nd ref="6036139358"/>
    <nd ref="6036139359"/>
    <nd ref="6036139360"/>
    <tag k="highway" v="service"/>
  </way>
  <way id="640791220">
    <nd ref="6036139361"/>
    <nd ref="6036139362"/>
    <nd ref="6036139363"/>
    <nd ref="6036139364"/>
    <nd ref="6036139365"/>
    <tag k="highway" v="service"/>
  </way>
  <way id="640791221">
    <nd ref="3707841789"/>
    <nd ref="6036139366"/>
    <nd ref="6036139367"/>
    <nd ref="6036139368"/>
    <tag k="highway" v="service"/>
  </way>
  <way id="659024056">
    <nd ref="2946914860"/>
    <nd ref="6170243057"/>
    <nd ref="6170243058"/>
    <nd ref="6170243059"/>
    <nd ref="6170243060"/>
    <tag k="highway" v="service"/>
  </way>
  <way id="659024062">
    <nd ref="6170243049"/>
    <nd ref="6170243060"/>
    <nd ref="6170243050"/>
    <nd ref="6170243051"/>
    <nd ref="6170243052"/>
    <nd ref="6170243053"/>
    <nd ref="6170243054"/>
    <nd ref="6170243055"/>
    <nd ref="2946914864"/>
    <tag k="highway" v="service"/>
  </way>
  <way id="659029801">
    <nd ref="2083234406"/>
    <nd ref="6170281366"/>
    <nd ref="6170281367"/>
    <nd ref="6170281368"/>
    <nd ref="6170281369"/>
    <nd ref="6170281370"/>
    <nd ref="6170281371"/>
    <nd ref="6170281372"/>
    <nd ref="6170281373"/>
    <nd ref="6170281374"/>
    <nd ref="6170281375"/>
    <nd ref="6170281376"/>
    <tag k="highway" v="service"/>
    <tag k="name" v="進偉六路"/>
  </way>
  <way id="659029802">
    <nd ref="6170281376"/>
    <nd ref="6170281377"/>
    <nd ref="6170281378"/>
    <nd ref="6170281379"/>
    <nd ref="6170281380"/>
    <nd ref="6170281381"/>
    <nd ref="6170281382"/>
    <nd ref="6170281722"/>
    <nd ref="6170281383"/>
    <nd ref="6170281384"/>
    <nd ref="6170281720"/>
    <nd ref="6170281376"/>
    <tag k="highway" v="service"/>
    <tag k="oneway" v="yes"/>
  </way>
  <way id="659029806">
    <nd ref="6170281369"/>
    <nd ref="6170281703"/>
    <nd ref="6170281704"/>
    <tag k="highway" v="service"/>
  </way>
  <way id="659029807">
    <nd ref="6170281366"/>
    <nd ref="6170281705"/>
    <tag k="highway" v="service"/>
  </way>
  <way id="659029813">
    <nd ref="6170281722"/>
    <nd ref="6170281723"/>
    <tag k="highway" v="service"/>
  </way>
  <way id="659042231">
    <nd ref="3707841543"/>
    <nd ref="6170374067"/>
    <nd ref="6170374068"/>
    <nd ref="6170374069"/>
    <nd ref="6170374070"/>
    <nd ref="6170374071"/>
    <nd ref="6170374072"/>
    <nd ref="3707841552"/>
    <nd ref="6170374073"/>
    <nd ref="6170374074"/>
    <nd ref="3707841772"/>
    <tag k="highway" v="service"/>
    <tag k="name" v="大坑二路"/>
  </way>
  <way id="659042233">
    <nd ref="6170374196"/>
    <nd ref="6170374206"/>
    <nd ref="6170374207"/>
    <nd ref="6170374208"/>
    <nd ref="6170374209"/>
    <nd ref="6170374210"/>
    <nd ref="6170374211"/>
    <nd ref="6170374212"/>
    <nd ref="6170374213"/>
    <nd ref="6170374214"/>
    <nd ref="6170374215"/>
    <nd ref="6170374216"/>
    <nd ref="6170374217"/>
    <nd ref="6170374218"/>
    <nd ref="6170374219"/>
    <nd ref="6170374220"/>
    <nd ref="6170374221"/>
    <tag k="highway" v="service"/>
  </way>
  <way id="659042235">
    <nd ref="6170374222"/>
    <nd ref="6170374223"/>
    <nd ref="6170374224"/>
    <nd ref="6170374225"/>
    <nd ref="6170374231"/>
    <nd ref="6170374226"/>
    <nd ref="6170374227"/>
    <nd ref="6170374228"/>
    <nd ref="6170374232"/>
    <nd ref="6170374229"/>
    <nd ref="6170374230"/>
    <nd ref="6170374223"/>
    <tag k="highway" v="service"/>
  </way>
  <way id="659042236">
    <nd ref="6170374231"/>
    <nd ref="6170374232"/>
    <tag k="highway" v="service"/>
  </way>
  <way id="685390906">
    <nd ref="3707841914"/>
    <nd ref="6422856594"/>
    <tag k="highway" v="residential"/>
  </way>
  <way id="685390907">
    <nd ref="6422856594"/>
    <nd ref="6422856595"/>
    <nd ref="6422856596"/>
    <nd ref="6422856597"/>
    <tag k="highway" v="track"/>
  </way>
  <way id="685390909">
    <nd ref="6422856597"/>
    <nd ref="6422856598"/>
    <tag k="highway" v="track"/>
  </way>
  <way id="759565233">
    <nd ref="7095452089"/>
    <nd ref="7095452090"/>
    <nd ref="7095452091"/>
    <nd ref="7095452092"/>
    <nd ref="10254974911"/>
    <nd ref="7095452093"/>
    <nd ref="7095452094"/>
    <nd ref="10254974910"/>
    <nd ref="7095452095"/>
    <nd ref="7095452096"/>
    <nd ref="10254974909"/>
    <nd ref="10254967008"/>
    <nd ref="10254967007"/>
    <nd ref="10254967006"/>
    <nd ref="10254967005"/>
    <nd ref="10254967004"/>
    <nd ref="10254967003"/>
    <nd ref="10254967002"/>
    <tag k="highway" v="unclassified"/>
  </way>
  <way id="762884826">
    <nd ref="3707841872"/>
    <nd ref="5253437428"/>
    <nd ref="5253437427"/>
    <nd ref="3707841918"/>
    <nd ref="2268453571"/>
    <tag k="highway" v="residential"/>
    <tag k="name" v="集慶六路"/>
  </way>
  <way id="762884827">
    <nd ref="3707841871"/>
    <nd ref="5253437421"/>
    <nd ref="7128607003"/>
    <nd ref="3707841879"/>
    <nd ref="3707841875"/>
    <tag k="highway" v="residential"/>
    <tag k="name" v="義德二路"/>
  </way>
  <way id="762884828">
    <nd ref="3707841860"/>
    <nd ref="3707841833"/>
    <tag k="highway" v="residential"/>
    <tag k="oneway" v="no"/>
  </way>
  <way id="762884829">
    <nd ref="4430915564"/>
    <nd ref="7128607004"/>
    <nd ref="7128607005"/>
    <nd ref="3109149630"/>
    <tag k="highway" v="service"/>
    <tag k="name" v="星德一路"/>
  </way>
  <way id="762884830">
    <nd ref="2268453573"/>
    <nd ref="4430915707"/>
    <nd ref="3707841910"/>
    <tag k="highway" v="residential"/>
    <tag k="name" v="集慶一路"/>
  </way>
  <way id="762884831">
    <nd ref="2268453573"/>
    <nd ref="412685446"/>
    <nd ref="9500664256"/>
    <nd ref="9500029614"/>
    <nd ref="3109149672"/>
    <nd ref="3109149671"/>
    <tag k="highway" v="primary"/>
    <tag k="name" v="三星路四段"/>
    <tag k="ref" v="7丙"/>
    <tag k="ref:en" v="Provincial Highway 7C"/>
    <tag k="ref:zh" v="台7丙線"/>
  </way>
  <way id="762884832">
    <nd ref="3744188333"/>
    <nd ref="3744163746"/>
    <nd ref="5248606071"/>
    <nd ref="2268453576"/>
    <tag k="highway" v="unclassified"/>
    <tag k="name" v="星義路"/>
    <tag k="oneway" v="no"/>
  </way>
  <way id="766412756">
    <nd ref="7157997004"/>
    <nd ref="7157997003"/>
    <tag k="bridge" v="yes"/>
    <tag k="highway" v="tertiary"/>
    <tag k="layer" v="1"/>
    <tag k="name" v="田心橋"/>
    <tag k="ref" v="宜26-1"/>
    <tag k="ref:en" v="IL26-1"/>
    <tag k="ref:zh" v="宜26-1"/>
  </way>
  <way id="766412757">
    <nd ref="7157997003"/>
    <nd ref="2268453624"/>
    <tag k="highway" v="tertiary"/>
    <tag k="name" v="照林路二段"/>
    <tag k="ref" v="宜26-1"/>
    <tag k="ref:en" v="IL26-1"/>
    <tag k="ref:zh" v="宜26-1"/>
  </way>
  <way id="766412758">
    <nd ref="4430955704"/>
    <nd ref="4430955703"/>
    <tag k="bridge" v="yes"/>
    <tag k="highway" v="service"/>
    <tag k="layer" v="1"/>
    <tag k="name" v="大坑六號橋"/>
  </way>
  <way id="766412759">
    <nd ref="4430955703"/>
    <nd ref="3707841546"/>
    <nd ref="3707841552"/>
    <nd ref="4430955719"/>
    <nd ref="3707841570"/>
    <nd ref="3707841578"/>
    <nd ref="3707841580"/>
    <tag k="highway" v="service"/>
    <tag k="name" v="拱照二路"/>
  </way>
  <way id="766412760">
    <nd ref="1690064822"/>
    <nd ref="13857996826"/>
    <nd ref="13857996825"/>
    <nd ref="2214478298"/>
    <nd ref="1690064826"/>
    <nd ref="1690064857"/>
    <nd ref="1690064911"/>
    <nd ref="1690064927"/>
    <nd ref="1690064956"/>
    <nd ref="1690064952"/>
    <nd ref="2255669355"/>
    <nd ref="1690064958"/>
    <nd ref="1690064924"/>
    <nd ref="1690064887"/>
    <nd ref="1690064835"/>
    <nd ref="1690064781"/>
    <nd ref="1690064727"/>
    <nd ref="1690064719"/>
    <nd ref="1690064716"/>
    <nd ref="1690064714"/>
    <nd ref="1690064692"/>
    <nd ref="2255669344"/>
    <nd ref="2255669339"/>
    <nd ref="1690064681"/>
    <nd ref="1690064670"/>
    <nd ref="1690064684"/>
    <nd ref="2255669341"/>
    <nd ref="1690064721"/>
    <nd ref="1690064724"/>
    <nd ref="13857994968"/>
    <nd ref="1690064730"/>
    <nd ref="1690064764"/>
    <nd ref="13857994967"/>
    <nd ref="1690064787"/>
    <nd ref="1690064824"/>
    <nd ref="1690064882"/>
    <nd ref="1690064925"/>
    <nd ref="1690064961"/>
    <nd ref="1690064991"/>
    <nd ref="2255669366"/>
    <nd ref="2255669374"/>
    <nd ref="13857994964"/>
    <nd ref="1690064994"/>
    <nd ref="1690064996"/>
    <nd ref="1690064998"/>
    <nd ref="1690065000"/>
    <nd ref="1690065003"/>
    <nd ref="1690065007"/>
    <nd ref="1690065009"/>
    <nd ref="1690065012"/>
    <nd ref="13857994943"/>
    <nd ref="11158458264"/>
    <nd ref="1690065015"/>
    <nd ref="1690065036"/>
    <tag k="fixme" v="name?"/>
    <tag k="highway" v="service"/>
    <tag k="name" v="安農北路三段"/>
    <tag k="name:en" v="Annong North Road Section 3"/>
    <tag k="name:zh" v="安農北路三段"/>
  </way>
  <way id="766412761">
    <nd ref="1690064822"/>
    <nd ref="2255669368"/>
    <tag k="highway" v="tertiary"/>
    <tag k="name" v="健富路一段"/>
    <tag k="ref" v="宜47"/>
    <tag k="ref:en" v="IL47"/>
    <tag k="ref:zh" v="宜47"/>
  </way>
  <way id="766490166">
    <nd ref="7158775989"/>
    <nd ref="2268453784"/>
    <tag k="highway" v="tertiary"/>
    <tag k="name" v="星中路"/>
    <tag k="name:en" v="Xingchung Road"/>
    <tag k="name:zh" v="星中路"/>
    <tag k="ref" v="宜44"/>
    <tag k="ref:en" v="IL44"/>
    <tag k="ref:zh" v="宜44"/>
  </way>
  <way id="766490167">
    <nd ref="7158775990"/>
    <nd ref="7158775989"/>
    <tag k="bridge" v="yes"/>
    <tag k="highway" v="tertiary"/>
    <tag k="layer" v="1"/>
    <tag k="name" v="萬富一號橋"/>
    <tag k="ref" v="宜44"/>
    <tag k="ref:en" v="IL44"/>
    <tag k="ref:zh" v="宜44"/>
  </way>
  <way id="766490168">
    <nd ref="7158775991"/>
    <nd ref="7158775992"/>
    <tag k="bridge" v="yes"/>
    <tag k="highway" v="residential"/>
    <tag k="layer" v="1"/>
  </way>
  <way id="766490169">
    <nd ref="7158775992"/>
    <nd ref="2268453712"/>
    <nd ref="2268453668"/>
    <nd ref="1690064853"/>
    <tag k="highway" v="residential"/>
    <tag k="name" v="萬眉路"/>
  </way>
  <way id="766490170">
    <nd ref="7158775993"/>
    <nd ref="1690065058"/>
    <nd ref="1690065060"/>
    <nd ref="1690065081"/>
    <nd ref="1690065083"/>
    <nd ref="1690065085"/>
    <nd ref="2279816301"/>
    <nd ref="1690065088"/>
    <nd ref="9500652098"/>
    <nd ref="1690065090"/>
    <nd ref="1690065091"/>
    <nd ref="1690065095"/>
    <nd ref="1690065093"/>
    <nd ref="1690065097"/>
    <nd ref="1690065100"/>
    <nd ref="1690065102"/>
    <nd ref="988504616"/>
    <tag k="highway" v="secondary"/>
    <tag k="name" v="上將路六段"/>
    <tag k="ref" v="196"/>
    <tag k="ref:en" v="196"/>
    <tag k="ref:zh" v="196"/>
    <tag k="surface" v="asphalt"/>
  </way>
  <way id="766490171">
    <nd ref="7158775994"/>
    <nd ref="7158775993"/>
    <tag k="bridge" v="yes"/>
    <tag k="highway" v="secondary"/>
    <tag k="layer" v="1"/>
    <tag k="ref" v="196"/>
    <tag k="ref:en" v="196"/>
    <tag k="ref:zh" v="196"/>
  </way>
  <way id="766490172">
    <nd ref="2255669368"/>
    <nd ref="2255669370"/>
    <nd ref="2255669377"/>
    <nd ref="4430938351"/>
    <nd ref="4430938350"/>
    <nd ref="2255669378"/>
    <nd ref="2255669379"/>
    <nd ref="2255669382"/>
    <nd ref="2255669384"/>
    <nd ref="4430938352"/>
    <nd ref="1690065000"/>
    <tag k="highway" v="service"/>
    <tag k="name" v="行健二路一段"/>
  </way>
  <way id="766490173">
    <nd ref="2255669368"/>
    <nd ref="2214478328"/>
    <nd ref="1690085508"/>
    <nd ref="2214478451"/>
    <nd ref="1690085513"/>
    <tag k="highway" v="tertiary"/>
    <tag k="name" v="健富路一段"/>
    <tag k="ref" v="宜47"/>
    <tag k="ref:en" v="IL47"/>
    <tag k="ref:zh" v="宜47"/>
  </way>
  <way id="766490174">
    <nd ref="7158775995"/>
    <nd ref="2268453725"/>
    <nd ref="2268453691"/>
    <tag k="highway" v="secondary"/>
    <tag k="name" v="中山路二段"/>
    <tag k="ref" v="196"/>
    <tag k="ref:en" v="196"/>
    <tag k="ref:zh" v="196"/>
  </way>
  <way id="766490175">
    <nd ref="7158775996"/>
    <nd ref="7158775995"/>
    <tag k="bridge" v="yes"/>
    <tag k="highway" v="secondary"/>
    <tag k="layer" v="1"/>
    <tag k="name" v="月眉二號橋"/>
    <tag k="ref" v="196"/>
    <tag k="ref:en" v="196"/>
    <tag k="ref:zh" v="196"/>
  </way>
  <way id="766490176">
    <nd ref="7158775997"/>
    <nd ref="7158775998"/>
    <tag k="bridge" v="yes"/>
    <tag k="highway" v="service"/>
    <tag k="layer" v="1"/>
    <tag k="name" v="廣洲仔橋"/>
  </way>
  <way id="766490177">
    <nd ref="7158775998"/>
    <nd ref="2261122619"/>
    <nd ref="2261122591"/>
    <nd ref="2261122562"/>
    <nd ref="2261122542"/>
    <tag k="highway" v="service"/>
    <tag k="name" v="廣富路"/>
  </way>
  <way id="766502267">
    <nd ref="3707842356"/>
    <nd ref="2268453862"/>
    <nd ref="2268453863"/>
    <nd ref="2268453864"/>
    <tag k="highway" v="service"/>
    <tag k="name" v="楓林九路"/>
  </way>
  <way id="766502268">
    <nd ref="4430972136"/>
    <nd ref="7158907278"/>
    <tag k="highway" v="service"/>
    <tag k="name" v="人和七路"/>
  </way>
  <way id="766502269">
    <nd ref="7158907279"/>
    <nd ref="3707842326"/>
    <nd ref="3707842297"/>
    <nd ref="3707842278"/>
    <nd ref="8435127670"/>
    <nd ref="3707842233"/>
    <nd ref="9500942520"/>
    <nd ref="3707842220"/>
    <nd ref="3707842212"/>
    <nd ref="4430972082"/>
    <nd ref="3707842165"/>
    <tag k="highway" v="unclassified"/>
    <tag k="name" v="人和中路"/>
    <tag k="oneway" v="no"/>
  </way>
  <way id="766502270">
    <nd ref="7158907280"/>
    <nd ref="7158907279"/>
    <tag k="bridge" v="yes"/>
    <tag k="highway" v="unclassified"/>
    <tag k="layer" v="1"/>
    <tag k="name" v="人和中路"/>
    <tag k="oneway" v="no"/>
  </way>
  <way id="766505223">
    <nd ref="3707842329"/>
    <nd ref="4458314409"/>
    <nd ref="4458314410"/>
    <nd ref="3707842327"/>
    <nd ref="3707842343"/>
    <nd ref="3707842348"/>
    <tag k="highway" v="service"/>
    <tag k="name" v="農義路二段107巷"/>
  </way>
  <way id="797099338">
    <nd ref="7638516093"/>
    <nd ref="9311485887"/>
    <nd ref="13056093016"/>
    <nd ref="13056093015"/>
    <nd ref="7454825009"/>
    <nd ref="7454824861"/>
    <nd ref="7454821496"/>
    <nd ref="7454824801"/>
    <nd ref="13056093014"/>
    <nd ref="7454824936"/>
    <nd ref="13056093012"/>
    <nd ref="13056093013"/>
    <nd ref="7454825103"/>
    <nd ref="7454821525"/>
    <nd ref="13056093011"/>
    <nd ref="7454824867"/>
    <nd ref="7454825010"/>
    <tag k="highway" v="unclassified"/>
  </way>
  <way id="797099343">
    <nd ref="7638516110"/>
    <nd ref="7638516127"/>
    <nd ref="7454824828"/>
    <nd ref="7454824869"/>
    <nd ref="7638516128"/>
    <nd ref="7454824823"/>
    <nd ref="7454825108"/>
    <nd ref="7638516126"/>
    <nd ref="7454821500"/>
    <nd ref="7454825139"/>
    <nd ref="7454824906"/>
    <nd ref="7454825015"/>
    <nd ref="7454825021"/>
    <nd ref="7454824866"/>
    <nd ref="7638516129"/>
    <nd ref="7638516109"/>
    <nd ref="7638516108"/>
    <nd ref="7638516107"/>
    <nd ref="7638516106"/>
    <nd ref="7638516105"/>
    <nd ref="7638516104"/>
    <nd ref="7638516103"/>
    <nd ref="7638516102"/>
    <nd ref="7638516101"/>
    <nd ref="7638516100"/>
    <nd ref="7638516099"/>
    <nd ref="7638516098"/>
    <nd ref="7638516097"/>
    <nd ref="7638516096"/>
    <nd ref="7638516095"/>
    <nd ref="7638516094"/>
    <nd ref="7638516093"/>
    <tag k="highway" v="unclassified"/>
  </way>
  <way id="797099344">
    <nd ref="7638516087"/>
    <nd ref="7638516088"/>
    <nd ref="13056093010"/>
    <nd ref="7638516089"/>
    <nd ref="13056093009"/>
    <nd ref="7638516090"/>
    <nd ref="13056093008"/>
    <nd ref="7638516091"/>
    <nd ref="7638516092"/>
    <nd ref="13056093007"/>
    <nd ref="7454825093"/>
    <nd ref="13056093006"/>
    <nd ref="13056093005"/>
    <nd ref="7454821493"/>
    <nd ref="7454824841"/>
    <nd ref="13056093004"/>
    <nd ref="7454824856"/>
    <nd ref="13056093003"/>
    <nd ref="13056093002"/>
    <nd ref="7454821554"/>
    <nd ref="13056093001"/>
    <nd ref="7454821488"/>
    <nd ref="13056093000"/>
    <nd ref="13056092999"/>
    <nd ref="13056092998"/>
    <nd ref="7454824975"/>
    <nd ref="7454824896"/>
    <nd ref="13056092997"/>
    <nd ref="7454824959"/>
    <nd ref="7645360289"/>
    <nd ref="13056092996"/>
    <nd ref="7454824851"/>
    <nd ref="13056092995"/>
    <nd ref="7454825010"/>
    <nd ref="13056092994"/>
    <nd ref="13056092993"/>
    <nd ref="13056092992"/>
    <nd ref="13056092991"/>
    <nd ref="13056092990"/>
    <nd ref="13056092989"/>
    <nd ref="13056092988"/>
    <nd ref="13056092987"/>
    <nd ref="13056092986"/>
    <nd ref="13056092985"/>
    <nd ref="13056092984"/>
    <tag k="highway" v="track"/>
  </way>
  <way id="808601834">
    <nd ref="7561124294"/>
    <nd ref="7561124295"/>
    <nd ref="7561124296"/>
    <nd ref="7561124297"/>
    <nd ref="7561124298"/>
    <nd ref="7561124299"/>
    <nd ref="7561124300"/>
    <nd ref="7561124301"/>
    <nd ref="7561124302"/>
    <nd ref="7561124303"/>
    <nd ref="7561124304"/>
    <nd ref="7561124305"/>
    <nd ref="7561124306"/>
    <nd ref="7561124307"/>
    <nd ref="7561124308"/>
    <nd ref="7561124309"/>
    <nd ref="7561124310"/>
    <nd ref="7561124311"/>
    <nd ref="7561124312"/>
    <nd ref="7561124313"/>
    <nd ref="7561124314"/>
    <nd ref="7561124315"/>
    <nd ref="7561124316"/>
    <nd ref="7561124317"/>
    <nd ref="7561124318"/>
    <nd ref="7561124319"/>
    <nd ref="7561124320"/>
    <nd ref="7561124321"/>
    <nd ref="7561124322"/>
    <nd ref="7561124323"/>
    <nd ref="7561124324"/>
    <nd ref="7561124325"/>
    <nd ref="7561124326"/>
    <nd ref="7561124327"/>
    <nd ref="7561124328"/>
    <nd ref="7561124329"/>
    <nd ref="7561124330"/>
    <nd ref="7561124331"/>
    <nd ref="7561124332"/>
    <nd ref="7561124333"/>
    <nd ref="7561124334"/>
    <nd ref="7561124335"/>
    <tag k="bicycle" v="yes"/>
    <tag k="highway" v="cycleway"/>
    <tag k="name" v="安農溪右岸自行車道"/>
  </way>
  <way id="824745548">
    <nd ref="7701090368"/>
    <nd ref="7701090369"/>
    <nd ref="7701090370"/>
    <tag k="highway" v="track"/>
    <tag k="source" v="digitalglobe"/>
  </way>
  <way id="824745549">
    <nd ref="3707842173"/>
    <nd ref="7701090376"/>
    <nd ref="7701090375"/>
    <nd ref="7701090371"/>
    <nd ref="7701090372"/>
    <nd ref="7701090373"/>
    <nd ref="7701090374"/>
    <tag k="highway" v="service"/>
    <tag k="source" v="digitalglobe"/>
  </way>
  <way id="824745550">
    <nd ref="7701090377"/>
    <nd ref="7701090378"/>
    <nd ref="7701090379"/>
    <nd ref="7701090380"/>
    <nd ref="7701090381"/>
    <nd ref="7701090382"/>
    <nd ref="7701090383"/>
    <nd ref="7701090384"/>
    <nd ref="7701090385"/>
    <nd ref="7701090386"/>
    <nd ref="7701090387"/>
    <nd ref="7701090388"/>
    <nd ref="7701090389"/>
    <nd ref="7701090390"/>
    <nd ref="7701090391"/>
    <nd ref="7701090392"/>
    <nd ref="7701090393"/>
    <nd ref="7701090394"/>
    <nd ref="7701090395"/>
    <tag k="highway" v="service"/>
    <tag k="source" v="digitalglobe"/>
  </way>
  <way id="824745551">
    <nd ref="11158458216"/>
    <nd ref="7701090396"/>
    <tag k="highway" v="service"/>
    <tag k="name" v="大埔中路233巷77弄"/>
    <tag k="source" v="digitalglobe"/>
  </way>
  <way id="824745552">
    <nd ref="7701090397"/>
    <nd ref="7701090398"/>
    <tag k="highway" v="service"/>
    <tag k="name" v="大埔中路233巷71弄"/>
    <tag k="source" v="digitalglobe"/>
  </way>
  <way id="824745553">
    <nd ref="7701090399"/>
    <nd ref="7701090400"/>
    <tag k="highway" v="service"/>
    <tag k="name" v="大埔中路233巷65弄"/>
    <tag k="source" v="digitalglobe"/>
  </way>
  <way id="824745554">
    <nd ref="7701090401"/>
    <nd ref="7701090402"/>
    <tag k="highway" v="service"/>
    <tag k="name" v="三星路二段99巷67弄"/>
    <tag k="source" v="digitalglobe"/>
  </way>
  <way id="824745555">
    <nd ref="7701090401"/>
    <nd ref="7701090403"/>
    <nd ref="7701090404"/>
    <nd ref="7701090405"/>
    <nd ref="3707841915"/>
    <tag k="highway" v="track"/>
    <tag k="source" v="digitalglobe"/>
  </way>
  <way id="824745556">
    <nd ref="7701090401"/>
    <nd ref="11158458215"/>
    <nd ref="3707841959"/>
    <tag k="highway" v="service"/>
    <tag k="source" v="digitalglobe"/>
  </way>
  <way id="824745557">
    <nd ref="7701090413"/>
    <nd ref="7701090414"/>
    <nd ref="7701090415"/>
    <tag k="highway" v="service"/>
    <tag k="name" v="大埔中路187巷"/>
    <tag k="source" v="digitalglobe"/>
  </way>
  <way id="824745558">
    <nd ref="7701090416"/>
    <nd ref="7701090417"/>
    <tag k="highway" v="service"/>
    <tag k="name" v="大埔中路197巷"/>
    <tag k="source" v="digitalglobe"/>
  </way>
  <way id="824745559">
    <nd ref="7701090413"/>
    <nd ref="7701090416"/>
    <nd ref="7701090418"/>
    <tag k="highway" v="service"/>
    <tag k="name" v="大埔中路187巷26弄"/>
    <tag k="source" v="digitalglobe"/>
  </way>
  <way id="824745560">
    <nd ref="7701090413"/>
    <nd ref="7701090419"/>
    <nd ref="7701090420"/>
    <tag k="highway" v="service"/>
    <tag k="name" v="大埔中路187巷"/>
    <tag k="source" v="digitalglobe"/>
  </way>
  <way id="824745561">
    <nd ref="7701090421"/>
    <nd ref="7701090422"/>
    <tag k="highway" v="track"/>
    <tag k="name" v="大埔中路225巷"/>
    <tag k="source" v="digitalglobe"/>
  </way>
  <way id="824745562">
    <nd ref="4430959529"/>
    <nd ref="10308446894"/>
    <nd ref="7701090423"/>
    <tag k="highway" v="service"/>
    <tag k="source" v="digitalglobe"/>
  </way>
  <way id="824745563">
    <nd ref="7701090377"/>
    <nd ref="7701090424"/>
    <nd ref="7701090425"/>
    <nd ref="7701090426"/>
    <nd ref="7701090427"/>
    <nd ref="7701090428"/>
    <tag k="highway" v="service"/>
    <tag k="source" v="digitalglobe"/>
  </way>
  <way id="824745564">
    <nd ref="11158458217"/>
    <nd ref="10308446893"/>
    <nd ref="7701090429"/>
    <nd ref="7701090430"/>
    <tag k="highway" v="service"/>
    <tag k="name" v="大埔中路265巷18弄"/>
    <tag k="source" v="digitalglobe"/>
  </way>
  <way id="831121539">
    <nd ref="7760318721"/>
    <nd ref="3707841690"/>
    <nd ref="3707841705"/>
    <nd ref="4430915531"/>
    <nd ref="3063277926"/>
    <tag k="highway" v="service"/>
    <tag k="name" v="雙和一路"/>
  </way>
  <way id="831121540">
    <nd ref="7760318722"/>
    <nd ref="7760318721"/>
    <tag k="bridge" v="yes"/>
    <tag k="highway" v="service"/>
    <tag k="layer" v="1"/>
  </way>
  <way id="842736281">
    <nd ref="7861815453"/>
    <nd ref="7861815452"/>
    <nd ref="7861815451"/>
    <nd ref="7861815450"/>
    <nd ref="7861815449"/>
    <nd ref="7861815448"/>
    <nd ref="7861815447"/>
    <nd ref="7861815446"/>
    <nd ref="7861815445"/>
    <nd ref="7861815444"/>
    <nd ref="7861815454"/>
    <nd ref="7861815443"/>
    <nd ref="7861815442"/>
    <nd ref="7861815441"/>
    <nd ref="7861815440"/>
    <nd ref="7861815439"/>
    <tag k="highway" v="unclassified"/>
    <tag k="name" v="大進十一路"/>
  </way>
  <way id="842736282">
    <nd ref="7861815456"/>
    <nd ref="4430922772"/>
    <nd ref="4430922762"/>
    <nd ref="4430922757"/>
    <nd ref="4430922751"/>
    <nd ref="4430922746"/>
    <nd ref="4430922742"/>
    <nd ref="4430922715"/>
    <tag k="highway" v="unclassified"/>
  </way>
  <way id="842736283">
    <nd ref="3125135182"/>
    <nd ref="3125135181"/>
    <nd ref="4430922740"/>
    <nd ref="3125135180"/>
    <nd ref="7861815458"/>
    <nd ref="7861815457"/>
    <nd ref="7861815456"/>
    <tag k="highway" v="unclassified"/>
    <tag k="name" v="大進九路"/>
  </way>
  <way id="842736284">
    <nd ref="3210375963"/>
    <nd ref="3210375956"/>
    <nd ref="2938325122"/>
    <tag k="highway" v="unclassified"/>
    <tag k="name" v="小埤二路"/>
  </way>
  <way id="848631062">
    <nd ref="7918293863"/>
    <nd ref="9500029615"/>
    <nd ref="7918293864"/>
    <nd ref="9500029616"/>
    <nd ref="9500049817"/>
    <nd ref="9500049818"/>
    <nd ref="3109149671"/>
    <tag k="highway" v="residential"/>
    <tag k="source" v="maxar"/>
  </way>
  <way id="848631063">
    <nd ref="7918293865"/>
    <nd ref="7918293866"/>
    <nd ref="7918293867"/>
    <nd ref="7918293868"/>
    <tag k="highway" v="service"/>
    <tag k="source" v="maxar"/>
  </way>
  <way id="848631064">
    <nd ref="4430915693"/>
    <nd ref="7918293869"/>
    <tag k="highway" v="residential"/>
    <tag k="source" v="maxar"/>
  </way>
  <way id="848631065">
    <nd ref="7918293871"/>
    <nd ref="7918293870"/>
    <nd ref="4430915563"/>
    <tag k="highway" v="residential"/>
    <tag k="source" v="maxar"/>
  </way>
  <way id="848631066">
    <nd ref="4430915525"/>
    <nd ref="7918293872"/>
    <nd ref="7918293873"/>
    <nd ref="3109149627"/>
    <tag k="highway" v="service"/>
    <tag k="name" v="三星路六段75巷"/>
    <tag k="source" v="maxar"/>
  </way>
  <way id="848631067">
    <nd ref="7918293874"/>
    <nd ref="7918293875"/>
    <nd ref="13866442681"/>
    <nd ref="7918293876"/>
    <nd ref="7918293878"/>
    <tag k="highway" v="service"/>
    <tag k="source" v="maxar"/>
  </way>
  <way id="848631068">
    <nd ref="7918293879"/>
    <nd ref="7918293880"/>
    <nd ref="9706774924"/>
    <nd ref="7918293881"/>
    <nd ref="7918293882"/>
    <nd ref="7918293883"/>
    <nd ref="7918293884"/>
    <nd ref="7918338285"/>
    <nd ref="7918338286"/>
    <nd ref="7918338287"/>
    <nd ref="7918338288"/>
    <nd ref="7918338289"/>
    <nd ref="7918338290"/>
    <nd ref="7918338291"/>
    <nd ref="7918338292"/>
    <nd ref="9706774928"/>
    <nd ref="9706774929"/>
    <nd ref="7918338293"/>
    <nd ref="7918338294"/>
    <nd ref="7918338295"/>
    <nd ref="7918338296"/>
    <nd ref="9706774930"/>
    <nd ref="7918338297"/>
    <nd ref="7918338298"/>
    <nd ref="7918338299"/>
    <nd ref="7918338300"/>
    <nd ref="7918338301"/>
    <nd ref="7918338302"/>
    <nd ref="7918338303"/>
    <nd ref="7918338304"/>
    <nd ref="7918338305"/>
    <nd ref="7918338306"/>
    <nd ref="7918338307"/>
    <nd ref="7918338308"/>
    <nd ref="7918338309"/>
    <nd ref="7918338310"/>
    <nd ref="7918338311"/>
    <nd ref="7918338312"/>
    <nd ref="7918338313"/>
    <nd ref="7918338314"/>
    <nd ref="7918338315"/>
    <nd ref="7918338316"/>
    <nd ref="7918338317"/>
    <nd ref="7918338318"/>
    <nd ref="7918338319"/>
    <nd ref="7918338320"/>
    <nd ref="7918338321"/>
    <nd ref="7918338322"/>
    <nd ref="7918338323"/>
    <nd ref="7918338324"/>
    <nd ref="7918338325"/>
    <nd ref="7918338326"/>
    <nd ref="7918338327"/>
    <nd ref="7918338328"/>
    <nd ref="7918338329"/>
    <nd ref="9706774932"/>
    <nd ref="7918338330"/>
    <nd ref="9706774931"/>
    <nd ref="7918338331"/>
    <nd ref="7918338332"/>
    <nd ref="9706774933"/>
    <nd ref="7918338333"/>
    <nd ref="7918338334"/>
    <nd ref="7918338335"/>
    <nd ref="7918338336"/>
    <nd ref="9706774934"/>
    <nd ref="7918338337"/>
    <nd ref="9706774935"/>
    <nd ref="9706774936"/>
    <nd ref="7918338338"/>
    <nd ref="9706774938"/>
    <nd ref="9706774937"/>
    <nd ref="7918338339"/>
    <nd ref="7918338340"/>
    <nd ref="7918338341"/>
    <nd ref="5628715742"/>
    <nd ref="11405754684"/>
    <nd ref="11405754685"/>
    <nd ref="11405754686"/>
    <nd ref="11405754687"/>
    <nd ref="11405754688"/>
    <nd ref="11405754689"/>
    <nd ref="11405754690"/>
    <nd ref="11405754691"/>
    <nd ref="11405754692"/>
    <nd ref="11405754693"/>
    <nd ref="11405754694"/>
    <nd ref="11405754695"/>
    <nd ref="11405754696"/>
    <nd ref="11405754697"/>
    <nd ref="11405754698"/>
    <nd ref="11405754699"/>
    <nd ref="11405754700"/>
    <nd ref="11405754701"/>
    <nd ref="11405754702"/>
    <nd ref="11405754703"/>
    <nd ref="11405754704"/>
    <tag k="highway" v="track"/>
    <tag k="source" v="maxar"/>
    <tag k="tracktype" v="grade1"/>
  </way>
  <way id="848631069">
    <nd ref="7918293879"/>
    <nd ref="9706774926"/>
    <nd ref="9706774925"/>
    <nd ref="7918338342"/>
    <nd ref="7918338343"/>
    <nd ref="7918338344"/>
    <nd ref="7918338345"/>
    <nd ref="7918338346"/>
    <nd ref="7918338347"/>
    <nd ref="7918338348"/>
    <nd ref="7918338349"/>
    <nd ref="9706774927"/>
    <nd ref="7918338350"/>
    <nd ref="7918338351"/>
    <nd ref="7918338352"/>
    <nd ref="7918338353"/>
    <nd ref="7918338354"/>
    <nd ref="9706768815"/>
    <nd ref="9706774923"/>
    <nd ref="9706774922"/>
    <nd ref="7918338355"/>
    <nd ref="9706774921"/>
    <nd ref="7918338356"/>
    <nd ref="7918338357"/>
    <nd ref="7918338358"/>
    <nd ref="7918338359"/>
    <nd ref="7918338360"/>
    <nd ref="7918338361"/>
    <nd ref="7918338362"/>
    <nd ref="7918338363"/>
    <nd ref="7918338364"/>
    <nd ref="7918338365"/>
    <nd ref="7918338366"/>
    <nd ref="7918338367"/>
    <nd ref="7918338368"/>
    <nd ref="9706774917"/>
    <nd ref="9706768816"/>
    <nd ref="7918338369"/>
    <nd ref="7918338370"/>
    <nd ref="7918338387"/>
    <nd ref="7918338386"/>
    <nd ref="9706774918"/>
    <nd ref="7918338385"/>
    <nd ref="9706774919"/>
    <nd ref="7918338384"/>
    <nd ref="9706774920"/>
    <nd ref="7918338383"/>
    <nd ref="7918338382"/>
    <nd ref="7918338381"/>
    <nd ref="7918338380"/>
    <nd ref="9706768814"/>
    <nd ref="7918338379"/>
    <nd ref="7918338378"/>
    <nd ref="7918338377"/>
    <nd ref="7918338376"/>
    <nd ref="7918338375"/>
    <nd ref="7918338374"/>
    <nd ref="7918338373"/>
    <nd ref="7918338372"/>
    <nd ref="7918338371"/>
    <nd ref="7918338403"/>
    <nd ref="7918338388"/>
    <nd ref="7918338389"/>
    <nd ref="7918338390"/>
    <nd ref="7918338391"/>
    <nd ref="7918338392"/>
    <nd ref="7918338393"/>
    <nd ref="7918338394"/>
    <nd ref="7918338395"/>
    <nd ref="7918338396"/>
    <nd ref="7918338397"/>
    <nd ref="7918338398"/>
    <nd ref="7918338399"/>
    <nd ref="7918338400"/>
    <nd ref="9706768813"/>
    <nd ref="7918338401"/>
    <nd ref="7918338404"/>
    <nd ref="9706768812"/>
    <nd ref="7918338405"/>
    <nd ref="9706768811"/>
    <nd ref="7918338406"/>
    <nd ref="7918338402"/>
    <nd ref="9706768809"/>
    <nd ref="7918338407"/>
    <nd ref="9706768810"/>
    <nd ref="7918338408"/>
    <nd ref="7918338409"/>
    <nd ref="7918338410"/>
    <nd ref="7918338411"/>
    <nd ref="7918338412"/>
    <nd ref="7918338413"/>
    <nd ref="9706768795"/>
    <nd ref="7918338414"/>
    <nd ref="9706768794"/>
    <nd ref="9706768791"/>
    <nd ref="9706768793"/>
    <nd ref="7918338415"/>
    <nd ref="9706768792"/>
    <nd ref="9706768784"/>
    <nd ref="7918338416"/>
    <nd ref="7918338417"/>
    <nd ref="7918338418"/>
    <nd ref="7918338419"/>
    <nd ref="7918338420"/>
    <tag k="highway" v="residential"/>
    <tag k="name" v="茶山路"/>
    <tag k="source" v="maxar"/>
  </way>
  <way id="848631070">
    <nd ref="7918338420"/>
    <nd ref="7918338421"/>
    <nd ref="7918338422"/>
    <nd ref="7918338423"/>
    <nd ref="7918338424"/>
    <nd ref="7918338425"/>
    <nd ref="7918338426"/>
    <nd ref="7918338427"/>
    <nd ref="7918338428"/>
    <nd ref="7918338429"/>
    <nd ref="7918338430"/>
    <nd ref="3707841547"/>
    <tag k="highway" v="service"/>
    <tag k="name" v="茶山路"/>
    <tag k="source" v="maxar"/>
  </way>
  <way id="848631072">
    <nd ref="7918338433"/>
    <nd ref="7918338434"/>
    <nd ref="7918338435"/>
    <nd ref="7918338436"/>
    <nd ref="7918338437"/>
    <nd ref="2283511671"/>
    <tag k="highway" v="service"/>
    <tag k="source" v="maxar"/>
  </way>
  <way id="848631073">
    <nd ref="2283511684"/>
    <nd ref="7918338448"/>
    <nd ref="7918338447"/>
    <nd ref="7918338446"/>
    <nd ref="7918338445"/>
    <nd ref="7918338444"/>
    <nd ref="7918338443"/>
    <nd ref="7918338442"/>
    <nd ref="7918338441"/>
    <nd ref="7918338440"/>
    <nd ref="7918338439"/>
    <nd ref="7918338438"/>
    <tag k="highway" v="service"/>
    <tag k="source" v="maxar"/>
  </way>
  <way id="848631074">
    <nd ref="3707841757"/>
    <nd ref="7918338449"/>
    <nd ref="7918338450"/>
    <nd ref="7918338451"/>
    <nd ref="7918338452"/>
    <nd ref="7918338453"/>
    <nd ref="7918338454"/>
    <nd ref="7918338455"/>
    <nd ref="7918338456"/>
    <nd ref="7918338457"/>
    <nd ref="7918338458"/>
    <nd ref="7918338459"/>
    <nd ref="7918338460"/>
    <nd ref="7918338461"/>
    <nd ref="7918338462"/>
    <nd ref="7918338463"/>
    <nd ref="7918338464"/>
    <nd ref="7918338465"/>
    <nd ref="7918338466"/>
    <nd ref="7918338467"/>
    <nd ref="7918338468"/>
    <nd ref="7918338469"/>
    <nd ref="7918338470"/>
    <nd ref="7918338471"/>
    <nd ref="7918338472"/>
    <nd ref="7918338473"/>
    <nd ref="7918338474"/>
    <nd ref="7918338475"/>
    <nd ref="9610395448"/>
    <nd ref="3707841689"/>
    <tag k="highway" v="service"/>
    <tag k="source" v="maxar"/>
  </way>
  <way id="848631075">
    <nd ref="7918338477"/>
    <nd ref="7918338478"/>
    <nd ref="7918338479"/>
    <nd ref="7918338480"/>
    <nd ref="7918338481"/>
    <nd ref="7918338482"/>
    <nd ref="7918338483"/>
    <nd ref="7918338484"/>
    <nd ref="7918338485"/>
    <nd ref="7918338486"/>
    <nd ref="7918338487"/>
    <nd ref="7918338488"/>
    <nd ref="7918338489"/>
    <nd ref="7918338490"/>
    <nd ref="7918338491"/>
    <tag k="highway" v="residential"/>
    <tag k="source" v="maxar"/>
  </way>
  <way id="848631076">
    <nd ref="7918338489"/>
    <nd ref="7918338492"/>
    <nd ref="7918338493"/>
    <nd ref="7918338494"/>
    <nd ref="7918338495"/>
    <tag k="highway" v="residential"/>
    <tag k="source" v="maxar"/>
  </way>
  <way id="848631077">
    <nd ref="7918338498"/>
    <nd ref="7918338496"/>
    <nd ref="7918338497"/>
    <tag k="highway" v="service"/>
    <tag k="name" v="大隱七路367巷"/>
    <tag k="source" v="maxar"/>
  </way>
  <way id="848631078">
    <nd ref="2083234433"/>
    <nd ref="7918338496"/>
    <nd ref="7918338499"/>
    <tag k="highway" v="residential"/>
    <tag k="name" v="大埔中路102巷"/>
    <tag k="source" v="maxar"/>
  </way>
  <way id="848631079">
    <nd ref="7918338500"/>
    <nd ref="7918338501"/>
    <nd ref="7918338502"/>
    <tag k="highway" v="residential"/>
    <tag k="source" v="maxar"/>
  </way>
  <way id="848631080">
    <nd ref="2083234425"/>
    <nd ref="7918338503"/>
    <nd ref="7918338504"/>
    <nd ref="4431088393"/>
    <tag k="highway" v="residential"/>
    <tag k="source" v="maxar"/>
  </way>
  <way id="848631081">
    <nd ref="7918338506"/>
    <nd ref="3210376045"/>
    <tag k="highway" v="service"/>
    <tag k="name" v="大隱中路255巷"/>
    <tag k="source" v="maxar"/>
  </way>
  <way id="848631082">
    <nd ref="7918338507"/>
    <nd ref="3210376044"/>
    <tag k="highway" v="service"/>
    <tag k="source" v="maxar"/>
  </way>
  <way id="848631083">
    <nd ref="7918338508"/>
    <nd ref="7918338509"/>
    <nd ref="7918338510"/>
    <nd ref="7918338511"/>
    <nd ref="7918338512"/>
    <nd ref="7918338513"/>
    <tag k="highway" v="residential"/>
    <tag k="source" v="maxar"/>
  </way>
  <way id="848631084">
    <nd ref="7918338514"/>
    <nd ref="994345775"/>
    <tag k="bridge" v="yes"/>
    <tag k="highway" v="tertiary"/>
    <tag k="layer" v="1"/>
    <tag k="name" v="淋漓坑橋"/>
    <tag k="oneway" v="no"/>
    <tag k="ref" v="宜49"/>
    <tag k="ref:en" v="IL49"/>
    <tag k="ref:zh" v="宜49"/>
  </way>
  <way id="848631085">
    <nd ref="994345775"/>
    <nd ref="994345677"/>
    <tag k="highway" v="tertiary"/>
    <tag k="name" v="大進八路"/>
    <tag k="oneway" v="no"/>
    <tag k="ref" v="宜49"/>
    <tag k="ref:en" v="IL49"/>
    <tag k="ref:zh" v="宜49"/>
  </way>
  <way id="848631086">
    <nd ref="7918338515"/>
    <nd ref="7918338516"/>
    <nd ref="7918338517"/>
    <nd ref="7918338518"/>
    <nd ref="7918338519"/>
    <nd ref="7918338520"/>
    <nd ref="7918338521"/>
    <tag k="highway" v="residential"/>
    <tag k="source" v="maxar"/>
  </way>
  <way id="848631087">
    <nd ref="7918338522"/>
    <nd ref="7918338532"/>
    <tag k="highway" v="residential"/>
    <tag k="source" v="maxar"/>
  </way>
  <way id="848631092">
    <nd ref="7918338531"/>
    <nd ref="7918338523"/>
    <nd ref="7918338524"/>
    <nd ref="7918338525"/>
    <nd ref="7918338526"/>
    <tag k="highway" v="residential"/>
    <tag k="source" v="maxar"/>
  </way>
  <way id="848631093">
    <nd ref="7918338532"/>
    <nd ref="7918338531"/>
    <tag k="bridge" v="yes"/>
    <tag k="highway" v="residential"/>
    <tag k="layer" v="1"/>
    <tag k="source" v="maxar"/>
  </way>
  <way id="859539017">
    <nd ref="8012004978"/>
    <nd ref="8012004979"/>
    <nd ref="8012004980"/>
    <tag k="highway" v="residential"/>
  </way>
  <way id="859539018">
    <nd ref="8012004981"/>
    <nd ref="8012004982"/>
    <nd ref="8012004983"/>
    <tag k="highway" v="residential"/>
  </way>
  <way id="859539019">
    <nd ref="8012004984"/>
    <nd ref="8012024185"/>
    <tag k="highway" v="residential"/>
  </way>
  <way id="859539020">
    <nd ref="8012024186"/>
    <nd ref="8012024187"/>
    <nd ref="8012024188"/>
    <tag k="highway" v="residential"/>
  </way>
  <way id="894884344">
    <nd ref="4431004894"/>
    <nd ref="3063277927"/>
    <nd ref="3063277926"/>
    <tag k="highway" v="residential"/>
    <tag k="name" v="雙和一路"/>
  </way>
  <way id="960659102">
    <nd ref="2946914454"/>
    <nd ref="2083234340"/>
    <nd ref="2083234338"/>
    <nd ref="2083234336"/>
    <nd ref="2083234335"/>
    <nd ref="2083234334"/>
    <nd ref="2083234332"/>
    <nd ref="2083234326"/>
    <nd ref="2083234339"/>
    <nd ref="2083234516"/>
    <nd ref="2083234268"/>
    <nd ref="11715725435"/>
    <nd ref="2083234440"/>
    <nd ref="2083234437"/>
    <nd ref="2083234410"/>
    <tag k="highway" v="unclassified"/>
    <tag k="name" v="玉尊路"/>
    <tag k="source" v="Bing"/>
  </way>
  <way id="960659104">
    <nd ref="4430970265"/>
    <nd ref="8886908308"/>
    <nd ref="8886908291"/>
    <nd ref="8886908292"/>
    <nd ref="8886908293"/>
    <nd ref="8886908307"/>
    <nd ref="8886908294"/>
    <nd ref="8886908295"/>
    <nd ref="8886908296"/>
    <nd ref="8886908297"/>
    <nd ref="8886908298"/>
    <nd ref="8886908299"/>
    <nd ref="8886908300"/>
    <nd ref="8886908301"/>
    <nd ref="8886908302"/>
    <nd ref="8886908303"/>
    <nd ref="8886908304"/>
    <nd ref="8886908305"/>
    <nd ref="8886908306"/>
    <nd ref="8886908309"/>
    <nd ref="8886908310"/>
    <nd ref="8886908353"/>
    <nd ref="8886908354"/>
    <nd ref="8886908355"/>
    <nd ref="8886908356"/>
    <nd ref="8886908357"/>
    <nd ref="8886908358"/>
    <nd ref="8886908359"/>
    <nd ref="8886908360"/>
    <nd ref="8886908361"/>
    <nd ref="8886908362"/>
    <nd ref="8886908363"/>
    <nd ref="8886908364"/>
    <nd ref="8886908365"/>
    <nd ref="8886908366"/>
    <nd ref="8886908367"/>
    <nd ref="8886908368"/>
    <nd ref="8886908369"/>
    <nd ref="8886908370"/>
    <nd ref="8886908371"/>
    <nd ref="8886908372"/>
    <nd ref="8886908373"/>
    <nd ref="8886908374"/>
    <nd ref="8886908375"/>
    <nd ref="8886908376"/>
    <nd ref="8886908377"/>
    <nd ref="8886908378"/>
    <nd ref="8886908379"/>
    <nd ref="8886908380"/>
    <nd ref="8886908381"/>
    <nd ref="8886908382"/>
    <nd ref="8886908383"/>
    <nd ref="13004541929"/>
    <nd ref="8886908384"/>
    <nd ref="8886908385"/>
    <nd ref="8886908386"/>
    <nd ref="8886908387"/>
    <nd ref="13004541928"/>
    <nd ref="8886908388"/>
    <nd ref="8886908389"/>
    <nd ref="8886908390"/>
    <nd ref="13004541927"/>
    <nd ref="8886908391"/>
    <nd ref="13004541926"/>
    <nd ref="8886908392"/>
    <nd ref="13004541924"/>
    <nd ref="13004541925"/>
    <nd ref="8886908393"/>
    <nd ref="8886908394"/>
    <nd ref="8886908395"/>
    <nd ref="8886908396"/>
    <nd ref="13004541923"/>
    <nd ref="8886908397"/>
    <nd ref="8886908398"/>
    <nd ref="8886908399"/>
    <nd ref="8886908400"/>
    <nd ref="8886908401"/>
    <nd ref="8886908402"/>
    <nd ref="8886908403"/>
    <nd ref="8886908404"/>
    <nd ref="13004541904"/>
    <nd ref="8886908405"/>
    <nd ref="13004541903"/>
    <nd ref="13004541902"/>
    <nd ref="13004541891"/>
    <nd ref="13004541890"/>
    <nd ref="13004541889"/>
    <nd ref="8886908406"/>
    <tag k="highway" v="unclassified"/>
  </way>
  <way id="960659105">
    <nd ref="2946920514"/>
    <nd ref="8886908352"/>
    <nd ref="8886908351"/>
    <nd ref="8886908350"/>
    <nd ref="8886908349"/>
    <nd ref="13004541922"/>
    <nd ref="8886908348"/>
    <nd ref="13004541921"/>
    <nd ref="8886908347"/>
    <nd ref="8886908346"/>
    <nd ref="8886908345"/>
    <nd ref="8886908344"/>
    <nd ref="8886908343"/>
    <nd ref="13004541920"/>
    <nd ref="13004541919"/>
    <nd ref="8886908342"/>
    <nd ref="8886908341"/>
    <nd ref="8886908340"/>
    <nd ref="13004541918"/>
    <nd ref="8886908339"/>
    <nd ref="8886908338"/>
    <nd ref="13004541917"/>
    <nd ref="8886908337"/>
    <nd ref="8886908336"/>
    <nd ref="13004541916"/>
    <nd ref="8886908335"/>
    <nd ref="8886908334"/>
    <nd ref="8886908333"/>
    <nd ref="8886908332"/>
    <nd ref="13004541915"/>
    <nd ref="8886908331"/>
    <nd ref="13004541914"/>
    <nd ref="8886908330"/>
    <nd ref="8886908413"/>
    <nd ref="8886908412"/>
    <nd ref="8886908411"/>
    <nd ref="8886908410"/>
    <nd ref="8886908409"/>
    <nd ref="8886908408"/>
    <nd ref="8886908407"/>
    <nd ref="8886908402"/>
    <tag k="highway" v="unclassified"/>
  </way>
  <way id="979830238">
    <nd ref="3707841611"/>
    <nd ref="11054672962"/>
    <nd ref="9064228294"/>
    <nd ref="9064228295"/>
    <nd ref="9064228296"/>
    <nd ref="9064228297"/>
    <nd ref="11054672963"/>
    <nd ref="9064228298"/>
    <nd ref="9064228299"/>
    <nd ref="11054672964"/>
    <nd ref="9064228300"/>
    <nd ref="9064228301"/>
    <nd ref="9064228302"/>
    <nd ref="9064228303"/>
    <nd ref="9064228304"/>
    <nd ref="9064228305"/>
    <nd ref="9064228306"/>
    <nd ref="11054672965"/>
    <nd ref="9064228307"/>
    <nd ref="9064228308"/>
    <nd ref="9064228309"/>
    <nd ref="9064228310"/>
    <nd ref="11054672966"/>
    <nd ref="9064228311"/>
    <nd ref="11054672967"/>
    <nd ref="9064228312"/>
    <nd ref="9064228313"/>
    <nd ref="11054672968"/>
    <nd ref="9064228314"/>
    <nd ref="9064228315"/>
    <nd ref="11054672969"/>
    <nd ref="9064228316"/>
    <nd ref="11054672970"/>
    <nd ref="9064240917"/>
    <nd ref="11054672971"/>
    <nd ref="9064240918"/>
    <nd ref="9064240919"/>
    <nd ref="9064240920"/>
    <nd ref="9064240921"/>
    <nd ref="11054672972"/>
    <nd ref="9064240922"/>
    <nd ref="9064240923"/>
    <nd ref="9064240924"/>
    <nd ref="9064240925"/>
    <nd ref="9064240926"/>
    <nd ref="11054672973"/>
    <nd ref="9064240927"/>
    <nd ref="11054672974"/>
    <nd ref="9064240928"/>
    <nd ref="9064240929"/>
    <nd ref="11054672975"/>
    <nd ref="11054672976"/>
    <nd ref="9064240930"/>
    <nd ref="9064240931"/>
    <nd ref="9064240932"/>
    <nd ref="9064240933"/>
    <nd ref="11054672977"/>
    <nd ref="9064240934"/>
    <nd ref="11054672978"/>
    <nd ref="9064240935"/>
    <nd ref="9064240936"/>
    <nd ref="9064240937"/>
    <nd ref="11054672979"/>
    <nd ref="11054672980"/>
    <nd ref="11054672981"/>
    <nd ref="9064240938"/>
    <nd ref="9064240939"/>
    <nd ref="9064240940"/>
    <nd ref="11054672982"/>
    <nd ref="9064240941"/>
    <nd ref="11054672983"/>
    <nd ref="9064240942"/>
    <nd ref="9064240943"/>
    <nd ref="11054672984"/>
    <nd ref="9064240944"/>
    <nd ref="11054672985"/>
    <nd ref="9064240945"/>
    <nd ref="9064240946"/>
    <nd ref="9064240947"/>
    <nd ref="11054672986"/>
    <nd ref="9064240948"/>
    <nd ref="11054672987"/>
    <nd ref="9064240949"/>
    <nd ref="9064240950"/>
    <nd ref="11054672988"/>
    <nd ref="9064240951"/>
    <nd ref="11054672989"/>
    <nd ref="11054672990"/>
    <nd ref="11054672991"/>
    <nd ref="9064240952"/>
    <nd ref="11054672992"/>
    <nd ref="9064240953"/>
    <nd ref="11054672993"/>
    <nd ref="9064240954"/>
    <nd ref="9064240955"/>
    <tag k="highway" v="service"/>
    <tag k="name" v="雙和一路"/>
  </way>
  <way id="979830578">
    <nd ref="3707841611"/>
    <nd ref="11054672961"/>
    <nd ref="9064244241"/>
    <tag k="highway" v="service"/>
  </way>
  <way id="979831119">
    <nd ref="3210376019"/>
    <nd ref="9064213356"/>
    <nd ref="9064213357"/>
    <nd ref="9064213358"/>
    <nd ref="9064213359"/>
    <nd ref="9064213360"/>
    <nd ref="9064213361"/>
    <nd ref="9064213362"/>
    <nd ref="9064213363"/>
    <nd ref="9064213364"/>
    <nd ref="9064213365"/>
    <nd ref="9064213366"/>
    <nd ref="9064213367"/>
    <nd ref="9064213368"/>
    <nd ref="9064213369"/>
    <nd ref="9064213370"/>
    <nd ref="9064213371"/>
    <nd ref="9064213372"/>
    <nd ref="9064213373"/>
    <nd ref="9064213374"/>
    <nd ref="9064213375"/>
    <nd ref="9064213376"/>
    <nd ref="9064213377"/>
    <nd ref="9064213378"/>
    <nd ref="9064213379"/>
    <nd ref="9064213380"/>
    <nd ref="9064213381"/>
    <nd ref="9064213382"/>
    <nd ref="9064213383"/>
    <nd ref="9064213384"/>
    <nd ref="9064213385"/>
    <nd ref="9064213386"/>
    <nd ref="9064213387"/>
    <nd ref="9064213388"/>
    <nd ref="9064213389"/>
    <nd ref="9064213390"/>
    <tag k="highway" v="track"/>
  </way>
  <way id="979831304">
    <nd ref="9064234835"/>
    <nd ref="9064234836"/>
    <nd ref="9064234837"/>
    <nd ref="9064234838"/>
    <nd ref="9064234839"/>
    <nd ref="9064234840"/>
    <nd ref="9064234841"/>
    <nd ref="9064234842"/>
    <nd ref="9064234843"/>
    <nd ref="9064234844"/>
    <nd ref="9064234845"/>
    <nd ref="9064234846"/>
    <nd ref="9064234847"/>
    <nd ref="9064234848"/>
    <nd ref="9064234849"/>
    <nd ref="9064234850"/>
    <nd ref="9064234851"/>
    <nd ref="9064234852"/>
    <nd ref="9064234853"/>
    <nd ref="9064234854"/>
    <nd ref="9064234855"/>
    <nd ref="9064234856"/>
    <nd ref="9064234857"/>
    <nd ref="9064234858"/>
    <nd ref="9064234859"/>
    <nd ref="9064234860"/>
    <nd ref="9064234861"/>
    <nd ref="9064234862"/>
    <nd ref="9064234863"/>
    <tag k="highway" v="track"/>
  </way>
  <way id="985407173">
    <nd ref="9109870008"/>
    <nd ref="9109870009"/>
    <nd ref="9109870010"/>
    <tag k="highway" v="service"/>
    <tag k="source" v="maxar"/>
  </way>
  <way id="991855421">
    <nd ref="9164081529"/>
    <nd ref="13004541877"/>
    <nd ref="13004541872"/>
    <nd ref="13004541876"/>
    <nd ref="13004541873"/>
    <nd ref="13004541875"/>
    <nd ref="13004541874"/>
    <nd ref="9164081528"/>
    <nd ref="13004541868"/>
    <nd ref="9164081527"/>
    <nd ref="9164081526"/>
    <nd ref="9164081525"/>
    <nd ref="9164081524"/>
    <nd ref="9164081523"/>
    <nd ref="9164081522"/>
    <nd ref="9164081521"/>
    <nd ref="9164081520"/>
    <nd ref="9164081519"/>
    <nd ref="9164081518"/>
    <nd ref="9164081517"/>
    <nd ref="9164081516"/>
    <nd ref="13004541881"/>
    <nd ref="9164081515"/>
    <nd ref="9164081514"/>
    <nd ref="9164081513"/>
    <nd ref="9164081512"/>
    <nd ref="9164081511"/>
    <nd ref="9164081510"/>
    <nd ref="9164081509"/>
    <nd ref="13004541882"/>
    <nd ref="9164081508"/>
    <nd ref="9164081507"/>
    <nd ref="9164081506"/>
    <nd ref="9164081505"/>
    <nd ref="9164081504"/>
    <nd ref="9164081503"/>
    <nd ref="9164081502"/>
    <nd ref="9164081501"/>
    <nd ref="9164081500"/>
    <nd ref="9164081499"/>
    <nd ref="9164081498"/>
    <nd ref="9164081497"/>
    <nd ref="9164081496"/>
    <nd ref="13004541883"/>
    <nd ref="9164081495"/>
    <nd ref="9164081494"/>
    <nd ref="9164081493"/>
    <nd ref="9164081492"/>
    <nd ref="9164081491"/>
    <nd ref="9164081490"/>
    <nd ref="9164081489"/>
    <nd ref="9164081488"/>
    <nd ref="9164081487"/>
    <nd ref="9164081486"/>
    <nd ref="9164081485"/>
    <nd ref="9164081484"/>
    <nd ref="9164081483"/>
    <nd ref="9164081482"/>
    <nd ref="9164081481"/>
    <nd ref="9164081480"/>
    <nd ref="9164081479"/>
    <nd ref="9164081478"/>
    <nd ref="9164081477"/>
    <nd ref="9164081476"/>
    <nd ref="13004541884"/>
    <nd ref="9164081475"/>
    <nd ref="9164081474"/>
    <nd ref="9164081473"/>
    <nd ref="9164081472"/>
    <nd ref="9164081471"/>
    <nd ref="9164081470"/>
    <nd ref="9164081469"/>
    <nd ref="9164081468"/>
    <nd ref="13004541885"/>
    <nd ref="13004541886"/>
    <nd ref="9164081467"/>
    <nd ref="9164081466"/>
    <nd ref="9164081465"/>
    <nd ref="9164081464"/>
    <nd ref="9164081463"/>
    <nd ref="9164081462"/>
    <nd ref="9164081461"/>
    <nd ref="13004541888"/>
    <nd ref="13004541887"/>
    <nd ref="9164081460"/>
    <nd ref="9164081459"/>
    <nd ref="9164081458"/>
    <nd ref="9164081457"/>
    <tag k="highway" v="track"/>
  </way>
  <way id="991855422">
    <nd ref="9164081530"/>
    <nd ref="9164081531"/>
    <nd ref="9164081532"/>
    <nd ref="9164081533"/>
    <nd ref="9164081534"/>
    <nd ref="9164081535"/>
    <nd ref="9164081536"/>
    <nd ref="9164081537"/>
    <nd ref="9164081538"/>
    <nd ref="9164081539"/>
    <nd ref="13004541901"/>
    <nd ref="9164081540"/>
    <nd ref="13004541900"/>
    <nd ref="9164081541"/>
    <nd ref="11715735306"/>
    <nd ref="13004541899"/>
    <nd ref="11715735307"/>
    <nd ref="11715735308"/>
    <nd ref="13004541898"/>
    <nd ref="11715735309"/>
    <nd ref="13004541897"/>
    <nd ref="13004541896"/>
    <nd ref="11715735310"/>
    <nd ref="13004541895"/>
    <nd ref="11715735311"/>
    <nd ref="11715735312"/>
    <nd ref="11715735313"/>
    <nd ref="11715735314"/>
    <nd ref="11715735315"/>
    <nd ref="11715735316"/>
    <nd ref="11715735317"/>
    <nd ref="11715735318"/>
    <nd ref="11715735319"/>
    <nd ref="13004541894"/>
    <nd ref="13004541893"/>
    <nd ref="11715735320"/>
    <nd ref="11715735321"/>
    <nd ref="11715735322"/>
    <nd ref="11715735323"/>
    <nd ref="11715735324"/>
    <nd ref="11715735325"/>
    <nd ref="13004541892"/>
    <nd ref="9164081457"/>
    <nd ref="11715735326"/>
    <nd ref="11715735327"/>
    <nd ref="11715735328"/>
    <nd ref="11715735329"/>
    <nd ref="11715735330"/>
    <nd ref="11715735331"/>
    <nd ref="8886908406"/>
    <tag k="highway" v="track"/>
  </way>
  <way id="991855423">
    <nd ref="9164081547"/>
    <nd ref="9164081546"/>
    <nd ref="9164081545"/>
    <nd ref="9164081544"/>
    <nd ref="9164081543"/>
    <nd ref="9164081542"/>
    <nd ref="9164081548"/>
    <nd ref="9164081549"/>
    <nd ref="9164081550"/>
    <nd ref="9164081551"/>
    <tag k="highway" v="residential"/>
    <tag k="source" v="maxar"/>
  </way>
  <way id="991855424">
    <nd ref="4430954379"/>
    <nd ref="2083234253"/>
    <nd ref="2083234324"/>
    <nd ref="2938325101"/>
    <nd ref="4443541997"/>
    <nd ref="2083234328"/>
    <nd ref="4430954377"/>
    <nd ref="2938323700"/>
    <nd ref="2083234247"/>
    <nd ref="2938323699"/>
    <nd ref="2938323698"/>
    <nd ref="2083234523"/>
    <nd ref="3210375619"/>
    <nd ref="9164081556"/>
    <tag k="highway" v="tertiary"/>
    <tag k="name" v="大進路"/>
    <tag k="name:en" v="Dajin Road"/>
    <tag k="name:zh" v="大進路"/>
    <tag k="ref" v="宜33"/>
    <tag k="ref:en" v="IL33"/>
    <tag k="ref:zh" v="宜33"/>
  </way>
  <way id="991855425">
    <nd ref="9164081556"/>
    <nd ref="9164081555"/>
    <tag k="bridge" v="yes"/>
    <tag k="highway" v="tertiary"/>
    <tag k="layer" v="1"/>
    <tag k="name" v="寒溪巷"/>
    <tag k="name:zh" v="寒溪巷"/>
    <tag k="ref" v="宜33"/>
    <tag k="ref:en" v="IL33"/>
    <tag k="ref:zh" v="宜33"/>
  </way>
  <way id="1009195784">
    <nd ref="9311511043"/>
    <nd ref="9311485905"/>
    <nd ref="9311485904"/>
    <nd ref="9311485903"/>
    <nd ref="9311485912"/>
    <nd ref="13056093020"/>
    <tag k="highway" v="track"/>
  </way>
  <way id="1009195787">
    <nd ref="9311511055"/>
    <nd ref="9311511053"/>
    <nd ref="9311511052"/>
    <nd ref="9311511051"/>
    <nd ref="9311511050"/>
    <nd ref="9311511049"/>
    <nd ref="9311511048"/>
    <nd ref="13056093021"/>
    <nd ref="9311511047"/>
    <nd ref="9311511046"/>
    <nd ref="9311511045"/>
    <nd ref="9311511044"/>
    <nd ref="9311511043"/>
    <nd ref="9311511042"/>
    <nd ref="9311511041"/>
    <nd ref="9311511040"/>
    <nd ref="9311511039"/>
    <nd ref="9311511038"/>
    <nd ref="9311511037"/>
    <nd ref="9311511036"/>
    <nd ref="9311511035"/>
    <nd ref="9311511034"/>
    <nd ref="9311511033"/>
    <nd ref="9311511032"/>
    <nd ref="9311511031"/>
    <nd ref="9311511030"/>
    <nd ref="9311511029"/>
    <nd ref="9311511028"/>
    <nd ref="9311511027"/>
    <nd ref="9311511026"/>
    <nd ref="9311511025"/>
    <nd ref="9311511024"/>
    <nd ref="9311511023"/>
    <tag k="highway" v="track"/>
  </way>
  <way id="1009195788">
    <nd ref="9311511070"/>
    <nd ref="13056093023"/>
    <nd ref="9311511068"/>
    <nd ref="9311511067"/>
    <nd ref="9311511066"/>
    <nd ref="9311511065"/>
    <nd ref="9311511064"/>
    <nd ref="9311511063"/>
    <nd ref="9311511062"/>
    <nd ref="9311511061"/>
    <tag k="highway" v="track"/>
  </way>
  <way id="1009195789">
    <nd ref="4430954367"/>
    <nd ref="9311511091"/>
    <nd ref="9311511090"/>
    <nd ref="9311511089"/>
    <nd ref="9311511088"/>
    <nd ref="9311511087"/>
    <nd ref="9311511086"/>
    <nd ref="9311511085"/>
    <nd ref="9311511084"/>
    <nd ref="9311511083"/>
    <nd ref="9311511082"/>
    <nd ref="9311511081"/>
    <nd ref="9311511080"/>
    <nd ref="9311511079"/>
    <nd ref="9311511078"/>
    <nd ref="9311511077"/>
    <nd ref="9311511076"/>
    <nd ref="9311511075"/>
    <nd ref="9311511074"/>
    <nd ref="9311511073"/>
    <nd ref="9311511072"/>
    <nd ref="9311511071"/>
    <nd ref="9311511070"/>
    <nd ref="9311511069"/>
    <nd ref="9311511060"/>
    <nd ref="9311511059"/>
    <nd ref="9311511058"/>
    <nd ref="13056093022"/>
    <nd ref="9311511057"/>
    <nd ref="9311511056"/>
    <nd ref="9311511055"/>
    <nd ref="9311511054"/>
    <nd ref="9311485910"/>
    <nd ref="9311485909"/>
    <nd ref="9311485908"/>
    <nd ref="9311485907"/>
    <nd ref="9311485906"/>
    <nd ref="9311485902"/>
    <nd ref="9311485901"/>
    <nd ref="9311485900"/>
    <nd ref="9311485899"/>
    <nd ref="13056093019"/>
    <nd ref="9311485898"/>
    <nd ref="9311485897"/>
    <nd ref="9311485896"/>
    <nd ref="9311485895"/>
    <nd ref="9311485894"/>
    <nd ref="13056093018"/>
    <nd ref="9311485893"/>
    <nd ref="9311485892"/>
    <nd ref="13056093017"/>
    <nd ref="9311485891"/>
    <nd ref="9311485890"/>
    <nd ref="9311485889"/>
    <nd ref="9311485888"/>
    <nd ref="7638516093"/>
    <tag k="highway" v="unclassified"/>
  </way>
  <way id="1009195790">
    <nd ref="9311511409"/>
    <nd ref="9311511245"/>
    <nd ref="9311511244"/>
    <nd ref="9311511243"/>
    <nd ref="9311511242"/>
    <nd ref="9311511241"/>
    <nd ref="9311511240"/>
    <nd ref="9311511212"/>
    <nd ref="9311511211"/>
    <nd ref="9311511210"/>
    <nd ref="9311511209"/>
    <nd ref="9311511208"/>
    <nd ref="9311511207"/>
    <nd ref="9311511206"/>
    <nd ref="9311511205"/>
    <nd ref="9311511204"/>
    <nd ref="9311511203"/>
    <nd ref="9311511202"/>
    <nd ref="9311511201"/>
    <nd ref="9311511200"/>
    <nd ref="9311511199"/>
    <nd ref="9311511198"/>
    <nd ref="9311511197"/>
    <nd ref="9311511196"/>
    <nd ref="9311511195"/>
    <nd ref="9311511194"/>
    <nd ref="9311511193"/>
    <nd ref="9311511192"/>
    <nd ref="9311511191"/>
    <nd ref="9311511190"/>
    <nd ref="9311511189"/>
    <nd ref="9311511188"/>
    <nd ref="9311511187"/>
    <nd ref="9311511186"/>
    <nd ref="9311511185"/>
    <nd ref="9311511184"/>
    <nd ref="9311511183"/>
    <nd ref="9311511182"/>
    <nd ref="9311511181"/>
    <nd ref="9311511180"/>
    <nd ref="9311511179"/>
    <nd ref="9311511178"/>
    <nd ref="9311511177"/>
    <nd ref="9311511176"/>
    <nd ref="9311511175"/>
    <nd ref="9311511174"/>
    <nd ref="9311511173"/>
    <nd ref="9311511172"/>
    <nd ref="9311511171"/>
    <nd ref="9311511170"/>
    <nd ref="9311511169"/>
    <nd ref="9311511168"/>
    <nd ref="9311511167"/>
    <nd ref="9311511166"/>
    <nd ref="9311511165"/>
    <nd ref="9311511164"/>
    <nd ref="9311511163"/>
    <nd ref="9311511162"/>
    <nd ref="9311511161"/>
    <nd ref="9311511160"/>
    <nd ref="9311511159"/>
    <nd ref="9311511158"/>
    <nd ref="9311511157"/>
    <nd ref="9311511156"/>
    <nd ref="9311511155"/>
    <nd ref="9311511154"/>
    <nd ref="9311511153"/>
    <nd ref="9311511152"/>
    <nd ref="9311511151"/>
    <nd ref="9311511150"/>
    <nd ref="9311511149"/>
    <nd ref="9311511148"/>
    <nd ref="9311511147"/>
    <nd ref="9311511146"/>
    <nd ref="9311511145"/>
    <nd ref="9311511144"/>
    <nd ref="9311511143"/>
    <nd ref="9311511142"/>
    <nd ref="9311511141"/>
    <nd ref="9311511140"/>
    <nd ref="9311511139"/>
    <nd ref="9311511138"/>
    <nd ref="9311511137"/>
    <nd ref="9311511136"/>
    <nd ref="9311511135"/>
    <nd ref="9311511134"/>
    <nd ref="9311511133"/>
    <nd ref="9311511132"/>
    <nd ref="9311511131"/>
    <nd ref="9311511130"/>
    <nd ref="9311511129"/>
    <nd ref="9311511128"/>
    <nd ref="9311511127"/>
    <nd ref="9311511126"/>
    <nd ref="9311511125"/>
    <nd ref="9311511124"/>
    <nd ref="9311511123"/>
    <nd ref="9311511122"/>
    <nd ref="9311511121"/>
    <nd ref="9311511120"/>
    <nd ref="9311511119"/>
    <nd ref="9311511118"/>
    <nd ref="9311511117"/>
    <nd ref="9311511116"/>
    <nd ref="9311511115"/>
    <nd ref="9311511114"/>
    <nd ref="9311511113"/>
    <nd ref="9311511112"/>
    <nd ref="9311511111"/>
    <nd ref="9311511110"/>
    <nd ref="9311511109"/>
    <nd ref="9311511108"/>
    <nd ref="9311511107"/>
    <nd ref="9311511106"/>
    <nd ref="9311511105"/>
    <nd ref="9311511104"/>
    <nd ref="9311511103"/>
    <nd ref="9311511102"/>
    <nd ref="9311511101"/>
    <nd ref="9311511100"/>
    <nd ref="9311511099"/>
    <nd ref="9311511098"/>
    <nd ref="9311511097"/>
    <nd ref="9311511096"/>
    <nd ref="9311511095"/>
    <nd ref="9311511094"/>
    <nd ref="9311511093"/>
    <nd ref="9311511092"/>
    <nd ref="10080042059"/>
    <nd ref="10080042058"/>
    <nd ref="10080042057"/>
    <nd ref="10080042056"/>
    <nd ref="10080042055"/>
    <nd ref="10080042054"/>
    <nd ref="10080042053"/>
    <nd ref="10080042052"/>
    <nd ref="10080042051"/>
    <nd ref="10080042050"/>
    <nd ref="10080042049"/>
    <nd ref="10080042048"/>
    <nd ref="10080042047"/>
    <nd ref="10080042046"/>
    <nd ref="10080042045"/>
    <nd ref="10080042044"/>
    <nd ref="10080042043"/>
    <nd ref="10080042042"/>
    <nd ref="10080042041"/>
    <nd ref="10080042040"/>
    <nd ref="10080042039"/>
    <nd ref="10080042038"/>
    <nd ref="10080042037"/>
    <nd ref="10080042036"/>
    <nd ref="10080042035"/>
    <nd ref="10080042034"/>
    <nd ref="10080042033"/>
    <nd ref="10080042032"/>
    <nd ref="10080042031"/>
    <nd ref="10080042030"/>
    <nd ref="10080042029"/>
    <nd ref="10080042028"/>
    <nd ref="10080042027"/>
    <nd ref="10080042026"/>
    <nd ref="10080042025"/>
    <nd ref="10080042024"/>
    <nd ref="10080042023"/>
    <nd ref="10080042022"/>
    <nd ref="10080042021"/>
    <nd ref="10080042020"/>
    <nd ref="10080042019"/>
    <nd ref="10080042018"/>
    <nd ref="10080042017"/>
    <nd ref="10080042016"/>
    <nd ref="10080042015"/>
    <nd ref="10080042014"/>
    <nd ref="10080042013"/>
    <nd ref="10080042012"/>
    <nd ref="10080042011"/>
    <nd ref="10080042010"/>
    <nd ref="10080042009"/>
    <nd ref="10080042008"/>
    <nd ref="10080042007"/>
    <nd ref="10080042006"/>
    <nd ref="10080042005"/>
    <nd ref="10080042004"/>
    <nd ref="10080042003"/>
    <nd ref="10080042002"/>
    <nd ref="10080042001"/>
    <nd ref="10080042000"/>
    <nd ref="10080041999"/>
    <nd ref="10080041998"/>
    <nd ref="10080041997"/>
    <nd ref="10080041996"/>
    <nd ref="10080041995"/>
    <nd ref="10080041994"/>
    <nd ref="10080041993"/>
    <nd ref="10080041992"/>
    <nd ref="10080041991"/>
    <nd ref="10080041990"/>
    <nd ref="10080041989"/>
    <nd ref="10080041988"/>
    <nd ref="10080041987"/>
    <nd ref="10080041986"/>
    <nd ref="10080041985"/>
    <nd ref="10080041984"/>
    <nd ref="10080041983"/>
    <nd ref="10080041982"/>
    <nd ref="10080041981"/>
    <nd ref="10080041980"/>
    <nd ref="10080041979"/>
    <nd ref="10080041978"/>
    <nd ref="10080041977"/>
    <nd ref="10080041976"/>
    <nd ref="10080041975"/>
    <nd ref="10080041974"/>
    <nd ref="10080041973"/>
    <nd ref="10080041972"/>
    <nd ref="10080041971"/>
    <nd ref="10080041970"/>
    <nd ref="10080041969"/>
    <nd ref="10080041968"/>
    <nd ref="10080041967"/>
    <nd ref="10080041966"/>
    <nd ref="10080041965"/>
    <nd ref="10080041964"/>
    <nd ref="10080041963"/>
    <nd ref="10080041962"/>
    <nd ref="10080041961"/>
    <nd ref="10080041960"/>
    <nd ref="10080041959"/>
    <nd ref="10080041958"/>
    <nd ref="10080041957"/>
    <nd ref="10080041956"/>
    <nd ref="10080041955"/>
    <nd ref="10080041954"/>
    <nd ref="10080041953"/>
    <nd ref="10080041952"/>
    <tag k="highway" v="track"/>
  </way>
  <way id="1009195791">
    <nd ref="9311511240"/>
    <nd ref="9311511239"/>
    <nd ref="9311511238"/>
    <nd ref="9311511237"/>
    <nd ref="9311511236"/>
    <nd ref="9311511235"/>
    <nd ref="9311511234"/>
    <nd ref="9311511233"/>
    <nd ref="9311511232"/>
    <nd ref="9311511231"/>
    <nd ref="9311511230"/>
    <nd ref="9311511229"/>
    <nd ref="9311511228"/>
    <nd ref="9311511227"/>
    <nd ref="9311511226"/>
    <nd ref="9311511225"/>
    <nd ref="9311511224"/>
    <nd ref="9311511223"/>
    <nd ref="9311511222"/>
    <nd ref="9311511221"/>
    <nd ref="9311511220"/>
    <nd ref="9311511219"/>
    <nd ref="9311511218"/>
    <nd ref="9311511217"/>
    <nd ref="9311511216"/>
    <nd ref="9311511215"/>
    <nd ref="9311511214"/>
    <nd ref="9311511213"/>
    <tag k="highway" v="track"/>
  </way>
  <way id="1009195792">
    <nd ref="9311511395"/>
    <nd ref="9311511262"/>
    <nd ref="9311511261"/>
    <nd ref="9311511260"/>
    <nd ref="9311511259"/>
    <nd ref="9311511258"/>
    <nd ref="9311511257"/>
    <nd ref="9311511256"/>
    <nd ref="9311511255"/>
    <nd ref="9311511254"/>
    <nd ref="9311511253"/>
    <nd ref="9311511252"/>
    <nd ref="9311511251"/>
    <nd ref="9311511250"/>
    <nd ref="9311511249"/>
    <nd ref="9311511248"/>
    <nd ref="9311511247"/>
    <nd ref="9311511246"/>
    <tag k="highway" v="residential"/>
  </way>
  <way id="1009195793">
    <nd ref="9311511275"/>
    <nd ref="9311511271"/>
    <nd ref="9311511270"/>
    <nd ref="9311511269"/>
    <nd ref="9311511268"/>
    <nd ref="9311511267"/>
    <nd ref="9311511266"/>
    <nd ref="9311511265"/>
    <nd ref="9311511264"/>
    <nd ref="9311511263"/>
    <tag k="highway" v="track"/>
  </way>
  <way id="1009195794">
    <nd ref="4430970243"/>
    <nd ref="9311511591"/>
    <nd ref="9311511590"/>
    <nd ref="9311511589"/>
    <nd ref="9311511588"/>
    <nd ref="9311511587"/>
    <nd ref="9311511586"/>
    <nd ref="9311511585"/>
    <nd ref="9311511584"/>
    <nd ref="9311511583"/>
    <nd ref="9311511582"/>
    <nd ref="9311511581"/>
    <nd ref="9311511580"/>
    <nd ref="9311511579"/>
    <nd ref="9311511578"/>
    <nd ref="9311511577"/>
    <nd ref="9311511576"/>
    <nd ref="9311511575"/>
    <nd ref="9311511574"/>
    <nd ref="9311511573"/>
    <nd ref="9311511572"/>
    <nd ref="9311511571"/>
    <nd ref="9311511570"/>
    <nd ref="9311511569"/>
    <nd ref="9311511568"/>
    <nd ref="9311511567"/>
    <nd ref="9311511566"/>
    <nd ref="9311511565"/>
    <nd ref="9311511564"/>
    <nd ref="9311511563"/>
    <nd ref="9311511562"/>
    <nd ref="9311511561"/>
    <nd ref="9311511560"/>
    <nd ref="9311511559"/>
    <nd ref="9311511558"/>
    <nd ref="9311511557"/>
    <nd ref="9311511556"/>
    <nd ref="9311511555"/>
    <nd ref="9311511554"/>
    <nd ref="9311511553"/>
    <nd ref="9311511552"/>
    <nd ref="9311511551"/>
    <nd ref="9311511550"/>
    <nd ref="9311511549"/>
    <nd ref="9311511548"/>
    <nd ref="9311511547"/>
    <nd ref="9311511546"/>
    <nd ref="9311511545"/>
    <nd ref="9311511544"/>
    <nd ref="9311511543"/>
    <nd ref="9311511542"/>
    <nd ref="9311511541"/>
    <nd ref="9311511540"/>
    <nd ref="9311511539"/>
    <nd ref="9311511538"/>
    <nd ref="9311511537"/>
    <nd ref="9311511536"/>
    <nd ref="9311511535"/>
    <nd ref="9311511534"/>
    <nd ref="9311511533"/>
    <nd ref="9311511532"/>
    <nd ref="9311511531"/>
    <nd ref="9311511530"/>
    <nd ref="9311511529"/>
    <nd ref="9311511528"/>
    <nd ref="9311511527"/>
    <nd ref="9311511526"/>
    <nd ref="9311511525"/>
    <nd ref="9311511524"/>
    <nd ref="9311511523"/>
    <nd ref="9311511522"/>
    <nd ref="9311511521"/>
    <nd ref="9311511520"/>
    <nd ref="9311511519"/>
    <nd ref="9311511518"/>
    <nd ref="9311511517"/>
    <nd ref="9311511516"/>
    <nd ref="9311511515"/>
    <nd ref="9311511514"/>
    <nd ref="9311511513"/>
    <nd ref="9311511512"/>
    <nd ref="9311511511"/>
    <nd ref="9311511510"/>
    <nd ref="9311511509"/>
    <nd ref="9311511508"/>
    <nd ref="9311511507"/>
    <nd ref="9311511506"/>
    <nd ref="9311511505"/>
    <nd ref="9311511504"/>
    <nd ref="9311511503"/>
    <nd ref="9311511502"/>
    <nd ref="9311511501"/>
    <nd ref="9311511500"/>
    <nd ref="9311511499"/>
    <nd ref="9311511498"/>
    <nd ref="9311511497"/>
    <nd ref="9311511496"/>
    <nd ref="9311511495"/>
    <nd ref="9311511494"/>
    <nd ref="9311511493"/>
    <nd ref="9311511492"/>
    <nd ref="9311511491"/>
    <nd ref="10080041773"/>
    <nd ref="9311511490"/>
    <nd ref="9311511489"/>
    <nd ref="9311511488"/>
    <nd ref="9311511487"/>
    <nd ref="9311511486"/>
    <nd ref="9311511485"/>
    <nd ref="9311511484"/>
    <nd ref="9311511483"/>
    <nd ref="9311511482"/>
    <nd ref="9311511481"/>
    <nd ref="9311511480"/>
    <nd ref="9311511479"/>
    <nd ref="9311511478"/>
    <nd ref="9311511477"/>
    <nd ref="9311511476"/>
    <nd ref="9311511475"/>
    <nd ref="9311511474"/>
    <nd ref="9311511473"/>
    <nd ref="9311511472"/>
    <nd ref="9311511471"/>
    <nd ref="9311511470"/>
    <nd ref="9311511469"/>
    <nd ref="9311511468"/>
    <nd ref="9311511467"/>
    <nd ref="9311511466"/>
    <nd ref="9311511465"/>
    <nd ref="9311511464"/>
    <nd ref="9311511463"/>
    <nd ref="9311511462"/>
    <nd ref="9311511461"/>
    <nd ref="9311511460"/>
    <nd ref="9311511459"/>
    <nd ref="9311511458"/>
    <nd ref="9311511457"/>
    <nd ref="9311511456"/>
    <nd ref="9311511455"/>
    <nd ref="9311511454"/>
    <nd ref="9311511453"/>
    <nd ref="9311511452"/>
    <nd ref="9311511451"/>
    <nd ref="9311511450"/>
    <nd ref="9311511449"/>
    <nd ref="9311511448"/>
    <nd ref="9311511447"/>
    <nd ref="9311511446"/>
    <nd ref="9311511445"/>
    <nd ref="9311511444"/>
    <nd ref="9311511443"/>
    <nd ref="9311511442"/>
    <nd ref="9311511441"/>
    <nd ref="9311511440"/>
    <nd ref="9311511439"/>
    <nd ref="9311511438"/>
    <nd ref="9311511437"/>
    <nd ref="9311511434"/>
    <nd ref="9311511436"/>
    <nd ref="9311511435"/>
    <nd ref="9311511433"/>
    <nd ref="9311511432"/>
    <nd ref="9311511431"/>
    <nd ref="9311511430"/>
    <nd ref="9311511429"/>
    <nd ref="9311511428"/>
    <nd ref="9311511427"/>
    <nd ref="9311511426"/>
    <nd ref="9311511425"/>
    <nd ref="9311511424"/>
    <nd ref="9311511423"/>
    <nd ref="9311511422"/>
    <nd ref="9311511421"/>
    <nd ref="9311511420"/>
    <nd ref="9311511419"/>
    <nd ref="9311511418"/>
    <nd ref="9311511417"/>
    <nd ref="9311511416"/>
    <nd ref="9311511415"/>
    <nd ref="9311511414"/>
    <nd ref="9311511413"/>
    <nd ref="9311511412"/>
    <nd ref="9311511411"/>
    <nd ref="9311511410"/>
    <nd ref="9311511409"/>
    <nd ref="9311511408"/>
    <nd ref="9311511406"/>
    <nd ref="9311511407"/>
    <nd ref="9311511405"/>
    <nd ref="9311511404"/>
    <nd ref="9311511403"/>
    <nd ref="9311511402"/>
    <nd ref="9311511401"/>
    <nd ref="9311511400"/>
    <nd ref="9311511399"/>
    <nd ref="9311511398"/>
    <nd ref="9311511397"/>
    <nd ref="9311511396"/>
    <nd ref="9311511395"/>
    <nd ref="9311511394"/>
    <nd ref="9311511393"/>
    <nd ref="9311511392"/>
    <nd ref="9311511391"/>
    <nd ref="9311511390"/>
    <nd ref="9311511389"/>
    <nd ref="9311511388"/>
    <nd ref="9311511387"/>
    <nd ref="9311511386"/>
    <nd ref="9311511385"/>
    <nd ref="9311511384"/>
    <nd ref="9311511383"/>
    <nd ref="9311511382"/>
    <nd ref="9311511381"/>
    <nd ref="9311511380"/>
    <nd ref="9311511379"/>
    <nd ref="9311511378"/>
    <nd ref="9311511377"/>
    <nd ref="9311511376"/>
    <nd ref="9311511375"/>
    <nd ref="9311511374"/>
    <nd ref="9311511373"/>
    <nd ref="9311511372"/>
    <nd ref="9311511371"/>
    <nd ref="9311511370"/>
    <nd ref="9311511369"/>
    <nd ref="9311511368"/>
    <nd ref="9311511367"/>
    <nd ref="9311511366"/>
    <nd ref="9311511365"/>
    <nd ref="9311511364"/>
    <nd ref="9311511363"/>
    <nd ref="9311511362"/>
    <nd ref="9311511361"/>
    <nd ref="9311511360"/>
    <nd ref="9311511359"/>
    <nd ref="9311511358"/>
    <nd ref="9311511357"/>
    <nd ref="9311511356"/>
    <nd ref="9311511355"/>
    <nd ref="9311511354"/>
    <nd ref="9311511353"/>
    <nd ref="9311511352"/>
    <nd ref="9311511351"/>
    <nd ref="9311511349"/>
    <nd ref="9311511350"/>
    <nd ref="9311511348"/>
    <nd ref="9311511347"/>
    <nd ref="9311511346"/>
    <nd ref="9311511345"/>
    <nd ref="9311511344"/>
    <nd ref="9311511343"/>
    <nd ref="9311511342"/>
    <nd ref="9311511341"/>
    <nd ref="9311511340"/>
    <nd ref="9311511339"/>
    <nd ref="9311511338"/>
    <nd ref="9311511337"/>
    <nd ref="9311511336"/>
    <nd ref="9311511335"/>
    <nd ref="9311511334"/>
    <nd ref="9311511333"/>
    <nd ref="9311511332"/>
    <nd ref="9311511331"/>
    <nd ref="9311511330"/>
    <nd ref="9311511329"/>
    <nd ref="9311511328"/>
    <nd ref="9311511327"/>
    <nd ref="9311511326"/>
    <nd ref="9311511325"/>
    <nd ref="9311511324"/>
    <nd ref="9311511323"/>
    <nd ref="9311511322"/>
    <nd ref="9311511321"/>
    <nd ref="9311511320"/>
    <nd ref="9311511319"/>
    <nd ref="9311511318"/>
    <nd ref="9311511317"/>
    <nd ref="9311444116"/>
    <nd ref="9311444115"/>
    <nd ref="9311444114"/>
    <nd ref="9311444113"/>
    <nd ref="9311444112"/>
    <nd ref="9311511279"/>
    <nd ref="9311511278"/>
    <nd ref="9311511277"/>
    <nd ref="9311511276"/>
    <nd ref="9311511275"/>
    <nd ref="9311511274"/>
    <nd ref="9311511273"/>
    <nd ref="9311511272"/>
    <tag k="highway" v="unclassified"/>
  </way>
  <way id="1009195795">
    <nd ref="9311511611"/>
    <nd ref="9311511610"/>
    <tag k="highway" v="track"/>
  </way>
  <way id="1009195796">
    <nd ref="9311504764"/>
    <nd ref="9311504719"/>
    <nd ref="9311504718"/>
    <tag k="highway" v="residential"/>
  </way>
  <way id="1009195797">
    <nd ref="9311504754"/>
    <nd ref="9311504753"/>
    <nd ref="9311504752"/>
    <nd ref="9311504751"/>
    <nd ref="9311504750"/>
    <nd ref="9311504749"/>
    <nd ref="9311504748"/>
    <nd ref="9311504747"/>
    <nd ref="9311504746"/>
    <nd ref="9311504745"/>
    <nd ref="9311504744"/>
    <nd ref="9311504743"/>
    <nd ref="9311504742"/>
    <nd ref="9311504741"/>
    <nd ref="9311504740"/>
    <nd ref="9311504739"/>
    <tag k="highway" v="unclassified"/>
    <tag k="ref" v="river"/>
  </way>
  <way id="1009195798">
    <nd ref="9311504731"/>
    <nd ref="9311504730"/>
    <nd ref="9311504729"/>
    <nd ref="9311504728"/>
    <nd ref="9311504727"/>
    <nd ref="9311504726"/>
    <nd ref="9311504725"/>
    <nd ref="9311504724"/>
    <nd ref="9311504723"/>
    <nd ref="9311504722"/>
    <nd ref="9311504721"/>
    <nd ref="9311504720"/>
    <tag k="highway" v="track"/>
  </way>
  <way id="1009195799">
    <nd ref="2946920467"/>
    <nd ref="9311511626"/>
    <nd ref="9311511625"/>
    <nd ref="9311511624"/>
    <nd ref="9311511623"/>
    <nd ref="9311511622"/>
    <nd ref="9311511621"/>
    <nd ref="9311511620"/>
    <nd ref="9311511619"/>
    <nd ref="9311511618"/>
    <nd ref="9311511617"/>
    <nd ref="9311504816"/>
    <nd ref="9311504815"/>
    <nd ref="9311504814"/>
    <nd ref="9311504813"/>
    <nd ref="9311504812"/>
    <nd ref="9311504811"/>
    <nd ref="9311504810"/>
    <nd ref="9311504809"/>
    <nd ref="9311504808"/>
    <nd ref="9311504807"/>
    <nd ref="9311504806"/>
    <nd ref="9311504805"/>
    <nd ref="9311504804"/>
    <nd ref="9311504803"/>
    <nd ref="9311504802"/>
    <nd ref="9311504801"/>
    <nd ref="9311504800"/>
    <nd ref="9311504799"/>
    <nd ref="9311504798"/>
    <nd ref="9311504797"/>
    <nd ref="9311504796"/>
    <nd ref="9311504795"/>
    <nd ref="9311504794"/>
    <nd ref="9311504793"/>
    <nd ref="9311504792"/>
    <nd ref="9311504791"/>
    <nd ref="9311504790"/>
    <nd ref="9311504789"/>
    <nd ref="9311504788"/>
    <nd ref="9311504787"/>
    <nd ref="9311504786"/>
    <nd ref="9311504785"/>
    <nd ref="9311504784"/>
    <nd ref="9311504783"/>
    <nd ref="9311504782"/>
    <nd ref="9311504781"/>
    <nd ref="9311504780"/>
    <nd ref="9311504779"/>
    <nd ref="9311504778"/>
    <nd ref="9311504777"/>
    <nd ref="9311504776"/>
    <nd ref="9311504775"/>
    <nd ref="9311504774"/>
    <nd ref="9311504773"/>
    <nd ref="9311504772"/>
    <nd ref="9311504771"/>
    <nd ref="9311504770"/>
    <nd ref="9311504769"/>
    <nd ref="9311504768"/>
    <nd ref="9311504767"/>
    <nd ref="9311504766"/>
    <nd ref="9311504765"/>
    <nd ref="9311504764"/>
    <nd ref="9311511611"/>
    <nd ref="9311504763"/>
    <nd ref="9311504762"/>
    <nd ref="9311504761"/>
    <nd ref="9311504760"/>
    <nd ref="9311504759"/>
    <nd ref="9311504758"/>
    <nd ref="9311504757"/>
    <nd ref="9311504756"/>
    <nd ref="9311504755"/>
    <nd ref="9311504754"/>
    <nd ref="9311504738"/>
    <nd ref="9311504737"/>
    <nd ref="9311504736"/>
    <nd ref="9311504735"/>
    <nd ref="9311504734"/>
    <nd ref="9311504733"/>
    <nd ref="9311504732"/>
    <nd ref="9311504731"/>
    <tag k="highway" v="unclassified"/>
  </way>
  <way id="1009195800">
    <nd ref="2946920444"/>
    <nd ref="9311511673"/>
    <nd ref="9311511672"/>
    <nd ref="9311511671"/>
    <nd ref="9311511670"/>
    <nd ref="9311511669"/>
    <nd ref="9311511668"/>
    <nd ref="9311511667"/>
    <nd ref="9311511666"/>
    <nd ref="9311511665"/>
    <nd ref="9311511664"/>
    <nd ref="9311511663"/>
    <nd ref="9311511662"/>
    <nd ref="9311511661"/>
    <nd ref="9311511660"/>
    <nd ref="9311511659"/>
    <nd ref="9311511658"/>
    <nd ref="9311511657"/>
    <nd ref="9311511656"/>
    <nd ref="9311511655"/>
    <nd ref="9311511654"/>
    <nd ref="9311511653"/>
    <nd ref="9311511652"/>
    <nd ref="9311511651"/>
    <nd ref="9311511650"/>
    <nd ref="9311511649"/>
    <nd ref="9311511648"/>
    <nd ref="9311511647"/>
    <nd ref="9311511646"/>
    <nd ref="9311511645"/>
    <nd ref="9311511644"/>
    <nd ref="9311511643"/>
    <nd ref="9311511642"/>
    <nd ref="9311511641"/>
    <nd ref="9311511640"/>
    <nd ref="9311511639"/>
    <nd ref="9311511638"/>
    <nd ref="9311511637"/>
    <nd ref="9311511636"/>
    <nd ref="9311511635"/>
    <nd ref="9311511634"/>
    <nd ref="9311511633"/>
    <tag k="highway" v="unclassified"/>
  </way>
  <way id="1025391477">
    <nd ref="9454435613"/>
    <nd ref="9454437723"/>
    <nd ref="9454435614"/>
    <nd ref="9454435615"/>
    <nd ref="9454435616"/>
    <nd ref="9454437717"/>
    <nd ref="9454437718"/>
    <nd ref="9454437719"/>
    <nd ref="9454437720"/>
    <nd ref="9454437721"/>
    <nd ref="9454437722"/>
    <tag k="highway" v="residential"/>
  </way>
  <way id="1025391684">
    <nd ref="7918338509"/>
    <nd ref="9454432486"/>
    <nd ref="9454432487"/>
    <nd ref="9454432488"/>
    <nd ref="9454432489"/>
    <nd ref="9454432490"/>
    <nd ref="9454432491"/>
    <tag k="highway" v="residential"/>
  </way>
  <way id="1030605336">
    <nd ref="9500029609"/>
    <nd ref="3707841760"/>
    <tag k="bridge" v="yes"/>
    <tag k="highway" v="service"/>
    <tag k="layer" v="1"/>
  </way>
  <way id="1030605337">
    <nd ref="3707841739"/>
    <nd ref="3707841830"/>
    <nd ref="3707841940"/>
    <nd ref="1690064652"/>
    <tag k="highway" v="service"/>
    <tag k="name" v="大湖五路"/>
  </way>
  <way id="1030605338">
    <nd ref="4430955763"/>
    <nd ref="3707841739"/>
    <tag k="bridge" v="yes"/>
    <tag k="highway" v="service"/>
    <tag k="layer" v="1"/>
    <tag k="name" v="大湖五路"/>
  </way>
  <way id="1030605339">
    <nd ref="4430955762"/>
    <nd ref="4430955763"/>
    <tag k="bridge" v="yes"/>
    <tag k="highway" v="service"/>
    <tag k="layer" v="1"/>
    <tag k="name" v="大湖五路"/>
  </way>
  <way id="1030605340">
    <nd ref="2268453760"/>
    <nd ref="2268453682"/>
    <nd ref="2268453680"/>
    <tag k="highway" v="residential"/>
    <tag k="name" v="萬德六路"/>
  </way>
  <way id="1030605341">
    <nd ref="2268453765"/>
    <nd ref="2268453760"/>
    <tag k="bridge" v="yes"/>
    <tag k="highway" v="residential"/>
    <tag k="layer" v="1"/>
    <tag k="name" v="萬德六路"/>
  </way>
  <way id="1030605342">
    <nd ref="3707842261"/>
    <nd ref="9500049827"/>
    <tag k="bridge" v="yes"/>
    <tag k="highway" v="service"/>
    <tag k="layer" v="1"/>
  </way>
  <way id="1030605343">
    <nd ref="4430972115"/>
    <nd ref="3707842245"/>
    <nd ref="3707842253"/>
    <nd ref="4430972127"/>
    <nd ref="3707842261"/>
    <tag k="highway" v="service"/>
  </way>
  <way id="1030605344">
    <nd ref="2268453661"/>
    <nd ref="9500049830"/>
    <tag k="bridge" v="yes"/>
    <tag k="highway" v="secondary"/>
    <tag k="layer" v="1"/>
    <tag k="name" v="中山路二段"/>
    <tag k="ref" v="196"/>
    <tag k="ref:en" v="196"/>
    <tag k="ref:zh" v="196"/>
  </way>
  <way id="1030605345">
    <nd ref="2268453691"/>
    <nd ref="2268453661"/>
    <tag k="highway" v="secondary"/>
    <tag k="name" v="中山路二段"/>
    <tag k="ref" v="196"/>
    <tag k="ref:en" v="196"/>
    <tag k="ref:zh" v="196"/>
  </way>
  <way id="1030605348">
    <nd ref="2279816431"/>
    <nd ref="2279816418"/>
    <nd ref="2279842317"/>
    <nd ref="2279816405"/>
    <nd ref="2279842306"/>
    <nd ref="1690085531"/>
    <nd ref="1690085527"/>
    <tag k="highway" v="tertiary"/>
    <tag k="name" v="照林路三段"/>
    <tag k="ref" v="宜26-1"/>
    <tag k="ref:en" v="IL26-1"/>
    <tag k="ref:zh" v="宜26-1"/>
  </way>
  <way id="1030680270">
    <nd ref="3707841646"/>
    <nd ref="3707841714"/>
    <nd ref="3707841813"/>
    <nd ref="3707841828"/>
    <nd ref="4431053206"/>
    <nd ref="3707841882"/>
    <nd ref="3707841933"/>
    <nd ref="4430955906"/>
    <nd ref="412685443"/>
    <tag k="highway" v="service"/>
    <tag k="name" v="大湖一路"/>
  </way>
  <way id="1030680271">
    <nd ref="3707841635"/>
    <nd ref="3707841646"/>
    <tag k="bridge" v="yes"/>
    <tag k="highway" v="service"/>
    <tag k="layer" v="1"/>
    <tag k="name" v="大湖路"/>
  </way>
  <way id="1030680272">
    <nd ref="2268453834"/>
    <nd ref="2268453827"/>
    <tag k="bridge" v="yes"/>
    <tag k="highway" v="residential"/>
    <tag k="layer" v="1"/>
    <tag k="name" v="萬眉路"/>
  </way>
  <way id="1030680273">
    <nd ref="2268453858"/>
    <nd ref="2268453835"/>
    <nd ref="2268453834"/>
    <tag k="highway" v="residential"/>
    <tag k="name" v="萬眉路"/>
  </way>
  <way id="1030680274">
    <nd ref="3707841784"/>
    <nd ref="3707841795"/>
    <tag k="bridge" v="yes"/>
    <tag k="highway" v="service"/>
    <tag k="layer" v="1"/>
  </way>
  <way id="1030680275">
    <nd ref="9500652093"/>
    <nd ref="9500652092"/>
    <nd ref="2268453637"/>
    <tag k="highway" v="unclassified"/>
    <tag k="name" v="中山路二段121巷"/>
  </way>
  <way id="1030680276">
    <nd ref="4430972092"/>
    <nd ref="9500652093"/>
    <tag k="bridge" v="yes"/>
    <tag k="highway" v="unclassified"/>
    <tag k="layer" v="1"/>
    <tag k="name" v="中山路二段121巷"/>
  </way>
  <way id="1030680277">
    <nd ref="2279816305"/>
    <nd ref="2279816306"/>
    <tag k="bridge" v="yes"/>
    <tag k="highway" v="unclassified"/>
    <tag k="layer" v="1"/>
  </way>
  <way id="1030680278">
    <nd ref="2279816298"/>
    <nd ref="1690065058"/>
    <nd ref="2268453846"/>
    <tag k="highway" v="residential"/>
    <tag k="name" v="萬德二路"/>
  </way>
  <way id="1030680279">
    <nd ref="2279816302"/>
    <nd ref="2279816298"/>
    <tag k="bridge" v="yes"/>
    <tag k="highway" v="residential"/>
    <tag k="layer" v="1"/>
    <tag k="name" v="萬德二路"/>
  </way>
  <way id="1030680280">
    <nd ref="2261122583"/>
    <nd ref="2261122579"/>
    <tag k="bridge" v="yes"/>
    <tag k="highway" v="residential"/>
    <tag k="layer" v="1"/>
  </way>
  <way id="1030680281">
    <nd ref="2261122587"/>
    <nd ref="2261122583"/>
    <tag k="highway" v="residential"/>
  </way>
  <way id="1030680282">
    <nd ref="1690064876"/>
    <nd ref="2261122544"/>
    <tag k="bridge" v="yes"/>
    <tag k="fixme" v="name?"/>
    <tag k="highway" v="service"/>
    <tag k="layer" v="1"/>
    <tag k="name" v="安農北路五段"/>
  </way>
  <way id="1030680283">
    <nd ref="2268453603"/>
    <nd ref="1690064669"/>
    <nd ref="1690064686"/>
    <nd ref="9500664223"/>
    <nd ref="1690064697"/>
    <nd ref="1690064698"/>
    <nd ref="1690064688"/>
    <nd ref="1690064690"/>
    <nd ref="2261122527"/>
    <nd ref="1690064695"/>
    <nd ref="2261122530"/>
    <nd ref="2261122532"/>
    <nd ref="1690064768"/>
    <nd ref="1690064800"/>
    <nd ref="9500652113"/>
    <nd ref="9500652112"/>
    <nd ref="13866367219"/>
    <nd ref="9500652111"/>
    <nd ref="1690064876"/>
    <tag k="fixme" v="name?"/>
    <tag k="highway" v="service"/>
    <tag k="name" v="安農北路五段"/>
  </way>
  <way id="1030680284">
    <nd ref="2268453807"/>
    <nd ref="2268453805"/>
    <nd ref="2268453803"/>
    <nd ref="2268453799"/>
    <nd ref="2268453801"/>
    <nd ref="2268453806"/>
    <tag k="highway" v="service"/>
    <tag k="name" v="富月路"/>
  </way>
  <way id="1030680285">
    <nd ref="2268453808"/>
    <nd ref="2268453807"/>
    <tag k="bridge" v="yes"/>
    <tag k="highway" v="service"/>
    <tag k="layer" v="1"/>
    <tag k="name" v="富月路"/>
  </way>
  <way id="1030680286">
    <nd ref="2268453802"/>
    <nd ref="2268453807"/>
    <tag k="bridge" v="yes"/>
    <tag k="highway" v="service"/>
    <tag k="layer" v="1"/>
  </way>
  <way id="1030718497">
    <nd ref="9500926481"/>
    <nd ref="3744163740"/>
    <nd ref="3707841988"/>
    <nd ref="3744188333"/>
    <tag k="highway" v="residential"/>
    <tag k="name" v="星義路"/>
    <tag k="oneway" v="no"/>
  </way>
  <way id="1030718498">
    <nd ref="9500926482"/>
    <nd ref="9500926481"/>
    <tag k="bridge" v="yes"/>
    <tag k="highway" v="residential"/>
    <tag k="layer" v="1"/>
    <tag k="name" v="星義路"/>
    <tag k="oneway" v="no"/>
  </way>
  <way id="1030718504">
    <nd ref="3707842199"/>
    <nd ref="9500926511"/>
    <nd ref="9500942518"/>
    <tag k="bridge" v="yes"/>
    <tag k="highway" v="unclassified"/>
    <tag k="layer" v="1"/>
    <tag k="name" v="義平路"/>
  </way>
  <way id="1030718505">
    <nd ref="3707842013"/>
    <nd ref="3707842178"/>
    <nd ref="3707842187"/>
    <nd ref="4430972084"/>
    <nd ref="9500926510"/>
    <nd ref="3707842199"/>
    <tag k="highway" v="unclassified"/>
    <tag k="name" v="義平路"/>
  </way>
  <way id="1030718506">
    <nd ref="4430972088"/>
    <nd ref="9500926511"/>
    <nd ref="9500926513"/>
    <tag k="bridge" v="yes"/>
    <tag k="highway" v="unclassified"/>
    <tag k="layer" v="1"/>
  </way>
  <way id="1030718507">
    <nd ref="3707842019"/>
    <nd ref="3707842013"/>
    <tag k="bridge" v="yes"/>
    <tag k="highway" v="unclassified"/>
    <tag k="layer" v="1"/>
    <tag k="name" v="雙和中路"/>
    <tag k="oneway" v="no"/>
  </way>
  <way id="1030718508">
    <nd ref="4430972079"/>
    <nd ref="3707842019"/>
    <tag k="highway" v="unclassified"/>
    <tag k="name" v="雙和中路"/>
    <tag k="oneway" v="no"/>
  </way>
  <way id="1030718509">
    <nd ref="9500926513"/>
    <nd ref="9500926514"/>
    <nd ref="9500926515"/>
    <nd ref="9500926516"/>
    <nd ref="9500942517"/>
    <nd ref="3707842165"/>
    <tag k="highway" v="unclassified"/>
  </way>
  <way id="1030718510">
    <nd ref="412685447"/>
    <nd ref="5265618534"/>
    <nd ref="987499648"/>
    <tag k="highway" v="primary"/>
    <tag k="name" v="三星路五段"/>
    <tag k="name:en" v="Sanxing Road Section 5"/>
    <tag k="name:nan" v="Sam-seng-lō͘ 5-tōaⁿ"/>
    <tag k="name:nan-Hant" v="三星路五段"/>
    <tag k="name:nan-Latn-pehoeji" v="Sam-seng-lō͘ 5-tōaⁿ"/>
    <tag k="name:nan-Latn-tailo" v="Sam-sing-lōo 5-tuānn"/>
    <tag k="name:zh" v="三星路五段"/>
    <tag k="ref" v="7丙"/>
    <tag k="ref:en" v="Provincial Highway 7C"/>
    <tag k="ref:zh" v="台7丙線"/>
    <tag k="surface" v="asphalt"/>
  </way>
  <way id="1030718522">
    <nd ref="5248606073"/>
    <nd ref="987499648"/>
    <tag k="highway" v="secondary"/>
    <tag k="name" v="中山路二段"/>
    <tag k="ref" v="196"/>
    <tag k="ref:en" v="196"/>
    <tag k="ref:zh" v="196"/>
  </way>
  <way id="1030741922">
    <nd ref="8318236524"/>
    <nd ref="4431004894"/>
    <tag k="bridge" v="yes"/>
    <tag k="highway" v="residential"/>
    <tag k="layer" v="1"/>
    <tag k="name" v="雙和一路"/>
  </way>
  <way id="1030741923">
    <nd ref="8318236524"/>
    <nd ref="9501128195"/>
    <nd ref="3707841922"/>
    <nd ref="3707841932"/>
    <nd ref="9501128194"/>
    <nd ref="9501128193"/>
    <nd ref="3707841962"/>
    <nd ref="3707841970"/>
    <nd ref="9501128192"/>
    <nd ref="9501128191"/>
    <nd ref="3707841948"/>
    <nd ref="3707841952"/>
    <nd ref="3707841964"/>
    <nd ref="9501128201"/>
    <nd ref="3707841972"/>
    <nd ref="3707841955"/>
    <tag k="highway" v="service"/>
  </way>
  <way id="1030741924">
    <nd ref="3109149625"/>
    <nd ref="3707841908"/>
    <nd ref="3707841935"/>
    <nd ref="9501128203"/>
    <tag k="highway" v="residential"/>
    <tag k="name" v="雙賢路"/>
  </way>
  <way id="1030741925">
    <nd ref="3707841955"/>
    <nd ref="3707842132"/>
    <tag k="highway" v="residential"/>
    <tag k="ibe" v="bi"/>
    <tag k="name" v="雙賢路"/>
  </way>
  <way id="1030741926">
    <nd ref="9501128203"/>
    <nd ref="3707841955"/>
    <tag k="bridge" v="yes"/>
    <tag k="highway" v="residential"/>
    <tag k="ibe" v="bi"/>
    <tag k="layer" v="1"/>
    <tag k="name" v="雙賢路"/>
  </way>
  <way id="1037081289">
    <nd ref="5248606071"/>
    <nd ref="9553805562"/>
    <tag k="highway" v="service"/>
    <tag k="service" v="alley"/>
  </way>
  <way id="1056386805">
    <nd ref="4430915329"/>
    <nd ref="9706774946"/>
    <nd ref="9706768746"/>
    <nd ref="9706768747"/>
    <nd ref="9706768748"/>
    <nd ref="9706768749"/>
    <nd ref="9706768750"/>
    <nd ref="9706768751"/>
    <nd ref="9706768752"/>
    <nd ref="9706768753"/>
    <nd ref="9706768754"/>
    <nd ref="9706768755"/>
    <nd ref="9706768756"/>
    <nd ref="9706768757"/>
    <nd ref="9706768758"/>
    <nd ref="9706768759"/>
    <nd ref="9706768760"/>
    <nd ref="9706768761"/>
    <tag k="highway" v="unclassified"/>
    <tag k="name" v="龍泉路"/>
  </way>
  <way id="1056386813">
    <nd ref="4430915515"/>
    <nd ref="4430915506"/>
    <nd ref="4430915499"/>
    <nd ref="4430915491"/>
    <nd ref="4430915494"/>
    <nd ref="4430915495"/>
    <nd ref="4430915490"/>
    <nd ref="4430915377"/>
    <nd ref="9706774940"/>
    <nd ref="4430915355"/>
    <nd ref="9706774942"/>
    <tag k="highway" v="service"/>
    <tag k="name" v="集賢一路"/>
  </way>
  <way id="1056386814">
    <nd ref="9706774942"/>
    <nd ref="9706774941"/>
    <tag k="bridge" v="yes"/>
    <tag k="highway" v="service"/>
    <tag k="layer" v="1"/>
    <tag k="name" v="集賢一路"/>
  </way>
  <way id="1056386815">
    <nd ref="9706774949"/>
    <nd ref="3707841577"/>
    <nd ref="4430915381"/>
    <nd ref="3707841590"/>
    <tag k="highway" v="service"/>
    <tag k="name" v="龍泉路"/>
  </way>
  <way id="1056386816">
    <nd ref="9706774950"/>
    <nd ref="9706774949"/>
    <tag k="bridge" v="yes"/>
    <tag k="highway" v="service"/>
    <tag k="layer" v="1"/>
  </way>
  <way id="1069562984">
    <nd ref="9816992864"/>
    <nd ref="9816992865"/>
    <nd ref="9816992866"/>
    <nd ref="9816992867"/>
    <nd ref="9816992868"/>
    <nd ref="9816992869"/>
    <nd ref="9816992870"/>
    <nd ref="9816992871"/>
    <nd ref="11715725390"/>
    <nd ref="9816992872"/>
    <tag k="highway" v="unclassified"/>
  </way>
  <way id="1101040512">
    <nd ref="10076663255"/>
    <nd ref="987441797"/>
    <tag k="highway" v="service"/>
  </way>
  <way id="1101490529">
    <nd ref="10080041419"/>
    <nd ref="10080037287"/>
    <nd ref="10080037286"/>
    <nd ref="10080037285"/>
    <nd ref="10080037284"/>
    <nd ref="10080037283"/>
    <nd ref="10080037282"/>
    <nd ref="10080037281"/>
    <nd ref="10080037280"/>
    <nd ref="10080037279"/>
    <nd ref="10080037278"/>
    <nd ref="10080037277"/>
    <nd ref="10080037276"/>
    <nd ref="10080037275"/>
    <nd ref="10080037307"/>
    <tag k="highway" v="track"/>
  </way>
  <way id="1101490530">
    <nd ref="10080037295"/>
    <nd ref="10080037292"/>
    <nd ref="10080037291"/>
    <nd ref="10080037290"/>
    <nd ref="10080037289"/>
    <nd ref="10080037288"/>
    <tag k="highway" v="track"/>
  </way>
  <way id="1101490531">
    <nd ref="9311511134"/>
    <nd ref="10080041426"/>
    <nd ref="10080041425"/>
    <nd ref="10080041424"/>
    <nd ref="10080041423"/>
    <nd ref="10080041422"/>
    <nd ref="10080041421"/>
    <nd ref="10080041420"/>
    <nd ref="10080041419"/>
    <nd ref="10080041418"/>
    <nd ref="10080041417"/>
    <nd ref="10080037316"/>
    <nd ref="10080037315"/>
    <nd ref="10080037314"/>
    <nd ref="10080037313"/>
    <nd ref="10080037312"/>
    <nd ref="10080037311"/>
    <nd ref="10080037310"/>
    <nd ref="10080037309"/>
    <nd ref="10080037308"/>
    <nd ref="10080037307"/>
    <nd ref="10080037306"/>
    <nd ref="10080037305"/>
    <nd ref="10080037304"/>
    <nd ref="10080037303"/>
    <nd ref="10080037302"/>
    <nd ref="10080037301"/>
    <nd ref="10080037300"/>
    <nd ref="10080037299"/>
    <nd ref="10080037298"/>
    <nd ref="10080037297"/>
    <nd ref="10080037296"/>
    <nd ref="10080037295"/>
    <nd ref="10080037294"/>
    <nd ref="10080037293"/>
    <tag k="highway" v="track"/>
  </way>
  <way id="1101490532">
    <nd ref="10080041552"/>
    <nd ref="10080041551"/>
    <nd ref="10080041550"/>
    <nd ref="10080041549"/>
    <nd ref="10080041548"/>
    <nd ref="10080041547"/>
    <nd ref="10080041546"/>
    <nd ref="10080041545"/>
    <nd ref="10080041544"/>
    <nd ref="10080041543"/>
    <nd ref="10080041542"/>
    <nd ref="10080041541"/>
    <nd ref="10080041540"/>
    <tag k="highway" v="track"/>
  </way>
  <way id="1101490533">
    <nd ref="3210375666"/>
    <nd ref="10080041575"/>
    <nd ref="10080041574"/>
    <nd ref="10080041573"/>
    <nd ref="10080041572"/>
    <nd ref="10080041571"/>
    <nd ref="10080041570"/>
    <nd ref="10080041569"/>
    <nd ref="10080041568"/>
    <nd ref="10080041567"/>
    <nd ref="10080041566"/>
    <nd ref="10080041565"/>
    <nd ref="10080041564"/>
    <nd ref="10080041563"/>
    <nd ref="10080041562"/>
    <nd ref="10080041561"/>
    <nd ref="10080041560"/>
    <nd ref="10080041559"/>
    <nd ref="10080041558"/>
    <nd ref="10080041557"/>
    <nd ref="10080041556"/>
    <nd ref="10080041555"/>
    <nd ref="10080041554"/>
    <nd ref="10080041553"/>
    <nd ref="10080041552"/>
    <tag k="highway" v="unclassified"/>
  </way>
  <way id="1101490534">
    <nd ref="10080041615"/>
    <nd ref="10080041588"/>
    <nd ref="10080041587"/>
    <nd ref="10080041586"/>
    <nd ref="10080041585"/>
    <tag k="highway" v="residential"/>
  </way>
  <way id="1101490535">
    <nd ref="10080041610"/>
    <nd ref="10080041597"/>
    <nd ref="10080041596"/>
    <nd ref="10080041595"/>
    <nd ref="10080041594"/>
    <nd ref="10080041593"/>
    <nd ref="10080041592"/>
    <nd ref="10080041591"/>
    <nd ref="10080041590"/>
    <nd ref="10080041589"/>
    <tag k="highway" v="residential"/>
  </way>
  <way id="1101490536">
    <nd ref="10080041604"/>
    <nd ref="10080041603"/>
    <nd ref="10080041602"/>
    <nd ref="10080041601"/>
    <nd ref="10080041600"/>
    <nd ref="10080041599"/>
    <nd ref="10080041598"/>
    <tag k="highway" v="track"/>
  </way>
  <way id="1101490537">
    <nd ref="10080041684"/>
    <nd ref="10080041621"/>
    <nd ref="10080041620"/>
    <nd ref="10080041619"/>
    <nd ref="10080041618"/>
    <nd ref="10080041617"/>
    <nd ref="10080041616"/>
    <nd ref="10080041615"/>
    <nd ref="10080041614"/>
    <nd ref="10080041613"/>
    <nd ref="10080041612"/>
    <nd ref="10080041611"/>
    <nd ref="10080041610"/>
    <nd ref="10080041609"/>
    <nd ref="10080041608"/>
    <nd ref="10080041604"/>
    <nd ref="10080041607"/>
    <nd ref="10080041606"/>
    <nd ref="10080041605"/>
    <tag k="highway" v="unclassified"/>
  </way>
  <way id="1101490538">
    <nd ref="10080041646"/>
    <nd ref="10080041629"/>
    <nd ref="10080041628"/>
    <nd ref="10080041627"/>
    <nd ref="10080041626"/>
    <nd ref="10080041625"/>
    <nd ref="10080041624"/>
    <nd ref="10080041623"/>
    <nd ref="10080041622"/>
    <tag k="highway" v="track"/>
  </way>
  <way id="1101490539">
    <nd ref="10080041672"/>
    <nd ref="10080041668"/>
    <nd ref="10080041667"/>
    <nd ref="10080041666"/>
    <nd ref="10080041665"/>
    <nd ref="10080041664"/>
    <nd ref="10080041663"/>
    <nd ref="10080041662"/>
    <nd ref="10080041661"/>
    <nd ref="10080041660"/>
    <nd ref="10080041659"/>
    <nd ref="10080041658"/>
    <nd ref="10080041886"/>
    <nd ref="10080041657"/>
    <nd ref="10080041656"/>
    <nd ref="10080041655"/>
    <nd ref="10080041654"/>
    <nd ref="10080041653"/>
    <nd ref="10080041652"/>
    <nd ref="10080041651"/>
    <nd ref="10080041650"/>
    <nd ref="10080041649"/>
    <nd ref="10080041648"/>
    <nd ref="10080041647"/>
    <nd ref="10080041646"/>
    <nd ref="10080041645"/>
    <nd ref="10080041644"/>
    <nd ref="10080041643"/>
    <nd ref="10080041642"/>
    <nd ref="10080041641"/>
    <nd ref="10080041640"/>
    <nd ref="10080041639"/>
    <nd ref="10080041638"/>
    <nd ref="10080041637"/>
    <nd ref="10080041636"/>
    <nd ref="10080041635"/>
    <nd ref="10080041634"/>
    <nd ref="10080041633"/>
    <nd ref="10080041632"/>
    <nd ref="10080041631"/>
    <nd ref="10080041630"/>
    <tag k="highway" v="track"/>
  </way>
  <way id="1101490540">
    <nd ref="10080041823"/>
    <nd ref="10080041817"/>
    <nd ref="10080041818"/>
    <nd ref="10080041819"/>
    <nd ref="10080041820"/>
    <nd ref="10080041821"/>
    <nd ref="10080041822"/>
    <nd ref="3210375715"/>
    <nd ref="3210375713"/>
    <nd ref="3210375717"/>
    <nd ref="10080041716"/>
    <nd ref="3210375718"/>
    <nd ref="3210375723"/>
    <nd ref="3210375726"/>
    <nd ref="3210375730"/>
    <nd ref="10080041715"/>
    <nd ref="10080041714"/>
    <nd ref="3210375732"/>
    <nd ref="3210375733"/>
    <nd ref="3210375734"/>
    <nd ref="3210375737"/>
    <nd ref="3210375736"/>
    <nd ref="3210375739"/>
    <nd ref="10080041713"/>
    <nd ref="10080041712"/>
    <nd ref="10080041711"/>
    <nd ref="10080041710"/>
    <nd ref="10080041709"/>
    <nd ref="10080041708"/>
    <nd ref="10080041707"/>
    <nd ref="10080041706"/>
    <nd ref="10080041705"/>
    <nd ref="10080041915"/>
    <tag k="highway" v="track"/>
  </way>
  <way id="1101490541">
    <nd ref="10080041908"/>
    <nd ref="10080041854"/>
    <nd ref="10080041855"/>
    <nd ref="10080041856"/>
    <nd ref="10080041857"/>
    <nd ref="10080041858"/>
    <nd ref="10080041859"/>
    <nd ref="10080041860"/>
    <nd ref="10080041861"/>
    <nd ref="10080041862"/>
    <nd ref="10080041863"/>
    <nd ref="10080041864"/>
    <nd ref="10080041865"/>
    <nd ref="10080041866"/>
    <nd ref="10080041867"/>
    <nd ref="10080041868"/>
    <nd ref="10080041869"/>
    <nd ref="10080041870"/>
    <nd ref="10080041871"/>
    <nd ref="10080041872"/>
    <nd ref="10080041873"/>
    <nd ref="10080041874"/>
    <nd ref="10080041875"/>
    <nd ref="10080041876"/>
    <nd ref="10080041877"/>
    <nd ref="10080041878"/>
    <nd ref="10080041879"/>
    <nd ref="10080041880"/>
    <nd ref="10080041881"/>
    <nd ref="10080041882"/>
    <nd ref="10080041883"/>
    <nd ref="10080041884"/>
    <nd ref="10080041885"/>
    <nd ref="10080041948"/>
    <tag k="highway" v="track"/>
  </way>
  <way id="1101490542">
    <nd ref="10080041886"/>
    <nd ref="10080041887"/>
    <nd ref="10080041888"/>
    <nd ref="10080041889"/>
    <nd ref="10080041890"/>
    <nd ref="10080041891"/>
    <nd ref="10080041892"/>
    <nd ref="10080041893"/>
    <nd ref="10080041894"/>
    <nd ref="10080041895"/>
    <nd ref="10080041896"/>
    <nd ref="10080041897"/>
    <nd ref="10080041898"/>
    <nd ref="10080041899"/>
    <nd ref="10080041900"/>
    <nd ref="10080041901"/>
    <nd ref="10080041902"/>
    <nd ref="10080041903"/>
    <nd ref="10080041904"/>
    <nd ref="10080041905"/>
    <nd ref="10080041906"/>
    <nd ref="10080041907"/>
    <nd ref="10080041908"/>
    <nd ref="10080041909"/>
    <nd ref="10080041910"/>
    <nd ref="10080041911"/>
    <nd ref="10080041912"/>
    <nd ref="10080041913"/>
    <nd ref="10080041914"/>
    <nd ref="10080041915"/>
    <nd ref="10080041916"/>
    <nd ref="10080041917"/>
    <nd ref="10080041918"/>
    <nd ref="10080041919"/>
    <nd ref="10080041920"/>
    <nd ref="10080041921"/>
    <nd ref="10080041922"/>
    <nd ref="10080041923"/>
    <nd ref="10080041924"/>
    <nd ref="10080041925"/>
    <nd ref="10080041926"/>
    <nd ref="10080041927"/>
    <nd ref="10080041928"/>
    <nd ref="10080041929"/>
    <nd ref="10080041930"/>
    <nd ref="10080041931"/>
    <nd ref="10080041932"/>
    <nd ref="10080041933"/>
    <nd ref="10080041934"/>
    <nd ref="10080041935"/>
    <nd ref="10080041961"/>
    <tag k="highway" v="track"/>
  </way>
  <way id="1101490543">
    <nd ref="10080041955"/>
    <nd ref="10080041951"/>
    <nd ref="10080041950"/>
    <nd ref="10080041949"/>
    <nd ref="10080041948"/>
    <nd ref="10080041947"/>
    <nd ref="10080041946"/>
    <nd ref="10080041945"/>
    <nd ref="10080041944"/>
    <nd ref="10080041943"/>
    <nd ref="10080041942"/>
    <nd ref="10080041941"/>
    <nd ref="10080041940"/>
    <nd ref="10080041939"/>
    <nd ref="10080041938"/>
    <nd ref="10080041937"/>
    <nd ref="10080041936"/>
    <tag k="highway" v="track"/>
  </way>
  <way id="1101490545">
    <nd ref="10080041751"/>
    <nd ref="10080041750"/>
    <nd ref="10080041749"/>
    <nd ref="10080041748"/>
    <nd ref="10080041747"/>
    <nd ref="10080041746"/>
    <nd ref="10080041745"/>
    <nd ref="10080041744"/>
    <nd ref="10080041743"/>
    <nd ref="10080041742"/>
    <nd ref="10080041741"/>
    <nd ref="10080041740"/>
    <nd ref="10080041739"/>
    <nd ref="10080041738"/>
    <nd ref="10080041737"/>
    <nd ref="10080041736"/>
    <nd ref="10080042074"/>
    <nd ref="10080042073"/>
    <nd ref="10080042072"/>
    <nd ref="10080042071"/>
    <tag k="highway" v="track"/>
  </way>
  <way id="1101490548">
    <nd ref="9311511495"/>
    <nd ref="10080041806"/>
    <nd ref="10080041805"/>
    <nd ref="10080041804"/>
    <nd ref="10080041803"/>
    <nd ref="10080041802"/>
    <nd ref="10080041801"/>
    <nd ref="10080041800"/>
    <nd ref="10080041799"/>
    <nd ref="10080041798"/>
    <nd ref="10080041797"/>
    <nd ref="10080041796"/>
    <nd ref="10080041795"/>
    <nd ref="10080041794"/>
    <nd ref="10080041793"/>
    <nd ref="10080041792"/>
    <nd ref="10080041791"/>
    <nd ref="10080041790"/>
    <nd ref="10080041789"/>
    <nd ref="10080041788"/>
    <nd ref="10080041787"/>
    <nd ref="10080041786"/>
    <nd ref="10080041785"/>
    <nd ref="10080041784"/>
    <nd ref="10080041783"/>
    <nd ref="10080041782"/>
    <nd ref="10080041781"/>
    <nd ref="10080041780"/>
    <nd ref="10080041779"/>
    <nd ref="10080041778"/>
    <nd ref="10080041777"/>
    <nd ref="10080041776"/>
    <nd ref="10080041775"/>
    <nd ref="10080041774"/>
    <nd ref="10080041773"/>
    <tag k="highway" v="track"/>
  </way>
  <way id="1110530240">
    <nd ref="10159392995"/>
    <nd ref="10159392996"/>
    <nd ref="10159392997"/>
    <nd ref="10159392998"/>
    <nd ref="10159392999"/>
    <nd ref="10159393000"/>
    <tag k="highway" v="service"/>
    <tag k="source" v="maxar"/>
  </way>
  <way id="1114935095">
    <nd ref="10197336925"/>
    <nd ref="10197336924"/>
    <nd ref="10197336923"/>
    <nd ref="10197336922"/>
    <nd ref="10197336921"/>
    <nd ref="10197336920"/>
    <nd ref="10197336919"/>
    <nd ref="10197336918"/>
    <tag k="highway" v="service"/>
  </way>
  <way id="1116840802">
    <nd ref="10214203486"/>
    <nd ref="10214203487"/>
    <tag k="highway" v="service"/>
  </way>
  <way id="1116840803">
    <nd ref="4431088348"/>
    <nd ref="14174991462"/>
    <nd ref="10214203488"/>
    <nd ref="14174992964"/>
    <nd ref="14174992965"/>
    <tag k="highway" v="service"/>
  </way>
  <way id="1116840804">
    <nd ref="4431088367"/>
    <nd ref="10214203492"/>
    <nd ref="10214203493"/>
    <tag k="highway" v="service"/>
  </way>
  <way id="1121148417">
    <nd ref="10254967002"/>
    <nd ref="10254967001"/>
    <nd ref="10254967000"/>
    <tag k="highway" v="track"/>
  </way>
  <way id="1121148418">
    <nd ref="2938325103"/>
    <nd ref="10254974917"/>
    <nd ref="10254974916"/>
    <nd ref="10254974915"/>
    <nd ref="10254974914"/>
    <nd ref="10254974913"/>
    <nd ref="10254974912"/>
    <tag k="highway" v="track"/>
  </way>
  <way id="1121148419">
    <nd ref="4430954390"/>
    <nd ref="10254974918"/>
    <nd ref="4430954388"/>
    <nd ref="4430965118"/>
    <nd ref="4430954387"/>
    <nd ref="10197329002"/>
    <tag k="highway" v="residential"/>
  </way>
  <way id="1121148420">
    <nd ref="2938325104"/>
    <nd ref="4430954391"/>
    <nd ref="10254974925"/>
    <nd ref="10254974924"/>
    <nd ref="10254974923"/>
    <nd ref="10254974922"/>
    <tag k="highway" v="residential"/>
  </way>
  <way id="1125597358">
    <nd ref="994345677"/>
    <nd ref="994345776"/>
    <nd ref="2946920186"/>
    <nd ref="2946920185"/>
    <nd ref="2946920181"/>
    <nd ref="2946920180"/>
    <nd ref="2946920177"/>
    <nd ref="2946920166"/>
    <nd ref="2946920165"/>
    <nd ref="2946920167"/>
    <nd ref="2946920174"/>
    <nd ref="2946920176"/>
    <nd ref="2946920178"/>
    <nd ref="2946920179"/>
    <nd ref="2946920175"/>
    <nd ref="4430931540"/>
    <nd ref="2946920169"/>
    <nd ref="2946920163"/>
    <nd ref="2946920162"/>
    <nd ref="2946920164"/>
    <nd ref="2946920170"/>
    <nd ref="2946920184"/>
    <nd ref="2946920193"/>
    <nd ref="2946920201"/>
    <nd ref="2946920204"/>
    <nd ref="2946920206"/>
    <nd ref="2946920205"/>
    <nd ref="2946920203"/>
    <nd ref="2946920200"/>
    <nd ref="2946920196"/>
    <nd ref="2946920191"/>
    <nd ref="2946920189"/>
    <nd ref="4430931546"/>
    <nd ref="2946920187"/>
    <nd ref="2946920183"/>
    <nd ref="4430931544"/>
    <nd ref="2946920182"/>
    <nd ref="2946920188"/>
    <nd ref="2946920190"/>
    <nd ref="4430931548"/>
    <nd ref="4430931551"/>
    <nd ref="4430931553"/>
    <nd ref="4430931557"/>
    <nd ref="2946920192"/>
    <nd ref="2946920197"/>
    <nd ref="2946920202"/>
    <nd ref="2946920207"/>
    <nd ref="4430931570"/>
    <nd ref="2946920210"/>
    <nd ref="2946920209"/>
    <nd ref="2946920198"/>
    <nd ref="4430931560"/>
    <nd ref="2946920194"/>
    <nd ref="2946920195"/>
    <tag k="highway" v="unclassified"/>
    <tag k="name" v="進利路"/>
    <tag k="name:en" v="Jinli Road"/>
    <tag k="name:zh" v="進利路"/>
    <tag k="oneway" v="no"/>
  </way>
  <way id="1125669292">
    <nd ref="10293649986"/>
    <nd ref="10293679517"/>
    <nd ref="10293679512"/>
    <nd ref="10293649987"/>
    <nd ref="10293679514"/>
    <nd ref="10293679526"/>
    <nd ref="10293860763"/>
    <nd ref="10293860770"/>
    <nd ref="10293860761"/>
    <nd ref="10293650006"/>
    <nd ref="10293649988"/>
    <nd ref="10293679509"/>
    <nd ref="10293679528"/>
    <nd ref="10293650000"/>
    <nd ref="10293649989"/>
    <nd ref="10293650003"/>
    <nd ref="10293679523"/>
    <nd ref="10293679531"/>
    <nd ref="10293649991"/>
    <nd ref="10293649993"/>
    <nd ref="10293649985"/>
    <nd ref="10293649992"/>
    <nd ref="988504616"/>
    <tag k="highway" v="unclassified"/>
    <tag k="lanes" v="2"/>
    <tag k="lit" v="yes"/>
    <tag k="maxspeed" v="60"/>
    <tag k="name" v="上將路七段"/>
    <tag k="postal_code" v="266001"/>
    <tag k="surface" v="asphalt"/>
  </way>
  <way id="1125669297">
    <nd ref="10293679522"/>
    <nd ref="10293679523"/>
    <nd ref="10293679524"/>
    <tag k="highway" v="service"/>
    <tag k="lit" v="yes"/>
    <tag k="surface" v="asphalt"/>
  </way>
  <way id="1125669299">
    <nd ref="10293679530"/>
    <nd ref="10293679531"/>
    <nd ref="10293679532"/>
    <tag k="highway" v="service"/>
    <tag k="lit" v="yes"/>
    <tag k="surface" v="asphalt"/>
  </way>
  <way id="1125669300">
    <nd ref="10293679519"/>
    <nd ref="10293679528"/>
    <nd ref="10293679529"/>
    <tag k="highway" v="service"/>
    <tag k="lit" v="yes"/>
    <tag k="surface" v="asphalt"/>
  </way>
  <way id="1126707040">
    <nd ref="2279816397"/>
    <nd ref="2279816367"/>
    <nd ref="2279816365"/>
    <nd ref="2279816338"/>
    <nd ref="2279816316"/>
    <nd ref="2279816292"/>
    <nd ref="2268453859"/>
    <nd ref="2268453825"/>
    <nd ref="2268453822"/>
    <nd ref="2268453820"/>
    <nd ref="2268453787"/>
    <nd ref="4431053221"/>
    <tag k="highway" v="unclassified"/>
    <tag k="name" v="富貴二路"/>
  </way>
  <way id="1126707041">
    <nd ref="4431004653"/>
    <nd ref="4431004651"/>
    <nd ref="4431004650"/>
    <nd ref="3707841672"/>
    <nd ref="4431004646"/>
    <nd ref="4431004640"/>
    <nd ref="4431004635"/>
    <nd ref="10019940396"/>
    <nd ref="4431004633"/>
    <nd ref="3707841647"/>
    <nd ref="4431004634"/>
    <nd ref="4431004636"/>
    <nd ref="4431004638"/>
    <nd ref="3707841661"/>
    <nd ref="4431004639"/>
    <nd ref="4431004642"/>
    <nd ref="4431004647"/>
    <nd ref="4431004649"/>
    <nd ref="3707841676"/>
    <nd ref="4431004652"/>
    <nd ref="4431004654"/>
    <nd ref="4431004655"/>
    <nd ref="4431004657"/>
    <nd ref="4431004658"/>
    <nd ref="4431004659"/>
    <nd ref="3707841698"/>
    <nd ref="4431004660"/>
    <nd ref="3707841691"/>
    <nd ref="3707841690"/>
    <nd ref="4430915593"/>
    <nd ref="3707841668"/>
    <nd ref="4430915477"/>
    <nd ref="4430915466"/>
    <nd ref="3707841620"/>
    <nd ref="4430915440"/>
    <nd ref="3707841612"/>
    <nd ref="4430915437"/>
    <nd ref="3707841618"/>
    <nd ref="4430915444"/>
    <nd ref="4430915450"/>
    <nd ref="3707841636"/>
    <nd ref="4430915458"/>
    <nd ref="3707841641"/>
    <nd ref="4430915452"/>
    <nd ref="3707841623"/>
    <nd ref="3707841591"/>
    <nd ref="4430915502"/>
    <nd ref="4430915500"/>
    <nd ref="3707841598"/>
    <nd ref="4430915513"/>
    <nd ref="3707841599"/>
    <tag k="highway" v="service"/>
    <tag k="name" v="安農北路七段"/>
  </way>
  <way id="1126707042">
    <nd ref="3707841587"/>
    <nd ref="4430915336"/>
    <nd ref="4430915327"/>
    <nd ref="4430915326"/>
    <nd ref="4430915325"/>
    <nd ref="4430915324"/>
    <nd ref="4430915323"/>
    <nd ref="4430915322"/>
    <nd ref="4430915320"/>
    <nd ref="4430915321"/>
    <nd ref="4430915318"/>
    <nd ref="4430915319"/>
    <nd ref="4430915317"/>
    <nd ref="4430915316"/>
    <tag k="highway" v="service"/>
    <tag k="name" v="中山路一段"/>
  </way>
  <way id="1126707043">
    <nd ref="3707841587"/>
    <nd ref="4430915496"/>
    <tag k="highway" v="service"/>
    <tag k="name" v="安農南路三段"/>
  </way>
  <way id="1126707045">
    <nd ref="3063279038"/>
    <nd ref="4430972146"/>
    <nd ref="3063279043"/>
    <nd ref="3063279044"/>
    <tag k="highway" v="residential"/>
    <tag k="name" v="楓林八路"/>
  </way>
  <way id="1126830985">
    <nd ref="4430915535"/>
    <nd ref="4430915537"/>
    <nd ref="4430915534"/>
    <nd ref="4430915530"/>
    <nd ref="4430915529"/>
    <nd ref="4430915521"/>
    <nd ref="4430915520"/>
    <nd ref="4430915519"/>
    <nd ref="4430915525"/>
    <nd ref="4430915524"/>
    <nd ref="4430915628"/>
    <nd ref="4430915620"/>
    <tag k="highway" v="service"/>
  </way>
  <way id="1126830986">
    <nd ref="3707841590"/>
    <nd ref="4430915498"/>
    <nd ref="4430915501"/>
    <nd ref="4430915510"/>
    <nd ref="4430915511"/>
    <nd ref="4430915509"/>
    <tag k="highway" v="service"/>
    <tag k="name" v="安農南路三段"/>
  </way>
  <way id="1126830987">
    <nd ref="10303746896"/>
    <nd ref="3109149630"/>
    <nd ref="3109149631"/>
    <nd ref="5253437422"/>
    <nd ref="3744188331"/>
    <nd ref="5265618532"/>
    <nd ref="412685447"/>
    <tag k="highway" v="primary"/>
    <tag k="name" v="三星路五段"/>
    <tag k="name:en" v="Sanxing Road Section 5"/>
    <tag k="name:nan" v="Sam-seng-lō͘ 5-tōaⁿ"/>
    <tag k="name:nan-Hant" v="三星路五段"/>
    <tag k="name:nan-Latn-pehoeji" v="Sam-seng-lō͘ 5-tōaⁿ"/>
    <tag k="name:nan-Latn-tailo" v="Sam-sing-lōo 5-tuānn"/>
    <tag k="name:zh" v="三星路五段"/>
    <tag k="ref" v="7丙"/>
    <tag k="ref:en" v="Provincial Highway 7C"/>
    <tag k="ref:zh" v="台7丙線"/>
  </way>
  <way id="1126830988">
    <nd ref="9500942524"/>
    <nd ref="9500942523"/>
    <nd ref="9500942525"/>
    <nd ref="9500926482"/>
    <tag k="highway" v="residential"/>
    <tag k="name" v="星義路"/>
    <tag k="oneway" v="no"/>
  </way>
  <way id="1127465217">
    <nd ref="4430955761"/>
    <nd ref="3707841714"/>
    <nd ref="3707841710"/>
    <nd ref="4430955758"/>
    <nd ref="3707841706"/>
    <nd ref="3707841704"/>
    <nd ref="4430955753"/>
    <tag k="highway" v="service"/>
    <tag k="name" v="拱照六路"/>
  </way>
  <way id="1127465218">
    <nd ref="4430937254"/>
    <nd ref="4430937253"/>
    <nd ref="4430937255"/>
    <tag k="highway" v="service"/>
    <tag k="name" v="三星路二段701巷50弄"/>
  </way>
  <way id="1127465219">
    <nd ref="4430937273"/>
    <nd ref="4430937271"/>
    <nd ref="3707841937"/>
    <nd ref="3707841924"/>
    <nd ref="4430937263"/>
    <nd ref="4430937261"/>
    <nd ref="3707841905"/>
    <nd ref="3707841895"/>
    <nd ref="3707841890"/>
    <nd ref="3707841885"/>
    <nd ref="4430937254"/>
    <tag k="highway" v="service"/>
    <tag k="name" v="三星路二段761巷"/>
  </way>
  <way id="1127465220">
    <nd ref="3707841931"/>
    <nd ref="2946914865"/>
    <tag k="highway" v="service"/>
    <tag k="name" v="玉尊路18巷"/>
  </way>
  <way id="1127465221">
    <nd ref="10308446873"/>
    <nd ref="10308446874"/>
    <nd ref="10308446875"/>
    <tag k="highway" v="service"/>
    <tag k="name" v="大埔中路393巷"/>
  </way>
  <way id="1127465223">
    <nd ref="3707842323"/>
    <nd ref="4458314411"/>
    <nd ref="4458314412"/>
    <nd ref="3707842340"/>
    <nd ref="3707842334"/>
    <nd ref="3707842329"/>
    <tag k="highway" v="service"/>
    <tag k="name" v="農義路二段136巷"/>
  </way>
  <way id="1127465224">
    <nd ref="3707842348"/>
    <nd ref="3707842349"/>
    <nd ref="3707842351"/>
    <nd ref="10308446880"/>
    <nd ref="10308446881"/>
    <nd ref="987441785"/>
    <tag k="highway" v="service"/>
    <tag k="name" v="大埔六路147巷"/>
  </way>
  <way id="1127465225">
    <nd ref="3707842012"/>
    <nd ref="4430959539"/>
    <nd ref="4430959548"/>
    <nd ref="4430959556"/>
    <nd ref="4430959560"/>
    <nd ref="4430959563"/>
    <nd ref="4430959565"/>
    <nd ref="4430959567"/>
    <nd ref="4430959568"/>
    <nd ref="3109149684"/>
    <tag k="highway" v="service"/>
    <tag k="name" v="三星路一段359巷"/>
  </way>
  <way id="1127465226">
    <nd ref="3707841742"/>
    <nd ref="3210376046"/>
    <tag k="highway" v="service"/>
    <tag k="name" v="大隱八路221巷"/>
  </way>
  <way id="1127465227">
    <nd ref="3707841541"/>
    <nd ref="3210376037"/>
    <tag k="highway" v="service"/>
    <tag k="name" v="大隱五路173巷"/>
  </way>
  <way id="1127465228">
    <nd ref="4431088382"/>
    <nd ref="4431088358"/>
    <tag k="highway" v="service"/>
  </way>
  <way id="1127465229">
    <nd ref="10308446884"/>
    <nd ref="10308446885"/>
    <tag k="highway" v="residential"/>
    <tag k="name" v="大隱五路292巷"/>
  </way>
  <way id="1127465230">
    <nd ref="10308446886"/>
    <nd ref="11158458334"/>
    <nd ref="10308446887"/>
    <tag k="highway" v="service"/>
    <tag k="name" v="三星路一段533巷"/>
  </way>
  <way id="1127465231">
    <nd ref="412685432"/>
    <nd ref="3707842183"/>
    <nd ref="3707842174"/>
    <nd ref="3707842144"/>
    <tag k="highway" v="service"/>
    <tag k="name" v="三星路二段23巷"/>
  </way>
  <way id="1127465232">
    <nd ref="10308446888"/>
    <nd ref="10308446889"/>
    <tag k="highway" v="service"/>
    <tag k="name" v="三星路二段99巷41弄"/>
  </way>
  <way id="1127465233">
    <nd ref="3707842162"/>
    <nd ref="3707842174"/>
    <tag k="highway" v="service"/>
    <tag k="name" v="三星路二段23巷20弄"/>
  </way>
  <way id="1127465234">
    <nd ref="3707842175"/>
    <nd ref="10308446890"/>
    <tag k="highway" v="service"/>
    <tag k="name" v="三星路二段83巷"/>
  </way>
  <way id="1127465235">
    <nd ref="3707841992"/>
    <nd ref="10308446892"/>
    <nd ref="11158458217"/>
    <nd ref="10308446891"/>
    <nd ref="3707842144"/>
    <tag k="highway" v="service"/>
    <tag k="name" v="大埔中路265巷6弄"/>
    <tag k="oneway" v="yes"/>
  </way>
  <way id="1127465236">
    <nd ref="7701090431"/>
    <nd ref="4430959529"/>
    <tag k="highway" v="service"/>
    <tag k="name" v="大埔中路265巷18弄"/>
    <tag k="source" v="digitalglobe"/>
  </way>
  <way id="1127465237">
    <nd ref="7701090430"/>
    <nd ref="7701090431"/>
    <tag k="highway" v="service"/>
    <tag k="name" v="大埔中路265巷17弄"/>
    <tag k="source" v="digitalglobe"/>
  </way>
  <way id="1127465238">
    <nd ref="10308446894"/>
    <nd ref="10308446895"/>
    <nd ref="10308446896"/>
    <tag k="highway" v="service"/>
    <tag k="name" v="大埔中路233巷"/>
  </way>
  <way id="1127465239">
    <nd ref="4430959531"/>
    <nd ref="3707841971"/>
    <tag k="highway" v="service"/>
    <tag k="name" v="三星路二段99巷53弄"/>
  </way>
  <way id="1150842045">
    <nd ref="3707842165"/>
    <nd ref="4430972080"/>
    <tag k="highway" v="unclassified"/>
    <tag k="name" v="雙和中路"/>
    <tag k="oneway" v="no"/>
  </way>
  <way id="1187510267">
    <nd ref="2946927067"/>
    <nd ref="11027022111"/>
    <nd ref="2946927065"/>
    <nd ref="11027022112"/>
    <nd ref="11027022149"/>
    <nd ref="5273749382"/>
    <nd ref="11027022113"/>
    <nd ref="5273749381"/>
    <nd ref="5273749380"/>
    <nd ref="11027022114"/>
    <nd ref="5273749379"/>
    <nd ref="11027022115"/>
    <nd ref="5273749378"/>
    <nd ref="11027022116"/>
    <nd ref="5273749377"/>
    <nd ref="5273749376"/>
    <nd ref="5273749375"/>
    <nd ref="5273749374"/>
    <nd ref="5273749373"/>
    <nd ref="5273749372"/>
    <nd ref="5273749371"/>
    <tag k="highway" v="service"/>
    <tag k="name" v="三星路八段501巷"/>
    <tag k="oneway" v="no"/>
    <tag k="source" v="Bing"/>
    <tag k="surface" v="asphalt"/>
  </way>
  <way id="1203860464">
    <nd ref="4430959564"/>
    <nd ref="11158450093"/>
    <nd ref="11158450095"/>
    <nd ref="11158376063"/>
    <tag k="highway" v="service"/>
  </way>
  <way id="1203860465">
    <nd ref="3707842288"/>
    <nd ref="11158376065"/>
    <nd ref="11158376064"/>
    <tag k="highway" v="service"/>
  </way>
  <way id="1203860466">
    <nd ref="11158376069"/>
    <nd ref="11158376068"/>
    <nd ref="11158376067"/>
    <nd ref="11158376066"/>
    <tag k="highway" v="service"/>
  </way>
  <way id="1203860467">
    <nd ref="11158376072"/>
    <nd ref="11158376071"/>
    <nd ref="11158376070"/>
    <tag k="highway" v="service"/>
  </way>
  <way id="1203866638">
    <nd ref="11158450067"/>
    <nd ref="11158450066"/>
    <tag k="highway" v="service"/>
  </way>
  <way id="1203866639">
    <nd ref="11158450076"/>
    <nd ref="11158450069"/>
    <nd ref="11158450068"/>
    <tag k="highway" v="track"/>
  </way>
  <way id="1203866640">
    <nd ref="987441823"/>
    <nd ref="987441824"/>
    <nd ref="11158450079"/>
    <nd ref="11158450070"/>
    <nd ref="11158450071"/>
    <nd ref="987441825"/>
    <nd ref="11158450072"/>
    <nd ref="4431045341"/>
    <tag k="cycleway:lane" v="exclusive"/>
    <tag k="cycleway:left" v="lane"/>
    <tag k="highway" v="service"/>
  </way>
  <way id="1203866641">
    <nd ref="987441823"/>
    <nd ref="11158450075"/>
    <nd ref="7561120558"/>
    <nd ref="7561120559"/>
    <tag k="bicycle" v="yes"/>
    <tag k="highway" v="cycleway"/>
    <tag k="name" v="安農溪右岸自行車道"/>
  </way>
  <way id="1203866642">
    <nd ref="10308446874"/>
    <nd ref="11158450074"/>
    <tag k="highway" v="service"/>
  </way>
  <way id="1203866643">
    <nd ref="7561120559"/>
    <nd ref="11158450077"/>
    <tag k="bicycle" v="yes"/>
    <tag k="highway" v="cycleway"/>
    <tag k="name" v="安農溪右岸自行車道"/>
    <tag k="tunnel" v="yes"/>
  </way>
  <way id="1203866644">
    <nd ref="7561120531"/>
    <nd ref="7561120532"/>
    <nd ref="7561120533"/>
    <nd ref="7561120534"/>
    <nd ref="7561120535"/>
    <nd ref="7561120536"/>
    <nd ref="11158376091"/>
    <nd ref="7561120537"/>
    <nd ref="7561120538"/>
    <nd ref="7561120539"/>
    <nd ref="7561120540"/>
    <nd ref="7561120541"/>
    <nd ref="7561120542"/>
    <nd ref="7561120543"/>
    <nd ref="7561120544"/>
    <nd ref="7561120545"/>
    <nd ref="7561120546"/>
    <nd ref="7561120547"/>
    <nd ref="7561120548"/>
    <nd ref="7561120549"/>
    <nd ref="13004091444"/>
    <nd ref="7561120550"/>
    <nd ref="7561120551"/>
    <nd ref="4431045342"/>
    <tag k="bicycle" v="yes"/>
    <tag k="highway" v="cycleway"/>
    <tag k="name" v="安農溪右岸自行車道"/>
  </way>
  <way id="1203866645">
    <nd ref="4431045334"/>
    <nd ref="11158450076"/>
    <nd ref="11158450070"/>
    <tag k="highway" v="service"/>
  </way>
  <way id="1203866648">
    <nd ref="11158450092"/>
    <nd ref="11158450091"/>
    <nd ref="11158450090"/>
    <nd ref="11158450089"/>
    <tag k="highway" v="track"/>
  </way>
  <way id="1203866649">
    <nd ref="11158450094"/>
    <nd ref="11158450093"/>
    <tag k="highway" v="service"/>
  </way>
  <way id="1203866650">
    <nd ref="11158450096"/>
    <nd ref="11158450095"/>
    <tag k="highway" v="service"/>
  </way>
  <way id="1203866652">
    <nd ref="11158458207"/>
    <nd ref="4430938324"/>
    <tag k="highway" v="cycleway"/>
  </way>
  <way id="1203866654">
    <nd ref="11158458214"/>
    <nd ref="11158458213"/>
    <tag k="highway" v="service"/>
  </way>
  <way id="1203866656">
    <nd ref="11158458246"/>
    <nd ref="11158458241"/>
    <nd ref="11158458240"/>
    <tag k="highway" v="service"/>
  </way>
  <way id="1203866657">
    <nd ref="7701090394"/>
    <nd ref="11158458246"/>
    <nd ref="11158458245"/>
    <nd ref="11158458244"/>
    <nd ref="11158458243"/>
    <nd ref="11158458240"/>
    <nd ref="11158458242"/>
    <nd ref="7701090426"/>
    <tag k="highway" v="service"/>
  </way>
  <way id="1203866658">
    <nd ref="11158458248"/>
    <nd ref="11158458247"/>
    <tag k="highway" v="service"/>
  </way>
  <way id="1203866659">
    <nd ref="11158458256"/>
    <nd ref="11158458249"/>
    <tag k="highway" v="cycleway"/>
  </way>
  <way id="1203866660">
    <nd ref="11158458264"/>
    <nd ref="11158458263"/>
    <nd ref="11158458262"/>
    <nd ref="11158458261"/>
    <nd ref="11158458260"/>
    <nd ref="11158458259"/>
    <nd ref="11158458258"/>
    <nd ref="11158458257"/>
    <nd ref="11158458256"/>
    <nd ref="11158458255"/>
    <nd ref="11158458254"/>
    <nd ref="11158458253"/>
    <nd ref="11158458252"/>
    <nd ref="11158458251"/>
    <nd ref="11158458250"/>
    <nd ref="7437710324"/>
    <tag k="highway" v="cycleway"/>
  </way>
  <way id="1203866661">
    <nd ref="994318803"/>
    <nd ref="11158458273"/>
    <nd ref="11158458272"/>
    <nd ref="11158458271"/>
    <nd ref="11158458270"/>
    <nd ref="11158458269"/>
    <nd ref="11158458268"/>
    <nd ref="11158458267"/>
    <nd ref="987453387"/>
    <tag k="highway" v="service"/>
  </way>
  <way id="1203866665">
    <nd ref="11158458283"/>
    <nd ref="11158458282"/>
    <nd ref="11158458281"/>
    <tag k="highway" v="track"/>
  </way>
  <way id="1203866668">
    <nd ref="11158458308"/>
    <nd ref="11158458305"/>
    <nd ref="11158458304"/>
    <nd ref="11158458303"/>
    <nd ref="11158458302"/>
    <nd ref="11158458301"/>
    <nd ref="11158458300"/>
    <nd ref="11158458299"/>
    <nd ref="11158458298"/>
    <tag k="highway" v="service"/>
  </way>
  <way id="1203866669">
    <nd ref="4431045347"/>
    <nd ref="11158458308"/>
    <nd ref="11158458307"/>
    <nd ref="11158458306"/>
    <tag k="highway" v="service"/>
  </way>
  <way id="1203866671">
    <nd ref="987441798"/>
    <nd ref="11158458325"/>
    <tag k="highway" v="service"/>
  </way>
  <way id="1203866672">
    <nd ref="11158458328"/>
    <nd ref="11158458327"/>
    <tag k="highway" v="service"/>
  </way>
  <way id="1203866673">
    <nd ref="11158458329"/>
    <nd ref="10308446887"/>
    <tag k="highway" v="service"/>
  </way>
  <way id="1203866674">
    <nd ref="11158458332"/>
    <nd ref="11158458331"/>
    <nd ref="11158458330"/>
    <tag k="highway" v="service"/>
  </way>
  <way id="1203866675">
    <nd ref="11158458334"/>
    <nd ref="11158458330"/>
    <nd ref="11158458333"/>
    <tag k="highway" v="service"/>
  </way>
  <way id="1203866676">
    <nd ref="11158458337"/>
    <nd ref="11158458336"/>
    <nd ref="11158458335"/>
    <tag k="highway" v="service"/>
  </way>
  <way id="1203866677">
    <nd ref="11158458341"/>
    <nd ref="11158458338"/>
    <tag k="highway" v="service"/>
  </way>
  <way id="1203866678">
    <nd ref="11158458343"/>
    <nd ref="11158458342"/>
    <nd ref="11158458341"/>
    <nd ref="11158458340"/>
    <nd ref="11158458339"/>
    <tag k="highway" v="service"/>
  </way>
  <way id="1203866679">
    <nd ref="11158458345"/>
    <nd ref="11158458344"/>
    <tag k="highway" v="track"/>
  </way>
  <way id="1203868944">
    <nd ref="11158475906"/>
    <nd ref="11158475905"/>
    <tag k="highway" v="service"/>
  </way>
  <way id="1203868945">
    <nd ref="11158475910"/>
    <nd ref="11158475909"/>
    <nd ref="11158475908"/>
    <nd ref="11158475907"/>
    <tag k="highway" v="service"/>
  </way>
  <way id="1203868946">
    <nd ref="11158475912"/>
    <nd ref="11158475907"/>
    <nd ref="11158475911"/>
    <tag k="highway" v="service"/>
  </way>
  <way id="1203868947">
    <nd ref="11158475914"/>
    <nd ref="11158475913"/>
    <tag k="highway" v="track"/>
  </way>
  <way id="1203868948">
    <nd ref="11158475915"/>
    <nd ref="11158475917"/>
    <nd ref="11158475916"/>
    <tag k="highway" v="track"/>
  </way>
  <way id="1203868949">
    <nd ref="11158475919"/>
    <nd ref="11158475918"/>
    <tag k="highway" v="service"/>
  </way>
  <way id="1203868950">
    <nd ref="11158475921"/>
    <nd ref="11158475919"/>
    <nd ref="11158475920"/>
    <tag k="highway" v="service"/>
  </way>
  <way id="1203868951">
    <nd ref="11158475924"/>
    <nd ref="11158475923"/>
    <nd ref="11158475922"/>
    <tag k="highway" v="service"/>
  </way>
  <way id="1203868952">
    <nd ref="11158475925"/>
    <nd ref="11158475927"/>
    <nd ref="11158475926"/>
    <tag k="highway" v="service"/>
  </way>
  <way id="1203868953">
    <nd ref="11158475931"/>
    <nd ref="11158475930"/>
    <nd ref="11158475928"/>
    <nd ref="11158475929"/>
    <tag k="highway" v="service"/>
  </way>
  <way id="1203868954">
    <nd ref="11158475935"/>
    <nd ref="11158475934"/>
    <nd ref="11158475933"/>
    <nd ref="11158475932"/>
    <tag k="highway" v="service"/>
  </way>
  <way id="1203868955">
    <nd ref="11158475937"/>
    <nd ref="11158475936"/>
    <tag k="highway" v="service"/>
  </way>
  <way id="1203868956">
    <nd ref="11158475939"/>
    <nd ref="11158475938"/>
    <tag k="highway" v="service"/>
  </way>
  <way id="1203868957">
    <nd ref="3707842256"/>
    <nd ref="11158475940"/>
    <tag k="highway" v="service"/>
  </way>
  <way id="1203868958">
    <nd ref="4458314412"/>
    <nd ref="11158475941"/>
    <tag k="highway" v="service"/>
  </way>
  <way id="1203870855">
    <nd ref="11158492733"/>
    <nd ref="11158492732"/>
    <nd ref="11158492731"/>
    <nd ref="11158492730"/>
    <nd ref="11158492729"/>
    <tag k="highway" v="track"/>
  </way>
  <way id="1203870856">
    <nd ref="11158492734"/>
    <nd ref="4431045318"/>
    <tag k="highway" v="track"/>
  </way>
  <way id="1203870857">
    <nd ref="4431045318"/>
    <nd ref="11158492735"/>
    <tag k="highway" v="service"/>
  </way>
  <way id="1203870859">
    <nd ref="11158492745"/>
    <nd ref="11158492744"/>
    <nd ref="11158492743"/>
    <nd ref="11158492742"/>
    <tag k="highway" v="service"/>
  </way>
  <way id="1203870860">
    <nd ref="11158492748"/>
    <nd ref="11158492747"/>
    <nd ref="11158492746"/>
    <tag k="highway" v="track"/>
  </way>
  <way id="1203870861">
    <nd ref="11158492750"/>
    <nd ref="11158492749"/>
    <tag k="highway" v="service"/>
  </way>
  <way id="1203870862">
    <nd ref="3707842374"/>
    <nd ref="11158492753"/>
    <nd ref="11158492752"/>
    <nd ref="11158492751"/>
    <tag k="highway" v="track"/>
  </way>
  <way id="1229938801">
    <nd ref="5628715742"/>
    <nd ref="5628715723"/>
    <nd ref="5628715721"/>
    <nd ref="5628715724"/>
    <nd ref="5628715729"/>
    <nd ref="5628715736"/>
    <nd ref="5628715735"/>
    <nd ref="5628715741"/>
    <nd ref="5628715745"/>
    <nd ref="5628715751"/>
    <nd ref="5628715752"/>
    <nd ref="5628715756"/>
    <nd ref="5628715761"/>
    <nd ref="5628715765"/>
    <nd ref="5628715768"/>
    <nd ref="5628715778"/>
    <nd ref="5628715771"/>
    <nd ref="5628715774"/>
    <nd ref="5628715784"/>
    <nd ref="5628715786"/>
    <nd ref="5628715812"/>
    <nd ref="5628715814"/>
    <nd ref="5628715818"/>
    <nd ref="5628715922"/>
    <nd ref="5628715924"/>
    <nd ref="5628715926"/>
    <nd ref="5628715928"/>
    <nd ref="5628715933"/>
    <nd ref="5628715932"/>
    <nd ref="5628715937"/>
    <nd ref="5628715940"/>
    <nd ref="5628715943"/>
    <nd ref="5628715948"/>
    <nd ref="5628715952"/>
    <nd ref="5628715955"/>
    <nd ref="5628715958"/>
    <nd ref="5628715961"/>
    <nd ref="5628715964"/>
    <nd ref="5628715965"/>
    <nd ref="5628715967"/>
    <nd ref="5628715969"/>
    <nd ref="5628715970"/>
    <nd ref="5628715972"/>
    <nd ref="5628715974"/>
    <nd ref="5628715976"/>
    <nd ref="5628715977"/>
    <nd ref="5628715979"/>
    <nd ref="5628715981"/>
    <nd ref="5628715094"/>
    <nd ref="5628715095"/>
    <nd ref="5628715097"/>
    <nd ref="5628715099"/>
    <nd ref="5628715105"/>
    <nd ref="5628715103"/>
    <nd ref="5628715106"/>
    <nd ref="5628715111"/>
    <nd ref="5628715114"/>
    <nd ref="5628715116"/>
    <nd ref="5628715722"/>
    <nd ref="5628715120"/>
    <nd ref="5628715738"/>
    <nd ref="5628715726"/>
    <nd ref="5628715731"/>
    <nd ref="5628715743"/>
    <nd ref="5628715740"/>
    <nd ref="5628715747"/>
    <nd ref="5628715749"/>
    <nd ref="5628715758"/>
    <nd ref="5628715754"/>
    <nd ref="5628715757"/>
    <nd ref="5628715763"/>
    <nd ref="5628715782"/>
    <nd ref="5628715770"/>
    <nd ref="5628715775"/>
    <nd ref="5628715773"/>
    <tag k="foot" v="yes"/>
    <tag k="highway" v="track"/>
    <tag k="motor_vehicle" v="no"/>
    <tag k="name" v="大湖桶山產業道路(無法行車)"/>
  </way>
  <way id="1230326735">
    <nd ref="1690065036"/>
    <nd ref="1690065019"/>
    <tag k="fixme" v="name?"/>
    <tag k="highway" v="residential"/>
  </way>
  <way id="1230326761">
    <nd ref="3707842010"/>
    <nd ref="3744188333"/>
    <tag k="highway" v="unclassified"/>
    <tag k="name" v="雙和中路"/>
    <tag k="oneway" v="no"/>
  </way>
  <way id="1230326772">
    <nd ref="988498844"/>
    <nd ref="5527907449"/>
    <nd ref="2261122572"/>
    <nd ref="1690064973"/>
    <nd ref="2261122556"/>
    <nd ref="1690064970"/>
    <nd ref="988498845"/>
    <tag k="highway" v="tertiary"/>
    <tag k="name" v="星中路"/>
    <tag k="name:en" v="Xingchung Road"/>
    <tag k="name:zh" v="星中路"/>
    <tag k="ref" v="宜44"/>
    <tag k="ref:en" v="IL44"/>
    <tag k="ref:zh" v="宜44"/>
  </way>
  <way id="1230326773">
    <nd ref="988498845"/>
    <nd ref="2261122550"/>
    <nd ref="1690064853"/>
    <tag k="highway" v="tertiary"/>
    <tag k="name" v="星中路"/>
    <tag k="name:en" v="Xingchung Road"/>
    <tag k="name:zh" v="星中路"/>
    <tag k="ref" v="宜44"/>
    <tag k="ref:en" v="IL44"/>
    <tag k="ref:zh" v="宜44"/>
  </way>
  <way id="1230326774">
    <nd ref="1690064853"/>
    <nd ref="2268453633"/>
    <tag k="highway" v="tertiary"/>
    <tag k="name" v="星中路"/>
    <tag k="name:en" v="Xingchung Road"/>
    <tag k="name:zh" v="星中路"/>
    <tag k="ref" v="宜44"/>
    <tag k="ref:en" v="IL44"/>
    <tag k="ref:zh" v="宜44"/>
  </way>
  <way id="1230326775">
    <nd ref="2268453633"/>
    <nd ref="2268453627"/>
    <tag k="highway" v="tertiary"/>
    <tag k="name" v="星中路"/>
    <tag k="name:en" v="Xingchung Road"/>
    <tag k="name:zh" v="星中路"/>
    <tag k="ref" v="宜44"/>
    <tag k="ref:en" v="IL44"/>
    <tag k="ref:zh" v="宜44"/>
  </way>
  <way id="1230326776">
    <nd ref="2268453627"/>
    <nd ref="2268453622"/>
    <tag k="highway" v="tertiary"/>
    <tag k="name" v="星中路"/>
    <tag k="name:en" v="Xingchung Road"/>
    <tag k="name:zh" v="星中路"/>
    <tag k="ref" v="宜44"/>
    <tag k="ref:en" v="IL44"/>
    <tag k="ref:zh" v="宜44"/>
  </way>
  <way id="1230326777">
    <nd ref="2268453622"/>
    <nd ref="2268453621"/>
    <nd ref="2268453611"/>
    <tag k="highway" v="tertiary"/>
    <tag k="name" v="星中路"/>
    <tag k="name:en" v="Xingchung Road"/>
    <tag k="name:zh" v="星中路"/>
    <tag k="ref" v="宜44"/>
    <tag k="ref:en" v="IL44"/>
    <tag k="ref:zh" v="宜44"/>
  </way>
  <way id="1230326778">
    <nd ref="2268453611"/>
    <nd ref="9500049834"/>
    <nd ref="988498840"/>
    <tag k="highway" v="tertiary"/>
    <tag k="name" v="星中路"/>
    <tag k="name:en" v="Xingchung Road"/>
    <tag k="name:zh" v="星中路"/>
    <tag k="ref" v="宜44"/>
    <tag k="ref:en" v="IL44"/>
    <tag k="ref:zh" v="宜44"/>
  </way>
  <way id="1230326779">
    <nd ref="2268453784"/>
    <nd ref="2261122587"/>
    <tag k="highway" v="tertiary"/>
    <tag k="name" v="星中路"/>
    <tag k="name:en" v="Xingchung Road"/>
    <tag k="name:zh" v="星中路"/>
    <tag k="ref" v="宜44"/>
    <tag k="ref:en" v="IL44"/>
    <tag k="ref:zh" v="宜44"/>
  </way>
  <way id="1230326780">
    <nd ref="2261122587"/>
    <nd ref="988498843"/>
    <nd ref="5527907448"/>
    <nd ref="988498844"/>
    <tag k="highway" v="tertiary"/>
    <tag k="name" v="星中路"/>
    <tag k="name:en" v="Xingchung Road"/>
    <tag k="name:zh" v="星中路"/>
    <tag k="ref" v="宜44"/>
    <tag k="ref:en" v="IL44"/>
    <tag k="ref:zh" v="宜44"/>
  </way>
  <way id="1260460168">
    <nd ref="9816992859"/>
    <nd ref="9816992860"/>
    <nd ref="9816992861"/>
    <nd ref="9816992862"/>
    <nd ref="9816992863"/>
    <nd ref="9816992864"/>
    <tag k="highway" v="unclassified"/>
    <tag k="oneway" v="yes"/>
  </way>
  <way id="1260460169">
    <nd ref="9816992864"/>
    <nd ref="11715725389"/>
    <nd ref="2946920535"/>
    <tag k="highway" v="unclassified"/>
    <tag k="oneway" v="yes"/>
  </way>
  <way id="1260460172">
    <nd ref="11715725405"/>
    <nd ref="11715725425"/>
    <nd ref="11715725406"/>
    <nd ref="11715725415"/>
    <nd ref="11715725407"/>
    <nd ref="11715725408"/>
    <nd ref="11715725409"/>
    <nd ref="11715725410"/>
    <tag k="highway" v="service"/>
  </way>
  <way id="1260460177">
    <nd ref="11715725407"/>
    <nd ref="11715725434"/>
    <nd ref="11715725435"/>
    <tag k="highway" v="service"/>
  </way>
  <way id="1260460179">
    <nd ref="11715725456"/>
    <nd ref="11715725457"/>
    <nd ref="11715725458"/>
    <nd ref="11715725459"/>
    <nd ref="11715725460"/>
    <nd ref="11715725461"/>
    <nd ref="11715725462"/>
    <nd ref="11715725463"/>
    <nd ref="11715735274"/>
    <nd ref="11715725464"/>
    <nd ref="11715725465"/>
    <nd ref="11715725466"/>
    <nd ref="11715725467"/>
    <nd ref="11715725468"/>
    <nd ref="11715735269"/>
    <nd ref="11715735270"/>
    <nd ref="11715735271"/>
    <nd ref="11715735272"/>
    <nd ref="11715735273"/>
    <tag k="highway" v="service"/>
  </way>
  <way id="1260460180">
    <nd ref="11715735274"/>
    <nd ref="11715735275"/>
    <nd ref="11715735276"/>
    <nd ref="11715735277"/>
    <nd ref="11715735278"/>
    <nd ref="11715735279"/>
    <nd ref="11715735280"/>
    <tag k="highway" v="service"/>
  </way>
  <way id="1260460181">
    <nd ref="4430971564"/>
    <nd ref="11715735281"/>
    <nd ref="11715735282"/>
    <nd ref="11715735283"/>
    <nd ref="11715735284"/>
    <nd ref="11715735285"/>
    <nd ref="11715735286"/>
    <nd ref="11715735287"/>
    <nd ref="11715735288"/>
    <nd ref="4430971558"/>
    <tag k="highway" v="track"/>
  </way>
  <way id="1260460182">
    <nd ref="11715735289"/>
    <nd ref="11715735290"/>
    <nd ref="11715735291"/>
    <nd ref="11715735292"/>
    <nd ref="11715735293"/>
    <nd ref="11715735294"/>
    <nd ref="11715735295"/>
    <nd ref="11715735296"/>
    <nd ref="11715735297"/>
    <nd ref="11715735298"/>
    <nd ref="11715735299"/>
    <nd ref="11715735300"/>
    <nd ref="11715735301"/>
    <nd ref="11715735302"/>
    <nd ref="11715735303"/>
    <tag k="highway" v="track"/>
  </way>
  <way id="1347716279">
    <nd ref="7437710317"/>
    <nd ref="7437710318"/>
    <nd ref="7437710319"/>
    <nd ref="7437710320"/>
    <nd ref="7437710321"/>
    <nd ref="7437710322"/>
    <nd ref="7437710323"/>
    <nd ref="7437710324"/>
    <nd ref="7437710325"/>
    <nd ref="11158458266"/>
    <nd ref="11158458265"/>
    <tag k="bicycle" v="yes"/>
    <tag k="highway" v="cycleway"/>
    <tag k="name" v="安農溪自行車道"/>
  </way>
  <way id="1347716280">
    <nd ref="7437710316"/>
    <nd ref="7437710317"/>
    <tag k="bicycle" v="yes"/>
    <tag k="bridge" v="yes"/>
    <tag k="highway" v="cycleway"/>
    <tag k="layer" v="1"/>
    <tag k="name" v="安農溪自行車道"/>
  </way>
  <way id="1347716281">
    <nd ref="13527734093"/>
    <nd ref="13004140211"/>
    <nd ref="7437710302"/>
    <nd ref="7437710303"/>
    <nd ref="7437710304"/>
    <nd ref="7437710305"/>
    <nd ref="7437710306"/>
    <nd ref="7437710307"/>
    <nd ref="7437710308"/>
    <nd ref="7437710309"/>
    <nd ref="7437710310"/>
    <nd ref="7437710311"/>
    <nd ref="7437710312"/>
    <nd ref="7437710313"/>
    <nd ref="7437710314"/>
    <nd ref="7437710315"/>
    <nd ref="7437710316"/>
    <tag k="bicycle" v="yes"/>
    <tag k="highway" v="cycleway"/>
    <tag k="name" v="安農溪自行車道"/>
  </way>
  <way id="1364021606">
    <nd ref="12630339062"/>
    <nd ref="12630339063"/>
    <nd ref="12630339064"/>
    <nd ref="12630339065"/>
    <nd ref="12630339066"/>
    <nd ref="12630339067"/>
    <nd ref="12630339068"/>
    <nd ref="4430915539"/>
    <tag k="highway" v="service"/>
  </way>
  <way id="1364021607">
    <nd ref="12630339069"/>
    <nd ref="12630339068"/>
    <tag k="highway" v="service"/>
  </way>
  <way id="1364021608">
    <nd ref="12630339070"/>
    <nd ref="12630339071"/>
    <nd ref="12630339072"/>
    <nd ref="12630339073"/>
    <tag k="highway" v="service"/>
    <tag k="service" v="alley"/>
  </way>
  <way id="1364021609">
    <nd ref="12630339074"/>
    <nd ref="12630339075"/>
    <tag k="highway" v="service"/>
    <tag k="service" v="alley"/>
  </way>
  <way id="1364021610">
    <nd ref="12630339076"/>
    <nd ref="12630339077"/>
    <tag k="highway" v="service"/>
    <tag k="service" v="alley"/>
  </way>
  <way id="1364021611">
    <nd ref="12630339078"/>
    <nd ref="12630339079"/>
    <tag k="highway" v="service"/>
    <tag k="service" v="alley"/>
  </way>
  <way id="1364021612">
    <nd ref="12630339080"/>
    <nd ref="4430915572"/>
    <tag k="highway" v="service"/>
    <tag k="service" v="alley"/>
  </way>
  <way id="1364021618">
    <nd ref="12630339090"/>
    <nd ref="12630339091"/>
    <tag k="highway" v="service"/>
    <tag k="source" v="maxar"/>
  </way>
  <way id="1364047261">
    <nd ref="12630500263"/>
    <nd ref="12630500264"/>
    <nd ref="12630500265"/>
    <nd ref="12630500266"/>
    <nd ref="12630500267"/>
    <nd ref="12630500268"/>
    <nd ref="12630500269"/>
    <nd ref="12630500270"/>
    <tag k="highway" v="service"/>
    <tag k="source" v="maxar"/>
  </way>
  <way id="1364047262">
    <nd ref="12630500271"/>
    <nd ref="12630500272"/>
    <nd ref="12630500273"/>
    <nd ref="12630500274"/>
    <nd ref="12630500275"/>
    <nd ref="4430922869"/>
    <tag k="highway" v="residential"/>
    <tag k="source" v="maxar"/>
  </way>
  <way id="1364047263">
    <nd ref="4431087781"/>
    <nd ref="12630500277"/>
    <nd ref="12630500278"/>
    <tag k="highway" v="residential"/>
    <tag k="source" v="maxar"/>
  </way>
  <way id="1374621335">
    <nd ref="2268453667"/>
    <nd ref="2268453671"/>
    <tag k="bridge" v="yes"/>
    <tag k="highway" v="unclassified"/>
    <tag k="layer" v="1"/>
  </way>
  <way id="1374621336">
    <nd ref="2268453671"/>
    <nd ref="2268453680"/>
    <tag k="highway" v="unclassified"/>
    <tag k="name" v="星光二路"/>
  </way>
  <way id="1376647736">
    <nd ref="12746540324"/>
    <nd ref="12746540325"/>
    <nd ref="12746540326"/>
    <nd ref="12746540327"/>
    <nd ref="12746540328"/>
    <nd ref="12746540329"/>
    <nd ref="12746540330"/>
    <tag k="highway" v="track"/>
    <tag k="source" v="maxar"/>
  </way>
  <way id="1376647737">
    <nd ref="12746540331"/>
    <nd ref="12746540332"/>
    <nd ref="12746540325"/>
    <tag k="highway" v="track"/>
    <tag k="source" v="maxar"/>
  </way>
  <way id="1376647738">
    <nd ref="12746540333"/>
    <nd ref="12746540334"/>
    <nd ref="12746540335"/>
    <nd ref="12746540336"/>
    <nd ref="12746540337"/>
    <nd ref="12746540338"/>
    <nd ref="12746540339"/>
    <nd ref="12746540340"/>
    <nd ref="12746540341"/>
    <nd ref="12746540342"/>
    <nd ref="12746540343"/>
    <nd ref="12746540344"/>
    <nd ref="12746540345"/>
    <nd ref="12746540346"/>
    <nd ref="12746540347"/>
    <nd ref="12746540348"/>
    <nd ref="12746540349"/>
    <nd ref="12746540350"/>
    <nd ref="12746540351"/>
    <nd ref="12746540352"/>
    <nd ref="12746540353"/>
    <nd ref="12746540354"/>
    <nd ref="12746540355"/>
    <nd ref="12746540356"/>
    <nd ref="12746540357"/>
    <nd ref="12746540358"/>
    <nd ref="12746540359"/>
    <nd ref="12746540360"/>
    <nd ref="12746540361"/>
    <nd ref="12746540362"/>
    <nd ref="12746540363"/>
    <nd ref="12746540331"/>
    <nd ref="12746540364"/>
    <tag k="highway" v="track"/>
    <tag k="source" v="maxar"/>
  </way>
  <way id="1414418391">
    <nd ref="12997268972"/>
    <nd ref="12997268973"/>
    <nd ref="12997268974"/>
    <nd ref="12997268975"/>
    <nd ref="12997268976"/>
    <tag k="highway" v="living_street"/>
    <tag k="name" v="行健五路88巷"/>
  </way>
  <way id="1414419054">
    <nd ref="4430959559"/>
    <nd ref="12997257670"/>
    <tag k="highway" v="living_street"/>
    <tag k="name" v="大埔中路309巷51弄"/>
  </way>
  <way id="1415190513">
    <nd ref="9164081527"/>
    <nd ref="13004541867"/>
    <nd ref="13004541866"/>
    <nd ref="13004541865"/>
    <nd ref="13004541864"/>
    <nd ref="13004541863"/>
    <nd ref="13004541862"/>
    <tag k="highway" v="track"/>
  </way>
  <way id="1420731434">
    <nd ref="13056062951"/>
    <nd ref="13056062950"/>
    <nd ref="13056062949"/>
    <nd ref="13056062948"/>
    <nd ref="13056062947"/>
    <tag k="highway" v="track"/>
  </way>
  <way id="1420731435">
    <nd ref="13056062999"/>
    <nd ref="13056062958"/>
    <nd ref="13056062957"/>
    <nd ref="13056062956"/>
    <nd ref="13056062955"/>
    <nd ref="13056062954"/>
    <tag k="highway" v="track"/>
  </way>
  <way id="1420731436">
    <nd ref="7638516087"/>
    <nd ref="13056062927"/>
    <nd ref="13056062928"/>
    <nd ref="13056062929"/>
    <nd ref="13056062930"/>
    <nd ref="13056062931"/>
    <nd ref="13056062932"/>
    <nd ref="13056062933"/>
    <nd ref="13056062934"/>
    <nd ref="13056062935"/>
    <nd ref="13056062936"/>
    <nd ref="13056062937"/>
    <nd ref="13056062938"/>
    <nd ref="13056062951"/>
    <nd ref="13056062952"/>
    <nd ref="13056062953"/>
    <nd ref="13056062954"/>
    <nd ref="13056062946"/>
    <nd ref="13056062945"/>
    <nd ref="13056062944"/>
    <nd ref="13056062943"/>
    <nd ref="13056062942"/>
    <nd ref="13056062941"/>
    <nd ref="13056062940"/>
    <nd ref="13056062939"/>
    <nd ref="13056092912"/>
    <tag k="highway" v="track"/>
  </way>
  <way id="1420731437">
    <nd ref="13056062991"/>
    <nd ref="13056062965"/>
    <nd ref="13056062964"/>
    <nd ref="13056062963"/>
    <nd ref="13056062962"/>
    <nd ref="13056062961"/>
    <nd ref="13056062960"/>
    <nd ref="13056062959"/>
    <tag k="highway" v="track"/>
  </way>
  <way id="1420731438">
    <nd ref="13056062974"/>
    <nd ref="13056062968"/>
    <nd ref="13056062967"/>
    <nd ref="13056062966"/>
    <tag k="highway" v="track"/>
  </way>
  <way id="1420731439">
    <nd ref="13056062983"/>
    <nd ref="13056062976"/>
    <nd ref="13056062975"/>
    <nd ref="13056062974"/>
    <nd ref="13056062973"/>
    <nd ref="13056062972"/>
    <nd ref="13056062971"/>
    <nd ref="13056062970"/>
    <nd ref="13056062969"/>
    <tag k="highway" v="track"/>
  </way>
  <way id="1420731440">
    <nd ref="13056062993"/>
    <nd ref="13056062983"/>
    <nd ref="13056062982"/>
    <nd ref="13056062981"/>
    <nd ref="13056062980"/>
    <nd ref="13056062979"/>
    <nd ref="13056062978"/>
    <nd ref="13056062977"/>
    <tag k="highway" v="track"/>
  </way>
  <way id="1420731441">
    <nd ref="13056092958"/>
    <nd ref="13056092931"/>
    <nd ref="13056092930"/>
    <nd ref="13056092929"/>
    <nd ref="13056092928"/>
    <nd ref="13056092927"/>
    <nd ref="13056092926"/>
    <nd ref="13056092925"/>
    <nd ref="13056092924"/>
    <nd ref="13056092923"/>
    <nd ref="13056092922"/>
    <nd ref="13056092921"/>
    <nd ref="13056092920"/>
    <nd ref="13056092919"/>
    <nd ref="13056092918"/>
    <nd ref="13056092917"/>
    <nd ref="13056092916"/>
    <nd ref="13056092915"/>
    <nd ref="13056092914"/>
    <nd ref="13056092913"/>
    <nd ref="13056092912"/>
    <nd ref="13056092911"/>
    <nd ref="13056092910"/>
    <nd ref="13056092909"/>
    <nd ref="13056092908"/>
    <nd ref="13056092907"/>
    <nd ref="13056092906"/>
    <nd ref="13056092905"/>
    <nd ref="13056092904"/>
    <nd ref="13056092903"/>
    <nd ref="13056092902"/>
    <nd ref="13056092901"/>
    <nd ref="13056063000"/>
    <nd ref="13056062999"/>
    <nd ref="13056062998"/>
    <nd ref="13056062997"/>
    <nd ref="13056062996"/>
    <nd ref="13056062995"/>
    <nd ref="13056062994"/>
    <nd ref="13056062993"/>
    <nd ref="13056062992"/>
    <nd ref="13056062991"/>
    <nd ref="13056062990"/>
    <nd ref="13056062989"/>
    <nd ref="13056062988"/>
    <nd ref="13056062987"/>
    <nd ref="13056062986"/>
    <nd ref="13056062985"/>
    <nd ref="13056062984"/>
    <tag k="highway" v="track"/>
  </way>
  <way id="1420731442">
    <nd ref="13056092948"/>
    <nd ref="13056092941"/>
    <nd ref="13056092940"/>
    <nd ref="13056092939"/>
    <nd ref="13056092938"/>
    <nd ref="13056092937"/>
    <nd ref="13056092936"/>
    <nd ref="13056092935"/>
    <nd ref="13056092934"/>
    <nd ref="13056092933"/>
    <nd ref="13056092932"/>
    <tag k="highway" v="track"/>
  </way>
  <way id="1420731443">
    <nd ref="7454825009"/>
    <nd ref="13056092978"/>
    <nd ref="13056092977"/>
    <nd ref="13056092976"/>
    <nd ref="13056092975"/>
    <nd ref="13056092974"/>
    <nd ref="13056092973"/>
    <nd ref="13056092972"/>
    <nd ref="13056092971"/>
    <nd ref="13056092970"/>
    <nd ref="13056092969"/>
    <nd ref="13056092968"/>
    <nd ref="13056092967"/>
    <nd ref="13056092984"/>
    <nd ref="13056092966"/>
    <nd ref="13056092965"/>
    <nd ref="13056092964"/>
    <nd ref="13056092963"/>
    <nd ref="13056092962"/>
    <nd ref="13056092961"/>
    <nd ref="13056092960"/>
    <nd ref="13056092959"/>
    <nd ref="13056092958"/>
    <nd ref="13056092957"/>
    <nd ref="13056092956"/>
    <nd ref="13056092955"/>
    <nd ref="13056092954"/>
    <nd ref="13056092953"/>
    <nd ref="13056092952"/>
    <nd ref="13056092951"/>
    <nd ref="13056092950"/>
    <nd ref="13056092949"/>
    <nd ref="13056092948"/>
    <nd ref="13056092947"/>
    <nd ref="13056092946"/>
    <nd ref="13056092945"/>
    <nd ref="13056092944"/>
    <nd ref="13056092943"/>
    <nd ref="13056092942"/>
    <tag k="highway" v="unclassified"/>
  </way>
  <way id="1420731444">
    <nd ref="7638516097"/>
    <nd ref="13056092982"/>
    <nd ref="13056092981"/>
    <nd ref="13056092980"/>
    <nd ref="13056092979"/>
    <nd ref="7454824861"/>
    <tag k="highway" v="unclassified"/>
  </way>
  <way id="1421199856">
    <nd ref="9311485902"/>
    <nd ref="13059995064"/>
    <nd ref="13059995065"/>
    <nd ref="13059995066"/>
    <nd ref="13059995067"/>
    <nd ref="13059995068"/>
    <nd ref="13059995069"/>
    <nd ref="13059995070"/>
    <tag k="highway" v="track"/>
    <tag k="tracktype" v="grade5"/>
  </way>
  <way id="1421199858">
    <nd ref="13056092944"/>
    <nd ref="13059995074"/>
    <nd ref="13059995075"/>
    <nd ref="13059995076"/>
    <nd ref="13059995073"/>
    <nd ref="13059995077"/>
    <tag k="highway" v="track"/>
    <tag k="tracktype" v="grade5"/>
  </way>
  <way id="1421757534">
    <nd ref="8886908401"/>
    <nd ref="13065442475"/>
    <nd ref="13065442476"/>
    <nd ref="13065442477"/>
    <nd ref="13065442478"/>
    <nd ref="13065442479"/>
    <nd ref="13065442480"/>
    <nd ref="13065442481"/>
    <nd ref="13065442482"/>
    <nd ref="13065442483"/>
    <nd ref="13065442484"/>
    <tag k="highway" v="track"/>
    <tag k="tracktype" v="grade1"/>
  </way>
  <way id="1421757535">
    <nd ref="13065442484"/>
    <nd ref="13065442485"/>
    <nd ref="13065442486"/>
    <nd ref="13065442489"/>
    <nd ref="13065442487"/>
    <nd ref="13065442488"/>
    <tag k="highway" v="track"/>
  </way>
  <way id="1517651634">
    <nd ref="11158450077"/>
    <nd ref="11158450078"/>
    <nd ref="7561120560"/>
    <nd ref="7561120561"/>
    <nd ref="7561120562"/>
    <nd ref="7561120563"/>
    <nd ref="7561120564"/>
    <nd ref="7561120565"/>
    <nd ref="7561120566"/>
    <nd ref="7561120567"/>
    <nd ref="7561120568"/>
    <nd ref="7561120569"/>
    <nd ref="7561120570"/>
    <nd ref="7561120571"/>
    <nd ref="7561120572"/>
    <nd ref="7561120573"/>
    <nd ref="11158450103"/>
    <nd ref="11158450104"/>
    <nd ref="7561120574"/>
    <nd ref="7561120575"/>
    <nd ref="11158458205"/>
    <nd ref="7561120576"/>
    <nd ref="7561120577"/>
    <nd ref="13853325464"/>
    <tag k="bicycle" v="yes"/>
    <tag k="highway" v="cycleway"/>
    <tag k="name" v="安農溪右岸自行車道"/>
  </way>
  <way id="1517651635">
    <nd ref="7561124292"/>
    <nd ref="13853325463"/>
    <nd ref="13853325462"/>
    <nd ref="13853325461"/>
    <nd ref="13853325460"/>
    <nd ref="7561124294"/>
    <tag k="bicycle" v="yes"/>
    <tag k="bridge" v="yes"/>
    <tag k="highway" v="cycleway"/>
    <tag k="layer" v="1"/>
    <tag k="name" v="安農溪右岸自行車道"/>
    <tag k="oneway" v="no"/>
  </way>
  <way id="1517651637">
    <nd ref="13853325465"/>
    <nd ref="11158458207"/>
    <nd ref="11158458206"/>
    <nd ref="11158458208"/>
    <nd ref="7561120578"/>
    <nd ref="7561120579"/>
    <nd ref="7561120580"/>
    <nd ref="7561120581"/>
    <nd ref="7561120582"/>
    <nd ref="7561120583"/>
    <nd ref="7561120584"/>
    <nd ref="7561124285"/>
    <nd ref="7561124286"/>
    <nd ref="7561124287"/>
    <nd ref="7561124288"/>
    <nd ref="7561124289"/>
    <nd ref="7561124290"/>
    <nd ref="7561124291"/>
    <nd ref="7561124292"/>
    <tag k="bicycle" v="yes"/>
    <tag k="highway" v="cycleway"/>
    <tag k="name" v="安農溪右岸自行車道"/>
  </way>
  <way id="1517651638">
    <nd ref="13853325464"/>
    <nd ref="13853325465"/>
    <tag k="bicycle" v="yes"/>
    <tag k="bridge" v="yes"/>
    <tag k="highway" v="cycleway"/>
    <tag k="layer" v="1"/>
    <tag k="name" v="安農溪右岸自行車道"/>
  </way>
  <way id="1518318906">
    <nd ref="13857994943"/>
    <nd ref="13857994946"/>
    <nd ref="13857994947"/>
    <nd ref="13857994948"/>
    <nd ref="13857994949"/>
    <nd ref="13857994950"/>
    <nd ref="13857994965"/>
    <nd ref="13857994951"/>
    <nd ref="13857994952"/>
    <nd ref="13857994953"/>
    <nd ref="13857994954"/>
    <nd ref="13857994955"/>
    <nd ref="13857994956"/>
    <nd ref="13857994957"/>
    <nd ref="13857994958"/>
    <nd ref="13857994959"/>
    <nd ref="13857994960"/>
    <nd ref="13857996827"/>
    <nd ref="13857994961"/>
    <nd ref="13857994962"/>
    <nd ref="13857994963"/>
    <nd ref="13857994966"/>
    <nd ref="13857994967"/>
    <tag k="foot" v="yes"/>
    <tag k="highway" v="cycleway"/>
    <tag k="oneway" v="no"/>
  </way>
  <way id="1518318907">
    <nd ref="13857994954"/>
    <nd ref="13857994964"/>
    <tag k="foot" v="yes"/>
    <tag k="highway" v="cycleway"/>
    <tag k="oneway" v="no"/>
  </way>
  <way id="1518318908">
    <nd ref="13857994968"/>
    <nd ref="13857994969"/>
    <nd ref="13857994970"/>
    <nd ref="13857994971"/>
    <nd ref="13857994972"/>
    <nd ref="13857994973"/>
    <nd ref="13857994974"/>
    <nd ref="13857994975"/>
    <nd ref="13857994976"/>
    <nd ref="13857994977"/>
    <nd ref="13857994978"/>
    <nd ref="13857994979"/>
    <nd ref="13857994980"/>
    <nd ref="13857994981"/>
    <nd ref="13857994982"/>
    <nd ref="13857994983"/>
    <nd ref="13857994984"/>
    <nd ref="13857994985"/>
    <nd ref="13857994986"/>
    <nd ref="13857994987"/>
    <nd ref="13857994988"/>
    <nd ref="13857994989"/>
    <nd ref="13857994990"/>
    <nd ref="13857994991"/>
    <nd ref="13857994992"/>
    <nd ref="13857994993"/>
    <nd ref="13857994994"/>
    <nd ref="13857994995"/>
    <nd ref="13857994996"/>
    <nd ref="13857994997"/>
    <nd ref="13857994998"/>
    <nd ref="13857994999"/>
    <nd ref="13857995000"/>
    <nd ref="13857996801"/>
    <nd ref="13857996802"/>
    <nd ref="13857996803"/>
    <nd ref="13857996804"/>
    <nd ref="13857996805"/>
    <nd ref="13857996806"/>
    <nd ref="13857996807"/>
    <nd ref="13857996808"/>
    <nd ref="13857996809"/>
    <nd ref="13857996810"/>
    <nd ref="13857996811"/>
    <nd ref="13857996812"/>
    <nd ref="13857996813"/>
    <nd ref="13857996814"/>
    <nd ref="13857996815"/>
    <nd ref="13857996816"/>
    <nd ref="13857996817"/>
    <nd ref="13857996818"/>
    <nd ref="13857996819"/>
    <nd ref="13857996820"/>
    <nd ref="13857996821"/>
    <nd ref="13857996822"/>
    <nd ref="13857996823"/>
    <nd ref="13857996824"/>
    <nd ref="13857996825"/>
    <tag k="foot" v="yes"/>
    <tag k="highway" v="cycleway"/>
    <tag k="oneway" v="no"/>
  </way>
  <way id="1518318910">
    <nd ref="13857996827"/>
    <nd ref="13857996828"/>
    <nd ref="13857996829"/>
    <nd ref="13857996830"/>
    <nd ref="13857996831"/>
    <nd ref="13857996832"/>
    <nd ref="13857994969"/>
    <tag k="foot" v="yes"/>
    <tag k="highway" v="cycleway"/>
  </way>
  <way id="1518321168">
    <nd ref="13858010342"/>
    <nd ref="13858010343"/>
    <nd ref="13858010344"/>
    <nd ref="13858010345"/>
    <nd ref="13858010346"/>
    <nd ref="13858010347"/>
    <nd ref="13858010348"/>
    <nd ref="13858010349"/>
    <nd ref="13858010350"/>
    <nd ref="13858010351"/>
    <nd ref="13858010352"/>
    <nd ref="13858010353"/>
    <nd ref="13858010354"/>
    <nd ref="13858010355"/>
    <nd ref="13858010356"/>
    <nd ref="13858010357"/>
    <nd ref="13858010358"/>
    <nd ref="13858010359"/>
    <nd ref="13858010360"/>
    <nd ref="13858010361"/>
    <nd ref="13858010362"/>
    <nd ref="13858010386"/>
    <nd ref="13858010363"/>
    <nd ref="13858010364"/>
    <nd ref="13858010365"/>
    <nd ref="13858010366"/>
    <nd ref="13858010367"/>
    <nd ref="13858010368"/>
    <nd ref="13858010369"/>
    <tag k="foot" v="yes"/>
    <tag k="highway" v="cycleway"/>
  </way>
  <way id="1518321179">
    <nd ref="13858010377"/>
    <nd ref="13858010378"/>
    <nd ref="13858010379"/>
    <nd ref="13858010380"/>
    <nd ref="13858010381"/>
    <nd ref="13858010382"/>
    <nd ref="13858010383"/>
    <nd ref="13858010384"/>
    <nd ref="13858010385"/>
    <nd ref="13858010386"/>
    <tag k="foot" v="yes"/>
    <tag k="highway" v="cycleway"/>
  </way>
  <way id="1519547499">
    <nd ref="13866367219"/>
    <nd ref="13866367220"/>
    <nd ref="13866367221"/>
    <nd ref="13866367222"/>
    <nd ref="13866367223"/>
    <nd ref="13866367224"/>
    <nd ref="13866367225"/>
    <nd ref="13866367226"/>
    <nd ref="13866367227"/>
    <nd ref="13866367228"/>
    <nd ref="13866367229"/>
    <nd ref="13866367230"/>
    <nd ref="13866367231"/>
    <nd ref="13866367232"/>
    <nd ref="13866367233"/>
    <nd ref="13866367234"/>
    <nd ref="13866367235"/>
    <nd ref="13866367236"/>
    <nd ref="13866367237"/>
    <nd ref="13866367238"/>
    <nd ref="13866367239"/>
    <nd ref="13866367240"/>
    <nd ref="13866367241"/>
    <nd ref="13866367242"/>
    <nd ref="13866367243"/>
    <nd ref="13866367244"/>
    <nd ref="13866367245"/>
    <nd ref="13866367246"/>
    <nd ref="13866367247"/>
    <nd ref="13866367248"/>
    <nd ref="13866367249"/>
    <nd ref="13866367250"/>
    <nd ref="13866367251"/>
    <nd ref="13866367252"/>
    <nd ref="13866367253"/>
    <nd ref="13866367254"/>
    <nd ref="13866367255"/>
    <nd ref="13866367256"/>
    <nd ref="13866367257"/>
    <nd ref="13866367258"/>
    <tag k="foot" v="yes"/>
    <tag k="highway" v="cycleway"/>
    <tag k="oneway" v="no"/>
  </way>
  <way id="1519547503">
    <nd ref="13866367262"/>
    <nd ref="13866367263"/>
    <nd ref="13866367264"/>
    <nd ref="13866367265"/>
    <nd ref="13866367266"/>
    <nd ref="13866367267"/>
    <nd ref="13866367268"/>
    <nd ref="13866367269"/>
    <nd ref="13866367270"/>
    <nd ref="13866367271"/>
    <nd ref="13866367272"/>
    <nd ref="13866367273"/>
    <nd ref="13866367274"/>
    <nd ref="13866367275"/>
    <nd ref="13866367276"/>
    <nd ref="13866367277"/>
    <nd ref="13866367278"/>
    <nd ref="13866367279"/>
    <nd ref="13866367280"/>
    <nd ref="13866367281"/>
    <tag k="foot" v="yes"/>
    <tag k="highway" v="cycleway"/>
    <tag k="oneway" v="no"/>
  </way>
  <way id="1519562487">
    <nd ref="13866442631"/>
    <nd ref="13866442632"/>
    <nd ref="13866442633"/>
    <nd ref="13866442634"/>
    <nd ref="13866442635"/>
    <nd ref="13866442636"/>
    <nd ref="13866442637"/>
    <nd ref="13866442638"/>
    <nd ref="13866442639"/>
    <nd ref="13866442640"/>
    <tag k="foot" v="yes"/>
    <tag k="highway" v="cycleway"/>
    <tag k="oneway" v="no"/>
  </way>
  <way id="1519562494">
    <nd ref="13866442647"/>
    <nd ref="13866442648"/>
    <nd ref="13866442649"/>
    <nd ref="13866442650"/>
    <nd ref="13866442651"/>
    <nd ref="13866442652"/>
    <nd ref="13866442653"/>
    <nd ref="13866442654"/>
    <nd ref="13866442655"/>
    <nd ref="13866442656"/>
    <nd ref="13866442657"/>
    <nd ref="13866442658"/>
    <nd ref="13866442659"/>
    <nd ref="13866442660"/>
    <nd ref="3707841658"/>
    <tag k="foot" v="yes"/>
    <tag k="highway" v="cycleway"/>
    <tag k="oneway" v="no"/>
  </way>
  <way id="1519562503">
    <nd ref="3707841658"/>
    <nd ref="13866442666"/>
    <nd ref="13866442667"/>
    <nd ref="13866442668"/>
    <nd ref="13866442669"/>
    <nd ref="13866442670"/>
    <nd ref="13866442671"/>
    <nd ref="13866442672"/>
    <nd ref="13866442673"/>
    <nd ref="13866442674"/>
    <nd ref="13866442675"/>
    <nd ref="13866442676"/>
    <nd ref="13866442677"/>
    <nd ref="13866442678"/>
    <nd ref="13866442679"/>
    <tag k="foot" v="yes"/>
    <tag k="highway" v="cycleway"/>
    <tag k="oneway" v="no"/>
  </way>
  <way id="1519562510">
    <nd ref="4430915541"/>
    <nd ref="13866442682"/>
    <nd ref="13866442683"/>
    <nd ref="13866442684"/>
    <nd ref="13866442685"/>
    <nd ref="13866442686"/>
    <nd ref="13866442687"/>
    <nd ref="13866442688"/>
    <nd ref="13866442689"/>
    <tag k="highway" v="service"/>
  </way>
  <way id="1526140319">
    <nd ref="13909984808"/>
    <nd ref="13909984809"/>
    <nd ref="13909984810"/>
    <nd ref="13909984811"/>
    <nd ref="13909984812"/>
    <nd ref="13909984813"/>
    <nd ref="13909984814"/>
    <nd ref="13909984815"/>
    <nd ref="13909984816"/>
    <nd ref="13909984817"/>
    <nd ref="3707841599"/>
    <tag k="foot" v="yes"/>
    <tag k="highway" v="cycleway"/>
  </way>
  <way id="1526140320">
    <nd ref="3707841599"/>
    <nd ref="13909984818"/>
    <nd ref="13909984819"/>
    <nd ref="13909984820"/>
    <nd ref="13909984821"/>
    <nd ref="13909984822"/>
    <nd ref="13909984823"/>
    <nd ref="13909984824"/>
    <nd ref="13909984825"/>
    <nd ref="13909984826"/>
    <nd ref="13909984827"/>
    <nd ref="13909984828"/>
    <nd ref="13909984829"/>
    <nd ref="13909984830"/>
    <nd ref="13909984831"/>
    <nd ref="3707841591"/>
    <tag k="foot" v="yes"/>
    <tag k="highway" v="cycleway"/>
  </way>
  <way id="1526144068">
    <nd ref="7561124335"/>
    <nd ref="13910006846"/>
    <nd ref="13910006847"/>
    <nd ref="13910006848"/>
    <nd ref="13910006849"/>
    <nd ref="13910006850"/>
    <nd ref="13910006851"/>
    <nd ref="13910006852"/>
    <nd ref="13910006853"/>
    <nd ref="13910006854"/>
    <nd ref="13910006855"/>
    <nd ref="13910006856"/>
    <nd ref="13910006857"/>
    <nd ref="13910006858"/>
    <nd ref="13910006859"/>
    <nd ref="13910006860"/>
    <nd ref="13910006861"/>
    <nd ref="13910006862"/>
    <nd ref="13910006863"/>
    <nd ref="13910006864"/>
    <nd ref="13910006865"/>
    <nd ref="13910006866"/>
    <nd ref="13910006867"/>
    <nd ref="13910006868"/>
    <nd ref="13910006869"/>
    <nd ref="13910006870"/>
    <nd ref="13910006871"/>
    <nd ref="13910006872"/>
    <nd ref="13910006873"/>
    <nd ref="13910006874"/>
    <nd ref="13910006875"/>
    <nd ref="13910006876"/>
    <nd ref="13910006877"/>
    <nd ref="13910006878"/>
    <nd ref="13910006879"/>
    <nd ref="13910006880"/>
    <nd ref="13910006881"/>
    <nd ref="13910006882"/>
    <nd ref="13910006883"/>
    <nd ref="2268453599"/>
    <tag k="foot" v="yes"/>
    <tag k="highway" v="cycleway"/>
  </way>
  <way id="1558284597">
    <nd ref="14174991447"/>
    <nd ref="14174991448"/>
    <nd ref="14174991449"/>
    <nd ref="14174991450"/>
    <tag k="highway" v="track"/>
  </way>
  <way id="1558284615">
    <nd ref="5810251510"/>
    <nd ref="14174992966"/>
    <tag k="highway" v="service"/>
  </way>
  <way id="1558492389">
    <nd ref="14177536176"/>
    <nd ref="14177536177"/>
    <nd ref="14177536178"/>
    <tag k="highway" v="residential"/>
  </way>
  <way id="1558492390">
    <nd ref="14177536180"/>
    <nd ref="14177536181"/>
    <tag k="highway" v="residential"/>
  </way>
  <way id="1558492391">
    <nd ref="14177536182"/>
    <nd ref="14177536183"/>
    <nd ref="14177536184"/>
    <nd ref="14177536185"/>
    <nd ref="14177536186"/>
    <nd ref="14177536187"/>
    <nd ref="14177536188"/>
    <tag k="highway" v="service"/>
  </way>
</osm>
